solute_smiles,solvent_smiles,temperature,temperature_units,experimental_logS [mol/L]
C1=CC=C2C(=C1)C(=O)C3=CC=CC=C3S2,C1COCCO1,298.15,K,-1.1350747656091
C1=CC=C2C(=C1)C(=O)C3=CC=CC=C3S2,C1CCOC1,298.15,K,-0.939596159355037
C1=CC(=CC=C1C(=O)O)[N+](=O)[O-],CCCOCCO,298.15,K,-0.653353339293784
C1=CC(=CC=C1C(=O)O)[N+](=O)[O-],CCCCOCCO,298.15,K,-0.70906971409327
C1=CC(=CC=C1C(=O)O)[N+](=O)[O-],COC(C)CCO,298.15,K,-0.621708728148482
C1=CC(=CC=C1C(=O)O)[N+](=O)[O-],CC(C)OCCO,298.15,K,-0.600610357778858
C1=CC(=CC=C1C(=O)O)[N+](=O)[O-],CCOCCO,298.15,K,-0.495792203491257
C1=CC(=CC=C1C(=O)O)[N+](=O)[O-],CC(O)COC(C)(C)C,298.15,K,-0.654591643752229
CC1=C(C(=O)N2CCCCC2=N1)CCN3CCC(CC3)C4=NOC5=C4C=CC(=C5)F,CCO,313.15,K,-1.15552011110427
CC1=C(C(=O)N2CCCCC2=N1)CCN3CCC(CC3)C4=NOC5=C4C=CC(=C5)F,CCOC(C)=O,288.15,K,-1.7630821410807
CC1=C(C(=O)N2CCCCC2=N1)CCN3CCC(CC3)C4=NOC5=C4C=CC(=C5)F,CCCO,298.15,K,-1.38943496500197
CC1=C(C(=O)N2CCCCC2=N1)CCN3CCC(CC3)C4=NOC5=C4C=CC(=C5)F,CC(C)O,323.15,K,-1.24558471265391
CC1=C(C(=O)N2CCCCC2=N1)CCN3CCC(CC3)C4=NOC5=C4C=CC(=C5)F,CCOC(C)=O,313.15,K,-1.40105205530663
CC1=C(C(=O)N2CCCCC2=N1)CCN3CCC(CC3)C4=NOC5=C4C=CC(=C5)F,CCO,298.15,K,-1.46448526429402
CC1=C(C(=O)N2CCCCC2=N1)CCN3CCC(CC3)C4=NOC5=C4C=CC(=C5)F,CO,293.15,K,-1.08876121844517
CC1=C(C(=O)N2CCCCC2=N1)CCN3CCC(CC3)C4=NOC5=C4C=CC(=C5)F,CCCO,293.15,K,-1.49633564398116
CC1=C(C(=O)N2CCCCC2=N1)CCN3CCC(CC3)C4=NOC5=C4C=CC(=C5)F,CCCCO,303.15,K,-1.31753677191653
CC1=C(C(=O)N2CCCCC2=N1)CCN3CCC(CC3)C4=NOC5=C4C=CC(=C5)F,CCOC(C)=O,303.15,K,-1.57532061000845
CC1=C(C(=O)N2CCCCC2=N1)CCN3CCC(CC3)C4=NOC5=C4C=CC(=C5)F,CC(C)=O,298.15,K,-1.62463328424958
CC1=C(C(=O)N2CCCCC2=N1)CCN3CCC(CC3)C4=NOC5=C4C=CC(=C5)F,CCCO,303.15,K,-1.29507149198404
CC1=C(C(=O)N2CCCCC2=N1)CCN3CCC(CC3)C4=NOC5=C4C=CC(=C5)F,Cc1ccccc1,288.15,K,-1.30468960057971
CC1=C(C(=O)N2CCCCC2=N1)CCN3CCC(CC3)C4=NOC5=C4C=CC(=C5)F,CCO,323.15,K,-0.949755828093003
CC1=C(C(=O)N2CCCCC2=N1)CCN3CCC(CC3)C4=NOC5=C4C=CC(=C5)F,CCCO,278.15,K,-1.72333815013963
CC1=C(C(=O)N2CCCCC2=N1)CCN3CCC(CC3)C4=NOC5=C4C=CC(=C5)F,CC(C)=O,293.15,K,-1.7094701112567
CC1=C(C(=O)N2CCCCC2=N1)CCN3CCC(CC3)C4=NOC5=C4C=CC(=C5)F,CO,283.15,K,-1.2389284095371
CC1=C(C(=O)N2CCCCC2=N1)CCN3CCC(CC3)C4=NOC5=C4C=CC(=C5)F,CCO,303.15,K,-1.375194289498
CC1=C(C(=O)N2CCCCC2=N1)CCN3CCC(CC3)C4=NOC5=C4C=CC(=C5)F,CCCCO,298.15,K,-1.4193367850072
CC1=C(C(=O)N2CCCCC2=N1)CCN3CCC(CC3)C4=NOC5=C4C=CC(=C5)F,CC(C)c1ccccc1,298.15,K,-1.72893366471679
CC1=C(C(=O)N2CCCCC2=N1)CCN3CCC(CC3)C4=NOC5=C4C=CC(=C5)F,CO,303.15,K,-0.922072521578624
CC1=C(C(=O)N2CCCCC2=N1)CCN3CCC(CC3)C4=NOC5=C4C=CC(=C5)F,CC(C)=O,323.15,K,-1.17724649805903
CC1=C(C(=O)N2CCCCC2=N1)CCN3CCC(CC3)C4=NOC5=C4C=CC(=C5)F,CC(C)=O,303.15,K,-1.53014471509665
CC1=C(C(=O)N2CCCCC2=N1)CCN3CCC(CC3)C4=NOC5=C4C=CC(=C5)F,CO,313.15,K,-0.727321099821243
CC1=C(C(=O)N2CCCCC2=N1)CCN3CCC(CC3)C4=NOC5=C4C=CC(=C5)F,CO,298.15,K,-1.00736202353699
CC1=C(C(=O)N2CCCCC2=N1)CCN3CCC(CC3)C4=NOC5=C4C=CC(=C5)F,CCCCO,318.15,K,-0.984413950581014
CC1=C(C(=O)N2CCCCC2=N1)CCN3CCC(CC3)C4=NOC5=C4C=CC(=C5)F,CCO,283.15,K,-1.72736582637489
CC1=C(C(=O)N2CCCCC2=N1)CCN3CCC(CC3)C4=NOC5=C4C=CC(=C5)F,CC(C)O,278.15,K,-2.31926828676098
CC1=C(C(=O)N2CCCCC2=N1)CCN3CCC(CC3)C4=NOC5=C4C=CC(=C5)F,CCCO,283.15,K,-1.67818783696473
CC1=C(C(=O)N2CCCCC2=N1)CCN3CCC(CC3)C4=NOC5=C4C=CC(=C5)F,CCO,278.15,K,-1.77629018106174
CC1=C(C(=O)N2CCCCC2=N1)CCN3CCC(CC3)C4=NOC5=C4C=CC(=C5)F,CCCCO,313.15,K,-1.08990504614938
CC1=C(C(=O)N2CCCCC2=N1)CCN3CCC(CC3)C4=NOC5=C4C=CC(=C5)F,CCO,293.15,K,-1.58060941854504
CC1=C(C(=O)N2CCCCC2=N1)CCN3CCC(CC3)C4=NOC5=C4C=CC(=C5)F,CC(C)=O,313.15,K,-1.35007053256078
CC1=C(C(=O)N2CCCCC2=N1)CCN3CCC(CC3)C4=NOC5=C4C=CC(=C5)F,Cc1ccccc1,283.15,K,-1.39849942085009
CC1=C(C(=O)N2CCCCC2=N1)CCN3CCC(CC3)C4=NOC5=C4C=CC(=C5)F,CO,308.15,K,-0.823066648344419
CC1=C(C(=O)N2CCCCC2=N1)CCN3CCC(CC3)C4=NOC5=C4C=CC(=C5)F,CC(C)O,298.15,K,-1.87124357817784
CC1=C(C(=O)N2CCCCC2=N1)CCN3CCC(CC3)C4=NOC5=C4C=CC(=C5)F,CC(C)O,308.15,K,-1.58244213644961
CC1=C(C(=O)N2CCCCC2=N1)CCN3CCC(CC3)C4=NOC5=C4C=CC(=C5)F,CC(C)c1ccccc1,293.15,K,-1.80303075200281
CC1=C(C(=O)N2CCCCC2=N1)CCN3CCC(CC3)C4=NOC5=C4C=CC(=C5)F,CC(C)O,303.15,K,-1.75401638786722
CC1=C(C(=O)N2CCCCC2=N1)CCN3CCC(CC3)C4=NOC5=C4C=CC(=C5)F,CCOC(C)=O,298.15,K,-1.65414196393473
CC1=C(C(=O)N2CCCCC2=N1)CCN3CCC(CC3)C4=NOC5=C4C=CC(=C5)F,CO,288.15,K,-1.16857348937973
CC1=C(C(=O)N2CCCCC2=N1)CCN3CCC(CC3)C4=NOC5=C4C=CC(=C5)F,CCCCO,323.15,K,-0.875341730262789
CC1=C(C(=O)N2CCCCC2=N1)CCN3CCC(CC3)C4=NOC5=C4C=CC(=C5)F,CC(C)O,293.15,K,-2.03774265889098
CC1=C(C(=O)N2CCCCC2=N1)CCN3CCC(CC3)C4=NOC5=C4C=CC(=C5)F,CC(C)=O,278.15,K,-1.92686437924842
CC1=C(C(=O)N2CCCCC2=N1)CCN3CCC(CC3)C4=NOC5=C4C=CC(=C5)F,CC(C)c1ccccc1,283.15,K,-1.97206544804948
CC1=C(C(=O)N2CCCCC2=N1)CCN3CCC(CC3)C4=NOC5=C4C=CC(=C5)F,CCOC(C)=O,323.15,K,-1.24218792299811
CC1=C(C(=O)N2CCCCC2=N1)CCN3CCC(CC3)C4=NOC5=C4C=CC(=C5)F,CC(C)O,283.15,K,-2.21517702683453
CC1=C(C(=O)N2CCCCC2=N1)CCN3CCC(CC3)C4=NOC5=C4C=CC(=C5)F,CC(C)c1ccccc1,288.15,K,-1.82531336684249
CC1=C(C(=O)N2CCCCC2=N1)CCN3CCC(CC3)C4=NOC5=C4C=CC(=C5)F,CC(C)c1ccccc1,308.15,K,-1.57441391323889
CC1=C(C(=O)N2CCCCC2=N1)CCN3CCC(CC3)C4=NOC5=C4C=CC(=C5)F,CCCO,318.15,K,-0.957340162361221
CC1=C(C(=O)N2CCCCC2=N1)CCN3CCC(CC3)C4=NOC5=C4C=CC(=C5)F,Cc1ccccc1,313.15,K,-0.961162568981992
CC1=C(C(=O)N2CCCCC2=N1)CCN3CCC(CC3)C4=NOC5=C4C=CC(=C5)F,CC(C)c1ccccc1,303.15,K,-1.65765141307765
CC1=C(C(=O)N2CCCCC2=N1)CCN3CCC(CC3)C4=NOC5=C4C=CC(=C5)F,CO,318.15,K,-0.620307025951653
CC1=C(C(=O)N2CCCCC2=N1)CCN3CCC(CC3)C4=NOC5=C4C=CC(=C5)F,CC(C)=O,308.15,K,-1.42012719395923
CC1=C(C(=O)N2CCCCC2=N1)CCN3CCC(CC3)C4=NOC5=C4C=CC(=C5)F,CCOC(C)=O,278.15,K,-1.91714007420241
CC1=C(C(=O)N2CCCCC2=N1)CCN3CCC(CC3)C4=NOC5=C4C=CC(=C5)F,CCCO,313.15,K,-1.06562365154124
CC1=C(C(=O)N2CCCCC2=N1)CCN3CCC(CC3)C4=NOC5=C4C=CC(=C5)F,CC(C)=O,283.15,K,-1.88139811825037
CC1=C(C(=O)N2CCCCC2=N1)CCN3CCC(CC3)C4=NOC5=C4C=CC(=C5)F,CC(C)=O,288.15,K,-1.75810181714835
CC1=C(C(=O)N2CCCCC2=N1)CCN3CCC(CC3)C4=NOC5=C4C=CC(=C5)F,CCCO,308.15,K,-1.16447903371897
CC1=C(C(=O)N2CCCCC2=N1)CCN3CCC(CC3)C4=NOC5=C4C=CC(=C5)F,CCO,318.15,K,-1.07051899082298
CC1=C(C(=O)N2CCCCC2=N1)CCN3CCC(CC3)C4=NOC5=C4C=CC(=C5)F,CCO,288.15,K,-1.6457653798491
CC1=C(C(=O)N2CCCCC2=N1)CCN3CCC(CC3)C4=NOC5=C4C=CC(=C5)F,CO,323.15,K,-0.508742426499779
CC1=C(C(=O)N2CCCCC2=N1)CCN3CCC(CC3)C4=NOC5=C4C=CC(=C5)F,CC(C)c1ccccc1,313.15,K,-1.4683994709488
CC1=C(C(=O)N2CCCCC2=N1)CCN3CCC(CC3)C4=NOC5=C4C=CC(=C5)F,CC(C)O,313.15,K,-1.48898545900066
CC1=C(C(=O)N2CCCCC2=N1)CCN3CCC(CC3)C4=NOC5=C4C=CC(=C5)F,Cc1ccccc1,323.15,K,-0.810949530133915
CC1=C(C(=O)N2CCCCC2=N1)CCN3CCC(CC3)C4=NOC5=C4C=CC(=C5)F,CCCO,288.15,K,-1.57603766208152
CC1=C(C(=O)N2CCCCC2=N1)CCN3CCC(CC3)C4=NOC5=C4C=CC(=C5)F,CCCCO,278.15,K,-1.77266014857406
CC1=C(C(=O)N2CCCCC2=N1)CCN3CCC(CC3)C4=NOC5=C4C=CC(=C5)F,CCOC(C)=O,293.15,K,-1.72238299976166
CC1=C(C(=O)N2CCCCC2=N1)CCN3CCC(CC3)C4=NOC5=C4C=CC(=C5)F,CCCO,323.15,K,-0.844689467732754
CC1=C(C(=O)N2CCCCC2=N1)CCN3CCC(CC3)C4=NOC5=C4C=CC(=C5)F,CCCCO,293.15,K,-1.54021049695766
CC1=C(C(=O)N2CCCCC2=N1)CCN3CCC(CC3)C4=NOC5=C4C=CC(=C5)F,CC(C)c1ccccc1,318.15,K,-1.41149879411904
CC1=C(C(=O)N2CCCCC2=N1)CCN3CCC(CC3)C4=NOC5=C4C=CC(=C5)F,Cc1ccccc1,298.15,K,-1.20020558664491
CC1=C(C(=O)N2CCCCC2=N1)CCN3CCC(CC3)C4=NOC5=C4C=CC(=C5)F,CCO,308.15,K,-1.25311789700589
CC1=C(C(=O)N2CCCCC2=N1)CCN3CCC(CC3)C4=NOC5=C4C=CC(=C5)F,CCOC(C)=O,308.15,K,-1.47775873637146
CC1=C(C(=O)N2CCCCC2=N1)CCN3CCC(CC3)C4=NOC5=C4C=CC(=C5)F,CCOC(C)=O,283.15,K,-1.87704695543106
CC1=C(C(=O)N2CCCCC2=N1)CCN3CCC(CC3)C4=NOC5=C4C=CC(=C5)F,CC(C)=O,318.15,K,-1.2591862901735
CC1=C(C(=O)N2CCCCC2=N1)CCN3CCC(CC3)C4=NOC5=C4C=CC(=C5)F,CCOC(C)=O,318.15,K,-1.31719920828777
CC1=C(C(=O)N2CCCCC2=N1)CCN3CCC(CC3)C4=NOC5=C4C=CC(=C5)F,CCCCO,283.15,K,-1.71838036917938
CC1=C(C(=O)N2CCCCC2=N1)CCN3CCC(CC3)C4=NOC5=C4C=CC(=C5)F,CC(C)c1ccccc1,278.15,K,-2.05090590756942
CC1=C(C(=O)N2CCCCC2=N1)CCN3CCC(CC3)C4=NOC5=C4C=CC(=C5)F,Cc1ccccc1,293.15,K,-1.27627291907916
CC1=C(C(=O)N2CCCCC2=N1)CCN3CCC(CC3)C4=NOC5=C4C=CC(=C5)F,CO,278.15,K,-1.29336152656276
CC1=C(C(=O)N2CCCCC2=N1)CCN3CCC(CC3)C4=NOC5=C4C=CC(=C5)F,CCCCO,308.15,K,-1.19212369972535
CC1=C(C(=O)N2CCCCC2=N1)CCN3CCC(CC3)C4=NOC5=C4C=CC(=C5)F,Cc1ccccc1,308.15,K,-1.02970364157427
CC1=C(C(=O)N2CCCCC2=N1)CCN3CCC(CC3)C4=NOC5=C4C=CC(=C5)F,CC(C)O,318.15,K,-1.38971721790377
CC1=C(C(=O)N2CCCCC2=N1)CCN3CCC(CC3)C4=NOC5=C4C=CC(=C5)F,CC(C)c1ccccc1,323.15,K,-1.33574248957129
CC1=C(C(=O)N2CCCCC2=N1)CCN3CCC(CC3)C4=NOC5=C4C=CC(=C5)F,CC(C)O,288.15,K,-2.10217117698609
CC1=C(C(=O)N2CCCCC2=N1)CCN3CCC(CC3)C4=NOC5=C4C=CC(=C5)F,Cc1ccccc1,303.15,K,-1.12423534241647
CC1=C(C(=O)N2CCCCC2=N1)CCN3CCC(CC3)C4=NOC5=C4C=CC(=C5)F,Cc1ccccc1,318.15,K,-0.885757327031568
CC1=C(C(=O)N2CCCCC2=N1)CCN3CCC(CC3)C4=NOC5=C4C=CC(=C5)F,CCCCO,288.15,K,-1.61584942888816
CC1=C(C(=O)N2CCCCC2=N1)CCN3CCC(CC3)C4=NOC5=C4C=CC(=C5)F,Cc1ccccc1,278.15,K,-1.4377688719487
C1=CC=C2C(=C1)NC(=N2)C3=CSC=N3,CC#N,283.15,K,-2.66535073279379
C1=CC=C2C(=C1)NC(=N2)C3=CSC=N3,CC#N,288.15,K,-2.63630349693536
C1=CC=C2C(=C1)NC(=N2)C3=CSC=N3,CC#N,293.15,K,-2.55823416625764
C1=CC=C2C(=C1)NC(=N2)C3=CSC=N3,CC#N,298.15,K,-2.54439145913963
C1=CC=C2C(=C1)NC(=N2)C3=CSC=N3,CC#N,303.15,K,-2.40608778752658
C1=CC=C2C(=C1)NC(=N2)C3=CSC=N3,CC#N,308.15,K,-2.32452285031939
C1=CC=C2C(=C1)NC(=N2)C3=CSC=N3,CC#N,313.15,K,-2.24112759685841
C1=CC=C2C(=C1)NC(=N2)C3=CSC=N3,CC#N,318.15,K,-2.20436263436363
C1=CC=C2C(=C1)NC(=N2)C3=CSC=N3,COC(C)=O,283.15,K,-2.31484431504174
C1=CC=C2C(=C1)NC(=N2)C3=CSC=N3,CC#N,323.15,K,-2.13222477980176
C1=CC=C2C(=C1)NC(=N2)C3=CSC=N3,CCOC(C)=O,283.15,K,-2.34583542138999
C1=CC=C2C(=C1)NC(=N2)C3=CSC=N3,CCCCOC(C)=O,283.15,K,-2.46895309912621
C1=CC=C2C(=C1)NC(=N2)C3=CSC=N3,COC(C)=O,288.15,K,-2.18718882807792
C1=CC=C2C(=C1)NC(=N2)C3=CSC=N3,CCOC(C)=O,288.15,K,-2.26891941907879
C1=CC=C2C(=C1)NC(=N2)C3=CSC=N3,CCCCOC(C)=O,288.15,K,-2.38115992152365
C1=CC=C2C(=C1)NC(=N2)C3=CSC=N3,CC(C)=O,283.15,K,-2.07751629706921
C1=CC=C2C(=C1)NC(=N2)C3=CSC=N3,COC(C)=O,293.15,K,-2.11823755528691
C1=CC=C2C(=C1)NC(=N2)C3=CSC=N3,COC(C)=O,298.15,K,-2.09710738672466
C1=CC=C2C(=C1)NC(=N2)C3=CSC=N3,CCOC(C)=O,293.15,K,-2.18526107003379
C1=CC=C2C(=C1)NC(=N2)C3=CSC=N3,CCCCOC(C)=O,293.15,K,-2.30949554878074
C1=CC=C2C(=C1)NC(=N2)C3=CSC=N3,CC(C)O,283.15,K,-2.0336025944872
C1=CC=C2C(=C1)NC(=N2)C3=CSC=N3,CCOC(C)=O,298.15,K,-2.14147113599007
C1=CC=C2C(=C1)NC(=N2)C3=CSC=N3,CC(C)=O,288.15,K,-2.01040121721616
C1=CC=C2C(=C1)NC(=N2)C3=CSC=N3,CCCCOC(C)=O,298.15,K,-2.26042438696864
C1=CC=C2C(=C1)NC(=N2)C3=CSC=N3,COC(C)=O,303.15,K,-2.02878222188207
C1=CC=C2C(=C1)NC(=N2)C3=CSC=N3,CC(C)O,288.15,K,-1.99841114231882
C1=CC=C2C(=C1)NC(=N2)C3=CSC=N3,CC(C)=O,293.15,K,-1.96433257056148
C1=CC=C2C(=C1)NC(=N2)C3=CSC=N3,COC(C)=O,308.15,K,-1.99718159733413
C1=CC=C2C(=C1)NC(=N2)C3=CSC=N3,CCOC(C)=O,303.15,K,-2.07917105207304
C1=CC=C2C(=C1)NC(=N2)C3=CSC=N3,CCCCOC(C)=O,303.15,K,-2.18014572530666
C1=CC=C2C(=C1)NC(=N2)C3=CSC=N3,CC(C)O,293.15,K,-1.93317279210182
C1=CC=C2C(=C1)NC(=N2)C3=CSC=N3,COC(C)=O,313.15,K,-1.95773781889513
C1=CC=C2C(=C1)NC(=N2)C3=CSC=N3,CC(C)CO,283.15,K,-2.00445054191654
C1=CC=C2C(=C1)NC(=N2)C3=CSC=N3,CC(C)=O,298.15,K,-1.89778920083824
C1=CC=C2C(=C1)NC(=N2)C3=CSC=N3,COC(C)=O,318.15,K,-1.93964077655955
C1=CC=C2C(=C1)NC(=N2)C3=CSC=N3,CC(C)O,298.15,K,-1.90474777352598
C1=CC=C2C(=C1)NC(=N2)C3=CSC=N3,CCOC(C)=O,308.15,K,-2.01806241882033
C1=CC=C2C(=C1)NC(=N2)C3=CSC=N3,CCCCOC(C)=O,308.15,K,-2.13868666290379
C1=CC=C2C(=C1)NC(=N2)C3=CSC=N3,CC(C)CO,288.15,K,-1.94686071392323
C1=CC=C2C(=C1)NC(=N2)C3=CSC=N3,CC(C)=O,303.15,K,-1.85113935162861
C1=CC=C2C(=C1)NC(=N2)C3=CSC=N3,CCOC(C)=O,313.15,K,-1.96291413737781
C1=CC=C2C(=C1)NC(=N2)C3=CSC=N3,CCCCOC(C)=O,313.15,K,-2.07382146044263
C1=CC=C2C(=C1)NC(=N2)C3=CSC=N3,CCOC(C)=O,318.15,K,-1.94121627097326
C1=CC=C2C(=C1)NC(=N2)C3=CSC=N3,COC(C)=O,323.15,K,-1.85310660488576
C1=CC=C2C(=C1)NC(=N2)C3=CSC=N3,CC(C)O,303.15,K,-1.81575156134423
C1=CC=C2C(=C1)NC(=N2)C3=CSC=N3,CC(C)=O,308.15,K,-1.7975218187929
C1=CC=C2C(=C1)NC(=N2)C3=CSC=N3,CCC(C)=O,283.15,K,-1.86838409395706
C1=CC=C2C(=C1)NC(=N2)C3=CSC=N3,CCCCOC(C)=O,318.15,K,-2.04797233814148
C1=CC=C2C(=C1)NC(=N2)C3=CSC=N3,CC(C)CO,293.15,K,-1.87332621351126
C1=CC=C2C(=C1)NC(=N2)C3=CSC=N3,CCOC(C)=O,323.15,K,-1.90550190194886
C1=CC=C2C(=C1)NC(=N2)C3=CSC=N3,CCO,283.15,K,-1.65349265070271
C1=CC=C2C(=C1)NC(=N2)C3=CSC=N3,CO,283.15,K,-1.47853649264198
C1=CC=C2C(=C1)NC(=N2)C3=CSC=N3,CC(C)O,308.15,K,-1.75605166837108
C1=CC=C2C(=C1)NC(=N2)C3=CSC=N3,CCCCOC(C)=O,323.15,K,-2.00020802510533
C1=CC=C2C(=C1)NC(=N2)C3=CSC=N3,CCC(C)=O,288.15,K,-1.81171748263004
C1=CC=C2C(=C1)NC(=N2)C3=CSC=N3,CCCO,283.15,K,-1.73092598053188
C1=CC=C2C(=C1)NC(=N2)C3=CSC=N3,CC(C)=O,313.15,K,-1.73331498602845
C1=CC=C2C(=C1)NC(=N2)C3=CSC=N3,CCO,288.15,K,-1.61593856022703
C1=CC=C2C(=C1)NC(=N2)C3=CSC=N3,CO,288.15,K,-1.45203278640725
C1=CC=C2C(=C1)NC(=N2)C3=CSC=N3,CC(C)CO,298.15,K,-1.80649820609887
C1=CC=C2C(=C1)NC(=N2)C3=CSC=N3,CCCO,288.15,K,-1.69957460442034
C1=CC=C2C(=C1)NC(=N2)C3=CSC=N3,CCC(C)=O,293.15,K,-1.771316757689
C1=CC=C2C(=C1)NC(=N2)C3=CSC=N3,CC(C)=O,318.15,K,-1.69663442804369
C1=CC=C2C(=C1)NC(=N2)C3=CSC=N3,CCO,293.15,K,-1.58032522370419
C1=CC=C2C(=C1)NC(=N2)C3=CSC=N3,CO,293.15,K,-1.40738178324935
C1=CC=C2C(=C1)NC(=N2)C3=CSC=N3,CC(C)O,313.15,K,-1.68920709867159
C1=CC=C2C(=C1)NC(=N2)C3=CSC=N3,CCCCO,283.15,K,-1.7523630420948
C1=CC=C2C(=C1)NC(=N2)C3=CSC=N3,CCC(C)=O,298.15,K,-1.74600591198983
C1=CC=C2C(=C1)NC(=N2)C3=CSC=N3,CCO,298.15,K,-1.55597656813717
C1=CC=C2C(=C1)NC(=N2)C3=CSC=N3,CO,298.15,K,-1.38464248903881
C1=CC=C2C(=C1)NC(=N2)C3=CSC=N3,CCCO,293.15,K,-1.63553846390216
C1=CC=C2C(=C1)NC(=N2)C3=CSC=N3,CC(C)=O,323.15,K,-1.64566384786908
C1=CC=C2C(=C1)NC(=N2)C3=CSC=N3,CC(C)CO,303.15,K,-1.72283892608146
C1=CC=C2C(=C1)NC(=N2)C3=CSC=N3,CCCCO,288.15,K,-1.70220790211741
C1=CC=C2C(=C1)NC(=N2)C3=CSC=N3,CCCO,298.15,K,-1.61621290537906
C1=CC=C2C(=C1)NC(=N2)C3=CSC=N3,CC(C)O,318.15,K,-1.6351576499176
C1=CC=C2C(=C1)NC(=N2)C3=CSC=N3,CCC(C)=O,303.15,K,-1.68646976189899
C1=CC=C2C(=C1)NC(=N2)C3=CSC=N3,CCO,303.15,K,-1.48636191147914
C1=CC=C2C(=C1)NC(=N2)C3=CSC=N3,CCCCO,293.15,K,-1.6746882374013
C1=CC=C2C(=C1)NC(=N2)C3=CSC=N3,CC(C)O,323.15,K,-1.60057991543986
C1=CC=C2C(=C1)NC(=N2)C3=CSC=N3,CC(C)CO,308.15,K,-1.66479028996225
C1=CC=C2C(=C1)NC(=N2)C3=CSC=N3,CCC(C)=O,308.15,K,-1.63891098209461
C1=CC=C2C(=C1)NC(=N2)C3=CSC=N3,CO,303.15,K,-1.28672818975433
C1=CC=C2C(=C1)NC(=N2)C3=CSC=N3,CCO,308.15,K,-1.44396611858284
C1=CC=C2C(=C1)NC(=N2)C3=CSC=N3,CCCO,303.15,K,-1.53944956605453
C1=CC=C2C(=C1)NC(=N2)C3=CSC=N3,CO,308.15,K,-1.2724304099335
C1=CC=C2C(=C1)NC(=N2)C3=CSC=N3,CCCCO,298.15,K,-1.61799458785702
C1=CC=C2C(=C1)NC(=N2)C3=CSC=N3,CCC(C)=O,313.15,K,-1.61480377173126
C1=CC=C2C(=C1)NC(=N2)C3=CSC=N3,CC(C)CO,313.15,K,-1.61024607424162
C1=CC=C2C(=C1)NC(=N2)C3=CSC=N3,CCO,313.15,K,-1.40543212643125
C1=CC=C2C(=C1)NC(=N2)C3=CSC=N3,CCC(C)=O,318.15,K,-1.58389481359588
C1=CC=C2C(=C1)NC(=N2)C3=CSC=N3,CO,313.15,K,-1.22836132986453
C1=CC=C2C(=C1)NC(=N2)C3=CSC=N3,CCCO,308.15,K,-1.48839292942769
C1=CC=C2C(=C1)NC(=N2)C3=CSC=N3,CCC(C)=O,323.15,K,-1.57017501404746
C1=CC=C2C(=C1)NC(=N2)C3=CSC=N3,CC(C)CO,318.15,K,-1.5628944905161
C1=CC=C2C(=C1)NC(=N2)C3=CSC=N3,CCCCO,303.15,K,-1.53937111138838
C1=CC=C2C(=C1)NC(=N2)C3=CSC=N3,CCO,318.15,K,-1.34120866490877
C1=CC=C2C(=C1)NC(=N2)C3=CSC=N3,CCCO,313.15,K,-1.44278121849534
C1=CC=C2C(=C1)NC(=N2)C3=CSC=N3,CO,318.15,K,-1.17360170622997
C1=CC=C2C(=C1)NC(=N2)C3=CSC=N3,CCCCO,308.15,K,-1.50365179940009
C1=CC=C2C(=C1)NC(=N2)C3=CSC=N3,CC(C)CO,323.15,K,-1.50885076826891
C1=CC=C2C(=C1)NC(=N2)C3=CSC=N3,CCO,323.15,K,-1.31248499785744
C1=CC=C2C(=C1)NC(=N2)C3=CSC=N3,CO,323.15,K,-1.14284618429425
C1=CC=C2C(=C1)NC(=N2)C3=CSC=N3,CCCO,318.15,K,-1.40214447773942
C1=CC=C2C(=C1)NC(=N2)C3=CSC=N3,CCCCO,313.15,K,-1.44114537902187
C1=CC=C2C(=C1)NC(=N2)C3=CSC=N3,CCCO,323.15,K,-1.34488491508698
C1=CC=C2C(=C1)NC(=N2)C3=CSC=N3,CCCCO,318.15,K,-1.40172486123565
C1=CC=C2C(=C1)NC(=N2)C3=CSC=N3,CCCCO,323.15,K,-1.35342344654106
C1[C@H](NCS1)C(=O)O,ClCCl,283.15,K,-3.61991924985438
C1[C@H](NCS1)C(=O)O,CC#N,283.15,K,-3.37140885777574
C1[C@H](NCS1)C(=O)O,CCOC(C)=O,283.15,K,-3.62307535318814
C1[C@H](NCS1)C(=O)O,CC#N,293.15,K,-3.24163126058574
C1[C@H](NCS1)C(=O)O,CC(C)O,283.15,K,-3.30991688668013
C1[C@H](NCS1)C(=O)O,CC#N,303.15,K,-3.04423061088523
C1[C@H](NCS1)C(=O)O,ClCCl,288.15,K,-3.09132897204542
C1[C@H](NCS1)C(=O)O,CO,283.15,K,-2.86126969698873
C1[C@H](NCS1)C(=O)O,CC(C)O,293.15,K,-3.05060636575925
C1[C@H](NCS1)C(=O)O,CC#N,313.15,K,-2.89882241736206
C1[C@H](NCS1)C(=O)O,CCOC(C)=O,293.15,K,-3.13299515030079
C1[C@H](NCS1)C(=O)O,CO,293.15,K,-2.73746173943144
C1[C@H](NCS1)C(=O)O,CCO,283.15,K,-2.80697727566365
C1[C@H](NCS1)C(=O)O,CC#N,323.15,K,-2.77873176243687
C1[C@H](NCS1)C(=O)O,CC(C)O,303.15,K,-2.89687770009555
C1[C@H](NCS1)C(=O)O,CO,303.15,K,-2.56245499738511
C1[C@H](NCS1)C(=O)O,CCO,293.15,K,-2.66900152554751
C1[C@H](NCS1)C(=O)O,CC(C)O,313.15,K,-2.78934725764447
C1[C@H](NCS1)C(=O)O,ClCCl,293.15,K,-2.674678849193
C1[C@H](NCS1)C(=O)O,CCOC(C)=O,303.15,K,-2.79736308822553
C1[C@H](NCS1)C(=O)O,CCO,303.15,K,-2.51537367324747
C1[C@H](NCS1)C(=O)O,CC(C)=O,283.15,K,-2.60418381425016
C1[C@H](NCS1)C(=O)O,CC(C)O,323.15,K,-2.61948945689392
C1[C@H](NCS1)C(=O)O,ClCCl,298.15,K,-2.48203274000211
C1[C@H](NCS1)C(=O)O,CO,313.15,K,-2.29693177049395
C1[C@H](NCS1)C(=O)O,CCO,313.15,K,-2.37053531145453
C1[C@H](NCS1)C(=O)O,ClCCl,303.15,K,-2.34227937053439
C1[C@H](NCS1)C(=O)O,CCOC(C)=O,313.15,K,-2.52912378886368
C1[C@H](NCS1)C(=O)O,CC(C)=O,293.15,K,-2.39108193117982
C1[C@H](NCS1)C(=O)O,CO,323.15,K,-2.12412975604958
C1[C@H](NCS1)C(=O)O,CCO,323.15,K,-2.24156426332684
C1[C@H](NCS1)C(=O)O,C1COCCO1,288.15,K,-2.38310808845225
C1[C@H](NCS1)C(=O)O,C1COCCO1,293.15,K,-2.34536171714333
C1[C@H](NCS1)C(=O)O,CCOC(C)=O,323.15,K,-2.33491664974091
C1[C@H](NCS1)C(=O)O,C1COCCO1,303.15,K,-2.25643739556641
C1[C@H](NCS1)C(=O)O,CC(C)=O,303.15,K,-2.14133341335775
C1[C@H](NCS1)C(=O)O,C1COCCO1,313.15,K,-2.16963620121021
C1[C@H](NCS1)C(=O)O,C1COCCO1,323.15,K,-2.09488717862227
C1[C@H](NCS1)C(=O)O,CC(C)=O,313.15,K,-1.74824148239746
C1[C@H](NCS1)C(=O)O,O,283.15,K,-0.782913999725349
C1[C@H](NCS1)C(=O)O,CC(C)=O,323.15,K,-1.34754858661108
C1[C@H](NCS1)C(=O)O,O,293.15,K,-0.670871323708548
C1[C@H](NCS1)C(=O)O,O,303.15,K,-0.554613861384851
C1[C@H](NCS1)C(=O)O,O,313.15,K,-0.463831032585177
C1[C@H](NCS1)C(=O)O,O,323.15,K,-0.36926418957292
C1=CC=C2C(=C1)C(=O)OC(=O)N2,CC(C)O,288.15,K,-1.86477316454634
C1=CC=C2C(=C1)C(=O)OC(=O)N2,CCCO,288.15,K,-1.80564922053623
C1=CC=C2C(=C1)C(=O)OC(=O)N2,CC(C)O,293.15,K,-1.79911550751695
C1=CC=C2C(=C1)C(=O)OC(=O)N2,CCCO,293.15,K,-1.74980627503369
C1=CC=C2C(=C1)C(=O)OC(=O)N2,CCO,288.15,K,-1.63527024379601
C1=CC=C2C(=C1)C(=O)OC(=O)N2,CC(C)O,298.15,K,-1.72644705859212
C1=CC=C2C(=C1)C(=O)OC(=O)N2,CO,288.15,K,-1.42932536526692
C1=CC=C2C(=C1)C(=O)OC(=O)N2,CCO,293.15,K,-1.58922263891005
C1=CC=C2C(=C1)C(=O)OC(=O)N2,CCCO,298.15,K,-1.69155673801993
C1=CC=C2C(=C1)C(=O)OC(=O)N2,CO,293.15,K,-1.36868258561096
C1=CC=C2C(=C1)C(=O)OC(=O)N2,CCO,298.15,K,-1.52404292317765
C1=CC=C2C(=C1)C(=O)OC(=O)N2,CC(C)O,303.15,K,-1.64186863920502
C1=CC=C2C(=C1)C(=O)OC(=O)N2,CCCO,303.15,K,-1.6187084410226
C1=CC=C2C(=C1)C(=O)OC(=O)N2,CC(=O)OC(C)C,288.15,K,-1.79830192955486
C1=CC=C2C(=C1)C(=O)OC(=O)N2,CCO,303.15,K,-1.46557332168295
C1=CC=C2C(=C1)C(=O)OC(=O)N2,CO,298.15,K,-1.29669025488286
C1=CC=C2C(=C1)C(=O)OC(=O)N2,CC(=O)OC(C)C,293.15,K,-1.7518888946113
C1=CC=C2C(=C1)C(=O)OC(=O)N2,CCCO,308.15,K,-1.56146237604902
C1=CC=C2C(=C1)C(=O)OC(=O)N2,CC(C)O,308.15,K,-1.55502503746433
C1=CC=C2C(=C1)C(=O)OC(=O)N2,CCCOC(C)=O,288.15,K,-1.69736476541123
C1=CC=C2C(=C1)C(=O)OC(=O)N2,CC(=O)OC(C)C,298.15,K,-1.6992433538915
C1=CC=C2C(=C1)C(=O)OC(=O)N2,CCO,308.15,K,-1.39326612647736
C1=CC=C2C(=C1)C(=O)OC(=O)N2,CO,303.15,K,-1.22487964966064
C1=CC=C2C(=C1)C(=O)OC(=O)N2,CCCO,313.15,K,-1.48336248112992
C1=CC=C2C(=C1)C(=O)OC(=O)N2,CCCOC(C)=O,293.15,K,-1.65384639153779
C1=CC=C2C(=C1)C(=O)OC(=O)N2,CC(=O)OC(C)C,303.15,K,-1.66335401071544
C1=CC=C2C(=C1)C(=O)OC(=O)N2,CC(C)O,313.15,K,-1.46815106918377
C1=CC=C2C(=C1)C(=O)OC(=O)N2,CCO,313.15,K,-1.33148059099527
C1=CC=C2C(=C1)C(=O)OC(=O)N2,CCCOC(C)=O,298.15,K,-1.60628757605299
C1=CC=C2C(=C1)C(=O)OC(=O)N2,CCCO,318.15,K,-1.41930334427381
C1=CC=C2C(=C1)C(=O)OC(=O)N2,CC(=O)OC(C)C,308.15,K,-1.61066164057986
C1=CC=C2C(=C1)C(=O)OC(=O)N2,CO,308.15,K,-1.14322063558372
C1=CC=C2C(=C1)C(=O)OC(=O)N2,CC#N,288.15,K,-1.23696558873329
C1=CC=C2C(=C1)C(=O)OC(=O)N2,CC(C)O,318.15,K,-1.39464640590749
C1=CC=C2C(=C1)C(=O)OC(=O)N2,CCCOC(C)=O,303.15,K,-1.56309136738387
C1=CC=C2C(=C1)C(=O)OC(=O)N2,CCOC(C)=O,288.15,K,-1.48156821431148
C1=CC=C2C(=C1)C(=O)OC(=O)N2,CC(=O)OC(C)C,313.15,K,-1.56740201569939
C1=CC=C2C(=C1)C(=O)OC(=O)N2,CCO,318.15,K,-1.26261071897453
C1=CC=C2C(=C1)C(=O)OC(=O)N2,CC#N,293.15,K,-1.19868404253331
C1=CC=C2C(=C1)C(=O)OC(=O)N2,CCCO,323.15,K,-1.35261845366692
C1=CC=C2C(=C1)C(=O)OC(=O)N2,CCCOC(C)=O,308.15,K,-1.52229979112829
C1=CC=C2C(=C1)C(=O)OC(=O)N2,CCOC(C)=O,293.15,K,-1.44228484013438
C1=CC=C2C(=C1)C(=O)OC(=O)N2,CO,313.15,K,-1.06601028481953
C1=CC=C2C(=C1)C(=O)OC(=O)N2,CC(=O)OC(C)C,318.15,K,-1.52533528450534
C1=CC=C2C(=C1)C(=O)OC(=O)N2,CC#N,298.15,K,-1.14337671073152
C1=CC=C2C(=C1)C(=O)OC(=O)N2,CC(C)O,323.15,K,-1.3174625185532
C1=CC=C2C(=C1)C(=O)OC(=O)N2,CCO,323.15,K,-1.20025441338477
C1=CC=C2C(=C1)C(=O)OC(=O)N2,CCOC(C)=O,298.15,K,-1.39766840219712
C1=CC=C2C(=C1)C(=O)OC(=O)N2,CCCO,328.15,K,-1.29224967531649
C1=CC=C2C(=C1)C(=O)OC(=O)N2,CCCOC(C)=O,313.15,K,-1.47414095897526
C1=CC=C2C(=C1)C(=O)OC(=O)N2,CC(=O)OC(C)C,323.15,K,-1.48618551605135
C1=CC=C2C(=C1)C(=O)OC(=O)N2,COC(C)=O,288.15,K,-1.27892291363537
C1=CC=C2C(=C1)C(=O)OC(=O)N2,CO,318.15,K,-0.990435229877908
C1=CC=C2C(=C1)C(=O)OC(=O)N2,CC#N,303.15,K,-1.08994992363219
C1=CC=C2C(=C1)C(=O)OC(=O)N2,CC(=O)OC(C)C,328.15,K,-1.45025890412914
C1=CC=C2C(=C1)C(=O)OC(=O)N2,CCOC(C)=O,303.15,K,-1.35691118380285
C1=CC=C2C(=C1)C(=O)OC(=O)N2,CCCOC(C)=O,318.15,K,-1.43583674329124
C1=CC=C2C(=C1)C(=O)OC(=O)N2,CCO,328.15,K,-1.14235146002648
C1=CC=C2C(=C1)C(=O)OC(=O)N2,CC(C)O,328.15,K,-1.24008419908209
C1=CC=C2C(=C1)C(=O)OC(=O)N2,COC(C)=O,293.15,K,-1.23386746935242
C1=CC=C2C(=C1)C(=O)OC(=O)N2,CCCOC(C)=O,323.15,K,-1.39642544043195
C1=CC=C2C(=C1)C(=O)OC(=O)N2,CCOC(C)=O,308.15,K,-1.31406234584077
C1=CC=C2C(=C1)C(=O)OC(=O)N2,CC#N,308.15,K,-1.04103647303847
C1=CC=C2C(=C1)C(=O)OC(=O)N2,CO,323.15,K,-0.915103488600131
C1=CC=C2C(=C1)C(=O)OC(=O)N2,COC(C)=O,298.15,K,-1.18554127214449
C1=CC=C2C(=C1)C(=O)OC(=O)N2,CCOC(C)=O,313.15,K,-1.27263350444507
C1=CC=C2C(=C1)C(=O)OC(=O)N2,CCCOC(C)=O,328.15,K,-1.350929755037
C1=CC=C2C(=C1)C(=O)OC(=O)N2,CC#N,313.15,K,-0.985911647824319
C1=CC=C2C(=C1)C(=O)OC(=O)N2,COC(C)=O,303.15,K,-1.1479787695701
C1=CC=C2C(=C1)C(=O)OC(=O)N2,CCOC(C)=O,318.15,K,-1.23751938558035
C1=CC=C2C(=C1)C(=O)OC(=O)N2,CO,328.15,K,-0.840290029751034
C1=CC=C2C(=C1)C(=O)OC(=O)N2,CC#N,318.15,K,-0.936772190654432
C1=CC=C2C(=C1)C(=O)OC(=O)N2,COC(C)=O,308.15,K,-1.10750622085509
C1=CC=C2C(=C1)C(=O)OC(=O)N2,CCOC(C)=O,323.15,K,-1.20170798945243
C1=CC=C2C(=C1)C(=O)OC(=O)N2,CCOC(C)=O,328.15,K,-1.16709965753734
C1=CC=C2C(=C1)C(=O)OC(=O)N2,COC(C)=O,313.15,K,-1.06417689870762
C1=CC=C2C(=C1)C(=O)OC(=O)N2,CC#N,323.15,K,-0.882168016782384
C1=CC=C2C(=C1)C(=O)OC(=O)N2,CCC(C)=O,288.15,K,-1.075867050959
C1=CC=C2C(=C1)C(=O)OC(=O)N2,COC(C)=O,318.15,K,-1.03062066913134
C1=CC=C2C(=C1)C(=O)OC(=O)N2,CC(C)=O,288.15,K,-0.959064623531647
C1=CC=C2C(=C1)C(=O)OC(=O)N2,CC#N,328.15,K,-0.836707964962664
C1=CC=C2C(=C1)C(=O)OC(=O)N2,CCC(C)=O,293.15,K,-1.04239841075632
C1=CC=C2C(=C1)C(=O)OC(=O)N2,C1COCCO1,288.15,K,-1.00001151443012
C1=CC=C2C(=C1)C(=O)OC(=O)N2,COC(C)=O,323.15,K,-0.992623861943429
C1=CC=C2C(=C1)C(=O)OC(=O)N2,CC(C)=O,293.15,K,-0.920404657032467
C1=CC=C2C(=C1)C(=O)OC(=O)N2,CCC(C)=O,298.15,K,-1.00643614299152
C1=CC=C2C(=C1)C(=O)OC(=O)N2,COC(C)=O,328.15,K,-0.950031322147334
C1=CC=C2C(=C1)C(=O)OC(=O)N2,C1COCCO1,293.15,K,-0.950582797145207
C1=CC=C2C(=C1)C(=O)OC(=O)N2,CCC(C)=O,303.15,K,-0.969254011427695
C1=CC=C2C(=C1)C(=O)OC(=O)N2,CC(C)=O,298.15,K,-0.880504951965282
C1=CC=C2C(=C1)C(=O)OC(=O)N2,CCC(C)=O,308.15,K,-0.927558917214606
C1=CC=C2C(=C1)C(=O)OC(=O)N2,C1COCCO1,298.15,K,-0.899112607916717
C1=CC=C2C(=C1)C(=O)OC(=O)N2,CC(C)=O,303.15,K,-0.829757690724482
C1=CC=C2C(=C1)C(=O)OC(=O)N2,CCC(C)=O,313.15,K,-0.889624254738671
C1=CC=C2C(=C1)C(=O)OC(=O)N2,C1COCCO1,303.15,K,-0.855156231554414
C1=CC=C2C(=C1)C(=O)OC(=O)N2,CC(C)=O,308.15,K,-0.784072318225342
C1=CC=C2C(=C1)C(=O)OC(=O)N2,CCC(C)=O,318.15,K,-0.850690696369837
C1=CC=C2C(=C1)C(=O)OC(=O)N2,C1COCCO1,308.15,K,-0.806602930251915
C1=CC=C2C(=C1)C(=O)OC(=O)N2,CC(C)=O,313.15,K,-0.742287498474035
C1=CC=C2C(=C1)C(=O)OC(=O)N2,CCC(C)=O,323.15,K,-0.817895840814772
C1=CC=C2C(=C1)C(=O)OC(=O)N2,C1COCCO1,313.15,K,-0.767760267042997
C1=CC=C2C(=C1)C(=O)OC(=O)N2,CC(C)=O,318.15,K,-0.700839818195458
C1=CC=C2C(=C1)C(=O)OC(=O)N2,CCC(C)=O,328.15,K,-0.781394381679741
C1=CC=C2C(=C1)C(=O)OC(=O)N2,C1COCCO1,318.15,K,-0.72628288097334
C1=CC=C2C(=C1)C(=O)OC(=O)N2,CC(C)=O,323.15,K,-0.658416217656374
C1=CC=C2C(=C1)C(=O)OC(=O)N2,C1COCCO1,323.15,K,-0.685025066398227
C1=CC=C2C(=C1)C(=O)OC(=O)N2,CC(C)=O,328.15,K,-0.61521007234211
C1=CC=C2C(=C1)C(=O)OC(=O)N2,C1COCCO1,328.15,K,-0.642911235315117
C1(=C(C(=C(C(=C1Cl)Cl)Cl)Cl)Cl)Cl,O,288.15,K,-7.90589315772544
C1(=C(C(=C(C(=C1Cl)Cl)Cl)Cl)Cl)Cl,O,278.15,K,-8.10753852125351
C1(=C(C(=C(C(=C1Cl)Cl)Cl)Cl)Cl)Cl,O,298.15,K,-7.71436230237753
C1(=C(C(=C(C(=C1Cl)Cl)Cl)Cl)Cl)Cl,O,308.15,K,-7.51901217090819
C1(=C(C(=C(C(=C1Cl)Cl)Cl)Cl)Cl)Cl,O,318.15,K,-7.30383316639748
C1=CC(=CC=C1C(=O)O)[N+](=O)[O-],CCCCOCCCC,298.15,K,-1.77859793493947
C1=CC(=CC=C1C(=O)O)[N+](=O)[O-],CC(C)OC(C)C,298.15,K,-1.58830276861352
C1=CC(=CC=C1C(=O)O)[N+](=O)[O-],CC1COC(=O)O1,298.15,K,-1.2398948592157
C1=CC(=CC=C1C(=O)O)[N+](=O)[O-],CCC(C)CO,298.15,K,-1.26056341566539
C1=CC(=CC=C1C(=O)O)[N+](=O)[O-],CC(C)CO,298.15,K,-1.17800110414326
C1=CC(=CC=C1C(=O)O)[N+](=O)[O-],CCCC(C)CO,298.15,K,-1.2790175255819
C1=CC(=CC=C1C(=O)O)[N+](=O)[O-],CC(C)CCO,298.15,K,-1.17083077693906
C1=CC(=CC=C1C(=O)O)[N+](=O)[O-],CCCCCOC(C)=O,298.15,K,-1.29561480328729
C1=CC(=CC=C1C(=O)O)[N+](=O)[O-],CO,298.15,K,-0.706762869193395
C1=CC(=CC=C1C(=O)O)[N+](=O)[O-],CCCCO,298.15,K,-1.05607761077792
C1=CC(=CC=C1C(=O)O)[N+](=O)[O-],CCCO,298.15,K,-0.968887846829912
C1=CC(=CC=C1C(=O)O)[N+](=O)[O-],CC(C)CC(C)O,298.15,K,-1.16783776447674
C1=CC(=CC=C1C(=O)O)[N+](=O)[O-],CCO,298.15,K,-0.832950781909257
C1=CC(=CC=C1C(=O)O)[N+](=O)[O-],CC(C)O,298.15,K,-0.948833059108518
C1=CC(=CC=C1C(=O)O)[N+](=O)[O-],CCC(C)O,298.15,K,-1.01086904225095
C1=CC(=CC=C1C(=O)O)[N+](=O)[O-],CCCC(C)O,298.15,K,-1.07880568489075
C1=CC(=CC=C1C(=O)O)[N+](=O)[O-],CCCCCO,298.15,K,-1.06180946816581
C1=CC(=CC=C1C(=O)O)[N+](=O)[O-],CCCCCCCCO,298.15,K,-1.2055357014793
C1=CC(=CC=C1C(=O)O)[N+](=O)[O-],CCOCC,298.15,K,-1.01834657960557
C1=CC(=CC=C1C(=O)O)[N+](=O)[O-],CCCCOC(C)=O,298.15,K,-1.11335255243131
C1=CC(=CC=C1C(=O)O)[N+](=O)[O-],CCCCCCCCCCO,298.15,K,-1.26714727336051
C1=CC(=CC=C1C(=O)O)[N+](=O)[O-],CCCCCCO,298.15,K,-1.07203166121094
C1=CC(=CC=C1C(=O)O)[N+](=O)[O-],CCCCCCCO,298.15,K,-1.1172637720747
C1=CC(=CC=C1C(=O)O)[N+](=O)[O-],COC(C)=O,298.15,K,-0.828568771907765
C1=CC(=CC=C1C(=O)O)[N+](=O)[O-],CCOC(C)=O,298.15,K,-0.891759379600879
C1=CC(=CC=C1C(=O)O)[N+](=O)[O-],CC(C)(C)O,298.15,K,-0.815418586453576
C1=CC(=CC=C1C(=O)O)[N+](=O)[O-],CCC(C)(C)O,298.15,K,-0.767175443970284
C1=CC(=CC=C1C(=O)O)[N+](=O)[O-],C1COCCO1,298.15,K,-0.290139590610922
C1=CC(=CC=C1C(=O)O)[N+](=O)[O-],C1CCOC1,298.15,K,-0.074381141477812
CC(C)CC1=CC=C(C=C1)C(C)C(=O)O,CO,298.15,K,0.199012392557808
CC(C)CC1=CC=C(C=C1)C(C)C(=O)O,CC(C)CO,298.15,K,0.435433116480826
CC(C)CC1=CC=C(C=C1)C(C)C(=O)O,CCC(C)O,298.15,K,0.444674008550486
CC(C)CC1=CC=C(C=C1)C(C)C(=O)O,CC(C)O,298.15,K,0.599003680061826
CC(C)CC1=CC=C(C=C1)C(C)C(=O)O,CO,298.15,K,0.20230732769256
CC(C)CC1=CC=C(C=C1)C(C)C(=O)O,CCO,298.15,K,0.190079193800839
CC(C)CC1=CC=C(C=C1)C(C)C(=O)O,CCO,298.15,K,0.193593497268933
CC(C)CC1=CC=C(C=C1)C(C)C(=O)O,CCCO,298.15,K,0.342812161679311
CC(C)CC1=CC=C(C=C1)C(C)C(=O)O,CCCCCO,298.15,K,0.204671267589425
CC(C)CC1=CC=C(C=C1)C(C)C(=O)O,CCCCO,298.15,K,0.325095113549528
CC(C)CC1=CC=C(C=C1)C(C)C(=O)O,CCCCCO,298.15,K,0.315949056334882
CC(C)CC1=CC=C(C=C1)C(C)C(=O)O,CCCCCCCCO,298.15,K,0.193335649219621
CC(C)CC1=CC=C(C=C1)C(C)C(=O)O,CCCCCCCCO,298.15,K,0.19688229743557
CC(C)CC1=CC=C(C=C1)C(C)C(=O)O,CCCCCCCCCCO,298.15,K,0.16061538990602
CC(C)CC1=CC=C(C=C1)C(C)C(=O)O,CO,298.15,K,0.737614243265202
C1=CC=C2C(=C1)C(=O)C3=CC=CC=C3S2,CCOC(=O)OCC,298.15,K,-1.57250161353802
COC1=C(C=C(C=C1)C(=O)O)OC,CCOC(=O)OCC,298.15,K,-1.47821978280656
C1=CC(=CC=C1C(=O)O)[N+](=O)[O-],CCOC(=O)OCC,298.15,K,-1.29226601812252
C1=CC=C2C(=C1)C(=O)C3=CC=CC=C3S2,COC(=O)OC,298.15,K,-1.52096309302223
C1=CC(=CC=C1C(=O)O)[N+](=O)[O-],COC(=O)OC,298.15,K,-1.29313412983873
COC1=C(C=C(C=C1)C(=O)O)OC,COC(=O)OC,298.15,K,-1.23375241046574
C1=CC=C2C=CC=CC2=C1,O,313.0,K,-3.41884527026362
C1=CC=C2C=CC=CC2=C1,O,318.0,K,-3.32708656815123
C1=CC=C2C=CC=CC2=C1,O,323.0,K,-3.20387376980832
C1=CC=C2C=CC=CC2=C1,O,328.0,K,-3.07419776103966
C1=CC=C2C=CC=CC2=C1,O,333.0,K,-2.95005813052513
C1=CC=C2C=CC=CC2=C1,O,338.0,K,-2.84485832678166
C1=CC=C2C=CC=CC2=C1,O,343.0,K,-2.72388285448104
C1=CC=C2C=CC=CC2=C1,O,348.0,K,-2.63218144607935
C1=CC=C2C=CC=CC2=C1,O,298.0,K,-3.55111981497299
C1=CC=C2C=CC=CC2=C1,O,298.0,K,-3.51635770871378
C1=CC=C2C=CC=CC2=C1,O,308.0,K,-3.29450895909742
C1=CC=C2C=CC=CC2=C1,O,323.0,K,-3.02824106969265
C1=CC=C2C=CC=CC2=C1,O,338.0,K,-2.78520302100636
C1=CC=C2C(=C1)C=C3C=CC=CC3=N2,O,313.2,K,-3.29990027101638
C1=CC=C2C(=C1)C=C3C=CC=CC3=N2,O,333.2,K,-2.97511064289645
C1=CC=C2C(=C1)C=C3C=CC=CC3=N2,O,353.2,K,-2.65418909143032
C1=CC=C2C(=C1)C=C3C=CC=CC3=N2,O,363.2,K,-2.48626177472406
C1=CC=C2C(=C1)C=CC3=CC=CC=C32,O,313.2,K,-4.9224857873448
C1=CC=C2C(=C1)C=CC3=CC=CC=C32,O,333.2,K,-4.4473427658684
C1=CC=C2C(=C1)C=CC3=CC=CC=C32,O,343.2,K,-4.22001602176879
C1=CC=C2C(=C1)C=CC3=CC=CC=C32,O,353.2,K,-3.98024619071407
C1=CC=C2C(=C1)C=CC3=CC=CC=C32,O,363.2,K,-3.75635634389071
CC(C)CC1=CC=C(C=C1)C(C)C(=O)O,O,298.0,K,-2.95579348948598
CC(C)CC1=CC=C(C=C1)C(C)C(=O)O,O,323.0,K,-1.35734601050425
CC(C)CC1=CC=C(C=C1)C(C)C(=O)O,O,348.0,K,-0.798110466209489
C1C2CC3CC1CC(C2)C3,O,313.2,K,-5.8041
C1C2CC3CC1CC(C2)C3,O,333.2,K,-5.50552
C1C2CC3CC1CC(C2)C3,O,353.2,K,-5.11271
C1C2CC3CC1CC(C2)C3,O,373.2,K,-4.66485
C1C2CC3CC1CC(C2)C3,O,393.2,K,-4.24875
C1C2CC3CC1CC(C2)C3,O,413.2,K,-3.79145
C1C2CC3CC1CC(C2)C3,O,433.2,K,-3.28102
C1C2CC3CC1CC(C2)C3,O,453.2,K,-2.91337
C1C2CC3CC1CC(C2)C3,O,473.2,K,-2.50377
C1C2CC3CC1CC(C2)C3,O,493.2,K,-2.10201
C1=CC=C2C(=C1)C(=O)C3=CC=CC=C3S2,O,313.0,K,-5.18707
C1=CC=C2C(=C1)C(=O)C3=CC=CC=C3S2,O,333.0,K,-4.77049
C1=CC=C2C(=C1)C(=O)C3=CC=CC=C3S2,O,353.0,K,-4.32406
C1=CC=C2C(=C1)C(=O)C3=CC=CC=C3S2,O,373.0,K,-3.92783
C1=CC=C2C(=C1)C(=O)C3=CC=CC=C3S2,O,393.0,K,-3.47721
C1=CC=C2C(=C1)C(=O)C3=CC=CC=C3S2,O,413.0,K,-2.99712
C1=CC=C2C(=C1)C(=O)C3=CC=CC=C3S2,O,433.0,K,-2.56174
C1=CC=C2C(=C1)C(=O)C3=CC=CC=C3S2,O,453.0,K,-2.18083
[2H]C1=C(C(=C2C(=C3C(=C(C(=C(C3=C(C2=C1[2H])[2H])[2H])[2H])[2H])[2H])[2H])[2H])[2H],O,323.0,K,-6.1816
[2H]C1=C(C(=C2C(=C3C(=C(C(=C(C3=C(C2=C1[2H])[2H])[2H])[2H])[2H])[2H])[2H])[2H])[2H],O,373.0,K,-4.85921
[2H]C1=C(C(=C2C(=C3C(=C(C(=C(C3=C(C2=C1[2H])[2H])[2H])[2H])[2H])[2H])[2H])[2H])[2H],O,423.0,K,-3.28083
[2H]C1=C(C(=C2C(=C3C(=C(C(=C(C3=C(C2=C1[2H])[2H])[2H])[2H])[2H])[2H])[2H])[2H])[2H],O,473.0,K,-1.9847
C1=CC=C2C(=C1)C3=CC=CC=C3C(=O)C2=O,O,298.15,K,-4.44311
C1=CC=C2C(=C1)C3=CC=CC=C3C(=O)C2=O,O,298.15,K,-3.98171
C1=CC=C2C(=C1)C3=CC=CC=C3C(=O)C2=O,O,313.0,K,-4.51859
C1=CC=C2C(=C1)C3=CC=CC=C3C(=O)C2=O,O,333.0,K,-4.05385
C1=CC=C2C(=C1)C3=CC=CC=C3C(=O)C2=O,O,353.0,K,-3.64687
C1=CC=C2C(=C1)C3=CC=CC=C3C(=O)C2=O,O,373.0,K,-3.24887
C1=CC=C2C(=C1)C3=CC=CC=C3C(=O)C2=O,O,393.0,K,-2.69059
C1=CC=C2C(=C1)C3=CC=CC=C3C(=O)C2=O,O,413.0,K,-2.36639
C1=CC=C2C(=C1)C3=CC=CC=C3C(=O)C2=O,O,433.0,K,-1.89548
C1=CC=C2C(=C1)C3=CC=CC=C3C(=O)C2=O,O,453.0,K,-1.38554
C1=CC=C2C(=C1)C3=CC=CC=C3C(=O)C2=O,O,473.0,K,-1.05801
C1=CC=C2C(=C1)C=CC3=C2C=CC4=CC=CC=C43,O,298.0,K,-8.05242
C1=CC=C2C(=C1)C=CC3=C2C=CC4=CC=CC=C43,O,298.0,K,-7.58444
C1=CC=C2C(=C1)C=CC3=C2C=CC4=CC=CC=C43,O,298.0,K,-7.4572
C1=CC=C2C(=C1)C=CC3=C2C=CC4=CC=CC=C43,O,323.0,K,-7.26078
C1=CC=C2C(=C1)C=CC3=C2C=CC4=CC=CC=C43,O,373.0,K,-6.16024
C1=CC=C2C(=C1)C=CC3=C2C=CC4=CC=CC=C43,O,423.0,K,-4.51972
C1=CC=C2C(=C1)C=CC3=C2C=CC4=CC=CC=C43,O,473.0,K,-3.12259
C1=CC=C2C(=C1)C=CC3=C2C=CC4=CC=CC=C43,O,498.0,K,-2.4557
C1=CC=C2C3C4=CC=CC=C4C(C2=C1)C5=CC=CC=C35,O,313.2,K,-6.37985
C1=CC=C2C3C4=CC=CC=C4C(C2=C1)C5=CC=CC=C35,O,333.2,K,-5.95542
C1=CC=C2C3C4=CC=CC=C4C(C2=C1)C5=CC=CC=C35,O,353.2,K,-5.48845
C1=CC=C2C3C4=CC=CC=C4C(C2=C1)C5=CC=CC=C35,O,373.2,K,-5.02159
C1=CC=C2C3C4=CC=CC=C4C(C2=C1)C5=CC=CC=C35,O,393.2,K,-4.56519
C1=CC=C2C3C4=CC=CC=C4C(C2=C1)C5=CC=CC=C35,O,413.2,K,-4.0459
C1=CC=C2C3C4=CC=CC=C4C(C2=C1)C5=CC=CC=C35,O,433.2,K,-3.54029
C1=CC=C2C3C4=CC=CC=C4C(C2=C1)C5=CC=CC=C35,O,453.2,K,-3.05363
C1=CC=C2C3C4=CC=CC=C4C(C2=C1)C5=CC=CC=C35,O,473.2,K,-2.54975
C1=CC=C2C3C4=CC=CC=C4C(C2=C1)C5=CC=CC=C35,O,493.2,K,-2.09191
C1=CC=C2C3C4=CC=CC=C4C(C2=C1)C5=CC=CC=C35,O,513.2,K,-1.61332
CC(C1=CC(=CC=C1)C(=O)C2=CC=CC=C2)C(=O)O,Cc1ccccc1,278.15,K,-1.13392896293359
CC(C1=CC(=CC=C1)C(=O)C2=CC=CC=C2)C(=O)O,CC#N,298.15,K,-0.184418900827674
CC(C1=CC(=CC=C1)C(=O)C2=CC=CC=C2)C(=O)O,CC#N,278.15,K,-0.622625231830459
CC(C1=CC(=CC=C1)C(=O)C2=CC=CC=C2)C(=O)O,CC#N,288.15,K,-0.428452267875106
CC(C1=CC(=CC=C1)C(=O)C2=CC=CC=C2)C(=O)O,CC(C)O,293.15,K,0.092612840082728
CC(C1=CC(=CC=C1)C(=O)C2=CC=CC=C2)C(=O)O,CC#N,273.15,K,-0.721110729592785
CC(C1=CC(=CC=C1)C(=O)C2=CC=CC=C2)C(=O)O,Cc1ccccc1,288.15,K,-0.887559234042659
CC(C1=CC(=CC=C1)C(=O)C2=CC=CC=C2)C(=O)O,CC#N,283.15,K,-0.543100795336107
CC(C1=CC(=CC=C1)C(=O)C2=CC=CC=C2)C(=O)O,Cc1ccccc1,293.15,K,-0.750837819484697
CC(C1=CC(=CC=C1)C(=O)C2=CC=CC=C2)C(=O)O,CCO,288.15,K,0.195380223480674
CC(C1=CC(=CC=C1)C(=O)C2=CC=CC=C2)C(=O)O,CCOC(C)=O,298.15,K,0.034059994637913
CC(C1=CC(=CC=C1)C(=O)C2=CC=CC=C2)C(=O)O,CC(C)O,303.15,K,0.374665129233712
CC(C1=CC(=CC=C1)C(=O)C2=CC=CC=C2)C(=O)O,Cc1ccccc1,273.15,K,-1.23616904348388
CC(C1=CC(=CC=C1)C(=O)C2=CC=CC=C2)C(=O)O,CC#N,293.15,K,-0.311615353677783
CC(C1=CC(=CC=C1)C(=O)C2=CC=CC=C2)C(=O)O,CCO,298.15,K,0.440035845918325
CC(C1=CC(=CC=C1)C(=O)C2=CC=CC=C2)C(=O)O,CO,303.15,K,0.764168204167601
CC(C1=CC(=CC=C1)C(=O)C2=CC=CC=C2)C(=O)O,Cc1ccccc1,298.15,K,-0.611230558996677
CC(C1=CC(=CC=C1)C(=O)C2=CC=CC=C2)C(=O)O,CC#N,303.15,K,-0.070830114725695
CC(C1=CC(=CC=C1)C(=O)C2=CC=CC=C2)C(=O)O,CCO,283.15,K,0.069276231070328
CC(C1=CC(=CC=C1)C(=O)C2=CC=CC=C2)C(=O)O,Cc1ccccc1,283.15,K,-0.98743908964124
CC(C1=CC(=CC=C1)C(=O)C2=CC=CC=C2)C(=O)O,CCCCO,288.15,K,-0.145050268888196
CC(C1=CC(=CC=C1)C(=O)C2=CC=CC=C2)C(=O)O,CCO,303.15,K,0.538488389249764
CC(C1=CC(=CC=C1)C(=O)C2=CC=CC=C2)C(=O)O,CC(C)O,273.15,K,-0.501526654261669
CC(C1=CC(=CC=C1)C(=O)C2=CC=CC=C2)C(=O)O,CC(C)O,288.15,K,-0.061890035785486
CC(C1=CC(=CC=C1)C(=O)C2=CC=CC=C2)C(=O)O,CO,283.15,K,0.300330280856691
CC(C1=CC(=CC=C1)C(=O)C2=CC=CC=C2)C(=O)O,CCCCO,273.15,K,-0.462825848333396
CC(C1=CC(=CC=C1)C(=O)C2=CC=CC=C2)C(=O)O,Cc1ccccc1,303.15,K,-0.484311866627474
CC(C1=CC(=CC=C1)C(=O)C2=CC=CC=C2)C(=O)O,CC(C)O,278.15,K,-0.291151724748331
CC(C1=CC(=CC=C1)C(=O)C2=CC=CC=C2)C(=O)O,CCO,273.15,K,-0.136921353233738
CC(C1=CC(=CC=C1)C(=O)C2=CC=CC=C2)C(=O)O,CO,273.15,K,0.066081411624599
CC(C1=CC(=CC=C1)C(=O)C2=CC=CC=C2)C(=O)O,CCOC(C)=O,283.15,K,-0.219882297108705
CC(C1=CC(=CC=C1)C(=O)C2=CC=CC=C2)C(=O)O,CCOC(C)=O,288.15,K,-0.138368153575321
CC(C1=CC(=CC=C1)C(=O)C2=CC=CC=C2)C(=O)O,CCCCO,293.15,K,-0.010338773376787
CC(C1=CC(=CC=C1)C(=O)C2=CC=CC=C2)C(=O)O,CCO,293.15,K,0.321582965144738
CC(C1=CC(=CC=C1)C(=O)C2=CC=CC=C2)C(=O)O,CC(C)O,298.15,K,0.250170217168264
CC(C1=CC(=CC=C1)C(=O)C2=CC=CC=C2)C(=O)O,CO,293.15,K,0.563845957148354
CC(C1=CC(=CC=C1)C(=O)C2=CC=CC=C2)C(=O)O,CCCCO,278.15,K,-0.313280585017926
CC(C1=CC(=CC=C1)C(=O)C2=CC=CC=C2)C(=O)O,CC(C)O,283.15,K,-0.215139895730147
CC(C1=CC(=CC=C1)C(=O)C2=CC=CC=C2)C(=O)O,CCOC(C)=O,273.15,K,-0.306222292829015
CC(C1=CC(=CC=C1)C(=O)C2=CC=CC=C2)C(=O)O,CCCCO,283.15,K,-0.254574163421259
CC(C1=CC(=CC=C1)C(=O)C2=CC=CC=C2)C(=O)O,CCOC(C)=O,278.15,K,-0.260855738400649
CC(C1=CC(=CC=C1)C(=O)C2=CC=CC=C2)C(=O)O,CO,278.15,K,0.197671330109434
CC(C1=CC(=CC=C1)C(=O)C2=CC=CC=C2)C(=O)O,CCOC(C)=O,303.15,K,0.104716257762051
CC(C1=CC(=CC=C1)C(=O)C2=CC=CC=C2)C(=O)O,C1COCCO1,273.15,K,0.409772879586309
CC(C1=CC(=CC=C1)C(=O)C2=CC=CC=C2)C(=O)O,C1COCCO1,288.15,K,0.52552665353461
CC(C1=CC(=CC=C1)C(=O)C2=CC=CC=C2)C(=O)O,CCO,278.15,K,0.014237495653131
CC(C1=CC(=CC=C1)C(=O)C2=CC=CC=C2)C(=O)O,CCOC(C)=O,293.15,K,-0.051056757414111
CC(C1=CC(=CC=C1)C(=O)C2=CC=CC=C2)C(=O)O,CO,288.15,K,0.441432206694671
CC(C1=CC(=CC=C1)C(=O)C2=CC=CC=C2)C(=O)O,CCCCO,303.15,K,0.224013722455722
CC(C1=CC(=CC=C1)C(=O)C2=CC=CC=C2)C(=O)O,C1COCCO1,283.15,K,0.483909993928883
CC(C1=CC(=CC=C1)C(=O)C2=CC=CC=C2)C(=O)O,C1COCCO1,293.15,K,0.588374097614797
CC(C1=CC(=CC=C1)C(=O)C2=CC=CC=C2)C(=O)O,CCCCO,298.15,K,0.135245335453617
CC(C1=CC(=CC=C1)C(=O)C2=CC=CC=C2)C(=O)O,C1COCCO1,278.15,K,0.447963858597497
CC(C1=CC(=CC=C1)C(=O)C2=CC=CC=C2)C(=O)O,CO,298.15,K,0.698405525591575
CC(C1=CC(=CC=C1)C(=O)C2=CC=CC=C2)C(=O)O,C1COCCO1,303.15,K,0.643831704761868
CC(C1=CC(=CC=C1)C(=O)C2=CC=CC=C2)C(=O)O,C1COCCO1,298.15,K,0.613394556453111
CC(C1=CC(=CC=C1)C(=O)C2=CC=CC=C2)C(=O)O,CCO,298.15,K,-0.642995145026669
CC(C1=CC(=CC=C1)C(=O)C2=CC=CC=C2)C(=O)O,CCO,293.15,K,-0.266747417664171
CC(C1=CC(=CC=C1)C(=O)C2=CC=CC=C2)C(=O)O,CO,298.15,K,0.008462604696959
CC(C1=CC(=CC=C1)C(=O)C2=CC=CC=C2)C(=O)O,CO,298.15,K,0.043660649228208
CC(C1=CC(=CC=C1)C(=O)C2=CC=CC=C2)C(=O)O,CCO,298.15,K,-0.104312448394917
CC(C1=CC(=CC=C1)C(=O)C2=CC=CC=C2)C(=O)O,CCO,303.15,K,0.054664565410516
CC(C1=CC(=CC=C1)C(=O)C2=CC=CC=C2)C(=O)O,CCO,298.15,K,0.066565548989918
CC(C1=CC(=CC=C1)C(=O)C2=CC=CC=C2)C(=O)O,CCO,298.15,K,0.10894319399909
CC(C1=CC(=CC=C1)C(=O)C2=CC=CC=C2)C(=O)O,CCCCO,298.15,K,0.016777939995468
CC(C1=CC(=CC=C1)C(=O)C2=CC=CC=C2)C(=O)O,CC(C)O,298.15,K,0.277869277145611
CC(C1=CC(=CC=C1)C(=O)C2=CC=CC=C2)C(=O)O,CCOC(C)=O,298.15,K,0.267273214736891
CC(C1=CC(=CC=C1)C(=O)C2=CC=CC=C2)C(=O)O,CO,298.15,K,0.658680938174487
CC(C1=CC(=CC=C1)C(=O)C2=CC=CC=C2)C(=O)O,CO,298.15,K,0.85360586723241
CC(=O)NCC(=O)O,CC#N,278.15,K,-1.20144106047347
CC(=O)NCC(=O)O,CO,278.15,K,-1.01358893274034
CC(=O)NCC(=O)O,CC#N,283.15,K,-1.12219879188122
CC(=O)NCC(=O)O,CC#N,288.15,K,-1.05363138663296
CC(=O)NCC(=O)O,CO,283.15,K,-0.924736046111536
CC(=O)NCC(=O)O,CC#N,293.15,K,-0.987266675283721
CC(=O)NCC(=O)O,CO,288.15,K,-0.839124847200427
CC(=O)NCC(=O)O,CC#N,298.15,K,-0.910042088111829
CC(=O)NCC(=O)O,CO,293.15,K,-0.755463861297961
CC(=O)NCC(=O)O,CC#N,303.15,K,-0.852444382434004
CC(=O)NCC(=O)O,CO,298.15,K,-0.670573101854603
CC(=O)NCC(=O)O,CC#N,308.15,K,-0.782114237888694
CC(=O)NCC(=O)O,CO,303.15,K,-0.592687142342976
CC(=O)NCC(=O)O,CC#N,313.15,K,-0.704752143673926
CC(=O)NCC(=O)O,CC#N,318.15,K,-0.645526524701657
CC(=O)NCC(=O)O,CO,308.15,K,-0.514010663968744
CC(=O)NCC(=O)O,CC#N,323.15,K,-0.590623970206856
CC(=O)NCC(=O)O,CO,313.15,K,-0.436871512215176
CC(=O)NCC(=O)O,CC#N,328.15,K,-0.51087325390144
CC(=O)NCC(=O)O,CO,318.15,K,-0.361546546741888
CC(=O)NCC(=O)O,CO,323.15,K,-0.334561488886642
CC(=O)NCC(=O)O,CC#N,333.15,K,-0.439511039011634
CC(=O)NCC(=O)O,CO,328.15,K,-0.213841444406527
CC(=O)NCC(=O)O,CO,333.15,K,-0.141819036129891
CCC1=CC2=C(C=C1)C(=O)C3=CC=CC=C3C2=O,C1COCCO1,298.15,K,0.109924890579254
CCC1=CC2=C(C=C1)C(=O)C3=CC=CC=C3C2=O,C1CCOC1,298.15,K,0.303573053749814
C1=CC(=CC(=C1)Cl)C(=O)O,C1COCCO1,298.15,K,0.30919472956788
C1C2=CC=CC=C2OC3=CC=CC=C31,C1COCCO1,298.15,K,0.315006134127923
C1=CC=C2C(=C1)NC3=CC=CC=C3S2,C1CCOC1,298.15,K,0.374929096575928
C1C2=CC=CC=C2OC3=CC=CC=C31,C1CCOC1,298.15,K,0.450111020228878
CC(=O)NCC(=O)O,CCCCO,278.15,K,-1.79617603947884
CC(=O)NCC(=O)O,CCCO,278.15,K,-1.67876698980863
CC(=O)NCC(=O)O,CCCCO,282.15,K,-1.72379408444191
CC(=O)NCC(=O)O,CC(C)O,278.15,K,-1.61558240353031
CC(=O)NCC(=O)O,CCCO,282.15,K,-1.59329556629719
CC(=O)NCC(=O)O,CCCCO,286.15,K,-1.65045779113283
CC(=O)NCC(=O)O,CC(C)O,282.15,K,-1.54326464487597
CC(=O)NCC(=O)O,CCCO,286.15,K,-1.52989481832581
CC(=O)NCC(=O)O,CCO,278.15,K,-1.41068113990399
CC(=O)NCC(=O)O,CCCCO,290.15,K,-1.59243568257106
CC(=O)NCC(=O)O,CCCO,290.15,K,-1.45679873318559
CC(=O)NCC(=O)O,CC(C)O,286.15,K,-1.46366448803578
CC(=O)NCC(=O)O,CCCCO,293.15,K,-1.53938344869495
CC(=O)NCC(=O)O,CCO,282.15,K,-1.33087387449231
CC(=O)NCC(=O)O,CCCO,293.15,K,-1.41233190550853
CC(=O)NCC(=O)O,CCCCO,297.15,K,-1.47665223256482
CC(=O)NCC(=O)O,CC(C)O,290.15,K,-1.39568843277187
CC(=O)NCC(=O)O,CCO,286.15,K,-1.26010095602601
CC(=O)NCC(=O)O,CC(C)O,293.15,K,-1.35859818060103
CC(=O)NCC(=O)O,CCCO,297.15,K,-1.34906716167208
CC(=O)NCC(=O)O,CCCCO,302.15,K,-1.40506256073381
CC(=O)NCC(=O)O,CCO,290.15,K,-1.19970214482298
CC(=O)NCC(=O)O,CO,278.15,K,-1.01941778566241
CC(=O)NCC(=O)O,CC(C)O,297.15,K,-1.2863273124206
CC(=O)NCC(=O)O,CCCO,302.15,K,-1.2745300836842
CC(=O)NCC(=O)O,CCO,293.15,K,-1.15406484997764
CC(=O)NCC(=O)O,CCCCO,307.15,K,-1.33769827585645
CC(=O)NCC(=O)O,CO,282.15,K,-0.937643387388639
CC(=O)NCC(=O)O,CCCO,307.15,K,-1.20092309820408
CC(=O)NCC(=O)O,CCO,297.15,K,-1.08624079582903
CC(=O)NCC(=O)O,CC(C)O,302.15,K,-1.20551294798109
CC(=O)NCC(=O)O,CCCCO,311.15,K,-1.2853918579375
CC(=O)NCC(=O)O,CCCO,311.15,K,-1.14614451676453
CC(=O)NCC(=O)O,CCCCO,315.15,K,-1.23243161936879
CC(=O)NCC(=O)O,CO,286.15,K,-0.860358587483847
CC(=O)NCC(=O)O,CCO,302.15,K,-1.01602407429151
CC(=O)NCC(=O)O,CC(C)O,307.15,K,-1.13393182723458
CC(=O)NCC(=O)O,CO,290.15,K,-0.810663523888319
CC(=O)NCC(=O)O,CCCO,315.15,K,-1.08551809037686
CC(=O)NCC(=O)O,CCCCO,319.15,K,-1.17409662942536
CC(=O)NCC(=O)O,CC(C)O,311.15,K,-1.0763715454105
CC(=O)NCC(=O)O,CCO,307.15,K,-0.938113531267216
CC(=O)NCC(=O)O,CO,293.15,K,-0.747471671185068
CC(=O)NCC(=O)O,CCCO,319.15,K,-1.02050741759807
CC(=O)NCC(=O)O,CC(C)O,315.15,K,-1.01856135654591
CC(=O)NCC(=O)O,CCO,311.15,K,-0.888042793063911
CC(=O)NCC(=O)O,CO,297.15,K,-0.678985823928658
CC(=O)NCC(=O)O,CC(C)O,319.15,K,-0.956428164721119
CC(=O)NCC(=O)O,CCO,315.15,K,-0.820229525431342
CC(=O)NCC(=O)O,CO,302.15,K,-0.599095283599961
CC(=O)NCC(=O)O,CCO,319.15,K,-0.758226526216731
CC(=O)NCC(=O)O,CO,307.15,K,-0.523281543772243
CC(=O)NCC(=O)O,CO,311.15,K,-0.468644583088443
CC(=O)NCC(=O)O,CO,315.15,K,-0.404319492859752
CC(=O)NCC(=O)O,CO,319.15,K,-0.338831324384647
COC1=CC=C(C=C1)C(=O)O,CC(O)COC(C)(C)C,298.15,K,-0.731257063103725
C1=CC(=CC=C1C(=O)O)Cl,CCCCOCCO,298.15,K,-0.629150423327878
C1=CC(=CC=C1C(=O)O)Cl,CCCOCCO,298.15,K,-0.553322182483099
COC1=CC=C(C=C1)C(=O)O,CCCOCCO,298.15,K,-0.519759553424229
C1=CC(=CC=C1C(=O)O)Cl,CCOCCO,298.15,K,-0.445113818421897
C1=CC(=CC=C1C(=O)O)Cl,CC(C)OCCO,298.15,K,-0.49703909111853
COC1=CC=C(C=C1)C(=O)O,CC(C)OCCO,298.15,K,-0.488219873923976
COC1=CC=C(C=C1)C(=O)O,COC(C)CCO,298.15,K,-0.464042146743842
COC1=CC=C(C=C1)C(=O)O,CCCCOCCO,298.15,K,-0.516668337357905
COC1=CC=C(C=C1)C(=O)O,CCOCCO,298.15,K,-0.354462549082363
CC(=O)NC1=CC=C(C=C1)O,CC(O)COC(C)(C)C,298.15,K,-0.542984814770987
CC(=O)NC1=CC=C(C=C1)O,CCCCOCCO,298.15,K,-0.303071450414212
CC(=O)NC1=CC=C(C=C1)O,COC(C)CCO,298.15,K,-0.191561782191975
CC(=O)NC1=CC=C(C=C1)O,CCCOCCO,298.15,K,-0.114667921543888
C1=CC=C(C(=C1)C(=O)N)O,COC(C)CCO,298.15,K,-0.082395734759931
CC(=O)NC1=CC=C(C=C1)O,CC(C)OCCO,298.15,K,-0.077207261736701
C1=CC=C(C(=C1)C(=O)N)O,CCCCOCCO,298.15,K,-0.129205852359214
C1=CC=C(C(=C1)C(=O)N)O,CC(O)COC(C)(C)C,298.15,K,-0.137557499622091
C1=CC=C(C(=C1)C(=O)N)O,CC(C)OCCO,298.15,K,0.002563974674933
C1=CC=C(C(=C1)C(=O)N)O,CCCOCCO,298.15,K,0.031530361669057
CC(=O)NC1=CC=C(C=C1)O,CCOCCO,298.15,K,0.167667153408725
C1=CC=C(C(=C1)C(=O)N)O,CCOCCO,298.15,K,0.195936702007644
C1=CC=C(C=C1)C2=CC=CC=C2,CCOCCO,298.15,K,0.227952671259205
C1=CC=C(C=C1)C2=CC=CC=C2,COC(C)CCO,298.15,K,0.184451800652862
C1=CC=C(C=C1)C2=CC=CC=C2,CCCCOCCO,298.15,K,0.145801380635228
C1=CC=C(C=C1)C2=CC=CC=C2,CC(C)OCCO,298.15,K,0.222332628813049
C1=CC=C(C=C1)C2=CC=CC=C2,CCCOCCO,298.15,K,0.249205346154776
CC1=CC(=CC=C1)C(=O)O,COC(C)CCO,298.15,K,0.362883055015592
CC1=CC(=CC=C1)C(=O)O,CCOCCO,298.15,K,0.43852950503609
CC1=CC(=CC=C1)C(=O)O,CCCOCCO,298.15,K,0.369249176452311
CC1=CC(=CC=C1)C(=O)O,CCCCOCCO,298.15,K,0.323413792818004
CC1=CC(=CC=C1)C(=O)O,CC(O)COC(C)(C)C,298.15,K,0.285181505545232
CC1=CC(=CC=C1)C(=O)O,CC(C)OCCO,298.15,K,0.407140660984461
CCCCOC(=O)C1=CC=C(C=C1)N,Cc1ccccc1,268.15,K,-0.495399091061913
CCCCOC(=O)C1=CC=C(C=C1)N,CC(C)O,268.15,K,-0.31148628654615
CCCCOC(=O)C1=CC=C(C=C1)N,CO,268.15,K,0.036361390705293
CCCCOC(=O)C1=CC=C(C=C1)N,CCCCO,268.15,K,-0.320245909291246
CCCCOC(=O)C1=CC=C(C=C1)N,CCCO,268.15,K,-0.211366267311664
CCCCOC(=O)C1=CC=C(C=C1)N,CC(C)O,273.15,K,-0.180354969263098
CCCCOC(=O)C1=CC=C(C=C1)N,Cc1ccccc1,273.15,K,-0.323928952172816
CCCCOC(=O)C1=CC=C(C=C1)N,CCCCO,273.15,K,-0.205249478189298
CCCCOC(=O)C1=CC=C(C=C1)N,CO,273.15,K,0.176302660122643
CCCCOC(=O)C1=CC=C(C=C1)N,CCCO,273.15,K,-0.091908369966274
CCCCOC(=O)C1=CC=C(C=C1)N,CC(C)O,278.15,K,-0.033625415920453
CCCCOC(=O)C1=CC=C(C=C1)N,Cc1ccccc1,278.15,K,-0.156112930816894
CCCCOC(=O)C1=CC=C(C=C1)N,CCCCO,278.15,K,-0.071921731611849
CCCCOC(=O)C1=CC=C(C=C1)N,CO,278.15,K,0.315550562955232
CCCCOC(=O)C1=CC=C(C=C1)N,CCCO,278.15,K,0.054331984483622
CCCCOC(=O)C1=CC=C(C=C1)N,CC(C)O,283.15,K,0.122342829158892
CCCCOC(=O)C1=CC=C(C=C1)N,CCCCO,283.15,K,0.063896573671273
CCCCOC(=O)C1=CC=C(C=C1)N,CCCO,283.15,K,0.186130621276686
CCCCOC(=O)C1=CC=C(C=C1)N,CO,283.15,K,0.463069056300279
CCCCOC(=O)C1=CC=C(C=C1)N,Cc1ccccc1,283.15,K,0.061564042861787
CCCCOC(=O)C1=CC=C(C=C1)N,CC(C)O,288.15,K,0.286110402452139
CCCCOC(=O)C1=CC=C(C=C1)N,CCCCO,288.15,K,0.226603933383674
CCCCOC(=O)C1=CC=C(C=C1)N,CCCO,288.15,K,0.318226614139853
CCCCOC(=O)C1=CC=C(C=C1)N,CO,288.15,K,0.614475772668347
CCCCOC(=O)C1=CC=C(C=C1)N,Cc1ccccc1,288.15,K,0.219460795378231
CCCCOC(=O)C1=CC=C(C=C1)N,CCCCO,293.15,K,0.388919088638752
CCCCOC(=O)C1=CC=C(C=C1)N,CC(C)O,293.15,K,0.472869308168644
CCCCOC(=O)C1=CC=C(C=C1)N,CCCO,293.15,K,0.485307062894278
CCCCOC(=O)C1=CC=C(C=C1)N,CO,293.15,K,0.785765223834136
CCCCOC(=O)C1=CC=C(C=C1)N,Cc1ccccc1,293.15,K,0.429254133509264
CCCCOC(=O)C1=CC=C(C=C1)N,CCCCO,298.15,K,0.550043250372518
CCCCOC(=O)C1=CC=C(C=C1)N,CCCO,298.15,K,0.657176313104045
CCCCOC(=O)C1=CC=C(C=C1)N,CC(C)O,298.15,K,0.663467712214264
CCCCOC(=O)C1=CC=C(C=C1)N,CO,298.15,K,0.967847806338154
CCCCOC(=O)C1=CC=C(C=C1)N,Cc1ccccc1,298.15,K,0.594395030415425
CCCCOC(=O)C1=CC=C(C=C1)N,Cc1ccccc1,273.15,K,-0.320996788728757
CCCCOC(=O)C1=CC=C(C=C1)N,CCCO,298.15,K,0.658050018390129
CCCCOC(=O)C1=CC=C(C=C1)N,CCCCO,268.15,K,-0.316975892012543
CCCCOC(=O)C1=CC=C(C=C1)N,CC(C)O,298.15,K,0.662348510640036
CCCCOC(=O)C1=CC=C(C=C1)N,CC(C)O,268.15,K,-0.307857728953871
CCCCOC(=O)C1=CC=C(C=C1)N,CCCO,268.15,K,-0.210992525297253
CCCCOC(=O)C1=CC=C(C=C1)N,CCCCO,273.15,K,-0.20645686489857
CCCCOC(=O)C1=CC=C(C=C1)N,CO,293.15,K,0.786597880312748
CCCCOC(=O)C1=CC=C(C=C1)N,Cc1ccccc1,278.15,K,-0.153971749246051
CCCCOC(=O)C1=CC=C(C=C1)N,CC(C)O,273.15,K,-0.178845896923595
CCCCOC(=O)C1=CC=C(C=C1)N,CCCO,273.15,K,-0.093837471078746
CCCCOC(=O)C1=CC=C(C=C1)N,CCCCO,278.15,K,-0.072455779361258
CCCCOC(=O)C1=CC=C(C=C1)N,CC(C)O,278.15,K,-0.035908529465627
CCCCOC(=O)C1=CC=C(C=C1)N,CO,298.15,K,0.967028230061736
CCCCOC(=O)C1=CC=C(C=C1)N,Cc1ccccc1,283.15,K,0.0600751333669
CCCCOC(=O)C1=CC=C(C=C1)N,CO,268.15,K,0.040069709884938
CCCCOC(=O)C1=CC=C(C=C1)N,CCCO,278.15,K,0.051990752440205
CCCCOC(=O)C1=CC=C(C=C1)N,CCCCO,283.15,K,0.063316689846607
CCCCOC(=O)C1=CC=C(C=C1)N,CC(C)O,283.15,K,0.124461295451369
CCCCOC(=O)C1=CC=C(C=C1)N,CO,273.15,K,0.173382055661739
CCCCOC(=O)C1=CC=C(C=C1)N,CCCO,283.15,K,0.184550808626951
CCCCOC(=O)C1=CC=C(C=C1)N,Cc1ccccc1,288.15,K,0.217725634648629
CCCCOC(=O)C1=CC=C(C=C1)N,CCCCO,288.15,K,0.225599796145864
CCCCOC(=O)C1=CC=C(C=C1)N,CC(C)O,288.15,K,0.285844760841182
CCCCOC(=O)C1=CC=C(C=C1)N,CO,278.15,K,0.312603570155531
CCCCOC(=O)C1=CC=C(C=C1)N,CCCO,288.15,K,0.317845437790033
CCCCOC(=O)C1=CC=C(C=C1)N,CCCCO,293.15,K,0.385973559569993
CCCCOC(=O)C1=CC=C(C=C1)N,Cc1ccccc1,293.15,K,0.428859786494411
CCCCOC(=O)C1=CC=C(C=C1)N,Cc1ccccc1,268.15,K,-0.502484150544361
CCCCOC(=O)C1=CC=C(C=C1)N,CO,283.15,K,0.465122809487238
CCCCOC(=O)C1=CC=C(C=C1)N,CC(C)O,293.15,K,0.473237375634565
CCCCOC(=O)C1=CC=C(C=C1)N,CCCO,293.15,K,0.485467829508399
CCCCOC(=O)C1=CC=C(C=C1)N,CCCCO,298.15,K,0.548919149249353
CCCCOC(=O)C1=CC=C(C=C1)N,Cc1ccccc1,298.15,K,0.594039571252387
CCCCOC(=O)C1=CC=C(C=C1)N,CO,288.15,K,0.614505478179266
CCOC(=O)C1=CC=C(C=C1)N,ClC(Cl)Cl,278.15,K,0.165297351381342
CCOC(=O)C1=CC=C(C=C1)N,ClC(Cl)Cl,283.15,K,0.249264889814634
CCOC(=O)C1=CC=C(C=C1)N,ClC(Cl)Cl,288.15,K,0.333317551707821
CCOC(=O)C1=CC=C(C=C1)N,ClC(Cl)Cl,293.15,K,0.410493636465595
CCOC(=O)C1=CC=C(C=C1)N,ClC(Cl)Cl,298.15,K,0.496534280204014
CCOC(=O)C1=CC=C(C=C1)N,ClC(Cl)Cl,298.15,K,0.499219932375187
CCOC(=O)C1=CC=C(C=C1)N,ClC(Cl)Cl,303.15,K,0.579034431573103
CCOC(=O)C1=CC=C(C=C1)N,ClC(Cl)Cl,303.15,K,0.582453663032075
CCOC(=O)C1=CC=C(C=C1)N,ClC(Cl)Cl,308.15,K,0.65954279712125
CCOC(=O)C1=CC=C(C=C1)N,ClC(Cl)Cl,313.15,K,0.742893726507726
CCOC(=O)C1=CC=C(C=C1)N,ClC(Cl)Cl,318.15,K,0.835805358942674
CCOC(=O)C1=CC=C(C=C1)N,ClC(Cl)Cl,323.15,K,0.922872161679609
CCOC(=O)C1=CC=C(C=C1)N,C1COCCO1,283.15,K,0.5418124357179
CCOC(=O)C1=CC=C(C=C1)N,C1COCCO1,288.15,K,0.596488563748497
CCOC(=O)C1=CC=C(C=C1)N,C1COCCO1,293.15,K,0.650441350150358
CCOC(=O)C1=CC=C(C=C1)N,C1COCCO1,298.15,K,0.707475445794792
CCOC(=O)C1=CC=C(C=C1)N,C1COCCO1,303.15,K,0.768652318139849
CCOC(=O)C1=CC=C(C=C1)N,C1COCCO1,308.15,K,0.824360592839807
CCOC(=O)C1=CC=C(C=C1)N,C1COCCO1,313.15,K,0.890463436066021
CCOC(=O)C1=CC=C(C=C1)N,C1COCCO1,318.15,K,0.951666563754327
CCOC(=O)C1=CC=C(C=C1)N,C1COCCO1,323.15,K,1.02350869980044
CCOC(=O)C1=CC=C(C=C1)N,CC(C)=O,278.15,K,0.53880041428746
CCOC(=O)C1=CC=C(C=C1)N,CC(C)=O,283.15,K,0.591430154244788
CCOC(=O)C1=CC=C(C=C1)N,CC(C)=O,288.15,K,0.639955096305673
CCOC(=O)C1=CC=C(C=C1)N,CC(C)=O,293.15,K,0.692989207800543
CCOC(=O)C1=CC=C(C=C1)N,CC(C)=O,298.15,K,0.746856528807615
CCOC(=O)C1=CC=C(C=C1)N,CC(C)=O,303.15,K,0.806858924654329
CCOC(=O)C1=CC=C(C=C1)N,CC(C)=O,303.15,K,0.810986598346144
CCOC(=O)C1=CC=C(C=C1)N,CC(C)=O,308.15,K,0.860308345575113
CCOC(=O)C1=CC=C(C=C1)N,CC(C)=O,313.15,K,0.926943198085655
CCOC(=O)C1=CC=C(C=C1)N,CC(C)=O,318.15,K,1.00632639168155
CCOC(=O)C1=CC=C(C=C1)N,CC(C)=O,323.15,K,1.08767368338535
CCOC(=O)C1=CC=C(C=C1)N,CC#N,278.15,K,0.228612093753754
CCOC(=O)C1=CC=C(C=C1)N,CC#N,283.15,K,0.318634416201196
CCOC(=O)C1=CC=C(C=C1)N,CC#N,288.15,K,0.414276922063688
CCOC(=O)C1=CC=C(C=C1)N,CC#N,293.15,K,0.50757722261361
CCOC(=O)C1=CC=C(C=C1)N,CC#N,298.15,K,0.60863194255889
CCOC(=O)C1=CC=C(C=C1)N,CC#N,298.15,K,0.612201953708871
CCOC(=O)C1=CC=C(C=C1)N,CC#N,303.15,K,0.705732739564168
CCOC(=O)C1=CC=C(C=C1)N,CC#N,303.15,K,0.700138905724956
CCOC(=O)C1=CC=C(C=C1)N,CC#N,308.15,K,0.791626329262412
CCOC(=O)C1=CC=C(C=C1)N,CC#N,313.15,K,0.891736101499
CCOC(=O)C1=CC=C(C=C1)N,CC#N,318.15,K,0.982664090509059
CCOC(=O)C1=CC=C(C=C1)N,CC#N,323.15,K,1.08450831412822
CCOC(=O)C1=CC=C(C=C1)N,Cc1ccccc1,278.15,K,-0.81226239423916
CCOC(=O)C1=CC=C(C=C1)N,Cc1ccccc1,283.15,K,-0.699557634837321
CCOC(=O)C1=CC=C(C=C1)N,Cc1ccccc1,288.15,K,-0.586261045460928
CCOC(=O)C1=CC=C(C=C1)N,Cc1ccccc1,293.15,K,-0.491361404285384
CCOC(=O)C1=CC=C(C=C1)N,Cc1ccccc1,298.15,K,-0.366423907283639
CCOC(=O)C1=CC=C(C=C1)N,Cc1ccccc1,298.15,K,-0.361083399751408
CCOC(=O)C1=CC=C(C=C1)N,Cc1ccccc1,303.15,K,-0.232756541407648
CCOC(=O)C1=CC=C(C=C1)N,Cc1ccccc1,308.15,K,-0.09450177026179
CCOC(=O)C1=CC=C(C=C1)N,Cc1ccccc1,313.15,K,0.080144828513378
CCOC(=O)C1=CC=C(C=C1)N,Cc1ccccc1,318.15,K,0.250611967770731
CCOC(=O)C1=CC=C(C=C1)N,Cc1ccccc1,323.15,K,0.438693066961426
CCOC(=O)C1=CC=C(C=C1)N,CCCCO,278.15,K,-0.483664463256601
CCOC(=O)C1=CC=C(C=C1)N,CCCCO,283.15,K,-0.392726875406204
CCOC(=O)C1=CC=C(C=C1)N,CCCCO,288.15,K,-0.297031630945673
CCOC(=O)C1=CC=C(C=C1)N,CCCCO,293.15,K,-0.197728856458822
CCOC(=O)C1=CC=C(C=C1)N,CCCCO,298.15,K,-0.088630612958811
CCOC(=O)C1=CC=C(C=C1)N,CCCCO,298.15,K,-0.083956933512886
CCOC(=O)C1=CC=C(C=C1)N,CCCCO,303.15,K,0.026683367555764
CCOC(=O)C1=CC=C(C=C1)N,CCCCO,303.15,K,0.029631179618943
CCOC(=O)C1=CC=C(C=C1)N,CCCCO,308.15,K,0.145685219392936
CCOC(=O)C1=CC=C(C=C1)N,CCCCO,313.15,K,0.278755074373802
CCOC(=O)C1=CC=C(C=C1)N,CCCCO,318.15,K,0.421906128050769
CCOC(=O)C1=CC=C(C=C1)N,CCCCO,323.15,K,0.574734373630182
CCOC(=O)C1=CC=C(C=C1)N,CCOC(C)=O,278.15,K,0.244316924538826
CCOC(=O)C1=CC=C(C=C1)N,CCOC(C)=O,283.15,K,0.303056108920231
CCOC(=O)C1=CC=C(C=C1)N,CCOC(C)=O,288.15,K,0.368002023848918
CCOC(=O)C1=CC=C(C=C1)N,CCOC(C)=O,293.15,K,0.424641219302628
CCOC(=O)C1=CC=C(C=C1)N,CCOC(C)=O,298.15,K,0.493173943204068
CCOC(=O)C1=CC=C(C=C1)N,CCOC(C)=O,298.15,K,0.495676965689112
CCOC(=O)C1=CC=C(C=C1)N,CCOC(C)=O,303.15,K,0.558421805017358
CCOC(=O)C1=CC=C(C=C1)N,CCOC(C)=O,303.15,K,0.564119362008382
CCOC(=O)C1=CC=C(C=C1)N,CCOC(C)=O,308.15,K,0.624979381855406
CCOC(=O)C1=CC=C(C=C1)N,CCOC(C)=O,313.15,K,0.699526689419098
CCOC(=O)C1=CC=C(C=C1)N,CCOC(C)=O,318.15,K,0.771148105180361
CCOC(=O)C1=CC=C(C=C1)N,CCOC(C)=O,323.15,K,0.856653857620979
CCOC(=O)C1=CC=C(C=C1)N,CO,278.15,K,0.005178087208212
CCOC(=O)C1=CC=C(C=C1)N,CO,283.15,K,0.093497473027777
CCOC(=O)C1=CC=C(C=C1)N,CO,288.15,K,0.184473829654997
CCOC(=O)C1=CC=C(C=C1)N,CO,293.15,K,0.289928649098386
CCOC(=O)C1=CC=C(C=C1)N,CO,298.15,K,0.397308101423254
CCOC(=O)C1=CC=C(C=C1)N,CO,298.15,K,0.403994573654913
CCOC(=O)C1=CC=C(C=C1)N,CO,303.15,K,0.515250825840568
CCOC(=O)C1=CC=C(C=C1)N,CO,303.15,K,0.516160611840561
CCOC(=O)C1=CC=C(C=C1)N,CO,308.15,K,0.635440518794841
CCOC(=O)C1=CC=C(C=C1)N,CO,313.15,K,0.767558144647461
CCOC(=O)C1=CC=C(C=C1)N,CO,318.15,K,0.900208872697352
CCOC(=O)C1=CC=C(C=C1)N,CO,323.15,K,1.03501381210256
OC[C@@H](O)[C@@H](O)[C@@H](O)C=O,CCCCCC,283.15,K,-3.53387162850803
OC[C@@H](O)[C@@H](O)[C@@H](O)C=O,CCCCCC,293.15,K,-3.251293649456
OC[C@@H](O)[C@@H](O)[C@@H](O)C=O,CCCCCC,303.15,K,-3.11859730897251
OC[C@@H](O)[C@@H](O)[C@@H](O)C=O,ClCCl,283.15,K,-2.78567259270428
OC[C@@H](O)[C@@H](O)[C@@H](O)C=O,CCCCCC,313.15,K,-2.88739103479398
OC[C@@H](O)[C@@H](O)[C@@H](O)C=O,CCCCCC,323.15,K,-2.82181641881413
OC[C@@H](O)[C@@H](O)[C@@H](O)C=O,ClCCl,288.15,K,-2.38904560887435
OC[C@@H](O)[C@@H](O)[C@@H](O)C=O,ClCCl,293.15,K,-2.23760866983823
OC[C@@H](O)[C@@H](O)[C@@H](O)C=O,ClCCl,298.15,K,-2.19556964297551
OC[C@@H](O)[C@@H](O)[C@@H](O)C=O,ClCCl,303.15,K,-2.08385722757231
OC[C@@H](O)[C@@H](O)[C@@H](O)C=O,CCOC(C)=O,283.15,K,-2.04202771547551
OC[C@@H](O)[C@@H](O)[C@@H](O)C=O,CCOC(C)=O,293.15,K,-1.95945505017183
OC[C@@H](O)[C@@H](O)[C@@H](O)C=O,CC#N,283.15,K,-1.67793988966802
OC[C@@H](O)[C@@H](O)[C@@H](O)C=O,CC#N,293.15,K,-1.56035144963873
OC[C@@H](O)[C@@H](O)[C@@H](O)C=O,CCOC(C)=O,303.15,K,-1.78573541870353
OC[C@@H](O)[C@@H](O)[C@@H](O)C=O,CC#N,303.15,K,-1.38290559972604
OC[C@@H](O)[C@@H](O)[C@@H](O)C=O,CC(C)=O,283.15,K,-1.48885495530838
OC[C@@H](O)[C@@H](O)[C@@H](O)C=O,CCOC(C)=O,313.15,K,-1.59161979072364
OC[C@@H](O)[C@@H](O)[C@@H](O)C=O,CC(C)=O,293.15,K,-1.38471337318188
OC[C@@H](O)[C@@H](O)[C@@H](O)C=O,CC(C)CO,283.15,K,-1.43591471528482
OC[C@@H](O)[C@@H](O)[C@@H](O)C=O,CC#N,313.15,K,-1.17660258849075
OC[C@@H](O)[C@@H](O)[C@@H](O)C=O,CCOC(C)=O,323.15,K,-1.45043079936355
OC[C@@H](O)[C@@H](O)[C@@H](O)C=O,CCCCO,283.15,K,-1.36670333605584
OC[C@@H](O)[C@@H](O)[C@@H](O)C=O,CC(C)CO,293.15,K,-1.33897029340717
OC[C@@H](O)[C@@H](O)[C@@H](O)C=O,CC(C)O,283.15,K,-1.21663990947405
OC[C@@H](O)[C@@H](O)[C@@H](O)C=O,CCC(C)O,283.15,K,-1.27196482321651
OC[C@@H](O)[C@@H](O)[C@@H](O)C=O,CCCCO,293.15,K,-1.27372678140887
OC[C@@H](O)[C@@H](O)[C@@H](O)C=O,CC(C)=O,303.15,K,-1.16260699154933
OC[C@@H](O)[C@@H](O)[C@@H](O)C=O,CCCO,283.15,K,-1.15534707359303
OC[C@@H](O)[C@@H](O)[C@@H](O)C=O,CCC(C)O,293.15,K,-1.20698919404021
OC[C@@H](O)[C@@H](O)[C@@H](O)C=O,CC#N,323.15,K,-0.938385469814598
OC[C@@H](O)[C@@H](O)[C@@H](O)C=O,CC(C)CO,303.15,K,-1.16724806913599
OC[C@@H](O)[C@@H](O)[C@@H](O)C=O,CCCO,293.15,K,-1.03100344427976
OC[C@@H](O)[C@@H](O)[C@@H](O)C=O,CC(C)O,293.15,K,-1.03317538864717
OC[C@@H](O)[C@@H](O)[C@@H](O)C=O,CC(C)=O,313.15,K,-0.988239805775702
OC[C@@H](O)[C@@H](O)[C@@H](O)C=O,CCO,283.15,K,-0.855551538628366
OC[C@@H](O)[C@@H](O)[C@@H](O)C=O,CCCCO,303.15,K,-1.05141529286302
OC[C@@H](O)[C@@H](O)[C@@H](O)C=O,CCC(C)O,303.15,K,-1.01271726939193
OC[C@@H](O)[C@@H](O)[C@@H](O)C=O,CCO,288.15,K,-0.770301230315641
OC[C@@H](O)[C@@H](O)[C@@H](O)C=O,CC(C)CO,313.15,K,-0.96134485580223
OC[C@@H](O)[C@@H](O)[C@@H](O)C=O,CCCO,303.15,K,-0.824817127790241
OC[C@@H](O)[C@@H](O)[C@@H](O)C=O,CC(C)O,303.15,K,-0.814714081862327
OC[C@@H](O)[C@@H](O)[C@@H](O)C=O,CC(C)=O,323.15,K,-0.805800176728384
OC[C@@H](O)[C@@H](O)[C@@H](O)C=O,CCO,293.15,K,-0.678333274942662
OC[C@@H](O)[C@@H](O)[C@@H](O)C=O,CCO,293.15,K,-0.674202950610655
OC[C@@H](O)[C@@H](O)[C@@H](O)C=O,CCCCO,313.15,K,-0.871912254046377
OC[C@@H](O)[C@@H](O)[C@@H](O)C=O,CCC(C)O,313.15,K,-0.78432045698398
OC[C@@H](O)[C@@H](O)[C@@H](O)C=O,CC(C)CO,323.15,K,-0.776755859745744
OC[C@@H](O)[C@@H](O)[C@@H](O)C=O,CCO,298.15,K,-0.544993275536525
OC[C@@H](O)[C@@H](O)[C@@H](O)C=O,CCCO,313.15,K,-0.621951960475348
OC[C@@H](O)[C@@H](O)[C@@H](O)C=O,CCCCO,323.15,K,-0.662266821745193
OC[C@@H](O)[C@@H](O)[C@@H](O)C=O,CC(C)O,313.15,K,-0.561966033141125
OC[C@@H](O)[C@@H](O)[C@@H](O)C=O,CCO,303.15,K,-0.432861030650436
OC[C@@H](O)[C@@H](O)[C@@H](O)C=O,CCC(C)O,323.15,K,-0.582802344249413
OC[C@@H](O)[C@@H](O)[C@@H](O)C=O,CCCO,323.15,K,-0.38803828152691
OC[C@@H](O)[C@@H](O)[C@@H](O)C=O,CO,283.15,K,-0.092445925975286
OC[C@@H](O)[C@@H](O)[C@@H](O)C=O,CCO,313.15,K,-0.162147196618869
OC[C@@H](O)[C@@H](O)[C@@H](O)C=O,CC(C)O,323.15,K,-0.250472833935013
OC[C@@H](O)[C@@H](O)[C@@H](O)C=O,CO,288.15,K,0.076253409146144
OC[C@@H](O)[C@@H](O)[C@@H](O)C=O,CO,293.15,K,0.188110555616608
OC[C@@H](O)[C@@H](O)[C@@H](O)C=O,CCO,323.15,K,0.076700305498847
OC[C@@H](O)[C@@H](O)[C@@H](O)C=O,CO,298.15,K,0.315153480394773
OC[C@@H](O)[C@@H](O)[C@@H](O)C=O,CO,303.15,K,0.469573106892165
CC(OC1=CC=C(C=C1)CCNC(C2=CC=C(C=C2)Cl)=O)(C(O)=O)C,CO,283.12,K,-1.23375703101808
CC(OC1=CC=C(C=C1)CCNC(C2=CC=C(C=C2)Cl)=O)(C(O)=O)C,CO,288.24,K,-1.20846251679595
CC(OC1=CC=C(C=C1)CCNC(C2=CC=C(C=C2)Cl)=O)(C(O)=O)C,CO,293.26,K,-1.15539106932195
CC(OC1=CC=C(C=C1)CCNC(C2=CC=C(C=C2)Cl)=O)(C(O)=O)C,CO,298.17,K,-1.08252134324298
CC(OC1=CC=C(C=C1)CCNC(C2=CC=C(C=C2)Cl)=O)(C(O)=O)C,CO,303.12,K,-0.999173133981485
CC(OC1=CC=C(C=C1)CCNC(C2=CC=C(C=C2)Cl)=O)(C(O)=O)C,CO,308.14,K,-0.915413850801849
CC(OC1=CC=C(C=C1)CCNC(C2=CC=C(C=C2)Cl)=O)(C(O)=O)C,CO,313.13,K,-0.826604826228369
CC(OC1=CC=C(C=C1)CCNC(C2=CC=C(C=C2)Cl)=O)(C(O)=O)C,CO,318.14,K,-0.73975009009888
CC(OC1=CC=C(C=C1)CCNC(C2=CC=C(C=C2)Cl)=O)(C(O)=O)C,CO,323.12,K,-0.656261590238577
CC(OC1=CC=C(C=C1)CCNC(C2=CC=C(C=C2)Cl)=O)(C(O)=O)C,CC#N,283.24,K,-2.65920617381595
CC(OC1=CC=C(C=C1)CCNC(C2=CC=C(C=C2)Cl)=O)(C(O)=O)C,CC#N,288.25,K,-2.53109596049369
CC(OC1=CC=C(C=C1)CCNC(C2=CC=C(C=C2)Cl)=O)(C(O)=O)C,CC#N,293.24,K,-2.41271503426923
CC(OC1=CC=C(C=C1)CCNC(C2=CC=C(C=C2)Cl)=O)(C(O)=O)C,CC#N,298.25,K,-2.27977286643712
CC(OC1=CC=C(C=C1)CCNC(C2=CC=C(C=C2)Cl)=O)(C(O)=O)C,CCCCOC(C)=O,283.17,K,-2.60278407691805
CC(OC1=CC=C(C=C1)CCNC(C2=CC=C(C=C2)Cl)=O)(C(O)=O)C,CC#N,303.24,K,-2.17506655060884
CC(OC1=CC=C(C=C1)CCNC(C2=CC=C(C=C2)Cl)=O)(C(O)=O)C,CCCCOC(C)=O,288.19,K,-2.51404800917101
CC(OC1=CC=C(C=C1)CCNC(C2=CC=C(C=C2)Cl)=O)(C(O)=O)C,CCC(=O)OC,283.19,K,-2.34642879878468
CC(OC1=CC=C(C=C1)CCNC(C2=CC=C(C=C2)Cl)=O)(C(O)=O)C,CCCOC(C)=O,283.16,K,-2.39595550590009
CC(OC1=CC=C(C=C1)CCNC(C2=CC=C(C=C2)Cl)=O)(C(O)=O)C,CC#N,308.22,K,-2.05639041199526
CC(OC1=CC=C(C=C1)CCNC(C2=CC=C(C=C2)Cl)=O)(C(O)=O)C,CCCCOC(C)=O,293.2,K,-2.42566737268613
CC(OC1=CC=C(C=C1)CCNC(C2=CC=C(C=C2)Cl)=O)(C(O)=O)C,CCC(=O)OC,288.22,K,-2.25325240040526
CC(OC1=CC=C(C=C1)CCNC(C2=CC=C(C=C2)Cl)=O)(C(O)=O)C,CCCOC(C)=O,288.24,K,-2.31869112501074
CC(OC1=CC=C(C=C1)CCNC(C2=CC=C(C=C2)Cl)=O)(C(O)=O)C,CCOC(C)=O,283.17,K,-2.23856953958179
CC(OC1=CC=C(C=C1)CCNC(C2=CC=C(C=C2)Cl)=O)(C(O)=O)C,CC#N,313.22,K,-1.93541684797007
CC(OC1=CC=C(C=C1)CCNC(C2=CC=C(C=C2)Cl)=O)(C(O)=O)C,CCCCOC(C)=O,298.14,K,-2.32206095000632
CC(OC1=CC=C(C=C1)CCNC(C2=CC=C(C=C2)Cl)=O)(C(O)=O)C,CCC(=O)OC,293.23,K,-2.16785748431481
CC(OC1=CC=C(C=C1)CCNC(C2=CC=C(C=C2)Cl)=O)(C(O)=O)C,CCCOC(C)=O,293.16,K,-2.23852051375906
CC(OC1=CC=C(C=C1)CCNC(C2=CC=C(C=C2)Cl)=O)(C(O)=O)C,CCOC(C)=O,288.17,K,-2.16446425180539
CC(OC1=CC=C(C=C1)CCNC(C2=CC=C(C=C2)Cl)=O)(C(O)=O)C,CCCCOC(C)=O,303.19,K,-2.23304826076347
CC(OC1=CC=C(C=C1)CCNC(C2=CC=C(C=C2)Cl)=O)(C(O)=O)C,CCOC(C)=O,293.16,K,-2.09294876824188
CC(OC1=CC=C(C=C1)CCNC(C2=CC=C(C=C2)Cl)=O)(C(O)=O)C,CC#N,318.23,K,-1.82620705854492
CC(OC1=CC=C(C=C1)CCNC(C2=CC=C(C=C2)Cl)=O)(C(O)=O)C,CCCOC(C)=O,298.18,K,-2.14822665609742
CC(OC1=CC=C(C=C1)CCNC(C2=CC=C(C=C2)Cl)=O)(C(O)=O)C,CCC(=O)OC,298.17,K,-2.06885015203214
CC(OC1=CC=C(C=C1)CCNC(C2=CC=C(C=C2)Cl)=O)(C(O)=O)C,CCCCOC(C)=O,308.16,K,-2.15329166998046
CC(OC1=CC=C(C=C1)CCNC(C2=CC=C(C=C2)Cl)=O)(C(O)=O)C,CCOC(C)=O,298.14,K,-1.99176025521445
CC(OC1=CC=C(C=C1)CCNC(C2=CC=C(C=C2)Cl)=O)(C(O)=O)C,CCCOC(C)=O,303.16,K,-2.06642872546389
CC(OC1=CC=C(C=C1)CCNC(C2=CC=C(C=C2)Cl)=O)(C(O)=O)C,CCC(=O)OC,303.23,K,-1.98768296466955
CC(OC1=CC=C(C=C1)CCNC(C2=CC=C(C=C2)Cl)=O)(C(O)=O)C,CC#N,323.24,K,-1.72556122824583
CC(OC1=CC=C(C=C1)CCNC(C2=CC=C(C=C2)Cl)=O)(C(O)=O)C,CCCCOC(C)=O,313.14,K,-2.07483797902181
CC(OC1=CC=C(C=C1)CCNC(C2=CC=C(C=C2)Cl)=O)(C(O)=O)C,CC(C)CO,282.95,K,-1.90093324262591
CC(OC1=CC=C(C=C1)CCNC(C2=CC=C(C=C2)Cl)=O)(C(O)=O)C,CCC(=O)OC,308.14,K,-1.91289890134138
CC(OC1=CC=C(C=C1)CCNC(C2=CC=C(C=C2)Cl)=O)(C(O)=O)C,CCOC(C)=O,303.17,K,-1.91477323606371
CC(OC1=CC=C(C=C1)CCNC(C2=CC=C(C=C2)Cl)=O)(C(O)=O)C,CCCOC(C)=O,308.16,K,-1.98449528871549
CC(OC1=CC=C(C=C1)CCNC(C2=CC=C(C=C2)Cl)=O)(C(O)=O)C,CCCCOC(C)=O,318.14,K,-1.99231674123303
CC(OC1=CC=C(C=C1)CCNC(C2=CC=C(C=C2)Cl)=O)(C(O)=O)C,CC(C)O,283.06,K,-1.71393850810984
CC(OC1=CC=C(C=C1)CCNC(C2=CC=C(C=C2)Cl)=O)(C(O)=O)C,CCCOC(C)=O,313.18,K,-1.90654517039332
CC(OC1=CC=C(C=C1)CCNC(C2=CC=C(C=C2)Cl)=O)(C(O)=O)C,CCOC(C)=O,308.14,K,-1.83109507908626
CC(OC1=CC=C(C=C1)CCNC(C2=CC=C(C=C2)Cl)=O)(C(O)=O)C,CCC(=O)OC,313.24,K,-1.82405131228904
CC(OC1=CC=C(C=C1)CCNC(C2=CC=C(C=C2)Cl)=O)(C(O)=O)C,CC(C)CCO,283.77,K,-1.85742757790328
CC(OC1=CC=C(C=C1)CCNC(C2=CC=C(C=C2)Cl)=O)(C(O)=O)C,CC(C)CO,288.04,K,-1.78729771279331
CC(OC1=CC=C(C=C1)CCNC(C2=CC=C(C=C2)Cl)=O)(C(O)=O)C,CCCCOC(C)=O,323.2,K,-1.91094821947931
CC(OC1=CC=C(C=C1)CCNC(C2=CC=C(C=C2)Cl)=O)(C(O)=O)C,CCCOC(C)=O,318.16,K,-1.8259179115266
CC(OC1=CC=C(C=C1)CCNC(C2=CC=C(C=C2)Cl)=O)(C(O)=O)C,CCOC(C)=O,313.17,K,-1.7512950200141
CC(OC1=CC=C(C=C1)CCNC(C2=CC=C(C=C2)Cl)=O)(C(O)=O)C,CCC(=O)OC,318.16,K,-1.73708579554351
CC(OC1=CC=C(C=C1)CCNC(C2=CC=C(C=C2)Cl)=O)(C(O)=O)C,CCC(C)=O,283.14,K,-1.66431118667834
CC(OC1=CC=C(C=C1)CCNC(C2=CC=C(C=C2)Cl)=O)(C(O)=O)C,CC(C)O,288.14,K,-1.58933838273217
CC(OC1=CC=C(C=C1)CCNC(C2=CC=C(C=C2)Cl)=O)(C(O)=O)C,CC(C)CCO,288.56,K,-1.74093065988817
CC(OC1=CC=C(C=C1)CCNC(C2=CC=C(C=C2)Cl)=O)(C(O)=O)C,CC(C)CO,292.93,K,-1.65650764741264
CC(OC1=CC=C(C=C1)CCNC(C2=CC=C(C=C2)Cl)=O)(C(O)=O)C,CCCOC(C)=O,323.16,K,-1.74556433732094
CC(OC1=CC=C(C=C1)CCNC(C2=CC=C(C=C2)Cl)=O)(C(O)=O)C,CCOC(C)=O,318.16,K,-1.66070985891868
CC(OC1=CC=C(C=C1)CCNC(C2=CC=C(C=C2)Cl)=O)(C(O)=O)C,CCC(=O)OC,323.18,K,-1.65596132309377
CC(OC1=CC=C(C=C1)CCNC(C2=CC=C(C=C2)Cl)=O)(C(O)=O)C,CCC(C)=O,288.16,K,-1.59296658456753
CC(OC1=CC=C(C=C1)CCNC(C2=CC=C(C=C2)Cl)=O)(C(O)=O)C,CCCCO,283.16,K,-1.60032436920568
CC(OC1=CC=C(C=C1)CCNC(C2=CC=C(C=C2)Cl)=O)(C(O)=O)C,CCC(C)O,283.16,K,-1.59585708323774
CC(OC1=CC=C(C=C1)CCNC(C2=CC=C(C=C2)Cl)=O)(C(O)=O)C,CCCCCO,283.23,K,-1.66123879449596
CC(OC1=CC=C(C=C1)CCNC(C2=CC=C(C=C2)Cl)=O)(C(O)=O)C,CCCO,283.13,K,-1.48987827863586
CC(OC1=CC=C(C=C1)CCNC(C2=CC=C(C=C2)Cl)=O)(C(O)=O)C,CC(C)O,293.19,K,-1.49236171172291
CC(OC1=CC=C(C=C1)CCNC(C2=CC=C(C=C2)Cl)=O)(C(O)=O)C,CC(C)CCO,293.5,K,-1.64017541058505
CC(OC1=CC=C(C=C1)CCNC(C2=CC=C(C=C2)Cl)=O)(C(O)=O)C,CCO,283.14,K,-1.34802264708257
CC(OC1=CC=C(C=C1)CCNC(C2=CC=C(C=C2)Cl)=O)(C(O)=O)C,CC(C)CO,298.24,K,-1.54951654684386
CC(OC1=CC=C(C=C1)CCNC(C2=CC=C(C=C2)Cl)=O)(C(O)=O)C,CCOC(C)=O,323.19,K,-1.58806236913822
CC(OC1=CC=C(C=C1)CCNC(C2=CC=C(C=C2)Cl)=O)(C(O)=O)C,CCC(C)=O,293.17,K,-1.52238303601342
CC(OC1=CC=C(C=C1)CCNC(C2=CC=C(C=C2)Cl)=O)(C(O)=O)C,CCCCO,288.17,K,-1.52690572391269
CC(OC1=CC=C(C=C1)CCNC(C2=CC=C(C=C2)Cl)=O)(C(O)=O)C,CCO,288.24,K,-1.31281787205201
CC(OC1=CC=C(C=C1)CCNC(C2=CC=C(C=C2)Cl)=O)(C(O)=O)C,CCCCCO,288.23,K,-1.5739965420168
CC(OC1=CC=C(C=C1)CCNC(C2=CC=C(C=C2)Cl)=O)(C(O)=O)C,CCCO,288.18,K,-1.40902577426916
CC(OC1=CC=C(C=C1)CCNC(C2=CC=C(C=C2)Cl)=O)(C(O)=O)C,CCC(C)O,288.17,K,-1.4915769427174
CC(OC1=CC=C(C=C1)CCNC(C2=CC=C(C=C2)Cl)=O)(C(O)=O)C,CC(C)O,298.24,K,-1.40348200524296
CC(OC1=CC=C(C=C1)CCNC(C2=CC=C(C=C2)Cl)=O)(C(O)=O)C,CC(C)CCO,298.59,K,-1.55292503220604
CC(OC1=CC=C(C=C1)CCNC(C2=CC=C(C=C2)Cl)=O)(C(O)=O)C,CCC(C)=O,298.16,K,-1.45720535953013
CC(OC1=CC=C(C=C1)CCNC(C2=CC=C(C=C2)Cl)=O)(C(O)=O)C,CC(C)CO,303.2,K,-1.46861233683299
CC(OC1=CC=C(C=C1)CCNC(C2=CC=C(C=C2)Cl)=O)(C(O)=O)C,CCO,293.3,K,-1.24688857543092
CC(OC1=CC=C(C=C1)CCNC(C2=CC=C(C=C2)Cl)=O)(C(O)=O)C,CCCCO,293.14,K,-1.43836026621468
CC(OC1=CC=C(C=C1)CCNC(C2=CC=C(C=C2)Cl)=O)(C(O)=O)C,CCCCCO,293.29,K,-1.49604333824216
CC(OC1=CC=C(C=C1)CCNC(C2=CC=C(C=C2)Cl)=O)(C(O)=O)C,CCCO,293.27,K,-1.32683320433544
CC(OC1=CC=C(C=C1)CCNC(C2=CC=C(C=C2)Cl)=O)(C(O)=O)C,CC(C)CCO,303.13,K,-1.47689132913617
CC(OC1=CC=C(C=C1)CCNC(C2=CC=C(C=C2)Cl)=O)(C(O)=O)C,CCC(C)O,293.14,K,-1.39928241172616
CC(OC1=CC=C(C=C1)CCNC(C2=CC=C(C=C2)Cl)=O)(C(O)=O)C,CCC(C)=O,303.17,K,-1.38780962725201
CC(OC1=CC=C(C=C1)CCNC(C2=CC=C(C=C2)Cl)=O)(C(O)=O)C,CC(C)O,303.21,K,-1.31720348768861
CC(OC1=CC=C(C=C1)CCNC(C2=CC=C(C=C2)Cl)=O)(C(O)=O)C,CCO,298.28,K,-1.17482853264809
CC(OC1=CC=C(C=C1)CCNC(C2=CC=C(C=C2)Cl)=O)(C(O)=O)C,CC(C)CO,308.22,K,-1.37263820043015
CC(OC1=CC=C(C=C1)CCNC(C2=CC=C(C=C2)Cl)=O)(C(O)=O)C,CCCCO,298.17,K,-1.35419284084378
CC(OC1=CC=C(C=C1)CCNC(C2=CC=C(C=C2)Cl)=O)(C(O)=O)C,CCCCCO,298.5,K,-1.42387677151276
CC(OC1=CC=C(C=C1)CCNC(C2=CC=C(C=C2)Cl)=O)(C(O)=O)C,CCCO,298.53,K,-1.24925327133804
CC(OC1=CC=C(C=C1)CCNC(C2=CC=C(C=C2)Cl)=O)(C(O)=O)C,CCC(C)=O,308.14,K,-1.31898249895084
CC(OC1=CC=C(C=C1)CCNC(C2=CC=C(C=C2)Cl)=O)(C(O)=O)C,CCC(C)O,298.16,K,-1.31488478874727
CC(OC1=CC=C(C=C1)CCNC(C2=CC=C(C=C2)Cl)=O)(C(O)=O)C,CC(C)CCO,308.21,K,-1.38542136484222
CC(OC1=CC=C(C=C1)CCNC(C2=CC=C(C=C2)Cl)=O)(C(O)=O)C,CC(C)O,308.16,K,-1.22446610697595
CC(OC1=CC=C(C=C1)CCNC(C2=CC=C(C=C2)Cl)=O)(C(O)=O)C,CCO,303.24,K,-1.10118296908956
CC(OC1=CC=C(C=C1)CCNC(C2=CC=C(C=C2)Cl)=O)(C(O)=O)C,CC(C)CO,313.23,K,-1.28265601058049
CC(OC1=CC=C(C=C1)CCNC(C2=CC=C(C=C2)Cl)=O)(C(O)=O)C,CCCCO,303.16,K,-1.27028441980142
CC(OC1=CC=C(C=C1)CCNC(C2=CC=C(C=C2)Cl)=O)(C(O)=O)C,O=C1CCCCC1,283.14,K,-1.31417437402705
CC(OC1=CC=C(C=C1)CCNC(C2=CC=C(C=C2)Cl)=O)(C(O)=O)C,CCCCCO,303.24,K,-1.33980186913757
CC(OC1=CC=C(C=C1)CCNC(C2=CC=C(C=C2)Cl)=O)(C(O)=O)C,CCC(C)=O,313.16,K,-1.25764796917869
CC(OC1=CC=C(C=C1)CCNC(C2=CC=C(C=C2)Cl)=O)(C(O)=O)C,CCCO,303.33,K,-1.16244415295853
CC(OC1=CC=C(C=C1)CCNC(C2=CC=C(C=C2)Cl)=O)(C(O)=O)C,CCC(C)O,303.16,K,-1.24086766848679
CC(OC1=CC=C(C=C1)CCNC(C2=CC=C(C=C2)Cl)=O)(C(O)=O)C,CCO,308.22,K,-1.03962700266055
CC(OC1=CC=C(C=C1)CCNC(C2=CC=C(C=C2)Cl)=O)(C(O)=O)C,CC(C)CCO,313.25,K,-1.29873029852297
CC(OC1=CC=C(C=C1)CCNC(C2=CC=C(C=C2)Cl)=O)(C(O)=O)C,CC(C)O,313.14,K,-1.13521103870768
CC(OC1=CC=C(C=C1)CCNC(C2=CC=C(C=C2)Cl)=O)(C(O)=O)C,CCC(C)=O,318.17,K,-1.20001299791815
CC(OC1=CC=C(C=C1)CCNC(C2=CC=C(C=C2)Cl)=O)(C(O)=O)C,CCCCO,308.14,K,-1.18776367952498
CC(OC1=CC=C(C=C1)CCNC(C2=CC=C(C=C2)Cl)=O)(C(O)=O)C,CCCCCO,308.02,K,-1.26079114370547
CC(OC1=CC=C(C=C1)CCNC(C2=CC=C(C=C2)Cl)=O)(C(O)=O)C,CC(C)CO,318.17,K,-1.19306930078865
CC(OC1=CC=C(C=C1)CCNC(C2=CC=C(C=C2)Cl)=O)(C(O)=O)C,O=C1CCCCC1,288.19,K,-1.22920183100371
CC(OC1=CC=C(C=C1)CCNC(C2=CC=C(C=C2)Cl)=O)(C(O)=O)C,CCCO,308.23,K,-1.08722232360437
CC(OC1=CC=C(C=C1)CCNC(C2=CC=C(C=C2)Cl)=O)(C(O)=O)C,CCC(C)O,308.14,K,-1.15990556690115
CC(OC1=CC=C(C=C1)CCNC(C2=CC=C(C=C2)Cl)=O)(C(O)=O)C,CCO,313.13,K,-0.950301355896652
CC(OC1=CC=C(C=C1)CCNC(C2=CC=C(C=C2)Cl)=O)(C(O)=O)C,CC(C)CCO,318.17,K,-1.21760996670249
CC(OC1=CC=C(C=C1)CCNC(C2=CC=C(C=C2)Cl)=O)(C(O)=O)C,CCC(C)=O,323.16,K,-1.13072995040206
CC(OC1=CC=C(C=C1)CCNC(C2=CC=C(C=C2)Cl)=O)(C(O)=O)C,CC(C)O,318.22,K,-1.04485741765427
CC(OC1=CC=C(C=C1)CCNC(C2=CC=C(C=C2)Cl)=O)(C(O)=O)C,CCCCCO,313.08,K,-1.1814586216454
CC(OC1=CC=C(C=C1)CCNC(C2=CC=C(C=C2)Cl)=O)(C(O)=O)C,CCCCO,313.17,K,-1.10498352542847
CC(OC1=CC=C(C=C1)CCNC(C2=CC=C(C=C2)Cl)=O)(C(O)=O)C,CCCO,313.37,K,-1.01617023448349
CC(OC1=CC=C(C=C1)CCNC(C2=CC=C(C=C2)Cl)=O)(C(O)=O)C,O=C1CCCCC1,293.24,K,-1.14711456333228
CC(OC1=CC=C(C=C1)CCNC(C2=CC=C(C=C2)Cl)=O)(C(O)=O)C,CC(C)CO,323.2,K,-1.1040436661448
CC(OC1=CC=C(C=C1)CCNC(C2=CC=C(C=C2)Cl)=O)(C(O)=O)C,CCC(C)O,313.17,K,-1.08479067308553
CC(OC1=CC=C(C=C1)CCNC(C2=CC=C(C=C2)Cl)=O)(C(O)=O)C,CCO,318.18,K,-0.87260621993099
CC(OC1=CC=C(C=C1)CCNC(C2=CC=C(C=C2)Cl)=O)(C(O)=O)C,CC(C)CCO,323.25,K,-1.13432960042512
CC(OC1=CC=C(C=C1)CCNC(C2=CC=C(C=C2)Cl)=O)(C(O)=O)C,CC(C)O,323.2,K,-0.964193995716802
CC(OC1=CC=C(C=C1)CCNC(C2=CC=C(C=C2)Cl)=O)(C(O)=O)C,CCCO,318.35,K,-0.948545423387056
CC(OC1=CC=C(C=C1)CCNC(C2=CC=C(C=C2)Cl)=O)(C(O)=O)C,CCCCCO,317.95,K,-1.10748178914768
CC(OC1=CC=C(C=C1)CCNC(C2=CC=C(C=C2)Cl)=O)(C(O)=O)C,CCCCO,318.16,K,-1.02359839207104
CC(OC1=CC=C(C=C1)CCNC(C2=CC=C(C=C2)Cl)=O)(C(O)=O)C,O=C1CCCCC1,298.14,K,-1.06211091812619
CC(OC1=CC=C(C=C1)CCNC(C2=CC=C(C=C2)Cl)=O)(C(O)=O)C,CCC(C)O,318.16,K,-1.01017830456196
CC(OC1=CC=C(C=C1)CCNC(C2=CC=C(C=C2)Cl)=O)(C(O)=O)C,CCO,323.24,K,-0.79144698095477
CC(OC1=CC=C(C=C1)CCNC(C2=CC=C(C=C2)Cl)=O)(C(O)=O)C,CCCCCO,322.74,K,-1.03139693199861
CC(OC1=CC=C(C=C1)CCNC(C2=CC=C(C=C2)Cl)=O)(C(O)=O)C,CCCO,323.26,K,-0.866137469181592
CC(OC1=CC=C(C=C1)CCNC(C2=CC=C(C=C2)Cl)=O)(C(O)=O)C,CCCCO,323.17,K,-0.952991113306526
CC(OC1=CC=C(C=C1)CCNC(C2=CC=C(C=C2)Cl)=O)(C(O)=O)C,CCC(C)O,323.16,K,-0.947201421616827
CC(OC1=CC=C(C=C1)CCNC(C2=CC=C(C=C2)Cl)=O)(C(O)=O)C,O=C1CCCCC1,303.27,K,-0.986974340263924
CC(OC1=CC=C(C=C1)CCNC(C2=CC=C(C=C2)Cl)=O)(C(O)=O)C,O=C1CCCCC1,308.13,K,-0.91031391684481
CC(OC1=CC=C(C=C1)CCNC(C2=CC=C(C=C2)Cl)=O)(C(O)=O)C,O=C1CCCCC1,313.19,K,-0.83586656483386
CC(OC1=CC=C(C=C1)CCNC(C2=CC=C(C=C2)Cl)=O)(C(O)=O)C,O=C1CCCCC1,318.22,K,-0.769958297384351
CC(OC1=CC=C(C=C1)CCNC(C2=CC=C(C=C2)Cl)=O)(C(O)=O)C,O=C1CCCCC1,323.22,K,-0.707828717850624
C([C@@H](C(=O)O)N)S,CC#N,283.15,K,-3.71383675021512
C([C@@H](C(=O)O)N)S,CC#N,293.15,K,-3.6048165461635
C([C@@H](C(=O)O)N)S,CC#N,303.15,K,-3.36375486999072
C([C@@H](C(=O)O)N)S,CCOC(C)=O,283.15,K,-3.60459151318943
C([C@@H](C(=O)O)N)S,CC(C)CO,283.15,K,-3.54650769581012
C([C@@H](C(=O)O)N)S,CC#N,313.15,K,-3.28419067133925
C([C@@H](C(=O)O)N)S,CCC(C)O,283.15,K,-3.51188231082841
C([C@@H](C(=O)O)N)S,CCOC(C)=O,293.15,K,-3.52794832443894
C([C@@H](C(=O)O)N)S,CC#N,323.15,K,-3.18149454170405
C([C@@H](C(=O)O)N)S,CC(C)CO,293.15,K,-3.38572975614275
C([C@@H](C(=O)O)N)S,CCCCO,283.15,K,-3.33391092126317
C([C@@H](C(=O)O)N)S,CCC(C)O,293.15,K,-3.30051033350388
C([C@@H](C(=O)O)N)S,CC(C)CO,303.15,K,-3.2883486479814
C([C@@H](C(=O)O)N)S,CCC(C)O,303.15,K,-3.21952186041122
C([C@@H](C(=O)O)N)S,CCOC(C)=O,303.15,K,-3.23263561575613
C([C@@H](C(=O)O)N)S,CC(C)CO,313.15,K,-3.18837399017841
C([C@@H](C(=O)O)N)S,CCC(C)O,313.15,K,-3.15953774096565
C([C@@H](C(=O)O)N)S,CCOC(C)=O,313.15,K,-3.17590534139422
C([C@@H](C(=O)O)N)S,CC(C)CO,323.15,K,-3.13275534192169
C([C@@H](C(=O)O)N)S,CCCCO,293.15,K,-3.09204608584747
C([C@@H](C(=O)O)N)S,CCC(C)O,323.15,K,-3.10824676462832
C([C@@H](C(=O)O)N)S,CCCCO,303.15,K,-3.05172371790033
C([C@@H](C(=O)O)N)S,CCOC(C)=O,323.15,K,-3.05871349718414
C([C@@H](C(=O)O)N)S,CCCCO,313.15,K,-2.94463073148256
C([C@@H](C(=O)O)N)S,CCCO,283.15,K,-2.8084454267269
C([C@@H](C(=O)O)N)S,CCCCO,323.15,K,-2.88457829505122
C([C@@H](C(=O)O)N)S,C1COCCO1,293.15,K,-2.81585992836019
C([C@@H](C(=O)O)N)S,CC(C)O,283.15,K,-2.7288543274454
C([C@@H](C(=O)O)N)S,CC(C)O,293.15,K,-2.72774666547755
C([C@@H](C(=O)O)N)S,CCCO,293.15,K,-2.7151564414306
C([C@@H](C(=O)O)N)S,CC(C)O,303.15,K,-2.68942062782889
C([C@@H](C(=O)O)N)S,C1COCCO1,303.15,K,-2.73097350716481
C([C@@H](C(=O)O)N)S,CCCO,303.15,K,-2.67075848672342
C([C@@H](C(=O)O)N)S,C1COCCO1,308.15,K,-2.67983404864003
C([C@@H](C(=O)O)N)S,CCCO,313.15,K,-2.60320501529985
C([C@@H](C(=O)O)N)S,C1COCCO1,313.15,K,-2.64106786119769
C([C@@H](C(=O)O)N)S,CC(C)O,313.15,K,-2.55465495737942
C([C@@H](C(=O)O)N)S,CCCO,323.15,K,-2.52088400194308
C([C@@H](C(=O)O)N)S,C1COCCO1,323.15,K,-2.55595552615574
C([C@@H](C(=O)O)N)S,CC(C)O,323.15,K,-2.49167464198908
C([C@@H](C(=O)O)N)S,CCO,283.15,K,-2.25191605125695
C([C@@H](C(=O)O)N)S,CCO,293.15,K,-2.24468353534685
C([C@@H](C(=O)O)N)S,CCO,303.15,K,-2.22650428436825
C([C@@H](C(=O)O)N)S,CCO,313.15,K,-2.20128519418232
C([C@@H](C(=O)O)N)S,CCO,323.15,K,-2.18873140640285
C([C@@H](C(=O)O)N)S,CC(C)=O,283.15,K,-1.83788895154813
C([C@@H](C(=O)O)N)S,CO,283.15,K,-1.34511818206732
C([C@@H](C(=O)O)N)S,CO,293.15,K,-1.29471784354034
C([C@@H](C(=O)O)N)S,CO,303.15,K,-1.27012670305448
C([C@@H](C(=O)O)N)S,CO,313.15,K,-1.24786668533903
C([C@@H](C(=O)O)N)S,CO,323.15,K,-1.18891164911926
C([C@@H](C(=O)O)N)S,CC(C)=O,293.15,K,-1.229986262703
C([C@@H](C(=O)O)N)S,CC(C)=O,303.15,K,-0.805247118929906
C([C@@H](C(=O)O)N)S,O,283.15,K,0.076091986021841
C([C@@H](C(=O)O)N)S,CC(C)=O,313.15,K,-0.541351416757691
C([C@@H](C(=O)O)N)S,O,293.15,K,0.148693289589735
C([C@@H](C(=O)O)N)S,O,303.15,K,0.219240728257022
C([C@@H](C(=O)O)N)S,CC(C)=O,323.15,K,-0.402485720797596
C([C@@H](C(=O)O)N)S,O,313.15,K,0.298968210911885
C([C@@H](C(=O)O)N)S,O,323.15,K,0.358341160796648
C1=CC2=C(NC=C2)N=C1,CCCCCC,278.15,K,-0.815546168070439
C1=CC2=C(NC=C2)N=C1,CCCCCC,283.15,K,-0.797774269060764
C1=CC2=C(NC=C2)N=C1,CCCCCC,288.15,K,-0.770789190443806
C1=CC2=C(NC=C2)N=C1,CCCCCC,293.15,K,-0.736147381258036
C1=CC2=C(NC=C2)N=C1,CCCCCC,298.15,K,-0.698652730927264
C1=CC2=C(NC=C2)N=C1,CCCCCC,303.15,K,-0.663137185804663
C1=CC2=C(NC=C2)N=C1,CCCCCC,308.15,K,-0.624183115607286
C1=CC2=C(NC=C2)N=C1,CCCCCC,313.15,K,-0.584865026436399
C1=CC2=C(NC=C2)N=C1,CCCCCC,318.15,K,-0.540082562259923
C1=CC2=C(NC=C2)N=C1,CCCCCC,323.15,K,-0.487683006606632
C1=CC2=C(NC=C2)N=C1,CC#N,278.15,K,0.382634305156587
C1=CC2=C(NC=C2)N=C1,CC#N,283.15,K,0.404587992657866
C1=CC2=C(NC=C2)N=C1,CC#N,288.15,K,0.436179793536468
C1=CC2=C(NC=C2)N=C1,CC#N,293.15,K,0.471195493872923
C1=CC2=C(NC=C2)N=C1,CC#N,298.15,K,0.512809468087813
C1=CC2=C(NC=C2)N=C1,CCO,278.15,K,0.495142703147351
C1=CC2=C(NC=C2)N=C1,CC#N,303.15,K,0.551757665485193
C1=CC2=C(NC=C2)N=C1,CCO,283.15,K,0.556544114369308
C1=CC2=C(NC=C2)N=C1,CC#N,308.15,K,0.59633727127917
C1=CC2=C(NC=C2)N=C1,CCCO,278.15,K,0.503875700506052
C1=CC2=C(NC=C2)N=C1,CCO,288.15,K,0.609759877390433
C1=CC2=C(NC=C2)N=C1,CC#N,313.15,K,0.647044017237723
C1=CC2=C(NC=C2)N=C1,CCCO,283.15,K,0.534424634624293
C1=CC2=C(NC=C2)N=C1,CC(C)O,278.15,K,0.532989937997439
C1=CC2=C(NC=C2)N=C1,CCOC(C)=O,278.15,K,0.442490065995658
C1=CC2=C(NC=C2)N=C1,CCO,293.15,K,0.660978707598381
C1=CC2=C(NC=C2)N=C1,CC#N,318.15,K,0.7014404664314
C1=CC2=C(NC=C2)N=C1,CCCO,288.15,K,0.56698008500665
C1=CC2=C(NC=C2)N=C1,CCOC(C)=O,283.15,K,0.456861706983769
C1=CC2=C(NC=C2)N=C1,CC(C)O,283.15,K,0.56558501624538
C1=CC2=C(NC=C2)N=C1,CCOC(C)=O,288.15,K,0.478546744210032
C1=CC2=C(NC=C2)N=C1,CO,278.15,K,0.870232864349598
C1=CC2=C(NC=C2)N=C1,CC(C)O,288.15,K,0.597591372824841
C1=CC2=C(NC=C2)N=C1,CCO,298.15,K,0.712031896611086
C1=CC2=C(NC=C2)N=C1,CCCO,293.15,K,0.609707799103081
C1=CC2=C(NC=C2)N=C1,CCOC(C)=O,293.15,K,0.502345083257757
C1=CC2=C(NC=C2)N=C1,CO,283.15,K,0.893683813416695
C1=CC2=C(NC=C2)N=C1,CC#N,323.15,K,0.767516428409822
C1=CC2=C(NC=C2)N=C1,CC(C)O,293.15,K,0.631822644898071
C1=CC2=C(NC=C2)N=C1,CO,288.15,K,0.918785054264458
C1=CC2=C(NC=C2)N=C1,CCOC(C)=O,298.15,K,0.535657098031571
C1=CC2=C(NC=C2)N=C1,CCO,303.15,K,0.757004954059076
C1=CC2=C(NC=C2)N=C1,CCCO,298.15,K,0.654421630345087
C1=CC2=C(NC=C2)N=C1,CC(C)=O,278.15,K,0.693367680847841
C1=CC2=C(NC=C2)N=C1,CC(C)O,298.15,K,0.665941153872458
C1=CC2=C(NC=C2)N=C1,CO,293.15,K,0.943968438320049
C1=CC2=C(NC=C2)N=C1,CCOC(C)=O,303.15,K,0.561538411008423
C1=CC2=C(NC=C2)N=C1,CCCO,303.15,K,0.69566012305317
C1=CC2=C(NC=C2)N=C1,CCO,308.15,K,0.806362866271878
C1=CC2=C(NC=C2)N=C1,CO,298.15,K,0.976994652207311
C1=CC2=C(NC=C2)N=C1,CC(C)O,303.15,K,0.699738472232182
C1=CC2=C(NC=C2)N=C1,CC(C)=O,283.15,K,0.735019056024489
C1=CC2=C(NC=C2)N=C1,CCOC(C)=O,308.15,K,0.597454659746984
C1=CC2=C(NC=C2)N=C1,CCCO,308.15,K,0.73344695828805
C1=CC2=C(NC=C2)N=C1,CO,303.15,K,1.00509740058998
C1=CC2=C(NC=C2)N=C1,CC(C)O,308.15,K,0.736227735759782
C1=CC2=C(NC=C2)N=C1,CCO,313.15,K,0.855302310140643
C1=CC2=C(NC=C2)N=C1,CC(C)=O,288.15,K,0.772044628587846
C1=CC2=C(NC=C2)N=C1,CCOC(C)=O,313.15,K,0.633936232216553
C1=CC2=C(NC=C2)N=C1,CO,308.15,K,1.03829768138155
C1=CC2=C(NC=C2)N=C1,CCCO,313.15,K,0.774929587196159
C1=CC2=C(NC=C2)N=C1,CC(C)O,313.15,K,0.769816319646132
C1=CC2=C(NC=C2)N=C1,CC(C)=O,293.15,K,0.811596337282782
C1=CC2=C(NC=C2)N=C1,CCOC(C)=O,318.15,K,0.674752514465614
C1=CC2=C(NC=C2)N=C1,CCO,318.15,K,0.90464321400384
C1=CC2=C(NC=C2)N=C1,CO,313.15,K,1.07585944111698
C1=CC2=C(NC=C2)N=C1,CCCO,318.15,K,0.812774817183095
C1=CC2=C(NC=C2)N=C1,CC(C)O,318.15,K,0.807522653631086
C1=CC2=C(NC=C2)N=C1,CC(C)=O,298.15,K,0.843863763184144
C1=CC2=C(NC=C2)N=C1,C1CCOC1,278.15,K,0.816002062381193
C1=CC2=C(NC=C2)N=C1,CCOC(C)=O,323.15,K,0.715931848825473
C1=CC2=C(NC=C2)N=C1,CO,318.15,K,1.11318050599338
C1=CC2=C(NC=C2)N=C1,CCO,323.15,K,0.96002699188122
C1=CC2=C(NC=C2)N=C1,CCCO,323.15,K,0.862141070075765
C1=CC2=C(NC=C2)N=C1,CC(C)O,323.15,K,0.852173891097106
C1=CC2=C(NC=C2)N=C1,CC(C)=O,303.15,K,0.881030067574989
C1=CC2=C(NC=C2)N=C1,C1CCOC1,283.15,K,0.84825955501707
C1=CC2=C(NC=C2)N=C1,CO,323.15,K,1.14982025080296
C1=CC2=C(NC=C2)N=C1,C1CCOC1,288.15,K,0.874003532352291
C1=CC2=C(NC=C2)N=C1,CC(C)=O,308.15,K,0.918416696658335
C1=CC2=C(NC=C2)N=C1,C1CCOC1,293.15,K,0.908354670382099
C1=CC2=C(NC=C2)N=C1,CC(C)=O,313.15,K,0.949472707359365
C1=CC2=C(NC=C2)N=C1,C1CCOC1,298.15,K,0.948725118835005
C1=CC2=C(NC=C2)N=C1,CC(C)=O,318.15,K,0.984561177444578
C1=CC2=C(NC=C2)N=C1,C1CCOC1,303.15,K,0.973788157743144
C1=CC2=C(NC=C2)N=C1,CC(C)=O,323.15,K,1.01555854782058
C1=CC2=C(NC=C2)N=C1,C1CCOC1,308.15,K,1.00936045532919
C1=CC2=C(NC=C2)N=C1,C1CCOC1,313.15,K,1.04270075537698
C1=CC2=C(NC=C2)N=C1,C1CCOC1,318.15,K,1.07657670658255
O=C1N=C2C=CC=CC2=N1,CCCOC(C)=O,283.15,K,-2.26617105749406
O=C1N=C2C=CC=CC2=N1,CCOC(C)=O,283.15,K,-2.12904314033833
O=C1N=C2C=CC=CC2=N1,CCC(C)=O,283.15,K,-2.07930998634149
O=C1N=C2C=CC=CC2=N1,CCCOC(C)=O,288.15,K,-2.14023375788714
O=C1N=C2C=CC=CC2=N1,COC(C)=O,283.15,K,-1.9190761235209
O=C1N=C2C=CC=CC2=N1,CCOC(C)=O,288.15,K,-2.00664646711274
O=C1N=C2C=CC=CC2=N1,CCC(C)=O,288.15,K,-1.95204691410274
O=C1N=C2C=CC=CC2=N1,CCCOC(C)=O,293.15,K,-2.0507505352653
O=C1N=C2C=CC=CC2=N1,CCOC(C)=O,293.15,K,-1.91741176879776
O=C1N=C2C=CC=CC2=N1,COC(C)=O,288.15,K,-1.82567747374275
O=C1N=C2C=CC=CC2=N1,CCC(C)=O,293.15,K,-1.8484860559812
O=C1N=C2C=CC=CC2=N1,CCCOC(C)=O,298.15,K,-1.94451757528735
O=C1N=C2C=CC=CC2=N1,COC(C)=O,293.15,K,-1.77351899483167
O=C1N=C2C=CC=CC2=N1,CCOC(C)=O,298.15,K,-1.83549757509975
O=C1N=C2C=CC=CC2=N1,CCC(C)=O,298.15,K,-1.7683884456058
O=C1N=C2C=CC=CC2=N1,CCCOC(C)=O,303.15,K,-1.84973004826603
O=C1N=C2C=CC=CC2=N1,CC(C)CO,283.15,K,-1.73875388190612
O=C1N=C2C=CC=CC2=N1,COC(C)=O,298.15,K,-1.66005855314195
O=C1N=C2C=CC=CC2=N1,CCOC(C)=O,303.15,K,-1.72898395040818
O=C1N=C2C=CC=CC2=N1,CC(C)CO,288.15,K,-1.69011066680428
O=C1N=C2C=CC=CC2=N1,CCC(C)=O,303.15,K,-1.67060042870622
O=C1N=C2C=CC=CC2=N1,CCCOC(C)=O,308.15,K,-1.76655752755749
O=C1N=C2C=CC=CC2=N1,COC(C)=O,303.15,K,-1.58403720254577
O=C1N=C2C=CC=CC2=N1,CC(C)CO,293.15,K,-1.6393617159909
O=C1N=C2C=CC=CC2=N1,CCCO,283.15,K,-1.52358412912582
O=C1N=C2C=CC=CC2=N1,CCOC(C)=O,308.15,K,-1.64922552348195
O=C1N=C2C=CC=CC2=N1,C1COCCO1,288.15,K,-1.56008156375642
O=C1N=C2C=CC=CC2=N1,CCC(C)=O,308.15,K,-1.59210657403276
O=C1N=C2C=CC=CC2=N1,CC(C)O,283.15,K,-1.49270972635556
O=C1N=C2C=CC=CC2=N1,CCCOC(C)=O,313.15,K,-1.67915678345148
O=C1N=C2C=CC=CC2=N1,CC(C)CO,298.15,K,-1.56611126119195
O=C1N=C2C=CC=CC2=N1,CO,283.15,K,-1.20066566119162
O=C1N=C2C=CC=CC2=N1,COC(C)=O,308.15,K,-1.50417963047913
O=C1N=C2C=CC=CC2=N1,CCCO,288.15,K,-1.45782617524131
O=C1N=C2C=CC=CC2=N1,CCOC(C)=O,313.15,K,-1.58014885317309
O=C1N=C2C=CC=CC2=N1,C1COCCO1,293.15,K,-1.50243207161675
O=C1N=C2C=CC=CC2=N1,CC(C)O,288.15,K,-1.43633302086188
O=C1N=C2C=CC=CC2=N1,CCCO,293.15,K,-1.42450634210357
O=C1N=C2C=CC=CC2=N1,CCC(C)=O,313.15,K,-1.5098641945671
O=C1N=C2C=CC=CC2=N1,CCO,283.15,K,-1.30708894091678
O=C1N=C2C=CC=CC2=N1,CO,288.15,K,-1.14304550936507
O=C1N=C2C=CC=CC2=N1,CC(C)CO,303.15,K,-1.50246591306603
O=C1N=C2C=CC=CC2=N1,CCCOC(C)=O,318.15,K,-1.60658314253413
O=C1N=C2C=CC=CC2=N1,COC(C)=O,313.15,K,-1.43895595454123
O=C1N=C2C=CC=CC2=N1,C1COCCO1,298.15,K,-1.44163707919505
O=C1N=C2C=CC=CC2=N1,CC(C)O,293.15,K,-1.39022396852382
O=C1N=C2C=CC=CC2=N1,CCOC(C)=O,318.15,K,-1.51079919231735
O=C1N=C2C=CC=CC2=N1,CCCCO,283.15,K,-1.46135965759365
O=C1N=C2C=CC=CC2=N1,CO,293.15,K,-1.09957139093473
O=C1N=C2C=CC=CC2=N1,CCC(C)O,283.15,K,-1.44910641071969
O=C1N=C2C=CC=CC2=N1,CCO,288.15,K,-1.25272870919911
O=C1N=C2C=CC=CC2=N1,CCCO,298.15,K,-1.35793684365514
O=C1N=C2C=CC=CC2=N1,CC(C)CO,308.15,K,-1.43094574909969
O=C1N=C2C=CC=CC2=N1,CCCCO,288.15,K,-1.41718861055551
O=C1N=C2C=CC=CC2=N1,CCC(C)=O,318.15,K,-1.42395815707148
O=C1N=C2C=CC=CC2=N1,CCCOC(C)=O,323.15,K,-1.53187411815959
O=C1N=C2C=CC=CC2=N1,CC(C)O,298.15,K,-1.3380916982983
O=C1N=C2C=CC=CC2=N1,COC(C)=O,318.15,K,-1.3591558397952
O=C1N=C2C=CC=CC2=N1,C1COCCO1,303.15,K,-1.37272942498048
O=C1N=C2C=CC=CC2=N1,CCC(C)O,288.15,K,-1.39805290296478
O=C1N=C2C=CC=CC2=N1,CCO,293.15,K,-1.20171484189347
O=C1N=C2C=CC=CC2=N1,CO,298.15,K,-1.03961583363399
O=C1N=C2C=CC=CC2=N1,CCCO,303.15,K,-1.30170083346058
O=C1N=C2C=CC=CC2=N1,CCOC(C)=O,323.15,K,-1.42399455194285
O=C1N=C2C=CC=CC2=N1,CCCCO,293.15,K,-1.37585311951635
O=C1N=C2C=CC=CC2=N1,CC(C)O,303.15,K,-1.28261585419023
O=C1N=C2C=CC=CC2=N1,CC(C)CO,313.15,K,-1.36690963677248
O=C1N=C2C=CC=CC2=N1,CCC(C)=O,323.15,K,-1.36137577232071
O=C1N=C2C=CC=CC2=N1,CO,303.15,K,-0.991625865056987
O=C1N=C2C=CC=CC2=N1,CCC(C)O,293.15,K,-1.34292985463918
O=C1N=C2C=CC=CC2=N1,CCO,298.15,K,-1.14489473091826
O=C1N=C2C=CC=CC2=N1,C1COCCO1,308.15,K,-1.31070063632776
O=C1N=C2C=CC=CC2=N1,COC(C)=O,323.15,K,-1.28590711349949
O=C1N=C2C=CC=CC2=N1,CCCO,308.15,K,-1.24248332045347
O=C1N=C2C=CC=CC2=N1,CCCCO,298.15,K,-1.31742705512377
O=C1N=C2C=CC=CC2=N1,CCO,303.15,K,-1.11150977514457
O=C1N=C2C=CC=CC2=N1,CC(C)CO,318.15,K,-1.30050204465618
O=C1N=C2C=CC=CC2=N1,CO,308.15,K,-0.938282276651392
O=C1N=C2C=CC=CC2=N1,CC(C)O,308.15,K,-1.21374365829841
O=C1N=C2C=CC=CC2=N1,CCC(C)O,298.15,K,-1.28224224934823
O=C1N=C2C=CC=CC2=N1,CCCCO,303.15,K,-1.27572693535931
O=C1N=C2C=CC=CC2=N1,C1COCCO1,313.15,K,-1.24744650143908
O=C1N=C2C=CC=CC2=N1,CCCO,313.15,K,-1.18687083227902
O=C1N=C2C=CC=CC2=N1,CCO,308.15,K,-1.06865903202847
O=C1N=C2C=CC=CC2=N1,CO,313.15,K,-0.886224254096998
O=C1N=C2C=CC=CC2=N1,CCC(C)O,303.15,K,-1.22208775209064
O=C1N=C2C=CC=CC2=N1,CCCCO,308.15,K,-1.2188066649317
O=C1N=C2C=CC=CC2=N1,CCCO,318.15,K,-1.13225878134146
O=C1N=C2C=CC=CC2=N1,CC(C)O,313.15,K,-1.13454997053679
O=C1N=C2C=CC=CC2=N1,CCO,313.15,K,-1.01577533573723
O=C1N=C2C=CC=CC2=N1,CC(C)CO,323.15,K,-1.2171420309802
O=C1N=C2C=CC=CC2=N1,C1COCCO1,318.15,K,-1.1736394951537
O=C1N=C2C=CC=CC2=N1,CO,318.15,K,-0.83055304612873
O=C1N=C2C=CC=CC2=N1,CCC(C)O,308.15,K,-1.16475285503073
O=C1N=C2C=CC=CC2=N1,CCCCO,313.15,K,-1.16409833103368
O=C1N=C2C=CC=CC2=N1,CCCO,323.15,K,-1.07486923152166
O=C1N=C2C=CC=CC2=N1,CCO,318.15,K,-0.962872764023071
O=C1N=C2C=CC=CC2=N1,CC(C)O,318.15,K,-1.06706254853266
O=C1N=C2C=CC=CC2=N1,C1COCCO1,323.15,K,-1.10485747766081
O=C1N=C2C=CC=CC2=N1,CO,323.15,K,-0.772017001328822
O=C1N=C2C=CC=CC2=N1,CCC(C)O,313.15,K,-1.11668727113161
O=C1N=C2C=CC=CC2=N1,CCCCO,318.15,K,-1.10473224933227
O=C1N=C2C=CC=CC2=N1,CCO,323.15,K,-0.901928858827445
O=C1N=C2C=CC=CC2=N1,CC(C)O,323.15,K,-0.996290827545746
O=C1N=C2C=CC=CC2=N1,C1COCCO1,328.15,K,-1.03977691455571
O=C1N=C2C=CC=CC2=N1,CCC(C)O,318.15,K,-1.06048762775658
O=C1N=C2C=CC=CC2=N1,CCCCO,323.15,K,-1.04621360413194
O=C1N=C2C=CC=CC2=N1,CCC(C)O,323.15,K,-0.989904998115673
CC(C)(C1=CC=C(C=C1)O)C2=CC=C(C=C2)O,CCC(C)O,273.15,K,-0.406330192654773
CC(C)(C1=CC=C(C=C1)O)C2=CC=C(C=C2)O,CCC(C)O,278.15,K,-0.340874037143733
CC(C)(C1=CC=C(C=C1)O)C2=CC=C(C=C2)O,CCC(C)O,283.15,K,-0.263822631009604
CC(C)(C1=CC=C(C=C1)O)C2=CC=C(C=C2)O,CC(C)O,273.15,K,-0.14919658610091
CC(C)(C1=CC=C(C=C1)O)C2=CC=C(C=C2)O,CCC(C)O,288.15,K,-0.183256494657685
CC(C)(C1=CC=C(C=C1)O)C2=CC=C(C=C2)O,CC(C)O,278.15,K,-0.068399076405989
CC(C)(C1=CC=C(C=C1)O)C2=CC=C(C=C2)O,CCC(C)O,293.15,K,-0.118265123873864
CC(C)(C1=CC=C(C=C1)O)C2=CC=C(C=C2)O,CC(C)O,283.15,K,0.011064515559591
CC(C)(C1=CC=C(C=C1)O)C2=CC=C(C=C2)O,CCC(C)O,298.15,K,-0.064346138958376
CC(C)(C1=CC=C(C=C1)O)C2=CC=C(C=C2)O,CCCCO,273.15,K,-0.045195717269366
CC(C)(C1=CC=C(C=C1)O)C2=CC=C(C=C2)O,CCC(C)O,303.15,K,-0.011196662043055
CC(C)(C1=CC=C(C=C1)O)C2=CC=C(C=C2)O,CCCCO,278.15,K,0.003367138863121
CC(C)(C1=CC=C(C=C1)O)C2=CC=C(C=C2)O,CC(C)O,288.15,K,0.091696859471233
CC(C)(C1=CC=C(C=C1)O)C2=CC=C(C=C2)O,CCC(C)O,308.15,K,0.040943493630402
CC(C)(C1=CC=C(C=C1)O)C2=CC=C(C=C2)O,O=C1CCCCC1,273.15,K,0.005979498258499
CC(C)(C1=CC=C(C=C1)O)C2=CC=C(C=C2)O,CCCCO,283.15,K,0.059891029657025
CC(C)(C1=CC=C(C=C1)O)C2=CC=C(C=C2)O,CC(C)O,293.15,K,0.147889588087249
CC(C)(C1=CC=C(C=C1)O)C2=CC=C(C=C2)O,CCC(C)O,313.15,K,0.092711865252395
CC(C)(C1=CC=C(C=C1)O)C2=CC=C(C=C2)O,CCCCO,288.15,K,0.122024099611368
CC(C)(C1=CC=C(C=C1)O)C2=CC=C(C=C2)O,CC(C)O,298.15,K,0.209687968871994
CC(C)(C1=CC=C(C=C1)O)C2=CC=C(C=C2)O,O=C1CCCCC1,278.15,K,0.084795068502768
CC(C)(C1=CC=C(C=C1)O)C2=CC=C(C=C2)O,CCCCO,293.15,K,0.173388629338195
CC(C)(C1=CC=C(C=C1)O)C2=CC=C(C=C2)O,CC(C)O,303.15,K,0.260367354646396
CC(C)(C1=CC=C(C=C1)O)C2=CC=C(C=C2)O,O=C1CCCCC1,283.15,K,0.147424486166515
CC(C)(C1=CC=C(C=C1)O)C2=CC=C(C=C2)O,CC#N,273.15,K,0.486489679704053
CC(C)(C1=CC=C(C=C1)O)C2=CC=C(C=C2)O,CCCCO,298.15,K,0.235849283528498
CC(C)(C1=CC=C(C=C1)O)C2=CC=C(C=C2)O,CC(C)O,308.15,K,0.316827968290537
CC(C)(C1=CC=C(C=C1)O)C2=CC=C(C=C2)O,NC=O,278.15,K,0.618710646541213
CC(C)(C1=CC=C(C=C1)O)C2=CC=C(C=C2)O,CC#N,278.15,K,0.504886794297748
CC(C)(C1=CC=C(C=C1)O)C2=CC=C(C=C2)O,O=C1CCCCC1,288.15,K,0.206499193320476
CC(C)(C1=CC=C(C=C1)O)C2=CC=C(C=C2)O,CCCCO,303.15,K,0.276998132367148
CC(C)(C1=CC=C(C=C1)O)C2=CC=C(C=C2)O,CC#N,283.15,K,0.53214961955069
CC(C)(C1=CC=C(C=C1)O)C2=CC=C(C=C2)O,NC=O,283.15,K,0.65446403940166
CC(C)(C1=CC=C(C=C1)O)C2=CC=C(C=C2)O,CC(C)O,313.15,K,0.362931269637954
CC(C)(C1=CC=C(C=C1)O)C2=CC=C(C=C2)O,O=C1CCCCC1,293.15,K,0.25896948073903
CC(C)(C1=CC=C(C=C1)O)C2=CC=C(C=C2)O,CC#N,288.15,K,0.564626889211195
CC(C)(C1=CC=C(C=C1)O)C2=CC=C(C=C2)O,CCCCO,308.15,K,0.322018967531014
CC(C)(C1=CC=C(C=C1)O)C2=CC=C(C=C2)O,NC=O,288.15,K,0.695425094388298
CC(C)(C1=CC=C(C=C1)O)C2=CC=C(C=C2)O,CC#N,293.15,K,0.589210822925346
CC(C)(C1=CC=C(C=C1)O)C2=CC=C(C=C2)O,CCCO,273.15,K,0.463262125788504
CC(C)(C1=CC=C(C=C1)O)C2=CC=C(C=C2)O,CC#N,298.15,K,0.612541674204561
CC(C)(C1=CC=C(C=C1)O)C2=CC=C(C=C2)O,O=C1CCCCC1,298.15,K,0.314916551080186
CC(C)(C1=CC=C(C=C1)O)C2=CC=C(C=C2)O,NC=O,293.15,K,0.734479645778544
CC(C)(C1=CC=C(C=C1)O)C2=CC=C(C=C2)O,CCCO,278.15,K,0.475971208672211
CC(C)(C1=CC=C(C=C1)O)C2=CC=C(C=C2)O,CCCCO,313.15,K,0.374412038706312
CC(C)(C1=CC=C(C=C1)O)C2=CC=C(C=C2)O,CC#N,303.15,K,0.631672629162228
CC(C)(C1=CC=C(C=C1)O)C2=CC=C(C=C2)O,CO,273.15,K,0.765979395975879
CC(C)(C1=CC=C(C=C1)O)C2=CC=C(C=C2)O,CCCO,283.15,K,0.494554605569075
CC(C)(C1=CC=C(C=C1)O)C2=CC=C(C=C2)O,CO,278.15,K,0.770959659793984
CC(C)(C1=CC=C(C=C1)O)C2=CC=C(C=C2)O,NC=O,298.15,K,0.779028714985584
CC(C)(C1=CC=C(C=C1)O)C2=CC=C(C=C2)O,CO,283.15,K,0.779532614589498
CC(C)(C1=CC=C(C=C1)O)C2=CC=C(C=C2)O,O=C1CCCCC1,303.15,K,0.363599298781698
CC(C)(C1=CC=C(C=C1)O)C2=CC=C(C=C2)O,CCCO,288.15,K,0.512047960219997
CC(C)(C1=CC=C(C=C1)O)C2=CC=C(C=C2)O,CC#N,308.15,K,0.657457263492635
CC(C)(C1=CC=C(C=C1)O)C2=CC=C(C=C2)O,CO,288.15,K,0.786796775019566
CC(C)(C1=CC=C(C=C1)O)C2=CC=C(C=C2)O,CCCO,293.15,K,0.525443455314691
CC(C)(C1=CC=C(C=C1)O)C2=CC=C(C=C2)O,CO,293.15,K,0.795814170798482
CC(C)(C1=CC=C(C=C1)O)C2=CC=C(C=C2)O,C1COCCO1,288.15,K,0.48512371606398
CC(C)(C1=CC=C(C=C1)O)C2=CC=C(C=C2)O,CO,298.15,K,0.808857691201906
CC(C)(C1=CC=C(C=C1)O)C2=CC=C(C=C2)O,CC#N,313.15,K,0.684542159243906
CC(C)(C1=CC=C(C=C1)O)C2=CC=C(C=C2)O,CCCO,298.15,K,0.541249252845416
CC(C)(C1=CC=C(C=C1)O)C2=CC=C(C=C2)O,NC=O,303.15,K,0.821646927219834
CC(C)(C1=CC=C(C=C1)O)C2=CC=C(C=C2)O,CCO,273.15,K,0.667620265263849
CC(C)(C1=CC=C(C=C1)O)C2=CC=C(C=C2)O,CO,303.15,K,0.8178279654437
CC(C)(C1=CC=C(C=C1)O)C2=CC=C(C=C2)O,CCCO,303.15,K,0.556561956701675
CC(C)(C1=CC=C(C=C1)O)C2=CC=C(C=C2)O,O=C1CCCCC1,308.15,K,0.418189264353563
CC(C)(C1=CC=C(C=C1)O)C2=CC=C(C=C2)O,CCO,278.15,K,0.678590266115352
CC(C)(C1=CC=C(C=C1)O)C2=CC=C(C=C2)O,CO,308.15,K,0.829098774120954
CC(C)(C1=CC=C(C=C1)O)C2=CC=C(C=C2)O,CCCO,308.15,K,0.569094371581618
CC(C)(C1=CC=C(C=C1)O)C2=CC=C(C=C2)O,CCO,283.15,K,0.692352365865766
CC(C)(C1=CC=C(C=C1)O)C2=CC=C(C=C2)O,CO,313.15,K,0.840464325881814
CC(C)(C1=CC=C(C=C1)O)C2=CC=C(C=C2)O,C1COCCO1,293.15,K,0.531525309557679
CC(C)(C1=CC=C(C=C1)O)C2=CC=C(C=C2)O,CCCO,313.15,K,0.581835279015778
CC(C)(C1=CC=C(C=C1)O)C2=CC=C(C=C2)O,CCO,288.15,K,0.7042403890265
CC(C)(C1=CC=C(C=C1)O)C2=CC=C(C=C2)O,NC=O,308.15,K,0.873467754429037
CC(C)(C1=CC=C(C=C1)O)C2=CC=C(C=C2)O,CCO,293.15,K,0.715378744317738
CC(C)(C1=CC=C(C=C1)O)C2=CC=C(C=C2)O,CCOC(C)=O,273.15,K,0.507491696199706
CC(C)(C1=CC=C(C=C1)O)C2=CC=C(C=C2)O,O=C1CCCCC1,313.15,K,0.464985437711163
CC(C)(C1=CC=C(C=C1)O)C2=CC=C(C=C2)O,COC(C)=O,273.15,K,0.59936043411757
CC(C)(C1=CC=C(C=C1)O)C2=CC=C(C=C2)O,CCOC(C)=O,278.15,K,0.509160447231011
CC(C)(C1=CC=C(C=C1)O)C2=CC=C(C=C2)O,COC(C)=O,278.15,K,0.598790509183647
CC(C)(C1=CC=C(C=C1)O)C2=CC=C(C=C2)O,COC(C)=O,283.15,K,0.603938633721476
CC(C)(C1=CC=C(C=C1)O)C2=CC=C(C=C2)O,CCO,298.15,K,0.730106129268005
CC(C)(C1=CC=C(C=C1)O)C2=CC=C(C=C2)O,CCOC(C)=O,283.15,K,0.514108135402059
CC(C)(C1=CC=C(C=C1)O)C2=CC=C(C=C2)O,COC(C)=O,288.15,K,0.603842271978739
CC(C)(C1=CC=C(C=C1)O)C2=CC=C(C=C2)O,CCOC(C)=O,288.15,K,0.518945181211143
CC(C)(C1=CC=C(C=C1)O)C2=CC=C(C=C2)O,C1COCCO1,298.15,K,0.579810685739278
CC(C)(C1=CC=C(C=C1)O)C2=CC=C(C=C2)O,COC(C)=O,293.15,K,0.611158495324894
CC(C)(C1=CC=C(C=C1)O)C2=CC=C(C=C2)O,CCO,303.15,K,0.743307557087777
CC(C)(C1=CC=C(C=C1)O)C2=CC=C(C=C2)O,CCOC(C)=O,293.15,K,0.523906979506814
CC(C)(C1=CC=C(C=C1)O)C2=CC=C(C=C2)O,COC(C)=O,298.15,K,0.619213103937858
CC(C)(C1=CC=C(C=C1)O)C2=CC=C(C=C2)O,CCOC(C)=O,298.15,K,0.534732572150351
CC(C)(C1=CC=C(C=C1)O)C2=CC=C(C=C2)O,NC=O,313.15,K,0.92041838805623
CC(C)(C1=CC=C(C=C1)O)C2=CC=C(C=C2)O,COC(C)=O,303.15,K,0.619640145351173
CC(C)(C1=CC=C(C=C1)O)C2=CC=C(C=C2)O,CCO,308.15,K,0.756962307096688
CC(C)(C1=CC=C(C=C1)O)C2=CC=C(C=C2)O,CCOC(C)=O,303.15,K,0.538295108556133
CC(C)(C1=CC=C(C=C1)O)C2=CC=C(C=C2)O,COC(C)=O,308.15,K,0.625904064684568
CC(C)(C1=CC=C(C=C1)O)C2=CC=C(C=C2)O,CCO,313.15,K,0.769584847362384
CC(C)(C1=CC=C(C=C1)O)C2=CC=C(C=C2)O,CCOC(C)=O,308.15,K,0.546940695642107
CC(C)(C1=CC=C(C=C1)O)C2=CC=C(C=C2)O,COC(C)=O,313.15,K,0.635882759850229
CC(C)(C1=CC=C(C=C1)O)C2=CC=C(C=C2)O,C1COCCO1,303.15,K,0.618668643592595
CC(C)(C1=CC=C(C=C1)O)C2=CC=C(C=C2)O,CCOC(C)=O,313.15,K,0.555840751718989
CC(C)(C1=CC=C(C=C1)O)C2=CC=C(C=C2)O,C1COCCO1,308.15,K,0.663799718986949
CC(C)(C1=CC=C(C=C1)O)C2=CC=C(C=C2)O,CC(C)=O,273.15,K,0.763416749039572
CC(C)(C1=CC=C(C=C1)O)C2=CC=C(C=C2)O,CN(C)C=O,273.15,K,0.751599303770596
CC(C)(C1=CC=C(C=C1)O)C2=CC=C(C=C2)O,CC(C)=O,278.15,K,0.776817287610105
CC(C)(C1=CC=C(C=C1)O)C2=CC=C(C=C2)O,C1COCCO1,313.15,K,0.705580942388292
CC(C)(C1=CC=C(C=C1)O)C2=CC=C(C=C2)O,CN(C)C=O,278.15,K,0.769943910624633
CC(C)(C1=CC=C(C=C1)O)C2=CC=C(C=C2)O,CC(C)=O,283.15,K,0.795411950475434
CC(C)(C1=CC=C(C=C1)O)C2=CC=C(C=C2)O,CC(C)=O,288.15,K,0.811579902707789
CC(C)(C1=CC=C(C=C1)O)C2=CC=C(C=C2)O,CN(C)C=O,283.15,K,0.798072904932952
CC(C)(C1=CC=C(C=C1)O)C2=CC=C(C=C2)O,CN(C)C=O,288.15,K,0.831328554014915
CC(C)(C1=CC=C(C=C1)O)C2=CC=C(C=C2)O,CN(C)C=O,293.15,K,0.865824161247125
CC(C)(C1=CC=C(C=C1)O)C2=CC=C(C=C2)O,CN(C)C=O,298.15,K,0.904616478186821
CC(C)(C1=CC=C(C=C1)O)C2=CC=C(C=C2)O,CN(C)C=O,303.15,K,0.949883336488684
CC(C)(C1=CC=C(C=C1)O)C2=CC=C(C=C2)O,CN(C)C=O,308.15,K,0.984414157579647
CC(C)(C1=CC=C(C=C1)O)C2=CC=C(C=C2)O,CN(C)C=O,313.15,K,1.02102883633808
CCCNC(=O)NS(=O)(=O)C1=CC=C(C=C1)Cl,CC(C)CCO,283.2,K,-1.3075203854472
CCCNC(=O)NS(=O)(=O)C1=CC=C(C=C1)Cl,CC(C)CO,283.13,K,-1.2271407937136
CCCNC(=O)NS(=O)(=O)C1=CC=C(C=C1)Cl,CC(C)O,283.26,K,-1.10439729084972
CCCNC(=O)NS(=O)(=O)C1=CC=C(C=C1)Cl,CC(C)CCO,288.12,K,-1.21214274102593
CCCNC(=O)NS(=O)(=O)C1=CC=C(C=C1)Cl,CCCCO,283.28,K,-1.12175937919534
CCCNC(=O)NS(=O)(=O)C1=CC=C(C=C1)Cl,CCCCCO,283.12,K,-1.18936852949836
CCCNC(=O)NS(=O)(=O)C1=CC=C(C=C1)Cl,CCCO,283.13,K,-1.02771218983869
CCCNC(=O)NS(=O)(=O)C1=CC=C(C=C1)Cl,CCCCOC(C)=O,283.12,K,-1.26875495339373
CCCNC(=O)NS(=O)(=O)C1=CC=C(C=C1)Cl,CC(C)CO,288.28,K,-1.10254042278285
CCCNC(=O)NS(=O)(=O)C1=CC=C(C=C1)Cl,CC(=O)OC(C)C,283.18,K,-1.19535615675809
CCCNC(=O)NS(=O)(=O)C1=CC=C(C=C1)Cl,CCCCCOC(C)=O,283.17,K,-1.29779612861641
CCCNC(=O)NS(=O)(=O)C1=CC=C(C=C1)Cl,CC(C)O,290.23,K,-0.948976817443926
CCCNC(=O)NS(=O)(=O)C1=CC=C(C=C1)Cl,CCC(C)O,283.22,K,-1.02466656125213
CCCNC(=O)NS(=O)(=O)C1=CC=C(C=C1)Cl,CCCCO,288.25,K,-1.0222970508577
CCCNC(=O)NS(=O)(=O)C1=CC=C(C=C1)Cl,CCO,282.98,K,-0.818826342828094
CCCNC(=O)NS(=O)(=O)C1=CC=C(C=C1)Cl,CCCO,288.17,K,-0.928107260702776
CCCNC(=O)NS(=O)(=O)C1=CC=C(C=C1)Cl,CCCCCOC(C)=O,288.12,K,-1.21647938688479
CCCNC(=O)NS(=O)(=O)C1=CC=C(C=C1)Cl,CC(=O)OC(C)C,288.22,K,-1.11018997625777
CCCNC(=O)NS(=O)(=O)C1=CC=C(C=C1)Cl,CC(C)CCO,293.28,K,-1.07166354314411
CCCNC(=O)NS(=O)(=O)C1=CC=C(C=C1)Cl,CCCCCO,289.7,K,-1.06435184285704
CCCNC(=O)NS(=O)(=O)C1=CC=C(C=C1)Cl,CC(C)CO,293.17,K,-0.989806158419643
CCCNC(=O)NS(=O)(=O)C1=CC=C(C=C1)Cl,CCC(=O)OC,283.02,K,-0.987137049162744
CCCNC(=O)NS(=O)(=O)C1=CC=C(C=C1)Cl,CCCOC(C)=O,283.17,K,-1.06435212137758
CCCNC(=O)NS(=O)(=O)C1=CC=C(C=C1)Cl,CCCCOC(C)=O,289.9,K,-1.10253042257784
CCCNC(=O)NS(=O)(=O)C1=CC=C(C=C1)Cl,CCOC(C)=O,283.17,K,-0.958923820009022
CCCNC(=O)NS(=O)(=O)C1=CC=C(C=C1)Cl,CCO,288.2,K,-0.733362750776276
CCCNC(=O)NS(=O)(=O)C1=CC=C(C=C1)Cl,CC(C)O,294.18,K,-0.850273560375115
CCCNC(=O)NS(=O)(=O)C1=CC=C(C=C1)Cl,CCCCCOC(C)=O,293.18,K,-1.13269871321914
CCCNC(=O)NS(=O)(=O)C1=CC=C(C=C1)Cl,CCCCO,293.2,K,-0.923517081651393
CCCNC(=O)NS(=O)(=O)C1=CC=C(C=C1)Cl,CC(=O)OC(C)C,293.07,K,-1.0217139753181
CCCNC(=O)NS(=O)(=O)C1=CC=C(C=C1)Cl,CCC(C)O,288.06,K,-0.913185801556175
CCCNC(=O)NS(=O)(=O)C1=CC=C(C=C1)Cl,CCCCCO,293.1,K,-0.984833304397225
CCCNC(=O)NS(=O)(=O)C1=CC=C(C=C1)Cl,CCCO,293.17,K,-0.822902234807855
CCCNC(=O)NS(=O)(=O)C1=CC=C(C=C1)Cl,CC(C)CCO,298.06,K,-0.963213806101433
CCCNC(=O)NS(=O)(=O)C1=CC=C(C=C1)Cl,CCCOC(C)=O,288.1,K,-0.97858149305598
CCCNC(=O)NS(=O)(=O)C1=CC=C(C=C1)Cl,CCCCOC(C)=O,293.4,K,-1.03875400168347
CCCNC(=O)NS(=O)(=O)C1=CC=C(C=C1)Cl,CCC(=O)OC,288.05,K,-0.891388581967784
CCCNC(=O)NS(=O)(=O)C1=CC=C(C=C1)Cl,CC(C)CO,298.17,K,-0.869135318845051
CCCNC(=O)NS(=O)(=O)C1=CC=C(C=C1)Cl,CCCCCOC(C)=O,298.1,K,-1.05723675480977
CCCNC(=O)NS(=O)(=O)C1=CC=C(C=C1)Cl,CCOC(C)=O,288.12,K,-0.864850327905048
CCCNC(=O)NS(=O)(=O)C1=CC=C(C=C1)Cl,CCCO,298.16,K,-0.739236615087352
CCCNC(=O)NS(=O)(=O)C1=CC=C(C=C1)Cl,CC(=O)OC(C)C,298.32,K,-0.93346718409137
CCCNC(=O)NS(=O)(=O)C1=CC=C(C=C1)Cl,CC(C)O,298.4,K,-0.74572010968994
CCCNC(=O)NS(=O)(=O)C1=CC=C(C=C1)Cl,CCO,293.28,K,-0.621801266552228
CCCNC(=O)NS(=O)(=O)C1=CC=C(C=C1)Cl,CCCCO,298.0,K,-0.815453301126646
CCCNC(=O)NS(=O)(=O)C1=CC=C(C=C1)Cl,CCCCCO,297.95,K,-0.880828083507958
CCCNC(=O)NS(=O)(=O)C1=CC=C(C=C1)Cl,CCC(C)O,292.95,K,-0.808534834442088
CCCNC(=O)NS(=O)(=O)C1=CC=C(C=C1)Cl,CCCCOC(C)=O,298.2,K,-0.949313339084964
CCCNC(=O)NS(=O)(=O)C1=CC=C(C=C1)Cl,CCCOC(C)=O,293.3,K,-0.875526981368967
CCCNC(=O)NS(=O)(=O)C1=CC=C(C=C1)Cl,CC(C)CCO,303.18,K,-0.848844772434364
CCCNC(=O)NS(=O)(=O)C1=CC=C(C=C1)Cl,CCC(=O)OC,293.23,K,-0.785050278147284
CCCNC(=O)NS(=O)(=O)C1=CC=C(C=C1)Cl,CCCCCOC(C)=O,303.23,K,-0.967443423921997
CCCNC(=O)NS(=O)(=O)C1=CC=C(C=C1)Cl,CCOC(C)=O,293.08,K,-0.774039247078465
CCCNC(=O)NS(=O)(=O)C1=CC=C(C=C1)Cl,CC(C)CO,303.2,K,-0.752425309031048
CCCNC(=O)NS(=O)(=O)C1=CC=C(C=C1)Cl,CC(=O)OC(C)C,303.12,K,-0.847272456957164
CCCNC(=O)NS(=O)(=O)C1=CC=C(C=C1)Cl,CCO,298.1,K,-0.521947711190252
CCCNC(=O)NS(=O)(=O)C1=CC=C(C=C1)Cl,CC(C)O,303.2,K,-0.634197065555184
CCCNC(=O)NS(=O)(=O)C1=CC=C(C=C1)Cl,CCCCO,303.1,K,-0.709123540999094
CCCNC(=O)NS(=O)(=O)C1=CC=C(C=C1)Cl,CCC(C)O,297.85,K,-0.697299315969044
CCCNC(=O)NS(=O)(=O)C1=CC=C(C=C1)Cl,CCCCCO,303.05,K,-0.771152832845022
CCCNC(=O)NS(=O)(=O)C1=CC=C(C=C1)Cl,CCCOC(C)=O,299.2,K,-0.793848532236872
CCCNC(=O)NS(=O)(=O)C1=CC=C(C=C1)Cl,CCCCOC(C)=O,303.27,K,-0.853558650244787
CCCNC(=O)NS(=O)(=O)C1=CC=C(C=C1)Cl,CCCO,303.17,K,-0.602120757665563
CCCNC(=O)NS(=O)(=O)C1=CC=C(C=C1)Cl,CCC(=O)OC,298.2,K,-0.706404362964035
CCCNC(=O)NS(=O)(=O)C1=CC=C(C=C1)Cl,CCCCCOC(C)=O,308.08,K,-0.880286920165537
CCCNC(=O)NS(=O)(=O)C1=CC=C(C=C1)Cl,CCOC(C)=O,298.1,K,-0.683066838901802
CCCNC(=O)NS(=O)(=O)C1=CC=C(C=C1)Cl,CC(C)CCO,308.22,K,-0.729243424659844
CCCNC(=O)NS(=O)(=O)C1=CC=C(C=C1)Cl,CC(=O)OC(C)C,308.18,K,-0.759166377444228
CCCNC(=O)NS(=O)(=O)C1=CC=C(C=C1)Cl,CC(C)CO,308.07,K,-0.646085612639842
CCCNC(=O)NS(=O)(=O)C1=CC=C(C=C1)Cl,CCO,303.22,K,-0.41637866456383
CCCNC(=O)NS(=O)(=O)C1=CC=C(C=C1)Cl,CCCOC(C)=O,304.23,K,-0.711004928524505
CCCNC(=O)NS(=O)(=O)C1=CC=C(C=C1)Cl,CCCCOC(C)=O,308.1,K,-0.769451786762457
CCCNC(=O)NS(=O)(=O)C1=CC=C(C=C1)Cl,CCC(=O)OC,303.08,K,-0.613303931765581
CCCNC(=O)NS(=O)(=O)C1=CC=C(C=C1)Cl,CCCCO,308.07,K,-0.589403977238489
CCCNC(=O)NS(=O)(=O)C1=CC=C(C=C1)Cl,CCCCCO,308.17,K,-0.659711097756352
CCCNC(=O)NS(=O)(=O)C1=CC=C(C=C1)Cl,CCCCCOC(C)=O,313.2,K,-0.796639891729385
CCCNC(=O)NS(=O)(=O)C1=CC=C(C=C1)Cl,CCC(C)O,303.15,K,-0.581837728458975
CCCNC(=O)NS(=O)(=O)C1=CC=C(C=C1)Cl,CC(C)O,307.73,K,-0.502280913413436
CCCNC(=O)NS(=O)(=O)C1=CC=C(C=C1)Cl,CCCO,308.14,K,-0.482224907151384
CCCNC(=O)NS(=O)(=O)C1=CC=C(C=C1)Cl,CCOC(C)=O,303.12,K,-0.595808354671578
CCCNC(=O)NS(=O)(=O)C1=CC=C(C=C1)Cl,CC(=O)OC(C)C,313.22,K,-0.671977123377745
CCCNC(=O)NS(=O)(=O)C1=CC=C(C=C1)Cl,CC(C)CCO,313.08,K,-0.616171158977779
CCCNC(=O)NS(=O)(=O)C1=CC=C(C=C1)Cl,CCCOC(C)=O,308.18,K,-0.624398462016185
CCCNC(=O)NS(=O)(=O)C1=CC=C(C=C1)Cl,CC(C)CO,313.28,K,-0.520732041358281
CCCNC(=O)NS(=O)(=O)C1=CC=C(C=C1)Cl,CCCCOC(C)=O,313.18,K,-0.672296257389153
CCCNC(=O)NS(=O)(=O)C1=CC=C(C=C1)Cl,CCO,308.17,K,-0.310501446850963
CCCNC(=O)NS(=O)(=O)C1=CC=C(C=C1)Cl,CCC(=O)OC,308.18,K,-0.511702145243383
CCCNC(=O)NS(=O)(=O)C1=CC=C(C=C1)Cl,CCCCCOC(C)=O,318.17,K,-0.704322647140691
CCCNC(=O)NS(=O)(=O)C1=CC=C(C=C1)Cl,CCOC(C)=O,308.08,K,-0.515292020969579
CCCNC(=O)NS(=O)(=O)C1=CC=C(C=C1)Cl,CCCCCO,313.17,K,-0.55296045998058
CCCNC(=O)NS(=O)(=O)C1=CC=C(C=C1)Cl,CCCCO,313.07,K,-0.464189569214329
CCCNC(=O)NS(=O)(=O)C1=CC=C(C=C1)Cl,CC(C)O,313.1,K,-0.385938842315626
CCCNC(=O)NS(=O)(=O)C1=CC=C(C=C1)Cl,CCC(C)O,308.1,K,-0.460661235627805
CCCNC(=O)NS(=O)(=O)C1=CC=C(C=C1)Cl,CC(=O)OC(C)C,318.27,K,-0.572641315509753
CCCNC(=O)NS(=O)(=O)C1=CC=C(C=C1)Cl,CCCO,313.17,K,-0.35931607416606
CCCNC(=O)NS(=O)(=O)C1=CC=C(C=C1)Cl,CCCOC(C)=O,313.2,K,-0.529526803877751
CCCNC(=O)NS(=O)(=O)C1=CC=C(C=C1)Cl,CC(C)CCO,318.33,K,-0.490761027214946
CCCNC(=O)NS(=O)(=O)C1=CC=C(C=C1)Cl,CCCCOC(C)=O,318.2,K,-0.576719755019252
CCCNC(=O)NS(=O)(=O)C1=CC=C(C=C1)Cl,CCCCCOC(C)=O,323.18,K,-0.613760010909094
CCCNC(=O)NS(=O)(=O)C1=CC=C(C=C1)Cl,CCO,313.27,K,-0.187987366974775
CCCNC(=O)NS(=O)(=O)C1=CC=C(C=C1)Cl,CCC(=O)OC,313.2,K,-0.406085535880177
CCCNC(=O)NS(=O)(=O)C1=CC=C(C=C1)Cl,CC(C)CO,318.2,K,-0.384902276087097
CCCNC(=O)NS(=O)(=O)C1=CC=C(C=C1)Cl,CCOC(C)=O,313.18,K,-0.409225704389929
CCCNC(=O)NS(=O)(=O)C1=CC=C(C=C1)Cl,CC(=O)OC(C)C,323.1,K,-0.479737710568034
CCCNC(=O)NS(=O)(=O)C1=CC=C(C=C1)Cl,CCCCCO,318.19,K,-0.42817288918236
CCCNC(=O)NS(=O)(=O)C1=CC=C(C=C1)Cl,CCC(C)O,313.18,K,-0.341685248575072
CCCNC(=O)NS(=O)(=O)C1=CC=C(C=C1)Cl,CC(C)O,318.15,K,-0.25772242153592
CCCNC(=O)NS(=O)(=O)C1=CC=C(C=C1)Cl,CCCOC(C)=O,318.32,K,-0.432802152658274
CCCNC(=O)NS(=O)(=O)C1=CC=C(C=C1)Cl,CCCCOC(C)=O,323.23,K,-0.480113695906665
CCCNC(=O)NS(=O)(=O)C1=CC=C(C=C1)Cl,CCCO,318.13,K,-0.225710914217808
CCCNC(=O)NS(=O)(=O)C1=CC=C(C=C1)Cl,CCCCO,318.02,K,-0.311734134114922
CCCNC(=O)NS(=O)(=O)C1=CC=C(C=C1)Cl,CCOC(C)=O,318.2,K,-0.318323371996952
CCCNC(=O)NS(=O)(=O)C1=CC=C(C=C1)Cl,CCC(=O)OC,318.15,K,-0.306449793677777
CCCNC(=O)NS(=O)(=O)C1=CC=C(C=C1)Cl,CCO,318.12,K,-0.054632142430652
CCCNC(=O)NS(=O)(=O)C1=CC=C(C=C1)Cl,CCCOC(C)=O,323.23,K,-0.330545617559489
CCCNC(=O)NS(=O)(=O)C1=CC=C(C=C1)Cl,CCC(C)O,318.2,K,-0.194929862782575
CCCNC(=O)NS(=O)(=O)C1=CC=C(C=C1)Cl,CCOC(C)=O,323.3,K,-0.216165352030412
CCCNC(=O)NS(=O)(=O)C1=CC=C(C=C1)Cl,CCC(=O)OC,323.5,K,-0.189201311276151
C1=CC=C2C(=C1)C(=NO2)CS(=O)(=O)N,Cc1ccccc1,273.15,K,-3.46595671338566
C1=CC=C2C(=C1)C(=NO2)CS(=O)(=O)N,Cc1ccccc1,278.15,K,-3.3158066258885
C1=CC=C2C(=C1)C(=NO2)CS(=O)(=O)N,Cc1ccccc1,283.15,K,-3.19319249982182
C1=CC=C2C(=C1)C(=NO2)CS(=O)(=O)N,Cc1ccccc1,288.15,K,-3.08453851789096
C1=CC=C2C(=C1)C(=NO2)CS(=O)(=O)N,Cc1ccccc1,293.15,K,-3.00117728962313
C1=CC=C2C(=C1)C(=NO2)CS(=O)(=O)N,Cc1ccccc1,298.15,K,-2.90891611587251
C1=CC=C2C(=C1)C(=NO2)CS(=O)(=O)N,Cc1ccccc1,303.15,K,-2.82743937874826
C1=CC=C2C(=C1)C(=NO2)CS(=O)(=O)N,CCCCO,273.15,K,-2.72265261107035
C1=CC=C2C(=C1)C(=NO2)CS(=O)(=O)N,Cc1ccccc1,308.15,K,-2.74687440346019
C1=CC=C2C(=C1)C(=NO2)CS(=O)(=O)N,Cc1ccccc1,313.15,K,-2.67413513231607
C1=CC=C2C(=C1)C(=NO2)CS(=O)(=O)N,CCCCO,278.15,K,-2.54007808711947
C1=CC=C2C(=C1)C(=NO2)CS(=O)(=O)N,CCCCO,283.15,K,-2.37381331179593
C1=CC=C2C(=C1)C(=NO2)CS(=O)(=O)N,CCCO,273.15,K,-2.25216244870466
C1=CC=C2C(=C1)C(=NO2)CS(=O)(=O)N,CCCCO,288.15,K,-2.23636531952845
C1=CC=C2C(=C1)C(=NO2)CS(=O)(=O)N,CCCO,278.15,K,-2.12952720741245
C1=CC=C2C(=C1)C(=NO2)CS(=O)(=O)N,CC(C)O,273.15,K,-2.08280672013233
C1=CC=C2C(=C1)C(=NO2)CS(=O)(=O)N,CCCO,283.15,K,-2.0256576269249
C1=CC=C2C(=C1)C(=NO2)CS(=O)(=O)N,CCCCO,293.15,K,-2.10306144058205
C1=CC=C2C(=C1)C(=NO2)CS(=O)(=O)N,CC(C)O,278.15,K,-1.97720701532134
C1=CC=C2C(=C1)C(=NO2)CS(=O)(=O)N,CCCO,288.15,K,-1.93547850309676
C1=CC=C2C(=C1)C(=NO2)CS(=O)(=O)N,CCCCO,298.15,K,-1.98303950121658
C1=CC=C2C(=C1)C(=NO2)CS(=O)(=O)N,CC(C)O,283.15,K,-1.87944256865588
C1=CC=C2C(=C1)C(=NO2)CS(=O)(=O)N,CCCO,293.15,K,-1.850282877772
C1=CC=C2C(=C1)C(=NO2)CS(=O)(=O)N,CCO,273.15,K,-1.70739377736222
C1=CC=C2C(=C1)C(=NO2)CS(=O)(=O)N,CC(C)O,288.15,K,-1.79440650088238
C1=CC=C2C(=C1)C(=NO2)CS(=O)(=O)N,CCCCO,303.15,K,-1.878683190484
C1=CC=C2C(=C1)C(=NO2)CS(=O)(=O)N,CCCO,298.15,K,-1.77365549854753
C1=CC=C2C(=C1)C(=NO2)CS(=O)(=O)N,CCO,278.15,K,-1.62870282096002
C1=CC=C2C(=C1)C(=NO2)CS(=O)(=O)N,CC(C)O,293.15,K,-1.71875362410486
C1=CC=C2C(=C1)C(=NO2)CS(=O)(=O)N,CCCCO,308.15,K,-1.79597573786344
C1=CC=C2C(=C1)C(=NO2)CS(=O)(=O)N,CCCO,303.15,K,-1.70265437119705
C1=CC=C2C(=C1)C(=NO2)CS(=O)(=O)N,CCO,283.15,K,-1.55835071482515
C1=CC=C2C(=C1)C(=NO2)CS(=O)(=O)N,CC(C)O,298.15,K,-1.64623350857548
C1=CC=C2C(=C1)C(=NO2)CS(=O)(=O)N,CCCO,308.15,K,-1.63667064791727
C1=CC=C2C(=C1)C(=NO2)CS(=O)(=O)N,CCCCO,313.15,K,-1.71830033155828
C1=CC=C2C(=C1)C(=NO2)CS(=O)(=O)N,CCO,288.15,K,-1.48932576488801
C1=CC=C2C(=C1)C(=NO2)CS(=O)(=O)N,CCCO,313.15,K,-1.58035932237809
C1=CC=C2C(=C1)C(=NO2)CS(=O)(=O)N,CC(C)O,303.15,K,-1.57211784100936
C1=CC=C2C(=C1)C(=NO2)CS(=O)(=O)N,CCO,293.15,K,-1.42002225612158
C1=CC=C2C(=C1)C(=NO2)CS(=O)(=O)N,CC(C)O,308.15,K,-1.50739460111541
C1=CC=C2C(=C1)C(=NO2)CS(=O)(=O)N,CO,273.15,K,-1.19200486312463
C1=CC=C2C(=C1)C(=NO2)CS(=O)(=O)N,CCO,298.15,K,-1.36086031085735
C1=CC=C2C(=C1)C(=NO2)CS(=O)(=O)N,CO,278.15,K,-1.16080786121989
C1=CC=C2C(=C1)C(=NO2)CS(=O)(=O)N,CC(C)O,313.15,K,-1.45394621595338
C1=CC=C2C(=C1)C(=NO2)CS(=O)(=O)N,CCO,303.15,K,-1.30736556462892
C1=CC=C2C(=C1)C(=NO2)CS(=O)(=O)N,CO,283.15,K,-1.12541363015278
C1=CC=C2C(=C1)C(=NO2)CS(=O)(=O)N,CO,288.15,K,-1.08995696252963
C1=CC=C2C(=C1)C(=NO2)CS(=O)(=O)N,CCO,308.15,K,-1.2533820570392
C1=CC=C2C(=C1)C(=NO2)CS(=O)(=O)N,CO,293.15,K,-1.05692153788125
C1=CC=C2C(=C1)C(=NO2)CS(=O)(=O)N,CCO,313.15,K,-1.20179710809603
C1=CC=C2C(=C1)C(=NO2)CS(=O)(=O)N,CO,298.15,K,-1.01738548457209
C1=CC=C2C(=C1)C(=NO2)CS(=O)(=O)N,CO,303.15,K,-0.985503746865709
C1=CC=C2C(=C1)C(=NO2)CS(=O)(=O)N,CO,308.15,K,-0.949576274672312
C1=CC=C2C(=C1)C(=NO2)CS(=O)(=O)N,CCOC(C)=O,273.15,K,-1.28047234246917
C1=CC=C2C(=C1)C(=NO2)CS(=O)(=O)N,CO,313.15,K,-0.916109214108034
C1=CC=C2C(=C1)C(=NO2)CS(=O)(=O)N,CCOC(C)=O,278.15,K,-1.23311606311897
C1=CC=C2C(=C1)C(=NO2)CS(=O)(=O)N,CC#N,273.15,K,-0.955698359568297
C1=CC=C2C(=C1)C(=NO2)CS(=O)(=O)N,CCOC(C)=O,283.15,K,-1.18600057999788
C1=CC=C2C(=C1)C(=NO2)CS(=O)(=O)N,CC#N,278.15,K,-0.868081621360291
C1=CC=C2C(=C1)C(=NO2)CS(=O)(=O)N,CCOC(C)=O,288.15,K,-1.13711072788257
C1=CC=C2C(=C1)C(=NO2)CS(=O)(=O)N,O=C1CCCCC1,273.15,K,-1.13633950129925
C1=CC=C2C(=C1)C(=NO2)CS(=O)(=O)N,CCOC(C)=O,293.15,K,-1.08773846796728
C1=CC=C2C(=C1)C(=NO2)CS(=O)(=O)N,CC#N,283.15,K,-0.796024346273755
C1=CC=C2C(=C1)C(=NO2)CS(=O)(=O)N,CCOC(C)=O,298.15,K,-1.04016907578842
C1=CC=C2C(=C1)C(=NO2)CS(=O)(=O)N,O=C1CCCCC1,278.15,K,-1.05252263815004
C1=CC=C2C(=C1)C(=NO2)CS(=O)(=O)N,CCOC(C)=O,303.15,K,-1.00054089333698
C1=CC=C2C(=C1)C(=NO2)CS(=O)(=O)N,CC#N,288.15,K,-0.71918419007472
C1=CC=C2C(=C1)C(=NO2)CS(=O)(=O)N,CCOC(C)=O,308.15,K,-0.960074695340595
C1=CC=C2C(=C1)C(=NO2)CS(=O)(=O)N,O=C1CCCCC1,283.15,K,-0.969642564981428
C1=CC=C2C(=C1)C(=NO2)CS(=O)(=O)N,CC#N,293.15,K,-0.656111260410737
C1=CC=C2C(=C1)C(=NO2)CS(=O)(=O)N,CCOC(C)=O,313.15,K,-0.923113767433997
C1=CC=C2C(=C1)C(=NO2)CS(=O)(=O)N,O=C1CCCCC1,288.15,K,-0.896135300046555
C1=CC=C2C(=C1)C(=NO2)CS(=O)(=O)N,CC#N,298.15,K,-0.59330262327342
C1=CC=C2C(=C1)C(=NO2)CS(=O)(=O)N,CCC(C)=O,273.15,K,-0.816156090333689
C1=CC=C2C(=C1)C(=NO2)CS(=O)(=O)N,CC#N,303.15,K,-0.545490961857439
C1=CC=C2C(=C1)C(=NO2)CS(=O)(=O)N,CCC(C)=O,278.15,K,-0.748984672347999
C1=CC=C2C(=C1)C(=NO2)CS(=O)(=O)N,O=C1CCCCC1,293.15,K,-0.815838784665492
C1=CC=C2C(=C1)C(=NO2)CS(=O)(=O)N,CC#N,308.15,K,-0.488728594288565
C1=CC=C2C(=C1)C(=NO2)CS(=O)(=O)N,CCC(C)=O,283.15,K,-0.685080152911666
C1=CC=C2C(=C1)C(=NO2)CS(=O)(=O)N,O=C1CCCCC1,298.15,K,-0.742982418479032
C1=CC=C2C(=C1)C(=NO2)CS(=O)(=O)N,CC#N,313.15,K,-0.443112754606702
C1=CC=C2C(=C1)C(=NO2)CS(=O)(=O)N,CN(C)C=O,273.15,K,-0.58490524517806
C1=CC=C2C(=C1)C(=NO2)CS(=O)(=O)N,CCC(C)=O,288.15,K,-0.619502023240191
C1=CC=C2C(=C1)C(=NO2)CS(=O)(=O)N,O=C1CCCCC1,303.15,K,-0.672041288144644
C1=CC=C2C(=C1)C(=NO2)CS(=O)(=O)N,C1COCCO1,288.15,K,-0.535640650172142
C1=CC=C2C(=C1)C(=NO2)CS(=O)(=O)N,CCC(C)=O,293.15,K,-0.552783940648899
C1=CC=C2C(=C1)C(=NO2)CS(=O)(=O)N,O=C1CCCCC1,308.15,K,-0.588435345811871
C1=CC=C2C(=C1)C(=NO2)CS(=O)(=O)N,CN(C)C=O,278.15,K,-0.422587590207447
C1=CC=C2C(=C1)C(=NO2)CS(=O)(=O)N,CCC(C)=O,298.15,K,-0.490113908146181
C1=CC=C2C(=C1)C(=NO2)CS(=O)(=O)N,C1COCCO1,293.15,K,-0.448248412125388
C1=CC=C2C(=C1)C(=NO2)CS(=O)(=O)N,O=C1CCCCC1,313.15,K,-0.523239802365425
C1=CC=C2C(=C1)C(=NO2)CS(=O)(=O)N,CCC(C)=O,303.15,K,-0.43962199908668
C1=CC=C2C(=C1)C(=NO2)CS(=O)(=O)N,C1COCCO1,298.15,K,-0.368072776329414
C1=CC=C2C(=C1)C(=NO2)CS(=O)(=O)N,CCC(C)=O,308.15,K,-0.390666258513668
C1=CC=C2C(=C1)C(=NO2)CS(=O)(=O)N,CN(C)C=O,283.15,K,-0.292547592649797
C1=CC=C2C(=C1)C(=NO2)CS(=O)(=O)N,CCC(C)=O,313.15,K,-0.34418706388898
C1=CC=C2C(=C1)C(=NO2)CS(=O)(=O)N,C1COCCO1,303.15,K,-0.297289782083262
C1=CC=C2C(=C1)C(=NO2)CS(=O)(=O)N,CN(C)C=O,288.15,K,-0.192344226676133
C1=CC=C2C(=C1)C(=NO2)CS(=O)(=O)N,C1COCCO1,308.15,K,-0.227443257533182
C1=CC=C2C(=C1)C(=NO2)CS(=O)(=O)N,C1COCCO1,313.15,K,-0.164741808663531
C1=CC=C2C(=C1)C(=NO2)CS(=O)(=O)N,CN(C)C=O,293.15,K,-0.100663508383903
C1=CC=C2C(=C1)C(=NO2)CS(=O)(=O)N,CN(C)C=O,298.15,K,-0.02106911389951
C1=CC=C2C(=C1)C(=NO2)CS(=O)(=O)N,CN(C)C=O,303.15,K,0.055131086011002
C1=CC=C2C(=C1)C(=NO2)CS(=O)(=O)N,CN(C)C=O,308.15,K,0.126428388137987
C1=CC=C2C(=C1)C(=NO2)CS(=O)(=O)N,CN(C)C=O,313.15,K,0.186099006797651
CC(=O)OC1=CC=CC=C1C(=O)NC2=NC=C(S2)[N+](=O)[O-],Cc1ccccc1,273.15,K,-3.13608730955448
CC(=O)OC1=CC=CC=C1C(=O)NC2=NC=C(S2)[N+](=O)[O-],Cc1ccccc1,278.15,K,-3.02352773928949
CC(=O)OC1=CC=CC=C1C(=O)NC2=NC=C(S2)[N+](=O)[O-],CO,273.15,K,-2.58403141324481
CC(=O)OC1=CC=CC=C1C(=O)NC2=NC=C(S2)[N+](=O)[O-],CCO,273.15,K,-2.68847343434883
CC(=O)OC1=CC=CC=C1C(=O)NC2=NC=C(S2)[N+](=O)[O-],Cc1ccccc1,283.15,K,-2.93153632530288
CC(=O)OC1=CC=CC=C1C(=O)NC2=NC=C(S2)[N+](=O)[O-],CO,278.15,K,-2.49916578843545
CC(=O)OC1=CC=CC=C1C(=O)NC2=NC=C(S2)[N+](=O)[O-],CCCO,273.15,K,-2.72518537949893
CC(=O)OC1=CC=CC=C1C(=O)NC2=NC=C(S2)[N+](=O)[O-],Cc1ccccc1,288.15,K,-2.8593796455415
CC(=O)OC1=CC=CC=C1C(=O)NC2=NC=C(S2)[N+](=O)[O-],CCO,278.15,K,-2.59159735632519
CC(=O)OC1=CC=CC=C1C(=O)NC2=NC=C(S2)[N+](=O)[O-],CO,283.15,K,-2.42549986522211
CC(=O)OC1=CC=CC=C1C(=O)NC2=NC=C(S2)[N+](=O)[O-],CC(C)O,273.15,K,-2.66377455061236
CC(=O)OC1=CC=CC=C1C(=O)NC2=NC=C(S2)[N+](=O)[O-],Cc1ccccc1,293.15,K,-2.79559648623522
CC(=O)OC1=CC=CC=C1C(=O)NC2=NC=C(S2)[N+](=O)[O-],CCCO,278.15,K,-2.62883579708903
CC(=O)OC1=CC=CC=C1C(=O)NC2=NC=C(S2)[N+](=O)[O-],CCCCO,273.15,K,-2.70758625841671
CC(=O)OC1=CC=CC=C1C(=O)NC2=NC=C(S2)[N+](=O)[O-],CO,288.15,K,-2.35627514057709
CC(=O)OC1=CC=CC=C1C(=O)NC2=NC=C(S2)[N+](=O)[O-],CCO,283.15,K,-2.50832809671474
CC(=O)OC1=CC=CC=C1C(=O)NC2=NC=C(S2)[N+](=O)[O-],Cc1ccccc1,298.15,K,-2.73268607796844
CC(=O)OC1=CC=CC=C1C(=O)NC2=NC=C(S2)[N+](=O)[O-],CO,293.15,K,-2.30128649234959
CC(=O)OC1=CC=CC=C1C(=O)NC2=NC=C(S2)[N+](=O)[O-],CC(C)O,278.15,K,-2.57028805589715
CC(=O)OC1=CC=CC=C1C(=O)NC2=NC=C(S2)[N+](=O)[O-],CCO,288.15,K,-2.43923187314595
CC(=O)OC1=CC=CC=C1C(=O)NC2=NC=C(S2)[N+](=O)[O-],CCCO,283.15,K,-2.54481911271558
CC(=O)OC1=CC=CC=C1C(=O)NC2=NC=C(S2)[N+](=O)[O-],CCCCO,278.15,K,-2.62465764402307
CC(=O)OC1=CC=CC=C1C(=O)NC2=NC=C(S2)[N+](=O)[O-],Cc1ccccc1,303.15,K,-2.67853341188972
CC(=O)OC1=CC=CC=C1C(=O)NC2=NC=C(S2)[N+](=O)[O-],CO,298.15,K,-2.24495269460628
CC(=O)OC1=CC=CC=C1C(=O)NC2=NC=C(S2)[N+](=O)[O-],CC(C)O,283.15,K,-2.49242285995841
CC(=O)OC1=CC=CC=C1C(=O)NC2=NC=C(S2)[N+](=O)[O-],CCO,293.15,K,-2.37492387207005
CC(=O)OC1=CC=CC=C1C(=O)NC2=NC=C(S2)[N+](=O)[O-],CCCO,288.15,K,-2.47331169634113
CC(=O)OC1=CC=CC=C1C(=O)NC2=NC=C(S2)[N+](=O)[O-],CCCCO,283.15,K,-2.54713370105441
CC(=O)OC1=CC=CC=C1C(=O)NC2=NC=C(S2)[N+](=O)[O-],Cc1ccccc1,308.15,K,-2.62145844633058
CC(=O)OC1=CC=CC=C1C(=O)NC2=NC=C(S2)[N+](=O)[O-],CO,303.15,K,-2.19496779076844
CC(=O)OC1=CC=CC=C1C(=O)NC2=NC=C(S2)[N+](=O)[O-],CCO,298.15,K,-2.31336992467887
CC(=O)OC1=CC=CC=C1C(=O)NC2=NC=C(S2)[N+](=O)[O-],CC(C)O,288.15,K,-2.42257652512324
CC(=O)OC1=CC=CC=C1C(=O)NC2=NC=C(S2)[N+](=O)[O-],CCCO,293.15,K,-2.41105751487011
CC(=O)OC1=CC=CC=C1C(=O)NC2=NC=C(S2)[N+](=O)[O-],Cc1ccccc1,313.15,K,-2.5715655819372
CC(=O)OC1=CC=CC=C1C(=O)NC2=NC=C(S2)[N+](=O)[O-],CO,308.15,K,-2.14027521894542
CC(=O)OC1=CC=CC=C1C(=O)NC2=NC=C(S2)[N+](=O)[O-],CCCCO,288.15,K,-2.47765437043678
CC(=O)OC1=CC=CC=C1C(=O)NC2=NC=C(S2)[N+](=O)[O-],CCO,303.15,K,-2.25075258934859
CC(=O)OC1=CC=CC=C1C(=O)NC2=NC=C(S2)[N+](=O)[O-],CC(C)O,293.15,K,-2.36055593384101
CC(=O)OC1=CC=CC=C1C(=O)NC2=NC=C(S2)[N+](=O)[O-],CO,313.15,K,-2.09327728824026
CC(=O)OC1=CC=CC=C1C(=O)NC2=NC=C(S2)[N+](=O)[O-],CCCO,298.15,K,-2.34843335118691
CC(=O)OC1=CC=CC=C1C(=O)NC2=NC=C(S2)[N+](=O)[O-],CCCCO,293.15,K,-2.41215291506843
CC(=O)OC1=CC=CC=C1C(=O)NC2=NC=C(S2)[N+](=O)[O-],CC(C)O,298.15,K,-2.30116321611275
CC(=O)OC1=CC=CC=C1C(=O)NC2=NC=C(S2)[N+](=O)[O-],CCO,308.15,K,-2.18743941354389
CC(=O)OC1=CC=CC=C1C(=O)NC2=NC=C(S2)[N+](=O)[O-],CCCO,303.15,K,-2.286420274885
CC(=O)OC1=CC=CC=C1C(=O)NC2=NC=C(S2)[N+](=O)[O-],CCCCO,298.15,K,-2.3503384909673
CC(=O)OC1=CC=CC=C1C(=O)NC2=NC=C(S2)[N+](=O)[O-],CC(C)O,303.15,K,-2.24847045577937
CC(=O)OC1=CC=CC=C1C(=O)NC2=NC=C(S2)[N+](=O)[O-],CCO,313.15,K,-2.122071362607
CC(=O)OC1=CC=CC=C1C(=O)NC2=NC=C(S2)[N+](=O)[O-],CCCO,308.15,K,-2.22392572148679
CC(=O)OC1=CC=CC=C1C(=O)NC2=NC=C(S2)[N+](=O)[O-],CCCCO,303.15,K,-2.29234767587457
CC(=O)OC1=CC=CC=C1C(=O)NC2=NC=C(S2)[N+](=O)[O-],CC(C)O,308.15,K,-2.18989890050078
CC(=O)OC1=CC=CC=C1C(=O)NC2=NC=C(S2)[N+](=O)[O-],CCCO,313.15,K,-2.16165377216312
CC(=O)OC1=CC=CC=C1C(=O)NC2=NC=C(S2)[N+](=O)[O-],CCCCO,308.15,K,-2.23432914365163
CC(=O)OC1=CC=CC=C1C(=O)NC2=NC=C(S2)[N+](=O)[O-],CC(C)O,313.15,K,-2.12952618006326
CC(=O)OC1=CC=CC=C1C(=O)NC2=NC=C(S2)[N+](=O)[O-],CCCCO,313.15,K,-2.17942942797429
CC(=O)OC1=CC=CC=C1C(=O)NC2=NC=C(S2)[N+](=O)[O-],CC#N,273.15,K,-1.79340121100776
CC(=O)OC1=CC=CC=C1C(=O)NC2=NC=C(S2)[N+](=O)[O-],CC#N,278.15,K,-1.74462417188457
CC(=O)OC1=CC=CC=C1C(=O)NC2=NC=C(S2)[N+](=O)[O-],CC#N,283.15,K,-1.70013443930947
CC(=O)OC1=CC=CC=C1C(=O)NC2=NC=C(S2)[N+](=O)[O-],CC#N,288.15,K,-1.65547502187647
CC(=O)OC1=CC=CC=C1C(=O)NC2=NC=C(S2)[N+](=O)[O-],CC#N,293.15,K,-1.61338393161385
CC(=O)OC1=CC=CC=C1C(=O)NC2=NC=C(S2)[N+](=O)[O-],CC#N,298.15,K,-1.56657850581975
CC(=O)OC1=CC=CC=C1C(=O)NC2=NC=C(S2)[N+](=O)[O-],CC#N,303.15,K,-1.52725149372681
CC(=O)OC1=CC=CC=C1C(=O)NC2=NC=C(S2)[N+](=O)[O-],CC#N,308.15,K,-1.47675722219007
CC(=O)OC1=CC=CC=C1C(=O)NC2=NC=C(S2)[N+](=O)[O-],CCOC(C)=O,273.15,K,-1.71051577591516
CC(=O)OC1=CC=CC=C1C(=O)NC2=NC=C(S2)[N+](=O)[O-],CC#N,313.15,K,-1.42707454694853
CC(=O)OC1=CC=CC=C1C(=O)NC2=NC=C(S2)[N+](=O)[O-],CCOC(C)=O,278.15,K,-1.66733934769245
CC(=O)OC1=CC=CC=C1C(=O)NC2=NC=C(S2)[N+](=O)[O-],CCOC(C)=O,283.15,K,-1.62398202090692
CC(=O)OC1=CC=CC=C1C(=O)NC2=NC=C(S2)[N+](=O)[O-],CCOC(C)=O,288.15,K,-1.58472345647853
CC(=O)OC1=CC=CC=C1C(=O)NC2=NC=C(S2)[N+](=O)[O-],CCOC(C)=O,293.15,K,-1.54824952503447
CC(=O)OC1=CC=CC=C1C(=O)NC2=NC=C(S2)[N+](=O)[O-],CCOC(C)=O,298.15,K,-1.51081840495096
CC(=O)OC1=CC=CC=C1C(=O)NC2=NC=C(S2)[N+](=O)[O-],CCOC(C)=O,303.15,K,-1.47640347754589
CC(=O)OC1=CC=CC=C1C(=O)NC2=NC=C(S2)[N+](=O)[O-],CCC(C)=O,273.15,K,-1.41589226547751
CC(=O)OC1=CC=CC=C1C(=O)NC2=NC=C(S2)[N+](=O)[O-],CCOC(C)=O,308.15,K,-1.43850231301365
CC(=O)OC1=CC=CC=C1C(=O)NC2=NC=C(S2)[N+](=O)[O-],CCOC(C)=O,313.15,K,-1.39930004590158
CC(=O)OC1=CC=CC=C1C(=O)NC2=NC=C(S2)[N+](=O)[O-],CCC(C)=O,278.15,K,-1.2455389113263
CC(=O)OC1=CC=CC=C1C(=O)NC2=NC=C(S2)[N+](=O)[O-],CCC(C)=O,283.15,K,-1.1235866338315
CC(=O)OC1=CC=CC=C1C(=O)NC2=NC=C(S2)[N+](=O)[O-],CCC(C)=O,288.15,K,-1.01119159185696
CC(=O)OC1=CC=CC=C1C(=O)NC2=NC=C(S2)[N+](=O)[O-],C1COCCO1,288.15,K,-0.913845482144646
CC(=O)OC1=CC=CC=C1C(=O)NC2=NC=C(S2)[N+](=O)[O-],CCC(C)=O,293.15,K,-0.917347419158439
CC(=O)OC1=CC=CC=C1C(=O)NC2=NC=C(S2)[N+](=O)[O-],C1COCCO1,293.15,K,-0.807533948700684
CC(=O)OC1=CC=CC=C1C(=O)NC2=NC=C(S2)[N+](=O)[O-],CCC(C)=O,298.15,K,-0.828921479704706
CC(=O)OC1=CC=CC=C1C(=O)NC2=NC=C(S2)[N+](=O)[O-],CCC(C)=O,303.15,K,-0.752477649085135
CC(=O)OC1=CC=CC=C1C(=O)NC2=NC=C(S2)[N+](=O)[O-],C1COCCO1,298.15,K,-0.703375780333851
CC(=O)OC1=CC=CC=C1C(=O)NC2=NC=C(S2)[N+](=O)[O-],CCC(C)=O,308.15,K,-0.670278639783347
CC(=O)OC1=CC=CC=C1C(=O)NC2=NC=C(S2)[N+](=O)[O-],C1COCCO1,303.15,K,-0.610966158433695
CC(=O)OC1=CC=CC=C1C(=O)NC2=NC=C(S2)[N+](=O)[O-],CCC(C)=O,313.15,K,-0.594177314605007
CC(=O)OC1=CC=CC=C1C(=O)NC2=NC=C(S2)[N+](=O)[O-],C1COCCO1,308.15,K,-0.522461961382338
CC(=O)OC1=CC=CC=C1C(=O)NC2=NC=C(S2)[N+](=O)[O-],C1COCCO1,313.15,K,-0.433958520289845
CC(=O)OC1=CC=CC=C1C(=O)NC2=NC=C(S2)[N+](=O)[O-],CN(C)C=O,273.15,K,-0.044374545777687
CC(=O)OC1=CC=CC=C1C(=O)NC2=NC=C(S2)[N+](=O)[O-],CN(C)C=O,278.15,K,-0.022215546111456
CC(=O)OC1=CC=CC=C1C(=O)NC2=NC=C(S2)[N+](=O)[O-],CN(C)C=O,283.15,K,0.002365863053495
CC(=O)OC1=CC=CC=C1C(=O)NC2=NC=C(S2)[N+](=O)[O-],CN(C)C=O,288.15,K,0.025715108450764
CC(=O)OC1=CC=CC=C1C(=O)NC2=NC=C(S2)[N+](=O)[O-],CN(C)C=O,293.15,K,0.050980799162072
CC(=O)OC1=CC=CC=C1C(=O)NC2=NC=C(S2)[N+](=O)[O-],CN(C)C=O,298.15,K,0.07703871540374
CC(=O)OC1=CC=CC=C1C(=O)NC2=NC=C(S2)[N+](=O)[O-],CN1CCCC1=O,273.15,K,0.009507243784764
CC(=O)OC1=CC=CC=C1C(=O)NC2=NC=C(S2)[N+](=O)[O-],CN1CCCC1=O,278.15,K,0.01827393125295
CC(=O)OC1=CC=CC=C1C(=O)NC2=NC=C(S2)[N+](=O)[O-],CN(C)C=O,303.15,K,0.104548126842128
CC(=O)OC1=CC=CC=C1C(=O)NC2=NC=C(S2)[N+](=O)[O-],CN1CCCC1=O,283.15,K,0.029956581826657
CC(=O)OC1=CC=CC=C1C(=O)NC2=NC=C(S2)[N+](=O)[O-],CN1CCCC1=O,288.15,K,0.042167507624666
CC(=O)OC1=CC=CC=C1C(=O)NC2=NC=C(S2)[N+](=O)[O-],CN(C)C=O,308.15,K,0.138159770044782
CC(=O)OC1=CC=CC=C1C(=O)NC2=NC=C(S2)[N+](=O)[O-],CN1CCCC1=O,293.15,K,0.053933866785273
CC(=O)OC1=CC=CC=C1C(=O)NC2=NC=C(S2)[N+](=O)[O-],CN1CCCC1=O,298.15,K,0.06833556801613
CC(=O)OC1=CC=CC=C1C(=O)NC2=NC=C(S2)[N+](=O)[O-],CN(C)C=O,313.15,K,0.170968031291149
CC(=O)OC1=CC=CC=C1C(=O)NC2=NC=C(S2)[N+](=O)[O-],CN1CCCC1=O,303.15,K,0.083348484895308
CC(=O)OC1=CC=CC=C1C(=O)NC2=NC=C(S2)[N+](=O)[O-],CN1CCCC1=O,308.15,K,0.098210140113024
CC(=O)OC1=CC=CC=C1C(=O)NC2=NC=C(S2)[N+](=O)[O-],CN1CCCC1=O,313.15,K,0.113866227601216
O=C(N)C1=NC=CN=C1,CCCCO,278.15,K,-2.15555012513815
O=C(N)C1=NC=CN=C1,CCC(C)O,278.15,K,-2.12072445680187
O=C(N)C1=NC=CN=C1,O,278.15,K,-1.39923659673304
O=C(N)C1=NC=CN=C1,CCCO,278.15,K,-1.99740382304684
O=C(N)C1=NC=CN=C1,CC(C)O,278.15,K,-2.00617394507468
O=C(N)C1=NC=CN=C1,CC(C)O,283.15,K,-1.91427798927992
O=C(N)C1=NC=CN=C1,CCC(C)O,283.15,K,-1.99505397903727
O=C(N)C1=NC=CN=C1,CCO,278.15,K,-1.77263767279784
O=C(N)C1=NC=CN=C1,CCCCO,283.15,K,-1.96583718493371
O=C(N)C1=NC=CN=C1,O,283.15,K,-1.21061903522582
O=C(N)C1=NC=CN=C1,CCCO,283.15,K,-1.78717763613855
O=C(N)C1=NC=CN=C1,CCC(C)O,288.15,K,-1.87635093481423
O=C(N)C1=NC=CN=C1,CC#N,278.15,K,-1.61955152822298
O=C(N)C1=NC=CN=C1,CC(C)O,288.15,K,-1.74177771422938
O=C(N)C1=NC=CN=C1,CCO,283.15,K,-1.62232698197174
O=C(N)C1=NC=CN=C1,CCCCO,288.15,K,-1.80519137945695
O=C(N)C1=NC=CN=C1,CCCO,288.15,K,-1.70319701275138
O=C(N)C1=NC=CN=C1,O,288.15,K,-1.07110872962662
O=C(N)C1=NC=CN=C1,CCC(C)O,293.15,K,-1.76016158997276
O=C(N)C1=NC=CN=C1,CCCCO,293.15,K,-1.7421081261863
O=C(N)C1=NC=CN=C1,CCCOC(C)=O,278.15,K,-1.81856436395076
O=C(N)C1=NC=CN=C1,CC(C)O,293.15,K,-1.62638947656884
O=C(N)C1=NC=CN=C1,O,293.15,K,-0.999284705163798
O=C(N)C1=NC=CN=C1,CC#N,283.15,K,-1.45643467620054
O=C(N)C1=NC=CN=C1,CCO,288.15,K,-1.49900629931324
O=C(N)C1=NC=CN=C1,COC(C)=O,278.15,K,-1.62436042919762
O=C(N)C1=NC=CN=C1,CCOC(C)=O,278.15,K,-1.70740486599683
O=C(N)C1=NC=CN=C1,CO,278.15,K,-1.30526356416322
O=C(N)C1=NC=CN=C1,CC#N,288.15,K,-1.4085539675143
O=C(N)C1=NC=CN=C1,CCCO,293.15,K,-1.56524580144519
O=C(N)C1=NC=CN=C1,CCC(C)O,298.15,K,-1.64161601200921
O=C(N)C1=NC=CN=C1,CCCCO,298.15,K,-1.63093134142608
O=C(N)C1=NC=CN=C1,CCO,293.15,K,-1.39984453395716
O=C(N)C1=NC=CN=C1,O,298.15,K,-0.885298594368171
O=C(N)C1=NC=CN=C1,CCCOC(C)=O,283.15,K,-1.68163242891319
O=C(N)C1=NC=CN=C1,CC(C)O,298.15,K,-1.50935608297627
O=C(N)C1=NC=CN=C1,COC(C)=O,283.15,K,-1.49464002893775
O=C(N)C1=NC=CN=C1,CCOC(C)=O,283.15,K,-1.58555973334792
O=C(N)C1=NC=CN=C1,CC(C)=O,278.15,K,-1.45310361411421
O=C(N)C1=NC=CN=C1,CC#N,293.15,K,-1.31103113343187
O=C(N)C1=NC=CN=C1,CCCO,298.15,K,-1.45751026259364
O=C(N)C1=NC=CN=C1,CCCOC(C)=O,288.15,K,-1.63921630031942
O=C(N)C1=NC=CN=C1,CO,283.15,K,-1.16330257407234
O=C(N)C1=NC=CN=C1,CCOC(C)=O,288.15,K,-1.54451011416642
O=C(N)C1=NC=CN=C1,CCC(C)O,303.15,K,-1.52340564573677
O=C(N)C1=NC=CN=C1,O,303.15,K,-0.808418787938759
O=C(N)C1=NC=CN=C1,CCO,298.15,K,-1.31813128039813
O=C(N)C1=NC=CN=C1,CCCCO,303.15,K,-1.50874064275123
O=C(N)C1=NC=CN=C1,CC(C)O,303.15,K,-1.42253890807534
O=C(N)C1=NC=CN=C1,CCCO,303.15,K,-1.40042046218133
O=C(N)C1=NC=CN=C1,CC#N,298.15,K,-1.23577417042911
O=C(N)C1=NC=CN=C1,CCCOC(C)=O,293.15,K,-1.56882750069512
O=C(N)C1=NC=CN=C1,CC(C)=O,283.15,K,-1.35916277067988
O=C(N)C1=NC=CN=C1,CCOC(C)=O,293.15,K,-1.48641155527437
O=C(N)C1=NC=CN=C1,CO,288.15,K,-1.08098237110945
O=C(N)C1=NC=CN=C1,COC(C)=O,288.15,K,-1.35843936393837
O=C(N)C1=NC=CN=C1,CCC(C)O,308.15,K,-1.42146808159242
O=C(N)C1=NC=CN=C1,CCO,303.15,K,-1.21962728632596
O=C(N)C1=NC=CN=C1,CCCOC(C)=O,298.15,K,-1.50273069265858
O=C(N)C1=NC=CN=C1,CC(C)O,308.15,K,-1.3298272957058
O=C(N)C1=NC=CN=C1,CCCCO,308.15,K,-1.40303342011169
O=C(N)C1=NC=CN=C1,O,308.15,K,-0.690156185775558
O=C(N)C1=NC=CN=C1,CC(C)=O,288.15,K,-1.28797019000355
O=C(N)C1=NC=CN=C1,CCOC(C)=O,298.15,K,-1.40663173793411
O=C(N)C1=NC=CN=C1,CC#N,303.15,K,-1.14103735516729
O=C(N)C1=NC=CN=C1,COC(C)=O,293.15,K,-1.301700507164
O=C(N)C1=NC=CN=C1,CO,293.15,K,-1.00221695522949
O=C(N)C1=NC=CN=C1,CCCO,308.15,K,-1.2718654187095
O=C(N)C1=NC=CN=C1,CCC(C)O,313.15,K,-1.34208680511346
O=C(N)C1=NC=CN=C1,CCO,308.15,K,-1.13473520000929
O=C(N)C1=NC=CN=C1,CCCOC(C)=O,303.15,K,-1.42591795420382
O=C(N)C1=NC=CN=C1,CC#N,308.15,K,-1.08138959801411
O=C(N)C1=NC=CN=C1,CC(C)=O,293.15,K,-1.21409280682425
O=C(N)C1=NC=CN=C1,CCOC(C)=O,303.15,K,-1.34412850728467
O=C(N)C1=NC=CN=C1,CC(C)O,313.15,K,-1.23014702061313
O=C(N)C1=NC=CN=C1,O,313.15,K,-0.594163534400347
O=C(N)C1=NC=CN=C1,COC(C)=O,298.15,K,-1.23350816329869
O=C(N)C1=NC=CN=C1,CO,298.15,K,-0.938995553660768
O=C(N)C1=NC=CN=C1,CCCCO,313.15,K,-1.27513987267869
O=C(N)C1=NC=CN=C1,CC#N,313.15,K,-1.0205100548972
O=C(N)C1=NC=CN=C1,CCCOC(C)=O,308.15,K,-1.35351730105386
O=C(N)C1=NC=CN=C1,CCCO,313.15,K,-1.1637315976477
O=C(N)C1=NC=CN=C1,CC(C)=O,298.15,K,-1.14081968405391
O=C(N)C1=NC=CN=C1,CCO,313.15,K,-1.04073404795795
O=C(N)C1=NC=CN=C1,C1COCCO1,288.15,K,-1.19232417679286
O=C(N)C1=NC=CN=C1,CO,303.15,K,-0.861492678158528
O=C(N)C1=NC=CN=C1,CCC(C)O,318.15,K,-1.21875623022016
O=C(N)C1=NC=CN=C1,O,318.15,K,-0.50136966262383
O=C(N)C1=NC=CN=C1,CCOC(C)=O,308.15,K,-1.23231988734192
O=C(N)C1=NC=CN=C1,CCCOC(C)=O,313.15,K,-1.30137770196547
O=C(N)C1=NC=CN=C1,CC#N,318.15,K,-0.959203244449204
O=C(N)C1=NC=CN=C1,COC(C)=O,303.15,K,-1.13004750154147
O=C(N)C1=NC=CN=C1,CC(C)O,318.15,K,-1.11666825839535
O=C(N)C1=NC=CN=C1,CC(C)=O,303.15,K,-1.07256067378314
O=C(N)C1=NC=CN=C1,CO,308.15,K,-0.814405757597345
O=C(N)C1=NC=CN=C1,CCCO,318.15,K,-1.07617545595989
O=C(N)C1=NC=CN=C1,COC(C)=O,308.15,K,-1.09594018268092
O=C(N)C1=NC=CN=C1,CCOC(C)=O,313.15,K,-1.18428429233343
O=C(N)C1=NC=CN=C1,CCCCO,318.15,K,-1.14042529929439
O=C(N)C1=NC=CN=C1,CCO,318.15,K,-0.944998323846688
O=C(N)C1=NC=CN=C1,CCCOC(C)=O,318.15,K,-1.23446982754322
O=C(N)C1=NC=CN=C1,C1COCCO1,293.15,K,-1.08514190413875
O=C(N)C1=NC=CN=C1,CO,313.15,K,-0.768664053294566
O=C(N)C1=NC=CN=C1,CC(C)=O,308.15,K,-1.00051779870208
O=C(N)C1=NC=CN=C1,COC(C)=O,313.15,K,-1.03767222586924
O=C(N)C1=NC=CN=C1,CCOC(C)=O,318.15,K,-1.12460304601735
O=C(N)C1=NC=CN=C1,CC(C)=O,313.15,K,-0.937974661486281
O=C(N)C1=NC=CN=C1,CO,318.15,K,-0.678856619449253
O=C(N)C1=NC=CN=C1,C1COCCO1,298.15,K,-0.976800801590453
O=C(N)C1=NC=CN=C1,COC(C)=O,318.15,K,-0.938605905160966
O=C(N)C1=NC=CN=C1,CC(C)=O,318.15,K,-0.879765452637179
O=C(N)C1=NC=CN=C1,C1COCCO1,303.15,K,-0.896219164113521
O=C(N)C1=NC=CN=C1,C1COCCO1,308.15,K,-0.804000551987466
O=C(N)C1=NC=CN=C1,C1COCCO1,313.15,K,-0.745858199243081
O=C(N)C1=NC=CN=C1,C1COCCO1,318.15,K,-0.66284146819303
CC1=NN(C(=O)C1)C2=CC=CC=C2,O,283.15,K,-2.07088237772806
CC1=NN(C(=O)C1)C2=CC=CC=C2,O,293.15,K,-2.04404701297907
CC1=NN(C(=O)C1)C2=CC=CC=C2,O,303.15,K,-2.01679144736326
CC1=NN(C(=O)C1)C2=CC=CC=C2,O,313.15,K,-1.9823798360859
CC1=NN(C(=O)C1)C2=CC=CC=C2,O,323.15,K,-1.93844669181863
CC1=NN(C(=O)C1)C2=CC=CC=C2,CC#N,283.15,K,-0.813656931194791
CC1=NN(C(=O)C1)C2=CC=CC=C2,CC#N,293.15,K,-0.613027774596424
CC1=NN(C(=O)C1)C2=CC=CC=C2,CCOC(C)=O,283.15,K,-0.861781440366372
CC1=NN(C(=O)C1)C2=CC=CC=C2,CC(C)O,283.15,K,-0.742550681993707
CC1=NN(C(=O)C1)C2=CC=CC=C2,CCCO,283.15,K,-0.690049792524421
CC1=NN(C(=O)C1)C2=CC=CC=C2,CC(C)CO,283.15,K,-0.770941586393734
CC1=NN(C(=O)C1)C2=CC=CC=C2,CCC(C)O,283.15,K,-0.758816792763901
CC1=NN(C(=O)C1)C2=CC=CC=C2,CCOC(C)=O,293.15,K,-0.780809125968049
CC1=NN(C(=O)C1)C2=CC=CC=C2,CC(C)=O,283.15,K,-0.628368269080933
CC1=NN(C(=O)C1)C2=CC=CC=C2,CCO,283.15,K,-0.507858768393162
CC1=NN(C(=O)C1)C2=CC=CC=C2,CC(C)O,293.15,K,-0.605240066731423
CC1=NN(C(=O)C1)C2=CC=CC=C2,CC#N,303.15,K,-0.4379190597828
CC1=NN(C(=O)C1)C2=CC=CC=C2,CCCCO,283.15,K,-0.661119802404147
CC1=NN(C(=O)C1)C2=CC=CC=C2,CO,283.15,K,-0.30450254047264
CC1=NN(C(=O)C1)C2=CC=CC=C2,CCOC(C)=O,303.15,K,-0.691096482970445
CC1=NN(C(=O)C1)C2=CC=CC=C2,CC(C)CO,293.15,K,-0.618397998982435
CC1=NN(C(=O)C1)C2=CC=CC=C2,CCC(C)O,293.15,K,-0.616115475726705
CC1=NN(C(=O)C1)C2=CC=CC=C2,CCO,293.15,K,-0.374926380791614
CC1=NN(C(=O)C1)C2=CC=CC=C2,CCCCCO,283.15,K,-0.629741594506509
CC1=NN(C(=O)C1)C2=CC=CC=C2,CCCO,293.15,K,-0.46389837244921
CC1=NN(C(=O)C1)C2=CC=CC=C2,CC(C)=O,293.15,K,-0.449385238427721
CC1=NN(C(=O)C1)C2=CC=CC=C2,CC(C)O,303.15,K,-0.44886350451924
CC1=NN(C(=O)C1)C2=CC=CC=C2,C1COCCO1,288.15,K,-0.484242581625025
CC1=NN(C(=O)C1)C2=CC=CC=C2,CCCCO,293.15,K,-0.514321661155695
CC1=NN(C(=O)C1)C2=CC=CC=C2,CO,293.15,K,-0.151224465844051
CC1=NN(C(=O)C1)C2=CC=CC=C2,CC#N,313.15,K,-0.264853746983434
CC1=NN(C(=O)C1)C2=CC=CC=C2,CCCCCO,293.15,K,-0.566078960671791
CC1=NN(C(=O)C1)C2=CC=CC=C2,CC(C)CO,303.15,K,-0.49695278257116
CC1=NN(C(=O)C1)C2=CC=CC=C2,CCC(C)O,303.15,K,-0.482955023567045
CC1=NN(C(=O)C1)C2=CC=CC=C2,CCOC(C)=O,313.15,K,-0.46246148167116
CC1=NN(C(=O)C1)C2=CC=CC=C2,CCO,303.15,K,-0.22593145793508
CC1=NN(C(=O)C1)C2=CC=CC=C2,C1COCCO1,293.15,K,-0.382235354701659
CC1=NN(C(=O)C1)C2=CC=CC=C2,CCCO,303.15,K,-0.325618618375225
CC1=NN(C(=O)C1)C2=CC=CC=C2,CC(C)O,313.15,K,-0.326544926891779
CC1=NN(C(=O)C1)C2=CC=CC=C2,CC(C)=O,303.15,K,-0.286088776684298
CC1=NN(C(=O)C1)C2=CC=CC=C2,CCCCO,303.15,K,-0.378384475997361
CC1=NN(C(=O)C1)C2=CC=CC=C2,CCCCCO,303.15,K,-0.440601452541261
CC1=NN(C(=O)C1)C2=CC=CC=C2,CC(C)CO,313.15,K,-0.356333970474491
CC1=NN(C(=O)C1)C2=CC=CC=C2,CO,303.15,K,0.010154776093868
CC1=NN(C(=O)C1)C2=CC=CC=C2,CCC(C)O,313.15,K,-0.347841053710441
CC1=NN(C(=O)C1)C2=CC=CC=C2,CC#N,323.15,K,-0.076762887427387
CC1=NN(C(=O)C1)C2=CC=CC=C2,ClCCl,283.15,K,-0.126205374058905
CC1=NN(C(=O)C1)C2=CC=CC=C2,CCO,313.15,K,-0.095467208447678
CC1=NN(C(=O)C1)C2=CC=CC=C2,C1COCCO1,303.15,K,-0.229357033342035
CC1=NN(C(=O)C1)C2=CC=CC=C2,CCCO,313.15,K,-0.166709839999635
CC1=NN(C(=O)C1)C2=CC=CC=C2,ClCCl,288.15,K,-0.079020801235135
CC1=NN(C(=O)C1)C2=CC=CC=C2,CCCCCO,313.15,K,-0.320765012497272
CC1=NN(C(=O)C1)C2=CC=CC=C2,CCCCO,313.15,K,-0.245365109614125
CC1=NN(C(=O)C1)C2=CC=CC=C2,CC(C)O,323.15,K,-0.164178442612544
CC1=NN(C(=O)C1)C2=CC=CC=C2,CCOC(C)=O,323.15,K,-0.247019653195521
CC1=NN(C(=O)C1)C2=CC=CC=C2,CO,313.15,K,0.157564676281534
CC1=NN(C(=O)C1)C2=CC=CC=C2,CC(C)=O,313.15,K,-0.10253231107968
CC1=NN(C(=O)C1)C2=CC=CC=C2,CC(C)CO,323.15,K,-0.194448510730969
CC1=NN(C(=O)C1)C2=CC=CC=C2,CCC(C)O,323.15,K,-0.188897217424025
CC1=NN(C(=O)C1)C2=CC=CC=C2,ClCCl,293.15,K,-0.010671587373808
CC1=NN(C(=O)C1)C2=CC=CC=C2,CCO,323.15,K,0.019134634922306
CC1=NN(C(=O)C1)C2=CC=CC=C2,C1COCCO1,313.15,K,-0.084300772053608
CC1=NN(C(=O)C1)C2=CC=CC=C2,ClCCl,298.15,K,0.068589479837017
CC1=NN(C(=O)C1)C2=CC=CC=C2,CCCO,323.15,K,-0.017304020013323
CC1=NN(C(=O)C1)C2=CC=CC=C2,CCCCCO,323.15,K,-0.176397595703173
CC1=NN(C(=O)C1)C2=CC=CC=C2,CCCCO,323.15,K,-0.09608383586357
CC1=NN(C(=O)C1)C2=CC=CC=C2,ClCCl,303.15,K,0.124610529827964
CC1=NN(C(=O)C1)C2=CC=CC=C2,CO,323.15,K,0.33601691479864
CC1=NN(C(=O)C1)C2=CC=CC=C2,C1COCCO1,323.15,K,0.101816345663082
CC1=NN(C(=O)C1)C2=CC=CC=C2,CC(C)=O,323.15,K,0.197581712486724
C1=CC=C(C(=C1)CO)O[C@H]2[C@@H]([C@H]([C@@H]([C@H](O2)CO)O)O)O,CCOC(C)=O,283.15,K,-4.06730407691092
C1=CC=C(C(=C1)CO)O[C@H]2[C@@H]([C@H]([C@@H]([C@H](O2)CO)O)O)O,CC#N,283.15,K,-3.6353790722493
C1=CC=C(C(=C1)CO)O[C@H]2[C@@H]([C@H]([C@@H]([C@H](O2)CO)O)O)O,CCOC(C)=O,293.15,K,-3.60869197653767
C1=CC=C(C(=C1)CO)O[C@H]2[C@@H]([C@H]([C@@H]([C@H](O2)CO)O)O)O,CC#N,293.15,K,-3.17381454747924
C1=CC=C(C(=C1)CO)O[C@H]2[C@@H]([C@H]([C@@H]([C@H](O2)CO)O)O)O,CCOC(C)=O,303.15,K,-3.34112295067723
C1=CC=C(C(=C1)CO)O[C@H]2[C@@H]([C@H]([C@@H]([C@H](O2)CO)O)O)O,CCOC(C)=O,313.15,K,-3.27787427930776
C1=CC=C(C(=C1)CO)O[C@H]2[C@@H]([C@H]([C@@H]([C@H](O2)CO)O)O)O,CC(C)=O,283.15,K,-3.05618636249687
C1=CC=C(C(=C1)CO)O[C@H]2[C@@H]([C@H]([C@@H]([C@H](O2)CO)O)O)O,CC#N,303.15,K,-2.86089049217992
C1=CC=C(C(=C1)CO)O[C@H]2[C@@H]([C@H]([C@@H]([C@H](O2)CO)O)O)O,CCCCCO,283.15,K,-3.15979776571175
C1=CC=C(C(=C1)CO)O[C@H]2[C@@H]([C@H]([C@@H]([C@H](O2)CO)O)O)O,CC(C)CO,283.15,K,-2.94970815248861
C1=CC=C(C(=C1)CO)O[C@H]2[C@@H]([C@H]([C@@H]([C@H](O2)CO)O)O)O,CC#N,313.15,K,-2.71029145512441
C1=CC=C(C(=C1)CO)O[C@H]2[C@@H]([C@H]([C@@H]([C@H](O2)CO)O)O)O,CC(C)=O,293.15,K,-2.83187654633002
C1=CC=C(C(=C1)CO)O[C@H]2[C@@H]([C@H]([C@@H]([C@H](O2)CO)O)O)O,CCOC(C)=O,323.15,K,-2.91800709649509
C1=CC=C(C(=C1)CO)O[C@H]2[C@@H]([C@H]([C@@H]([C@H](O2)CO)O)O)O,CCCCO,283.15,K,-2.86447421375731
C1=CC=C(C(=C1)CO)O[C@H]2[C@@H]([C@H]([C@@H]([C@H](O2)CO)O)O)O,CCCCCO,293.15,K,-2.93123231872901
C1=CC=C(C(=C1)CO)O[C@H]2[C@@H]([C@H]([C@@H]([C@H](O2)CO)O)O)O,CC(C)CO,293.15,K,-2.77839376803022
C1=CC=C(C(=C1)CO)O[C@H]2[C@@H]([C@H]([C@@H]([C@H](O2)CO)O)O)O,CC#N,323.15,K,-2.53815326511737
C1=CC=C(C(=C1)CO)O[C@H]2[C@@H]([C@H]([C@@H]([C@H](O2)CO)O)O)O,CC(C)O,283.15,K,-2.66994580366612
C1=CC=C(C(=C1)CO)O[C@H]2[C@@H]([C@H]([C@@H]([C@H](O2)CO)O)O)O,CCCCO,293.15,K,-2.71103231267504
C1=CC=C(C(=C1)CO)O[C@H]2[C@@H]([C@H]([C@@H]([C@H](O2)CO)O)O)O,CC(C)=O,303.15,K,-2.60633645066988
C1=CC=C(C(=C1)CO)O[C@H]2[C@@H]([C@H]([C@@H]([C@H](O2)CO)O)O)O,CCCO,283.15,K,-2.60234047223664
C1=CC=C(C(=C1)CO)O[C@H]2[C@@H]([C@H]([C@@H]([C@H](O2)CO)O)O)O,CCCCCO,303.15,K,-2.73124454259176
C1=CC=C(C(=C1)CO)O[C@H]2[C@@H]([C@H]([C@@H]([C@H](O2)CO)O)O)O,CC(C)CO,303.15,K,-2.63671536727196
C1=CC=C(C(=C1)CO)O[C@H]2[C@@H]([C@H]([C@@H]([C@H](O2)CO)O)O)O,CC(C)=O,313.15,K,-2.49627281193371
C1=CC=C(C(=C1)CO)O[C@H]2[C@@H]([C@H]([C@@H]([C@H](O2)CO)O)O)O,CC(C)O,293.15,K,-2.49816654872194
C1=CC=C(C(=C1)CO)O[C@H]2[C@@H]([C@H]([C@@H]([C@H](O2)CO)O)O)O,CCCCO,303.15,K,-2.56834203426912
C1=CC=C(C(=C1)CO)O[C@H]2[C@@H]([C@H]([C@@H]([C@H](O2)CO)O)O)O,CCCO,293.15,K,-2.44366391084001
C1=CC=C(C(=C1)CO)O[C@H]2[C@@H]([C@H]([C@@H]([C@H](O2)CO)O)O)O,CCCCCO,313.15,K,-2.59916569746367
C1=CC=C(C(=C1)CO)O[C@H]2[C@@H]([C@H]([C@@H]([C@H](O2)CO)O)O)O,CCO,283.15,K,-2.29052893355851
C1=CC=C(C(=C1)CO)O[C@H]2[C@@H]([C@H]([C@@H]([C@H](O2)CO)O)O)O,CC(C)CO,313.15,K,-2.48988237515063
C1=CC=C(C(=C1)CO)O[C@H]2[C@@H]([C@H]([C@@H]([C@H](O2)CO)O)O)O,CC(C)O,303.15,K,-2.3447960275323
C1=CC=C(C(=C1)CO)O[C@H]2[C@@H]([C@H]([C@@H]([C@H](O2)CO)O)O)O,CC(C)=O,323.15,K,-2.32336956477664
C1=CC=C(C(=C1)CO)O[C@H]2[C@@H]([C@H]([C@@H]([C@H](O2)CO)O)O)O,CCCO,303.15,K,-2.31066784082831
C1=CC=C(C(=C1)CO)O[C@H]2[C@@H]([C@H]([C@@H]([C@H](O2)CO)O)O)O,CCCCO,313.15,K,-2.35949679611163
C1=CC=C(C(=C1)CO)O[C@H]2[C@@H]([C@H]([C@@H]([C@H](O2)CO)O)O)O,CCCCCO,323.15,K,-2.41143029860926
C1=CC=C(C(=C1)CO)O[C@H]2[C@@H]([C@H]([C@@H]([C@H](O2)CO)O)O)O,CC(C)CO,323.15,K,-2.30256922046096
C1=CC=C(C(=C1)CO)O[C@H]2[C@@H]([C@H]([C@@H]([C@H](O2)CO)O)O)O,CCO,293.15,K,-2.03634936483253
C1=CC=C(C(=C1)CO)O[C@H]2[C@@H]([C@H]([C@@H]([C@H](O2)CO)O)O)O,CC(C)O,313.15,K,-2.15339529990927
C1=CC=C(C(=C1)CO)O[C@H]2[C@@H]([C@H]([C@@H]([C@H](O2)CO)O)O)O,CCCO,313.15,K,-2.10444841826614
C1=CC=C(C(=C1)CO)O[C@H]2[C@@H]([C@H]([C@@H]([C@H](O2)CO)O)O)O,CCCCO,323.15,K,-2.17862175997921
C1=CC=C(C(=C1)CO)O[C@H]2[C@@H]([C@H]([C@@H]([C@H](O2)CO)O)O)O,C1COCCO1,283.15,K,-2.10493693563152
C1=CC=C(C(=C1)CO)O[C@H]2[C@@H]([C@H]([C@@H]([C@H](O2)CO)O)O)O,CCO,303.15,K,-1.90815731535055
C1=CC=C(C(=C1)CO)O[C@H]2[C@@H]([C@H]([C@@H]([C@H](O2)CO)O)O)O,C1COCCO1,293.15,K,-2.06081779395722
C1=CC=C(C(=C1)CO)O[C@H]2[C@@H]([C@H]([C@@H]([C@H](O2)CO)O)O)O,CC(C)O,323.15,K,-1.97998274767408
C1=CC=C(C(=C1)CO)O[C@H]2[C@@H]([C@H]([C@@H]([C@H](O2)CO)O)O)O,CCCO,323.15,K,-1.9571910722942
C1=CC=C(C(=C1)CO)O[C@H]2[C@@H]([C@H]([C@@H]([C@H](O2)CO)O)O)O,C1COCCO1,303.15,K,-1.94753080186941
C1=CC=C(C(=C1)CO)O[C@H]2[C@@H]([C@H]([C@@H]([C@H](O2)CO)O)O)O,CCO,313.15,K,-1.72447225391325
C1=CC=C(C(=C1)CO)O[C@H]2[C@@H]([C@H]([C@@H]([C@H](O2)CO)O)O)O,C1COCCO1,313.15,K,-1.82168901998955
C1=CC=C(C(=C1)CO)O[C@H]2[C@@H]([C@H]([C@@H]([C@H](O2)CO)O)O)O,CO,283.15,K,-1.45956690619584
C1=CC=C(C(=C1)CO)O[C@H]2[C@@H]([C@H]([C@@H]([C@H](O2)CO)O)O)O,CCO,323.15,K,-1.59565007717467
C1=CC=C(C(=C1)CO)O[C@H]2[C@@H]([C@H]([C@@H]([C@H](O2)CO)O)O)O,C1COCCO1,323.15,K,-1.68534674481334
C1=CC=C(C(=C1)CO)O[C@H]2[C@@H]([C@H]([C@@H]([C@H](O2)CO)O)O)O,CO,293.15,K,-1.32471388100985
C1=CC=C(C(=C1)CO)O[C@H]2[C@@H]([C@H]([C@@H]([C@H](O2)CO)O)O)O,O,283.15,K,-0.953338464539205
C1=CC=C(C(=C1)CO)O[C@H]2[C@@H]([C@H]([C@@H]([C@H](O2)CO)O)O)O,O,293.15,K,-0.853304858854194
C1=CC=C(C(=C1)CO)O[C@H]2[C@@H]([C@H]([C@@H]([C@H](O2)CO)O)O)O,CO,303.15,K,-1.15308200231217
C1=CC=C(C(=C1)CO)O[C@H]2[C@@H]([C@H]([C@@H]([C@H](O2)CO)O)O)O,O,303.15,K,-0.733272253549762
C1=CC=C(C(=C1)CO)O[C@H]2[C@@H]([C@H]([C@@H]([C@H](O2)CO)O)O)O,CO,313.15,K,-1.02223482776732
C1=CC=C(C(=C1)CO)O[C@H]2[C@@H]([C@H]([C@@H]([C@H](O2)CO)O)O)O,O,313.15,K,-0.606527118961264
C1=CC=C(C(=C1)CO)O[C@H]2[C@@H]([C@H]([C@@H]([C@H](O2)CO)O)O)O,CO,323.15,K,-0.90580566913396
C1=CC=C(C(=C1)CO)O[C@H]2[C@@H]([C@H]([C@@H]([C@H](O2)CO)O)O)O,O,323.15,K,-0.464470705610402
C1=CC(=CC=C1O)O[C@H]2[C@@H]([C@H]([C@@H]([C@H](O2)CO)O)O)O,ClCCl,283.15,K,-4.19395529486679
C1=CC(=CC=C1O)O[C@H]2[C@@H]([C@H]([C@@H]([C@H](O2)CO)O)O)O,ClCCl,288.15,K,-3.95382021764048
C1=CC(=CC=C1O)O[C@H]2[C@@H]([C@H]([C@@H]([C@H](O2)CO)O)O)O,ClCCl,293.15,K,-3.8018375039513
C1=CC(=CC=C1O)O[C@H]2[C@@H]([C@H]([C@@H]([C@H](O2)CO)O)O)O,ClCCl,298.15,K,-3.68623741944127
C1=CC(=CC=C1O)O[C@H]2[C@@H]([C@H]([C@@H]([C@H](O2)CO)O)O)O,ClCCl,303.15,K,-3.60366212306675
C1=CC(=CC=C1O)O[C@H]2[C@@H]([C@H]([C@@H]([C@H](O2)CO)O)O)O,CC#N,283.15,K,-3.1697578482585
C1=CC(=CC=C1O)O[C@H]2[C@@H]([C@H]([C@@H]([C@H](O2)CO)O)O)O,CC#N,293.15,K,-2.86140177757559
C1=CC(=CC=C1O)O[C@H]2[C@@H]([C@H]([C@@H]([C@H](O2)CO)O)O)O,CC#N,303.15,K,-2.56406171539546
C1=CC(=CC=C1O)O[C@H]2[C@@H]([C@H]([C@@H]([C@H](O2)CO)O)O)O,CCOC(C)=O,283.15,K,-2.7944141590612
C1=CC(=CC=C1O)O[C@H]2[C@@H]([C@H]([C@@H]([C@H](O2)CO)O)O)O,CCOC(C)=O,293.15,K,-2.78616944172791
C1=CC(=CC=C1O)O[C@H]2[C@@H]([C@H]([C@@H]([C@H](O2)CO)O)O)O,CCOC(C)=O,303.15,K,-2.77590861222111
C1=CC(=CC=C1O)O[C@H]2[C@@H]([C@H]([C@@H]([C@H](O2)CO)O)O)O,CCOC(C)=O,313.15,K,-2.76388800022624
C1=CC(=CC=C1O)O[C@H]2[C@@H]([C@H]([C@@H]([C@H](O2)CO)O)O)O,CCOC(C)=O,323.15,K,-2.75279147261161
C1=CC(=CC=C1O)O[C@H]2[C@@H]([C@H]([C@@H]([C@H](O2)CO)O)O)O,CC#N,313.15,K,-2.35285915336225
C1=CC(=CC=C1O)O[C@H]2[C@@H]([C@H]([C@@H]([C@H](O2)CO)O)O)O,CCCCCO,283.15,K,-2.50052602193848
C1=CC(=CC=C1O)O[C@H]2[C@@H]([C@H]([C@@H]([C@H](O2)CO)O)O)O,CCC(C)O,283.15,K,-2.40866994761774
C1=CC(=CC=C1O)O[C@H]2[C@@H]([C@H]([C@@H]([C@H](O2)CO)O)O)O,CC#N,323.15,K,-2.17536126647527
C1=CC(=CC=C1O)O[C@H]2[C@@H]([C@H]([C@@H]([C@H](O2)CO)O)O)O,CCCCCO,293.15,K,-2.36080417110991
C1=CC(=CC=C1O)O[C@H]2[C@@H]([C@H]([C@@H]([C@H](O2)CO)O)O)O,CC(C)O,283.15,K,-2.15199194150113
C1=CC(=CC=C1O)O[C@H]2[C@@H]([C@H]([C@@H]([C@H](O2)CO)O)O)O,CC(C)=O,283.15,K,-2.08039893794501
C1=CC(=CC=C1O)O[C@H]2[C@@H]([C@H]([C@@H]([C@H](O2)CO)O)O)O,CCCCCO,303.15,K,-2.19947486652526
C1=CC(=CC=C1O)O[C@H]2[C@@H]([C@H]([C@@H]([C@H](O2)CO)O)O)O,CCC(C)O,293.15,K,-2.12350989459846
C1=CC(=CC=C1O)O[C@H]2[C@@H]([C@H]([C@@H]([C@H](O2)CO)O)O)O,CC(C)=O,293.15,K,-1.97243728391104
C1=CC(=CC=C1O)O[C@H]2[C@@H]([C@H]([C@@H]([C@H](O2)CO)O)O)O,CCCO,283.15,K,-1.97287655713673
C1=CC(=CC=C1O)O[C@H]2[C@@H]([C@H]([C@@H]([C@H](O2)CO)O)O)O,CC(C)O,293.15,K,-1.98243228140954
C1=CC(=CC=C1O)O[C@H]2[C@@H]([C@H]([C@@H]([C@H](O2)CO)O)O)O,CCCCCO,313.15,K,-2.11174868028931
C1=CC(=CC=C1O)O[C@H]2[C@@H]([C@H]([C@@H]([C@H](O2)CO)O)O)O,CC(C)=O,303.15,K,-1.88794791341906
C1=CC(=CC=C1O)O[C@H]2[C@@H]([C@H]([C@@H]([C@H](O2)CO)O)O)O,CCC(C)O,303.15,K,-1.98098939616108
C1=CC(=CC=C1O)O[C@H]2[C@@H]([C@H]([C@@H]([C@H](O2)CO)O)O)O,CCCO,293.15,K,-1.86496452072043
C1=CC(=CC=C1O)O[C@H]2[C@@H]([C@H]([C@@H]([C@H](O2)CO)O)O)O,CCCCCO,323.15,K,-1.97049704819526
C1=CC(=CC=C1O)O[C@H]2[C@@H]([C@H]([C@@H]([C@H](O2)CO)O)O)O,CC(C)=O,313.15,K,-1.77557512702116
C1=CC(=CC=C1O)O[C@H]2[C@@H]([C@H]([C@@H]([C@H](O2)CO)O)O)O,CC(C)O,303.15,K,-1.77970119083227
C1=CC(=CC=C1O)O[C@H]2[C@@H]([C@H]([C@@H]([C@H](O2)CO)O)O)O,CCCO,303.15,K,-1.72597563965218
C1=CC(=CC=C1O)O[C@H]2[C@@H]([C@H]([C@@H]([C@H](O2)CO)O)O)O,CC(C)=O,323.15,K,-1.67693627748212
C1=CC(=CC=C1O)O[C@H]2[C@@H]([C@H]([C@@H]([C@H](O2)CO)O)O)O,CCC(C)O,313.15,K,-1.74825620357826
C1=CC(=CC=C1O)O[C@H]2[C@@H]([C@H]([C@@H]([C@H](O2)CO)O)O)O,CC(C)O,313.15,K,-1.65794296450229
C1=CC(=CC=C1O)O[C@H]2[C@@H]([C@H]([C@@H]([C@H](O2)CO)O)O)O,CCCO,313.15,K,-1.61430047508845
C1=CC(=CC=C1O)O[C@H]2[C@@H]([C@H]([C@@H]([C@H](O2)CO)O)O)O,CCC(C)O,323.15,K,-1.6233836372075
C1=CC(=CC=C1O)O[C@H]2[C@@H]([C@H]([C@@H]([C@H](O2)CO)O)O)O,CCO,283.15,K,-1.4015697106846
C1=CC(=CC=C1O)O[C@H]2[C@@H]([C@H]([C@@H]([C@H](O2)CO)O)O)O,CCCO,323.15,K,-1.4912939354811
C1=CC(=CC=C1O)O[C@H]2[C@@H]([C@H]([C@@H]([C@H](O2)CO)O)O)O,CC(C)O,323.15,K,-1.4838995356835
C1=CC(=CC=C1O)O[C@H]2[C@@H]([C@H]([C@@H]([C@H](O2)CO)O)O)O,CCO,293.15,K,-1.32686475761247
C1=CC(=CC=C1O)O[C@H]2[C@@H]([C@H]([C@@H]([C@H](O2)CO)O)O)O,CCO,303.15,K,-1.22376603792026
C1=CC(=CC=C1O)O[C@H]2[C@@H]([C@H]([C@@H]([C@H](O2)CO)O)O)O,CCO,313.15,K,-1.13030988822327
C1=CC(=CC=C1O)O[C@H]2[C@@H]([C@H]([C@@H]([C@H](O2)CO)O)O)O,C1COCCO1,283.15,K,-1.25966768200022
C1=CC(=CC=C1O)O[C@H]2[C@@H]([C@H]([C@@H]([C@H](O2)CO)O)O)O,C1COCCO1,293.15,K,-1.23655173393774
C1=CC(=CC=C1O)O[C@H]2[C@@H]([C@H]([C@@H]([C@H](O2)CO)O)O)O,O,283.15,K,-0.53394397806222
C1=CC(=CC=C1O)O[C@H]2[C@@H]([C@H]([C@@H]([C@H](O2)CO)O)O)O,C1COCCO1,303.15,K,-1.17011346075876
C1=CC(=CC=C1O)O[C@H]2[C@@H]([C@H]([C@@H]([C@H](O2)CO)O)O)O,CCO,323.15,K,-1.01553657655405
C1=CC(=CC=C1O)O[C@H]2[C@@H]([C@H]([C@@H]([C@H](O2)CO)O)O)O,C1COCCO1,313.15,K,-1.09436487358111
C1=CC(=CC=C1O)O[C@H]2[C@@H]([C@H]([C@@H]([C@H](O2)CO)O)O)O,O,293.15,K,-0.351646627790299
C1=CC(=CC=C1O)O[C@H]2[C@@H]([C@H]([C@@H]([C@H](O2)CO)O)O)O,C1COCCO1,323.15,K,-1.02997948595837
C1=CC(=CC=C1O)O[C@H]2[C@@H]([C@H]([C@@H]([C@H](O2)CO)O)O)O,O,303.15,K,-0.220457083119074
C1=CC(=CC=C1O)O[C@H]2[C@@H]([C@H]([C@@H]([C@H](O2)CO)O)O)O,CO,283.15,K,-0.546606531804684
C1=CC(=CC=C1O)O[C@H]2[C@@H]([C@H]([C@@H]([C@H](O2)CO)O)O)O,CO,293.15,K,-0.489951674127518
C1=CC(=CC=C1O)O[C@H]2[C@@H]([C@H]([C@@H]([C@H](O2)CO)O)O)O,CO,303.15,K,-0.426779763088946
C1=CC(=CC=C1O)O[C@H]2[C@@H]([C@H]([C@@H]([C@H](O2)CO)O)O)O,O,313.15,K,-0.014372782158028
C1=CC(=CC=C1O)O[C@H]2[C@@H]([C@H]([C@@H]([C@H](O2)CO)O)O)O,CO,313.15,K,-0.352462576534998
C1=CC(=CC=C1O)O[C@H]2[C@@H]([C@H]([C@@H]([C@H](O2)CO)O)O)O,CO,323.15,K,-0.259485733608203
C1=CC(=CC=C1O)O[C@H]2[C@@H]([C@H]([C@@H]([C@H](O2)CO)O)O)O,O,323.15,K,0.203386470282613
CC(C)OC(=O)C(C)(C)OC1=CC=C(C=C1)C(=O)C2=CC=C(C=C2)Cl,CO,253.15,K,-1.794945386426
CC(C)OC(=O)C(C)(C)OC1=CC=C(C=C1)C(=O)C2=CC=C(C=C2)Cl,CO,258.15,K,-1.67039275405535
CC(C)OC(=O)C(C)(C)OC1=CC=C(C=C1)C(=O)C2=CC=C(C=C2)Cl,CO,263.15,K,-1.60957577767881
CC(C)OC(=O)C(C)(C)OC1=CC=C(C=C1)C(=O)C2=CC=C(C=C2)Cl,CO,268.15,K,-1.48345354699709
CC(C)OC(=O)C(C)(C)OC1=CC=C(C=C1)C(=O)C2=CC=C(C=C2)Cl,CO,273.15,K,-1.36572552232031
CC(C)OC(=O)C(C)(C)OC1=CC=C(C=C1)C(=O)C2=CC=C(C=C2)Cl,CO,278.15,K,-1.27853614668268
CC(C)OC(=O)C(C)(C)OC1=CC=C(C=C1)C(=O)C2=CC=C(C=C2)Cl,CC#N,243.15,K,-1.33346163124414
CC(C)OC(=O)C(C)(C)OC1=CC=C(C=C1)C(=O)C2=CC=C(C=C2)Cl,CO,283.15,K,-1.14101121289758
CC(C)OC(=O)C(C)(C)OC1=CC=C(C=C1)C(=O)C2=CC=C(C=C2)Cl,CC#N,248.15,K,-1.2119501426024
CC(C)OC(=O)C(C)(C)OC1=CC=C(C=C1)C(=O)C2=CC=C(C=C2)Cl,CC#N,253.15,K,-1.1076448109654
C1=CC=C(C(=C1)C(=O)N)O,CC#N,243.15,K,-0.989327533955126
CC(C)OC(=O)C(C)(C)OC1=CC=C(C=C1)C(=O)C2=CC=C(C=C2)Cl,CC#N,258.15,K,-0.988037132076933
C1=CC=C(C(=C1)C(=O)O)O,CC#N,243.15,K,-0.972206890508519
CC(C)OC(=O)C(C)(C)OC1=CC=C(C=C1)C(=O)C2=CC=C(C=C2)Cl,CC#N,263.15,K,-0.950731951748609
C1=CC=C(C(=C1)C(=O)N)O,CC#N,248.15,K,-0.911051794093014
C1=CC=C(C(=C1)C(=O)O)O,CC#N,248.15,K,-0.905283494951848
C1=CC=C(C(=C1)C(=O)O)O,CC#N,253.15,K,-0.84234071366565
C1=CC=C(C(=C1)C(=O)N)O,CC#N,253.15,K,-0.841106874724007
C1=CC=C(C(=C1)C(=O)O)O,CC#N,258.15,K,-0.770398362845786
CC(C)OC(=O)C(C)(C)OC1=CC=C(C=C1)C(=O)C2=CC=C(C=C2)Cl,CC#N,268.15,K,-0.766169612708928
C1=CC=C(C(=C1)C(=O)N)O,CC#N,258.15,K,-0.75502698437159
C1=CC=C(C(=C1)C(=O)O)O,CC#N,263.15,K,-0.696994057718771
C1=CC=C(C(=C1)C(=O)N)O,CC#N,263.15,K,-0.661596126810181
CC(C)OC(=O)C(C)(C)OC1=CC=C(C=C1)C(=O)C2=CC=C(C=C2)Cl,CC#N,273.15,K,-0.633898836867809
C1=CC=C(C(=C1)C(=O)O)O,CC#N,268.15,K,-0.619994847923367
C1=CC=C(C(=C1)C(=O)N)O,CC#N,268.15,K,-0.619994847923367
C1=CC=C(C(=C1)C(=O)N)O,CO,253.15,K,-0.502815963478291
C1=CC=C(C(=C1)C(=O)N)O,CO,258.15,K,-0.450345615744421
C1=CC=C(C(=C1)C(=O)O)O,CC#N,273.15,K,-0.552185084914917
C1=CC=C(C(=C1)C(=O)N)O,CC#N,273.15,K,-0.546596691881027
CC(C)OC(=O)C(C)(C)OC1=CC=C(C=C1)C(=O)C2=CC=C(C=C2)Cl,CC#N,278.15,K,-0.526575301318368
C1=CC=C(C(=C1)C(=O)N)O,CO,263.15,K,-0.389491966368554
C1=CC=C(C(=C1)C(=O)O)O,CC#N,278.15,K,-0.503729646974549
C1=CC=C(C(=C1)C(=O)N)O,CC#N,278.15,K,-0.472023232227525
CC(C)OC(=O)C(C)(C)OC1=CC=C(C=C1)C(=O)C2=CC=C(C=C2)Cl,CC(C)=O,253.15,K,-0.584709479626086
C1=CC=C(C(=C1)C(=O)N)O,CO,268.15,K,-0.328016143782438
C1=CC=C(C(=C1)C(=O)O)O,CC#N,283.15,K,-0.438559668714665
C1=CC=C(C(=C1)C(=O)N)O,CC#N,283.15,K,-0.40581328595027
C1=CC=C(C(=C1)C(=O)N)O,CO,273.15,K,-0.279202108554961
CC(C)OC(=O)C(C)(C)OC1=CC=C(C=C1)C(=O)C2=CC=C(C=C2)Cl,CC#N,283.15,K,-0.386649163020378
CC(C)OC(=O)C(C)(C)OC1=CC=C(C=C1)C(=O)C2=CC=C(C=C2)Cl,CC(C)=O,258.15,K,-0.471833773324154
C1=CC=C(C(=C1)C(=O)N)O,CO,278.15,K,-0.222760321265283
C1=CC=C(C(=C1)C(=O)N)O,CO,283.15,K,-0.165065978612797
C1=CC=C(C(=C1)C(=O)N)O,CCOC(C)=O,253.15,K,-0.471369125652928
CC(C)OC(=O)C(C)(C)OC1=CC=C(C=C1)C(=O)C2=CC=C(C=C2)Cl,CC(C)=O,263.15,K,-0.329019410983609
CC(C)OC(=O)C(C)(C)OC1=CC=C(C=C1)C(=O)C2=CC=C(C=C2)Cl,CCOC(C)=O,253.15,K,-0.434674718041268
C1=CC=C(C(=C1)C(=O)N)O,CCOC(C)=O,258.15,K,-0.431798262829095
CC(C)OC(=O)C(C)(C)OC1=CC=C(C=C1)C(=O)C2=CC=C(C=C2)Cl,CC(C)=O,268.15,K,-0.30321362636836
C1=CC=C(C(=C1)C(=O)N)O,CCOC(C)=O,263.15,K,-0.384536916425324
CC(C)OC(=O)C(C)(C)OC1=CC=C(C=C1)C(=O)C2=CC=C(C=C2)Cl,CCOC(C)=O,258.15,K,-0.363299992143415
C1=CC=C(C(=C1)C(=O)N)O,CCOC(C)=O,268.15,K,-0.350269438410801
C1=CC=C(C(=C1)C(=O)N)O,CCOC(C)=O,273.15,K,-0.310689672150644
CC(C)OC(=O)C(C)(C)OC1=CC=C(C=C1)C(=O)C2=CC=C(C=C2)Cl,CCOC(C)=O,263.15,K,-0.260327935993929
C1=CC=C(C(=C1)C(=O)N)O,CCOC(C)=O,278.15,K,-0.263606477979185
CC(C)OC(=O)C(C)(C)OC1=CC=C(C=C1)C(=O)C2=CC=C(C=C2)Cl,CC(C)=O,273.15,K,-0.114626779101308
C1=CC=C(C(=C1)C(=O)N)O,CCOC(C)=O,283.15,K,-0.22281564034569
C1=CC=C(C(=C1)C(=O)O)O,CCOC(C)=O,253.15,K,-0.200859328097241
C1=CC=C(C(=C1)C(=O)N)O,CC(C)=O,253.15,K,-0.044183137100432
CC(C)OC(=O)C(C)(C)OC1=CC=C(C=C1)C(=O)C2=CC=C(C=C2)Cl,CCOC(C)=O,268.15,K,-0.177192208518789
C1=CC=C(C(=C1)C(=O)O)O,CO,253.15,K,0.221252168206973
C1=CC=C(C(=C1)C(=O)N)O,CC(C)=O,258.15,K,-0.01141703069753
CC(C)OC(=O)C(C)(C)OC1=CC=C(C=C1)C(=O)C2=CC=C(C=C2)Cl,CC(C)=O,278.15,K,-0.021748487004392
C1=CC=C(C(=C1)C(=O)O)O,CO,258.15,K,0.252270285243375
C1=CC=C(C(=C1)C(=O)O)O,CCOC(C)=O,258.15,K,-0.128825382713945
C1=CC=C(C(=C1)C(=O)O)O,CO,263.15,K,0.283683397698765
C1=CC=C(C(=C1)C(=O)N)O,CC(C)=O,263.15,K,0.030318462065757
CC(C)OC(=O)C(C)(C)OC1=CC=C(C=C1)C(=O)C2=CC=C(C=C2)Cl,CCOC(C)=O,273.15,K,-0.0986308781424
C1=CC=C(C(=C1)C(=O)O)O,CCOC(C)=O,263.15,K,-0.065284335052479
C1=CC=C(C(=C1)C(=O)O)O,CO,268.15,K,0.314315671808888
C1=CC=C(C(=C1)C(=O)N)O,CC(C)=O,268.15,K,0.070253184853125
C1=CC=C(C(=C1)C(=O)O)O,CO,273.15,K,0.359795384120565
CC(C)OC(=O)C(C)(C)OC1=CC=C(C=C1)C(=O)C2=CC=C(C=C2)Cl,CCOC(C)=O,278.15,K,-0.025393380741767
C1=CC=C(C(=C1)C(=O)N)O,CC(C)=O,273.15,K,0.107997292289272
C1=CC=C(C(=C1)C(=O)O)O,CCOC(C)=O,268.15,K,-0.003243502348381
C1=CC=C(C(=C1)C(=O)O)O,CCOC(C)=O,273.15,K,0.015769682097619
C1=CC=C(C(=C1)C(=O)O)O,CO,278.15,K,0.395610059012778
C1=CC=C(C(=C1)C(=O)N)O,CC(C)=O,278.15,K,0.144349661299783
C1=CC=C(C(=C1)C(=O)O)O,CC(C)=O,253.15,K,0.159120697342386
C1=CC=C(C(=C1)C(=O)O)O,CC(C)=O,258.15,K,0.189588028572978
C1=CC=C(C(=C1)C(=O)N)O,CC(C)=O,283.15,K,0.179229370118052
C1=CC=C(C(=C1)C(=O)O)O,CCOC(C)=O,278.15,K,0.058808266170667
C1=CC=C(C(=C1)C(=O)O)O,CO,283.15,K,0.444101217224299
CC(C)OC(=O)C(C)(C)OC1=CC=C(C=C1)C(=O)C2=CC=C(C=C2)Cl,CCOC(C)=O,283.15,K,0.068610786600814
C1=CC=C(C(=C1)C(=O)O)O,CCOC(C)=O,283.15,K,0.093719140702978
C1=CC=C(C(=C1)C(=O)O)O,CC(C)=O,263.15,K,0.234764869115705
C1=CC=C(C(=C1)C(=O)O)O,CC(C)=O,268.15,K,0.258435290155977
C1=CC=C(C(=C1)C(=O)O)O,CC(C)=O,273.15,K,0.289043529370605
C1=CC=C(C(=C1)C(=O)O)O,CC(C)=O,278.15,K,0.347354008832662
C1=CC=C(C(=C1)C(=O)O)O,CC(C)=O,283.15,K,0.362820716145245
CN\1COCN(/C1=N/[N+](=O)[O-])CC2=CN=C(S2)Cl,CCOC(C)=O,278.15,K,-1.98603677834661
CN\1COCN(/C1=N/[N+](=O)[O-])CC2=CN=C(S2)Cl,CCOC(C)=O,283.15,K,-1.88770796687941
CN\1COCN(/C1=N/[N+](=O)[O-])CC2=CN=C(S2)Cl,CCOC(C)=O,288.15,K,-1.79655983603389
CN\1COCN(/C1=N/[N+](=O)[O-])CC2=CN=C(S2)Cl,CCOC(C)=O,293.15,K,-1.72663709055171
CN\1COCN(/C1=N/[N+](=O)[O-])CC2=CN=C(S2)Cl,CCOC(C)=O,298.15,K,-1.64595782754756
CN\1COCN(/C1=N/[N+](=O)[O-])CC2=CN=C(S2)Cl,CCOC(C)=O,303.15,K,-1.58571631522473
CN\1COCN(/C1=N/[N+](=O)[O-])CC2=CN=C(S2)Cl,COC(C)=O,278.15,K,-1.43969525505712
CN\1COCN(/C1=N/[N+](=O)[O-])CC2=CN=C(S2)Cl,CCOC(C)=O,308.15,K,-1.52792155108374
CN\1COCN(/C1=N/[N+](=O)[O-])CC2=CN=C(S2)Cl,COC(C)=O,283.15,K,-1.37180671759546
CN\1COCN(/C1=N/[N+](=O)[O-])CC2=CN=C(S2)Cl,CCOC(C)=O,313.15,K,-1.47033478517145
CN\1COCN(/C1=N/[N+](=O)[O-])CC2=CN=C(S2)Cl,COC(C)=O,288.15,K,-1.31515661079103
CN\1COCN(/C1=N/[N+](=O)[O-])CC2=CN=C(S2)Cl,CCOC(C)=O,318.15,K,-1.41905027418381
CN\1COCN(/C1=N/[N+](=O)[O-])CC2=CN=C(S2)Cl,CCOC(C)=O,323.15,K,-1.37381773437984
CN\1COCN(/C1=N/[N+](=O)[O-])CC2=CN=C(S2)Cl,COC(C)=O,293.15,K,-1.25112912151507
CN\1COCN(/C1=N/[N+](=O)[O-])CC2=CN=C(S2)Cl,COC(C)=O,298.15,K,-1.1904681961921
CN\1COCN(/C1=N/[N+](=O)[O-])CC2=CN=C(S2)Cl,COC(C)=O,303.15,K,-1.13043520065652
CN\1COCN(/C1=N/[N+](=O)[O-])CC2=CN=C(S2)Cl,CC(C)=O,278.15,K,-1.05311293363998
CN\1COCN(/C1=N/[N+](=O)[O-])CC2=CN=C(S2)Cl,COC(C)=O,308.15,K,-1.05923867210216
CN\1COCN(/C1=N/[N+](=O)[O-])CC2=CN=C(S2)Cl,CC(C)=O,283.15,K,-0.973913075779768
CN\1COCN(/C1=N/[N+](=O)[O-])CC2=CN=C(S2)Cl,COC(C)=O,313.15,K,-0.991836377567718
CN\1COCN(/C1=N/[N+](=O)[O-])CC2=CN=C(S2)Cl,CC(C)=O,288.15,K,-0.909973379944779
CN\1COCN(/C1=N/[N+](=O)[O-])CC2=CN=C(S2)Cl,COC(C)=O,318.15,K,-0.932641538654835
CN\1COCN(/C1=N/[N+](=O)[O-])CC2=CN=C(S2)Cl,CC(C)=O,293.15,K,-0.855396351223369
CN\1COCN(/C1=N/[N+](=O)[O-])CC2=CN=C(S2)Cl,COC(C)=O,323.15,K,-0.861044783252599
CN\1COCN(/C1=N/[N+](=O)[O-])CC2=CN=C(S2)Cl,CC(C)=O,298.15,K,-0.78208013797367
CN\1COCN(/C1=N/[N+](=O)[O-])CC2=CN=C(S2)Cl,ClCCl,278.15,K,-0.687216068301424
CN\1COCN(/C1=N/[N+](=O)[O-])CC2=CN=C(S2)Cl,CC(C)=O,303.15,K,-0.719289857098022
CN\1COCN(/C1=N/[N+](=O)[O-])CC2=CN=C(S2)Cl,ClCCl,283.15,K,-0.608974479783655
CN\1COCN(/C1=N/[N+](=O)[O-])CC2=CN=C(S2)Cl,CC(C)=O,308.15,K,-0.653733566879704
CN\1COCN(/C1=N/[N+](=O)[O-])CC2=CN=C(S2)Cl,ClCCl,288.15,K,-0.550748809242954
CN\1COCN(/C1=N/[N+](=O)[O-])CC2=CN=C(S2)Cl,CC(C)=O,313.15,K,-0.580877297933306
CN\1COCN(/C1=N/[N+](=O)[O-])CC2=CN=C(S2)Cl,ClCCl,293.15,K,-0.498959563615223
CN\1COCN(/C1=N/[N+](=O)[O-])CC2=CN=C(S2)Cl,ClCCl,298.15,K,-0.444083476090246
CN\1COCN(/C1=N/[N+](=O)[O-])CC2=CN=C(S2)Cl,CC(C)=O,318.15,K,-0.50969056926215
CN\1COCN(/C1=N/[N+](=O)[O-])CC2=CN=C(S2)Cl,ClCCl,303.15,K,-0.400996742509208
CN\1COCN(/C1=N/[N+](=O)[O-])CC2=CN=C(S2)Cl,CC(C)=O,323.15,K,-0.443863669333389
CN\1COCN(/C1=N/[N+](=O)[O-])CC2=CN=C(S2)Cl,ClCCl,308.15,K,-0.355633842099966
CN\1COCN(/C1=N/[N+](=O)[O-])CC2=CN=C(S2)Cl,ClCCl,313.15,K,-0.314348139602743
CN\1COCN(/C1=N/[N+](=O)[O-])CC2=CN=C(S2)Cl,CN(C)C=O,278.15,K,-0.082256685084411
CN\1COCN(/C1=N/[N+](=O)[O-])CC2=CN=C(S2)Cl,CN(C)C=O,283.15,K,-0.034228662456796
CN\1COCN(/C1=N/[N+](=O)[O-])CC2=CN=C(S2)Cl,CN(C)C=O,288.15,K,0.01752254799535
CN\1COCN(/C1=N/[N+](=O)[O-])CC2=CN=C(S2)Cl,CN(C)C=O,293.15,K,0.06234579259644
CN\1COCN(/C1=N/[N+](=O)[O-])CC2=CN=C(S2)Cl,CN1CCCC1=O,278.15,K,-0.026725581225131
CN\1COCN(/C1=N/[N+](=O)[O-])CC2=CN=C(S2)Cl,CN1CCCC1=O,283.15,K,0.006755805594011
CN\1COCN(/C1=N/[N+](=O)[O-])CC2=CN=C(S2)Cl,CN(C)C=O,298.15,K,0.102063308007342
CN\1COCN(/C1=N/[N+](=O)[O-])CC2=CN=C(S2)Cl,CN1CCCC1=O,288.15,K,0.04196590715954
CN\1COCN(/C1=N/[N+](=O)[O-])CC2=CN=C(S2)Cl,CN(C)C=O,303.15,K,0.147695037959785
CN\1COCN(/C1=N/[N+](=O)[O-])CC2=CN=C(S2)Cl,CN1CCCC1=O,293.15,K,0.074223943890215
CN\1COCN(/C1=N/[N+](=O)[O-])CC2=CN=C(S2)Cl,CN(C)C=O,308.15,K,0.200506881269589
CN\1COCN(/C1=N/[N+](=O)[O-])CC2=CN=C(S2)Cl,CN1CCCC1=O,298.15,K,0.111307831561569
CN\1COCN(/C1=N/[N+](=O)[O-])CC2=CN=C(S2)Cl,CN1CCCC1=O,303.15,K,0.145478328748377
CN\1COCN(/C1=N/[N+](=O)[O-])CC2=CN=C(S2)Cl,CN(C)C=O,313.15,K,0.251349068957128
CN\1COCN(/C1=N/[N+](=O)[O-])CC2=CN=C(S2)Cl,CN1CCCC1=O,308.15,K,0.179086954631213
CN\1COCN(/C1=N/[N+](=O)[O-])CC2=CN=C(S2)Cl,CN(C)C=O,318.15,K,0.301856403485311
CN\1COCN(/C1=N/[N+](=O)[O-])CC2=CN=C(S2)Cl,CN1CCCC1=O,313.15,K,0.213653992127788
CN\1COCN(/C1=N/[N+](=O)[O-])CC2=CN=C(S2)Cl,CN1CCCC1=O,318.15,K,0.251881134591694
CN\1COCN(/C1=N/[N+](=O)[O-])CC2=CN=C(S2)Cl,CN(C)C=O,323.15,K,0.354272416073053
CN\1COCN(/C1=N/[N+](=O)[O-])CC2=CN=C(S2)Cl,CN1CCCC1=O,323.15,K,0.289685847543237
C1=C(C=C(C=C1C=O)C=O)C=O,O,283.15,K,-2.64283859752658
C1=C(C=C(C=C1C=O)C=O)C=O,O,288.15,K,-2.46797037057026
C1=C(C=C(C=C1C=O)C=O)C=O,O,293.15,K,-2.31178452140733
C1=C(C=C(C=C1C=O)C=O)C=O,O,298.15,K,-2.22336150930248
C1=C(C=C(C=C1C=O)C=O)C=O,O,303.15,K,-2.13678500759945
C1=C(C=C(C=C1C=O)C=O)C=O,O,308.15,K,-2.07687845684156
C1=C(C=C(C=C1C=O)C=O)C=O,O,313.15,K,-2.02840097195745
C1=C(C=C(C=C1C=O)C=O)C=O,O,318.15,K,-1.99431025092805
C1=C(C=C(C=C1C=O)C=O)C=O,O,323.15,K,-1.96400600888817
C1=C(C=C(C=C1C=O)C=O)C=O,CC(C)CO,283.15,K,-2.62095309983648
C1=C(C=C(C=C1C=O)C=O)C=O,CCC(C)O,283.15,K,-2.49057747082351
C1=C(C=C(C=C1C=O)C=O)C=O,CC(C)CO,288.15,K,-2.47482459942935
C1=C(C=C(C=C1C=O)C=O)C=O,CCC(C)O,288.15,K,-2.36546562362934
C1=C(C=C(C=C1C=O)C=O)C=O,CC(C)CO,293.15,K,-2.36766265566194
C1=C(C=C(C=C1C=O)C=O)C=O,CC(C)O,283.15,K,-2.21329201397041
C1=C(C=C(C=C1C=O)C=O)C=O,CC(C)CO,298.15,K,-2.27685472351829
C1=C(C=C(C=C1C=O)C=O)C=O,CC(C)O,288.15,K,-2.17109070556931
C1=C(C=C(C=C1C=O)C=O)C=O,CCC(C)O,293.15,K,-2.18415258173952
C1=C(C=C(C=C1C=O)C=O)C=O,CC(C)O,293.15,K,-2.10112660916698
C1=C(C=C(C=C1C=O)C=O)C=O,CC(C)O,298.15,K,-2.04537949936804
C1=C(C=C(C=C1C=O)C=O)C=O,CCCCO,283.15,K,-2.10074207273384
C1=C(C=C(C=C1C=O)C=O)C=O,CCCCO,288.15,K,-2.07523481253009
C1=C(C=C(C=C1C=O)C=O)C=O,CCC(C)O,298.15,K,-2.06662329433224
C1=C(C=C(C=C1C=O)C=O)C=O,CC(C)O,303.15,K,-1.98308191489174
C1=C(C=C(C=C1C=O)C=O)C=O,CCCCO,293.15,K,-2.02442080945503
C1=C(C=C(C=C1C=O)C=O)C=O,CCCO,283.15,K,-1.91023437737846
C1=C(C=C(C=C1C=O)C=O)C=O,CC(C)CO,303.15,K,-2.00684296557409
C1=C(C=C(C=C1C=O)C=O)C=O,CCC(C)O,303.15,K,-1.96340461799796
C1=C(C=C(C=C1C=O)C=O)C=O,CCCO,288.15,K,-1.85471190689693
C1=C(C=C(C=C1C=O)C=O)C=O,CCC(C)O,308.15,K,-1.86062505031793
C1=C(C=C(C=C1C=O)C=O)C=O,CCCCO,298.15,K,-1.84566521194521
C1=C(C=C(C=C1C=O)C=O)C=O,CCCO,293.15,K,-1.75673789470096
C1=C(C=C(C=C1C=O)C=O)C=O,CCCCCO,283.15,K,-1.90092987639805
C1=C(C=C(C=C1C=O)C=O)C=O,CC(C)O,308.15,K,-1.72227312576377
C1=C(C=C(C=C1C=O)C=O)C=O,CCCCCO,288.15,K,-1.84601991932628
C1=C(C=C(C=C1C=O)C=O)C=O,CCCO,298.15,K,-1.687011062158
C1=C(C=C(C=C1C=O)C=O)C=O,CCC(C)O,313.15,K,-1.78063288834784
C1=C(C=C(C=C1C=O)C=O)C=O,CCO,283.15,K,-1.50399705726021
C1=C(C=C(C=C1C=O)C=O)C=O,CCCCO,303.15,K,-1.70590759383635
C1=C(C=C(C=C1C=O)C=O)C=O,CCCCCO,293.15,K,-1.7672312952278
C1=C(C=C(C=C1C=O)C=O)C=O,CC(C)CO,308.15,K,-1.68504393319372
C1=C(C=C(C=C1C=O)C=O)C=O,CCCO,303.15,K,-1.59013214652023
C1=C(C=C(C=C1C=O)C=O)C=O,CCC(C)O,318.15,K,-1.65977768247986
C1=C(C=C(C=C1C=O)C=O)C=O,CCO,288.15,K,-1.44422010538057
C1=C(C=C(C=C1C=O)C=O)C=O,CCCCCO,298.15,K,-1.70036292297375
C1=C(C=C(C=C1C=O)C=O)C=O,CC(C)O,313.15,K,-1.55801483973809
C1=C(C=C(C=C1C=O)C=O)C=O,CCCCO,308.15,K,-1.58325373341841
C1=C(C=C(C=C1C=O)C=O)C=O,CCCO,308.15,K,-1.49355780997087
C1=C(C=C(C=C1C=O)C=O)C=O,CCCCCO,303.15,K,-1.64882950401115
C1=C(C=C(C=C1C=O)C=O)C=O,CCO,293.15,K,-1.36554771788164
C1=C(C=C(C=C1C=O)C=O)C=O,CCC(C)O,323.15,K,-1.5715723954122
C1=C(C=C(C=C1C=O)C=O)C=O,CCCCCO,308.15,K,-1.59793360878217
C1=C(C=C(C=C1C=O)C=O)C=O,CC(C)CO,313.15,K,-1.530045883949
C1=C(C=C(C=C1C=O)C=O)C=O,CCCCO,313.15,K,-1.50873306347655
C1=C(C=C(C=C1C=O)C=O)C=O,CC(C)O,318.15,K,-1.43065173625103
C1=C(C=C(C=C1C=O)C=O)C=O,CCCO,313.15,K,-1.40960919248077
C1=C(C=C(C=C1C=O)C=O)C=O,CCO,298.15,K,-1.29370409586734
C1=C(C=C(C=C1C=O)C=O)C=O,CCCCCO,313.15,K,-1.5074269117554
C1=C(C=C(C=C1C=O)C=O)C=O,CCCO,318.15,K,-1.34317338562529
C1=C(C=C(C=C1C=O)C=O)C=O,CO,283.15,K,-1.05531904968813
C1=C(C=C(C=C1C=O)C=O)C=O,CC(C)O,323.15,K,-1.33707981776271
C1=C(C=C(C=C1C=O)C=O)C=O,CCO,303.15,K,-1.20696285605264
C1=C(C=C(C=C1C=O)C=O)C=O,CCCCO,318.15,K,-1.40278474881738
C1=C(C=C(C=C1C=O)C=O)C=O,CC(C)CO,318.15,K,-1.38618465729793
C1=C(C=C(C=C1C=O)C=O)C=O,CCCO,323.15,K,-1.27725526757327
C1=C(C=C(C=C1C=O)C=O)C=O,CCCCCO,318.15,K,-1.41883203457744
C1=C(C=C(C=C1C=O)C=O)C=O,CCO,308.15,K,-1.13914982538255
C1=C(C=C(C=C1C=O)C=O)C=O,CO,288.15,K,-0.956683199399143
C1=C(C=C(C=C1C=O)C=O)C=O,CC#N,283.15,K,-1.01051719577611
C1=C(C=C(C=C1C=O)C=O)C=O,CCO,313.15,K,-1.05704390849265
C1=C(C=C(C=C1C=O)C=O)C=O,CCCCCO,323.15,K,-1.31298934534827
C1=C(C=C(C=C1C=O)C=O)C=O,CO,293.15,K,-0.853765216521015
C1=C(C=C(C=C1C=O)C=O)C=O,CCCCO,323.15,K,-1.2202596286183
C1=C(C=C(C=C1C=O)C=O)C=O,CC(C)CO,323.15,K,-1.19646403173623
C1=C(C=C(C=C1C=O)C=O)C=O,CCO,318.15,K,-0.989181992970645
C1=C(C=C(C=C1C=O)C=O)C=O,CC#N,288.15,K,-0.923130765707534
C1=C(C=C(C=C1C=O)C=O)C=O,CO,298.15,K,-0.764037914117647
C1=C(C=C(C=C1C=O)C=O)C=O,CCO,323.15,K,-0.933026682213396
C1=C(C=C(C=C1C=O)C=O)C=O,CC#N,293.15,K,-0.863797080278951
C1=C(C=C(C=C1C=O)C=O)C=O,CO,303.15,K,-0.674696319338069
C1=C(C=C(C=C1C=O)C=O)C=O,CC#N,298.15,K,-0.773171599398572
C1=C(C=C(C=C1C=O)C=O)C=O,CC(C)=O,283.15,K,-0.855389088940968
C1=C(C=C(C=C1C=O)C=O)C=O,CC#N,303.15,K,-0.720952451706632
C1=C(C=C(C=C1C=O)C=O)C=O,CO,308.15,K,-0.604113475478365
C1=C(C=C(C=C1C=O)C=O)C=O,CC(C)=O,288.15,K,-0.807799199577207
C1=C(C=C(C=C1C=O)C=O)C=O,CC#N,308.15,K,-0.669571244856127
C1=C(C=C(C=C1C=O)C=O)C=O,CO,313.15,K,-0.526054999611838
C1=C(C=C(C=C1C=O)C=O)C=O,CC(C)=O,293.15,K,-0.739950558560691
C1=C(C=C(C=C1C=O)C=O)C=O,C1COCCO1,288.15,K,-0.790276972205811
C1=C(C=C(C=C1C=O)C=O)C=O,CC#N,313.15,K,-0.590065762068293
C1=C(C=C(C=C1C=O)C=O)C=O,CO,318.15,K,-0.463224172557099
C1=C(C=C(C=C1C=O)C=O)C=O,CC(C)=O,298.15,K,-0.680002291368935
C1=C(C=C(C=C1C=O)C=O)C=O,CC#N,318.15,K,-0.543225814374605
C1=C(C=C(C=C1C=O)C=O)C=O,CO,323.15,K,-0.417590285176452
C1=C(C=C(C=C1C=O)C=O)C=O,C1COCCO1,293.15,K,-0.707834414638758
C1=C(C=C(C=C1C=O)C=O)C=O,CC#N,323.15,K,-0.480662025137837
C1=C(C=C(C=C1C=O)C=O)C=O,CC(C)=O,303.15,K,-0.582294639057965
C1=C(C=C(C=C1C=O)C=O)C=O,C1COCCO1,298.15,K,-0.60894513070371
C1=C(C=C(C=C1C=O)C=O)C=O,CC(C)=O,308.15,K,-0.503814784277808
C1=C(C=C(C=C1C=O)C=O)C=O,C1COCCO1,303.15,K,-0.52753009969757
C1=C(C=C(C=C1C=O)C=O)C=O,CC(C)=O,313.15,K,-0.44373662394409
C1=C(C=C(C=C1C=O)C=O)C=O,C1COCCO1,308.15,K,-0.464855757469255
C1=C(C=C(C=C1C=O)C=O)C=O,CC(C)=O,318.15,K,-0.38067594542796
C1=C(C=C(C=C1C=O)C=O)C=O,C1COCCO1,313.15,K,-0.39851749529872
C1=C(C=C(C=C1C=O)C=O)C=O,CC(C)=O,323.15,K,-0.325036940576242
C1=C(C=C(C=C1C=O)C=O)C=O,C1COCCO1,318.15,K,-0.355587388099985
C1=C(C=C(C=C1C=O)C=O)C=O,C1COCCO1,323.15,K,-0.313854272394223
C1[C@H](CN[C@@H]1C(=O)O)O,COC(C)=O,283.15,K,-3.71697683693432
C1[C@H](CN[C@@H]1C(=O)O)O,CC#N,288.15,K,-3.19700858961572
C1[C@H](CN[C@@H]1C(=O)O)O,CC(C)O,283.15,K,-3.33405143501708
C1[C@H](CN[C@@H]1C(=O)O)O,CCC(C)O,283.15,K,-3.37925240246568
C1[C@H](CN[C@@H]1C(=O)O)O,COC(C)=O,288.15,K,-3.29680479196114
C1[C@H](CN[C@@H]1C(=O)O)O,CCC(C)=O,283.15,K,-3.30279950562224
C1[C@H](CN[C@@H]1C(=O)O)O,CCCCCO,283.15,K,-3.23022162769654
C1[C@H](CN[C@@H]1C(=O)O)O,CC#N,293.15,K,-2.90582395763363
C1[C@H](CN[C@@H]1C(=O)O)O,CCCO,283.15,K,-3.04962061389432
C1[C@H](CN[C@@H]1C(=O)O)O,CC(C)O,288.15,K,-3.04804463652802
C1[C@H](CN[C@@H]1C(=O)O)O,CCC(C)O,288.15,K,-3.12859454546357
C1[C@H](CN[C@@H]1C(=O)O)O,CC(C)CO,283.15,K,-3.12261327749387
C1[C@H](CN[C@@H]1C(=O)O)O,CCO,283.15,K,-2.91613043167328
C1[C@H](CN[C@@H]1C(=O)O)O,CCC(C)=O,288.15,K,-3.05137203925314
C1[C@H](CN[C@@H]1C(=O)O)O,COC(C)=O,293.15,K,-2.9992805339684
C1[C@H](CN[C@@H]1C(=O)O)O,CC(C)CO,288.15,K,-3.0496596332425
C1[C@H](CN[C@@H]1C(=O)O)O,CCCCCO,288.15,K,-3.10762876560941
C1[C@H](CN[C@@H]1C(=O)O)O,CCCCO,283.15,K,-3.01265756066611
C1[C@H](CN[C@@H]1C(=O)O)O,CCC(C)O,293.15,K,-3.00900654548943
C1[C@H](CN[C@@H]1C(=O)O)O,CC(C)CO,293.15,K,-2.97871599338918
C1[C@H](CN[C@@H]1C(=O)O)O,CC(C)O,293.15,K,-2.88746661961473
C1[C@H](CN[C@@H]1C(=O)O)O,CCCCO,288.15,K,-2.95918517848739
C1[C@H](CN[C@@H]1C(=O)O)O,CC#N,298.15,K,-2.70476048291039
C1[C@H](CN[C@@H]1C(=O)O)O,CCO,288.15,K,-2.72613213562903
C1[C@H](CN[C@@H]1C(=O)O)O,CCCO,288.15,K,-2.83388645358834
C1[C@H](CN[C@@H]1C(=O)O)O,CC(C)CO,298.15,K,-2.91235901142448
C1[C@H](CN[C@@H]1C(=O)O)O,CCCCCO,293.15,K,-2.9770753153974
C1[C@H](CN[C@@H]1C(=O)O)O,COC(C)=O,298.15,K,-2.83660566038155
C1[C@H](CN[C@@H]1C(=O)O)O,CC(C)O,298.15,K,-2.80892971121805
C1[C@H](CN[C@@H]1C(=O)O)O,CCCCO,293.15,K,-2.87489712672544
C1[C@H](CN[C@@H]1C(=O)O)O,CCCO,293.15,K,-2.77315620676444
C1[C@H](CN[C@@H]1C(=O)O)O,CO,283.15,K,-2.49779739347855
C1[C@H](CN[C@@H]1C(=O)O)O,CCC(C)=O,293.15,K,-2.84454770795241
C1[C@H](CN[C@@H]1C(=O)O)O,CCC(C)O,298.15,K,-2.85339735323647
C1[C@H](CN[C@@H]1C(=O)O)O,ClCCl,283.15,K,-2.66885402565132
C1[C@H](CN[C@@H]1C(=O)O)O,CCCCCO,298.15,K,-2.88280083446037
C1[C@H](CN[C@@H]1C(=O)O)O,CCCCO,298.15,K,-2.80882586378437
C1[C@H](CN[C@@H]1C(=O)O)O,CC(C)CO,303.15,K,-2.8142125859756
C1[C@H](CN[C@@H]1C(=O)O)O,CCO,293.15,K,-2.6045348492582
C1[C@H](CN[C@@H]1C(=O)O)O,CC#N,303.15,K,-2.56107642748831
C1[C@H](CN[C@@H]1C(=O)O)O,CO,288.15,K,-2.43107430075456
C1[C@H](CN[C@@H]1C(=O)O)O,COC(C)=O,303.15,K,-2.72425215714999
C1[C@H](CN[C@@H]1C(=O)O)O,CCCO,298.15,K,-2.68733096870615
C1[C@H](CN[C@@H]1C(=O)O)O,CC(C)O,303.15,K,-2.70055873139582
C1[C@H](CN[C@@H]1C(=O)O)O,CCC(C)O,303.15,K,-2.74755402168098
C1[C@H](CN[C@@H]1C(=O)O)O,CCCCCO,303.15,K,-2.80747066274618
C1[C@H](CN[C@@H]1C(=O)O)O,CO,293.15,K,-2.37365521704435
C1[C@H](CN[C@@H]1C(=O)O)O,CCCCO,303.15,K,-2.70781599460651
C1[C@H](CN[C@@H]1C(=O)O)O,CC#N,308.15,K,-2.45884579452933
C1[C@H](CN[C@@H]1C(=O)O)O,CCO,298.15,K,-2.49409907195377
C1[C@H](CN[C@@H]1C(=O)O)O,CC(C)CO,308.15,K,-2.69512174676367
C1[C@H](CN[C@@H]1C(=O)O)O,CCC(C)=O,298.15,K,-2.67442517393796
C1[C@H](CN[C@@H]1C(=O)O)O,CCCO,303.15,K,-2.57007008115346
C1[C@H](CN[C@@H]1C(=O)O)O,CC(C)O,308.15,K,-2.58110191567778
C1[C@H](CN[C@@H]1C(=O)O)O,CCC(C)O,308.15,K,-2.6582437047095
C1[C@H](CN[C@@H]1C(=O)O)O,CO,298.15,K,-2.2803524887238
C1[C@H](CN[C@@H]1C(=O)O)O,CCCCCO,308.15,K,-2.70751115753991
C1[C@H](CN[C@@H]1C(=O)O)O,CCCCO,308.15,K,-2.62722218990293
C1[C@H](CN[C@@H]1C(=O)O)O,COC(C)=O,308.15,K,-2.57181843543615
C1[C@H](CN[C@@H]1C(=O)O)O,ClCCl,288.15,K,-2.45443303435389
C1[C@H](CN[C@@H]1C(=O)O)O,CC(C)CO,313.15,K,-2.62728091943152
C1[C@H](CN[C@@H]1C(=O)O)O,CCO,303.15,K,-2.41651775760094
C1[C@H](CN[C@@H]1C(=O)O)O,CC#N,313.15,K,-2.37715426230421
C1[C@H](CN[C@@H]1C(=O)O)O,CCC(C)O,313.15,K,-2.58320682811833
C1[C@H](CN[C@@H]1C(=O)O)O,CO,303.15,K,-2.2084912521799
C1[C@H](CN[C@@H]1C(=O)O)O,CCCO,308.15,K,-2.47699029189249
C1[C@H](CN[C@@H]1C(=O)O)O,CC(C)O,313.15,K,-2.4882620960721
C1[C@H](CN[C@@H]1C(=O)O)O,CC(C)CO,318.15,K,-2.5557348751902
C1[C@H](CN[C@@H]1C(=O)O)O,CCCCO,313.15,K,-2.54826403865244
C1[C@H](CN[C@@H]1C(=O)O)O,CC#N,318.15,K,-2.30769771799133
C1[C@H](CN[C@@H]1C(=O)O)O,CCO,308.15,K,-2.33678615300181
C1[C@H](CN[C@@H]1C(=O)O)O,COC(C)=O,313.15,K,-2.46772257040229
C1[C@H](CN[C@@H]1C(=O)O)O,CCC(C)=O,303.15,K,-2.51021281119562
C1[C@H](CN[C@@H]1C(=O)O)O,CO,308.15,K,-2.14911123810908
C1[C@H](CN[C@@H]1C(=O)O)O,CCC(C)O,318.15,K,-2.50796789591358
C1[C@H](CN[C@@H]1C(=O)O)O,CC(C)CO,323.15,K,-2.49918654570315
C1[C@H](CN[C@@H]1C(=O)O)O,CCCO,313.15,K,-2.39903551084105
C1[C@H](CN[C@@H]1C(=O)O)O,CC(C)O,318.15,K,-2.40476282091275
C1[C@H](CN[C@@H]1C(=O)O)O,CCO,313.15,K,-2.27979905988729
C1[C@H](CN[C@@H]1C(=O)O)O,ClCCl,293.15,K,-2.30616155392041
C1[C@H](CN[C@@H]1C(=O)O)O,CC#N,323.15,K,-2.23936529925176
C1[C@H](CN[C@@H]1C(=O)O)O,CCCCO,318.15,K,-2.47241841998968
C1[C@H](CN[C@@H]1C(=O)O)O,CCCCCO,313.15,K,-2.5354035190121
C1[C@H](CN[C@@H]1C(=O)O)O,CCC(C)O,323.15,K,-2.47086616002669
C1[C@H](CN[C@@H]1C(=O)O)O,CO,313.15,K,-2.10115251796983
C1[C@H](CN[C@@H]1C(=O)O)O,COC(C)=O,318.15,K,-2.39913037097301
C1[C@H](CN[C@@H]1C(=O)O)O,CC(C)CO,328.15,K,-2.44075191674181
C1[C@H](CN[C@@H]1C(=O)O)O,CCCO,318.15,K,-2.334378670413
C1[C@H](CN[C@@H]1C(=O)O)O,CC#N,328.15,K,-2.18765787410965
C1[C@H](CN[C@@H]1C(=O)O)O,CC(C)O,323.15,K,-2.34186670670851
C1[C@H](CN[C@@H]1C(=O)O)O,CCCCO,323.15,K,-2.41567101439905
C1[C@H](CN[C@@H]1C(=O)O)O,CCC(C)O,328.15,K,-2.41767809281857
C1[C@H](CN[C@@H]1C(=O)O)O,CCO,318.15,K,-2.20265374186924
C1[C@H](CN[C@@H]1C(=O)O)O,CCC(C)=O,308.15,K,-2.37815286291169
C1[C@H](CN[C@@H]1C(=O)O)O,CC(C)CO,333.15,K,-2.39871784110806
C1[C@H](CN[C@@H]1C(=O)O)O,COC(C)=O,323.15,K,-2.3203097643303
C1[C@H](CN[C@@H]1C(=O)O)O,CO,318.15,K,-2.01049195697824
C1[C@H](CN[C@@H]1C(=O)O)O,CCC(C)O,333.15,K,-2.37308323727644
C1[C@H](CN[C@@H]1C(=O)O)O,CCCO,323.15,K,-2.27457178405836
C1[C@H](CN[C@@H]1C(=O)O)O,C1COCCO1,288.15,K,-2.31436620850819
C1[C@H](CN[C@@H]1C(=O)O)O,ClCCl,298.15,K,-2.18511023538382
C1[C@H](CN[C@@H]1C(=O)O)O,CC#N,333.15,K,-2.12603481769867
C1[C@H](CN[C@@H]1C(=O)O)O,CC(C)O,328.15,K,-2.27930714608383
C1[C@H](CN[C@@H]1C(=O)O)O,CCCCO,328.15,K,-2.35345581572185
C1[C@H](CN[C@@H]1C(=O)O)O,CCO,323.15,K,-2.14863017662511
C1[C@H](CN[C@@H]1C(=O)O)O,CCOC(C)=O,283.15,K,-2.32660413247876
C1[C@H](CN[C@@H]1C(=O)O)O,CCCO,328.15,K,-2.23018679404494
C1[C@H](CN[C@@H]1C(=O)O)O,COC(C)=O,328.15,K,-2.24996875690113
C1[C@H](CN[C@@H]1C(=O)O)O,CCC(C)=O,313.15,K,-2.27913980316652
C1[C@H](CN[C@@H]1C(=O)O)O,CCCCCO,318.15,K,-2.35637631881659
C1[C@H](CN[C@@H]1C(=O)O)O,CC(C)O,333.15,K,-2.21044501489052
C1[C@H](CN[C@@H]1C(=O)O)O,CCCCO,333.15,K,-2.28008621410701
C1[C@H](CN[C@@H]1C(=O)O)O,CCCO,333.15,K,-2.19115484464609
C1[C@H](CN[C@@H]1C(=O)O)O,ClCCl,303.15,K,-2.09914617315398
C1[C@H](CN[C@@H]1C(=O)O)O,CCO,328.15,K,-2.076836715787
C1[C@H](CN[C@@H]1C(=O)O)O,CO,323.15,K,-1.90218976627082
C1[C@H](CN[C@@H]1C(=O)O)O,CCO,333.15,K,-2.03101617229729
C1[C@H](CN[C@@H]1C(=O)O)O,CCC(C)=O,318.15,K,-2.18637859291029
C1[C@H](CN[C@@H]1C(=O)O)O,ClCCl,308.15,K,-2.02236171629733
C1[C@H](CN[C@@H]1C(=O)O)O,CCCCCO,323.15,K,-2.24796311983501
C1[C@H](CN[C@@H]1C(=O)O)O,C1COCCO1,293.15,K,-2.13024550142064
C1[C@H](CN[C@@H]1C(=O)O)O,CO,328.15,K,-1.81042187196199
C1[C@H](CN[C@@H]1C(=O)O)O,CCOC(C)=O,288.15,K,-2.17236834468147
C1[C@H](CN[C@@H]1C(=O)O)O,CCC(C)=O,323.15,K,-2.10974971259186
C1[C@H](CN[C@@H]1C(=O)O)O,CO,333.15,K,-1.7337656716835
C1[C@H](CN[C@@H]1C(=O)O)O,CCCCCO,328.15,K,-2.13016681999335
C1[C@H](CN[C@@H]1C(=O)O)O,C1COCCO1,298.15,K,-2.00255883878498
C1[C@H](CN[C@@H]1C(=O)O)O,CCOC(C)=O,293.15,K,-2.05397316338977
C1[C@H](CN[C@@H]1C(=O)O)O,CCC(C)=O,328.15,K,-2.03481304248048
C1[C@H](CN[C@@H]1C(=O)O)O,CC(C)=O,283.15,K,-1.89440297412374
C1[C@H](CN[C@@H]1C(=O)O)O,CCC(C)=O,333.15,K,-1.97047989663199
C1[C@H](CN[C@@H]1C(=O)O)O,CCCCCO,333.15,K,-2.01041462767027
C1[C@H](CN[C@@H]1C(=O)O)O,CCOC(C)=O,298.15,K,-1.95644762292296
C1[C@H](CN[C@@H]1C(=O)O)O,C1COCCO1,303.15,K,-1.90207579967036
C1[C@H](CN[C@@H]1C(=O)O)O,CC(C)=O,288.15,K,-1.82137798518935
C1[C@H](CN[C@@H]1C(=O)O)O,C1COCCO1,308.15,K,-1.8210805016959
C1[C@H](CN[C@@H]1C(=O)O)O,CCOC(C)=O,303.15,K,-1.87626100191539
C1[C@H](CN[C@@H]1C(=O)O)O,CC(C)=O,293.15,K,-1.72180874477574
C1[C@H](CN[C@@H]1C(=O)O)O,C1COCCO1,313.15,K,-1.75436676575487
C1[C@H](CN[C@@H]1C(=O)O)O,CC(C)=O,298.15,K,-1.65466509262094
C1[C@H](CN[C@@H]1C(=O)O)O,CCOC(C)=O,308.15,K,-1.77584484951178
C1[C@H](CN[C@@H]1C(=O)O)O,C1COCCO1,318.15,K,-1.6924035428917
C1[C@H](CN[C@@H]1C(=O)O)O,CCOC(C)=O,313.15,K,-1.72220074640176
C1[C@H](CN[C@@H]1C(=O)O)O,C1COCCO1,323.15,K,-1.63407148786963
C1[C@H](CN[C@@H]1C(=O)O)O,CC(C)=O,303.15,K,-1.55804758032557
C1[C@H](CN[C@@H]1C(=O)O)O,CCOC(C)=O,318.15,K,-1.64746468886611
C1[C@H](CN[C@@H]1C(=O)O)O,CC(C)=O,308.15,K,-1.5029616700291
C1[C@H](CN[C@@H]1C(=O)O)O,C1COCCO1,328.15,K,-1.56947111792098
C1[C@H](CN[C@@H]1C(=O)O)O,CCOC(C)=O,323.15,K,-1.58903404167632
C1[C@H](CN[C@@H]1C(=O)O)O,C1COCCO1,333.15,K,-1.51184402137626
C1[C@H](CN[C@@H]1C(=O)O)O,CC(C)=O,313.15,K,-1.43371565539111
C1[C@H](CN[C@@H]1C(=O)O)O,CCOC(C)=O,328.15,K,-1.51286034877748
C1[C@H](CN[C@@H]1C(=O)O)O,CC(C)=O,318.15,K,-1.37445905910059
C1[C@H](CN[C@@H]1C(=O)O)O,CCOC(C)=O,333.15,K,-1.43479288330314
C1[C@H](CN[C@@H]1C(=O)O)O,CC(C)=O,323.15,K,-1.29936901743279
C1[C@H](CN[C@@H]1C(=O)O)O,CC(C)=O,328.15,K,-1.24109927960533
C1[C@H](CN[C@@H]1C(=O)O)O,O,283.15,K,0.425009079338141
C1[C@H](CN[C@@H]1C(=O)O)O,O,288.15,K,0.44296362466558
C1[C@H](CN[C@@H]1C(=O)O)O,O,293.15,K,0.458219950963018
C1[C@H](CN[C@@H]1C(=O)O)O,O,298.15,K,0.474663759767583
C1[C@H](CN[C@@H]1C(=O)O)O,O,303.15,K,0.49077778501906
C1[C@H](CN[C@@H]1C(=O)O)O,O,308.15,K,0.509332657268577
C1[C@H](CN[C@@H]1C(=O)O)O,O,313.15,K,0.523416109075722
C1[C@H](CN[C@@H]1C(=O)O)O,O,318.15,K,0.535786096380729
C1[C@H](CN[C@@H]1C(=O)O)O,O,323.15,K,0.553065746367969
C1[C@H](CN[C@@H]1C(=O)O)O,O,328.15,K,0.564313584003569
C1[C@H](CN[C@@H]1C(=O)O)O,O,333.15,K,0.593893334461884
C[C@@H]1CC[C@@]2(CC[C@@]3(C(=CC[C@H]4[C@]3(CC[C@@H]5[C@@]4(CC[C@@H](C5(C)C)O)C)C)[C@@H]2[C@H]1C)C)C(=O)O,CC(=O)CC(C)C,278.2,K,-2.11504203289932
C[C@@H]1CC[C@@]2(CC[C@@]3(C(=CC[C@H]4[C@]3(CC[C@@H]5[C@@]4(CC[C@@H](C5(C)C)O)C)C)[C@@H]2[C@H]1C)C)C(=O)O,CC(=O)CC(C)C,283.2,K,-2.07531386516824
C[C@@H]1CC[C@@]2(CC[C@@]3(C(=CC[C@H]4[C@]3(CC[C@@H]5[C@@]4(CC[C@@H](C5(C)C)O)C)C)[C@@H]2[C@H]1C)C)C(=O)O,CC(=O)CC(C)C,288.2,K,-2.06742171179632
C[C@@H]1CC[C@@]2(CC[C@@]3(C(=CC[C@H]4[C@]3(CC[C@@H]5[C@@]4(CC[C@@H](C5(C)C)O)C)C)[C@@H]2[C@H]1C)C)C(=O)O,CC(=O)CC(C)C,293.2,K,-2.05907702455514
C[C@@H]1CC[C@@]2(CC[C@@]3(C(=CC[C@H]4[C@]3(CC[C@@H]5[C@@]4(CC[C@@H](C5(C)C)O)C)C)[C@@H]2[C@H]1C)C)C(=O)O,CC(=O)CC(C)C,298.2,K,-1.99288396431983
C[C@@H]1CC[C@@]2(CC[C@@]3(C(=CC[C@H]4[C@]3(CC[C@@H]5[C@@]4(CC[C@@H](C5(C)C)O)C)C)[C@@H]2[C@H]1C)C)C(=O)O,CC(=O)CC(C)C,303.2,K,-1.99420140963165
C[C@@H]1CC[C@@]2(CC[C@@]3(C(=CC[C@H]4[C@]3(CC[C@@H]5[C@@]4(CC[C@@H](C5(C)C)O)C)C)[C@@H]2[C@H]1C)C)C(=O)O,CC(=O)CC(C)C,308.2,K,-1.9285353144117
C[C@@H]1CC[C@@]2(CC[C@@]3(C(=CC[C@H]4[C@]3(CC[C@@H]5[C@@]4(CC[C@@H](C5(C)C)O)C)C)[C@@H]2[C@H]1C)C)C(=O)O,CCCCO,278.2,K,-1.76869343982094
C[C@@H]1CC[C@@]2(CC[C@@]3(C(=CC[C@H]4[C@]3(CC[C@@H]5[C@@]4(CC[C@@H](C5(C)C)O)C)C)[C@@H]2[C@H]1C)C)C(=O)O,COC(C)(C)C,278.2,K,-1.84262727913247
C[C@@H]1CC[C@@]2(CC[C@@]3(C(=CC[C@H]4[C@]3(CC[C@@H]5[C@@]4(CC[C@@H](C5(C)C)O)C)C)[C@@H]2[C@H]1C)C)C(=O)O,CCCCO,283.2,K,-1.73167838833896
C[C@@H]1CC[C@@]2(CC[C@@]3(C(=CC[C@H]4[C@]3(CC[C@@H]5[C@@]4(CC[C@@H](C5(C)C)O)C)C)[C@@H]2[C@H]1C)C)C(=O)O,CC(=O)CC(C)C,313.2,K,-1.87707012362016
C[C@]12CC[C@@H](C([C@@H]1CC[C@@]3([C@@H]2CC=C4[C@]3(CC[C@@]5([C@H]4CC(CC5)(C)C)C(=O)O)C)C)(C)C)O,CC(=O)CC(C)C,278.2,K,-1.85154410307053
C[C@@H]1CC[C@@]2(CC[C@@]3(C(=CC[C@H]4[C@]3(CC[C@@H]5[C@@]4(CC[C@@H](C5(C)C)O)C)C)[C@@H]2[C@H]1C)C)C(=O)O,COC(C)(C)C,283.2,K,-1.82678472628859
C[C@@H]1CC[C@@]2(CC[C@@]3(C(=CC[C@H]4[C@]3(CC[C@@H]5[C@@]4(CC[C@@H](C5(C)C)O)C)C)[C@@H]2[C@H]1C)C)C(=O)O,CC(=O)CC(C)C,318.2,K,-1.84322824249233
C[C@]12CC[C@@H](C([C@@H]1CC[C@@]3([C@@H]2CC=C4[C@]3(CC[C@@]5([C@H]4CC(CC5)(C)C)C(=O)O)C)C)(C)C)O,CCCCO,278.2,K,-1.68439643190812
C[C@]12CC[C@@H](C([C@@H]1CC[C@@]3([C@@H]2CC=C4[C@]3(CC[C@@]5([C@H]4CC(CC5)(C)C)C(=O)O)C)C)(C)C)O,CC(=O)CC(C)C,283.2,K,-1.79075007161494
C[C@@H]1CC[C@@]2(CC[C@@]3(C(=CC[C@H]4[C@]3(CC[C@@H]5[C@@]4(CC[C@@H](C5(C)C)O)C)C)[C@@H]2[C@H]1C)C)C(=O)O,COC(C)(C)C,288.2,K,-1.74958079793063
C[C@]12CC[C@@H](C([C@@H]1CC[C@@]3([C@@H]2CC=C4[C@]3(CC[C@@]5([C@H]4CC(CC5)(C)C)C(=O)O)C)C)(C)C)O,CC(=O)CC(C)C,288.2,K,-1.76757407345707
C[C@]12CC[C@@H](C([C@@H]1CC[C@@]3([C@@H]2CC=C4[C@]3(CC[C@@]5([C@H]4CC(CC5)(C)C)C(=O)O)C)C)(C)C)O,CC(=O)CC(C)C,293.2,K,-1.76830570809784
C[C@]12CC[C@@H](C([C@@H]1CC[C@@]3([C@@H]2CC=C4[C@]3(CC[C@@]5([C@H]4CC(CC5)(C)C)C(=O)O)C)C)(C)C)O,CCCCO,283.2,K,-1.61401840856931
C[C@]12CC[C@@H](C([C@@H]1CC[C@@]3([C@@H]2CC=C4[C@]3(CC[C@@]5([C@H]4CC(CC5)(C)C)C(=O)O)C)C)(C)C)O,CCCCO,288.2,K,-1.61153983067474
C[C@@H]1CC[C@@]2(CC[C@@]3(C(=CC[C@H]4[C@]3(CC[C@@H]5[C@@]4(CC[C@@H](C5(C)C)O)C)C)[C@@H]2[C@H]1C)C)C(=O)O,CCCCO,288.2,K,-1.60396634739877
C[C@]12CC[C@@H](C([C@@H]1CC[C@@]3([C@@H]2CC=C4[C@]3(CC[C@@]5([C@H]4CC(CC5)(C)C)C(=O)O)C)C)(C)C)O,CC(=O)CC(C)C,298.2,K,-1.73633147638894
C[C@@H]1CC[C@@]2(CC[C@@]3(C(=CC[C@H]4[C@]3(CC[C@@H]5[C@@]4(CC[C@@H](C5(C)C)O)C)C)[C@@H]2[C@H]1C)C)C(=O)O,COC(C)(C)C,293.2,K,-1.67800415255564
C[C@]12CC[C@@H](C([C@@H]1CC[C@@]3([C@@H]2CC=C4[C@]3(CC[C@@]5([C@H]4CC(CC5)(C)C)C(=O)O)C)C)(C)C)O,CCCCO,293.2,K,-1.56404930942223
C[C@]12CC[C@@H](C([C@@H]1CC[C@@]3([C@@H]2CC=C4[C@]3(CC[C@@]5([C@H]4CC(CC5)(C)C)C(=O)O)C)C)(C)C)O,CC(=O)CC(C)C,303.2,K,-1.68151474380511
C[C@]12CC[C@@H](C([C@@H]1CC[C@@]3([C@@H]2CC=C4[C@]3(CC[C@@]5([C@H]4CC(CC5)(C)C)C(=O)O)C)C)(C)C)O,CCCCO,298.2,K,-1.53891900536903
C[C@@H]1CC[C@@]2(CC[C@@]3(C(=CC[C@H]4[C@]3(CC[C@@H]5[C@@]4(CC[C@@H](C5(C)C)O)C)C)[C@@H]2[C@H]1C)C)C(=O)O,CCCCO,293.2,K,-1.53545673397365
C[C@@H]1CC[C@@]2(CC[C@@]3(C(=CC[C@H]4[C@]3(CC[C@@H]5[C@@]4(CC[C@@H](C5(C)C)O)C)C)[C@@H]2[C@H]1C)C)C(=O)O,COC(C)(C)C,298.2,K,-1.61489278153156
C[C@@H]1CC[C@@]2(CC[C@@]3(C(=CC[C@H]4[C@]3(CC[C@@H]5[C@@]4(CC[C@@H](C5(C)C)O)C)C)[C@@H]2[C@H]1C)C)C(=O)O,COC(C)(C)C,303.2,K,-1.6009567963458
C[C@@H]1CC[C@@]2(CC[C@@]3(C(=CC[C@H]4[C@]3(CC[C@@H]5[C@@]4(CC[C@@H](C5(C)C)O)C)C)[C@@H]2[C@H]1C)C)C(=O)O,COC(C)(C)C,308.2,K,-1.60497971833175
C[C@@H]1CC[C@@]2(CC[C@@]3(C(=CC[C@H]4[C@]3(CC[C@@H]5[C@@]4(CC[C@@H](C5(C)C)O)C)C)[C@@H]2[C@H]1C)C)C(=O)O,COC(C)(C)C,313.2,K,-1.61125024788132
C[C@]12CC[C@@H](C([C@@H]1CC[C@@]3([C@@H]2CC=C4[C@]3(CC[C@@]5([C@H]4CC(CC5)(C)C)C(=O)O)C)C)(C)C)O,CC(=O)CC(C)C,308.2,K,-1.59782926456075
C[C@@H]1CC[C@@]2(CC[C@@]3(C(=CC[C@H]4[C@]3(CC[C@@H]5[C@@]4(CC[C@@H](C5(C)C)O)C)C)[C@@H]2[C@H]1C)C)C(=O)O,CCCCO,298.2,K,-1.43571559392005
C[C@@H]1CC[C@@]2(CC[C@@]3(C(=CC[C@H]4[C@]3(CC[C@@H]5[C@@]4(CC[C@@H](C5(C)C)O)C)C)[C@@H]2[C@H]1C)C)C(=O)O,COC(C)(C)C,318.2,K,-1.59221007017633
C[C@]12CC[C@@H](C([C@@H]1CC[C@@]3([C@@H]2CC=C4[C@]3(CC[C@@]5([C@H]4CC(CC5)(C)C)C(=O)O)C)C)(C)C)O,CC(=O)CC(C)C,313.2,K,-1.55017097376662
C[C@]12CC[C@@H](C([C@@H]1CC[C@@]3([C@@H]2CC=C4[C@]3(CC[C@@]5([C@H]4CC(CC5)(C)C)C(=O)O)C)C)(C)C)O,COC(C)(C)C,278.2,K,-1.50918830337403
C[C@]12CC[C@@H](C([C@@H]1CC[C@@]3([C@@H]2CC=C4[C@]3(CC[C@@]5([C@H]4CC(CC5)(C)C)C(=O)O)C)C)(C)C)O,CCCCO,303.2,K,-1.39578325557803
C[C@@H]1CC[C@@]2(CC[C@@]3(C(=CC[C@H]4[C@]3(CC[C@@H]5[C@@]4(CC[C@@H](C5(C)C)O)C)C)[C@@H]2[C@H]1C)C)C(=O)O,CCCCO,303.2,K,-1.3766507633053
C[C@]12CC[C@@H](C([C@@H]1CC[C@@]3([C@@H]2CC=C4[C@]3(CC[C@@]5([C@H]4CC(CC5)(C)C)C(=O)O)C)C)(C)C)O,COC(C)(C)C,283.2,K,-1.47983107589025
C[C@]12CC[C@@H](C([C@@H]1CC[C@@]3([C@@H]2CC=C4[C@]3(CC[C@@]5([C@H]4CC(CC5)(C)C)C(=O)O)C)C)(C)C)O,CCCCO,308.2,K,-1.37156958075532
C[C@]12CC[C@@H](C([C@@H]1CC[C@@]3([C@@H]2CC=C4[C@]3(CC[C@@]5([C@H]4CC(CC5)(C)C)C(=O)O)C)C)(C)C)O,COC(C)(C)C,288.2,K,-1.45943536496507
C[C@@H]1CC[C@@]2(CC[C@@]3(C(=CC[C@H]4[C@]3(CC[C@@H]5[C@@]4(CC[C@@H](C5(C)C)O)C)C)[C@@H]2[C@H]1C)C)C(=O)O,CCCCO,308.2,K,-1.3521527501767
C[C@]12CC[C@@H](C([C@@H]1CC[C@@]3([C@@H]2CC=C4[C@]3(CC[C@@]5([C@H]4CC(CC5)(C)C)C(=O)O)C)C)(C)C)O,COC(C)(C)C,293.2,K,-1.45452176695408
C[C@]12CC[C@@H](C([C@@H]1CC[C@@]3([C@@H]2CC=C4[C@]3(CC[C@@]5([C@H]4CC(CC5)(C)C)C(=O)O)C)C)(C)C)O,COC(C)(C)C,298.2,K,-1.44812679329909
C[C@]12CC[C@@H](C([C@@H]1CC[C@@]3([C@@H]2CC=C4[C@]3(CC[C@@]5([C@H]4CC(CC5)(C)C)C(=O)O)C)C)(C)C)O,COC(C)(C)C,303.2,K,-1.45948869922258
C[C@]12CC[C@@H](C([C@@H]1CC[C@@]3([C@@H]2CC=C4[C@]3(CC[C@@]5([C@H]4CC(CC5)(C)C)C(=O)O)C)C)(C)C)O,CC(=O)CC(C)C,318.2,K,-1.47740931696145
C[C@@H]1CC[C@@]2(CC[C@@]3(C(=CC[C@H]4[C@]3(CC[C@@H]5[C@@]4(CC[C@@H](C5(C)C)O)C)C)[C@@H]2[C@H]1C)C)C(=O)O,CCCCO,313.2,K,-1.29996475213246
C[C@]12CC[C@@H](C([C@@H]1CC[C@@]3([C@@H]2CC=C4[C@]3(CC[C@@]5([C@H]4CC(CC5)(C)C)C(=O)O)C)C)(C)C)O,COC(C)(C)C,308.2,K,-1.41959210077718
C[C@@H]1CC[C@@]2(CC[C@@]3(C(=CC[C@H]4[C@]3(CC[C@@H]5[C@@]4(CC[C@@H](C5(C)C)O)C)C)[C@@H]2[C@H]1C)C)C(=O)O,CCCCO,318.2,K,-1.26763984696064
C[C@]12CC[C@@H](C([C@@H]1CC[C@@]3([C@@H]2CC=C4[C@]3(CC[C@@]5([C@H]4CC(CC5)(C)C)C(=O)O)C)C)(C)C)O,CCCCO,313.2,K,-1.25867581280592
C[C@]12CC[C@@H](C([C@@H]1CC[C@@]3([C@@H]2CC=C4[C@]3(CC[C@@]5([C@H]4CC(CC5)(C)C)C(=O)O)C)C)(C)C)O,CCCCO,318.2,K,-1.2283174822762
C[C@]12CC[C@@H](C([C@@H]1CC[C@@]3([C@@H]2CC=C4[C@]3(CC[C@@]5([C@H]4CC(CC5)(C)C)C(=O)O)C)C)(C)C)O,COC(C)(C)C,313.2,K,-1.34938073494746
C[C@]12CC[C@@H](C([C@@H]1CC[C@@]3([C@@H]2CC=C4[C@]3(CC[C@@]5([C@H]4CC(CC5)(C)C)C(=O)O)C)C)(C)C)O,COC(C)(C)C,318.2,K,-1.32179107193798
C1=CC=C(C=C1)C(=O)O,O=C(OCc1ccccc1)c1ccccc1,288.15,K,-0.441320163149635
C1=CC=C(C=C1)C(=O)O,O=C(OCc1ccccc1)c1ccccc1,293.15,K,-0.33848767228481
C1=CC=C(C=C1)C(=O)O,O=C(OCc1ccccc1)c1ccccc1,298.15,K,-0.233066209765722
C1=CC=C(C=C1)C(=O)O,CC(=O)OCc1ccccc1,288.15,K,-0.028094075020083
C1=CC=C(C=C1)C(=O)O,O=C(OCc1ccccc1)c1ccccc1,303.15,K,-3.13849283421731
C1=CC=C(C=C1)C(=O)O,CC(=O)OCc1ccccc1,293.15,K,0.025548965415276
C1=CC=C(C=C1)C(=O)O,O=C(OCc1ccccc1)c1ccccc1,308.15,K,-0.071400043732367
C1=CC=C(C=C1)C(=O)O,OCc1ccccc1,288.15,K,0.20272718218598
C1=CC=C(C=C1)C(=O)O,CC(=O)OCc1ccccc1,298.15,K,0.074538557616055
C1=CC=C(C=C1)C(=O)O,CC(=O)OCc1ccccc1,303.15,K,0.11362257349446
C1=CC=C(C=C1)C(=O)O,OCc1ccccc1,293.15,K,0.258756436557423
C1=CC=C(C=C1)C(=O)O,O=C(OCc1ccccc1)c1ccccc1,313.15,K,-0.004700637572574
C1=CC=C(C=C1)C(=O)O,OCc1ccccc1,298.15,K,0.291664044784231
C1=CC=C(C=C1)C(=O)O,CC(=O)OCc1ccccc1,308.15,K,0.177160920745374
C1=CC=C(C=C1)C(=O)O,O=C(OCc1ccccc1)c1ccccc1,318.15,K,0.078527374382836
C1=CC=C(C=C1)C(=O)O,OCc1ccccc1,303.15,K,0.348692754457901
C1=CC=C(C=C1)C(=O)O,CC(=O)OCc1ccccc1,313.15,K,0.232157113449581
C1=CC=C(C=C1)C(=O)O,O=C(OCc1ccccc1)c1ccccc1,323.15,K,0.15199986355614
C1=CC=C(C=C1)C(=O)O,OCc1ccccc1,308.15,K,0.416666715317457
C1=CC=C(C=C1)C(=O)O,CC(=O)OCc1ccccc1,318.15,K,0.305435479840567
C1=CC=C(C=C1)C(=O)O,OCc1ccccc1,313.15,K,0.46434394970005
C1=CC=C(C=C1)C(=O)O,O=C(OCc1ccccc1)c1ccccc1,328.15,K,0.234951819111746
C1=CC=C(C=C1)C(=O)O,CC(=O)OCc1ccccc1,323.15,K,0.362996675301431
C1=CC=C(C=C1)C(=O)O,OCc1ccccc1,318.15,K,0.531720607739493
C1=CC=C(C=C1)C(=O)O,OCc1ccccc1,323.15,K,0.583715320316793
C1=CC=C(C=C1)C(=O)O,CC(=O)OCc1ccccc1,328.15,K,0.450844434757871
C1=CC=C(C=C1)C(=O)O,OCc1ccccc1,328.15,K,0.630983738866527
C1C[C@H](NC1)C(=O)N,CCCCCC,278.15,K,-3.32885894885814
C1C[C@H](NC1)C(=O)N,C1CCCCC1,278.15,K,-3.24771397595765
C1C[C@H](NC1)C(=O)N,CCCCCC,283.15,K,-3.15594775422273
C1C[C@H](NC1)C(=O)N,C1CCCCC1,283.15,K,-3.0741110261559
C1C[C@H](NC1)C(=O)N,C1CCCCC1,288.15,K,-2.88473624817715
C1C[C@H](NC1)C(=O)N,CCCCCC,288.15,K,-2.93692309616013
C1C[C@H](NC1)C(=O)N,C1CCCCC1,293.15,K,-2.69097090756801
C1C[C@H](NC1)C(=O)N,CCCCCC,293.15,K,-2.75400878679677
C1C[C@H](NC1)C(=O)N,CCCCCCC,278.15,K,-2.75900663261804
C1C[C@H](NC1)C(=O)N,CCCCCC,298.15,K,-2.61338845836934
C1C[C@H](NC1)C(=O)N,C1CCCCC1,298.15,K,-2.52793806362027
C1C[C@H](NC1)C(=O)N,CCCCCCC,283.15,K,-2.60337635750124
C1C[C@H](NC1)C(=O)N,CCCCCCC,288.15,K,-2.47224944166426
C1C[C@H](NC1)C(=O)N,CCCCCC,303.15,K,-2.41387879239967
C1C[C@H](NC1)C(=O)N,C1CCCCC1,303.15,K,-2.33092785172081
C1C[C@H](NC1)C(=O)N,CCCCCCC,293.15,K,-2.33275281198479
C1C[C@H](NC1)C(=O)N,CCCCCC,308.15,K,-2.23832981457772
C1C[C@H](NC1)C(=O)N,C1CCCCC1,308.15,K,-2.14343372944437
C1C[C@H](NC1)C(=O)N,CCCCCCC,298.15,K,-2.18279894110344
C1C[C@H](NC1)C(=O)N,CCCCCC,313.15,K,-2.07781158876462
C1C[C@H](NC1)C(=O)N,C1CCCCC1,313.15,K,-1.95013895917298
C1C[C@H](NC1)C(=O)N,CCCCCCC,303.15,K,-2.05340546562657
C1C[C@H](NC1)C(=O)N,CCCCCC,318.15,K,-1.92922612465867
C1C[C@H](NC1)C(=O)N,C1CCCCC1,318.15,K,-1.81565845636958
C1C[C@H](NC1)C(=O)N,CCCCCCC,308.15,K,-1.91817388847519
C1C[C@H](NC1)C(=O)N,CCCCCC,323.15,K,-1.807248528766
C1C[C@H](NC1)C(=O)N,C1CCCCC1,323.15,K,-1.68502318019022
C1C[C@H](NC1)C(=O)N,CCCCCCC,313.15,K,-1.79768423317878
C1C[C@H](NC1)C(=O)N,CCCCCCC,318.15,K,-1.69583739693673
C1C[C@H](NC1)C(=O)N,CCCCCCC,323.15,K,-1.57814152000087
C1C[C@H](NC1)C(=O)N,CCOC(C)=O,278.15,K,-0.850454397800249
C1C[C@H](NC1)C(=O)N,CCOC(C)=O,283.15,K,-0.724115858156409
C1C[C@H](NC1)C(=O)N,CCOC(C)=O,288.15,K,-0.592375608201952
C1C[C@H](NC1)C(=O)N,CCOC(C)=O,293.15,K,-0.478432786730053
C1C[C@H](NC1)C(=O)N,CCOC(C)=O,298.15,K,-0.347974945440083
C1C[C@H](NC1)C(=O)N,CN(C)C=O,278.15,K,-0.235588914892274
C1C[C@H](NC1)C(=O)N,CCCO,278.15,K,-0.177064896607822
C1C[C@H](NC1)C(=O)N,CC(C)O,278.15,K,-0.125901366692142
C1C[C@H](NC1)C(=O)N,CCOC(C)=O,303.15,K,-0.23182684318837
C1C[C@H](NC1)C(=O)N,CC#N,278.15,K,0.060377754827651
C1C[C@H](NC1)C(=O)N,CN(C)C=O,283.15,K,-0.093787802818941
C1C[C@H](NC1)C(=O)N,CCCO,283.15,K,-0.066872294706206
C1C[C@H](NC1)C(=O)N,CC(C)O,283.15,K,-0.059591462523545
C1C[C@H](NC1)C(=O)N,C1CCOC1,278.15,K,-0.080611643577923
C1C[C@H](NC1)C(=O)N,CC#N,283.15,K,0.116401374646085
C1C[C@H](NC1)C(=O)N,CC(C)=O,278.15,K,-0.01900113670251
C1C[C@H](NC1)C(=O)N,CCOC(C)=O,308.15,K,-0.114863029405791
C1C[C@H](NC1)C(=O)N,CC#N,288.15,K,0.180577893645487
C1C[C@H](NC1)C(=O)N,C1CCOC1,283.15,K,0.004294634292636
C1C[C@H](NC1)C(=O)N,CCCO,288.15,K,0.039683252831998
C1C[C@H](NC1)C(=O)N,CN(C)C=O,288.15,K,0.030134644596855
C1C[C@H](NC1)C(=O)N,CC(C)=O,283.15,K,0.067527147951703
C1C[C@H](NC1)C(=O)N,CC(C)O,288.15,K,0.055878932444671
C1C[C@H](NC1)C(=O)N,C1CCOC1,283.15,K,0.03745102070295
C1C[C@H](NC1)C(=O)N,CC#N,293.15,K,0.242488186854913
C1C[C@H](NC1)C(=O)N,C1CCOC1,288.15,K,0.079861218620916
C1C[C@H](NC1)C(=O)N,C1CCOC1,288.15,K,0.101650537664627
C1C[C@H](NC1)C(=O)N,CCOC(C)=O,313.15,K,0.007474466350065
C1C[C@H](NC1)C(=O)N,CCCO,293.15,K,0.138939217736145
C1C[C@H](NC1)C(=O)N,CC#N,298.15,K,0.304139314501432
C1C[C@H](NC1)C(=O)N,CC(C)=O,288.15,K,0.161890988812357
C1C[C@H](NC1)C(=O)N,CN(C)C=O,293.15,K,0.147729599773029
C1C[C@H](NC1)C(=O)N,CC(C)O,293.15,K,0.16024302043088
C1C[C@H](NC1)C(=O)N,CC#N,303.15,K,0.347420573788668
C1C[C@H](NC1)C(=O)N,C1CCOC1,293.15,K,0.170138526953765
C1C[C@H](NC1)C(=O)N,CCCO,298.15,K,0.222470041477904
C1C[C@H](NC1)C(=O)N,CC(C)=O,293.15,K,0.239813841376263
C1C[C@H](NC1)C(=O)N,CC#N,308.15,K,0.38969324094732
C1C[C@H](NC1)C(=O)N,CCOC(C)=O,318.15,K,0.135252924630196
C1C[C@H](NC1)C(=O)N,CN(C)C=O,298.15,K,0.259447412864609
C1C[C@H](NC1)C(=O)N,CC(C)O,298.15,K,0.271801291634649
C1C[C@H](NC1)C(=O)N,CC#N,313.15,K,0.431271908454545
C1C[C@H](NC1)C(=O)N,C1CCOC1,298.15,K,0.263376643763792
C1C[C@H](NC1)C(=O)N,CCCO,303.15,K,0.29615510149737
C1C[C@H](NC1)C(=O)N,CC(C)=O,298.15,K,0.316294249408862
C1C[C@H](NC1)C(=O)N,C1CCOC1,298.15,K,0.289392307431307
C1C[C@H](NC1)C(=O)N,CC#N,318.15,K,0.468291879181594
C1C[C@H](NC1)C(=O)N,CC#N,323.15,K,0.501354705962712
C1C[C@H](NC1)C(=O)N,CC(C)O,303.15,K,0.367856859419968
C1C[C@H](NC1)C(=O)N,CC(C)=O,303.15,K,0.389908079170948
C1C[C@H](NC1)C(=O)N,CCOC(C)=O,323.15,K,0.25350646100353
C1C[C@H](NC1)C(=O)N,C1CCOC1,303.15,K,0.351458610605225
C1C[C@H](NC1)C(=O)N,CN(C)C=O,303.15,K,0.375778106599138
C1C[C@H](NC1)C(=O)N,CCCO,308.15,K,0.399426082218827
C1C[C@H](NC1)C(=O)N,CC(C)=O,308.15,K,0.456788744695542
C1C[C@H](NC1)C(=O)N,C1CCOC1,308.15,K,0.449018419145755
C1C[C@H](NC1)C(=O)N,CC(C)O,308.15,K,0.478120330561152
C1C[C@H](NC1)C(=O)N,CN(C)C=O,308.15,K,0.48939116540448
C1C[C@H](NC1)C(=O)N,CC(C)=O,313.15,K,0.519145047420877
C1C[C@H](NC1)C(=O)N,CCCO,313.15,K,0.527664854633351
C1C[C@H](NC1)C(=O)N,CC(C)=O,313.15,K,0.543677866326788
C1C[C@H](NC1)C(=O)N,C1CCOC1,313.15,K,0.539788272905302
C1C[C@H](NC1)C(=O)N,CC(C)=O,318.15,K,0.580821623872014
C1C[C@H](NC1)C(=O)N,C1CCOC1,313.15,K,0.549941235847776
C1C[C@H](NC1)C(=O)N,CC(C)=O,318.15,K,0.589920271621747
C1C[C@H](NC1)C(=O)N,CC(C)O,313.15,K,0.581000365556703
C1C[C@H](NC1)C(=O)N,CN(C)C=O,313.15,K,0.599276684089445
C1C[C@H](NC1)C(=O)N,CC(C)=O,323.15,K,0.642737440773419
C1C[C@H](NC1)C(=O)N,CCCO,318.15,K,0.659172798143046
C1C[C@H](NC1)C(=O)N,CC(C)O,318.15,K,0.693307825517804
C1C[C@H](NC1)C(=O)N,C1CCOC1,318.15,K,0.682047993019167
C1C[C@H](NC1)C(=O)N,CN(C)C=O,318.15,K,0.709381976673135
C1C[C@H](NC1)C(=O)N,CCCO,323.15,K,0.801243433477627
C1C[C@H](NC1)C(=O)N,CN(C)C=O,323.15,K,0.825433297901527
C1C[C@H](NC1)C(=O)N,CC(C)O,323.15,K,0.841451346995606
C1C[C@H](NC1)C(=O)N,C1CCOC1,323.15,K,0.82838287186831
CC(=O)NCC(=O)O,CC#N,283.15,K,-2.36935282980879
CC(=O)NCC(=O)O,CC#N,288.15,K,-2.31748826558151
CC(=O)NCC(=O)O,CC#N,293.15,K,-2.2415139817239
CC(=O)NCC(=O)O,CC#N,298.15,K,-2.1847399435844
CC(=O)NCC(=O)O,CC#N,303.15,K,-2.11359172411132
CC(=O)NCC(=O)O,CC#N,308.15,K,-2.00475405042999
CC(=O)NCC(=O)O,CC#N,313.15,K,-1.93243696047442
CC(=O)NCC(=O)O,CC(C)=O,283.15,K,-2.00613520713573
CC(=O)NCC(=O)O,CC#N,318.15,K,-1.87547408003006
CC(=O)NCC(=O)O,CC(C)=O,288.15,K,-1.97846364505281
CC(=O)NCC(=O)O,CC(C)=O,293.15,K,-1.9382037913762
CC(=O)NCC(=O)O,CC(C)=O,298.15,K,-1.90903419902332
CC(=O)NCC(=O)O,CC#N,323.15,K,-1.75648492075704
CC(=O)NCC(=O)O,CC(C)=O,303.15,K,-1.86764245610391
CC(=O)NCC(=O)O,CC(C)=O,308.15,K,-1.82111121134842
CC(=O)NCC(=O)O,CC#N,328.15,K,-1.67974333128632
CC(=O)NCC(=O)O,C1COCCO1,288.15,K,-1.83618207398558
CC(=O)NCC(=O)O,CCCCCO,283.15,K,-1.91241336556013
CC(=O)NCC(=O)O,CC(C)=O,313.15,K,-1.76003090202136
CC(=O)NCC(=O)O,C1COCCO1,293.15,K,-1.81135573910752
CC(=O)NCC(=O)O,CC#N,333.15,K,-1.60735847989028
CC(=O)NCC(=O)O,C1COCCO1,298.15,K,-1.76026819914512
CC(=O)NCC(=O)O,CC(C)CO,283.15,K,-1.7682477238014
CC(=O)NCC(=O)O,CC(C)=O,318.15,K,-1.68649882828674
CC(=O)NCC(=O)O,C1COCCO1,303.15,K,-1.73554394964377
CC(=O)NCC(=O)O,CCCCCO,288.15,K,-1.80798151273244
CC(=O)NCC(=O)O,C1COCCO1,308.15,K,-1.69854175489834
CC(=O)NCC(=O)O,CC(C)CO,288.15,K,-1.72295425534214
CC(=O)NCC(=O)O,CCCO,283.15,K,-1.595841240145
CC(=O)NCC(=O)O,CC(C)=O,323.15,K,-1.60810038994349
CC(=O)NCC(=O)O,C1COCCO1,313.15,K,-1.65859957504645
CC(=O)NCC(=O)O,CCCCO,283.15,K,-1.66053249727803
CC(=O)NCC(=O)O,C1COCCO1,318.15,K,-1.6374674603558
CC(=O)NCC(=O)O,CC(C)CO,293.15,K,-1.65629465310846
CC(=O)NCC(=O)O,CCCCO,288.15,K,-1.63984274123947
CC(=O)NCC(=O)O,CC(C)O,283.15,K,-1.55603985130046
CC(=O)NCC(=O)O,CC(C)=O,328.15,K,-1.55387275367447
CC(=O)NCC(=O)O,C1COCCO1,323.15,K,-1.606623080205
CC(=O)NCC(=O)O,CCCO,288.15,K,-1.52463069934863
CC(=O)NCC(=O)O,CCCCCO,293.15,K,-1.68573228197606
CC(=O)NCC(=O)O,CCCCO,293.15,K,-1.59725927517617
CC(=O)NCC(=O)O,CC(C)CO,298.15,K,-1.59562545679964
CC(=O)NCC(=O)O,CCC(C)O,283.15,K,-1.58034459842991
CC(=O)NCC(=O)O,C1COCCO1,328.15,K,-1.5597201591256
CC(=O)NCC(=O)O,CC(C)O,288.15,K,-1.48277675578806
CC(=O)NCC(=O)O,CCC(C)O,288.15,K,-1.5553662144172
CC(=O)NCC(=O)O,CCCCCO,298.15,K,-1.62579766832373
CC(=O)NCC(=O)O,C1COCCO1,333.15,K,-1.53369483659511
CC(=O)NCC(=O)O,CCCCO,298.15,K,-1.54340038461915
CC(=O)NCC(=O)O,CCCO,293.15,K,-1.45480613378321
CC(=O)NCC(=O)O,CCO,283.15,K,-1.3183612502761
CC(=O)NCC(=O)O,CCC(C)O,293.15,K,-1.51335973795673
CC(=O)NCC(=O)O,CC(C)O,293.15,K,-1.42966613460849
CC(=O)NCC(=O)O,CC(C)CO,303.15,K,-1.50445210366452
CC(=O)NCC(=O)O,CCC(C)O,298.15,K,-1.47984724143968
CC(=O)NCC(=O)O,CCCCCO,303.15,K,-1.54881078733756
CC(=O)NCC(=O)O,CCCO,298.15,K,-1.37303050799466
CC(=O)NCC(=O)O,CCCCO,303.15,K,-1.45067024296395
CC(=O)NCC(=O)O,CC(C)CO,308.15,K,-1.44974002983667
CC(=O)NCC(=O)O,CCO,288.15,K,-1.23128925734195
CC(=O)NCC(=O)O,CC(C)O,298.15,K,-1.34181099282334
CC(=O)NCC(=O)O,CCCO,303.15,K,-1.33181457944463
CC(=O)NCC(=O)O,CCC(C)O,303.15,K,-1.39957511068427
CC(=O)NCC(=O)O,CCCCCO,308.15,K,-1.46976040948349
CC(=O)NCC(=O)O,O,283.15,K,-0.663102237990897
CC(=O)NCC(=O)O,CCCCO,308.15,K,-1.36287203104597
CC(=O)NCC(=O)O,CC(C)CO,313.15,K,-1.35534982099482
CC(=O)NCC(=O)O,CC(C)O,303.15,K,-1.2688179120653
CC(=O)NCC(=O)O,CCO,293.15,K,-1.14632188095236
CC(=O)NCC(=O)O,CCCCCO,313.15,K,-1.42177367340828
CC(=O)NCC(=O)O,CCC(C)O,308.15,K,-1.33181487746143
CC(=O)NCC(=O)O,CCCO,308.15,K,-1.23813679430676
CC(=O)NCC(=O)O,CO,283.15,K,-0.952635592345021
CC(=O)NCC(=O)O,O,288.15,K,-0.585353470803218
CC(=O)NCC(=O)O,CC(C)CO,318.15,K,-1.30380152813814
CC(=O)NCC(=O)O,CCCCO,313.15,K,-1.28838254936811
CC(=O)NCC(=O)O,CCCCCO,318.15,K,-1.3575251978257
CC(=O)NCC(=O)O,CCO,298.15,K,-1.0700819005041
CC(=O)NCC(=O)O,CC(C)O,308.15,K,-1.18283107309177
CC(=O)NCC(=O)O,CCCCO,318.15,K,-1.24913263469394
CC(=O)NCC(=O)O,CCC(C)O,313.15,K,-1.24771166500595
CC(=O)NCC(=O)O,CO,288.15,K,-0.878566095835668
CC(=O)NCC(=O)O,CCCO,313.15,K,-1.15054227099267
CC(=O)NCC(=O)O,CCCCCO,323.15,K,-1.30975546400041
CC(=O)NCC(=O)O,O,293.15,K,-0.519140938691238
CC(=O)NCC(=O)O,CC(C)CO,323.15,K,-1.21998638091455
CC(=O)NCC(=O)O,CC(C)O,313.15,K,-1.11712659135104
CC(=O)NCC(=O)O,CCCCO,323.15,K,-1.19036270825229
CC(=O)NCC(=O)O,CCCO,318.15,K,-1.09285182525437
CC(=O)NCC(=O)O,CCO,303.15,K,-0.974575662717723
CC(=O)NCC(=O)O,CO,293.15,K,-0.805890822691504
CC(=O)NCC(=O)O,O,298.15,K,-0.449711636799244
CC(=O)NCC(=O)O,CCC(C)O,318.15,K,-1.16722543375381
CC(=O)NCC(=O)O,CCCCCO,328.15,K,-1.22401023607697
CC(=O)NCC(=O)O,CC(C)CO,328.15,K,-1.14168577722684
CC(=O)NCC(=O)O,CC(C)O,318.15,K,-1.05726436826495
CC(=O)NCC(=O)O,CCO,308.15,K,-0.92667149447488
CC(=O)NCC(=O)O,CCCCO,328.15,K,-1.1242012103709
CC(=O)NCC(=O)O,CCCO,323.15,K,-1.02345762981304
CC(=O)NCC(=O)O,CCC(C)O,323.15,K,-1.1089132146853
CC(=O)NCC(=O)O,CO,298.15,K,-0.730086334020374
CC(=O)NCC(=O)O,O,303.15,K,-0.364622737623326
CC(=O)NCC(=O)O,CCCCCO,333.15,K,-1.12885380353218
CC(=O)NCC(=O)O,CC(C)O,323.15,K,-0.986200357369597
CC(=O)NCC(=O)O,CC(C)CO,333.15,K,-1.0671565208128
CC(=O)NCC(=O)O,CCC(C)O,328.15,K,-1.05896449586927
CC(=O)NCC(=O)O,CCO,313.15,K,-0.849941546363224
CC(=O)NCC(=O)O,O,308.15,K,-0.315675390085623
CC(=O)NCC(=O)O,CCCCO,333.15,K,-1.03580822832489
CC(=O)NCC(=O)O,CCCO,328.15,K,-0.945079824580529
CC(=O)NCC(=O)O,CC(C)O,328.15,K,-0.929021003490841
CC(=O)NCC(=O)O,CO,303.15,K,-0.628838320273599
CC(=O)NCC(=O)O,CCO,318.15,K,-0.796690236038102
CC(=O)NCC(=O)O,CCCO,333.15,K,-0.881828847916807
CC(=O)NCC(=O)O,CCC(C)O,333.15,K,-0.971223545420376
CC(=O)NCC(=O)O,O,313.15,K,-0.245269182806997
CC(=O)NCC(=O)O,CO,308.15,K,-0.573563974281875
CC(=O)NCC(=O)O,CCO,323.15,K,-0.74014264039288
CC(=O)NCC(=O)O,CC(C)O,333.15,K,-0.857669129977967
CC(=O)NCC(=O)O,O,318.15,K,-0.183892474037377
CC(=O)NCC(=O)O,CO,313.15,K,-0.519820193015531
CC(=O)NCC(=O)O,CCO,328.15,K,-0.67576388408839
CC(=O)NCC(=O)O,O,323.15,K,-0.10967167164129
CC(=O)NCC(=O)O,CCO,333.15,K,-0.634721313087864
CC(=O)NCC(=O)O,CO,318.15,K,-0.454134970668163
CC(=O)NCC(=O)O,O,328.15,K,-0.04512019362085
CC(=O)NCC(=O)O,CO,323.15,K,-0.38514976785951
CC(=O)NCC(=O)O,O,333.15,K,0.022903871601725
CC(=O)NCC(=O)O,CO,328.15,K,-0.316280375185295
CC(=O)NCC(=O)O,CO,333.15,K,-0.263325798466875
C1(C(C(C(C(C1O)O)O)O)O)O,CC(C)=O,283.15,K,-4.39564024661193
C1(C(C(C(C(C1O)O)O)O)O)O,CC(C)=O,288.15,K,-4.15318525806065
C1(C(C(C(C(C1O)O)O)O)O)O,CC(C)=O,293.15,K,-3.91069893030908
C1(C(C(C(C(C1O)O)O)O)O)O,CC(C)=O,298.15,K,-3.74005184893097
C1(C(C(C(C(C1O)O)O)O)O)O,CC(C)=O,303.15,K,-3.64751889196869
C1(C(C(C(C(C1O)O)O)O)O)O,CC(C)O,283.15,K,-3.62261314540665
C1(C(C(C(C(C1O)O)O)O)O)O,CC(C)O,288.15,K,-3.58987235712125
C1(C(C(C(C(C1O)O)O)O)O)O,CO,283.15,K,-3.27613142020476
C1(C(C(C(C(C1O)O)O)O)O)O,CC(C)O,293.15,K,-3.54408159503323
C1(C(C(C(C(C1O)O)O)O)O)O,CC(C)=O,308.15,K,-3.48091929146818
C1(C(C(C(C(C1O)O)O)O)O)O,CC(C)O,298.15,K,-3.46176291950076
C1(C(C(C(C(C1O)O)O)O)O)O,CO,288.15,K,-3.15114756154478
C1(C(C(C(C(C1O)O)O)O)O)O,CC(C)O,303.15,K,-3.4095667706784
C1(C(C(C(C(C1O)O)O)O)O)O,CC(C)=O,313.15,K,-3.38259116708889
C1(C(C(C(C(C1O)O)O)O)O)O,CC(C)O,308.15,K,-3.38120094263688
C1(C(C(C(C(C1O)O)O)O)O)O,CC(C)O,313.15,K,-3.35061451278604
C1(C(C(C(C(C1O)O)O)O)O)O,CO,293.15,K,-3.04216195183042
C1(C(C(C(C(C1O)O)O)O)O)O,CC(C)=O,318.15,K,-3.29917089522224
C1(C(C(C(C(C1O)O)O)O)O)O,CC(C)O,318.15,K,-3.30229182090852
C1(C(C(C(C(C1O)O)O)O)O)O,CCO,283.15,K,-3.14592230608011
C1(C(C(C(C(C1O)O)O)O)O)O,CCO,288.15,K,-3.14251545355904
C1(C(C(C(C(C1O)O)O)O)O)O,CO,298.15,K,-2.96124071435421
C1(C(C(C(C(C1O)O)O)O)O)O,CCO,293.15,K,-3.10698118181466
C1(C(C(C(C(C1O)O)O)O)O)O,CC(C)O,323.15,K,-3.23197469429116
C1(C(C(C(C(C1O)O)O)O)O)O,CCO,298.15,K,-3.07608735963947
C1(C(C(C(C(C1O)O)O)O)O)O,CO,303.15,K,-2.91630601827288
C1(C(C(C(C(C1O)O)O)O)O)O,CCO,303.15,K,-3.01383532238087
C1(C(C(C(C(C1O)O)O)O)O)O,CO,308.15,K,-2.8535706195251
C1(C(C(C(C(C1O)O)O)O)O)O,CCO,308.15,K,-2.99279591035384
C1(C(C(C(C(C1O)O)O)O)O)O,CO,313.15,K,-2.8061693297108
C1(C(C(C(C(C1O)O)O)O)O)O,CCO,313.15,K,-2.96253776618305
C1(C(C(C(C(C1O)O)O)O)O)O,CO,318.15,K,-2.77259823596828
C1(C(C(C(C(C1O)O)O)O)O)O,CCO,318.15,K,-2.92186150982474
C1(C(C(C(C(C1O)O)O)O)O)O,CO,323.15,K,-2.74339100628772
C1(C(C(C(C(C1O)O)O)O)O)O,CCO,323.15,K,-2.89435178006941
C1(C(C(C(C(C1O)O)O)O)O)O,O,283.15,K,-0.155067799653719
C1(C(C(C(C(C1O)O)O)O)O)O,O,288.15,K,-0.10653209722539
C1(C(C(C(C(C1O)O)O)O)O)O,O,293.15,K,-0.064475654879209
C1(C(C(C(C(C1O)O)O)O)O)O,O,298.15,K,-0.019154344295608
C1(C(C(C(C(C1O)O)O)O)O)O,O,303.15,K,0.02698221049361
C1(C(C(C(C(C1O)O)O)O)O)O,O,308.15,K,0.074009646171115
C1(C(C(C(C(C1O)O)O)O)O)O,O,313.15,K,0.120678779418488
C1(C(C(C(C(C1O)O)O)O)O)O,O,318.15,K,0.167097082144544
C1(C(C(C(C(C1O)O)O)O)O)O,O,323.15,K,0.217731607390376
CCOC(=O)[C@@H]1CSCN1.Cl,COC(C)=O,283.15,K,-3.3132745103354
CCOC(=O)[C@@H]1CSCN1.Cl,CC(C)=O,283.15,K,-3.25745713594194
CCOC(=O)[C@@H]1CSCN1.Cl,CCC(C)=O,283.15,K,-3.33346962832752
CCOC(=O)[C@@H]1CSCN1.Cl,COC(C)=O,293.15,K,-3.05727682421665
CCOC(=O)[C@@H]1CSCN1.Cl,CCOC(C)=O,283.15,K,-2.971931218753
CCOC(=O)[C@@H]1CSCN1.Cl,CCC(C)=O,293.15,K,-2.92238302117093
CCOC(=O)[C@@H]1CSCN1.Cl,CC(C)=O,293.15,K,-2.80091926399008
CCOC(=O)[C@@H]1CSCN1.Cl,COC(C)=O,303.15,K,-2.80858477043704
CCOC(=O)[C@@H]1CSCN1.Cl,CCOC(C)=O,293.15,K,-2.78346311398779
CCOC(=O)[C@@H]1CSCN1.Cl,CCC(C)=O,303.15,K,-2.70214177687383
CCOC(=O)[C@@H]1CSCN1.Cl,COC(C)=O,313.15,K,-2.62850349572144
CCOC(=O)[C@@H]1CSCN1.Cl,CCOC(C)=O,303.15,K,-2.66355695586124
CCOC(=O)[C@@H]1CSCN1.Cl,CCOC(C)=O,313.15,K,-2.56572801717912
CCOC(=O)[C@@H]1CSCN1.Cl,COC(C)=O,323.15,K,-2.48151454431718
CCOC(=O)[C@@H]1CSCN1.Cl,CCC(C)=O,313.15,K,-2.48895104570793
CCOC(=O)[C@@H]1CSCN1.Cl,CCOC(C)=O,323.15,K,-2.47017320523664
CCOC(=O)[C@@H]1CSCN1.Cl,CC(C)=O,303.15,K,-2.32981057310526
CCOC(=O)[C@@H]1CSCN1.Cl,CC#N,283.15,K,-2.10300370178612
CCOC(=O)[C@@H]1CSCN1.Cl,CCC(C)=O,323.15,K,-2.33152386413023
CCOC(=O)[C@@H]1CSCN1.Cl,C1COCCO1,288.15,K,-2.24951443636809
CCOC(=O)[C@@H]1CSCN1.Cl,C1COCCO1,293.15,K,-2.15654743623793
CCOC(=O)[C@@H]1CSCN1.Cl,CCC(C)O,283.15,K,-2.07449093590308
CCOC(=O)[C@@H]1CSCN1.Cl,CC(C)=O,313.15,K,-1.94350511330873
CCOC(=O)[C@@H]1CSCN1.Cl,C1COCCO1,303.15,K,-1.99426762756528
CCOC(=O)[C@@H]1CSCN1.Cl,CCC(C)O,293.15,K,-1.94831831161447
CCOC(=O)[C@@H]1CSCN1.Cl,CC#N,293.15,K,-1.62235718769093
CCOC(=O)[C@@H]1CSCN1.Cl,CCCCO,283.15,K,-1.80827287236262
CCOC(=O)[C@@H]1CSCN1.Cl,CC(C)CO,283.15,K,-1.77500025673156
CCOC(=O)[C@@H]1CSCN1.Cl,C1COCCO1,313.15,K,-1.74648366220214
CCOC(=O)[C@@H]1CSCN1.Cl,CCC(C)O,303.15,K,-1.70591649813866
CCOC(=O)[C@@H]1CSCN1.Cl,CC(C)=O,323.15,K,-1.61204017385983
CCOC(=O)[C@@H]1CSCN1.Cl,CC#N,303.15,K,-1.32351498213366
CCOC(=O)[C@@H]1CSCN1.Cl,CC(C)CO,293.15,K,-1.55380199852123
CCOC(=O)[C@@H]1CSCN1.Cl,C1COCCO1,323.15,K,-1.51935336132677
CCOC(=O)[C@@H]1CSCN1.Cl,CC(C)O,283.15,K,-1.44318413295276
CCOC(=O)[C@@H]1CSCN1.Cl,CC(C)O,293.15,K,-1.3721327582333
CCOC(=O)[C@@H]1CSCN1.Cl,CCC(C)O,313.15,K,-1.40800169207877
CCOC(=O)[C@@H]1CSCN1.Cl,CCCCO,293.15,K,-1.3291258179435
CCOC(=O)[C@@H]1CSCN1.Cl,CC#N,313.15,K,-1.07551151557543
CCOC(=O)[C@@H]1CSCN1.Cl,CCCO,283.15,K,-1.17793397998704
CCOC(=O)[C@@H]1CSCN1.Cl,CC(C)O,303.15,K,-1.19403923345688
CCOC(=O)[C@@H]1CSCN1.Cl,CC(C)CO,303.15,K,-1.27276227324652
CCOC(=O)[C@@H]1CSCN1.Cl,ClCCl,283.15,K,-0.988553707216395
CCOC(=O)[C@@H]1CSCN1.Cl,CC#N,323.15,K,-0.912817114016817
CCOC(=O)[C@@H]1CSCN1.Cl,CCCO,293.15,K,-0.978254478037771
CCOC(=O)[C@@H]1CSCN1.Cl,CC(C)O,313.15,K,-0.982813628073121
CCOC(=O)[C@@H]1CSCN1.Cl,CC(C)CO,313.15,K,-1.06122696721712
CCOC(=O)[C@@H]1CSCN1.Cl,CCCCO,303.15,K,-1.04361469912973
CCOC(=O)[C@@H]1CSCN1.Cl,CCC(C)O,323.15,K,-1.00233802370692
CCOC(=O)[C@@H]1CSCN1.Cl,CCO,283.15,K,-0.785617949439924
CCOC(=O)[C@@H]1CSCN1.Cl,ClCCl,288.15,K,-0.794731999591522
CCOC(=O)[C@@H]1CSCN1.Cl,CC(C)CO,323.15,K,-0.903049473681936
CCOC(=O)[C@@H]1CSCN1.Cl,CCCO,303.15,K,-0.79506530700917
CCOC(=O)[C@@H]1CSCN1.Cl,CCCCO,313.15,K,-0.872171661249231
CCOC(=O)[C@@H]1CSCN1.Cl,CCO,293.15,K,-0.663276382392647
CCOC(=O)[C@@H]1CSCN1.Cl,ClCCl,293.15,K,-0.687458838883105
CCOC(=O)[C@@H]1CSCN1.Cl,CC(C)O,323.15,K,-0.774622553776979
CCOC(=O)[C@@H]1CSCN1.Cl,ClCCl,298.15,K,-0.596824469264885
CCOC(=O)[C@@H]1CSCN1.Cl,CCCCO,323.15,K,-0.736355641367774
CCOC(=O)[C@@H]1CSCN1.Cl,CCCO,313.15,K,-0.603257423671513
CCOC(=O)[C@@H]1CSCN1.Cl,ClCCl,303.15,K,-0.528649485597847
CCOC(=O)[C@@H]1CSCN1.Cl,CCO,303.15,K,-0.477598972920351
CCOC(=O)[C@@H]1CSCN1.Cl,CCCO,323.15,K,-0.398727372971439
CCOC(=O)[C@@H]1CSCN1.Cl,CCO,313.15,K,-0.276964226536326
CCOC(=O)[C@@H]1CSCN1.Cl,CO,283.15,K,0.086211440318241
CCOC(=O)[C@@H]1CSCN1.Cl,CCO,323.15,K,-0.087563199957969
CCOC(=O)[C@@H]1CSCN1.Cl,CO,293.15,K,0.212745830079925
CCOC(=O)[C@@H]1CSCN1.Cl,O,283.15,K,0.698213352430064
CCOC(=O)[C@@H]1CSCN1.Cl,CO,303.15,K,0.347650710997402
CCOC(=O)[C@@H]1CSCN1.Cl,O,293.15,K,0.807967650632838
CCOC(=O)[C@@H]1CSCN1.Cl,CO,313.15,K,0.483588187495582
CCOC(=O)[C@@H]1CSCN1.Cl,O,303.15,K,0.893173368560028
CCOC(=O)[C@@H]1CSCN1.Cl,CO,323.15,K,0.594967889317892
CCOC(=O)[C@@H]1CSCN1.Cl,O,313.15,K,0.982446318977052
CCOC(=O)[C@@H]1CSCN1.Cl,O,323.15,K,1.10441905931409
CCOC(=O)N1CCC(=C2C3=C(CCC4=C2N=CC=C4)C=C(C=C3)Cl)CC1,CC#N,283.2,K,-1.23528625244654
CCOC(=O)N1CCC(=C2C3=C(CCC4=C2N=CC=C4)C=C(C=C3)Cl)CC1,CC#N,288.25,K,-1.12922726123967
CCOC(=O)N1CCC(=C2C3=C(CCC4=C2N=CC=C4)C=C(C=C3)Cl)CC1,CC#N,293.15,K,-1.03826211710113
CCOC(=O)N1CCC(=C2C3=C(CCC4=C2N=CC=C4)C=C(C=C3)Cl)CC1,CC#N,298.15,K,-0.948162575811474
CCOC(=O)N1CCC(=C2C3=C(CCC4=C2N=CC=C4)C=C(C=C3)Cl)CC1,CC(C)O,283.17,K,-1.03762245997069
CCOC(=O)N1CCC(=C2C3=C(CCC4=C2N=CC=C4)C=C(C=C3)Cl)CC1,CC#N,303.15,K,-0.848622952604788
CCOC(=O)N1CCC(=C2C3=C(CCC4=C2N=CC=C4)C=C(C=C3)Cl)CC1,CC(C)O,288.15,K,-0.932909445145204
CCOC(=O)N1CCC(=C2C3=C(CCC4=C2N=CC=C4)C=C(C=C3)Cl)CC1,CC#N,308.75,K,-0.744044325728816
CCOC(=O)N1CCC(=C2C3=C(CCC4=C2N=CC=C4)C=C(C=C3)Cl)CC1,CC(C)O,293.16,K,-0.824747873532118
CCOC(=O)N1CCC(=C2C3=C(CCC4=C2N=CC=C4)C=C(C=C3)Cl)CC1,CCO,283.15,K,-0.680512811267417
CCOC(=O)N1CCC(=C2C3=C(CCC4=C2N=CC=C4)C=C(C=C3)Cl)CC1,CC#N,313.15,K,-0.643651943783844
CCOC(=O)N1CCC(=C2C3=C(CCC4=C2N=CC=C4)C=C(C=C3)Cl)CC1,CC(C)=O,283.15,K,-0.750179915454698
CCOC(=O)N1CCC(=C2C3=C(CCC4=C2N=CC=C4)C=C(C=C3)Cl)CC1,CCO,288.45,K,-0.579615034328969
CCOC(=O)N1CCC(=C2C3=C(CCC4=C2N=CC=C4)C=C(C=C3)Cl)CC1,CC(C)O,298.15,K,-0.696613444956353
CCOC(=O)N1CCC(=C2C3=C(CCC4=C2N=CC=C4)C=C(C=C3)Cl)CC1,CO,283.14,K,-0.408824359597585
CCOC(=O)N1CCC(=C2C3=C(CCC4=C2N=CC=C4)C=C(C=C3)Cl)CC1,CC(C)=O,288.13,K,-0.669332799030773
CCOC(=O)N1CCC(=C2C3=C(CCC4=C2N=CC=C4)C=C(C=C3)Cl)CC1,CC#N,318.15,K,-0.535504610557729
CCOC(=O)N1CCC(=C2C3=C(CCC4=C2N=CC=C4)C=C(C=C3)Cl)CC1,CCOC(C)=O,283.15,K,-0.732846514276557
CCOC(=O)N1CCC(=C2C3=C(CCC4=C2N=CC=C4)C=C(C=C3)Cl)CC1,CCCO,283.16,K,-0.604565770239923
CCOC(=O)N1CCC(=C2C3=C(CCC4=C2N=CC=C4)C=C(C=C3)Cl)CC1,CCO,293.44,K,-0.489139841007731
CCOC(=O)N1CCC(=C2C3=C(CCC4=C2N=CC=C4)C=C(C=C3)Cl)CC1,CC(C)=O,293.15,K,-0.583970044055743
CCOC(=O)N1CCC(=C2C3=C(CCC4=C2N=CC=C4)C=C(C=C3)Cl)CC1,CO,288.15,K,-0.303472515089568
CCOC(=O)N1CCC(=C2C3=C(CCC4=C2N=CC=C4)C=C(C=C3)Cl)CC1,CC#N,323.19,K,-0.417051680690693
CCOC(=O)N1CCC(=C2C3=C(CCC4=C2N=CC=C4)C=C(C=C3)Cl)CC1,CC(C)O,303.15,K,-0.566964554856312
CCOC(=O)N1CCC(=C2C3=C(CCC4=C2N=CC=C4)C=C(C=C3)Cl)CC1,CCOC(C)=O,288.15,K,-0.660160102257393
CCOC(=O)N1CCC(=C2C3=C(CCC4=C2N=CC=C4)C=C(C=C3)Cl)CC1,CN(C)C=O,283.11,K,-0.552611472345057
CCOC(=O)N1CCC(=C2C3=C(CCC4=C2N=CC=C4)C=C(C=C3)Cl)CC1,CCCCO,283.15,K,-0.619240153531577
CCOC(=O)N1CCC(=C2C3=C(CCC4=C2N=CC=C4)C=C(C=C3)Cl)CC1,CCCCCO,283.12,K,-0.668496340159348
CCOC(=O)N1CCC(=C2C3=C(CCC4=C2N=CC=C4)C=C(C=C3)Cl)CC1,CC(C)=O,298.15,K,-0.499334773983309
CCOC(=O)N1CCC(=C2C3=C(CCC4=C2N=CC=C4)C=C(C=C3)Cl)CC1,CCO,298.15,K,-0.392847924626149
CCOC(=O)N1CCC(=C2C3=C(CCC4=C2N=CC=C4)C=C(C=C3)Cl)CC1,CCCO,288.12,K,-0.483004778828216
CCOC(=O)N1CCC(=C2C3=C(CCC4=C2N=CC=C4)C=C(C=C3)Cl)CC1,CCOC(C)=O,293.15,K,-0.587702481753574
CCOC(=O)N1CCC(=C2C3=C(CCC4=C2N=CC=C4)C=C(C=C3)Cl)CC1,CO,293.15,K,-0.189841937291504
CCOC(=O)N1CCC(=C2C3=C(CCC4=C2N=CC=C4)C=C(C=C3)Cl)CC1,CN(C)C=O,288.15,K,-0.456792710805651
CCOC(=O)N1CCC(=C2C3=C(CCC4=C2N=CC=C4)C=C(C=C3)Cl)CC1,CCCCO,288.13,K,-0.51795506897328
CCOC(=O)N1CCC(=C2C3=C(CCC4=C2N=CC=C4)C=C(C=C3)Cl)CC1,CC(C)O,308.15,K,-0.441493551713067
CCOC(=O)N1CCC(=C2C3=C(CCC4=C2N=CC=C4)C=C(C=C3)Cl)CC1,CC(C)=O,303.15,K,-0.411570740643502
CCOC(=O)N1CCC(=C2C3=C(CCC4=C2N=CC=C4)C=C(C=C3)Cl)CC1,CCCCCO,288.15,K,-0.563758873969833
CCOC(=O)N1CCC(=C2C3=C(CCC4=C2N=CC=C4)C=C(C=C3)Cl)CC1,CCO,303.15,K,-0.292931117444203
CCOC(=O)N1CCC(=C2C3=C(CCC4=C2N=CC=C4)C=C(C=C3)Cl)CC1,CCOC(C)=O,298.15,K,-0.509294350084111
CCOC(=O)N1CCC(=C2C3=C(CCC4=C2N=CC=C4)C=C(C=C3)Cl)CC1,CCCO,293.15,K,-0.367388386810574
CCOC(=O)N1CCC(=C2C3=C(CCC4=C2N=CC=C4)C=C(C=C3)Cl)CC1,CN(C)C=O,293.15,K,-0.378449975164114
CCOC(=O)N1CCC(=C2C3=C(CCC4=C2N=CC=C4)C=C(C=C3)Cl)CC1,CCCCO,293.15,K,-0.424562339714068
CCOC(=O)N1CCC(=C2C3=C(CCC4=C2N=CC=C4)C=C(C=C3)Cl)CC1,CO,298.14,K,-0.06173543842919
CCOC(=O)N1CCC(=C2C3=C(CCC4=C2N=CC=C4)C=C(C=C3)Cl)CC1,CC(C)=O,308.15,K,-0.316685524337876
CCOC(=O)N1CCC(=C2C3=C(CCC4=C2N=CC=C4)C=C(C=C3)Cl)CC1,CCOC(C)=O,303.12,K,-0.428502004719394
CCOC(=O)N1CCC(=C2C3=C(CCC4=C2N=CC=C4)C=C(C=C3)Cl)CC1,CCCCCO,293.13,K,-0.464811980551371
CCOC(=O)N1CCC(=C2C3=C(CCC4=C2N=CC=C4)C=C(C=C3)Cl)CC1,CC(C)O,313.14,K,-0.32122536772183
CCOC(=O)N1CCC(=C2C3=C(CCC4=C2N=CC=C4)C=C(C=C3)Cl)CC1,CCO,308.15,K,-0.180875236565843
CCOC(=O)N1CCC(=C2C3=C(CCC4=C2N=CC=C4)C=C(C=C3)Cl)CC1,CCCO,298.17,K,-0.269017076804564
CCOC(=O)N1CCC(=C2C3=C(CCC4=C2N=CC=C4)C=C(C=C3)Cl)CC1,CN(C)C=O,298.15,K,-0.281832249754411
CCOC(=O)N1CCC(=C2C3=C(CCC4=C2N=CC=C4)C=C(C=C3)Cl)CC1,CCCCO,298.17,K,-0.32362935678132
CCOC(=O)N1CCC(=C2C3=C(CCC4=C2N=CC=C4)C=C(C=C3)Cl)CC1,CCOC(C)=O,308.15,K,-0.34625908469792
CCOC(=O)N1CCC(=C2C3=C(CCC4=C2N=CC=C4)C=C(C=C3)Cl)CC1,CC(C)=O,313.15,K,-0.217049832443583
CCOC(=O)N1CCC(=C2C3=C(CCC4=C2N=CC=C4)C=C(C=C3)Cl)CC1,CCCCCO,298.15,K,-0.365288316572859
CCOC(=O)N1CCC(=C2C3=C(CCC4=C2N=CC=C4)C=C(C=C3)Cl)CC1,CO,303.15,K,0.066313759683224
CCOC(=O)N1CCC(=C2C3=C(CCC4=C2N=CC=C4)C=C(C=C3)Cl)CC1,CN(C)C=O,303.15,K,-0.194391928571437
CCOC(=O)N1CCC(=C2C3=C(CCC4=C2N=CC=C4)C=C(C=C3)Cl)CC1,CCCO,303.15,K,-0.180882717291853
CCOC(=O)N1CCC(=C2C3=C(CCC4=C2N=CC=C4)C=C(C=C3)Cl)CC1,CC(C)O,318.2,K,-0.19084058024754
CCOC(=O)N1CCC(=C2C3=C(CCC4=C2N=CC=C4)C=C(C=C3)Cl)CC1,CCO,313.54,K,-0.066050115834671
CCOC(=O)N1CCC(=C2C3=C(CCC4=C2N=CC=C4)C=C(C=C3)Cl)CC1,CCOC(C)=O,313.15,K,-0.26000322278081
CCOC(=O)N1CCC(=C2C3=C(CCC4=C2N=CC=C4)C=C(C=C3)Cl)CC1,CCCCO,303.15,K,-0.221993099125892
CCOC(=O)N1CCC(=C2C3=C(CCC4=C2N=CC=C4)C=C(C=C3)Cl)CC1,CC(C)=O,318.17,K,-0.115549631242769
CCOC(=O)N1CCC(=C2C3=C(CCC4=C2N=CC=C4)C=C(C=C3)Cl)CC1,CCCCCO,303.15,K,-0.265188326172874
CCOC(=O)N1CCC(=C2C3=C(CCC4=C2N=CC=C4)C=C(C=C3)Cl)CC1,CN(C)C=O,308.19,K,-0.114479119997126
CCOC(=O)N1CCC(=C2C3=C(CCC4=C2N=CC=C4)C=C(C=C3)Cl)CC1,CCCO,308.16,K,-0.092441453287977
CCOC(=O)N1CCC(=C2C3=C(CCC4=C2N=CC=C4)C=C(C=C3)Cl)CC1,CO,308.15,K,0.189091691660021
CCOC(=O)N1CCC(=C2C3=C(CCC4=C2N=CC=C4)C=C(C=C3)Cl)CC1,CCOC(C)=O,318.15,K,-0.174444162857339
CCOC(=O)N1CCC(=C2C3=C(CCC4=C2N=CC=C4)C=C(C=C3)Cl)CC1,CCO,318.37,K,0.051555136418294
CCOC(=O)N1CCC(=C2C3=C(CCC4=C2N=CC=C4)C=C(C=C3)Cl)CC1,CCCCO,308.15,K,-0.123235952397013
CCOC(=O)N1CCC(=C2C3=C(CCC4=C2N=CC=C4)C=C(C=C3)Cl)CC1,CC(C)O,323.15,K,-0.043036410598309
CCOC(=O)N1CCC(=C2C3=C(CCC4=C2N=CC=C4)C=C(C=C3)Cl)CC1,CCCCCO,308.13,K,-0.17643652502676
CCOC(=O)N1CCC(=C2C3=C(CCC4=C2N=CC=C4)C=C(C=C3)Cl)CC1,CN(C)C=O,313.15,K,-0.029327081063446
CCOC(=O)N1CCC(=C2C3=C(CCC4=C2N=CC=C4)C=C(C=C3)Cl)CC1,CC(C)=O,323.15,K,-0.01517134349444
CCOC(=O)N1CCC(=C2C3=C(CCC4=C2N=CC=C4)C=C(C=C3)Cl)CC1,CCCO,313.13,K,0.010583621385447
CCOC(=O)N1CCC(=C2C3=C(CCC4=C2N=CC=C4)C=C(C=C3)Cl)CC1,CCOC(C)=O,323.2,K,-0.086577843300237
CCOC(=O)N1CCC(=C2C3=C(CCC4=C2N=CC=C4)C=C(C=C3)Cl)CC1,CO,313.15,K,0.305706522852138
CCOC(=O)N1CCC(=C2C3=C(CCC4=C2N=CC=C4)C=C(C=C3)Cl)CC1,CCCCO,313.15,K,-0.032039429747814
CCOC(=O)N1CCC(=C2C3=C(CCC4=C2N=CC=C4)C=C(C=C3)Cl)CC1,CCO,323.15,K,0.167445677376718
CCOC(=O)N1CCC(=C2C3=C(CCC4=C2N=CC=C4)C=C(C=C3)Cl)CC1,CN(C)C=O,318.17,K,0.056570974033211
CCOC(=O)N1CCC(=C2C3=C(CCC4=C2N=CC=C4)C=C(C=C3)Cl)CC1,CCCCCO,313.15,K,-0.086939381006255
CCOC(=O)N1CCC(=C2C3=C(CCC4=C2N=CC=C4)C=C(C=C3)Cl)CC1,CCCO,318.15,K,0.116712893217708
CCOC(=O)N1CCC(=C2C3=C(CCC4=C2N=CC=C4)C=C(C=C3)Cl)CC1,CCCCO,318.12,K,0.054626664682346
CCOC(=O)N1CCC(=C2C3=C(CCC4=C2N=CC=C4)C=C(C=C3)Cl)CC1,CO,318.75,K,0.417223991195881
CCOC(=O)N1CCC(=C2C3=C(CCC4=C2N=CC=C4)C=C(C=C3)Cl)CC1,CN(C)C=O,323.15,K,0.145474198125931
CCOC(=O)N1CCC(=C2C3=C(CCC4=C2N=CC=C4)C=C(C=C3)Cl)CC1,CCCCCO,318.17,K,0.012147214857125
CCOC(=O)N1CCC(=C2C3=C(CCC4=C2N=CC=C4)C=C(C=C3)Cl)CC1,CCCO,323.17,K,0.213966153040008
CCOC(=O)N1CCC(=C2C3=C(CCC4=C2N=CC=C4)C=C(C=C3)Cl)CC1,CCCCO,323.15,K,0.141347318985044
CCOC(=O)N1CCC(=C2C3=C(CCC4=C2N=CC=C4)C=C(C=C3)Cl)CC1,CO,323.2,K,0.502972668719509
CCOC(=O)N1CCC(=C2C3=C(CCC4=C2N=CC=C4)C=C(C=C3)Cl)CC1,CCCCCO,323.15,K,0.097520528969613
CCCCC1C(=O)N(N(C1=O)C2=CC=CC=C2)C3=CC=CC=C3,CC(C)O,283.15,K,-1.48085259101085
CCCCC1C(=O)N(N(C1=O)C2=CC=CC=C2)C3=CC=CC=C3,CC(C)O,288.15,K,-1.39926258550457
CCCCC1C(=O)N(N(C1=O)C2=CC=CC=C2)C3=CC=CC=C3,CCCCCCO,283.15,K,-1.47683590514352
CCCCC1C(=O)N(N(C1=O)C2=CC=CC=C2)C3=CC=CC=C3,CCO,283.13,K,-1.1618295798931
CCCCC1C(=O)N(N(C1=O)C2=CC=CC=C2)C3=CC=CC=C3,CC(C)O,293.05,K,-1.27603629689192
CCCCC1C(=O)N(N(C1=O)C2=CC=CC=C2)C3=CC=CC=C3,CCCCO,283.14,K,-1.34473743075105
CCCCC1C(=O)N(N(C1=O)C2=CC=CC=C2)C3=CC=CC=C3,CCCCCO,283.15,K,-1.41289933316623
CCCCC1C(=O)N(N(C1=O)C2=CC=CC=C2)C3=CC=CC=C3,CO,283.12,K,-0.976562847589922
CCCCC1C(=O)N(N(C1=O)C2=CC=CC=C2)C3=CC=CC=C3,CCCCCCO,288.05,K,-1.40569835756947
CCCCC1C(=O)N(N(C1=O)C2=CC=CC=C2)C3=CC=CC=C3,CCO,288.1,K,-1.08758736064013
CCCCC1C(=O)N(N(C1=O)C2=CC=CC=C2)C3=CC=CC=C3,CO,288.03,K,-0.887652799015495
CCCCC1C(=O)N(N(C1=O)C2=CC=CC=C2)C3=CC=CC=C3,CCCCCO,288.15,K,-1.29800859015161
CCCCC1C(=O)N(N(C1=O)C2=CC=CC=C2)C3=CC=CC=C3,CCCCO,288.15,K,-1.22367543335084
CCCCC1C(=O)N(N(C1=O)C2=CC=CC=C2)C3=CC=CC=C3,CC(C)O,298.15,K,-1.13234442190133
CCCCC1C(=O)N(N(C1=O)C2=CC=CC=C2)C3=CC=CC=C3,CCO,293.2,K,-0.98159700459789
CCCCC1C(=O)N(N(C1=O)C2=CC=CC=C2)C3=CC=CC=C3,CCCCCCO,293.05,K,-1.29202524695448
CCCCC1C(=O)N(N(C1=O)C2=CC=CC=C2)C3=CC=CC=C3,CO,293.13,K,-0.788287269968807
CCCCC1C(=O)N(N(C1=O)C2=CC=CC=C2)C3=CC=CC=C3,CCCCCO,293.12,K,-1.19026564290503
CCCCC1C(=O)N(N(C1=O)C2=CC=CC=C2)C3=CC=CC=C3,CCCCO,293.15,K,-1.11129074715741
CCCCC1C(=O)N(N(C1=O)C2=CC=CC=C2)C3=CC=CC=C3,CCO,298.15,K,-0.876788943559573
CCCCC1C(=O)N(N(C1=O)C2=CC=CC=C2)C3=CC=CC=C3,CC(C)O,303.9,K,-0.971693541369686
CCCCC1C(=O)N(N(C1=O)C2=CC=CC=C2)C3=CC=CC=C3,CO,298.16,K,-0.683555339977833
CCCCC1C(=O)N(N(C1=O)C2=CC=CC=C2)C3=CC=CC=C3,CCCCCCO,298.15,K,-1.1676808776696
CCCCC1C(=O)N(N(C1=O)C2=CC=CC=C2)C3=CC=CC=C3,CCCCCO,298.11,K,-1.08434696764626
CCCCC1C(=O)N(N(C1=O)C2=CC=CC=C2)C3=CC=CC=C3,CCCCO,298.15,K,-0.99624198337198
CCCCC1C(=O)N(N(C1=O)C2=CC=CC=C2)C3=CC=CC=C3,CCO,303.15,K,-0.766359552991484
CCCCC1C(=O)N(N(C1=O)C2=CC=CC=C2)C3=CC=CC=C3,CO,303.14,K,-0.576431234695985
CCCCC1C(=O)N(N(C1=O)C2=CC=CC=C2)C3=CC=CC=C3,CC(C)O,308.15,K,-0.847026004507916
CCCCC1C(=O)N(N(C1=O)C2=CC=CC=C2)C3=CC=CC=C3,CCCCCO,303.15,K,-0.949557866590823
CCCCC1C(=O)N(N(C1=O)C2=CC=CC=C2)C3=CC=CC=C3,CCCCO,303.15,K,-0.872802558731289
CCCCC1C(=O)N(N(C1=O)C2=CC=CC=C2)C3=CC=CC=C3,CCCCCCO,303.15,K,-0.996329049554189
CCCCC1C(=O)N(N(C1=O)C2=CC=CC=C2)C3=CC=CC=C3,CCO,308.15,K,-0.646056262124661
CCCCC1C(=O)N(N(C1=O)C2=CC=CC=C2)C3=CC=CC=C3,CO,308.15,K,-0.457986758635871
CCCCC1C(=O)N(N(C1=O)C2=CC=CC=C2)C3=CC=CC=C3,CC(C)O,313.13,K,-0.669557024139785
CCCCC1C(=O)N(N(C1=O)C2=CC=CC=C2)C3=CC=CC=C3,CCCCCO,308.15,K,-0.814264196265377
CCCCC1C(=O)N(N(C1=O)C2=CC=CC=C2)C3=CC=CC=C3,CCCCO,308.15,K,-0.739320642272287
CCCCC1C(=O)N(N(C1=O)C2=CC=CC=C2)C3=CC=CC=C3,CCCCCCO,308.15,K,-0.848211703295042
CCCCC1C(=O)N(N(C1=O)C2=CC=CC=C2)C3=CC=CC=C3,CCO,313.2,K,-0.51798613163721
CCCCC1C(=O)N(N(C1=O)C2=CC=CC=C2)C3=CC=CC=C3,CO,313.15,K,-0.332420305178098
CCCCC1C(=O)N(N(C1=O)C2=CC=CC=C2)C3=CC=CC=C3,CCCCCO,313.15,K,-0.68795015476885
CCCCC1C(=O)N(N(C1=O)C2=CC=CC=C2)C3=CC=CC=C3,CCCCO,313.15,K,-0.586321615947743
CCCCC1C(=O)N(N(C1=O)C2=CC=CC=C2)C3=CC=CC=C3,CCCCCCO,313.15,K,-0.714963277884742
CCCCC1C(=O)N(N(C1=O)C2=CC=CC=C2)C3=CC=CC=C3,CCO,318.15,K,-0.369418638950606
CCCCC1C(=O)N(N(C1=O)C2=CC=CC=C2)C3=CC=CC=C3,CC(C)O,318.65,K,-0.48035558612075
CCCCC1C(=O)N(N(C1=O)C2=CC=CC=C2)C3=CC=CC=C3,CO,318.15,K,-0.191454104926718
CCCCC1C(=O)N(N(C1=O)C2=CC=CC=C2)C3=CC=CC=C3,CCCCCO,318.13,K,-0.524858584254373
CCCCC1C(=O)N(N(C1=O)C2=CC=CC=C2)C3=CC=CC=C3,CCCCO,318.15,K,-0.434685688435753
CCCCC1C(=O)N(N(C1=O)C2=CC=CC=C2)C3=CC=CC=C3,CC#N,283.12,K,-0.171652241281112
CCCCC1C(=O)N(N(C1=O)C2=CC=CC=C2)C3=CC=CC=C3,CCCCCCO,318.15,K,-0.555702009798016
CCCCC1C(=O)N(N(C1=O)C2=CC=CC=C2)C3=CC=CC=C3,CCO,323.15,K,-0.197623531686446
CCCCC1C(=O)N(N(C1=O)C2=CC=CC=C2)C3=CC=CC=C3,CO,323.15,K,-0.029306909610473
CCCCC1C(=O)N(N(C1=O)C2=CC=CC=C2)C3=CC=CC=C3,CC(C)O,323.15,K,-0.280804211197779
CCCCC1C(=O)N(N(C1=O)C2=CC=CC=C2)C3=CC=CC=C3,CC#N,288.15,K,-0.03550479178575
CCCCC1C(=O)N(N(C1=O)C2=CC=CC=C2)C3=CC=CC=C3,CCCCCCO,323.15,K,-0.411597720989395
CCCCC1C(=O)N(N(C1=O)C2=CC=CC=C2)C3=CC=CC=C3,CCCCCO,323.16,K,-0.342240643584575
CCCCC1C(=O)N(N(C1=O)C2=CC=CC=C2)C3=CC=CC=C3,CCCCO,323.15,K,-0.269278762497345
CCCCC1C(=O)N(N(C1=O)C2=CC=CC=C2)C3=CC=CC=C3,CC#N,293.15,K,0.110084542909532
CCCCC1C(=O)N(N(C1=O)C2=CC=CC=C2)C3=CC=CC=C3,CCOC(C)=O,283.15,K,-0.151361136163946
CCCCC1C(=O)N(N(C1=O)C2=CC=CC=C2)C3=CC=CC=C3,CC(C)=O,283.15,K,0.02060400760173
CCCCC1C(=O)N(N(C1=O)C2=CC=CC=C2)C3=CC=CC=C3,CCOC(C)=O,288.15,K,-0.069525130349727
CCCCC1C(=O)N(N(C1=O)C2=CC=CC=C2)C3=CC=CC=C3,CC(C)=O,288.13,K,0.09317693345427
CCCCC1C(=O)N(N(C1=O)C2=CC=CC=C2)C3=CC=CC=C3,CC#N,298.17,K,0.27500722093514
CCCCC1C(=O)N(N(C1=O)C2=CC=CC=C2)C3=CC=CC=C3,CCOC(C)=O,293.15,K,0.003089397521057
CCCCC1C(=O)N(N(C1=O)C2=CC=CC=C2)C3=CC=CC=C3,CC(C)=O,293.15,K,0.163868430511174
CCCCC1C(=O)N(N(C1=O)C2=CC=CC=C2)C3=CC=CC=C3,CCOC(C)=O,298.13,K,0.075656387169715
CCCCC1C(=O)N(N(C1=O)C2=CC=CC=C2)C3=CC=CC=C3,CC#N,303.15,K,0.375268693295007
CCCCC1C(=O)N(N(C1=O)C2=CC=CC=C2)C3=CC=CC=C3,CC(C)=O,298.17,K,0.23663870866145
CCCCC1C(=O)N(N(C1=O)C2=CC=CC=C2)C3=CC=CC=C3,CN(C)C=O,283.13,K,0.228693331957618
CCCCC1C(=O)N(N(C1=O)C2=CC=CC=C2)C3=CC=CC=C3,CCOC(C)=O,303.15,K,0.145843238552708
CCCCC1C(=O)N(N(C1=O)C2=CC=CC=C2)C3=CC=CC=C3,CN(C)C=O,288.15,K,0.292333522329544
CCCCC1C(=O)N(N(C1=O)C2=CC=CC=C2)C3=CC=CC=C3,CC(C)=O,303.15,K,0.312707605441948
CCCCC1C(=O)N(N(C1=O)C2=CC=CC=C2)C3=CC=CC=C3,CC#N,308.13,K,0.470263519521458
CCCCC1C(=O)N(N(C1=O)C2=CC=CC=C2)C3=CC=CC=C3,CCOC(C)=O,308.15,K,0.224496913168585
CCCCC1C(=O)N(N(C1=O)C2=CC=CC=C2)C3=CC=CC=C3,CN(C)C=O,293.15,K,0.351381716164358
CCCCC1C(=O)N(N(C1=O)C2=CC=CC=C2)C3=CC=CC=C3,CC(C)=O,308.13,K,0.382975806469644
CCCCC1C(=O)N(N(C1=O)C2=CC=CC=C2)C3=CC=CC=C3,CC#N,313.1,K,0.561480688681289
CCCCC1C(=O)N(N(C1=O)C2=CC=CC=C2)C3=CC=CC=C3,CN(C)C=O,298.13,K,0.411718787489474
CCCCC1C(=O)N(N(C1=O)C2=CC=CC=C2)C3=CC=CC=C3,CCOC(C)=O,313.37,K,0.306266314385486
CCCCC1C(=O)N(N(C1=O)C2=CC=CC=C2)C3=CC=CC=C3,CC(C)=O,313.15,K,0.452641655545514
CCCCC1C(=O)N(N(C1=O)C2=CC=CC=C2)C3=CC=CC=C3,CN(C)C=O,303.15,K,0.470408541960434
CCCCC1C(=O)N(N(C1=O)C2=CC=CC=C2)C3=CC=CC=C3,CC#N,318.17,K,0.647513248744392
CCCCC1C(=O)N(N(C1=O)C2=CC=CC=C2)C3=CC=CC=C3,CCOC(C)=O,318.3,K,0.378819784708034
CCCCC1C(=O)N(N(C1=O)C2=CC=CC=C2)C3=CC=CC=C3,CC(C)=O,318.15,K,0.519971709897488
CCCCC1C(=O)N(N(C1=O)C2=CC=CC=C2)C3=CC=CC=C3,CN(C)C=O,308.15,K,0.527672184060648
CCCCC1C(=O)N(N(C1=O)C2=CC=CC=C2)C3=CC=CC=C3,CCOC(C)=O,323.17,K,0.44975167358821
CCCCC1C(=O)N(N(C1=O)C2=CC=CC=C2)C3=CC=CC=C3,CC#N,323.16,K,0.726063741705906
CCCCC1C(=O)N(N(C1=O)C2=CC=CC=C2)C3=CC=CC=C3,CC(C)=O,323.15,K,0.581302689614106
CCCCC1C(=O)N(N(C1=O)C2=CC=CC=C2)C3=CC=CC=C3,CN(C)C=O,313.15,K,0.586288215889426
CCCCC1C(=O)N(N(C1=O)C2=CC=CC=C2)C3=CC=CC=C3,CN(C)C=O,318.6,K,0.64757041897985
CCCCC1C(=O)N(N(C1=O)C2=CC=CC=C2)C3=CC=CC=C3,CN(C)C=O,323.17,K,0.704679390059695
C1=CC=C(C=C1)C(C(=O)C2=CC=CC=C2)O,CCCCO,283.15,K,-2.11177629980895
C1=CC=C(C=C1)C(C(=O)C2=CC=CC=C2)O,CCCCO,288.15,K,-1.96316325100599
C1=CC=C(C=C1)C(C(=O)C2=CC=CC=C2)O,CCCCO,293.15,K,-1.80232161770082
C1=CC=C(C=C1)C(C(=O)C2=CC=CC=C2)O,CCCCO,298.15,K,-1.66364993659769
C1=CC=C(C=C1)C(C(=O)C2=CC=CC=C2)O,CCCCO,303.15,K,-1.53790080547851
C1=CC=C(C=C1)C(C(=O)C2=CC=CC=C2)O,CCCCO,308.15,K,-1.42092725400101
C1=CC=C(C=C1)C(C(=O)C2=CC=CC=C2)O,CCCCO,313.15,K,-1.30332956913729
C1=CC=C(C=C1)C(C(=O)C2=CC=CC=C2)O,CCCCO,318.15,K,-1.18211186843963
C1=CC=C(C=C1)C(C(=O)C2=CC=CC=C2)O,CCCCO,323.15,K,-1.09214083251095
C1=CC=C(C=C1)C(C(=O)C2=CC=CC=C2)O,CCCO,283.15,K,-1.99380610735837
C1=CC=C(C=C1)C(C(=O)C2=CC=CC=C2)O,CCCO,288.15,K,-1.82555497880077
C1=CC=C(C=C1)C(C(=O)C2=CC=CC=C2)O,CCCO,293.15,K,-1.69683828658548
C1=CC=C(C=C1)C(C(=O)C2=CC=CC=C2)O,CCCO,298.15,K,-1.56868904450053
C1=CC=C(C=C1)C(C(=O)C2=CC=CC=C2)O,CCCO,303.15,K,-1.4231007986746
C1=CC=C(C=C1)C(C(=O)C2=CC=CC=C2)O,CCCO,308.15,K,-1.31753560379578
C1=CC=C(C=C1)C(C(=O)C2=CC=CC=C2)O,CCCO,313.15,K,-1.199620357846
C1=CC=C(C=C1)C(C(=O)C2=CC=CC=C2)O,CCCO,318.15,K,-1.06901574018461
C1=CC=C(C=C1)C(C(=O)C2=CC=CC=C2)O,CCCO,323.15,K,-0.94771413731857
C1=CC=C(C=C1)C(C(=O)C2=CC=CC=C2)O,CC(C)=O,283.15,K,-0.914210648346804
C1=CC=C(C=C1)C(C(=O)C2=CC=CC=C2)O,CC(C)=O,288.15,K,-0.816261049068878
C1=CC=C(C=C1)C(C(=O)C2=CC=CC=C2)O,CC(C)=O,293.15,K,-0.747497018727812
C1=CC=C(C=C1)C(C(=O)C2=CC=CC=C2)O,CC(C)=O,298.15,K,-0.660512636728959
C1=CC=C(C=C1)C(C(=O)C2=CC=CC=C2)O,CC(C)=O,303.15,K,-0.590083387591733
C1=CC=C(C=C1)C(C(=O)C2=CC=CC=C2)O,CC(C)=O,308.15,K,-0.496895152706781
C1=CC=C(C=C1)C(C(=O)C2=CC=CC=C2)O,CC(C)=O,313.15,K,-0.411883298918031
C1=CC=C(C=C1)C(C(=O)C2=CC=CC=C2)O,CC(C)=O,318.15,K,-0.314577251979036
C1=CC=C(C=C1)C(C(=O)C2=CC=CC=C2)O,CC(C)=O,323.15,K,-0.215618170795869
C1=CC=C(C=C1)C(C(=O)C2=CC=CC=C2)O,CCO,283.15,K,-1.70385864390029
C1=CC=C(C=C1)C(C(=O)C2=CC=CC=C2)O,CCO,288.15,K,-1.59564975691789
C1=CC=C(C=C1)C(C(=O)C2=CC=CC=C2)O,CCO,293.15,K,-1.4640663743824
C1=CC=C(C=C1)C(C(=O)C2=CC=CC=C2)O,CCO,298.15,K,-1.36931147194261
C1=CC=C(C=C1)C(C(=O)C2=CC=CC=C2)O,CCO,303.15,K,-1.26146780215207
C1=CC=C(C=C1)C(C(=O)C2=CC=CC=C2)O,CCO,308.15,K,-1.18367243335136
C1=CC=C(C=C1)C(C(=O)C2=CC=CC=C2)O,CCO,313.15,K,-1.08137224760871
C1=CC=C(C=C1)C(C(=O)C2=CC=CC=C2)O,CCO,318.15,K,-0.959881637352776
C1=CC=C(C=C1)C(C(=O)C2=CC=CC=C2)O,CCO,323.15,K,-0.87946110084553
C1=CC=C(C=C1)C(C(=O)C2=CC=CC=C2)O,CCOC(C)=O,273.15,K,-1.2602413362144
C1=CC=C(C=C1)C(C(=O)C2=CC=CC=C2)O,CCOC(C)=O,278.15,K,-1.18133693769425
C1=CC=C(C=C1)C(C(=O)C2=CC=CC=C2)O,CCOC(C)=O,283.15,K,-1.17041478629823
C1=CC=C(C=C1)C(C(=O)C2=CC=CC=C2)O,CCOC(C)=O,283.15,K,-1.090104129289
C1=CC=C(C=C1)C(C(=O)C2=CC=CC=C2)O,CCOC(C)=O,288.15,K,-1.08871562623721
C1=CC=C(C=C1)C(C(=O)C2=CC=CC=C2)O,CCOC(C)=O,288.15,K,-1.00726810000875
C1=CC=C(C=C1)C(C(=O)C2=CC=CC=C2)O,CCOC(C)=O,293.15,K,-0.977306194773719
C1=CC=C(C=C1)C(C(=O)C2=CC=CC=C2)O,CCOC(C)=O,293.15,K,-0.926552070827334
C1=CC=C(C=C1)C(C(=O)C2=CC=CC=C2)O,CCOC(C)=O,298.15,K,-0.875014827938365
C1=CC=C(C=C1)C(C(=O)C2=CC=CC=C2)O,CCOC(C)=O,298.15,K,-0.858216660271285
C1=CC=C(C=C1)C(C(=O)C2=CC=CC=C2)O,CCOC(C)=O,303.15,K,-0.810503989285362
C1=CC=C(C=C1)C(C(=O)C2=CC=CC=C2)O,CCOC(C)=O,303.15,K,-0.782762543218592
C1=CC=C(C=C1)C(C(=O)C2=CC=CC=C2)O,CCOC(C)=O,308.15,K,-0.721359738659063
C1=CC=C(C=C1)C(C(=O)C2=CC=CC=C2)O,CCOC(C)=O,308.15,K,-0.712641586697113
C1=CC=C(C=C1)C(C(=O)C2=CC=CC=C2)O,CCOC(C)=O,313.15,K,-0.629789596766051
C1=CC=C(C=C1)C(C(=O)C2=CC=CC=C2)O,CCOC(C)=O,313.15,K,-0.642915119941813
C1=CC=C(C=C1)C(C(=O)C2=CC=CC=C2)O,CCOC(C)=O,318.15,K,-0.548602560269243
C1=CC=C(C=C1)C(C(=O)C2=CC=CC=C2)O,CCOC(C)=O,323.15,K,-0.449116048610222
C1=CC=C(C=C1)C(C(=O)C2=CC=CC=C2)O,CO,283.15,K,-1.54425604387132
C1=CC=C(C=C1)C(C(=O)C2=CC=CC=C2)O,CO,288.15,K,-1.45758880990686
C1=CC=C(C=C1)C(C(=O)C2=CC=CC=C2)O,CO,288.15,K,-1.39950987354843
C1=CC=C(C=C1)C(C(=O)C2=CC=CC=C2)O,CO,293.15,K,-1.21649418673887
C1=CC=C(C=C1)C(C(=O)C2=CC=CC=C2)O,CO,293.15,K,-1.23463594276133
C1=CC=C(C=C1)C(C(=O)C2=CC=CC=C2)O,CO,298.15,K,-1.107099689257
C1=CC=C(C=C1)C(C(=O)C2=CC=CC=C2)O,CO,298.15,K,-1.12115396819799
C1=CC=C(C=C1)C(C(=O)C2=CC=CC=C2)O,CO,303.15,K,-1.04664814462855
C1=CC=C(C=C1)C(C(=O)C2=CC=CC=C2)O,CO,308.15,K,-0.944206462905541
C1=CC=C(C=C1)C(C(=O)C2=CC=CC=C2)O,CCO,313.15,K,-1.09948263132625
C1=CC=C(C=C1)C(C(=O)C2=CC=CC=C2)O,CO,313.15,K,-0.861116317486942
C1=CC=C(C=C1)C(C(=O)C2=CC=CC=C2)O,CCO,318.15,K,-0.987336674350896
C1=CC=C(C=C1)C(C(=O)C2=CC=CC=C2)O,CO,318.15,K,-0.75435802845854
C1=CC=C(C=C1)C(C(=O)C2=CC=CC=C2)O,CO,323.15,K,-0.665383216654059
C1=CC=C(C=C1)C(C(=O)C2=CC=CC=C2)O,CC(C)O,273.15,K,-2.232688661421
C1=CC=C(C=C1)C(C(=O)C2=CC=CC=C2)O,CC(C)CO,273.15,K,-2.19764463250126
C1=CC=C(C=C1)C(C(=O)C2=CC=CC=C2)O,CC(C)O,278.15,K,-2.11219707370501
C1=CC=C(C=C1)C(C(=O)C2=CC=CC=C2)O,C1CCCCC1,283.15,K,-2.25325215863943
C1=CC=C(C=C1)C(C(=O)C2=CC=CC=C2)O,CCCCO,273.15,K,-2.09722350014552
C1=CC=C(C=C1)C(C(=O)C2=CC=CC=C2)O,CC(C)CO,278.15,K,-2.09871203400991
C1=CC=C(C=C1)C(C(=O)C2=CC=CC=C2)O,CCCO,273.15,K,-1.99101405495228
C1=CC=C(C=C1)C(C(=O)C2=CC=CC=C2)O,CCO,273.15,K,-1.86920803350828
C1=CC=C(C=C1)C(C(=O)C2=CC=CC=C2)O,CC(C)O,283.15,K,-1.98514432955222
C1=CC=C(C=C1)C(C(=O)C2=CC=CC=C2)O,C1CCCCC1,288.15,K,-2.12737888073399
C1=CC=C(C=C1)C(C(=O)C2=CC=CC=C2)O,CO,273.15,K,-1.68721871771152
C1=CC=C(C=C1)C(C(=O)C2=CC=CC=C2)O,CCCCO,278.15,K,-1.99908427093614
C1=CC=C(C=C1)C(C(=O)C2=CC=CC=C2)O,CC(C)CO,283.15,K,-1.98735528297722
C1=CC=C(C=C1)C(C(=O)C2=CC=CC=C2)O,CCCO,278.15,K,-1.89010379160587
C1=CC=C(C=C1)C(C(=O)C2=CC=CC=C2)O,CC(C)O,288.15,K,-1.89231561867833
C1=CC=C(C=C1)C(C(=O)C2=CC=CC=C2)O,CCO,278.15,K,-1.76484959051616
C1=CC=C(C=C1)C(C(=O)C2=CC=CC=C2)O,CO,278.15,K,-1.59785430912143
C1=CC=C(C=C1)C(C(=O)C2=CC=CC=C2)O,C1CCCCC1,293.15,K,-2.00201817939698
C1=CC=C(C=C1)C(C(=O)C2=CC=CC=C2)O,CCCCO,283.15,K,-1.89409456815452
C1=CC=C(C=C1)C(C(=O)C2=CC=CC=C2)O,CCCO,283.15,K,-1.79276389934318
C1=CC=C(C=C1)C(C(=O)C2=CC=CC=C2)O,CCO,283.15,K,-1.67651263283509
C1=CC=C(C=C1)C(C(=O)C2=CC=CC=C2)O,CC(C)CO,288.15,K,-1.87165768921148
C1=CC=C(C=C1)C(C(=O)C2=CC=CC=C2)O,CC(C)O,293.15,K,-1.79023755704491
C1=CC=C(C=C1)C(C(=O)C2=CC=CC=C2)O,CO,283.15,K,-1.50594588841137
C1=CC=C(C=C1)C(C(=O)C2=CC=CC=C2)O,C1CCCCC1,298.15,K,-1.89973709574606
C1=CC=C(C=C1)C(C(=O)C2=CC=CC=C2)O,CCCCO,288.15,K,-1.7895007604271
C1=CC=C(C=C1)C(C(=O)C2=CC=CC=C2)O,CCCO,288.15,K,-1.69781844805172
C1=CC=C(C=C1)C(C(=O)C2=CC=CC=C2)O,CCO,288.15,K,-1.58110175648508
C1=CC=C(C=C1)C(C(=O)C2=CC=CC=C2)O,CC(C)CO,293.15,K,-1.77340342323742
C1=CC=C(C=C1)C(C(=O)C2=CC=CC=C2)O,CO,288.15,K,-1.40746628570471
C1=CC=C(C=C1)C(C(=O)C2=CC=CC=C2)O,CC(C)O,298.15,K,-1.68326165715194
C1=CC=C(C=C1)C(C(=O)C2=CC=CC=C2)O,C1CCCCC1,303.15,K,-1.7954183351825
C1=CC=C(C=C1)C(C(=O)C2=CC=CC=C2)O,CCCCO,293.15,K,-1.69192517317625
C1=CC=C(C=C1)C(C(=O)C2=CC=CC=C2)O,CCO,293.15,K,-1.49587833417889
C1=CC=C(C=C1)C(C(=O)C2=CC=CC=C2)O,CCCO,293.15,K,-1.60279238966891
C1=CC=C(C=C1)C(C(=O)C2=CC=CC=C2)O,CC(C)CO,298.15,K,-1.68044507780936
C1=CC=C(C=C1)C(C(=O)C2=CC=CC=C2)O,CO,293.15,K,-1.31539721350859
C1=CC=C(C=C1)C(C(=O)C2=CC=CC=C2)O,CC(C)O,303.15,K,-1.58191680719019
C1=CC=C(C=C1)C(C(=O)C2=CC=CC=C2)O,CC#N,273.15,K,-1.40026596543644
C1=CC=C(C=C1)C(C(=O)C2=CC=CC=C2)O,C1CCCCC1,308.15,K,-1.69096008000132
C1=CC=C(C=C1)C(C(=O)C2=CC=CC=C2)O,CC(C)CO,303.15,K,-1.60236413327093
C1=CC=C(C=C1)C(C(=O)C2=CC=CC=C2)O,CCCCO,298.15,K,-1.5920602025671
C1=CC=C(C=C1)C(C(=O)C2=CC=CC=C2)O,CCCO,298.15,K,-1.50487134958976
C1=CC=C(C=C1)C(C(=O)C2=CC=CC=C2)O,CCO,298.15,K,-1.38672114298
C1=CC=C(C=C1)C(C(=O)C2=CC=CC=C2)O,CC(C)O,308.15,K,-1.50577319702332
C1=CC=C(C=C1)C(C(=O)C2=CC=CC=C2)O,CO,298.15,K,-1.21975936863244
C1=CC=C(C=C1)C(C(=O)C2=CC=CC=C2)O,CC#N,278.15,K,-1.2969445559828
C1=CC=C(C=C1)C(C(=O)C2=CC=CC=C2)O,Cc1ccccc1,273.15,K,-1.59352266334634
C1=CC=C(C=C1)C(C(=O)C2=CC=CC=C2)O,CCCCO,303.15,K,-1.5271080928237
C1=CC=C(C=C1)C(C(=O)C2=CC=CC=C2)O,CCCO,303.15,K,-1.43428441006501
C1=CC=C(C=C1)C(C(=O)C2=CC=CC=C2)O,C1CCCCC1,313.15,K,-1.59790675855053
C1=CC=C(C=C1)C(C(=O)C2=CC=CC=C2)O,CCO,303.15,K,-1.32219308388796
C1=CC=C(C=C1)C(C(=O)C2=CC=CC=C2)O,CC(C)CO,308.15,K,-1.52080829143471
C1=CC=C(C=C1)C(C(=O)C2=CC=CC=C2)O,CC(C)O,313.15,K,-1.42969707396049
C1=CC=C(C=C1)C(C(=O)C2=CC=CC=C2)O,CO,303.15,K,-1.14387711184682
C1=CC=C(C=C1)C(C(=O)C2=CC=CC=C2)O,Cc1ccccc1,278.15,K,-1.52607444464645
C1=CC=C(C=C1)C(C(=O)C2=CC=CC=C2)O,CCCCO,308.15,K,-1.45232451815988
C1=CC=C(C=C1)C(C(=O)C2=CC=CC=C2)O,CCCO,308.15,K,-1.36106418128769
C1=CC=C(C=C1)C(C(=O)C2=CC=CC=C2)O,CC#N,283.15,K,-1.19323190895348
C1=CC=C(C=C1)C(C(=O)C2=CC=CC=C2)O,CC(C)CO,313.15,K,-1.434157752803
C1=CC=C(C=C1)C(C(=O)C2=CC=CC=C2)O,CCO,308.15,K,-1.23198248754529
C1=CC=C(C=C1)C(C(=O)C2=CC=CC=C2)O,CO,308.15,K,-1.06940390024951
C1=CC=C(C=C1)C(C(=O)C2=CC=CC=C2)O,Cc1ccccc1,283.15,K,-1.46886345365773
C1=CC=C(C=C1)C(C(=O)C2=CC=CC=C2)O,CCCCO,313.15,K,-1.37023403362185
C1=CC=C(C=C1)C(C(=O)C2=CC=CC=C2)O,CCCO,313.15,K,-1.28064529242359
C1=CC=C(C=C1)C(C(=O)C2=CC=CC=C2)O,Cc1ccccc1,288.15,K,-1.41945055075424
C1=CC=C(C=C1)C(C(=O)C2=CC=CC=C2)O,CCO,313.15,K,-1.16961240030327
C1=CC=C(C=C1)C(C(=O)C2=CC=CC=C2)O,CC#N,288.15,K,-1.10599648546736
C1=CC=C(C=C1)C(C(=O)C2=CC=CC=C2)O,CO,313.15,K,-0.992507220557517
C1=CC=C(C=C1)C(C(=O)C2=CC=CC=C2)O,CCCCOC(C)=O,273.15,K,-1.45670260886343
C1=CC=C(C=C1)C(C(=O)C2=CC=CC=C2)O,CC(C)=O,273.15,K,-1.18425083034958
C1=CC=C(C=C1)C(C(=O)C2=CC=CC=C2)O,Cc1ccccc1,293.15,K,-1.35504984629229
C1=CC=C(C=C1)C(C(=O)C2=CC=CC=C2)O,CC#N,293.15,K,-1.01232566186722
C1=CC=C(C=C1)C(C(=O)C2=CC=CC=C2)O,Cc1ccccc1,298.15,K,-1.28329058876151
C1=CC=C(C=C1)C(C(=O)C2=CC=CC=C2)O,CCCCOC(C)=O,278.15,K,-1.36101427701783
C1=CC=C(C=C1)C(C(=O)C2=CC=CC=C2)O,CC(C)=O,278.15,K,-1.09425252746236
C1=CC=C(C=C1)C(C(=O)C2=CC=CC=C2)O,Cc1ccccc1,303.15,K,-1.22547990702406
C1=CC=C(C=C1)C(C(=O)C2=CC=CC=C2)O,CCCCOC(C)=O,283.15,K,-1.30512037296117
C1=CC=C(C=C1)C(C(=O)C2=CC=CC=C2)O,CC#N,298.15,K,-0.890282538145683
C1=CC=C(C=C1)C(C(=O)C2=CC=CC=C2)O,CC(C)=O,283.15,K,-1.01729828339436
C1=CC=C(C=C1)C(C(=O)C2=CC=CC=C2)O,Cc1ccccc1,308.15,K,-1.15520966685408
C1=CC=C(C=C1)C(C(=O)C2=CC=CC=C2)O,CC#N,303.15,K,-0.825919712250457
C1=CC=C(C=C1)C(C(=O)C2=CC=CC=C2)O,CCCCOC(C)=O,288.15,K,-1.21727269379329
C1=CC=C(C=C1)C(C(=O)C2=CC=CC=C2)O,CC(C)=O,288.15,K,-0.924360744644253
C1=CC=C(C=C1)C(C(=O)C2=CC=CC=C2)O,Cc1ccccc1,313.15,K,-1.09621622759359
C1=CC=C(C=C1)C(C(=O)C2=CC=CC=C2)O,CCCCOC(C)=O,293.15,K,-1.14769743967519
C1=CC=C(C=C1)C(C(=O)C2=CC=CC=C2)O,CC#N,308.15,K,-0.749394764046381
C1=CC=C(C=C1)C(C(=O)C2=CC=CC=C2)O,CCCCOC(C)=O,298.15,K,-1.0838591124374
C1=CC=C(C=C1)C(C(=O)C2=CC=CC=C2)O,CC(C)=O,293.15,K,-0.828101761770262
C1=CC=C(C=C1)C(C(=O)C2=CC=CC=C2)O,CC#N,313.15,K,-0.675294837155557
C1=CC=C(C=C1)C(C(=O)C2=CC=CC=C2)O,CC(C)=O,298.15,K,-0.761111012999244
C1=CC=C(C=C1)C(C(=O)C2=CC=CC=C2)O,CCCCOC(C)=O,303.15,K,-1.01353446162914
C1=CC=C(C=C1)C(C(=O)C2=CC=CC=C2)O,CC(C)=O,303.15,K,-0.699895987573542
C1=CC=C(C=C1)C(C(=O)C2=CC=CC=C2)O,CCCCOC(C)=O,308.15,K,-0.945630669392119
C1=CC=C(C=C1)C(C(=O)C2=CC=CC=C2)O,CC(C)=O,308.15,K,-0.633677422715117
C1=CC=C(C=C1)C(C(=O)C2=CC=CC=C2)O,CCCCOC(C)=O,313.15,K,-0.87735432335986
C1=CC=C(C=C1)C(C(=O)C2=CC=CC=C2)O,CC(C)=O,313.15,K,-0.580421634780436
C1NC2=CC(=C(C=C2S(=O)(=O)N1)S(=O)(=O)N)Cl,O,283.25,K,-2.893876372116
C1NC2=CC(=C(C=C2S(=O)(=O)N1)S(=O)(=O)N)Cl,O,287.95,K,-2.80609169651804
C1NC2=CC(=C(C=C2S(=O)(=O)N1)S(=O)(=O)N)Cl,O,292.95,K,-2.71210036479904
C1NC2=CC(=C(C=C2S(=O)(=O)N1)S(=O)(=O)N)Cl,O,298.15,K,-2.63356463997726
C1NC2=CC(=C(C=C2S(=O)(=O)N1)S(=O)(=O)N)Cl,CCCCCO,282.94,K,-3.38601748604048
C1NC2=CC(=C(C=C2S(=O)(=O)N1)S(=O)(=O)N)Cl,O,303.15,K,-2.54139034192578
C1NC2=CC(=C(C=C2S(=O)(=O)N1)S(=O)(=O)N)Cl,CCCCCO,288.39,K,-3.2611889647949
C1NC2=CC(=C(C=C2S(=O)(=O)N1)S(=O)(=O)N)Cl,O,308.15,K,-2.44584647586339
C1NC2=CC(=C(C=C2S(=O)(=O)N1)S(=O)(=O)N)Cl,CC(C)CO,282.85,K,-3.14179634511495
C1NC2=CC(=C(C=C2S(=O)(=O)N1)S(=O)(=O)N)Cl,CCCCCO,293.37,K,-3.14767083662834
C1NC2=CC(=C(C=C2S(=O)(=O)N1)S(=O)(=O)N)Cl,O,312.85,K,-2.36685653360391
C1NC2=CC(=C(C=C2S(=O)(=O)N1)S(=O)(=O)N)Cl,CC(C)CO,288.0,K,-3.02890861536052
C1NC2=CC(=C(C=C2S(=O)(=O)N1)S(=O)(=O)N)Cl,O,318.15,K,-2.27924940393181
C1NC2=CC(=C(C=C2S(=O)(=O)N1)S(=O)(=O)N)Cl,CCCCCO,297.82,K,-3.04360432064728
C1NC2=CC(=C(C=C2S(=O)(=O)N1)S(=O)(=O)N)Cl,O,323.05,K,-2.21540359241605
C1NC2=CC(=C(C=C2S(=O)(=O)N1)S(=O)(=O)N)Cl,CC(C)CO,293.57,K,-2.897466515545
C1NC2=CC(=C(C=C2S(=O)(=O)N1)S(=O)(=O)N)Cl,CCC(C)O,283.3,K,-2.86563565614188
C1NC2=CC(=C(C=C2S(=O)(=O)N1)S(=O)(=O)N)Cl,CCCCCO,302.63,K,-2.93498556006505
C1NC2=CC(=C(C=C2S(=O)(=O)N1)S(=O)(=O)N)Cl,CC(C)CO,298.4,K,-2.78114039600332
C1NC2=CC(=C(C=C2S(=O)(=O)N1)S(=O)(=O)N)Cl,CCC(C)O,288.24,K,-2.7597043381023
C1NC2=CC(=C(C=C2S(=O)(=O)N1)S(=O)(=O)N)Cl,CCCCCO,307.76,K,-2.82121651639192
C1NC2=CC(=C(C=C2S(=O)(=O)N1)S(=O)(=O)N)Cl,CC(C)CO,302.64,K,-2.68601842155368
C1NC2=CC(=C(C=C2S(=O)(=O)N1)S(=O)(=O)N)Cl,CCC(C)O,293.17,K,-2.65784903739748
C1NC2=CC(=C(C=C2S(=O)(=O)N1)S(=O)(=O)N)Cl,CCCCCO,312.95,K,-2.70959761765075
C1NC2=CC(=C(C=C2S(=O)(=O)N1)S(=O)(=O)N)Cl,CC(C)O,283.33,K,-2.53373381734889
C1NC2=CC(=C(C=C2S(=O)(=O)N1)S(=O)(=O)N)Cl,CC(C)CO,308.22,K,-2.55996133652438
C1NC2=CC(=C(C=C2S(=O)(=O)N1)S(=O)(=O)N)Cl,CCC(C)O,298.2,K,-2.54562799975528
C1NC2=CC(=C(C=C2S(=O)(=O)N1)S(=O)(=O)N)Cl,CCCCCO,317.7,K,-2.60826148798419
C1NC2=CC(=C(C=C2S(=O)(=O)N1)S(=O)(=O)N)Cl,CC(C)O,288.3,K,-2.42114240679444
C1NC2=CC(=C(C=C2S(=O)(=O)N1)S(=O)(=O)N)Cl,CCCO,283.25,K,-2.39929122098856
C1NC2=CC(=C(C=C2S(=O)(=O)N1)S(=O)(=O)N)Cl,CC(C)CO,312.94,K,-2.45367025524647
C1NC2=CC(=C(C=C2S(=O)(=O)N1)S(=O)(=O)N)Cl,CCCCCO,322.05,K,-2.52711776825615
C1NC2=CC(=C(C=C2S(=O)(=O)N1)S(=O)(=O)N)Cl,CCC(C)O,303.04,K,-2.44379367677898
C1NC2=CC(=C(C=C2S(=O)(=O)N1)S(=O)(=O)N)Cl,CCCO,288.75,K,-2.3188005808249
C1NC2=CC(=C(C=C2S(=O)(=O)N1)S(=O)(=O)N)Cl,CC(C)O,293.38,K,-2.32800494476784
C1NC2=CC(=C(C=C2S(=O)(=O)N1)S(=O)(=O)N)Cl,CCC(C)O,307.85,K,-2.34444857370852
C1NC2=CC(=C(C=C2S(=O)(=O)N1)S(=O)(=O)N)Cl,CC(C)CO,317.83,K,-2.34607714238172
C1NC2=CC(=C(C=C2S(=O)(=O)N1)S(=O)(=O)N)Cl,CCCO,293.95,K,-2.23124527319806
C1NC2=CC(=C(C=C2S(=O)(=O)N1)S(=O)(=O)N)Cl,CC(C)O,298.49,K,-2.22250051271073
C1NC2=CC(=C(C=C2S(=O)(=O)N1)S(=O)(=O)N)Cl,CCCO,298.65,K,-2.17224900151093
C1NC2=CC(=C(C=C2S(=O)(=O)N1)S(=O)(=O)N)Cl,CC(C)CO,322.6,K,-2.25975812982528
C1NC2=CC(=C(C=C2S(=O)(=O)N1)S(=O)(=O)N)Cl,CCC(C)O,312.91,K,-2.24215621470468
C1NC2=CC(=C(C=C2S(=O)(=O)N1)S(=O)(=O)N)Cl,CC(C)O,302.85,K,-2.1380205815985
C1NC2=CC(=C(C=C2S(=O)(=O)N1)S(=O)(=O)N)Cl,CCCO,303.65,K,-2.09954256608248
C1NC2=CC(=C(C=C2S(=O)(=O)N1)S(=O)(=O)N)Cl,CCC(C)O,318.03,K,-2.14273714647675
C1NC2=CC(=C(C=C2S(=O)(=O)N1)S(=O)(=O)N)Cl,CCCO,308.65,K,-2.0252326758852
C1NC2=CC(=C(C=C2S(=O)(=O)N1)S(=O)(=O)N)Cl,CC(C)O,307.9,K,-2.02586787899321
C1NC2=CC(=C(C=C2S(=O)(=O)N1)S(=O)(=O)N)Cl,CCCO,313.35,K,-1.95973626603723
C1NC2=CC(=C(C=C2S(=O)(=O)N1)S(=O)(=O)N)Cl,CCOC(C)=O,283.15,K,-2.06016893136205
C1NC2=CC(=C(C=C2S(=O)(=O)N1)S(=O)(=O)N)Cl,CCC(C)O,323.13,K,-2.04720018711816
C1NC2=CC(=C(C=C2S(=O)(=O)N1)S(=O)(=O)N)Cl,CCOC(C)=O,288.25,K,-2.0329891823277
C1NC2=CC(=C(C=C2S(=O)(=O)N1)S(=O)(=O)N)Cl,CC(C)O,312.9,K,-1.92466804024716
C1NC2=CC(=C(C=C2S(=O)(=O)N1)S(=O)(=O)N)Cl,CCOC(C)=O,293.05,K,-2.00266472224558
C1NC2=CC(=C(C=C2S(=O)(=O)N1)S(=O)(=O)N)Cl,CCCO,317.85,K,-1.89430906545511
C1NC2=CC(=C(C=C2S(=O)(=O)N1)S(=O)(=O)N)Cl,CCOC(C)=O,299.25,K,-1.96644707456163
C1NC2=CC(=C(C=C2S(=O)(=O)N1)S(=O)(=O)N)Cl,CCOC(C)=O,303.25,K,-1.9429629217796
C1NC2=CC(=C(C=C2S(=O)(=O)N1)S(=O)(=O)N)Cl,CC(C)O,318.16,K,-1.82980606818378
C1NC2=CC(=C(C=C2S(=O)(=O)N1)S(=O)(=O)N)Cl,CCCO,325.15,K,-1.80865523720332
C1NC2=CC(=C(C=C2S(=O)(=O)N1)S(=O)(=O)N)Cl,CCOC(C)=O,308.65,K,-1.91065357512506
C1NC2=CC(=C(C=C2S(=O)(=O)N1)S(=O)(=O)N)Cl,CCOC(C)=O,313.25,K,-1.89126057980069
C1NC2=CC(=C(C=C2S(=O)(=O)N1)S(=O)(=O)N)Cl,CCOC(C)=O,318.15,K,-1.86678516626287
C1NC2=CC(=C(C=C2S(=O)(=O)N1)S(=O)(=O)N)Cl,CC(C)O,323.35,K,-1.74710297556304
C1NC2=CC(=C(C=C2S(=O)(=O)N1)S(=O)(=O)N)Cl,CCOC(C)=O,323.05,K,-1.85487020585802
C1NC2=CC(=C(C=C2S(=O)(=O)N1)S(=O)(=O)N)Cl,CCO,279.95,K,-1.57218847623144
C1NC2=CC(=C(C=C2S(=O)(=O)N1)S(=O)(=O)N)Cl,CCO,285.86,K,-1.53858791756111
C1NC2=CC(=C(C=C2S(=O)(=O)N1)S(=O)(=O)N)Cl,CCO,291.46,K,-1.49764137352615
C1NC2=CC(=C(C=C2S(=O)(=O)N1)S(=O)(=O)N)Cl,CCO,296.34,K,-1.4637899214271
C1NC2=CC(=C(C=C2S(=O)(=O)N1)S(=O)(=O)N)Cl,CCO,301.7,K,-1.43599384750007
C1NC2=CC(=C(C=C2S(=O)(=O)N1)S(=O)(=O)N)Cl,CCO,307.17,K,-1.42102089980362
C1NC2=CC(=C(C=C2S(=O)(=O)N1)S(=O)(=O)N)Cl,CCO,311.9,K,-1.39311859571533
C1NC2=CC(=C(C=C2S(=O)(=O)N1)S(=O)(=O)N)Cl,CCO,316.15,K,-1.38045530418061
C1NC2=CC(=C(C=C2S(=O)(=O)N1)S(=O)(=O)N)Cl,CCO,323.7,K,-1.34278170473286
C1NC2=CC(=C(C=C2S(=O)(=O)N1)S(=O)(=O)N)Cl,CC#N,283.15,K,-1.2387674355606
C1NC2=CC(=C(C=C2S(=O)(=O)N1)S(=O)(=O)N)Cl,CC#N,288.15,K,-1.21076849120533
C1NC2=CC(=C(C=C2S(=O)(=O)N1)S(=O)(=O)N)Cl,CC#N,293.25,K,-1.18405558899127
C1NC2=CC(=C(C=C2S(=O)(=O)N1)S(=O)(=O)N)Cl,CO,283.05,K,-1.04701997411753
C1NC2=CC(=C(C=C2S(=O)(=O)N1)S(=O)(=O)N)Cl,CC#N,298.15,K,-1.1619584250763
C1NC2=CC(=C(C=C2S(=O)(=O)N1)S(=O)(=O)N)Cl,CO,288.15,K,-1.02472766869414
C1NC2=CC(=C(C=C2S(=O)(=O)N1)S(=O)(=O)N)Cl,CC#N,303.15,K,-1.14142490728265
C1NC2=CC(=C(C=C2S(=O)(=O)N1)S(=O)(=O)N)Cl,CO,293.15,K,-1.00554902564285
C1NC2=CC(=C(C=C2S(=O)(=O)N1)S(=O)(=O)N)Cl,CC#N,308.05,K,-1.12042535709187
C1NC2=CC(=C(C=C2S(=O)(=O)N1)S(=O)(=O)N)Cl,CO,297.65,K,-0.977077165698692
C1NC2=CC(=C(C=C2S(=O)(=O)N1)S(=O)(=O)N)Cl,CC#N,313.65,K,-1.10179541536852
C1NC2=CC(=C(C=C2S(=O)(=O)N1)S(=O)(=O)N)Cl,CO,303.45,K,-0.958065089543456
C1NC2=CC(=C(C=C2S(=O)(=O)N1)S(=O)(=O)N)Cl,CC#N,318.25,K,-1.07165872729977
C1NC2=CC(=C(C=C2S(=O)(=O)N1)S(=O)(=O)N)Cl,CO,308.05,K,-0.937155927345352
C1NC2=CC(=C(C=C2S(=O)(=O)N1)S(=O)(=O)N)Cl,CC#N,323.45,K,-1.05213379206513
C1NC2=CC(=C(C=C2S(=O)(=O)N1)S(=O)(=O)N)Cl,CO,313.15,K,-0.915062710369433
C1NC2=CC(=C(C=C2S(=O)(=O)N1)S(=O)(=O)N)Cl,CO,318.65,K,-0.888365604217024
C1NC2=CC(=C(C=C2S(=O)(=O)N1)S(=O)(=O)N)Cl,CO,323.35,K,-0.861811965396323
C1C[C@H](NC1)C(=O)O,CC#N,283.15,K,-3.29885645340751
C1C[C@H](NC1)C(=O)O,CC#N,293.15,K,-3.24163126058574
C1C[C@H](NC1)C(=O)O,CC#N,303.15,K,-2.83336421591501
C1C[C@H](NC1)C(=O)O,CC(C)=O,283.15,K,-2.86385630751696
C1C[C@H](NC1)C(=O)O,CC#N,313.15,K,-2.68598967494739
C1C[C@H](NC1)C(=O)O,CC#N,323.15,K,-2.47291493680727
C1C[C@H](NC1)C(=O)O,CC(C)=O,293.15,K,-2.55784342565639
C1C[C@H](NC1)C(=O)O,CC(C)=O,303.15,K,-2.42116938120013
C1C[C@H](NC1)C(=O)O,CC(C)=O,313.15,K,-2.29792283653662
C1C[C@H](NC1)C(=O)O,CC(C)=O,323.15,K,-2.212159906777
C1C[C@H](NC1)C(=O)O,CCO,283.15,K,-1.26981538508755
C1C[C@H](NC1)C(=O)O,CCO,293.15,K,-1.11753544382492
C1C[C@H](NC1)C(=O)O,CCO,303.15,K,-1.05413910645119
C1C[C@H](NC1)C(=O)O,CCO,313.15,K,-0.923969528183863
C1C[C@H](NC1)C(=O)O,CCO,323.15,K,-0.813780961663324
C1C[C@H](NC1)C(=O)O,CO,283.15,K,0.090047652966372
C1C[C@H](NC1)C(=O)O,CO,293.15,K,0.170564651045101
C1C[C@H](NC1)C(=O)O,CO,303.15,K,0.261922695378652
C1C[C@H](NC1)C(=O)O,CO,313.15,K,0.355930168375502
C1C[C@H](NC1)C(=O)O,CO,323.15,K,0.442809603409461
C1C[C@H](NC1)C(=O)O,O,283.15,K,1.10776851440807
C1C[C@H](NC1)C(=O)O,O,293.15,K,1.15258016009736
C1C[C@H](NC1)C(=O)O,O,303.15,K,1.20377662078876
C1C[C@H](NC1)C(=O)O,O,313.15,K,1.24188466178551
C1C[C@H](NC1)C(=O)O,O,323.15,K,1.28576284598346
C1=CC2=C3C(=C1)C=CC4=CC=CC(=C43)C=C2,CC#N,299.15,K,-0.930628624652743
C1CC(=O)N(C1)CC(=O)N,CC(C)=O,298.0,K,-1.37170851566089
C1CC(=O)N(C1)CC(=O)N,CCO,283.0,K,-0.938802091587771
C1CC(=O)N(C1)CC(=O)N,C1COCCO1,293.0,K,-1.67366518073549
C1CC(=O)N(C1)CC(=O)N,CO,288.0,K,-0.173858032269388
C1CC(=O)N(C1)CC(=O)N,CC(C)=O,283.0,K,-1.62497252802307
C1CC(=O)N(C1)CC(=O)N,CO,298.0,K,0.001723590891214
C1CC(=O)N(C1)CC(=O)N,CC(C)=O,293.0,K,-1.45477322049538
C1CC(=O)N(C1)CC(=O)N,CO,293.0,K,-0.082837743972639
C1CC(=O)N(C1)CC(=O)N,CC(C)O,293.0,K,-1.08092415005982
C1CC(=O)N(C1)CC(=O)N,CC(C)=O,323.0,K,-0.97210840397782
C1CC(=O)N(C1)CC(=O)N,CO,283.0,K,-0.260929256641699
C1CC(=O)N(C1)CC(=O)N,CC(C)=O,278.0,K,-1.66556228543119
C1CC(=O)N(C1)CC(=O)N,CO,303.0,K,0.075800036029141
C1CC(=O)N(C1)CC(=O)N,CCO,278.0,K,-1.0414500823448
C1CC(=O)N(C1)CC(=O)N,CC(C)O,283.0,K,-1.29297023341732
C1CC(=O)N(C1)CC(=O)N,CCO,293.0,K,-0.744700680007495
C1CC(=O)N(C1)CC(=O)N,CC(C)O,323.0,K,-0.45998877915932
C1CC(=O)N(C1)CC(=O)N,CC(C)=O,288.0,K,-1.54356855044448
C1CC(=O)N(C1)CC(=O)N,CC(C)O,308.0,K,-0.770546558616454
C1CC(=O)N(C1)CC(=O)N,C1COCCO1,323.0,K,-1.13380744187536
C1CC(=O)N(C1)CC(=O)N,CO,323.0,K,0.412101463737777
C1CC(=O)N(C1)CC(=O)N,CC(C)=O,308.0,K,-1.19890133502378
C1CC(=O)N(C1)CC(=O)N,CCO,308.0,K,-0.462333298403846
C1CC(=O)N(C1)CC(=O)N,C1COCCO1,298.0,K,-1.60230193693933
C1CC(=O)N(C1)CC(=O)N,C1COCCO1,308.0,K,-1.42429402181812
C1CC(=O)N(C1)CC(=O)N,CC(C)O,298.0,K,-0.979722701760375
C1CC(=O)N(C1)CC(=O)N,CC(C)=O,313.0,K,-1.11733032020252
C1CC(=O)N(C1)CC(=O)N,C1COCCO1,313.0,K,-1.31904411586422
C1CC(=O)N(C1)CC(=O)N,CCO,298.0,K,-0.647040811344632
C1CC(=O)N(C1)CC(=O)N,CC(C)O,313.0,K,-0.665020584990609
C1CC(=O)N(C1)CC(=O)N,CO,308.0,K,0.157786925284914
C1CC(=O)N(C1)CC(=O)N,CC(C)O,278.0,K,-1.38628163983832
C1CC(=O)N(C1)CC(=O)N,CO,283.0,K,-0.258256666780373
C1CC(=O)N(C1)CC(=O)N,CO,318.0,K,0.328214932363293
C1CC(=O)N(C1)CC(=O)N,CO,318.0,K,0.329096077949666
C1CC(=O)N(C1)CC(=O)N,C1COCCO1,288.0,K,-1.72678706324504
C1CC(=O)N(C1)CC(=O)N,CC(C)O,318.0,K,-0.560010028330359
C1CC(=O)N(C1)CC(=O)N,CC(C)O,288.0,K,-1.17527838064175
C1CC(=O)N(C1)CC(=O)N,CO,278.0,K,-0.345601395208862
C1CC(=O)N(C1)CC(=O)N,C1COCCO1,303.0,K,-1.51650737210536
C1CC(=O)N(C1)CC(=O)N,CCO,313.0,K,-0.366049076547622
C1CC(=O)N(C1)CC(=O)N,CCO,323.0,K,-0.176350858788207
C1CC(=O)N(C1)CC(=O)N,C1COCCO1,318.0,K,-1.22810839499314
C1CC(=O)N(C1)CC(=O)N,CC(C)=O,303.0,K,-1.28709801520762
C1CC(=O)N(C1)CC(=O)N,CCO,318.0,K,-0.277469651845685
C1CC(=O)N(C1)CC(=O)N,CCO,288.0,K,-0.837929351617366
C1CC(=O)N(C1)CC(=O)N,CCO,303.0,K,-0.551582410480864
C1CC(=O)N(C1)CC(=O)N,CO,278.0,K,-0.344511571595802
C1CC(=O)N(C1)CC(=O)N,CC(C)O,303.0,K,-0.872855544547795
C1CC(=O)N(C1)CC(=O)N,CC(C)=O,318.0,K,-1.0497005738536
C1CC(=O)N(C1)CC(=O)N,CO,313.0,K,0.244940062731151
C1=CC=C(C=C1)C(=O)O,CCO,278.15,K,0.4077149476603
C1=CC=C(C=C1)C(=O)O,CCO,283.15,K,0.446752775435097
C1=CC=C(C=C1)C(=O)O,CCO,293.15,K,0.532976208643306
C1=CC=C(C=C1)C(=O)O,CCO,303.15,K,0.61627566421409
C1=CC=C(C=C1)C(=O)O,CCO,313.15,K,0.709507734892822
C1=CC=C(C=C1)C(=O)O,CCO,323.15,K,0.797875847811446
CC(C1=CC(=CC=C1)C(=O)C2=CC=CC=C2)C(=O)O,CCO,303.15,K,0.054664565410516
CC(C1=CC(=CC=C1)C(=O)C2=CC=CC=C2)C(=O)O,CCO,293.15,K,-0.266747417664171
CC(C1=CC(=CC=C1)C(=O)C2=CC=CC=C2)C(=O)O,CCO,298.15,K,-0.104312448394917
CC(C1=CC(=CC=C1)C(=O)C2=CC=CC=C2)C(=O)O,CCO,308.15,K,0.215731876084718
CC(C1=CC(=CC=C1)C(=O)C2=CC=CC=C2)C(=O)O,CCO,313.15,K,0.42339095658858
Clc1cc(Cl)c(c(Cl)c1)c2c(Cl)cc(Cl)cc2Cl,O,278.15,K,-8.55369424488663
Clc1cc(Cl)c(c(Cl)c1)c2c(Cl)cc(Cl)cc2Cl,O,288.15,K,-8.32324532350835
Clc1cc(Cl)c(c(Cl)c1)c2c(Cl)cc(Cl)cc2Cl,O,298.15,K,-8.10653621354441
C1=CC=C(C=C1)C2=CC(=C(C(=C2Cl)Cl)Cl)Cl,O,278.15,K,-7.71409368557606
Clc1cc(Cl)c(c(Cl)c1)c2c(Cl)cc(Cl)cc2Cl,O,308.15,K,-7.92022578930704
C1=CC=C(C=C1)C2=CC(=C(C(=C2Cl)Cl)Cl)Cl,O,298.15,K,-7.2691571142278
C1=CC=C(C=C1)C2=CC(=C(C(=C2Cl)Cl)Cl)Cl,O,288.15,K,-7.45368154082034
Clc1cc(Cl)c(c(Cl)c1)c2c(Cl)cc(Cl)cc2Cl,O,318.15,K,-7.74751427090274
Clc1ccc(cc1)c2ccc(Cl)cc2,O,278.15,K,-7.02413427758722
C1=CC=C(C=C1)C2=CC(=C(C(=C2Cl)Cl)Cl)Cl,O,308.15,K,-7.00743685257375
C1=CC=C(C=C1)C2=CC(=C(C=C2Cl)Cl)Cl,O,288.15,K,-6.57438998902096
Clc1ccc(cc1)c2ccc(Cl)cc2,O,288.15,K,-6.80727747352836
Clc1ccc(cc1)c2ccc(Cl)cc2,O,318.15,K,-6.07684062810322
C1=CC=C(C=C1)C2=CC=C(C=C2)Cl,O,278.15,K,-5.35937675737823
Clc1ccc(cc1)c2ccc(Cl)cc2,O,298.15,K,-6.59047871664865
C1=CC=C(C=C1)C2=CC(=C(C(=C2Cl)Cl)Cl)Cl,O,318.15,K,-6.71409368557606
C1=CC=C(C=C1)C2=CC(=C(C=C2Cl)Cl)Cl,O,278.15,K,-6.79222431202103
C1=CC=C(C=C1)C2=CC=C(C=C2)Cl,O,288.15,K,-5.24486479723307
Clc1ccc(cc1)c2ccc(Cl)cc2,O,308.15,K,-6.32104770705637
C1=CC=C(C=C1)C2=CC(=C(C=C2Cl)Cl)Cl,O,298.15,K,-6.38286849841266
C1=C(C(=C(C(=C1Cl)Cl)Cl)Cl)Cl,O,288.15,K,-5.98935886605505
C1=C(C(=C(C(=C1Cl)Cl)Cl)Cl)Cl,O,278.15,K,-6.23282458044001
C1=CC=C(C=C1)C2=CC(=C(C=C2Cl)Cl)Cl,O,308.15,K,-6.10067832576422
C1=CC=C(C=C1)C2=CC(=C(C=C2Cl)Cl)Cl,O,318.15,K,-5.88966042379955
C1=C(C=C(C(=C1Cl)Cl)Cl)Cl,O,278.15,K,-5.09974371296742
C1=C(C(=C(C(=C1Cl)Cl)Cl)Cl)Cl,O,308.15,K,-5.60320410758617
C1=C(C(=C(C(=C1Cl)Cl)Cl)Cl)Cl,O,298.15,K,-5.77197855970869
C1=C(C=C(C(=C1Cl)Cl)Cl)Cl,O,288.15,K,-4.94458636074738
C1=C(C(=C(C(=C1Cl)Cl)Cl)Cl)Cl,O,318.15,K,-5.46171881799784
C1=CC=C(C=C1)C2=CC=C(C=C2)Cl,O,308.15,K,-4.93778884106975
C1=CC=C(C=C1)C2=CC=C(C=C2)Cl,O,298.15,K,-5.13752800776188
C1=CC=C2C(=C1)C3=CC=CC=C3O2,O,278.15,K,-4.9435160037527
C1=CC=C2C(=C1)C3=CC=CC=C3O2,O,288.15,K,-4.74201328909499
C1=CC(=C(C(=C1)Cl)Cl)Cl,O,278.15,K,-4.37087489030338
C1=CC=C(C=C1)C2=CC=C(C=C2)Cl,O,318.15,K,-4.79137499130953
C1=C(C=C(C(=C1Cl)Cl)Cl)Cl,O,298.15,K,-4.79363419177416
C1=C(C=C(C(=C1Cl)Cl)Cl)Cl,O,308.15,K,-4.62432892206177
C1=C(C=C(C=C1Cl)Cl)Cl,O,278.15,K,-4.59046168437986
C1=CC=C2C(=C1)C3=CC=CC=C3O2,O,298.15,K,-4.54876432756866
C1=C(C=C(C(=C1Cl)Cl)Cl)Cl,O,318.15,K,-4.48323730932587
C1=CC=C2C(=C1)C3=CC=CC=C3O2,O,308.15,K,-4.34693614169232
C1=CC(=C(C(=C1)Cl)Cl)Cl,O,298.15,K,-3.96932138615659
C1=C(C=C(C=C1Cl)Cl)Cl,O,298.15,K,-4.32773329689696
C1=C(C=C(C=C1Cl)Cl)Cl,O,288.15,K,-4.45645301449072
C1=CC=C2C(=C1)C3=CC=CC=C3O2,O,318.15,K,-4.15727207544737
C1=C(C=C(C=C1Cl)Cl)Cl,O,308.15,K,-4.20821846909828
C1=C(C=C(C=C1Cl)Cl)Cl,O,318.15,K,-4.06337326657313
CC(=O)NC1=CC=C(C=C1)O,Cc1ccccc1,303.0,K,-2.71433965913913
CC(=O)NC1=CC=C(C=C1)O,Cc1ccccc1,298.0,K,-2.67411195707872
CC(=O)NC1=CC=C(C=C1)O,Cc1ccccc1,293.0,K,-2.67292320093328
CC(=O)NC1=CC=C(C=C1)O,O,303.0,K,-0.940656818003192
CC(=O)NC1=CC=C(C=C1)O,Cc1ccccc1,273.0,K,-2.88951837728761
CC(=O)NC1=CC=C(C=C1)O,O,298.0,K,-1.00727762298329
CC(=O)NC1=CC=C(C=C1)O,CC(C)O,268.0,K,-0.462595562823597
CC(=O)NC1=CC=C(C=C1)O,CCOC(C)=O,293.0,K,-1.29425502947304
CC(=O)NC1=CC=C(C=C1)O,O,293.0,K,-1.07331492382429
CC(=O)NC1=CC=C(C=C1)O,CC(C)O,283.0,K,-0.335804365373481
CC(=O)NC1=CC=C(C=C1)O,CCOC(C)=O,283.0,K,-1.41161489754222
CC(=O)NC1=CC=C(C=C1)O,O,273.0,K,-1.31499741961103
CC(=O)NC1=CC=C(C=C1)O,O,283.0,K,-1.2040524449833
CC(=O)NC1=CC=C(C=C1)O,CC#N,293.0,K,-0.921197771579794
CC(=O)NC1=CC=C(C=C1)O,O,288.0,K,-1.13666105964762
CC(=O)NC1=CC=C(C=C1)O,CCOC(C)=O,303.0,K,-1.19981880837459
CC(=O)NC1=CC=C(C=C1)O,CC#N,273.0,K,-1.22518040122497
CC(=O)NC1=CC=C(C=C1)O,CC#N,283.0,K,-1.07600797874868
CC(=O)NC1=CC=C(C=C1)O,O,278.0,K,-1.26201505824997
CC(=O)NC1=CC=C(C=C1)O,CCCCO,273.0,K,-0.546946476991171
CC(=O)NC1=CC=C(C=C1)O,CC#N,303.0,K,-0.775180866749187
CC(=O)NC1=CC=C(C=C1)O,CC(C)O,273.0,K,-0.421462401868586
CC(=O)NC1=CC=C(C=C1)O,CCOC(C)=O,273.0,K,-1.49195856427955
CC(=O)NC1=CC=C(C=C1)O,CCCO,303.0,K,-0.155173307374929
CC(=O)NC1=CC=C(C=C1)O,CC(C)=O,278.0,K,-0.477362183572895
CC(=O)NC1=CC=C(C=C1)O,CCCCCO,303.0,K,-0.441121510084068
CC(=O)NC1=CC=C(C=C1)O,CCCCCCCO,303.0,K,-0.694616453495573
CC(=O)NC1=CC=C(C=C1)O,CCCO,273.0,K,-0.406540693543636
CC(=O)NC1=CC=C(C=C1)O,CCCCCCCCO,303.0,K,-0.827138468696219
CC(=O)NC1=CC=C(C=C1)O,CC(C)O,293.0,K,-0.247110100825756
CC(=O)NC1=CC=C(C=C1)O,CCCCO,303.0,K,-0.303544937511314
CC(=O)NC1=CC=C(C=C1)O,CC(C)O,303.0,K,-0.158299437836526
CC(=O)NC1=CC=C(C=C1)O,CCO,303.0,K,0.080242632848397
CC(=O)NC1=CC=C(C=C1)O,CC(C)=O,273.0,K,-0.524001087456426
CC(=O)NC1=CC=C(C=C1)O,CC(C)=O,293.0,K,-0.335830906152151
CC(=O)NC1=CC=C(C=C1)O,CC(C)=O,303.0,K,-0.239010887589267
CC(=O)NC1=CC=C(C=C1)O,CCC(C)=O,303.0,K,-0.433848805470452
CC(=O)NC1=CC=C(C=C1)O,CC(C)=O,283.0,K,-0.432069169434797
CC(=O)NC1=CC=C(C=C1)O,CCO,293.0,K,-0.001743755049292
CC(=O)NC1=CC=C(C=C1)O,CCCCO,293.0,K,-0.383863741574041
CC(=O)NC1=CC=C(C=C1)O,C1COCCO1,303.0,K,-0.937003619316827
CC(=O)NC1=CC=C(C=C1)O,CCCO,293.0,K,-0.24007427288503
CC(=O)NC1=CC=C(C=C1)O,CC(C)=O,288.0,K,-0.383023478359929
CC(=O)NC1=CC=C(C=C1)O,CC(=O)CC(C)C,303.0,K,-1.02929862211322
CC(=O)NC1=CC=C(C=C1)O,CCO,283.0,K,-0.083685523804263
CC(=O)NC1=CC=C(C=C1)O,CCCO,283.0,K,-0.324148299088403
CC(=O)NC1=CC=C(C=C1)O,CC(C)=O,298.0,K,-0.28558191590968
CC(=O)NC1=CC=C(C=C1)O,CO,303.0,K,0.284789931002831
CC(=O)NC1=CC=C(C=C1)O,CC(C)=O,268.0,K,-0.564024224705742
CC(=O)NC1=CC=C(C=C1)O,CO,283.0,K,0.104247545959894
CC(=O)NC1=CC=C(C=C1)O,CCCCCCO,303.0,K,-0.572715562354238
CC(=O)NC1=CC=C(C=C1)O,CO,293.0,K,0.193609582793823
CC(=O)NC1=CC=C(C=C1)O,CCO,273.0,K,-0.159879096407711
CC(=O)NC1=CC=C(C=C1)O,CO,268.0,K,-0.026431673307025
CC(=O)NC1=CC=C(C=C1)O,CC(=O)O,303.0,K,-0.244682253128377
CC(=O)NC1=CC=C(C=C1)O,C1CCOC1,303.0,K,-0.04515394053787
CC(=O)NC1=CC=C(C=C1)O,OCCO,303.0,K,0.024027299003738
CC(=O)NC1=CC=C(C=C1)O,CO,273.0,K,0.01162092722793
CC(=O)NC1=CC=C(C=C1)O,CCNCC,303.0,K,0.783738667972405
CC(=O)NC1=CC=C(C=C1)O,CN(C)C=O,303.0,K,0.798778881232803
CC(=O)NC1=CC=C(C=C1)O,CS(C)=O,303.0,K,0.916294854505561
CC(=O)NC1=CC=C(C=C1)O,Cc1ccccc1,278.0,K,-2.80284895552015
CC(=O)NC1=CC=C(C=C1)O,Cc1ccccc1,283.0,K,-2.73135130372007
CC(=O)NC1=CC=C(C=C1)O,ClCCl,303.0,K,-2.55767367690222
CC(=O)NC1=CC=C(C=C1)O,Cc1ccccc1,288.0,K,-2.68249946737928
CC(=O)NC1=CC=C(C=C1)O,ClC(Cl)(Cl)Cl,303.0,K,-2.03232858371066
CC(=O)NC1=CC=C(C=C1)O,ClC(Cl)Cl,303.0,K,-1.82421760298249
CC(=O)NC1=CC=C(C=C1)O,CCOC(C)=O,268.0,K,-1.56179912738234
CC(=O)NC1=CC=C(C=C1)O,CCOC(C)=O,278.0,K,-1.45451155030187
CC(=O)NC1=CC=C(C=C1)O,CCOC(C)=O,288.0,K,-1.35443395794493
CC(=O)NC1=CC=C(C=C1)O,CC#N,268.0,K,-1.29549298210383
CC(=O)NC1=CC=C(C=C1)O,CCOC(C)=O,298.0,K,-1.24852070365601
CC(=O)NC1=CC=C(C=C1)O,CC#N,278.0,K,-1.14834347268038
CC(=O)NC1=CC=C(C=C1)O,CC#N,288.0,K,-0.995124968074842
CC(=O)NC1=CC=C(C=C1)O,CC#N,298.0,K,-0.843772567746906
CC(=O)NC1=CC=C(C=C1)O,CCCCO,268.0,K,-0.583501149421786
CC(=O)NC1=CC=C(C=C1)O,CCCCO,278.0,K,-0.507132403423917
CC(=O)NC1=CC=C(C=C1)O,CCCCO,283.0,K,-0.46514585339511
CC(=O)NC1=CC=C(C=C1)O,CCCO,268.0,K,-0.445723885294559
CC(=O)NC1=CC=C(C=C1)O,CCCCO,288.0,K,-0.427992149878195
CC(=O)NC1=CC=C(C=C1)O,CC(C)O,278.0,K,-0.378511220802758
CC(=O)NC1=CC=C(C=C1)O,CCCO,278.0,K,-0.366462684707685
CC(=O)NC1=CC=C(C=C1)O,CCCCO,298.0,K,-0.350185466170272
CC(=O)NC1=CC=C(C=C1)O,CCCO,288.0,K,-0.286146718596002
CC(=O)NC1=CC=C(C=C1)O,CC(C)O,288.0,K,-0.292633602668906
CC(=O)NC1=CC=C(C=C1)O,CCO,268.0,K,-0.196457123314363
CC(=O)NC1=CC=C(C=C1)O,CCCO,298.0,K,-0.198797023526617
CC(=O)NC1=CC=C(C=C1)O,CC(C)O,298.0,K,-0.201796630429085
CC(=O)NC1=CC=C(C=C1)O,CCO,278.0,K,-0.123182223527537
CC(=O)NC1=CC=C(C=C1)O,CCO,288.0,K,-0.045535628190411
CC(=O)NC1=CC=C(C=C1)O,CCO,298.0,K,0.037688408007885
CC(=O)NC1=CC=C(C=C1)O,CO,278.0,K,0.059462010429703
CC(=O)NC1=CC=C(C=C1)O,CO,288.0,K,0.14608032332406
CC(=O)NC1=CC=C(C=C1)O,CO,298.0,K,0.240848084503949
CC(=O)NC1=CC=C(C=C1)O,O,303.15,K,-0.940748407727211
CC(=O)NC1=CC=C(C=C1)O,O,298.15,K,-1.00727762298329
CC(=O)NC1=CC=C(C=C1)O,O,293.15,K,-1.07340627960031
CC(=O)NC1=CC=C(C=C1)O,O,273.15,K,-1.32089818621065
CC(=O)NC1=CC=C(C=C1)O,O,283.15,K,-1.20429998665614
CC(=O)NC1=CC=C(C=C1)O,O,289.15,K,-1.12370437179156
CC(=O)NC1=CC=C(C=C1)O,O,288.15,K,-1.13675179104685
CC(=O)NC1=CC=C(C=C1)O,O,278.15,K,-1.26192445214359
CC(=O)NC1=CC=C(C=C1)O,O,296.15,K,-1.03376915364055
C1=CC=C2C(=C1)C=CC3=CC=CC=C3N2C(=O)N,CCO,278.0,K,-1.27851567835896
C1=CC=C2C(=C1)C=CC3=CC=CC=C3N2C(=O)N,CO,283.0,K,-0.669826390266992
C1=CC=C2C(=C1)C=CC3=CC=CC=C3N2C(=O)N,CO,288.0,K,-0.613862090986715
C1=CC=C2C(=C1)C=CC3=CC=CC=C3N2C(=O)N,CO,293.0,K,-0.553091315130809
C1=CC=C2C(=C1)C=CC3=CC=CC=C3N2C(=O)N,CCO,293.0,K,-1.06251734428545
C1=CC=C2C(=C1)C=CC3=CC=CC=C3N2C(=O)N,CCO,283.0,K,-1.20630954778659
C1=CC=C2C(=C1)C=CC3=CC=CC=C3N2C(=O)N,CCO,288.0,K,-1.13701438389225
C1=CC=C2C(=C1)C=CC3=CC=CC=C3N2C(=O)N,CCO,303.0,K,-0.920668103732063
C1=CC=C2C(=C1)C=CC3=CC=CC=C3N2C(=O)N,CCO,308.0,K,-0.846446179447214
C1=CC=C2C(=C1)C=CC3=CC=CC=C3N2C(=O)N,CCO,298.0,K,-0.991134017109925
C1=CC=C2C(=C1)C=CC3=CC=CC=C3N2C(=O)N,CO,278.0,K,-0.727513536649038
C1=CC=C2C(=C1)C=CC3=CC=CC=C3N2C(=O)N,CO,298.0,K,-0.487589805814674
C1=CC=C2C(=C1)C=CC3=CC=CC=C3N2C(=O)N,CO,303.0,K,-0.427686742759062
C1=CC=C2C(=C1)C=CC3=CC=CC=C3N2C(=O)N,CO,308.0,K,-0.356923385040616
CC(=O)OC1=CC=CC=C1C(=O)O,CCCCOCCCC,298.15,K,-1.37386124278824
CC(=O)OC1=CC=CC=C1C(=O)O,CC(C)OC(C)C,298.15,K,-1.0555767451253
CC(=O)OC1=CC=CC=C1C(=O)O,CCCCCOC(C)=O,298.15,K,-0.732700299125533
CC(=O)OC1=CC=CC=C1C(=O)O,CCCC(=O)OC,298.15,K,-0.571095195852956
CC(=O)OC1=CC=CC=C1C(=O)O,CCCCC(CC)CO,298.15,K,-0.698503217805257
CC(=O)OC1=CC=CC=C1C(=O)O,CC(C)CCCC(C)CCO,298.15,K,-0.784952105720752
CC(=O)OC1=CC=CC=C1C(=O)O,CC1COC(=O)O1,298.15,K,-0.417963505310075
CC(=O)OC1=CC=CC=C1C(=O)O,CC(C)CO,298.15,K,-0.4481789254443
CC(=O)OC1=CC=CC=C1C(=O)O,CCCC(C)CO,298.15,K,-0.572089577356507
CC(=O)OC1=CC=CC=C1C(=O)O,CCCCOC(C)=O,298.15,K,-0.581605740224662
CC(=O)OC1=CC=CC=C1C(=O)O,CCCCCCCCO,298.15,K,-0.651332959832661
CC(=O)OC1=CC=CC=C1C(=O)O,CCC(C)CO,298.15,K,-0.48147928230875
CC(=O)OC1=CC=CC=C1C(=O)O,CCOCC,298.15,K,-0.453316493391069
CC(=O)OC1=CC=CC=C1C(=O)O,CCCCCCCCO,298.15,K,-0.629313474674475
CC(=O)OC1=CC=CC=C1C(=O)O,CCCCCCCCCCO,298.15,K,-0.702371430272323
CC(=O)OC1=CC=CC=C1C(=O)O,CC(C)CCO,298.15,K,-0.438403751637515
CC(=O)OC1=CC=CC=C1C(=O)O,CCCCCCCO,298.15,K,-0.548046436889141
CC(=O)OC1=CC=CC=C1C(=O)O,CCCCCCCO,298.15,K,-0.544316331882633
CC(=O)OC1=CC=CC=C1C(=O)O,CCCCCCO,298.15,K,-0.486418208074812
CC(=O)OC1=CC=CC=C1C(=O)O,CC(C)CC(C)O,298.15,K,-0.4897135998478
CC(=O)OC1=CC=CC=C1C(=O)O,CCCCCO,298.15,K,-0.421051126610084
CC(=O)OC1=CC=CC=C1C(=O)O,CCCCCO,298.15,K,-0.4192231616069
CC(=O)OC1=CC=CC=C1C(=O)O,CCCCCCO,298.15,K,-0.481497763882351
CC(=O)OC1=CC=CC=C1C(=O)O,COC(C)(C)C,298.15,K,-0.454432306652929
CC(=O)OC1=CC=CC=C1C(=O)O,CCCO,298.15,K,-0.235198460790315
CC(=O)OC1=CC=CC=C1C(=O)O,CCCC(C)O,298.15,K,-0.378082633788677
CC(=O)OC1=CC=CC=C1C(=O)O,CCOC(C)=O,298.15,K,-0.318351105537151
CC(=O)OC1=CC=CC=C1C(=O)O,CCCCO,298.15,K,-0.284944602914897
CC(=O)OC1=CC=CC=C1C(=O)O,CCOC(C)=O,298.15,K,-0.308010706316809
CC(=O)OC1=CC=CC=C1C(=O)O,CCCCO,298.15,K,-0.276385613161628
CC(=O)OC1=CC=CC=C1C(=O)O,CCCO,298.15,K,-0.155871512293408
CC(=O)OC1=CC=CC=C1C(=O)O,C1COCCO1,298.15,K,-0.19668891546567
CC(=O)OC1=CC=CC=C1C(=O)O,CC(C)O,298.15,K,-0.142522336709849
CC(=O)OC1=CC=CC=C1C(=O)O,COC(C)=O,298.15,K,-0.154314313235711
CC(=O)OC1=CC=CC=C1C(=O)O,CCC(C)O,298.15,K,-0.210953033064848
CC(=O)OC1=CC=CC=C1C(=O)O,CC(C)(C)O,298.15,K,-0.110910698706155
CC(=O)OC1=CC=CC=C1C(=O)O,CCC(C)(C)O,298.15,K,-0.08417848364387
CC(=O)OC1=CC=CC=C1C(=O)O,C1COCCO1,298.15,K,0.227693943056838
CC(=O)OC1=CC=CC=C1C(=O)O,C1CCOC1,298.15,K,0.462618925452895
CC1=CC=CC=C1C(=O)O,CC1COC(=O)O1,298.15,K,-0.298886098096855
CC1=CC=CC=C1C(=O)O,CCCCOCCCC,298.15,K,-0.212416483030195
CC1=CC=CC=C1C(=O)O,CC(C)OC(C)C,298.15,K,-0.035806244991191
CC1=CC=CC=C1C(=O)O,CC(C)CO,298.15,K,0.181016238920735
CC1=CC=CC=C1C(=O)O,COC(C)=O,298.15,K,0.27560951039371
CC1=CC=CC=C1C(=O)O,CCC(C)CO,298.15,K,0.170973638835397
CC1=CC=CC=C1C(=O)O,CCO,298.15,K,0.443651610080941
CC1=CC=CC=C1C(=O)O,CCCO,298.15,K,0.354483311463578
CC1=CC=CC=C1C(=O)O,CC(C)CCO,298.15,K,0.200970734966379
CC1=CC=CC=C1C(=O)O,CCCCCOC(C)=O,298.15,K,0.072492036464097
CC1=CC=CC=C1C(=O)O,CCOC(C)=O,298.15,K,0.260195593144759
CC1=CC=CC=C1C(=O)O,CCCCOC(C)=O,298.15,K,0.130645310569763
CC1=CC=CC=C1C(=O)O,CCCCO,298.15,K,0.302630605339172
CC1=CC=CC=C1C(=O)O,CC(C)O,298.15,K,0.399178258946574
CC1=CC=CC=C1C(=O)O,CCCCCO,298.15,K,0.259384506908317
CC1=CC=CC=C1C(=O)O,CCC(C)O,298.15,K,0.347327737864456
CC1=CC=CC=C1C(=O)O,CCCCCCO,298.15,K,0.215298887983836
CC1=CC=CC=C1C(=O)O,CCOCC,298.15,K,0.300316561939254
CC1=CC=CC=C1C(=O)O,CC(C)CC(C)O,298.15,K,0.220423247625093
CC1=CC=CC=C1C(=O)O,CCCCCCCO,298.15,K,0.176356837053037
CC1=CC=CC=C1C(=O)O,CCCCCCCCO,298.15,K,0.129831087791437
CC1=CC=CC=C1C(=O)O,CCCCCCCCCCO,298.15,K,0.07581820783682
CC1=CC=CC=C1C(=O)O,CCCC(C)O,298.15,K,0.322375468359734
CC1=CC=CC=C1C(=O)O,CC(C)(C)O,298.15,K,0.457464794024513
CC1=CC=CC=C1C(=O)O,C1COCCO1,298.15,K,0.598371553170406
CC1=CC=CC=C1C(=O)O,C1CCOC1,298.15,K,0.643486655806782
CC(C1=CC(=CC=C1)C(=O)C2=CC=CC=C2)C(=O)O,CO,298.15,K,0.043660649228208
CC(C1=CC(=CC=C1)C(=O)C2=CC=CC=C2)C(=O)O,CCO,298.15,K,0.10894319399909
CC(C1=CC(=CC=C1)C(=O)C2=CC=CC=C2)C(=O)O,CCCCCO,298.15,K,-0.110208426067286
CC(C1=CC(=CC=C1)C(=O)C2=CC=CC=C2)C(=O)O,CCCCCCCCCCO,298.15,K,-0.323780444116908
CC(C1=CC(=CC=C1)C(=O)C2=CC=CC=C2)C(=O)O,CCCO,298.15,K,0.091961264764541
CC(C1=CC(=CC=C1)C(=O)C2=CC=CC=C2)C(=O)O,CC(C)CO,298.15,K,0.084596635614291
CC(C1=CC(=CC=C1)C(=O)C2=CC=CC=C2)C(=O)O,CCOCC,298.15,K,0.080729369923617
CC(C1=CC(=CC=C1)C(=O)C2=CC=CC=C2)C(=O)O,CC(C)O,298.15,K,0.277869277145611
CC(C1=CC(=CC=C1)C(=O)C2=CC=CC=C2)C(=O)O,CCC(C)O,298.15,K,0.275779029490514
CC(C1=CC(=CC=C1)C(=O)C2=CC=CC=C2)C(=O)O,CCOC(C)=O,298.15,K,0.267273214736891
O=C(O)C1=CC=C(N)C=C1,CCCCCCCCCCO,298.15,K,-1.03390421317078
O=C(O)C1=CC=C(N)C=C1,CC(C)CO,298.15,K,-0.714528525598765
O=C(O)C1=CC=C(N)C=C1,CC(C)CCO,298.15,K,-0.729075786065201
O=C(O)C1=CC=C(N)C=C1,CCCCCCCCO,298.15,K,-0.8702606002042
O=C(O)C1=CC=C(N)C=C1,CCCCCCCO,298.15,K,-0.784363384072687
O=C(O)C1=CC=C(N)C=C1,CCCC(C)O,298.15,K,-0.658725201201275
O=C(O)C1=CC=C(N)C=C1,CCCCCO,298.15,K,-0.603620274555377
O=C(O)C1=CC=C(N)C=C1,CCCCCCO,298.15,K,-0.660962242295035
O=C(O)C1=CC=C(N)C=C1,CCC(C)O,298.15,K,-0.503276506733404
O=C(O)C1=CC=C(N)C=C1,CCCCO,298.15,K,-0.450533515084228
O=C(O)C1=CC=C(N)C=C1,CC(C)O,298.15,K,-0.362736909526852
O=C(O)C1=CC=C(N)C=C1,CCCO,298.15,K,-0.339658663856661
O=C(O)C1=CC=C(N)C=C1,CCO,298.15,K,-0.041456513899678
O=C(O)C1=CC=C(N)C=C1,C1COCCO1,298.15,K,-0.055865421759631
C1=CC(=C(C=C1C(=O)O)[N+](=O)[O-])Cl,CCCCOCCCC,298.15,K,-1.28403821813765
C1=CC(=C(C=C1C(=O)O)[N+](=O)[O-])Cl,CC(C)OC(C)C,298.15,K,-1.0328193620312
C1=CC(=C(C=C1C(=O)O)[N+](=O)[O-])Cl,CC1COC(=O)O1,298.15,K,-0.793799942941405
C1=CC(=C(C=C1[N+](=O)[O-])C(=O)O)Cl,CCCCOCCCC,298.15,K,-1.00858101187653
C1=CC(=C(C=C1C(=O)O)[N+](=O)[O-])Cl,CC(C)CO,298.15,K,-0.715539447719604
C1=CC(=C(C=C1C(=O)O)[N+](=O)[O-])Cl,CCCC(C)CO,298.15,K,-0.709534962976711
C1=CC(=C(C=C1C(=O)O)[N+](=O)[O-])Cl,CCCCC(CC)CO,298.15,K,-0.803175688071764
C1=CC(=C(C=C1C(=O)O)[N+](=O)[O-])Cl,CCCC(=O)OC,298.15,K,-0.664333889216095
C1=CC(=C(C=C1C(=O)O)[N+](=O)[O-])Cl,CCCCCOC(C)=O,298.15,K,-0.777678630433095
C1=CC(=C(C=C1C(=O)O)[N+](=O)[O-])Cl,CCOCC,298.15,K,-0.615000046359339
C1=CC(=C(C=C1C(=O)O)[N+](=O)[O-])Cl,CC(C)CCO,298.15,K,-0.60899354031744
C1=CC(=C(C=C1[N+](=O)[O-])C(=O)O)Cl,CC(C)OC(C)C,298.15,K,-0.718705017246949
C1=CC(=C(C=C1C(=O)O)[N+](=O)[O-])Cl,CCCO,298.15,K,-0.413515904709069
C1=CC(=C(C=C1C(=O)O)[N+](=O)[O-])Cl,CCCCO,298.15,K,-0.490024621851028
C1=CC(=C(C=C1C(=O)O)[N+](=O)[O-])Cl,CC(C)CC(C)O,298.15,K,-0.627999484960021
C1=CC(=C(C=C1C(=O)O)[N+](=O)[O-])Cl,CCC(C)O,298.15,K,-0.479399873884496
C1=CC(=C(C=C1C(=O)O)[N+](=O)[O-])Cl,CCCOC(C)=O,298.15,K,-0.576513023904933
C1=CC(=C(C=C1C(=O)O)[N+](=O)[O-])Cl,CCCCCO,298.15,K,-0.544652114594445
C1=CC(=C(C=C1C(=O)O)[N+](=O)[O-])Cl,CCCCOC(C)=O,298.15,K,-0.626120138065748
C1=CC(=C(C=C1C(=O)O)[N+](=O)[O-])Cl,CC(C)O,298.15,K,-0.388837112397429
C1=CC(=C(C=C1C(=O)O)[N+](=O)[O-])Cl,CCCC(C)O,298.15,K,-0.503640223870039
C1=CC(=C(C=C1C(=O)O)[N+](=O)[O-])Cl,CCCCCCO,298.15,K,-0.562421525780153
C1=CC(=C(C=C1C(=O)O)[N+](=O)[O-])Cl,CCO,298.15,K,-0.228763972158778
C1=CC(=C(C=C1C(=O)O)[N+](=O)[O-])Cl,CCCCCCCO,298.15,K,-0.594638414169011
C1=CC(=C(C=C1C(=O)O)[N+](=O)[O-])Cl,CCCCCCCCCCO,298.15,K,-0.720619538264399
C1=CC(=C(C=C1C(=O)O)[N+](=O)[O-])Cl,CC(C)(C)O,298.15,K,-0.416313306455079
C1=CC(=C(C=C1C(=O)O)[N+](=O)[O-])Cl,COC(C)=O,298.15,K,-0.339008662008472
C1=CC(=C(C=C1C(=O)O)[N+](=O)[O-])Cl,CCOC(C)=O,298.15,K,-0.425642531288206
C1=CC(=C(C=C1C(=O)O)[N+](=O)[O-])Cl,CCCCCCCCO,298.15,K,-0.628308301924447
C1=CC(=C(C=C1[N+](=O)[O-])C(=O)O)Cl,CCOCC,298.15,K,-0.223078152604586
C1=CC(=C(C=C1[N+](=O)[O-])C(=O)O)Cl,CC(C)CO,298.15,K,-0.164561247217017
C1=CC(=C(C=C1[N+](=O)[O-])C(=O)O)Cl,CCCOC(C)=O,298.15,K,-0.257661736310862
C1=CC(=C(C=C1[N+](=O)[O-])C(=O)O)Cl,CCCCOC(C)=O,298.15,K,-0.296128153137456
C1=CC(=C(C=C1[N+](=O)[O-])C(=O)O)Cl,COC(C)=O,298.15,K,-0.018134836897419
C1=CC(=C(C=C1[N+](=O)[O-])C(=O)O)Cl,CCCCCCCCCCO,298.15,K,-0.387325467023589
C1=CC(=C(C=C1[N+](=O)[O-])C(=O)O)Cl,CCCCO,298.15,K,-0.061733966933548
C1=CC(=C(C=C1[N+](=O)[O-])C(=O)O)Cl,CCCCCCCCO,298.15,K,-0.295964352559057
C1=CC(=C(C=C1[N+](=O)[O-])C(=O)O)Cl,CC(C)CCO,298.15,K,-0.128581545358539
C1=CC(=C(C=C1[N+](=O)[O-])C(=O)O)Cl,CCCO,298.15,K,0.037121460090772
C1=CC(=C(C=C1[N+](=O)[O-])C(=O)O)Cl,CCOC(C)=O,298.15,K,-0.076810806346531
C1=CC(=C(C=C1[N+](=O)[O-])C(=O)O)Cl,CCCCCCCO,298.15,K,-0.237578466655766
C1=CC(=C(C=C1[N+](=O)[O-])C(=O)O)Cl,CCCCCCO,298.15,K,-0.160102305326624
C1=CC(=C(C=C1[N+](=O)[O-])C(=O)O)Cl,CCCCCO,298.15,K,-0.0894565303641
C1=CC(=C(C=C1[N+](=O)[O-])C(=O)O)Cl,CCCC(C)O,298.15,K,-0.075867485368656
C1=CC(=C(C=C1[N+](=O)[O-])C(=O)O)Cl,CCC(C)O,298.15,K,0.014184608194877
C1=CC(=C(C=C1[N+](=O)[O-])C(=O)O)Cl,CC(C)O,298.15,K,0.114634967252209
C1=CC(=C(C=C1[N+](=O)[O-])C(=O)O)Cl,CCO,298.15,K,0.234234886999361
C1=CC(=C(C=C1[N+](=O)[O-])C(=O)O)Cl,CC(C)(C)O,298.15,K,0.140148181457386
C1=CC(=C(C=C1C(=O)O)[N+](=O)[O-])Cl,C1COCCO1,298.15,K,0.256865466624895
C1=CC(=C(C=C1C(=O)O)[N+](=O)[O-])Cl,C1CCOC1,298.15,K,0.405664060742043
C1=CC(=C(C=C1[N+](=O)[O-])C(=O)O)Cl,C1CCOC1,298.15,K,0.668909313882838
C1=CC=C2C(=C1)C(=O)C3=C(C2=O)C(=CC=C3)Cl,CO,298.15,K,-2.23192914384238
C1=CC=C2C(=C1)C(=O)C3=C(C2=O)C(=CC=C3)Cl,CC(C)CC(C)(C)C,298.15,K,-2.75308232988848
C1=CC=C2C(=C1)C(=O)C3=C(C2=O)C(=CC=C3)Cl,CCCCCC,298.15,K,-2.63710319349365
C1=CC=C2C(=C1)C(=O)C3=C(C2=O)C(=CC=C3)Cl,CC(C)O,298.15,K,-2.36851204106077
C1=CC=C2C(=C1)C(=O)C3=C(C2=O)C(=CC=C3)Cl,CCO,298.15,K,-2.20707908063727
C1=CC=C2C(=C1)C(=O)C3=C(C2=O)C(=CC=C3)Cl,C1CCCCC1,298.15,K,-2.45213656501246
C1=CC=C2C(=C1)C(=O)C3=C(C2=O)C(=CC=C3)Cl,CC(C)CO,298.15,K,-2.35892967742457
C1=CC=C2C(=C1)C(=O)C3=C(C2=O)C(=CC=C3)Cl,CCCCCCC,298.15,K,-2.55785634898967
C1=CC=C2C(=C1)C(=O)C3=C(C2=O)C(=CC=C3)Cl,CC(C)(C)O,298.15,K,-2.32071488537701
C1=CC=C2C(=C1)C(=O)C3=C(C2=O)C(=CC=C3)Cl,CC1CCCCC1,298.15,K,-2.43570081708437
C1=CC=C2C(=C1)C(=O)C3=C(C2=O)C(=CC=C3)Cl,CCCCCCCC,298.15,K,-2.52903603078785
C1=CC=C2C(=C1)C(=O)C3=C(C2=O)C(=CC=C3)Cl,CCCO,298.15,K,-2.19346882726958
C1=CC=C2C(=C1)C(=O)C3=C(C2=O)C(=CC=C3)Cl,CCC(C)O,298.15,K,-2.25625136835483
C1=CC=C2C(=C1)C(=O)C3=C(C2=O)C(=CC=C3)Cl,CC(C)CCO,298.15,K,-2.25585647819177
C1=CC=C2C(=C1)C(=O)C3=C(C2=O)C(=CC=C3)Cl,CCCCO,298.15,K,-2.17772349449698
C1=CC=C2C(=C1)C(=O)C3=C(C2=O)C(=CC=C3)Cl,CCCCCCCCCC,298.15,K,-2.46507606813678
C1=CC=C2C(=C1)C(=O)C3=C(C2=O)C(=CC=C3)Cl,CCCC(C)O,298.15,K,-2.21094913354505
C1=CC=C2C(=C1)C(=O)C3=C(C2=O)C(=CC=C3)Cl,CC(C)CC(C)O,298.15,K,-2.26185512500167
C1=CC=C2C(=C1)C(=O)C3=C(C2=O)C(=CC=C3)Cl,CCCC(C)CO,298.15,K,-2.19851818284382
C1=CC=C2C(=C1)C(=O)C3=C(C2=O)C(=CC=C3)Cl,CCC(C)(C)O,298.15,K,-2.13414543956481
C1=CC=C2C(=C1)C(=O)C3=C(C2=O)C(=CC=C3)Cl,CCCCCO,298.15,K,-2.09028583348705
C1=CC=C2C(=C1)C(=O)C3=C(C2=O)C(=CC=C3)Cl,CC(C)OC(C)C,298.15,K,-2.14008977208392
C1=CC=C2C(=C1)C(=O)C3=C(C2=O)C(=CC=C3)Cl,CCCCCCCCCCCCCCCC,298.15,K,-2.41414076244455
C1=CC=C2C(=C1)C(=O)C3=C(C2=O)C(=CC=C3)Cl,CCCCC(CC)CO,298.15,K,-2.1100812761882
C1=CC=C2C(=C1)C(=O)C3=C(C2=O)C(=CC=C3)Cl,CCCCCCO,298.15,K,-2.01062072945825
C1=CC=C2C(=C1)C(=O)C3=C(C2=O)C(=CC=C3)Cl,CCCCCCCO,298.15,K,-1.99093288651412
C1=CC=C2C(=C1)C(=O)C3=C(C2=O)C(=CC=C3)Cl,CCCCOCCCC,298.15,K,-1.99877013755993
C1=CC=C2C(=C1)C(=O)C3=C(C2=O)C(=CC=C3)Cl,CCCCCCCCO,298.15,K,-1.96796732249257
C1=CC=C2C(=C1)C(=O)C3=C(C2=O)C(=CC=C3)Cl,CC#N,298.15,K,-1.47508850509595
C1=CC=C2C(=C1)C(=O)C3=C(C2=O)C(=CC=C3)Cl,CCOCC,298.15,K,-1.7112044222107
C1=CC=C2C(=C1)C(=O)C3=C(C2=O)C(=CC=C3)Cl,COC(C)(C)C,298.15,K,-1.74130485904702
C1=CC=C2C(=C1)C(=O)C3=C(C2=O)C(=CC=C3)Cl,CCCCCCCCCCO,298.15,K,-1.94065808219963
C1=CC=C2C(=C1)C(=O)C3=C(C2=O)C(=CC=C3)Cl,CCC#N,298.15,K,-1.29451603215139
C1=CC=C2C(=C1)C(=O)C3=C(C2=O)C(=CC=C3)Cl,CCCCCl,298.15,K,-1.43009558562425
C1=CC=C2C(=C1)C(=O)C3=C(C2=O)C(=CC=C3)Cl,ClC1CCCCC1,298.15,K,-1.38136092766832
C1=CC=C2C(=C1)C(=O)C3=C(C2=O)C(=CC=C3)Cl,CCCC#N,298.15,K,-1.22209214569923
C1=CC=C2C(=C1)C(=O)C3=C(C2=O)C(=CC=C3)Cl,CC(C)=O,298.15,K,-1.13630020683014
C1=CC=C2C(=C1)C(=O)C3=C(C2=O)C(=CC=C3)Cl,CCCCCOC(C)=O,298.15,K,-1.36078091574448
C1=CC=C2C(=C1)C(=O)C3=C(C2=O)C(=CC=C3)Cl,CCC(C)=O,298.15,K,-1.12192391531751
C1=CC=C2C(=C1)C(=O)C3=C(C2=O)C(=CC=C3)Cl,CCCOC(C)=O,298.15,K,-1.22925600451288
C1=CC=C2C(=C1)C(=O)C3=C(C2=O)C(=CC=C3)Cl,COC(C)=O,298.15,K,-1.06647857682713
C1=CC=C2C(=C1)C(=O)C3=C(C2=O)C(=CC=C3)Cl,CCOC(C)=O,298.15,K,-1.14920241498529
C1=CC=C2C(=C1)C(=O)C3=C(C2=O)C(=CC=C3)Cl,CCCCOC(C)=O,298.15,K,-1.27406812175083
C1=CC=C2C(=C1)C(=O)C3=C(C2=O)C(=CC=C3)Cl,c1ccccc1,298.15,K,-0.857696395915313
C1=CC=C2C(=C1)C(=O)C3=C(C2=O)C(=CC=C3)Cl,O=C1CCCCC1,298.15,K,-0.872190977646737
C1=CC=C2C(=C1)C(=O)C3=C(C2=O)C(=CC=C3)Cl,Cc1ccccc1,298.15,K,-0.849607895950756
C1=CC=C2C(=C1)C(=O)C3=C(C2=O)C(=CC=C3)Cl,C1CCOC1,298.15,K,-0.615675124902892
C1=CC=C2C(=C1)C(=O)C3=C(C2=O)C(=CC=C3)Cl,Clc1ccccc1,298.15,K,-0.705986015256344
C1=CC=C2C(=C1)NC3=CC=CC=C3S2,CC(C)CC(C)(C)C,298.15,K,-2.49244927540496
C1=CC=C2C(=C1)NC3=CC=CC=C3S2,CCCCCC,298.15,K,-2.35126743046777
C1=CC=C2C(=C1)NC3=CC=CC=C3S2,CCCCCCC,298.15,K,-2.3225756832883
C1=CC=C2C(=C1)NC3=CC=CC=C3S2,CCCCCCCC,298.15,K,-2.27662570709984
C1=CC=C2C(=C1)NC3=CC=CC=C3S2,C1CCCCC1,298.15,K,-2.04201896405533
C1=CC=C2C(=C1)NC3=CC=CC=C3S2,CC1CCCCC1,298.15,K,-2.09320386732709
C1=CC=C2C(=C1)NC3=CC=CC=C3S2,CCCCCCCCCC,298.15,K,-2.26536889763216
C1=CC=C2C(=C1)NC3=CC=CC=C3S2,C1CCCCCCC1,298.15,K,-1.93002006573307
C1=CC=C2C(=C1)NC3=CC=CC=C3S2,CCCCCCCCCCCCCCCC,298.15,K,-2.24700323706279
C1=CC=C2C(=C1)NC3=CC=CC=C3S2,OCCO,298.15,K,-1.46546260214879
C1=CC=C2C(=C1)NC3=CC=CC=C3S2,CO,298.15,K,-0.895281169230831
C1=CC=C2C(=C1)NC3=CC=CC=C3S2,CC(C)CO,298.15,K,-1.23561992917905
C1=CC=C2C(=C1)NC3=CC=CC=C3S2,CC(C)(C)O,298.15,K,-1.20880196636787
C1=CC=C2C(=C1)NC3=CC=CC=C3S2,CC(C)O,298.15,K,-1.10376349074286
C1=CC=C2C(=C1)NC3=CC=CC=C3S2,CCC(C)CO,298.15,K,-1.16966205938431
C1=CC=C2C(=C1)NC3=CC=CC=C3S2,CC(C)CC(C)O,298.15,K,-1.23632876583558
C1=CC=C2C(=C1)NC3=CC=CC=C3S2,CCC(C)O,298.15,K,-1.09634128210782
C1=CC=C2C(=C1)NC3=CC=CC=C3S2,CCCC(C)CO,298.15,K,-1.15076942509613
C1=CC=C2C(=C1)NC3=CC=CC=C3S2,CCCC(C)O,298.15,K,-1.09154730861895
C1=CC=C2C(=C1)NC3=CC=CC=C3S2,CCCO,298.15,K,-0.924114690650652
C1=CC=C2C(=C1)NC3=CC=CC=C3S2,CCO,298.15,K,-0.815066045748239
C1=CC=C2C(=C1)NC3=CC=CC=C3S2,CC(C)CCO,298.15,K,-1.08021892290752
C1=CC=C2C(=C1)NC3=CC=CC=C3S2,CCCCC(CC)CO,298.15,K,-1.18545621390654
C1=CC=C2C(=C1)NC3=CC=CC=C3S2,CCCCO,298.15,K,-0.915378872762868
C1=CC=C2C(=C1)NC3=CC=CC=C3S2,CCCCOCCCC,298.15,K,-1.16448295410248
C1=CC=C2C(=C1)NC3=CC=CC=C3S2,CC#N,298.15,K,-0.644721120790725
C1=CC=C2C(=C1)NC3=CC=CC=C3S2,CC(C)OC(C)C,298.15,K,-1.06981125243177
C1=CC=C2C(=C1)NC3=CC=CC=C3S2,CCCCCO,298.15,K,-0.902515789061327
C1=CC=C2C(=C1)NC3=CC=CC=C3S2,CCCCCCO,298.15,K,-0.897704719611612
C1=CC=C2C(=C1)NC3=CC=CC=C3S2,CCCCCCCO,298.15,K,-0.900014912225497
C1=CC=C2C(=C1)NC3=CC=CC=C3S2,CCCCCCCCO,298.15,K,-0.922679438160726
C1=CC=C2C(=C1)NC3=CC=CC=C3S2,CCCCCCCCCCO,298.15,K,-0.974814802479754
C1=CC=C2C(=C1)NC3=CC=CC=C3S2,OC1CCCC1,298.15,K,-0.622169000945763
C1=CC=C2C(=C1)NC3=CC=CC=C3S2,COC(C)(C)C,298.15,K,-0.696379993161539
C1=CC=C2C(=C1)NC3=CC=CC=C3S2,CCOCC,298.15,K,-0.593427034098421
C1=CC=C2C(=C1)NC3=CC=CC=C3S2,CCC#N,298.15,K,-0.236885153833381
C1=CC=C2C(=C1)NC3=CC=CC=C3S2,CCCC#N,298.15,K,-0.154181200780503
C1=CC=C2C(=C1)NC3=CC=CC=C3S2,C1COCCO1,298.15,K,0.125814223792011
C1=CC=C(C(=C1)C(=O)N)O,CCCCOCCCC,298.15,K,-1.62837744608476
C1=CC=C(C(=C1)C(=O)N)O,CCCCCCCCCCO,298.15,K,-0.953441304313984
C1=CC=C(C(=C1)C(=O)N)O,CC(C)CO,298.15,K,-0.594620632154357
C1=CC=C(C(=C1)C(=O)N)O,CCCCC(CC)CO,298.15,K,-0.801324636832033
C1=CC=C(C(=C1)C(=O)N)O,CCCCCCCCO,298.15,K,-0.78596352146762
C1=CC=C(C(=C1)C(=O)N)O,CC(C)CCO,298.15,K,-0.616758988645275
C1=CC=C(C(=C1)C(=O)N)O,CC(C)(C)O,298.15,K,-0.495855042742751
C1=CC=C(C(=C1)C(=O)N)O,CCCCCCCO,298.15,K,-0.657516009913172
C1=CC=C(C(=C1)C(=O)N)O,CCCCO,298.15,K,-0.465337134388164
C1=CC=C(C(=C1)C(=O)N)O,CCCCCO,298.15,K,-0.519394629068958
C1=CC=C(C(=C1)C(=O)N)O,CCCCCCO,298.15,K,-0.569236402861635
C1=CC=C(C(=C1)C(=O)N)O,CCCO,298.15,K,-0.340879416004541
C1=CC=C(C(=C1)C(=O)N)O,CC(C)O,298.15,K,-0.350217641395462
C1=CC=C(C(=C1)C(=O)N)O,CCCC(C)O,298.15,K,-0.497403459041335
C1=CC=C(C(=C1)C(=O)N)O,CCC(C)O,298.15,K,-0.400278226435679
C1=CC=C(C(=C1)C(=O)N)O,CCO,298.15,K,-0.166179228842011
C1=CC=C(C(=C1)C(=O)N)O,CO,298.15,K,0.022303363222801
C1=CC=C(C(=C1)C(=O)N)O,CCCCOC(C)=O,298.15,K,-0.310012458628767
C1=CC=C(C(=C1)C(=O)N)O,CCCOC(C)=O,298.15,K,-0.216382129800918
C1=CC=C(C(=C1)C(=O)N)O,CCOC(C)=O,298.15,K,-0.083880945842179
C1=CC=C(C(=C1)C(=O)N)O,COC(C)=O,298.15,K,0.059969977031133
C1=CC=C(C(=C1)C(=O)N)O,C1COCCO1,298.15,K,0.269463667412144
C1=CC=C(C(=C1)C(=O)N)O,C1CCOC1,298.15,K,0.42200472374997
CCC1=CC2=C(C=C1)C(=O)C3=CC=CC=C3C2=O,CO,298.15,K,-1.48893983544436
CCC1=CC2=C(C=C1)C(=O)C3=CC=CC=C3C2=O,CCO,298.15,K,-1.38347094387272
CCC1=CC2=C(C=C1)C(=O)C3=CC=CC=C3C2=O,CC(C)CC(C)(C)C,298.15,K,-1.81609566967522
CCC1=CC2=C(C=C1)C(=O)C3=CC=CC=C3C2=O,CC(C)O,298.15,K,-1.47517517201409
CCC1=CC2=C(C=C1)C(=O)C3=CC=CC=C3C2=O,CCCO,298.15,K,-1.45052029411349
CCC1=CC2=C(C=C1)C(=O)C3=CC=CC=C3C2=O,CC(C)CO,298.15,K,-1.49143830979372
CCC1=CC2=C(C=C1)C(=O)C3=CC=CC=C3C2=O,CCCCCC,298.15,K,-1.59217529722174
CCC1=CC2=C(C=C1)C(=O)C3=CC=CC=C3C2=O,CCCCCCC,298.15,K,-1.56827657522502
CCC1=CC2=C(C=C1)C(=O)C3=CC=CC=C3C2=O,C1CCCCC1,298.15,K,-1.42725160289395
CCC1=CC2=C(C=C1)C(=O)C3=CC=CC=C3C2=O,CCC(C)O,298.15,K,-1.34209224169271
CCC1=CC2=C(C=C1)C(=O)C3=CC=CC=C3C2=O,CC(C)CCO,298.15,K,-1.40928669725888
CCC1=CC2=C(C=C1)C(=O)C3=CC=CC=C3C2=O,CCCCO,298.15,K,-1.30892271112636
CCC1=CC2=C(C=C1)C(=O)C3=CC=CC=C3C2=O,CC1CCCCC1,298.15,K,-1.44140987440922
CCC1=CC2=C(C=C1)C(=O)C3=CC=CC=C3C2=O,CCCCCCCC,298.15,K,-1.53820265737519
CCC1=CC2=C(C=C1)C(=O)C3=CC=CC=C3C2=O,CCCC(C)O,298.15,K,-1.28865470750372
CCC1=CC2=C(C=C1)C(=O)C3=CC=CC=C3C2=O,CCCCCCCCCC,298.15,K,-1.51606973527749
CCC1=CC2=C(C=C1)C(=O)C3=CC=CC=C3C2=O,CCCCCO,298.15,K,-1.2543859870525
CCC1=CC2=C(C=C1)C(=O)C3=CC=CC=C3C2=O,CCCCCCO,298.15,K,-1.2181453794955
CCC1=CC2=C(C=C1)C(=O)C3=CC=CC=C3C2=O,CC(C)OC(C)C,298.15,K,-1.20690587948129
CCC1=CC2=C(C=C1)C(=O)C3=CC=CC=C3C2=O,CCCCC(CC)CO,298.15,K,-1.24393911374256
CCC1=CC2=C(C=C1)C(=O)C3=CC=CC=C3C2=O,CCCCCCCO,298.15,K,-1.16253681798454
CCC1=CC2=C(C=C1)C(=O)C3=CC=CC=C3C2=O,CCCCCCCCO,298.15,K,-1.16798064564326
CCC1=CC2=C(C=C1)C(=O)C3=CC=CC=C3C2=O,CCCCOCCCC,298.15,K,-1.10794140083049
CCC1=CC2=C(C=C1)C(=O)C3=CC=CC=C3C2=O,CCCCCCCCCl,298.15,K,-0.670686381264385
CCC1=CC2=C(C=C1)C(=O)C3=CC=CC=C3C2=O,ClC1CCCCC1,298.15,K,-0.506411747102187
CCC1=CC2=C(C=C1)C(=O)C3=CC=CC=C3C2=O,CCCCCl,298.15,K,-0.421813997910997
CCC1=CC2=C(C=C1)C(=O)C3=CC=CC=C3C2=O,CCOC(C)=O,298.15,K,-0.38386632142224
CCC1=CC2=C(C=C1)C(=O)C3=CC=CC=C3C2=O,COC(C)=O,298.15,K,-0.241954762145768
CCC1=CC2=C(C=C1)C(=O)C3=CC=CC=C3C2=O,CCCCOC(C)=O,298.15,K,-0.459333968832021
CCC1=CC2=C(C=C1)C(=O)C3=CC=CC=C3C2=O,CCCCCOC(C)=O,298.15,K,-0.487737627045969
C1=CC=C(C=C1)C(C(=O)C2=CC=CC=C2)O,CC(C)O,298.15,K,-1.67083238940824
C1=CC=C(C=C1)C(C(=O)C2=CC=CC=C2)O,CC(C)CO,298.15,K,-1.73225625743116
C1=CC=C(C=C1)C(C(=O)C2=CC=CC=C2)O,CCCCOCCCC,298.15,K,-1.97891756629924
C1=CC=C(C=C1)C(C(=O)C2=CC=CC=C2)O,CCC(C)O,298.15,K,-1.66960491428057
C1=CC=C(C=C1)C(C(=O)C2=CC=CC=C2)O,CCCC(C)O,298.15,K,-1.73608412170285
C1=CC=C(C=C1)C(C(=O)C2=CC=CC=C2)O,CC(C)(C)O,298.15,K,-1.67467546517775
C1=CC=C(C=C1)C(C(=O)C2=CC=CC=C2)O,CC(C)CCO,298.15,K,-1.7126821932053
C1=CC=C(C=C1)C(C(=O)C2=CC=CC=C2)O,CC(C)CC(C)O,298.15,K,-1.73928419205084
C1=CC=C(C=C1)C(C(=O)C2=CC=CC=C2)O,CCCO,298.15,K,-1.50449928707606
C1=CC=C(C=C1)C(C(=O)C2=CC=CC=C2)O,CCCCO,298.15,K,-1.58705331365527
C1=CC=C(C=C1)C(C(=O)C2=CC=CC=C2)O,CCO,298.15,K,-1.38744670864124
C1=CC=C(C=C1)C(C(=O)C2=CC=CC=C2)O,CCCCCCO,298.15,K,-1.68989146786484
C1=CC=C(C=C1)C(C(=O)C2=CC=CC=C2)O,CCCCCO,298.15,K,-1.60813133273745
C1=CC=C(C=C1)C(C(=O)C2=CC=CC=C2)O,CCCCCCCO,298.15,K,-1.71151781134593
C1=CC=C(C=C1)C(C(=O)C2=CC=CC=C2)O,CCCCCCCCO,298.15,K,-1.73444580832924
C1=CC=C(C=C1)C(C(=O)C2=CC=CC=C2)O,CCCCCCCCCCO,298.15,K,-1.75860842202928
C1=CC=C(C=C1)C(C(=O)C2=CC=CC=C2)O,COC(C)(C)C,298.15,K,-1.51360309621642
C1=CC=C(C=C1)C(C(=O)C2=CC=CC=C2)O,CCc1ccccc1,298.15,K,-1.43781152146229
C1=CC=C(C=C1)C(C(=O)C2=CC=CC=C2)O,Cc1ccc(C)cc1,298.15,K,-1.42643245965911
C1=CC=C(C=C1)C(C(=O)C2=CC=CC=C2)O,Cc1ccccc1,298.15,K,-1.29023425804041
C1=CC=C(C=C1)C(C(=O)C2=CC=CC=C2)O,Cc1ccccc1C,298.15,K,-1.31312995429749
C1=CC=C(C=C1)C(C(=O)C2=CC=CC=C2)O,c1ccccc1,298.15,K,-0.971375813446523
C1=CC=C(C=C1)C(C(=O)C2=CC=CC=C2)O,CCCCCOC(C)=O,298.15,K,-1.15607947353356
C1=CC=C(C=C1)C(C(=O)C2=CC=CC=C2)O,CC(C)OCCO,298.15,K,-1.04436144111829
C1=CC=C(C=C1)C(C(=O)C2=CC=CC=C2)O,CCCCOC(C)=O,298.15,K,-1.08836590086329
C1=CC=C(C=C1)C(C(=O)C2=CC=CC=C2)O,CCCCOCCO,298.15,K,-1.08272022422775
C1=CC=C(C=C1)C(C(=O)C2=CC=CC=C2)O,CCCOCCO,298.15,K,-1.00792999922837
C1=CC=C(C=C1)C(C(=O)C2=CC=CC=C2)O,CCCOC(C)=O,298.15,K,-1.00961578656106
C1=CC=C(C=C1)C(C(=O)C2=CC=CC=C2)O,COC(C)CCO,298.15,K,-0.996117632984029
C1=CC=C(C=C1)C(C(=O)C2=CC=CC=C2)O,CCOC(C)=O,298.15,K,-0.875014827938365
C1=CC=C(C=C1)C(C(=O)C2=CC=CC=C2)O,CCOCCO,298.15,K,-0.844598914796047
C1=CC=C(C=C1)C(C(=O)C2=CC=CC=C2)O,COC(C)=O,298.15,K,-0.734924845874771
C1=CC=C(C=C1)C(C(=O)C2=CC=CC=C2)O,ClCCCl,298.15,K,-0.562953375714089
C1=CC=C(C=C1)C(C(=O)C2=CC=CC=C2)O,C1COCCO1,298.15,K,-0.280212888822169
C1=CC(=C(C=C1C(=O)O)Cl)Cl,CCCCOCCCC,298.15,K,-1.23735333235254
C1=CC(=C(C=C1C(=O)O)Cl)Cl,COC(C)=O,298.15,K,-0.819629883995402
C1=CC(=C(C=C1C(=O)O)Cl)Cl,CC(C)OC(C)C,298.15,K,-1.04422780438074
C1=CC(=C(C=C1C(=O)O)Cl)Cl,CC(C)CO,298.15,K,-0.816709650161333
C1=CC(=C(C=C1C(=O)O)Cl)Cl,CCCC(=O)OC,298.15,K,-0.895354332878848
C1=CC(=C(C=C1C(=O)O)Cl)Cl,CCOC(C)=O,298.15,K,-0.767240329384474
C1=CC(=C(C=C1C(=O)O)Cl)Cl,CCO,298.15,K,-0.522202805735721
C1=CC(=C(C=C1C(=O)O)Cl)Cl,CCCOC(C)=O,298.15,K,-0.808284813129261
C1=CC(=C(C=C1C(=O)O)Cl)Cl,CC(C)O,298.15,K,-0.629549214666844
C1=CC(=C(C=C1C(=O)O)Cl)Cl,CCC(C)CO,298.15,K,-0.762324922722767
C1=CC(=C(C=C1C(=O)O)Cl)Cl,CCCO,298.15,K,-0.600594882143458
C1=CC(=C(C=C1C(=O)O)Cl)Cl,CCC(C)O,298.15,K,-0.677424744454041
C1=CC(=C(C=C1C(=O)O)Cl)Cl,CCCCO,298.15,K,-0.645647280758945
C1=CC(=C(C=C1C(=O)O)Cl)Cl,CCCCOC(C)=O,298.15,K,-0.798732263325333
C1=CC(=C(C=C1C(=O)O)Cl)Cl,CCCCCOC(C)=O,298.15,K,-0.829018625081489
C1=CC(=C(C=C1C(=O)O)Cl)Cl,CC(C)CCO,298.15,K,-0.693115364084697
C1=CC(=C(C=C1C(=O)O)Cl)Cl,CCCCCO,298.15,K,-0.687122017919491
C1=CC(=C(C=C1C(=O)O)Cl)Cl,CCCCCCO,298.15,K,-0.711933129702946
C1=CC(=C(C=C1C(=O)O)Cl)Cl,CCCC(C)CO,298.15,K,-0.703533575838102
C1=CC(=C(C=C1C(=O)O)Cl)Cl,CCCCCCCCO,298.15,K,-0.804884568799873
C1=CC(=C(C=C1C(=O)O)Cl)Cl,CCCC(C)O,298.15,K,-0.630545784516008
C1=CC(=C(C=C1C(=O)O)Cl)Cl,CCCCCCCO,298.15,K,-0.741726446172036
C1=CC(=C(C=C1C(=O)O)Cl)Cl,CC(C)CC(C)O,298.15,K,-0.683002029066531
C1=CC(=C(C=C1C(=O)O)Cl)Cl,CCOCC,298.15,K,-0.514870723274581
C1=CC(=C(C=C1C(=O)O)Cl)Cl,CC(C)(C)O,298.15,K,-0.424073449219219
C1=CC(=C(C=C1C(=O)O)Cl)Cl,COC(C)(C)C,298.15,K,-0.505595854226284
C1=CC(=C(C=C1C(=O)O)Cl)Cl,CCCCOCCO,298.15,K,-0.499235325521593
C1=CC(=C(C=C1C(=O)O)Cl)Cl,CCOCCO,298.15,K,-0.318991996144844
C1=CC(=C(C=C1C(=O)O)Cl)Cl,CCCOCCO,298.15,K,-0.366142400409737
C1=CC(=C(C=C1C(=O)O)Cl)Cl,CC(C)OCCO,298.15,K,-0.356153564004559
C1=CC(=C(C=C1C(=O)O)Cl)Cl,C1COCCO1,298.15,K,-0.217450994986678
C1=CC(=C(C=C1C(=O)O)Cl)Cl,COC(C)CCO,298.15,K,-0.325580658148253
C1=CC(=C(C=C1C(=O)O)Cl)Cl,C1CCOC1,298.15,K,0.140347358040321
C1=CC=C2C=C3C=CC=CC3=CC2=C1,Cc1ccccc1,298.15,K,-1.15584597408156
C1=CC=C2C=C3C=CC=CC3=CC2=C1,CCc1ccccc1,298.15,K,-1.23672265750747
C1=CC(=C(C=C1Cl)[N+](=O)[O-])Cl,CCC(C)O,298.15,K,-0.372210860541871
C1=CC(=C(C=C1Cl)[N+](=O)[O-])Cl,CC(C)CC(C)(C)C,298.15,K,-0.592065694396748
C1=CC(=C(C=C1Cl)[N+](=O)[O-])Cl,CCCCCC,298.15,K,-0.487712183615004
C1=CC(=C(C=C1Cl)[N+](=O)[O-])Cl,CC(C)O,298.15,K,-0.251359166057673
C1=CC(=C(C=C1Cl)[N+](=O)[O-])Cl,CC(C)CO,298.15,K,-0.300431289792996
C1=CC(=C(C=C1Cl)[N+](=O)[O-])Cl,CCCCCCC,298.15,K,-0.487251833169275
C1=CC(=C(C=C1Cl)[N+](=O)[O-])Cl,Cc1ccccc1,298.15,K,-0.337150581027383
C1=CC(=C(C=C1Cl)[N+](=O)[O-])Cl,CCO,298.15,K,-0.058190595863788
C1=CC(=C(C=C1Cl)[N+](=O)[O-])Cl,CCCCCCCC,298.15,K,-0.499403102112401
C1=CC(=C(C=C1Cl)[N+](=O)[O-])Cl,CCCO,298.15,K,-0.125265193005221
C1=CC(=C(C=C1Cl)[N+](=O)[O-])Cl,CCCCCCCCCC,298.15,K,-0.509747129498175
C1=CC(=C(C=C1Cl)[N+](=O)[O-])Cl,C1CCCCC1,298.15,K,-0.224368448199081
C1=CC(=C(C=C1Cl)[N+](=O)[O-])Cl,CCCCCCCCCCCC,298.15,K,-0.531257713630882
C1=CC(=C(C=C1Cl)[N+](=O)[O-])Cl,CC(C)CCO,298.15,K,-0.204440038269124
C1=CC(=C(C=C1Cl)[N+](=O)[O-])Cl,CCCCO,298.15,K,-0.12554730012025
C1=CC(=C(C=C1Cl)[N+](=O)[O-])Cl,CC1CCCCC1,298.15,K,-0.260268588909729
C1=CC(=C(C=C1Cl)[N+](=O)[O-])Cl,CCCCCO,298.15,K,-0.127484879272952
C1=CC(=C(C=C1Cl)[N+](=O)[O-])Cl,CCCCCCO,298.15,K,-0.139805197691874
C1=CC(=C(C=C1Cl)[N+](=O)[O-])Cl,CCCCCCCO,298.15,K,-0.160253501455565
C1=CC(=C(C=C1Cl)[N+](=O)[O-])Cl,CCCCCCCCO,298.15,K,-0.171054361103242
C1=CC(=C(C=C1Cl)[N+](=O)[O-])Cl,CCCCCCCCCCO,298.15,K,-0.210308561329249
C1=CC(=C(C=C1Cl)[N+](=O)[O-])Cl,CC#N,298.15,K,1.00854030240815
C1=CC(=C(C=C1Cl)[N+](=O)[O-])Cl,COC(C)=O,298.15,K,1.03099812951238
C1=CC(=C(C=C1Cl)[N+](=O)[O-])Cl,Cc1ccc(C)cc1,298.15,K,0.862775773356953
C[C@@H](C1=CC2=C(C=C1)C=C(C=C2)OC)C(=O)O,CO,298.15,K,-0.552670864918123
CC(C1=CC(=CC=C1)C(=O)C2=CC=CC=C2)C(=O)O,CO,298.15,K,0.85360586723241
C1=CC(=CC(=C1)C(=O)O)C(=O)O,CC(C)CO,298.15,K,-1.5860494258508
C1=CC(=CC(=C1)C(=O)O)C(=O)O,CCCCCCCCCCO,298.15,K,-1.8673064344389
C1=CC(=CC(=C1)C(=O)O)C(=O)O,CCCCCCCCO,298.15,K,-1.75218152570845
C1=CC(=CC(=C1)C(=O)O)C(=O)O,CC(C)CCO,298.15,K,-1.56978290246101
C1=CC(=CC(=C1)C(=O)O)C(=O)O,CCCCCCCO,298.15,K,-1.68284498965693
C1=CC(=CC(=C1)C(=O)O)C(=O)O,CCCCCCO,298.15,K,-1.61402711805051
C1=CC(=CC(=C1)C(=O)O)C(=O)O,CCCCCO,298.15,K,-1.53340041683684
C1=CC(=CC(=C1)C(=O)O)C(=O)O,CCCC(C)O,298.15,K,-1.5234103297418
C1=CC(=CC(=C1)C(=O)O)C(=O)O,CCCCO,298.15,K,-1.43233862698224
C1=CC(=CC(=C1)C(=O)O)C(=O)O,CCCO,298.15,K,-1.31729200762447
C1=CC(=CC(=C1)C(=O)O)C(=O)O,CCC(C)O,298.15,K,-1.3994462138934
C1=CC(=CC(=C1)C(=O)O)C(=O)O,CO,298.15,K,-1.02134634039852
C1=CC(=CC(=C1)C(=O)O)C(=O)O,CC(C)O,298.15,K,-1.26331020415192
C1=CC(=CC(=C1)C(=O)O)C(=O)O,CCO,298.15,K,-1.09689536686698
C1=CC(=CC(=C1)C(=O)O)C(=O)O,CCCCOCCO,298.15,K,-1.19992169565042
C1=CC(=CC(=C1)C(=O)O)C(=O)O,CCOCCO,298.15,K,-0.820833057581258
C1=CC(=CC(=C1)C(=O)O)C(=O)O,COCCO,298.15,K,-0.710125759448791
COC1=CC(=CC(=C1OC)OC)C(=O)O,CC(C)OC(C)C,298.15,K,-1.73765603095026
COC1=CC(=CC(=C1OC)OC)C(=O)O,OCCO,298.15,K,-0.981372030281999
COC1=CC(=CC(=C1OC)OC)C(=O)O,CCOCC,298.15,K,-1.19085202220213
COC1=CC(=CC(=C1OC)OC)C(=O)O,CC(C)CO,298.15,K,-1.00151275729439
COC1=CC(=CC(=C1OC)OC)C(=O)O,CCCCCCCCCCO,298.15,K,-1.27232944564115
COC1=CC(=CC(=C1OC)OC)C(=O)O,CCC(C)CO,298.15,K,-1.00382919979502
COC1=CC(=CC(=C1OC)OC)C(=O)O,CC(C)CCO,298.15,K,-1.00650178965634
COC1=CC(=CC(=C1OC)OC)C(=O)O,CC1COC(=O)O1,298.15,K,-0.88960840267916
COC1=CC(=CC(=C1OC)OC)C(=O)O,CCCCCCCCO,298.15,K,-1.13343400605383
COC1=CC(=CC(=C1OC)OC)C(=O)O,CCCCCOC(C)=O,298.15,K,-1.1026079301404
COC1=CC(=CC(=C1OC)OC)C(=O)O,CCCCO,298.15,K,-0.884138724610099
COC1=CC(=CC(=C1OC)OC)C(=O)O,CCCOC(C)=O,298.15,K,-0.977335934611968
COC1=CC(=CC(=C1OC)OC)C(=O)O,CCCCCO,298.15,K,-0.947078468153952
COC1=CC(=CC(=C1OC)OC)C(=O)O,CCCCOC(C)=O,298.15,K,-1.03270515227881
COC1=CC(=CC(=C1OC)OC)C(=O)O,CCCO,298.15,K,-0.783227767194005
COC1=CC(=CC(=C1OC)OC)C(=O)O,CCCC(C)CO,298.15,K,-1.00037387819932
COC1=CC(=CC(=C1OC)OC)C(=O)O,CCCCCCCO,298.15,K,-1.05288901986593
COC1=CC(=CC(=C1OC)OC)C(=O)O,CCCCCCO,298.15,K,-0.995850059039018
COC1=CC(=CC(=C1OC)OC)C(=O)O,CCCC(=O)OC,298.15,K,-0.954572705079889
COC1=CC(=CC(=C1OC)OC)C(=O)O,CC(C)CC(C)O,298.15,K,-0.995755951360282
COC1=CC(=CC(=C1OC)OC)C(=O)O,CC(C)O,298.15,K,-0.77172353377049
COC1=CC(=CC(=C1OC)OC)C(=O)O,CCCC(C)O,298.15,K,-0.892653204497632
COC1=CC(=CC(=C1OC)OC)C(=O)O,CCC(C)O,298.15,K,-0.814949249684935
COC1=CC(=CC(=C1OC)OC)C(=O)O,CCO,298.15,K,-0.609839045691512
COC1=CC(=CC(=C1OC)OC)C(=O)O,CO,298.15,K,-0.430043117615672
COC1=CC(=CC(=C1OC)OC)C(=O)O,CCOC(C)=O,298.15,K,-0.778409921525418
COC1=CC(=CC(=C1OC)OC)C(=O)O,COC(C)=O,298.15,K,-0.676404450731977
COC1=CC(=CC(=C1OC)OC)C(=O)O,CC(C)(C)O,298.15,K,-0.641367967115176
COC1=CC(=CC(=C1OC)OC)C(=O)O,CCCOCCO,298.15,K,-0.46628153879048
COC1=CC(=CC(=C1OC)OC)C(=O)O,CC(C)OCCO,298.15,K,-0.431835678542462
COC1=CC(=CC(=C1OC)OC)C(=O)O,CCCCOCCO,298.15,K,-0.422100131546551
COC1=CC(=CC(=C1OC)OC)C(=O)O,CCOCCO,298.15,K,-0.267300512222066
COC1=CC(=CC(=C1OC)OC)C(=O)O,C1COCCO1,298.15,K,-0.158310196620332
COC1=CC(=CC(=C1OC)OC)C(=O)O,C1CCOC1,298.15,K,-0.001111545333958
CC1=CN=C(C=[N+]1[O-])C(=O)O,CC#N,298.15,K,-1.651
CC1=CN=C(C=[N+]1[O-])C(=O)O,CC(C)=O,298.15,K,-1.523
CC1=CN=C(C=[N+]1[O-])C(=O)O,CO,298.15,K,-1.097
CC1=CN=C(C=[N+]1[O-])C(=O)O,CO,283.15,K,-1.27645648855857
CC1=CN=C(C=[N+]1[O-])C(=O)O,CO,288.15,K,-1.21516136741451
CC1=CN=C(C=[N+]1[O-])C(=O)O,CO,293.15,K,-1.15125293812426
CC1=CN=C(C=[N+]1[O-])C(=O)O,CO,298.15,K,-1.09014447695006
CC1=CN=C(C=[N+]1[O-])C(=O)O,CO,303.15,K,-1.02913886594927
CC1=CN=C(C=[N+]1[O-])C(=O)O,CO,308.15,K,-0.966683058702492
CC1=CN=C(C=[N+]1[O-])C(=O)O,CO,313.15,K,-0.901765051342214
CC1=CN=C(C=[N+]1[O-])C(=O)O,CO,318.15,K,-0.840811000155987
CC(C)(C)C1=CC=C(C=C1)C(=O)O,CC#N,298.15,K,-0.685230805950664
CC(C)(C)C1=CC=C(C=C1)C(=O)O,CCC#N,298.15,K,-0.579301241218833
CC(C)(C)C1=CC=C(C=C1)C(=O)O,CC(C)CO,298.15,K,-0.290864678925455
CC(C)(C)C1=CC=C(C=C1)C(=O)O,CC(C)O,298.15,K,-0.201318899751713
CC(C)(C)C1=CC=C(C=C1)C(=O)O,CCCCCOC(C)=O,298.15,K,-0.395071108227344
CC(C)(C)C1=CC=C(C=C1)C(=O)O,CC(C)CCO,298.15,K,-0.249129724567025
CC(C)(C)C1=CC=C(C=C1)C(=O)O,CCC(C)O,298.15,K,-0.163661620566611
CC(C)(C)C1=CC=C(C=C1)C(=O)O,COC(C)=O,298.15,K,-0.099645529082059
CC(C)(C)C1=CC=C(C=C1)C(=O)O,CCO,298.15,K,0.053490464197867
CC(C)(C)C1=CC=C(C=C1)C(=O)O,CCCOC(C)=O,298.15,K,-0.225119180700932
CC(C)(C)C1=CC=C(C=C1)C(=O)O,CC(C)(C)O,298.15,K,-0.133908691088177
CC(C)(C)C1=CC=C(C=C1)C(=O)O,CCCO,298.15,K,-0.019281524443736
CC(C)(C)C1=CC=C(C=C1)C(=O)O,CCCCOC(C)=O,298.15,K,-0.25878216086261
CC(C)(C)C1=CC=C(C=C1)C(=O)O,CCOC(C)=O,298.15,K,-0.116467886088194
CC(C)(C)C1=CC=C(C=C1)C(=O)O,CCCCO,298.15,K,-0.065896328904324
CC(C)(C)C1=CC=C(C=C1)C(=O)O,CCCCCO,298.15,K,-0.134117049376016
CC(C)(C)C1=CC=C(C=C1)C(=O)O,CCCCCCO,298.15,K,-0.182834029741404
CC(C)(C)C1=CC=C(C=C1)C(=O)O,CCCCCCCO,298.15,K,-0.192118870736501
CC(C)(C)C1=CC=C(C=C1)C(=O)O,CCCCOCCO,298.15,K,-0.034045314309809
CC(C)(C)C1=CC=C(C=C1)C(=O)O,CCCOCCO,298.15,K,0.069083914679589
CC(C)(C)C1=CC=C(C=C1)C(=O)O,CCOCCO,298.15,K,0.18985628658588
CC(C)(C)C1=CC=C(C=C1)C(=O)O,C1COCCO1,298.15,K,0.31056703544993
O=C(C)CC(NC1=CC=CC=C1)=O,CCCCOCCCC,298.15,K,-1.61621904124215
O=C(C)CC(NC1=CC=CC=C1)=O,CC(C)OC(C)C,298.15,K,-1.5216610378784
O=C(C)CC(NC1=CC=CC=C1)=O,CC(C)O,298.15,K,-0.851705115933243
O=C(C)CC(NC1=CC=CC=C1)=O,CC(C)CO,298.15,K,-0.916107932752751
O=C(C)CC(NC1=CC=CC=C1)=O,COC(C)(C)C,298.15,K,-1.01111548399821
O=C(C)CC(NC1=CC=CC=C1)=O,CC(C)CC(C)O,298.15,K,-1.0313511943527
O=C(C)CC(NC1=CC=CC=C1)=O,CC(C)CCO,298.15,K,-0.931257027306541
O=C(C)CC(NC1=CC=CC=C1)=O,CCCCCCO,298.15,K,-0.973883148770927
O=C(C)CC(NC1=CC=CC=C1)=O,CC(C)(C)O,298.15,K,-0.844046180125491
O=C(C)CC(NC1=CC=CC=C1)=O,CCC(C)O,298.15,K,-0.830751022459268
O=C(C)CC(NC1=CC=CC=C1)=O,CCC(C)(C)O,298.15,K,-0.885938503850555
O=C(C)CC(NC1=CC=CC=C1)=O,CCCCCCCO,298.15,K,-0.984322273734255
O=C(C)CC(NC1=CC=CC=C1)=O,CCCCCO,298.15,K,-0.862302444999702
O=C(C)CC(NC1=CC=CC=C1)=O,CCCCO,298.15,K,-0.741580177781321
O=C(C)CC(NC1=CC=CC=C1)=O,CCO,298.15,K,-0.493057151788875
O=C(C)CC(NC1=CC=CC=C1)=O,CCCO,298.15,K,-0.587135513756255
O=C(C)CC(NC1=CC=CC=C1)=O,CCCCCOC(C)=O,298.15,K,-0.457422426523346
O=C(C)CC(NC1=CC=CC=C1)=O,CCCCOC(C)=O,298.15,K,-0.331320964119685
O=C(C)CC(NC1=CC=CC=C1)=O,CCCOC(C)=O,298.15,K,-0.233130355305181
O=C(C)CC(NC1=CC=CC=C1)=O,CCCC(=O)OC,298.15,K,-0.224585420623746
O=C(C)CC(NC1=CC=CC=C1)=O,CCOC(C)=O,298.15,K,-0.044949050241465
O=C(C)CC(NC1=CC=CC=C1)=O,COC(C)=O,298.15,K,0.097206503508948
O=C(C)CC(NC1=CC=CC=C1)=O,CCC#N,298.15,K,0.272210532709764
C1=CC=C2C(=C1)C(=O)C3=CC=CC=C3O2,CCC(C)O,298.15,K,-1.59139806489716
C1=CC=C2C(=C1)C(=O)C3=CC=CC=C3O2,CCO,298.15,K,-1.37245754027414
C1=CC=C2C(=C1)C(=O)C3=CC=CC=C3O2,CC(C)O,298.15,K,-1.45279758359252
C1=CC=C2C(=C1)C(=O)C3=CC=CC=C3O2,CCCO,298.15,K,-1.38347508776543
C1=CC=C2C(=C1)C(=O)C3=CC=CC=C3O2,CC(C)OC(C)C,298.15,K,-1.5895081637096
C1=CC=C2C(=C1)C(=O)C3=CC=CC=C3O2,CC(C)CO,298.15,K,-1.39993689066024
C1=CC=C2C(=C1)C(=O)C3=CC=CC=C3O2,CC(C)(C)O,298.15,K,-1.38604056208851
C1=CC=C2C(=C1)C(=O)C3=CC=CC=C3O2,CCCCO,298.15,K,-1.32451926109796
C1=CC=C2C(=C1)C(=O)C3=CC=CC=C3O2,CC(C)CCO,298.15,K,-1.38653111216712
C1=CC=C2C(=C1)C(=O)C3=CC=CC=C3O2,CCC(C)(C)O,298.15,K,-1.37118991783018
C1=CC=C2C(=C1)C(=O)C3=CC=CC=C3O2,CC(C)CC(C)O,298.15,K,-1.42517465604883
C1=CC=C2C(=C1)C(=O)C3=CC=CC=C3O2,CCCCCO,298.15,K,-1.30799082708087
C1=CC=C2C(=C1)C(=O)C3=CC=CC=C3O2,CCCCC(CC)CO,298.15,K,-1.41936818408204
C1=CC=C2C(=C1)C(=O)C3=CC=CC=C3O2,CCCCCCO,298.15,K,-1.28368968087251
C1=CC=C2C(=C1)C(=O)C3=CC=CC=C3O2,CCOCCO,298.15,K,-1.11677358992137
C1=CC=C2C(=C1)C(=O)C3=CC=CC=C3O2,CCCCCCCO,298.15,K,-1.24362167362201
C1=CC=C2C(=C1)C(=O)C3=CC=CC=C3O2,CCCCCCCCO,298.15,K,-1.24519388437978
C1=CC=C2C(=C1)C(=O)C3=CC=CC=C3O2,COC(C)=O,298.15,K,-0.850152836861908
C1=CC=C2C(=C1)C(=O)C3=CC=CC=C3O2,CCOC(C)=O,298.15,K,-0.906210786810424
C1=CC=C2C(=C1)C(=O)C3=CC=CC=C3O2,CCCOC(C)=O,298.15,K,-0.962919632169624
C1=CC=C2C(=C1)C(=O)C3=CC=CC=C3O2,CCCCOC(C)=O,298.15,K,-1.00352696488784
C1=CC=C2C(=C1)C(=O)C3=CC=CC=C3O2,CCCCCOC(C)=O,298.15,K,-0.954980321977598
C1=CN=C(N=C1)NS(=O)(=O)C2=CC=C(C=C2)N,CC#N,293.15,K,-1.99262280589619
C1=CN=C(N=C1)NS(=O)(=O)C2=CC=C(C=C2)N,CC#N,298.15,K,-1.93778442698851
C1=CN=C(N=C1)NS(=O)(=O)C2=CC=C(C=C2)N,CC#N,303.15,K,-1.90172912924127
C1=CN=C(N=C1)NS(=O)(=O)C2=CC=C(C=C2)N,CC#N,308.15,K,-1.83880111381297
C1=CN=C(N=C1)NS(=O)(=O)C2=CC=C(C=C2)N,CC#N,313.15,K,-1.7939689283368
CC(=O)NC1=CC=C(C=C1)O,CCCO,293.15,K,-0.251086150231694
CC(=O)NC1=CC=C(C=C1)O,CCCO,298.15,K,-0.218368484765975
CC(=O)NC1=CC=C(C=C1)O,CCCO,303.15,K,-0.184358540083413
CC(=O)NC1=CC=C(C=C1)O,CCCO,308.15,K,-0.134897625566599
CC(=O)NC1=CC=C(C=C1)O,CCCO,313.15,K,-0.10302672318145
COC(=O)C1=CC=C(C=C1)O,CC#N,278.15,K,-0.450989561246887
COC(=O)C1=CC=C(C=C1)O,CC#N,293.15,K,-0.058047610126409
COC(=O)C1=CC=C(C=C1)O,CC#N,283.15,K,-0.308483104965763
COC(=O)C1=CC=C(C=C1)O,CC#N,313.15,K,0.476287793409345
COC(=O)C1=CC=C(C=C1)O,CC#N,288.15,K,-0.169035070821225
COC(=O)C1=CC=C(C=C1)O,CC#N,298.15,K,0.125886449760661
COC(=O)C1=CC=C(C=C1)O,CC#N,303.15,K,0.254648158626138
COC(=O)C1=CC=C(C=C1)O,CC#N,308.15,K,0.3773648628962
COC(=O)C1=CC=C(C=C1)O,CC#N,318.15,K,0.625681379049249
CC1=C(C=C(C=C1)C(=O)O)[N+](=O)[O-],CC#N,298.15,K,-0.799559030834718
CC1=C(C=C(C=C1)C(=O)O)[N+](=O)[O-],CC(C)OC(C)C,298.15,K,-1.10853914494426
CC1=C(C=C(C=C1)C(=O)O)[N+](=O)[O-],CCC(C)CO,298.15,K,-0.776537813625264
CC1=C(C=C(C=C1)C(=O)O)[N+](=O)[O-],CC(C)CO,298.15,K,-0.674227243130083
CC1=C(C=C(C=C1)C(=O)O)[N+](=O)[O-],CC(C)CCO,298.15,K,-0.686374892959067
CC1=C(C=C(C=C1)C(=O)O)[N+](=O)[O-],CCOCC,298.15,K,-0.629533217653601
CC1=C(C=C(C=C1)C(=O)O)[N+](=O)[O-],CCCCC(CC)CO,298.15,K,-0.803546801300666
CC1=C(C=C(C=C1)C(=O)O)[N+](=O)[O-],CCCCO,298.15,K,-0.541847328786746
CC1=C(C=C(C=C1)C(=O)O)[N+](=O)[O-],CC(C)O,298.15,K,-0.462248454751865
CC1=C(C=C(C=C1)C(=O)O)[N+](=O)[O-],CCCO,298.15,K,-0.437657850589683
CC1=C(C=C(C=C1)C(=O)O)[N+](=O)[O-],CO,298.15,K,-0.166847736073556
CC1=C(C=C(C=C1)C(=O)O)[N+](=O)[O-],CCCCCOC(C)=O,298.15,K,-0.731534920868598
CC1=C(C=C(C=C1)C(=O)O)[N+](=O)[O-],CCCCCO,298.15,K,-0.588933891230917
CC1=C(C=C(C=C1)C(=O)O)[N+](=O)[O-],CCCCCCO,298.15,K,-0.651677625643037
CC1=C(C=C(C=C1)C(=O)O)[N+](=O)[O-],CCC(C)O,298.15,K,-0.511302711801908
CC1=C(C=C(C=C1)C(=O)O)[N+](=O)[O-],CC(C)CC(C)O,298.15,K,-0.644862382398852
CC1=C(C=C(C=C1)C(=O)O)[N+](=O)[O-],CCO,298.15,K,-0.302822630954864
CC1=C(C=C(C=C1)C(=O)O)[N+](=O)[O-],CCCC(C)O,298.15,K,-0.566866009507548
CC1=C(C=C(C=C1)C(=O)O)[N+](=O)[O-],CCCCCCCO,298.15,K,-0.678095735133956
CC1=C(C=C(C=C1)C(=O)O)[N+](=O)[O-],CCCCCCCCO,298.15,K,-0.725057276451329
CC1=C(C=C(C=C1)C(=O)O)[N+](=O)[O-],CCCCOC(C)=O,298.15,K,-0.640537081497804
CC1=C(C=C(C=C1)C(=O)O)[N+](=O)[O-],COC(C)=O,298.15,K,-0.40586557983863
CC1=C(C=C(C=C1)C(=O)O)[N+](=O)[O-],CCCCCCCCCCO,298.15,K,-0.781841084076596
CC1=C(C=C(C=C1)C(=O)O)[N+](=O)[O-],CCOC(C)=O,298.15,K,-0.489292683784961
CC1=C(C=C(C=C1)C(=O)O)[N+](=O)[O-],C1COCCO1,298.15,K,0.123450698740325
CC1=C(C=C(C=C1)C(=O)O)[N+](=O)[O-],C1CCOC1,298.15,K,0.325509151206122
C1=CC(=C(C=C1N)C(=O)O)O,CCO,298.15,K,-2.98799507536885
C1=CC(=C(C=C1N)C(=O)O)O,CCO,303.15,K,-2.94526918535336
C1=CC(=C(C=C1N)C(=O)O)O,CCO,308.15,K,-2.88880534075873
C1=CC(=C(C=C1N)C(=O)O)O,CCO,313.15,K,-2.85375661229779
C1=CC(=C(C=C1N)C(=O)O)O,CCO,293.15,K,-3.04578372429422
C1=CC=C2C=C3C=CC=CC3=CC2=C1,CCOC(=O)OCC,298.15,K,-1.34273973923007
COC1=CC=C(C=C1)C(=O)O,CCOC(=O)OCC,298.15,K,-1.30234431142496
COC1=CC(=CC(=C1OC)OC)C(=O)O,CCOC(=O)OCC,298.15,K,-1.2362117503149
C1=CC=C2C(=C1)C(=O)C3=C(C2=O)C(=CC=C3)Cl,CCOC(=O)OCC,298.15,K,-1.19042858248418
C1=CC(=C(C=C1C(=O)O)Cl)Cl,CCOC(=O)OCC,298.15,K,-1.17163292444861
CC1=C(C=C(C=C1)C(=O)O)[N+](=O)[O-],CCOC(=O)OCC,298.15,K,-0.987829119740499
C1=CC(=C(C=C1C(=O)O)[N+](=O)[O-])Cl,CCOC(=O)OCC,298.15,K,-0.953442664646524
CC(=O)OC1=CC=CC=C1C(=O)O,CCOC(=O)OCC,298.15,K,-0.719073072956045
C1=CC(=C(C=C1[N+](=O)[O-])C(=O)O)Cl,CCOC(=O)OCC,298.15,K,-0.579519291556731
CC(C)(C)C1=CC=C(C=C1)C(=O)O,CCOC(=O)OCC,298.15,K,-0.547307735442869
C1=CC=C(C(=C1)C(=O)N)O,CCOC(=O)OCC,298.15,K,-0.505904585088542
C1=CC=C2C(=C1)NC3=CC=CC=C3S2,CCOC(=O)OCC,298.15,K,-0.49127694681542
C1=CC2=C3C(=C1)C=CC4=CC=CC(=C43)C=C2,CCOC(=O)OCC,298.15,K,-0.408890528873998
CC1=CC(=CC=C1)C(=O)O,CCOC(=O)OCC,298.15,K,-0.061529248687056
CC1=CC=CC=C1C(=O)O,CCOC(=O)OCC,298.15,K,-0.039285325316077
C1=CC=C(C=C1)C(C(=O)C2=CC=CC=C2)O,CCOC(=O)OCC,298.15,K,0.004439616492456
C1=CC=C(C=C1)C(=O)O,CCOC(=O)OCC,298.15,K,0.017695879480288
C1=CC=C(C=C1)C(=O)C(=O)C2=CC=CC=C2,CCOC(=O)OCC,298.15,K,0.102723366079583
C1=CC=C(C=C1)C2=CC=CC=C2,CCOC(=O)OCC,298.15,K,0.401877910366246
C1=CC(=C(C=C1Cl)[N+](=O)[O-])Cl,CCOC(=O)OCC,298.15,K,0.808628617523746
C1=CC=C2C=C3C=CC=CC3=CC2=C1,COC(=O)OC,298.15,K,-1.42685493410834
C1=CC(=C(C=C1C(=O)O)Cl)Cl,COC(=O)OC,298.15,K,-1.23170363561459
COC1=CC=C(C=C1)C(=O)O,COC(=O)OC,298.15,K,-1.12543091850565
O=C(C1=C2C=CC=C1)C3=CC=CC(Cl)=C3C2=O,COC(=O)OC,298.15,K,-1.0204078254963
COC1=CC(=CC(=C1OC)OC)C(=O)O,COC(=O)OC,298.15,K,-0.968110627639747
C1=CC=C(C=C1)C(C(=O)C2=CC=CC=C2)O,COC(=O)OC,298.15,K,-0.838759562951529
C1=CC(=C(C=C1C(=O)O)[N+](=O)[O-])Cl,COC(=O)OC,298.15,K,-0.772131736299153
C1=CC2=C3C(=C1)C=CC4=CC=CC(=C43)C=C2,COC(=O)OC,298.15,K,-0.535364013503575
C1=CC=C2C(=C1)NC3=CC=CC=C3S2,COC(=O)OC,298.15,K,-0.52671120493536
CC(C)(C)C1=CC=C(C=C1)C(=O)O,COC(=O)OC,298.15,K,-0.392060293963925
C1=CC=C(C(=C1)C(=O)N)O,COC(=O)OC,298.15,K,-0.302066727754537
C1=CC=C(C(=C1)C(=O)O)O,COC(=O)OC,298.15,K,-0.161503326945604
C1CC2=CC=CC3=C2C1=CC=C3,COC(=O)OC,298.15,K,-0.103033764352537
CC1=CC(=CC=C1)C(=O)O,COC(=O)OC,298.15,K,-0.036007707217121
C1C2=CC=CC=C2OC3=CC=CC=C31,COC(=O)OC,298.15,K,-0.027038674938732
CC1=CC=CC=C1C(=O)O,COC(=O)OC,298.15,K,-0.024423068030494
C1=CC=C(C=C1)C(=O)O,COC(=O)OC,298.15,K,0.105179121993246
C1=CC=C(C=C1)C(=O)C(=O)C2=CC=CC=C2,COC(=O)OC,298.15,K,0.254763895900926
C1=CC=C(C=C1)C2=CC=CC=C2,COC(=O)OC,298.15,K,0.693693716377895
CC(=O)N1CCN(CC1)C2=CC=C(C=C2)OC[C@H]3CO[C@](O3)(CN4C=CN=C4)C5=C(C=C(C=C5)Cl)Cl,CC#N,293.15,K,-1.80725384127953
CC(=O)N1CCN(CC1)C2=CC=C(C=C2)OC[C@H]3CO[C@](O3)(CN4C=CN=C4)C5=C(C=C(C=C5)Cl)Cl,CC#N,298.15,K,-1.69599689440258
CC(=O)N1CCN(CC1)C2=CC=C(C=C2)OC[C@H]3CO[C@](O3)(CN4C=CN=C4)C5=C(C=C(C=C5)Cl)Cl,CC#N,303.15,K,-1.58817673636338
CC(=O)N1CCN(CC1)C2=CC=C(C=C2)OC[C@H]3CO[C@](O3)(CN4C=CN=C4)C5=C(C=C(C=C5)Cl)Cl,CC#N,308.15,K,-1.50499717582486
CC(=O)N1CCN(CC1)C2=CC=C(C=C2)OC[C@H]3CO[C@](O3)(CN4C=CN=C4)C5=C(C=C(C=C5)Cl)Cl,CC#N,313.15,K,-1.43164267960118
C1=CC(=C(C=C1N)C(=O)O)O,CC#N,293.15,K,-3.73064847836108
C1=CC(=C(C=C1N)C(=O)O)O,CC#N,298.15,K,-3.62072700052806
C1=CC(=C(C=C1N)C(=O)O)O,CC#N,303.15,K,-3.5436425056252
C1=CC(=C(C=C1N)C(=O)O)O,CC#N,308.15,K,-3.45427351095755
C1=CC(=C(C=C1N)C(=O)O)O,CC#N,313.15,K,-3.37916857325007
C1=CN=C(N=C1)NS(=O)(=O)C2=CC=C(C=C2)N,CCOCCOCCO,313.15,K,-1.34172529668004
C1=CN=C(N=C1)NS(=O)(=O)C2=CC=C(C=C2)N,CCOCCOCCO,278.15,K,-1.32303978811957
C1=CN=C(N=C1)NS(=O)(=O)C2=CC=C(C=C2)N,CCOCCOCCO,303.15,K,-1.32428951902065
C1=CN=C(N=C1)NS(=O)(=O)C2=CC=C(C=C2)N,CCOCCOCCO,298.15,K,-1.29451473621234
C1=CN=C(N=C1)NS(=O)(=O)C2=CC=C(C=C2)N,CCOCCOCCO,283.15,K,-1.31354488389273
C1=CN=C(N=C1)NS(=O)(=O)C2=CC=C(C=C2)N,CCOCCOCCO,293.15,K,-1.31564859291288
C1=CN=C(N=C1)NS(=O)(=O)C2=CC=C(C=C2)N,CCOCCOCCO,288.15,K,-1.30433377243896
C1=CN=C(N=C1)NS(=O)(=O)C2=CC=C(C=C2)N,CCOCCOCCO,308.15,K,-1.30739890171588
CC(=O)N1CCN(CC1)C2=CC=C(C=C2)OC[C@H]3CO[C@](O3)(CN4C=CN=C4)C5=C(C=C(C=C5)Cl)Cl,CCO,293.15,K,-0.156467264746628
CC(=O)N1CCN(CC1)C2=CC=C(C=C2)OC[C@H]3CO[C@](O3)(CN4C=CN=C4)C5=C(C=C(C=C5)Cl)Cl,CCO,298.15,K,-0.05912711178798
CC(=O)N1CCN(CC1)C2=CC=C(C=C2)OC[C@H]3CO[C@](O3)(CN4C=CN=C4)C5=C(C=C(C=C5)Cl)Cl,CCO,303.15,K,-0.020209526484739
CC(=O)N1CCN(CC1)C2=CC=C(C=C2)OC[C@H]3CO[C@](O3)(CN4C=CN=C4)C5=C(C=C(C=C5)Cl)Cl,CCO,308.15,K,0.073303630984497
C1=CC(=C(C(=C1)Cl)Cl)C2=C(N=C(N=N2)N)N,CCOCCOCCO,303.15,K,-0.343227870431524
C1=CC(=C(C(=C1)Cl)Cl)C2=C(N=C(N=N2)N)N,CCOCCOCCO,293.15,K,-0.491134439039942
C1=CC(=C(C(=C1)Cl)Cl)C2=C(N=C(N=N2)N)N,CCOCCOCCO,298.15,K,-0.397207839900212
C1=CC(=C(C(=C1)Cl)Cl)C2=C(N=C(N=N2)N)N,CCOCCOCCO,308.15,K,-0.279101861054279
C1=CC(=C(C(=C1)Cl)Cl)C2=C(N=C(N=N2)N)N,CCOCCOCCO,313.15,K,-0.218429122330235
C1=CC=C2C(=C1)C3=CC=CC=C3S2(=O)=O,O=C1CCCO1,320.3,K,-0.29631181218963
C1=CC=C2C(=C1)C3=CC=CC=C3S2(=O)=O,O=C1CCCO1,334.8,K,-0.163197548110162
C1=CC=C2C(=C1)C3=CC=CC=C3S2(=O)=O,O=C1CCCO1,346.9,K,-0.058409001437046
C1=CC=C2C(=C1)C3=CC=CC=C3S2(=O)=O,O=C1CCCO1,351.6,K,0.01198712155371
C1=CC=C2C(=C1)C3=CC=CC=C3S2(=O)=O,O=C1CCCO1,352.7,K,0.023780855894372
C1=CC=C2C(=C1)C3=CC=CC=C3S2(=O)=O,O=C1CCCO1,355.9,K,0.064219781889647
C1=CC=C2C(=C1)C3=CC=CC=C3S2(=O)=O,O=C1CCCO1,358.2,K,0.09907461865686
C1=CC=C2C(=C1)C3=CC=CC=C3S2(=O)=O,O=C1CCCO1,360.8,K,0.143794793456717
C1=CC=C2C(=C1)C3=CC=CC=C3S2(=O)=O,O=C1CCCO1,363.2,K,0.199126483075079
C1=CC=C2C(=C1)C3=CC=CC=C3S2(=O)=O,O=C1CCCO1,363.7,K,0.212435213491903
C1=CC=C2C(=C1)C3=CC=CC=C3S2,CCCCCCCCCCCCCC,278.2,K,-1.03685251251114
C1=CC=C2C(=C1)C3=CC=CC=C3S2,CCCCCCCCCCCCCC,283.9,K,-0.920644220917544
C1=CC=C2C(=C1)C3=CC=CC=C3S2,CCCCCCCCCCCCCC,291.0,K,-0.794070352868649
C1=CC=C2C(=C1)C3=CC=CC=C3S2,CCCCCCCCCCCCCC,298.3,K,-0.673192024603113
C1=CC=C2C(=C1)C3=CC=CC=C3S2,CCCCCCCCCCCCCC,316.1,K,-0.398367526969151
C1=CC=C2C(=C1)C3=CC=CC=C3S2,CCCCCCCCCCCCCC,337.2,K,-0.025646200113905
C1=CC=C2C(=C1)C3=CC=CC=C3S2,CCCCCCCCCCCCCC,346.7,K,0.195269441699595
C1=CC=C2C(=C1)C3=CC=CC=C3S2,CCCCCCCCCCCCCC,352.6,K,0.383635556086342
C1=CC=C2C(=C1)C3=CC=CC=C3S2,CCCCCCCCCCCCCC,356.2,K,0.55238026929189
C1=CC=C2C(=C1)C3=CC=CC=C3S2,CCCCCCCCCCCCCCCC,291.1,K,-1.67734175821615
C1=CC=C2C(=C1)C3=CC=CC=C3S2,CCCCCCCCCCCCCCCC,290.9,K,-1.19237278416729
C1=CC=C2C(=C1)C3=CC=CC=C3S2,CCCCCCCCCCCCCCCC,290.8,K,-0.967464812265226
C1=CC=C2C(=C1)C3=CC=CC=C3S2,CCCCCCCCCCCCCCCC,290.6,K,-0.815758594187814
C1=CC=C2C(=C1)C3=CC=CC=C3S2,CCCCCCCCCCCCCCCC,290.6,K,-0.803177208250939
C1=CC=C2C(=C1)C3=CC=CC=C3S2,CCCCCCCCCCCCCCCC,290.7,K,-0.7909589739408
C1=CC=C2C(=C1)C3=CC=CC=C3S2,CCCCCCCCCCCCCCCC,291.0,K,-0.779120468402598
C1=CC=C2C(=C1)C3=CC=CC=C3S2,CCCCCCCCCCCCCCCC,292.2,K,-0.767920776682425
C1=CC=C2C(=C1)C3=CC=CC=C3S2,CCCCCCCCCCCCCCCC,293.0,K,-0.756840949313734
C1=CC=C2C(=C1)C3=CC=CC=C3S2,CCCCCCCCCCCCCCCC,293.7,K,-0.741443338413618
C1=CC=C2C(=C1)C3=CC=CC=C3S2,CCCCCCCCCCCCCCCC,304.4,K,-0.576749447743569
C1=CC=C2C(=C1)C3=CC=CC=C3S2,CCCCCCCCCCCCCCCC,315.0,K,-0.424933631204844
C1=CC=C2C(=C1)C3=CC=CC=C3S2,CCCCCCCCCCCCCCCC,319.9,K,-0.341355724597588
C1=CC=C2C(=C1)C3=CC=CC=C3S2,CCCCCCCCCCCCCCCC,331.5,K,-0.144790978791607
C1=CC=C2C(=C1)C3=CC=CC=C3S2,CCCCCCCCCCCCCCCC,334.7,K,-0.084406542491216
C1=CC=C2C(=C1)C3=CC=CC=C3S2,CCCCCCCCCCCCCCCC,341.5,K,0.052717926901623
C1=CC=C2C(=C1)C3=CC=CC=C3S2,CCCCCCCCCCCCCCCC,350.9,K,0.286817348676942
C1=CC=C2C(=C1)C3=CC=CC=C3S2,CC#N,303.7,K,-0.418399759574827
C1=CC=C2C(=C1)C3=CC=CC=C3S2,CC#N,323.1,K,0.003129545037776
C1=CC=C2C(=C1)C3=CC=CC=C3S2,CC#N,332.0,K,0.311641595514413
C1=CC=C2C(=C1)C3=CC=CC=C3S2,CC#N,338.1,K,0.645742090638741
C1=CC=C2C(=C1)C3=CC=CC=C3S2,CC#N,341.8,K,0.900662872236144
C1=CC=C2C(=C1)C3=CC=CC=C3S2,CC#N,344.8,K,1.06301311462362
C1=CC=C2C(=C1)C3=CC=CC=C3S2,CC#N,347.1,K,1.17731084637514
C1=CC=C2C(=C1)C3=CC=CC=C3S2,O=C1CCCO1,281.3,K,-0.073515095615807
C1=CC=C2C(=C1)C3=CC=CC=C3S2,O=C1CCCO1,289.7,K,0.035834606869223
C1=CC=C2C(=C1)C3=CC=CC=C3S2,O=C1CCCO1,300.1,K,0.18339130559034
C1=CC=C2C(=C1)C3=CC=CC=C3S2,O=C1CCCO1,307.9,K,0.306171743254238
C1=CC=C2C(=C1)C3=CC=CC=C3S2,O=C1CCCO1,314.6,K,0.412511878602742
C1=CC=C2C(=C1)C3=CC=CC=C3S2,O=C1CCCO1,320.2,K,0.509204577520921
C1=CC=C2C(=C1)C3=CC=CC=C3S2,O=C1CCCO1,325.2,K,0.599423501731165
C1=CC=C2C(=C1)C3=CC=CC=C3S2,O=C1CCCO1,329.4,K,0.682908021325358
C1=CC=C2C(=C1)C3=CC=CC=C3S2,O=C1CCCO1,337.6,K,0.856800885411315
C1=CC=C2C(=C1)C3=CC=CC=C3S2,O=C1CCCO1,344.6,K,1.03470862370714
C1=CC=C2C(=C1)C3=CC=CC=C3S2,C1CCCCC1,309.3,K,-0.324499674585984
C1=CC=C2C(=C1)C3=CC=CC=C3S2,C1CCCCC1,321.1,K,-0.068951707566094
C1=CC=C2C(=C1)C3=CC=CC=C3S2,C1CCCCC1,328.8,K,0.118052324305385
C1=CC=C2C(=C1)C3=CC=CC=C3S2,C1CCCCC1,335.6,K,0.338181065645314
C1=CC=C2C(=C1)C3=CC=CC=C3S2,C1CCCCC1,349.6,K,0.921674513658384
C1(=NC(=NC(=N1)N)N)N,OCCO,311.23,K,-0.676948454999274
C1(=NC(=NC(=N1)N)N)N,OCCO,319.3,K,-0.669559907412485
C1(=NC(=NC(=N1)N)N)N,OCCO,326.3,K,-0.66246407395117
C1(=NC(=NC(=N1)N)N)N,OCCO,339.65,K,-0.640822558884949
C1(=NC(=NC(=N1)N)N)N,OCCO,341.75,K,-0.635703526953046
C1(=NC(=NC(=N1)N)N)N,OCCO,346.53,K,-0.620022034402393
C1(=NC(=NC(=N1)N)N)N,OCCO,347.15,K,-0.61795557925974
C1(=NC(=NC(=N1)N)N)N,OCCO,347.7,K,-0.616835296525719
C1(=NC(=NC(=N1)N)N)N,OCCO,350.97,K,-0.609252385922229
C1(=NC(=NC(=N1)N)N)N,OCCO,351.44,K,-0.597926373177034
C1(=NC(=NC(=N1)N)N)N,OCCO,353.4,K,-0.592737854443729
C1(=NC(=NC(=N1)N)N)N,CN(C)C=O,303.25,K,-2.07780307070093
C1(=NC(=NC(=N1)N)N)N,CN(C)C=O,320.6,K,-1.89199874673166
C1(=NC(=NC(=N1)N)N)N,CN(C)C=O,324.86,K,-1.85553626537374
C1(=NC(=NC(=N1)N)N)N,CN(C)C=O,325.25,K,-1.85256914494985
C1(=NC(=NC(=N1)N)N)N,CN(C)C=O,332.4,K,-1.79278684575801
C1(=NC(=NC(=N1)N)N)N,CN(C)C=O,335.25,K,-1.76716401165405
C1(=NC(=NC(=N1)N)N)N,CN(C)C=O,338.13,K,-1.74159776811831
C1(=NC(=NC(=N1)N)N)N,CN(C)C=O,340.85,K,-1.7167688107666
C1(=NC(=NC(=N1)N)N)N,CN(C)C=O,351.55,K,-1.61740051244273
C1(=NC(=NC(=N1)N)N)N,CN(C)C=O,351.63,K,-1.61547257770784
C1(=NC(=NC(=N1)N)N)N,CN(C)C=O,354.75,K,-1.58871651121146
C1(=NC(=NC(=N1)N)N)N,CN(C)C=O,356.8,K,-1.56918619210764
C1(=NC(=NC(=N1)N)N)N,CN(C)C=O,363.35,K,-1.50819255685094
C1(=NC(=NC(=N1)N)N)N,CC(=O)N(C)C,322.75,K,-2.31023653915319
C1(=NC(=NC(=N1)N)N)N,CC(=O)N(C)C,325.25,K,-2.25626064017703
C1(=NC(=NC(=N1)N)N)N,CC(=O)N(C)C,329.45,K,-2.16472348274143
C1(=NC(=NC(=N1)N)N)N,CC(=O)N(C)C,333.77,K,-2.08012022153167
C1(=NC(=NC(=N1)N)N)N,CC(=O)N(C)C,337.45,K,-2.00815194380279
C1(=NC(=NC(=N1)N)N)N,CC(=O)N(C)C,340.55,K,-1.94780310626012
C1(=NC(=NC(=N1)N)N)N,CC(=O)N(C)C,342.39,K,-1.91246524194143
C1(=NC(=NC(=N1)N)N)N,CC(=O)N(C)C,343.8,K,-1.88513953552511
C1(=NC(=NC(=N1)N)N)N,CC(=O)N(C)C,344.95,K,-1.86292374133398
C1(=NC(=NC(=N1)N)N)N,CC(=O)N(C)C,348.4,K,-1.79618868041757
C1(=NC(=NC(=N1)N)N)N,CC(=O)N(C)C,350.76,K,-1.75080809872329
C1(=NC(=NC(=N1)N)N)N,CC(=O)N(C)C,353.63,K,-1.69582231232091
C1(=NC(=NC(=N1)N)N)N,CC(=O)N(C)C,355.03,K,-1.66896042042322
C1(=NC(=NC(=N1)N)N)N,CC(=O)N(C)C,357.05,K,-1.63040392866972
C1(=NC(=NC(=N1)N)N)N,CC(=O)N(C)C,361.55,K,-1.54470457913079
C(CC(=O)O)[C@@H](C(=O)O)N,CCO,278.15,K,-3.48987447415096
C(CC(=O)O)[C@@H](C(=O)O)N,CCO,283.23,K,-3.31104342638173
C(CC(=O)O)[C@@H](C(=O)O)N,CCO,293.37,K,-3.1270208517962
C(CC(=O)O)[C@@H](C(=O)O)N,CCO,298.63,K,-2.91115923161463
C(CC(=O)O)[C@@H](C(=O)O)N,CCO,303.27,K,-2.72184213375823
C(CC(=O)O)[C@@H](C(=O)O)N,CCO,308.25,K,-2.5983432045804
C(CC(=O)O)[C@@H](C(=O)O)N,CCO,313.23,K,-2.39062271545371
C(CC(=O)O)[C@@H](C(=O)O)N,CCO,317.84,K,-2.21469994010044
C(CC(=O)O)[C@@H](C(=O)O)N,CCO,322.77,K,-3.06914643246502
C(CC(=O)O)[C@@H](C(=O)O)N,CCO,328.2,K,-2.96909126584475
C(CC(=O)O)[C@@H](C(=O)O)N,CCO,332.96,K,-2.80125116291079
C(CC(=O)O)[C@@H](C(=O)O)N,CCO,337.55,K,-2.59451250253727
C(CC(=O)O)[C@@H](C(=O)O)N,CCO,342.04,K,-2.46578844154672
C(CC(=O)O)[C@@H](C(=O)O)N,CCO,347.2,K,-2.27008257905929
C(CC(=O)O)[C@@H](C(=O)O)N,CS(C)=O,306.25,K,-3.74323416205835
C(CC(=O)O)[C@@H](C(=O)O)N,CS(C)=O,320.85,K,-3.44591394569082
C(CC(=O)O)[C@@H](C(=O)O)N,CS(C)=O,334.25,K,-3.13740628359047
C(CC(=O)O)[C@@H](C(=O)O)N,CS(C)=O,341.75,K,-2.88450135436038
C(CC(=O)O)[C@@H](C(=O)O)N,CS(C)=O,343.85,K,-2.80135594207547
C(CC(=O)O)[C@@H](C(=O)O)N,CS(C)=O,351.15,K,-2.63624564749875
C(CC(=O)O)[C@@H](C(=O)O)N,CS(C)=O,355.05,K,-2.50476744237566
C(CC(=O)O)[C@@H](C(=O)O)N,CC(C)=O,278.15,K,-3.34627705598813
C(CC(=O)O)[C@@H](C(=O)O)N,CC(C)=O,283.16,K,-3.12364202098448
C(CC(=O)O)[C@@H](C(=O)O)N,CC(C)=O,288.6,K,-2.8846693839521
C(CC(=O)O)[C@@H](C(=O)O)N,CC(C)=O,295.4,K,-2.54717679312942
C(CC(=O)O)[C@@H](C(=O)O)N,CC(C)=O,298.15,K,-2.44085399617247
C(CC(=O)O)[C@@H](C(=O)O)N,CC(C)=O,303.55,K,-2.1719387545948
C(CC(=O)O)[C@@H](C(=O)O)N,CC(C)=O,308.35,K,-2.01381099615918
C(CC(=O)O)[C@@H](C(=O)O)N,CC(C)=O,313.15,K,-1.79294611179378
C(CC(=O)O)[C@@H](C(=O)O)N,CC(C)=O,317.98,K,-1.58900820226439
C(CC(=O)O)[C@@H](C(=O)O)N,CC(C)=O,323.05,K,-1.44874448506192
C(CC(=O)O)[C@@H](C(=O)O)N,CC(C)=O,328.05,K,-1.22461044526599
C(CC(=O)O)[C@@H](C(=O)O)N,CCCO,294.13,K,-3.14669714690829
C(CC(=O)O)[C@@H](C(=O)O)N,CCCO,298.63,K,-2.94703393802709
C(CC(=O)O)[C@@H](C(=O)O)N,CCCO,303.45,K,-2.69786647551967
C(CC(=O)O)[C@@H](C(=O)O)N,CCCO,308.95,K,-2.36111712719786
C(CC(=O)O)[C@@H](C(=O)O)N,CCCO,313.15,K,-2.21417208000413
C(CC(=O)O)[C@@H](C(=O)O)N,CCCO,318.15,K,-1.99493135418877
C(CC(=O)O)[C@@H](C(=O)O)N,CCCO,323.15,K,-1.76057538199257
C(CC(=O)O)[C@@H](C(=O)O)N,CCCO,327.71,K,-1.54924629449839
C(CC(=O)O)[C@@H](C(=O)O)N,CCCO,332.15,K,-1.42382086891618
C(CC(=O)O)[C@@H](C(=O)O)N,O=CO,293.73,K,0.670365364121239
C(CC(=O)O)[C@@H](C(=O)O)N,O=CO,298.15,K,0.135238262770458
C(CC(=O)O)[C@@H](C(=O)O)N,O=CO,303.15,K,0.244173649880239
C(CC(=O)O)[C@@H](C(=O)O)N,O=CO,308.24,K,0.276589295696801
C(CC(=O)O)[C@@H](C(=O)O)N,O=CO,313.04,K,0.317915988094501
C(CC(=O)O)[C@@H](C(=O)O)N,O=CO,317.87,K,0.355960558883181
C(CC(=O)O)[C@@H](C(=O)O)N,O=CO,321.76,K,0.386813027906111
C(CC(=O)O)[C@@H](C(=O)O)N,O=CO,327.96,K,0.435637577941814
C(CC(=O)O)[C@@H](C(=O)O)N,O=CO,333.06,K,0.492487259005809
C(CC(=O)O)[C@@H](C(=O)O)N,O=CO,338.13,K,0.545503773926868
C(CC(=O)O)[C@@H](C(=O)O)N,CO,278.15,K,-3.47739992577688
C(CC(=O)O)[C@@H](C(=O)O)N,CO,283.25,K,-3.34909850605407
C(CC(=O)O)[C@@H](C(=O)O)N,CO,288.26,K,-3.19014845001577
C(CC(=O)O)[C@@H](C(=O)O)N,CO,296.15,K,-3.01322099024281
C(CC(=O)O)[C@@H](C(=O)O)N,CO,299.43,K,-2.94936880473213
C(CC(=O)O)[C@@H](C(=O)O)N,CO,303.6,K,-2.86739996467688
C(CC(=O)O)[C@@H](C(=O)O)N,CO,308.44,K,-2.78117421580272
C(CC(=O)O)[C@@H](C(=O)O)N,CO,313.15,K,-2.62410066194882
C(CC(=O)O)[C@@H](C(=O)O)N,CO,317.97,K,-2.55797451784592
C(CC(=O)O)[C@@H](C(=O)O)N,CO,323.15,K,-2.46968855260426
C(CC(=O)O)[C@@H](C(=O)O)N,CO,332.99,K,-2.36257592396401
C(CC(=O)O)[C@@H](C(=O)O)N,CO,333.15,K,-2.36370231211511
C1=CC=C(C=C1)C(=O)O,CC(=O)O,298.3,K,0.331377982861062
C1=CC=C(C=C1)C(=O)O,CC(=O)O,308.4,K,0.414712916113797
C1=CC=C(C=C1)C(=O)O,CC(=O)O,318.3,K,0.50350175473713
C1=CC=C(C=C1)C(=O)O,CC(=O)O,328.2,K,0.568438012609714
C1=CC=C(C=C1)C(=O)O,CC(=O)O,338.0,K,0.638938694492795
C1=CC=C(C=C1)C(=O)O,CC(=O)O,348.3,K,0.685433695168223
C1=CC=C(C=C1)C(=O)O,CC(=O)O,358.6,K,0.746329651363465
C1=CC(=CC=C1C=O)C(=O)O,ClC(Cl)Cl,293.15,K,-1.98645627393957
C1=CC(=CC=C1C=O)C(=O)O,ClC(Cl)Cl,298.15,K,-1.93111473732339
C1=CC(=CC=C1C=O)C(=O)O,ClC(Cl)Cl,303.15,K,-1.87851122960137
C1=CC(=CC=C1C=O)C(=O)O,ClC(Cl)Cl,308.15,K,-1.8184676544971
C1=CC(=CC=C1C=O)C(=O)O,ClC(Cl)Cl,313.15,K,-1.75193582792273
C1=CC(=CC=C1C=O)C(=O)O,ClC(Cl)Cl,318.15,K,-1.69089092707636
C1=CC(=CC=C1C=O)C(=O)O,ClC(Cl)Cl,323.15,K,-1.62741568361302
C1=CC(=CC=C1C=O)C(=O)O,ClC(Cl)Cl,328.15,K,-1.55618679840732
C1=CC(=CC=C1C=O)C(=O)O,ClC(Cl)Cl,332.15,K,-1.49524836004251
C1=CC(=CC=C1C(=O)O)C(=O)O,CC(=O)N(C)C,303.2,K,-0.760148143577537
C1=CC(=CC=C1C(=O)O)C(=O)O,CC(=O)N(C)C,313.2,K,-0.641824160436407
C1=CC(=CC=C1C(=O)O)C(=O)O,CC(=O)N(C)C,323.2,K,-0.538290035802324
C1=CC(=CC=C1C(=O)O)C(=O)O,CC(=O)N(C)C,333.2,K,-0.449254238713742
C1=CC(=CC=C1C(=O)O)C(=O)O,CC(=O)N(C)C,343.2,K,-0.386031105380317
C1=CC(=CC=C1C(=O)O)C(=O)O,CC(=O)N(C)C,353.2,K,-0.318113662885755
C1=CC(=CC=C1C(=O)O)C(=O)O,CC(=O)N(C)C,363.2,K,-0.254937543421534
C1=CC(=CC(=C1)C(=O)O)C(=O)O,CCCOC(C)=O,303.2,K,-2.16840641666868
C1=CC(=CC(=C1)C(=O)O)C(=O)O,CCCOC(C)=O,313.2,K,-2.10082501618122
C1=CC(=CC(=C1)C(=O)O)C(=O)O,CCCOC(C)=O,323.2,K,-2.04255669790294
C1=CC(=CC(=C1)C(=O)O)C(=O)O,CCCOC(C)=O,333.2,K,-1.96216285119521
C1=CC(=CC(=C1)C(=O)O)C(=O)O,CCCOC(C)=O,343.2,K,-1.94859260595443
C1=CC(=CC(=C1)C(=O)O)C(=O)O,CCCOC(C)=O,353.2,K,-1.83860439360575
C1=CC(=CC(=C1)C(=O)O)C(=O)O,CCCOC(C)=O,363.2,K,-1.76681363152372
C1=CC(=CC(=C1)C(=O)O)C(=O)O,CN1CCCC1=O,296.35,K,0.008095542896202
C1=CC(=CC(=C1)C(=O)O)C(=O)O,CN1CCCC1=O,298.85,K,0.033517629956905
C1=CC(=CC(=C1)C(=O)O)C(=O)O,CN1CCCC1=O,303.55,K,0.077146898963655
C1=CC(=CC(=C1)C(=O)O)C(=O)O,CN1CCCC1=O,307.05,K,0.111103533073495
C1=CC(=CC(=C1)C(=O)O)C(=O)O,CN1CCCC1=O,310.25,K,0.138912974126555
C1=CC(=CC(=C1)C(=O)O)C(=O)O,CN1CCCC1=O,313.65,K,0.171864072865356
C1=CC(=CC(=C1)C(=O)O)C(=O)O,CN1CCCC1=O,316.95,K,0.200609747754666
C1=CC(=CC(=C1)C(=O)O)C(=O)O,CN1CCCC1=O,320.45,K,0.232132047645396
C1=CC(=CC(=C1)C(=O)O)C(=O)O,CN1CCCC1=O,323.55,K,0.258879018338041
C1=CC(=CC(=C1)C(=O)O)C(=O)O,CN1CCCC1=O,326.55,K,0.287361749259967
C1=CC(=CC(=C1)C(=O)O)C(=O)O,CN1CCCC1=O,331.25,K,0.331503523055346
C1=CC(=CC(=C1)C(=O)O)C(=O)O,CN1CCCC1=O,336.25,K,0.378464032942258
C1=CC(=CC(=C1)C(=O)O)C(=O)O,CN1CCCC1=O,340.75,K,0.422710070062835
C1=CC(=CC(=C1)C(=O)O)C(=O)O,CN1CCCC1=O,343.55,K,0.451953578810355
C1=CC(=CC(=C1)C(=O)O)C(=O)O,CN1CCCC1=O,345.25,K,0.467501270429729
C1=CC(=CC(=C1)C(=O)O)C(=O)O,CN1CCCC1=O,346.55,K,0.48216171369394
C1=CC(=C(C=C1C(=O)O)C(=O)O)C(=O)O,CC(=O)O,313.2,K,-1.54018705337602
C1=CC(=C(C=C1C(=O)O)C(=O)O)C(=O)O,CC(=O)O,323.2,K,-1.27692557858725
C1=CC(=C(C=C1C(=O)O)C(=O)O)C(=O)O,CC(=O)O,333.2,K,-1.09263441200525
C1=CC(=C(C=C1C(=O)O)C(=O)O)C(=O)O,CC(=O)O,343.2,K,-0.948134526566464
C1=CC(=C(C=C1C(=O)O)C(=O)O)C(=O)O,CC(=O)O,353.2,K,-0.842909487657474
C1=CC(=C(C=C1C(=O)O)C(=O)O)C(=O)O,CC(=O)O,363.2,K,-0.761634289002018
C1=C(C=C(C=C1C(=O)O)C(=O)O)C(=O)O,CC(=O)O,313.2,K,-1.68661629860265
C1=C(C=C(C=C1C(=O)O)C(=O)O)C(=O)O,CC(=O)O,323.2,K,-1.6433522566982
C1=C(C=C(C=C1C(=O)O)C(=O)O)C(=O)O,CC(=O)O,333.2,K,-1.54693295690208
C1=C(C=C(C=C1C(=O)O)C(=O)O)C(=O)O,CC(=O)O,343.2,K,-1.47913423905282
C1=C(C=C(C=C1C(=O)O)C(=O)O)C(=O)O,CC(=O)O,353.2,K,-1.38910877109082
C1=C(C=C(C=C1C(=O)O)C(=O)O)C(=O)O,CC(=O)O,363.2,K,-1.28871015989784
C(=O)(N)N,CN(C)C=O,304.15,K,0.481001756250564
C(=O)(N)N,CN(C)C=O,308.15,K,0.542940377294598
C(=O)(N)N,CN(C)C=O,312.94,K,0.611690806110736
C(=O)(N)N,CN(C)C=O,318.25,K,0.690891915328332
C(=O)(N)N,CN(C)C=O,323.05,K,0.766454574369986
C(=O)(N)N,CN(C)C=O,332.65,K,0.912788274360049
C(=O)(N)N,CN(C)C=O,337.55,K,0.996309715903032
C(=O)(N)N,CC(O)CO,300.75,K,0.703165141099712
C(=O)(N)N,CC(O)CO,305.05,K,0.724789175739963
C(=O)(N)N,CC(O)CO,308.67,K,0.750715772320233
C(=O)(N)N,CC(O)CO,311.23,K,0.781591984492417
C(=O)(N)N,CC(O)CO,316.0,K,0.817401651325154
C(=O)(N)N,CC(O)CO,321.3,K,0.8519572726664
C(=O)(N)N,CC(O)CO,325.7,K,0.884964706644104
C(=O)(N)N,CC(O)CO,329.95,K,0.920227096363392
C(=O)(N)N,CC(O)CO,335.05,K,0.960621957561959
C(=O)(N)N,CC(O)CO,342.1,K,1.03273620485966
C(=O)(N)N,O=S1(=O)CCCC1,312.15,K,-0.054670964081355
C(=O)(N)N,O=S1(=O)CCCC1,318.53,K,0.074238342400401
C(=O)(N)N,O=S1(=O)CCCC1,322.57,K,0.160659321126835
C(=O)(N)N,O=S1(=O)CCCC1,328.25,K,0.251760312011292
C(=O)(N)N,O=S1(=O)CCCC1,332.26,K,0.335421170195004
C(=O)(N)N,O=S1(=O)CCCC1,336.95,K,0.420275946143807
C(=O)(N)N,O=S1(=O)CCCC1,341.0,K,0.497188752074546
C(=O)(N)N,O=S1(=O)CCCC1,345.35,K,0.588522566882857
C(=O)(N)N,O=S1(=O)CCCC1,349.54,K,0.678178949575314
C(=O)(N)N,O=S1(=O)CCCC1,353.05,K,0.74935991172622
C(=O)(N)N,CC(=O)N(C)C,312.32,K,-0.728367916143088
C(=O)(N)N,CC(=O)N(C)C,316.94,K,-0.585605402931654
C(=O)(N)N,CC(=O)N(C)C,322.18,K,-0.441907357158483
C(=O)(N)N,CC(=O)N(C)C,327.8,K,-0.296779579877027
C(=O)(N)N,CC(=O)N(C)C,332.0,K,-0.189318250206962
C(=O)(N)N,CC(=O)N(C)C,336.15,K,-0.095173344340646
C(=O)(N)N,CC(=O)N(C)C,340.95,K,0.036612568321735
C(=O)(N)N,CC(=O)N(C)C,345.65,K,0.143021029836181
C(=O)(N)N,CC(=O)N(C)C,349.65,K,0.253934028995812
C(=O)(N)N,CC(=O)N(C)C,354.51,K,0.39348355867751
C(=O)(N)N,CN1CCCC1=O,305.35,K,0.199782181762762
C(=O)(N)N,CN1CCCC1=O,316.55,K,0.326923670679683
C(=O)(N)N,CN1CCCC1=O,321.49,K,0.381380267823716
C(=O)(N)N,CN1CCCC1=O,326.85,K,0.433593188896268
C(=O)(N)N,CN1CCCC1=O,332.29,K,0.485060029735157
C(=O)(N)N,CN1CCCC1=O,337.75,K,0.546751915208817
C(=O)(N)N,CN1CCCC1=O,341.76,K,0.591632795616912
C(=O)(N)N,CN1CCCC1=O,345.6,K,0.64129338257532
C(=O)(N)N,CN1CCCC1=O,349.84,K,0.695579535688386
C(=O)(N)N,CN1CCCC1=O,354.55,K,0.756201877369725
C(=O)(N)N,OC1CCCCC1,314.7,K,-0.679785422124319
C(=O)(N)N,OC1CCCCC1,319.15,K,-0.620254284259086
C(=O)(N)N,OC1CCCCC1,324.7,K,-0.520290552393521
C(=O)(N)N,OC1CCCCC1,328.95,K,-0.456673157365271
C(=O)(N)N,OC1CCCCC1,333.55,K,-0.369658977491604
C(=O)(N)N,OC1CCCCC1,338.45,K,-0.28791063929369
C(=O)(N)N,OC1CCCCC1,342.5,K,-0.227519346920044
C(=O)(N)N,OC1CCCCC1,347.6,K,-0.162923732054708
C(=O)(N)N,OC1CCCCC1,350.96,K,-0.114054176197732
C(=O)(N)N,OC1CCCCC1,354.85,K,-0.060625193282124
C(=O)(N)N,NC=O,302.46,K,0.979023083621877
C(=O)(N)N,NC=O,307.64,K,1.02039448545182
C(=O)(N)N,NC=O,309.7,K,1.03879304885562
C(=O)(N)N,NC=O,313.75,K,1.07302352666757
C(=O)(N)N,NC=O,317.39,K,1.09951401348804
C(=O)(N)N,NC=O,320.18,K,1.12713046988823
C(=O)(N)N,NC=O,326.75,K,1.18263407480005
C(=O)(N)N,NC=O,330.93,K,1.21547739341739
C(=O)(N)N,NC=O,335.8,K,1.26125357593122
C(=O)(N)N,NC=O,340.75,K,1.3071335985478
CCCCOC(=O)C1=CC=C(C=C1)O,O,298.0,K,-3.00155184865212
C1=CC=C2C(=C1)C3=CC=CC=C3O2,O,313.2,K,-4.296575881517
C1=CC=C2C(=C1)C3=CC=CC=C3O2,O,323.2,K,-4.10547328938409
C1=CC=C2C(=C1)C3=CC=CC=C3O2,O,333.2,K,-3.91073730294631
C1=CC=C2C(=C1)C3=CC=CC=C3O2,O,343.2,K,-3.64938763732628
C1=CC=C2C(=C1)C3=CC=CC=C3O2,O,353.2,K,-3.42047304659038
C1=CC=C2C(=C1)OC3=CC=CC=C3S2,O,313.2,K,-4.81490069878328
C1=CC=C2C(=C1)OC3=CC=CC=C3S2,O,318.2,K,-4.67384239080919
C1=CC=C2C(=C1)OC3=CC=CC=C3S2,O,323.2,K,-4.51262167767953
C1=CC=C2C(=C1)OC3=CC=CC=C3S2,O,328.2,K,-4.3889580077443
C1=CC=C2C(=C1)C3=CC=CC=C3S2,O,313.2,K,-4.94507830560142
C1=CC=C2C(=C1)C3=CC=CC=C3S2,O,323.2,K,-4.72173369883201
C1=CC=C2C(=C1)C3=CC=CC=C3S2,O,333.2,K,-4.47122988037287
C1=CC=C2C(=C1)C3=CC=CC=C3S2,O,343.2,K,-4.23595524024204
C1=CC=C2C(=C1)C3=CC=CC=C3S2,O,353.2,K,-3.98024619071407
C1=CC=C2C(=C1)C3=CC=CC=C3S2,O,363.2,K,-3.7280785740467
C1C2=CC=CC=C2OC3=CC=CC=C31,O,313.0,K,-4.85755371982483
C1C2=CC=CC=C2OC3=CC=CC=C31,O,323.0,K,-4.58776246044847
C1C2=CC=CC=C2OC3=CC=CC=C31,O,333.0,K,-4.33969465280052
C1C2=CC=CC=C2OC3=CC=CC=C31,O,343.0,K,-4.10410858017614
C1C2=CC=CC=C2OC3=CC=CC=C31,O,353.0,K,-3.85811005374817
C1C2=CC=CC=C2OC3=CC=CC=C31,O,363.0,K,-3.64513970663103
C1=CC=C2C(=C1)C=NC3=CC=CC=C23,O,313.2,K,-3.46029223826909
C1=CC=C2C(=C1)C=NC3=CC=CC=C23,O,333.2,K,-3.08393729303199
C1=CC=C2C(=C1)C=NC3=CC=CC=C23,O,353.2,K,-2.6814446944141
C1=CC=C2C(=C1)C=NC3=CC=CC=C23,O,363.2,K,-2.49855809897897
CC1=CC=C(C=C1)C(=O)O,CN(C)C=O,295.65,K,0.241145152451247
CC1=CC=C(C=C1)C(=O)O,CN(C)C=O,298.75,K,0.289039587085285
CC1=CC=C(C=C1)C(=O)O,CN(C)C=O,303.05,K,0.352683557933643
CC1=CC=C(C=C1)C(=O)O,CN(C)C=O,307.55,K,0.415425287016077
CC1=CC=C(C=C1)C(=O)O,CN(C)C=O,311.05,K,0.467314492749841
CC1=CC=C(C=C1)C(=O)O,CN(C)C=O,315.55,K,0.529680233670712
CC1=CC=C(C=C1)C(=O)O,CN(C)C=O,320.45,K,0.602888858325366
CC1=CC=C(C=C1)C(=O)O,CN(C)C=O,324.55,K,0.662086311875136
CC1=CC=C(C=C1)C(=O)O,CN(C)C=O,326.85,K,0.700856645755975
CC1=CC=C(C=C1)C(=O)O,CN(C)C=O,328.95,K,0.731970976988849
CC1=CC=C(C=C1)C(=O)O,CN(C)C=O,331.65,K,0.777211911693911
CC1=CC=C(C=C1)C(=O)O,CN(C)C=O,333.05,K,0.801684511508211
CC1=CC=C(C=C1)C(=O)O,CN(C)C=O,335.05,K,0.838156237866772
CC1=CC=C(C=C1)C(=O)O,CN(C)C=O,335.55,K,0.851342900621617
C1=CN=C(N=C1)NS(=O)(=O)C2=CC=C(C=C2)N,O,293.15,K,-3.67663
C1=CN=C(N=C1)NS(=O)(=O)C2=CC=C(C=C2)N,O,298.15,K,-3.56901
C1=CN=C(N=C1)NS(=O)(=O)C2=CC=C(C=C2)N,O,303.15,K,-3.40615
C1=CN=C(N=C1)NS(=O)(=O)C2=CC=C(C=C2)N,O,308.15,K,-3.29927
C1=CN=C(N=C1)NS(=O)(=O)C2=CC=C(C=C2)N,O,313.15,K,-3.20201
C1=CN=C(N=C1)NS(=O)(=O)C2=CC=C(C=C2)N,O,298.0,K,-2.62305
C1=CN=C(N=C1)NS(=O)(=O)C2=CC=C(C=C2)N,O,343.0,K,-2.50958
C1=CN=C(N=C1)NS(=O)(=O)C2=CC=C(C=C2)N,O,353.0,K,-2.28123
C1=CN=C(N=C1)NS(=O)(=O)C2=CC=C(C=C2)N,O,363.0,K,-2.0796
C1=CN=C(N=C1)NS(=O)(=O)C2=CC=C(C=C2)N,O,373.0,K,-1.90117
C1=CN=C(N=C1)NS(=O)(=O)C2=CC=C(C=C2)N,O,383.0,K,-1.75599
C1=CN=C(N=C1)NS(=O)(=O)C2=CC=C(C=C2)N,O,393.0,K,-1.61565
C1=CN=C(N=C1)NS(=O)(=O)C2=CC=C(C=C2)N,O,403.0,K,-1.49026
C(CCCCC(=O)O)CCCC(=O)O,O,321.95,K,-2.70199
C(CCCCC(=O)O)CCCC(=O)O,O,327.45,K,-2.46007
C(CCCCC(=O)O)CCCC(=O)O,O,329.44,K,-2.32129
C(CCCCC(=O)O)CCCC(=O)O,O,331.61,K,-2.2931
C(CCCCC(=O)O)CCCC(=O)O,O,334.01,K,-2.17996
C(CCCCC(=O)O)CCCC(=O)O,O,336.96,K,-2.08265
C(CCCCC(=O)O)CCCC(=O)O,O,339.68,K,-2.03314
C(CCCCC(=O)O)CCCC(=O)O,O,341.72,K,-1.94566
C(CCCCC(=O)O)CCCC(=O)O,O,343.83,K,-1.89082
C(CCCCC(=O)O)CCCC(=O)O,O,347.4,K,-1.85393
C(CCCCC(=O)O)CCCC(=O)O,O,350.2,K,-1.76847
C(CCCCC(=O)O)CCCC(=O)O,O,298.0,K,-2.9092
C(CCCCC(=O)O)CCCC(=O)O,O,313.0,K,-1.4708
C(CCCCC(=O)O)CCCC(=O)O,O,373.0,K,-0.05028
CC(C)(C)C1=CC=C(C=C1)C(=O)O,O,423.15,K,0.32624
CC(C)(C)C1=CC=C(C=C1)C(=O)O,O,413.15,K,0.19169
CC(C)(C)C1=CC=C(C=C1)C(=O)O,O,403.15,K,0.04571
CC(C)(C)C1=CC=C(C=C1)C(=O)O,O,393.15,K,-0.08904
CC(C)(C)C1=CC=C(C=C1)C(=O)O,O,383.15,K,-0.25885
CC(C)(C)C1=CC=C(C=C1)C(=O)O,O,373.15,K,-0.31041
CC(C)(C)C1=CC=C(C=C1)C(=O)O,O,363.15,K,-0.52366
CC(C)(C)C1=CC=C(C=C1)C(=O)O,O,353.15,K,-0.67632
CC(C)(C)C1=CC=C(C=C1)C(=O)O,O,343.15,K,-0.86628
CC(C)(C)C1=CC=C(C=C1)C(=O)O,O,333.15,K,-1.05019
CC(C)(C)C1=CC=C(C=C1)C(=O)O,O,323.15,K,-1.0754
CC(C)(C)C1=CC=C(C=C1)C(=O)O,O,313.15,K,-1.35549
CC(C)(C)C1=CC=C(C=C1)C(=O)O,O,303.15,K,-1.55823
C1=CC=C2C(=C1)N=C3C=CC=CC3=N2,O,313.2,K,-3.40342
C1=CC=C2C(=C1)N=C3C=CC=CC3=N2,O,333.2,K,-3.06701
C1=CC=C2C(=C1)N=C3C=CC=CC3=N2,O,353.2,K,-2.74299
C1=CC=C2C(=C1)N=C3C=CC=CC3=N2,O,373.2,K,-2.4099
C1=CC=C2C(=C1)N=C3C=CC=CC3=N2,O,393.2,K,-2.06862
C1=CC=C2C(=C1)N=C3C=CC=CC3=N2,O,412.2,K,-1.72161
C1=CC=C2C(=C1)N=C3C=CC=CC3=N2,O,433.2,K,-1.38435
C1=CC=C2C(=C1)SC3=CC=CC=C3S2,O,313.2,K,-6.08285
C1=CC=C2C(=C1)SC3=CC=CC=C3S2,O,333.2,K,-5.53053
C1=CC=C2C(=C1)SC3=CC=CC=C3S2,O,353.2,K,-4.96702
C1=CC=C2C(=C1)SC3=CC=CC=C3S2,O,373.2,K,-4.40875
C1=CC=C2C(=C1)SC3=CC=CC=C3S2,O,393.2,K,-3.8865
C1=CC=C2C(=C1)SC3=CC=CC=C3S2,O,413.2,K,-3.35786
C1=CC=C2C(=C1)SC3=CC=CC=C3S2,O,423.2,K,-3.09112
C1=CC=C2C(=C1)C3=CC=CC=C3N2,O,298.0,K,-5.21515
C1=CC=C2C(=C1)C3=CC=CC=C3N2,O,323.0,K,-4.60757
C1=CC=C2C(=C1)C3=CC=CC=C3N2,O,373.0,K,-3.27854
C1=CC=C2C(=C1)C3=CC=CC=C3N2,O,423.0,K,-2.08828
C1=CC=C2C(=C1)C3=CC=CC=C3N2,O,473.0,K,-1.04168
C1=CC=C2C(=C1)C3=CC=CC=C3N2,O,313.2,K,-4.82438
C1=CC=C2C(=C1)C3=CC=CC=C3N2,O,333.2,K,-4.39604
C1=CC=C2C(=C1)C3=CC=CC=C3N2,O,353.2,K,-3.83348
C1=CC=C2C(=C1)C3=CC=CC=C3N2,O,373.2,K,-3.38795
C1=CC=C2C(=C1)C3=CC=CC=C3N2,O,393.2,K,-2.93592
C1=CC=C2C(=C1)C3=CC=CC=C3N2,O,413.2,K,-2.5121
C1=CC=C2C(=C1)C3=CC=CC=C3N2,O,433.2,K,-2.07683
C1=CC=C2C(=C1)NC3=CC=CC=C3S2,O,298.2,K,-5.06342
C1=CC=C2C(=C1)NC3=CC=CC=C3S2,O,308.2,K,-4.96214
C1=CC=C2C(=C1)NC3=CC=CC=C3S2,O,318.2,K,-4.86015
C1=CC=C2C(=C1)NC3=CC=CC=C3S2,O,328.2,K,-4.71072
C1=CC=C2C(=C1)NC3=CC=CC=C3S2,O,338.2,K,-4.57554
C1=CC=C2C(=C1)NC3=CC=CC=C3S2,O,313.2,K,-4.79356
C1=CC=C2C(=C1)NC3=CC=CC=C3S2,O,333.2,K,-4.34019
C1=CC=C2C(=C1)NC3=CC=CC=C3S2,O,353.2,K,-3.90256
C1=CC=C2C(=C1)NC3=CC=CC=C3S2,O,373.2,K,-3.44642
C1=CC=C2C(=C1)NC3=CC=CC=C3S2,O,393.2,K,-2.96395
C1=CC=C2C(=C1)NC3=CC=CC=C3S2,O,413.2,K,-2.53951
C1=CC=C2C(=C1)NC3=CC=CC=C3S2,O,433.2,K,-2.08204
C1=CC=C2C(=C1)NC3=CC=CC=C3S2,O,453.2,K,-1.67665
C1=CC(=C(C=C1F)F)C(CN2C=NC=N2)(CN3C=NC=N3)O,O,298.0,K,-2.35342
C1=CC(=C(C=C1F)F)C(CN2C=NC=N2)(CN3C=NC=N3)O,O,323.0,K,-1.52816
C1=CC(=C(C=C1F)F)C(CN2C=NC=N2)(CN3C=NC=N3)O,O,348.0,K,-1.16633
C1=CC(=C(C=C1F)F)C(CN2C=NC=N2)(CN3C=NC=N3)O,O,373.0,K,-1.04814
C1=CC(=C(C=C1F)F)C(CN2C=NC=N2)(CN3C=NC=N3)O,O,398.0,K,-0.73743
C1=CC=C2C(=C1)C(=O)C3=CC=CC=C3O2,O,313.0,K,-4.40831
C1=CC=C2C(=C1)C(=O)C3=CC=CC=C3O2,O,333.0,K,-3.98048
C1=CC=C2C(=C1)C(=O)C3=CC=CC=C3O2,O,353.0,K,-3.53244
C1=CC=C2C(=C1)C(=O)C3=CC=CC=C3O2,O,373.0,K,-3.16359
C1=CC=C2C(=C1)C(=O)C3=CC=CC=C3O2,O,393.0,K,-2.71788
C1=CC=C2C(=C1)C(=O)C3=CC=CC=C3O2,O,413.0,K,-2.33329
C1=CC=C2C(=C1)C(=O)C3=CC=CC=C3O2,O,433.0,K,-1.86904
C1=CC=C2C=C3C=CC=CC3=CC2=C1,CCO,298.2,K,-2.06483
C1=CC=C2C=C3C=CC=CC3=CC2=C1,CCO,308.2,K,-1.94998
C1=CC=C2C=C3C=CC=CC3=CC2=C1,CCO,318.2,K,-1.8879
C1=CC=C2C=C3C=CC=CC3=CC2=C1,CCO,393.0,K,-0.61019
C1=CC=C2C=C3C=CC=CC3=CC2=C1,CCO,413.0,K,-0.39194
C1=CC=C2C=C3C=CC=CC3=CC2=C1,CCO,423.0,K,-0.34028
C1=CC=C2C=C3C=CC=CC3=CC2=C1,CCO,433.0,K,-0.21126
C1=CC=C2C=C3C=CC=CC3=CC2=C1,CCO,443.0,K,-0.0171
C1=CC=C2C=C3C=CC=CC3=CC2=C1,O,298.0,K,-6.34806
C1=CC=C2C=C3C=CC=CC3=CC2=C1,O,313.0,K,-6.18341
C1=CC=C2C=C3C=CC=CC3=CC2=C1,O,333.0,K,-5.64072
C1=CC=C2C=C3C=CC=CC3=CC2=C1,O,353.0,K,-5.13132
C1=CC=C2C=C3C=CC=CC3=CC2=C1,O,373.0,K,-4.61427
C1=CC=C2C=C3C=CC=CC3=CC2=C1,O,393.0,K,-4.09858
C1=CC=C2C=C3C=CC=CC3=CC2=C1,O,433.0,K,-3.10073
C1=CC=C2C=C3C=CC=CC3=CC2=C1,O,453.0,K,-2.62636
C1=CC=C2C=C3C=CC=CC3=CC2=C1,O,473.0,K,-2.20726
C1=CC=C2C=C3C=CC=CC3=CC2=C1,O,483.0,K,-1.98415
C1=CC=C2C=C3C=CC=CC3=CC2=C1,O,298.0,K,-6.38731
C1=CC=C2C=C3C=CC=CC3=CC2=C1,O,298.0,K,-6.34806
C1=CC=C2C=C3C=CC=CC3=CC2=C1,O,323.0,K,-6.03033
C1=CC=C2C=C3C=CC=CC3=CC2=C1,O,373.0,K,-4.76903
C1=CC=C2C=C3C=CC=CC3=CC2=C1,O,423.0,K,-3.33408
C1=CC=C2C=C3C=CC=CC3=CC2=C1,O,473.0,K,-1.99895
C1C2=CC=CC=C2C(=O)C3=CC=CC=C31,O,313.0,K,-4.72114
C1C2=CC=CC=C2C(=O)C3=CC=CC=C31,O,333.0,K,-4.24073
C1C2=CC=CC=C2C(=O)C3=CC=CC=C31,O,353.0,K,-3.76562
C1C2=CC=CC=C2C(=O)C3=CC=CC=C31,O,373.0,K,-3.29691
C1C2=CC=CC=C2C(=O)C3=CC=CC=C31,O,393.0,K,-2.84049
C1C2=CC=CC=C2C(=O)C3=CC=CC=C31,O,413.0,K,-2.29856
C1C2=CC=CC=C2C(=O)C3=CC=CC=C31,O,423.0,K,-2.19744
C1C2CC3C4C1C5CC(C4)CC3C5C2,O,313.2,K,-7.29895
C1C2CC3C4C1C5CC(C4)CC3C5C2,O,333.2,K,-6.86325
C1C2CC3C4C1C5CC(C4)CC3C5C2,O,353.2,K,-6.21883
C1C2CC3C4C1C5CC(C4)CC3C5C2,O,373.2,K,-5.58248
C1C2CC3C4C1C5CC(C4)CC3C5C2,O,393.2,K,-5.04813
C1C2CC3C4C1C5CC(C4)CC3C5C2,O,413.2,K,-4.56068
C1C2CC3C4C1C5CC(C4)CC3C5C2,O,433.2,K,-4.0327
C1C2CC3C4C1C5CC(C4)CC3C5C2,O,453.2,K,-3.5639
C1C2CC3C4C1C5CC(C4)CC3C5C2,O,473.2,K,-3.157
C1C2CC3C4C1C5CC(C4)CC3C5C2,O,493.2,K,-2.75618
C1=CC=C2C(=C1)C(=O)C3=CC=CC=C3C2=O,O,298.15,K,-5.18784
C1=CC=C2C(=C1)C(=O)C3=CC=CC=C3C2=O,O,298.15,K,-4.72489
C1=CC=C2C(=C1)C(=O)C3=CC=CC=C3C2=O,O,313.0,K,-5.39862
C1=CC=C2C(=C1)C(=O)C3=CC=CC=C3C2=O,O,333.0,K,-4.95428
C1=CC=C2C(=C1)C(=O)C3=CC=CC=C3C2=O,O,353.0,K,-4.49572
C1=CC=C2C(=C1)C(=O)C3=CC=CC=C3C2=O,O,373.0,K,-4.08106
C1=CC=C2C(=C1)C(=O)C3=CC=CC=C3C2=O,O,393.0,K,-3.67332
C1=CC=C2C(=C1)C(=O)C3=CC=CC=C3C2=O,O,413.0,K,-3.26849
C1=CC=C2C(=C1)C(=O)C3=CC=CC=C3C2=O,O,433.0,K,-2.83083
CC1=CC2=CC3=CC=CC=C3C=C2C=C1,O,273.45,K,-7.52993
CC1=CC2=CC3=CC=CC=C3C=C2C=C1,O,278.15,K,-7.41546
CC1=CC2=CC3=CC=CC=C3C=C2C=C1,O,283.15,K,-7.25821
CC1=CC2=CC3=CC=CC=C3C=C2C=C1,O,288.15,K,-7.13123
CC1=CC2=CC3=CC=CC=C3C=C2C=C1,O,293.15,K,-7.00021
CC1=CC2=CC3=CC=CC=C3C=C2C=C1,O,298.15,K,-6.86521
CC1=CC2=CC3=CC=CC=C3C=C2C=C1,O,303.15,K,-6.73697
CC1=CC2=CC3=CC=CC=C3C=C2C=C1,O,308.15,K,-6.60227
CC1=CC2=CC3=CC=CC=C3C=C2C=C1,O,313.15,K,-6.45485
CC1=CC2=CC3=CC=CC=C3C=C2C=C1,O,318.15,K,-6.309
CC1=CC2=CC3=CC=CC=C3C=C2C=C1,O,323.15,K,-6.1866
CC1=CC2=CC3=CC=CC=C3C=C2C=C1,O,313.2,K,-6.54044
CC1=CC2=CC3=CC=CC=C3C=C2C=C1,O,333.2,K,-5.99341
CC1=CC2=CC3=CC=CC=C3C=C2C=C1,O,353.2,K,-5.45984
CC1=CC2=CC3=CC=CC=C3C=C2C=C1,O,373.2,K,-4.8662
CC1=CC2=CC3=CC=CC=C3C=C2C=C1,O,393.2,K,-4.36553
CC1=CC2=CC3=CC=CC=C3C=C2C=C1,O,413.2,K,-3.90471
CC1=CC2=CC3=CC=CC=C3C=C2C=C1,O,433.2,K,-3.41403
CC1=CC2=CC3=CC=CC=C3C=C2C=C1,O,453.2,K,-2.82558
C1=CC=C2C(=C1)C=C3C=CC=CC3=C2CO,O,373.0,K,-3.92394
C1=CC=C2C(=C1)C=C3C=CC=CC3=C2CO,O,393.0,K,-3.09576
C1=CC=C2C(=C1)C=C3C=CC=CC3=C2CO,O,413.0,K,-2.71975
C1=CC=C2C(=C1)C=C3C=CC=CC3=C2CO,O,423.0,K,-2.4478
C1=CC=C2C(=C1)C=C3C=CC=CC3=C2CO,O,433.0,K,-2.30909
C1/C(=C\C2=CC=CO2)/C(=O)/C(=C/C3=CC=CO3)/C1,C1CCOC1,308.15,K,-0.41881
C1/C(=C\C2=CC=CO2)/C(=O)/C(=C/C3=CC=CO3)/C1,C1CCOC1,313.15,K,-0.35701
C1/C(=C\C2=CC=CO2)/C(=O)/C(=C/C3=CC=CO3)/C1,C1CCOC1,318.15,K,-0.2702
C1/C(=C\C2=CC=CO2)/C(=O)/C(=C/C3=CC=CO3)/C1,C1CCOC1,323.15,K,-0.23873
C1/C(=C\C2=CC=CO2)/C(=O)/C(=C/C3=CC=CO3)/C1,C1CCOC1,333.15,K,-0.13454
C1/C(=C\C2=CC=CO2)/C(=O)/C(=C/C3=CC=CO3)/C1,C1CCOC1,343.15,K,-0.05302
C1/C(=C\C2=CC=CO2)/C(=O)/C(=C/C3=CC=CO3)/C1,C1CCOC1,353.15,K,0.00437
C1/C(=C\C2=CC=CO2)/C(=O)/C(=C/C3=CC=CO3)/C1,C1CCOC1,363.15,K,0.07033
C1/C(=C\C2=CC=CO2)/C(=O)/C(=C/C3=CC=CO3)/C1,C1CCOC1,373.15,K,0.12063
C1/C(=C\C2=CC=CO2)/C(=O)/C(=C/C3=CC=CO3)/C1,C1CCOC1,383.15,K,0.19062
C1/C(=C\C2=CC=CO2)/C(=O)/C(=C/C3=CC=CO3)/C1,C1CCOC1,393.15,K,0.2483
C1/C(=C\C2=CC=CO2)/C(=O)/C(=C/C3=CC=CO3)/C1,C1CCOC1,403.15,K,0.31984
C1/C(=C\C2=CC=CO2)/C(=O)/C(=C/C3=CC=CO3)/C1,CO,323.14,K,-1.64627
C1/C(=C\C2=CC=CO2)/C(=O)/C(=C/C3=CC=CO3)/C1,CO,333.14,K,-1.55676
C1/C(=C\C2=CC=CO2)/C(=O)/C(=C/C3=CC=CO3)/C1,CO,343.14,K,-1.48732
C1/C(=C\C2=CC=CO2)/C(=O)/C(=C/C3=CC=CO3)/C1,CO,353.14,K,-1.42725
C1/C(=C\C2=CC=CO2)/C(=O)/C(=C/C3=CC=CO3)/C1,CO,363.14,K,-1.35488
C1/C(=C\C2=CC=CO2)/C(=O)/C(=C/C3=CC=CO3)/C1,CO,373.14,K,-1.32033
C1/C(=C\C2=CC=CO2)/C(=O)/C(=C/C3=CC=CO3)/C1,CO,383.14,K,-1.24713
C1/C(=C\C2=CC=CO2)/C(=O)/C(=C/C3=CC=CO3)/C1,CO,393.14,K,-1.18495
C1/C(=C\C2=CC=CO2)/C(=O)/C(=C/C3=CC=CO3)/C1,CO,403.14,K,-1.12833
C1/C(=C\C2=CC=CO2)/C(=O)/C(=C/C3=CC=CO3)/C1,O,353.15,K,-3.42286
C1/C(=C\C2=CC=CO2)/C(=O)/C(=C/C3=CC=CO3)/C1,O,363.15,K,-3.19197
C1/C(=C\C2=CC=CO2)/C(=O)/C(=C/C3=CC=CO3)/C1,O,373.15,K,-2.97334
C1/C(=C\C2=CC=CO2)/C(=O)/C(=C/C3=CC=CO3)/C1,O,383.15,K,-2.70272
C1/C(=C\C2=CC=CO2)/C(=O)/C(=C/C3=CC=CO3)/C1,O,393.15,K,-2.49374
C1/C(=C\C2=CC=CO2)/C(=O)/C(=C/C3=CC=CO3)/C1,O,398.15,K,-2.37951
C1/C(=C\C2=CC=CO2)/C(=O)/C(=C/C3=CC=CO3)/C1,O,403.15,K,-2.24456
C1[C@@H]([C@H](OC2=CC(=CC(=C21)O)O)C3=CC(=C(C=C3)O)O)O.O,O,277.6,K,-1.90261
C1[C@@H]([C@H](OC2=CC(=CC(=C21)O)O)C3=CC(=C(C=C3)O)O)O.O,O,282.7,K,-2.08899
C1[C@@H]([C@H](OC2=CC(=CC(=C21)O)O)C3=CC(=C(C=C3)O)O)O.O,O,297.7,K,-1.80549
C1[C@@H]([C@H](OC2=CC(=CC(=C21)O)O)C3=CC(=C(C=C3)O)O)O.O,O,308.4,K,-1.42414
C1[C@@H]([C@H](OC2=CC(=CC(=C21)O)O)C3=CC(=C(C=C3)O)O)O.O,O,324.9,K,-0.94825
C1[C@@H]([C@H](OC2=CC(=CC(=C21)O)O)C3=CC(=C(C=C3)O)O)O.O,O,331.2,K,-0.79974
C1[C@@H]([C@H](OC2=CC(=CC(=C21)O)O)C3=CC(=C(C=C3)O)O)O.O,O,298.75,K,-2.13457
C1[C@@H]([C@H](OC2=CC(=CC(=C21)O)O)C3=CC(=C(C=C3)O)O)O.O,O,314.65,K,-1.78711
C1[C@@H]([C@H](OC2=CC(=CC(=C21)O)O)C3=CC(=C(C=C3)O)O)O.O,O,334.95,K,-0.84129
C1[C@@H]([C@H](OC2=CC(=CC(=C21)O)O)C3=CC(=C(C=C3)O)O)O.O,O,355.25,K,-0.38147
C1[C@@H]([C@H](OC2=CC(=CC(=C21)O)O)C3=CC(=C(C=C3)O)O)O.O,O,375.35,K,-0.06872
C1[C@@H]([C@H](OC2=CC(=CC(=C21)O)O)C3=CC(=C(C=C3)O)O)O.O,O,395.65,K,0.13766
C1[C@@H]([C@H](OC2=CC(=CC(=C21)O)O)C3=CC(=C(C=C3)O)O)O.O,O,415.85,K,0.27175
C1=CC2=C3C(=C1)C=CC4=CC=CC(=C43)C=C2,O,298.0,K,-6.17736
C1=CC2=C3C(=C1)C=CC4=CC=CC(=C43)C=C2,O,298.0,K,-6.22716
C1=CC2=C3C(=C1)C=CC4=CC=CC(=C43)C=C2,O,323.0,K,-5.681
C1=CC2=C3C(=C1)C=CC4=CC=CC(=C43)C=C2,O,373.0,K,-4.31994
C1=CC2=C3C(=C1)C=CC4=CC=CC(=C43)C=C2,O,373.0,K,-4.38209
C1=CC2=C3C(=C1)C=CC4=CC=CC(=C43)C=C2,O,373.0,K,-5.27418
C[C@@H]1CC(=O)C=C([C@]12C(=O)C3=C(O2)C(=C(C=C3OC)OC)Cl)OC,O,413.0,K,-2.08961
C[C@@H]1CC(=O)C=C([C@]12C(=O)C3=C(O2)C(=C(C=C3OC)OC)Cl)OC,O,423.0,K,-1.94366
C[C@@H]1CC(=O)C=C([C@]12C(=O)C3=C(O2)C(=C(C=C3OC)OC)Cl)OC,O,428.0,K,-1.83151
C[C@@H]1CC(=O)C=C([C@]12C(=O)C3=C(O2)C(=C(C=C3OC)OC)Cl)OC,O,433.0,K,-1.72447
C[C@@H]1CC(=O)C=C([C@]12C(=O)C3=C(O2)C(=C(C=C3OC)OC)Cl)OC,O,443.0,K,-1.58371
C[C@@H]1CC(=O)C=C([C@]12C(=O)C3=C(O2)C(=C(C=C3OC)OC)Cl)OC,O,298.0,K,-4.47121
C1=CC=C2C(=C1)C3=CC=CC=C3C4=CC=CC=C24,O,298.15,K,-6.72465
C1=CC=C2C(=C1)C3=CC=CC=C3C4=CC=CC=C24,O,313.0,K,-6.99888
C1=CC=C2C(=C1)C3=CC=CC=C3C4=CC=CC=C24,O,333.0,K,-6.48285
C1=CC=C2C(=C1)C3=CC=CC=C3C4=CC=CC=C24,O,353.0,K,-5.90632
C1=CC=C2C(=C1)C3=CC=CC=C3C4=CC=CC=C24,O,373.0,K,-5.32042
C1=CC=C2C(=C1)C3=CC=CC=C3C4=CC=CC=C24,O,393.0,K,-4.73833
C1=CC=C2C(=C1)C3=CC=CC=C3C4=CC=CC=C24,O,413.0,K,-4.19343
C1=CC=C2C(=C1)C3=CC=CC=C3C4=CC=CC=C24,O,433.0,K,-3.72579
C1=CC=C2C(=C1)C3=CC=CC=C3C4=CC=CC=C24,O,453.0,K,-3.22131
C1=CC=C2C(=C1)C3=CC=CC=C3C4=CC=CC=C24,O,463.0,K,-2.95438
C1=CC=C2C(=C1)C3=CC=CC=C3C4=CC=CC=C24,O,468.0,K,-2.86684
C1=CC=C(C=C1)C2=CC=C(C=C2)C3=CC=CC=C3,CCO,393.0,K,-1.01312
C1=CC=C(C=C1)C2=CC=C(C=C2)C3=CC=CC=C3,CCO,413.0,K,-0.66425
C1=CC=C(C=C1)C2=CC=C(C=C2)C3=CC=CC=C3,CCO,423.0,K,-0.45062
C1=CC=C(C=C1)C2=CC=C(C=C2)C3=CC=CC=C3,CCO,433.0,K,-0.21126
C1=CC=C(C=C1)C2=CC=C(C=C2)C3=CC=CC=C3,CCO,443.0,K,0.14153
C1=CC=C(C=C1)C2=CC=C(C=C2)C3=CC=CC=C3,O,333.0,K,-7.33713
C1=CC=C(C=C1)C2=CC=C(C=C2)C3=CC=CC=C3,O,353.0,K,-6.68258
C1=CC=C(C=C1)C2=CC=C(C=C2)C3=CC=CC=C3,O,373.0,K,-5.93374
C1=CC=C(C=C1)C2=CC=C(C=C2)C3=CC=CC=C3,O,393.0,K,-5.33186
C1=CC=C(C=C1)C2=CC=C(C=C2)C3=CC=CC=C3,O,413.0,K,-4.72325
C1=CC=C(C=C1)C2=CC=C(C=C2)C3=CC=CC=C3,O,433.0,K,-4.11461
C1=CC=C(C=C1)C2=CC=C(C=C2)C3=CC=CC=C3,O,453.0,K,-3.51465
C1=CC=C(C=C1)C2=CC=C(C=C2)C3=CC=CC=C3,O,473.0,K,-2.93923
C1=CC=C(C=C1)C2=CC=C(C=C2)C3=CC=CC=C3,O,483.0,K,-2.73226
CC(CS(=O)(=O)C1=CC=C(C=C1)F)(C(=O)NC2=CC(=C(C=C2)C#N)C(F)(F)F)O,O,383.15,K,-3.38489
CC(CS(=O)(=O)C1=CC=C(C=C1)F)(C(=O)NC2=CC(=C(C=C2)C#N)C(F)(F)F)O,O,393.15,K,-2.97652
CC(CS(=O)(=O)C1=CC=C(C=C1)F)(C(=O)NC2=CC(=C(C=C2)C#N)C(F)(F)F)O,O,403.15,K,-2.78886
CC(CS(=O)(=O)C1=CC=C(C=C1)F)(C(=O)NC2=CC(=C(C=C2)C#N)C(F)(F)F)O,O,413.15,K,-2.41016
CC(CS(=O)(=O)C1=CC=C(C=C1)F)(C(=O)NC2=CC(=C(C=C2)C#N)C(F)(F)F)O,O,423.15,K,-1.95129
CC(CS(=O)(=O)C1=CC=C(C=C1)F)(C(=O)NC2=CC(=C(C=C2)C#N)C(F)(F)F)O,O,433.15,K,-1.73678
CC(CS(=O)(=O)C1=CC=C(C=C1)F)(C(=O)NC2=CC(=C(C=C2)C#N)C(F)(F)F)O,O,443.15,K,-1.51154
C1=CC2=C3C(=C1)C4=CC=CC5=C4C(=CC=C5)C3=CC=C2,O,298.0,K,-8.77942
C1=CC2=C3C(=C1)C4=CC=CC5=C4C(=CC=C5)C3=CC=C2,O,323.0,K,-7.79839
C1=CC2=C3C(=C1)C4=CC=CC5=C4C(=CC=C5)C3=CC=C2,O,373.0,K,-6.95197
C1=CC2=C3C(=C1)C4=CC=CC5=C4C(=CC=C5)C3=CC=C2,O,423.0,K,-5.21869
C1=CC2=C3C(=C1)C4=CC=CC5=C4C(=CC=C5)C3=CC=C2,O,473.0,K,-3.62228
C1=CC=C2C(=C1)C(=O)C3=CC4=C(C=C3N2)C(=O)C5=CC=CC=C5N4,O,453.4,K,-5.0265
C1=CC=C2C(=C1)C(=O)C3=CC4=C(C=C3N2)C(=O)C5=CC=CC=C5N4,O,462.9,K,-4.85914
C1=CC=C2C(=C1)C(=O)C3=CC4=C(C=C3N2)C(=O)C5=CC=CC=C5N4,O,473.9,K,-4.73579
C1=CC=C2C(=C1)C(=O)C3=CC4=C(C=C3N2)C(=O)C5=CC=CC=C5N4,O,498.6,K,-4.3874
C1=CC=C2C(=C1)C(=O)C3=CC4=C(C=C3N2)C(=O)C5=CC=CC=C5N4,O,508.2,K,-4.11691
C1=CC=C2C(=C1)C(=O)C3=CC4=C(C=C3N2)C(=O)C5=CC=CC=C5N4,O,522.5,K,-3.71518
C1=CC=C2C(=C1)C(=O)C3=CC4=C(C=C3N2)C(=O)C5=CC=CC=C5N4,O,549.0,K,-3.38905
C1=CC=C2C(=C1)C(=O)C3=CC4=C(C=C3N2)C(=O)C5=CC=CC=C5N4,O,563.5,K,-3.08336
C1=CC=C2C(=C1)C(=O)C3=CC4=C(C=C3N2)C(=O)C5=CC=CC=C5N4,O,573.0,K,-2.86333
C1=CC=C2C(=C1)C(=O)C3=CC4=C(C=C3N2)C(=O)C5=CC=CC=C5N4,O,583.5,K,-2.67221
C1=CC=C2C(=C1)C(=O)C3=CC4=C(C=C3N2)C(=O)C5=CC=CC=C5N4,O,592.9,K,-2.39866
C1=CC=C(C=C1)C2=C3C=CC=CC3=CC4=CC=CC=C42,O,313.2,K,-7.37985
C1=CC=C(C=C1)C2=C3C=CC=CC3=CC4=CC=CC=C42,O,333.2,K,-6.72636
C1=CC=C(C=C1)C2=C3C=CC=CC3=CC4=CC=CC=C42,O,353.2,K,-6.20359
C1=CC=C(C=C1)C2=C3C=CC=CC3=CC4=CC=CC=C42,O,373.2,K,-5.66485
C1=CC=C(C=C1)C2=C3C=CC=CC3=CC4=CC=CC=C42,O,393.2,K,-5.05318
C1=CC=C(C=C1)C2=C3C=CC=CC3=CC4=CC=CC=C42,O,413.2,K,-4.46716
C1=CC=C(C=C1)C2=C3C=CC=CC3=CC4=CC=CC=C42,O,423.2,K,-4.21877
CN(C)CCC[C@@]1(C2=C(CO1)C=C(C=C2)C#N)C3=CC=C(C=C3)F,O,298.0,K,-1.22265
CN(C)CCC[C@@]1(C2=C(CO1)C=C(C=C2)C#N)C3=CC=C(C=C3)F,O,323.0,K,-0.75835
CN(C)CCC[C@@]1(C2=C(CO1)C=C(C=C2)C#N)C3=CC=C(C=C3)F,O,348.0,K,-0.36411
CN(C)CCC[C@@]1(C2=C(CO1)C=C(C=C2)C#N)C3=CC=C(C=C3)F,O,373.0,K,-0.06223
CN(C)CCC[C@@]1(C2=C(CO1)C=C(C=C2)C#N)C3=CC=C(C=C3)F,O,398.0,K,0.06673
CC1=C[C@@H]2[C@H](CC[C@]3([C@H]2CC[C@@]3(C(=O)C)OC(=O)C)C)[C@@]4(C1=CC(=O)CC4)C,O,383.15,K,-3.85116
CC1=C[C@@H]2[C@H](CC[C@]3([C@H]2CC[C@@]3(C(=O)C)OC(=O)C)C)[C@@]4(C1=CC(=O)CC4)C,O,393.15,K,-3.71795
CC1=C[C@@H]2[C@H](CC[C@]3([C@H]2CC[C@@]3(C(=O)C)OC(=O)C)C)[C@@]4(C1=CC(=O)CC4)C,O,403.15,K,-3.24071
CC1=C[C@@H]2[C@H](CC[C@]3([C@H]2CC[C@@]3(C(=O)C)OC(=O)C)C)[C@@]4(C1=CC(=O)CC4)C,O,413.15,K,-3.00604
CC1=C[C@@H]2[C@H](CC[C@]3([C@H]2CC[C@@]3(C(=O)C)OC(=O)C)C)[C@@]4(C1=CC(=O)CC4)C,O,423.15,K,-2.74892
CC1=C[C@@H]2[C@H](CC[C@]3([C@H]2CC[C@@]3(C(=O)C)OC(=O)C)C)[C@@]4(C1=CC(=O)CC4)C,O,433.15,K,-2.50214
CC1=C[C@@H]2[C@H](CC[C@]3([C@H]2CC[C@@]3(C(=O)C)OC(=O)C)C)[C@@]4(C1=CC(=O)CC4)C,O,443.15,K,-2.31097
CCCC1O[C@@H]2C[C@H]3[C@@H]4CCC5=CC(=O)C=C[C@@]5([C@H]4[C@H](C[C@@]3([C@@]2(O1)C(=O)CO)C)O)C,O,293.2,K,-4.44129
CCCC1O[C@@H]2C[C@H]3[C@@H]4CCC5=CC(=O)C=C[C@@]5([C@H]4[C@H](C[C@@]3([C@@]2(O1)C(=O)CO)C)O)C,O,298.2,K,-4.38722
CCCC1O[C@@H]2C[C@H]3[C@@H]4CCC5=CC(=O)C=C[C@@]5([C@H]4[C@H](C[C@@]3([C@@]2(O1)C(=O)CO)C)O)C,O,303.2,K,-4.284
CCCC1O[C@@H]2C[C@H]3[C@@H]4CCC5=CC(=O)C=C[C@@]5([C@H]4[C@H](C[C@@]3([C@@]2(O1)C(=O)CO)C)O)C,O,308.2,K,-4.22695
CCCC1O[C@@H]2C[C@H]3[C@@H]4CCC5=CC(=O)C=C[C@@]5([C@H]4[C@H](C[C@@]3([C@@]2(O1)C(=O)CO)C)O)C,O,313.2,K,-4.17198
CCCC1O[C@@H]2C[C@H]3[C@@H]4CCC5=CC(=O)C=C[C@@]5([C@H]4[C@H](C[C@@]3([C@@]2(O1)C(=O)CO)C)O)C,O,298.0,K,-4.18709
CCCC1O[C@@H]2C[C@H]3[C@@H]4CCC5=CC(=O)C=C[C@@]5([C@H]4[C@H](C[C@@]3([C@@]2(O1)C(=O)CO)C)O)C,O,373.0,K,-3.52221
CCCC1O[C@@H]2C[C@H]3[C@@H]4CCC5=CC(=O)C=C[C@@]5([C@H]4[C@H](C[C@@]3([C@@]2(O1)C(=O)CO)C)O)C,O,403.0,K,-3.09759
CCCC1O[C@@H]2C[C@H]3[C@@H]4CCC5=CC(=O)C=C[C@@]5([C@H]4[C@H](C[C@@]3([C@@]2(O1)C(=O)CO)C)O)C,O,413.0,K,-2.96549
CCCC1O[C@@H]2C[C@H]3[C@@H]4CCC5=CC(=O)C=C[C@@]5([C@H]4[C@H](C[C@@]3([C@@]2(O1)C(=O)CO)C)O)C,O,423.0,K,-2.82892
CCCC1O[C@@H]2C[C@H]3[C@@H]4CCC5=CC(=O)C=C[C@@]5([C@H]4[C@H](C[C@@]3([C@@]2(O1)C(=O)CO)C)O)C,O,433.0,K,-2.56553
CCCC1O[C@@H]2C[C@H]3[C@@H]4CCC5=CC(=O)C=C[C@@]5([C@H]4[C@H](C[C@@]3([C@@]2(O1)C(=O)CO)C)O)C,O,443.0,K,-2.52084
CCCC1O[C@@H]2C[C@H]3[C@@H]4CCC5=CC(=O)C=C[C@@]5([C@H]4[C@H](C[C@@]3([C@@]2(O1)C(=O)CO)C)O)C,O,453.0,K,-2.48133
CCCC1O[C@@H]2C[C@H]3[C@@H]4CCC5=CC(=O)C=C[C@@]5([C@H]4[C@H](C[C@@]3([C@@]2(O1)C(=O)CO)C)O)C,O,473.0,K,-2.32469
CCC(=O)OCC(=O)[C@]1([C@H](C[C@@H]2[C@@]1(C[C@@H]([C@]3([C@H]2CCC4=CC(=O)C=C[C@@]43C)Cl)O)C)C)OC(=O)CC,O,383.15,K,-3.98149
CCC(=O)OCC(=O)[C@]1([C@H](C[C@@H]2[C@@]1(C[C@@H]([C@]3([C@H]2CCC4=CC(=O)C=C[C@@]43C)Cl)O)C)C)OC(=O)CC,O,393.15,K,-3.92443
CCC(=O)OCC(=O)[C@]1([C@H](C[C@@H]2[C@@]1(C[C@@H]([C@]3([C@H]2CCC4=CC(=O)C=C[C@@]43C)Cl)O)C)C)OC(=O)CC,O,403.15,K,-3.78478
CCC(=O)OCC(=O)[C@]1([C@H](C[C@@H]2[C@@]1(C[C@@H]([C@]3([C@H]2CCC4=CC(=O)C=C[C@@]43C)Cl)O)C)C)OC(=O)CC,O,413.15,K,-3.64064
CCC(=O)OCC(=O)[C@]1([C@H](C[C@@H]2[C@@]1(C[C@@H]([C@]3([C@H]2CCC4=CC(=O)C=C[C@@]43C)Cl)O)C)C)OC(=O)CC,O,423.15,K,-3.37365
CCC(=O)OCC(=O)[C@]1([C@H](C[C@@H]2[C@@]1(C[C@@H]([C@]3([C@H]2CCC4=CC(=O)C=C[C@@]43C)Cl)O)C)C)OC(=O)CC,O,433.15,K,-3.15918
CCC(=O)OCC(=O)[C@]1([C@H](C[C@@H]2[C@@]1(C[C@@H]([C@]3([C@H]2CCC4=CC(=O)C=C[C@@]43C)Cl)O)C)C)OC(=O)CC,O,443.15,K,-2.97826
CC[C@@H]1[C@@]([C@@H]([C@H](C(=O)[C@@H](C[C@@]([C@@H]([C@H]([C@@H]([C@H](C(=O)O1)C)O[C@H]2C[C@@]([C@H]([C@@H](O2)C)O)(C)OC)C)O[C@H]3[C@@H]([C@H](C[C@H](O3)C)N(C)C)O)(C)OC)C)C)O)(C)O,O,383.15,K,-1.73043
CC[C@@H]1[C@@]([C@@H]([C@H](C(=O)[C@@H](C[C@@]([C@@H]([C@H]([C@@H]([C@H](C(=O)O1)C)O[C@H]2C[C@@]([C@H]([C@@H](O2)C)O)(C)OC)C)O[C@H]3[C@@H]([C@H](C[C@H](O3)C)N(C)C)O)(C)OC)C)C)O)(C)O,O,393.15,K,-1.6378
CC[C@@H]1[C@@]([C@@H]([C@H](C(=O)[C@@H](C[C@@]([C@@H]([C@H]([C@@H]([C@H](C(=O)O1)C)O[C@H]2C[C@@]([C@H]([C@@H](O2)C)O)(C)OC)C)O[C@H]3[C@@H]([C@H](C[C@H](O3)C)N(C)C)O)(C)OC)C)C)O)(C)O,O,403.15,K,-1.58919
CC[C@@H]1[C@@]([C@@H]([C@H](C(=O)[C@@H](C[C@@]([C@@H]([C@H]([C@@H]([C@H](C(=O)O1)C)O[C@H]2C[C@@]([C@H]([C@@H](O2)C)O)(C)OC)C)O[C@H]3[C@@H]([C@H](C[C@H](O3)C)N(C)C)O)(C)OC)C)C)O)(C)O,O,413.15,K,-1.49638
CC[C@@H]1[C@@]([C@@H]([C@H](C(=O)[C@@H](C[C@@]([C@@H]([C@H]([C@@H]([C@H](C(=O)O1)C)O[C@H]2C[C@@]([C@H]([C@@H](O2)C)O)(C)OC)C)O[C@H]3[C@@H]([C@H](C[C@H](O3)C)N(C)C)O)(C)OC)C)C)O)(C)O,O,423.15,K,-6.32218
CC[C@@H]1[C@@]([C@@H]([C@H](C(=O)[C@@H](C[C@@]([C@@H]([C@H]([C@@H]([C@H](C(=O)O1)C)O[C@H]2C[C@@]([C@H]([C@@H](O2)C)O)(C)OC)C)O[C@H]3[C@@H]([C@H](C[C@H](O3)C)N(C)C)O)(C)OC)C)C)O)(C)O,O,433.15,K,-1.12406
CC[C@@H]1[C@@]([C@@H]([C@H](C(=O)[C@@H](C[C@@]([C@@H]([C@H]([C@@H]([C@H](C(=O)O1)C)O[C@H]2C[C@@]([C@H]([C@@H](O2)C)O)(C)OC)C)O[C@H]3[C@@H]([C@H](C[C@H](O3)C)N(C)C)O)(C)OC)C)C)O)(C)O,O,443.15,K,-0.94759
CC1=C(C(CCC1)(C)C)/C=C/C(=C/C=C/C(=C/C=C/C=C(/C=C/C=C(/C=C/C2=C(CCCC2(C)C)C)\C)\C)/C)/C,O,298.15,K,-6.22151
CC1=C(C(CCC1)(C)C)/C=C/C(=C/C=C/C(=C/C=C/C=C(/C=C/C=C(/C=C/C2=C(CCCC2(C)C)C)\C)\C)/C)/C,O,363.15,K,-4.8999
CC1=C(C(CCC1)(C)C)/C=C/C(=C/C=C/C(=C/C=C/C=C(/C=C/C=C(/C=C/C2=C(CCCC2(C)C)C)\C)\C)/C)/C,O,373.15,K,-4.68032
CC1=C(C(CCC1)(C)C)/C=C/C(=C/C=C/C(=C/C=C/C=C(/C=C/C=C(/C=C/C2=C(CCCC2(C)C)C)\C)\C)/C)/C,O,383.15,K,-4.48873
CC1=C(C(CCC1)(C)C)/C=C/C(=C/C=C/C(=C/C=C/C=C(/C=C/C=C(/C=C/C2=C(CCCC2(C)C)C)\C)\C)/C)/C,O,393.15,K,-4.25799
CC1=C(C(CCC1)(C)C)/C=C/C(=C/C=C/C(=C/C=C/C=C(/C=C/C=C(/C=C/C2=C(CCCC2(C)C)C)\C)\C)/C)/C,O,403.15,K,-4.20895
CC(C)(C)C1=CC2=C(C(=C1)CC3=CC(=CC(=C3O)CC4=CC(=CC(=C4O)CC5=C(C(=CC(=C5)C(C)(C)C)C2)O)C(C)(C)C)C(C)(C)C)O,O,433.2,K,-6.65581
CC(C)(C)C1=CC2=C(C(=C1)CC3=CC(=CC(=C3O)CC4=CC(=CC(=C4O)CC5=C(C(=CC(=C5)C(C)(C)C)C2)O)C(C)(C)C)C(C)(C)C)O,O,453.2,K,-6.08601
CC(C)(C)C1=CC2=C(C(=C1)CC3=CC(=CC(=C3O)CC4=CC(=CC(=C4O)CC5=C(C(=CC(=C5)C(C)(C)C)C2)O)C(C)(C)C)C(C)(C)C)O,O,473.2,K,-5.45567
CC(C)(C)C1=CC2=C(C(=C1)CC3=CC(=CC(=C3O)CC4=CC(=CC(=C4O)CC5=C(C(=CC(=C5)C(C)(C)C)C2)O)C(C)(C)C)C(C)(C)C)O,O,493.2,K,-4.67262
CC(C)(C)C1=CC2=C(C(=C1)CC3=CC(=CC(=C3O)CC4=CC(=CC(=C4O)CC5=C(C(=CC(=C5)C(C)(C)C)C2)O)C(C)(C)C)C(C)(C)C)O,O,513.2,K,-3.94202
C1=C(C(=O)NC(=O)N1)F,O,298.0,K,-1.02792
C1=C(C(=O)NC(=O)N1)F,O,323.0,K,-0.79863
C1=C(C(=O)NC(=O)N1)F,O,373.0,K,-0.4798
C1=C(C(=O)NC(=O)N1)F,O,423.0,K,-0.19903
C1=C(C(=O)NC(=O)N1)F,O,448.0,K,-0.10052
C1=C(C(=O)NC(=O)N1)F,O,473.0,K,-0.00485
C(CCC(=O)O)CC(=O)O,CC(=O)O,297.93,K,-0.45625
C(CCC(=O)O)CC(=O)O,CC(=O)O,302.7,K,-0.35955
C(CCC(=O)O)CC(=O)O,CC(=O)O,306.65,K,-0.30365
C(CCC(=O)O)CC(=O)O,CC(=O)O,311.67,K,-0.22298
C(CCC(=O)O)CC(=O)O,CC(=O)O,315.2,K,-0.16349
C(CCC(=O)O)CC(=O)O,CC(=O)O,319.33,K,-0.1041
C(CCC(=O)O)CC(=O)O,CC(=O)O,323.49,K,-0.03908
C(CCC(=O)O)CC(=O)O,CC(=O)O,326.57,K,0.00706
C(CCC(=O)O)CC(=O)O,CC(=O)O,329.3,K,0.04765
C(CCC(=O)O)CC(=O)O,CC(=O)O,332.85,K,0.09681
C(CCC(=O)O)CC(=O)O,CC(=O)O,335.77,K,0.16204
C(CCC(=O)O)CC(=O)O,CC(=O)O,339.55,K,0.2171
C(CCC(=O)O)CC(=O)O,CC(=O)O,344.53,K,0.27171
C(CCC(=O)O)CC(=O)O,CC(=O)O,347.65,K,0.31705
C(CCC(=O)O)CC(=O)O,CC(=O)O,303.0,K,-0.33502
C(CCC(=O)O)CC(=O)O,CC(=O)O,313.0,K,-0.18156
C(CCC(=O)O)CC(=O)O,CC(=O)O,323.0,K,0.02632
C(CCC(=O)O)CC(=O)O,CC(=O)O,333.0,K,0.19213
C(CCC(=O)O)CC(=O)O,CC(=O)O,343.0,K,0.33708
C(CCC(=O)O)CC(=O)O,CC(=O)O,353.0,K,0.45025
C(CCC(=O)O)CC(=O)O,CC(=O)O,363.0,K,0.62524
C(CCC(=O)O)CC(=O)O,CC(=O)O,373.0,K,0.75553
C(CCC(=O)O)CC(=O)O,CC(=O)O,383.0,K,0.874
C(CCC(=O)O)CC(=O)O,O=C1CCCCC1,292.75,K,-0.99296
C(CCC(=O)O)CC(=O)O,O=C1CCCCC1,294.55,K,-0.97006
C(CCC(=O)O)CC(=O)O,O=C1CCCCC1,297.23,K,-0.86451
C(CCC(=O)O)CC(=O)O,O=C1CCCCC1,298.75,K,-0.84072
C(CCC(=O)O)CC(=O)O,O=C1CCCCC1,302.35,K,-0.79998
C(CCC(=O)O)CC(=O)O,O=C1CCCCC1,304.09,K,-0.77672
C(CCC(=O)O)CC(=O)O,O=C1CCCCC1,312.55,K,-0.6306
C(CCC(=O)O)CC(=O)O,O=C1CCCCC1,318.4,K,-0.47607
C(CCC(=O)O)CC(=O)O,O=C1CCCCC1,327.55,K,-0.35414
C(CCC(=O)O)CC(=O)O,O=C1CCCCC1,339.05,K,-0.17248
C(CCC(=O)O)CC(=O)O,O=C1CCCCC1,349.85,K,0.0163
C(CCC(=O)O)CC(=O)O,O=C1CCCCC1,355.15,K,0.12637
C(CCC(=O)O)CC(=O)O,O=C1CCCCC1,303.0,K,-0.89967
C(CCC(=O)O)CC(=O)O,O=C1CCCCC1,313.0,K,-0.73391
C(CCC(=O)O)CC(=O)O,O=C1CCCCC1,323.0,K,-0.50811
C(CCC(=O)O)CC(=O)O,O=C1CCCCC1,333.0,K,-0.31951
C(CCC(=O)O)CC(=O)O,O=C1CCCCC1,343.0,K,-0.13334
C(CCC(=O)O)CC(=O)O,O=C1CCCCC1,353.0,K,0.00527
C(CCC(=O)O)CC(=O)O,O=C1CCCCC1,363.0,K,0.15186
C(CCC(=O)O)CC(=O)O,O=C1CCCCC1,373.0,K,0.28565
C(CCC(=O)O)CC(=O)O,O=C1CCCCC1,383.0,K,0.38031
C(CCC(=O)O)CC(=O)O,O=C1CCCCC1,393.0,K,0.46798
C(CCC(=O)O)CC(=O)O,OC1CCCCC1,298.8,K,-1.79332
C(CCC(=O)O)CC(=O)O,OC1CCCCC1,301.35,K,-0.99138
C(CCC(=O)O)CC(=O)O,OC1CCCCC1,306.43,K,-0.75682
C(CCC(=O)O)CC(=O)O,OC1CCCCC1,308.75,K,-0.58822
C(CCC(=O)O)CC(=O)O,OC1CCCCC1,311.95,K,-0.42448
C(CCC(=O)O)CC(=O)O,OC1CCCCC1,317.65,K,-0.27408
C(CCC(=O)O)CC(=O)O,OC1CCCCC1,322.9,K,-0.176
C(CCC(=O)O)CC(=O)O,OC1CCCCC1,329.45,K,-0.07101
C(CCC(=O)O)CC(=O)O,OC1CCCCC1,334.75,K,-0.00105
C(CCC(=O)O)CC(=O)O,OC1CCCCC1,340.1,K,0.06519
C(CCC(=O)O)CC(=O)O,OC1CCCCC1,344.9,K,0.12732
C(CCC(=O)O)CC(=O)O,OC1CCCCC1,352.47,K,0.21582
C(CCC(=O)O)CC(=O)O,OC1CCCCC1,303.0,K,-0.84338
C(CCC(=O)O)CC(=O)O,OC1CCCCC1,313.0,K,-0.48322
C(CCC(=O)O)CC(=O)O,OC1CCCCC1,323.0,K,-0.20225
C(CCC(=O)O)CC(=O)O,OC1CCCCC1,333.0,K,-0.0618
C(CCC(=O)O)CC(=O)O,OC1CCCCC1,343.0,K,0.11043
C(CCC(=O)O)CC(=O)O,OC1CCCCC1,353.0,K,0.21196
C(CCC(=O)O)CC(=O)O,OC1CCCCC1,363.0,K,0.32665
C(CCC(=O)O)CC(=O)O,OC1CCCCC1,373.0,K,0.43627
C(CCC(=O)O)CC(=O)O,OC1CCCCC1,383.0,K,0.54482
C(CCC(=O)O)CC(=O)O,OC1CCCCC1,393.0,K,0.63033
C(CCC(=O)O)CC(=O)O,O,278.15,K,-1.1622
C(CCC(=O)O)CC(=O)O,O,283.15,K,-1.09968
C(CCC(=O)O)CC(=O)O,O,288.15,K,-0.96468
C(CCC(=O)O)CC(=O)O,O,293.15,K,-0.87687
C(CCC(=O)O)CC(=O)O,O,298.15,K,-0.76807
C(CCC(=O)O)CC(=O)O,O,303.15,K,-0.67483
C(CCC(=O)O)CC(=O)O,O,308.15,K,-0.57911
C(CCC(=O)O)CC(=O)O,O,313.15,K,-0.46454
C(CCC(=O)O)CC(=O)O,O,318.15,K,-0.33206
C(CCC(=O)O)CC(=O)O,O,323.15,K,-0.22262
C(CCC(=O)O)CC(=O)O,O,328.15,K,-0.07667
C(CCC(=O)O)CC(=O)O,O,333.15,K,0.07569
C(CCC(=O)O)CC(=O)O,O,338.15,K,0.13099
C(CCC(=O)O)CC(=O)O,O,303.0,K,-0.65352
C(CCC(=O)O)CC(=O)O,O,313.0,K,-0.47819
C(CCC(=O)O)CC(=O)O,O,323.0,K,-0.30261
C(CCC(=O)O)CC(=O)O,O,333.0,K,-0.08338
C(CCC(=O)O)CC(=O)O,O,343.0,K,0.08661
C(CCC(=O)O)CC(=O)O,O,353.0,K,0.23699
C(CCC(=O)O)CC(=O)O,O,363.0,K,0.34422
C(CCC(=O)O)CC(=O)O,O,373.0,K,0.42842
C(CCC(=O)O)CC(=O)O,O,383.0,K,0.5069
C(CCC(=O)O)CC(=O)O,O,393.0,K,0.57699
C(CCC(=O)O)CC(=O)O,O,403.0,K,0.66109
CCNC1=NC(=NC(=N1)Cl)NCC,O,323.0,K,-4.07292
CCNC1=NC(=NC(=N1)Cl)NCC,O,348.0,K,-3.58736
CCNC1=NC(=NC(=N1)Cl)NCC,O,373.0,K,-2.92315
C1=CC=C(C=C1)C(=O)O,CN(C)C=O,294.75,K,1.051
C1=CC=C(C=C1)C(=O)O,CN(C)C=O,298.75,K,1.0637
C1=CC=C(C=C1)C(=O)O,CN(C)C=O,301.05,K,1.07125
C1=CC=C(C=C1)C(=O)O,CN(C)C=O,302.15,K,1.07726
C1=CC=C(C=C1)C(=O)O,CN(C)C=O,306.35,K,1.08732
C1=CC=C(C=C1)C(=O)O,CN(C)C=O,310.05,K,1.09884
C1=CC=C(C=C1)C(=O)O,CN(C)C=O,312.15,K,1.10602
C1=CC=C(C=C1)C(=O)O,CN(C)C=O,316.55,K,1.1214
C1=CC=C(C=C1)C(=O)O,CN(C)C=O,319.35,K,1.13267
C1=CC=C(C=C1)C(=O)O,CN(C)C=O,323.35,K,1.14893
C1=CC=C(C=C1)C(=O)O,CN(C)C=O,325.65,K,1.15792
C1=CC=C(C=C1)C(=O)O,CN(C)C=O,329.05,K,1.17216
C1=CC=C(C=C1)C(=O)O,CN(C)C=O,331.85,K,1.18698
C1=CC=C(C=C1)C(=O)O,CN(C)C=O,336.45,K,1.21012
C1=CC=C(C=C1)C(=O)O,CN(C)C=O,340.05,K,1.22795
C1=CC=C(C=C1)C(=O)O,CN(C)C=O,343.35,K,1.24903
C1=CC=C(C=C1)C(=O)O,CN(C)C=O,346.05,K,1.26855
C1=CC=C(C=C1)C(=O)O,CN(C)C=O,348.75,K,1.28917
C1=CC=C(C=C1)C(=O)O,CN(C)C=O,351.25,K,1.30759
C1=CC=C(C=C1)C(=O)O,CN(C)C=O,355.55,K,1.34878
C1=CC=C(C=C1)C(=O)O,CN(C)C=O,358.05,K,1.3731
C1=CC=C(C=C1)C(=O)O,CN(C)C=O,362.85,K,1.42314
C1=CC=C(C=C1)C(=O)O,CN(C)C=O,366.85,K,1.47426
C1=CC=C(C=C1)C(=O)O,CN(C)C=O,369.65,K,1.51825
C1=CC=C(C=C1)C(=O)O,O,281.15,K,-1.75875
C1=CC=C(C=C1)C(=O)O,O,295.65,K,-1.52701
C1=CC=C(C=C1)C(=O)O,O,300.15,K,-1.47002
C1=CC=C(C=C1)C(=O)O,O,305.15,K,-1.40256
C1=CC=C(C=C1)C(=O)O,O,309.65,K,-1.39408
C1=CC=C(C=C1)C(=O)O,O,318.15,K,-1.23225
C1=CC=C(C=C1)C(=O)O,O,333.15,K,-1.01811
C1=CC=C(C=C1)C(=O)O,O,337.15,K,-0.92753
C1=CC=C(C=C1)C(=O)O,O,297.75,K,-1.56171
C1=CC=C(C=C1)C(=O)O,O,315.55,K,-1.29052
C1=CC=C(C=C1)C(=O)O,O,330.95,K,-1.05244
C1=CC=C(C=C1)C(=O)O,O,347.25,K,-0.77629
C1=CC=C(C=C1)C(=O)O,O,356.25,K,-0.59496
C1=CC=C(C=C1)C(=O)O,O,361.45,K,-0.48058
C1=CC=C(C=C1)C(=O)O,O,366.35,K,-0.3308
C1=CC=C(C=C1)C(=O)O,O,298.0,K,-0.90922
C1=CC=C(C=C1)C(=O)O,O,323.0,K,-0.57113
C1=CC=C(C=C1)C(=O)O,O,348.0,K,-0.22449
C1=CC=C(C=C1)C(=O)O,O,373.0,K,0.35011
C1=CC=C(C=C1)C(=O)O,O,393.15,K,-0.08904
C1=CC=C(C=C1)C(=O)O,O,383.15,K,-0.25885
C1=CC=C(C=C1)C(=O)O,O,373.15,K,-0.30993
C1=CC=C(C=C1)C(=O)O,O,363.15,K,-0.46907
C1=CC=C(C=C1)C(=O)O,O,353.15,K,-0.64393
C1=CC=C(C=C1)C(=O)O,O,343.15,K,-0.83601
C1=CC=C(C=C1)C(=O)O,O,333.15,K,-1.00462
C1=CC=C(C=C1)C(=O)O,O,323.15,K,-1.1048
C1=CC=C(C=C1)C(=O)O,O,313.15,K,-1.30915
C1=CC=C(C=C1)C(=O)O,O,303.15,K,-1.46476
C1=CC=C(C=C1)C(=O)O,O,299.35,K,-1.45919
C1=CC=C(C=C1)C(=O)O,O,304.75,K,-1.41783
C1=CC=C(C=C1)C(=O)O,O,310.05,K,-1.37029
C1=CC=C(C=C1)C(=O)O,O,316.95,K,-1.29456
C1=CC=C(C=C1)C(=O)O,O,321.25,K,-1.25502
C1=CC=C(C=C1)C(=O)O,O,326.85,K,-1.16953
C1=CC=C(C=C1)C(=O)O,O,332.45,K,-1.06242
C1=CC=C(C=C1)C(=O)O,O,337.75,K,-0.95684
C1=CC=C(C=C1)C(=O)O,O,343.25,K,-0.85013
C1=CC=C(C=C1)C(=O)O,O,349.15,K,-0.73368
C1=CC=C(C=C1)C(=O)O,O,355.35,K,-0.60086
C1=CC=C(C=C1)C(=O)O,O,360.65,K,-0.47949
C1=CC=C(C(=C1)C(=O)O)O,O,283.15,K,-2.06245
C1=CC=C(C(=C1)C(=O)O)O,O,288.15,K,-2.00283
C1=CC=C(C(=C1)C(=O)O)O,O,293.15,K,-1.93815
C1=CC=C(C(=C1)C(=O)O)O,O,298.15,K,-1.86374
C1=CC=C(C(=C1)C(=O)O)O,O,303.15,K,-1.77441
C1=CC=C(C(=C1)C(=O)O)O,O,308.15,K,-1.69278
C1=CC=C(C(=C1)C(=O)O)O,O,313.15,K,-1.60359
C1=CC=C(C(=C1)C(=O)O)O,O,318.15,K,-1.5186
C1=CC=C(C(=C1)C(=O)O)O,O,323.15,K,-1.42668
C1=CC=C(C(=C1)C(=O)O)O,O,298.0,K,-1.58516
C1=CC=C(C(=C1)C(=O)O)O,O,323.0,K,-0.45045
C1=CC=C(C(=C1)C(=O)O)O,O,348.0,K,-0.14102
C1=CC=C(C(=C1)C(=O)O)O,O,373.0,K,0.02213
C1=CC=C(C(=C1)C(=O)O)O,O,398.0,K,0.6693
C1=CC=C(C(=C1)C(=O)O)O,O,423.0,K,0.75746
C1=CC(=C(C=C1C(=O)O)O)O,O,293.15,K,-0.92843
C1=CC(=C(C=C1C(=O)O)O)O,O,298.15,K,-0.90785
C1=CC(=C(C=C1C(=O)O)O)O,O,303.15,K,-0.89733
C1=CC(=C(C=C1C(=O)O)O)O,O,308.15,K,-0.88065
C1=CC(=C(C=C1C(=O)O)O)O,O,313.15,K,-0.87012
C1=CC(=C(C=C1C(=O)O)O)O,O,318.15,K,-0.85279
C1=CC(=C(C=C1C(=O)O)O)O,O,298.75,K,-0.71925
C1=CC(=C(C=C1C(=O)O)O)O,O,314.65,K,-0.54119
C1=CC(=C(C=C1C(=O)O)O)O,O,334.95,K,-0.2085
C1=CC(=C(C=C1C(=O)O)O)O,O,355.25,K,0.05544
C1=CC(=C(C=C1C(=O)O)O)O,O,375.35,K,0.2967
C1=CC(=C(C=C1C(=O)O)O)O,O,395.65,K,0.70058
C1=CC(=C(C=C1C(=O)O)O)O,O,415.85,K,0.88429
C1=C(C=C(C(=C1O)O)O)C(=O)O.O,O,298.75,K,-1.16029
C1=C(C=C(C(=C1O)O)O)C(=O)O.O,O,314.65,K,-0.87629
C1=C(C=C(C(=C1O)O)O)C(=O)O.O,O,334.95,K,-0.35151
C1=C(C=C(C(=C1O)O)O)C(=O)O.O,O,355.25,K,0.05005
C1=C(C=C(C(=C1O)O)O)C(=O)O.O,O,375.35,K,0.45168
C1=C(C=C(C(=C1O)O)O)C(=O)O.O,O,395.65,K,0.72577
C1=C(C=C(C(=C1O)O)O)C(=O)O.O,O,415.85,K,1.18365
C(#N)C1=C(C(=C(C(=C1Cl)Cl)Cl)C#N)Cl,O,298.0,K,-8.00127
C(#N)C1=C(C(=C(C(=C1Cl)Cl)Cl)C#N)Cl,O,323.0,K,-7.35769
C(#N)C1=C(C(=C(C(=C1Cl)Cl)Cl)C#N)Cl,O,373.0,K,-5.82703
C(#N)C1=C(C(=C(C(=C1Cl)Cl)Cl)C#N)Cl,O,423.0,K,-4.32014
C(#N)C1=C(C(=C(C(=C1Cl)Cl)Cl)C#N)Cl,O,473.0,K,-2.95203
CCNC1=NC(=NC(=N1)Cl)NC(C)C,O,323.0,K,-4.48753
CCNC1=NC(=NC(=N1)Cl)NC(C)C,O,348.0,K,-3.01041
CCNC1=NC(=NC(=N1)Cl)NC(C)C,O,373.0,K,-2.63366
CCNC1=NC(=NC(=N1)Cl)NC(C)C,O,398.0,K,-2.08221
CCNC1=NC(=NC(=N1)Cl)NC(C)C,O,398.0,K,-2.08465
C1=CC(=CC=C1C=O)C(=O)O,CC(=O)O,293.15,K,-1.76439
C1=CC(=CC=C1C=O)C(=O)O,CC(=O)O,298.15,K,-1.71163
C1=CC(=CC=C1C=O)C(=O)O,CC(=O)O,303.15,K,-1.6597
C1=CC(=CC=C1C=O)C(=O)O,CC(=O)O,308.15,K,-1.60542
C1=CC(=CC=C1C=O)C(=O)O,CC(=O)O,313.15,K,-1.53569
C1=CC(=CC=C1C=O)C(=O)O,CC(=O)O,318.15,K,-1.45805
C1=CC(=CC=C1C=O)C(=O)O,CC(=O)O,323.15,K,-1.38002
C1=CC(=CC=C1C=O)C(=O)O,CC(=O)O,328.15,K,-1.28825
C1=CC(=CC=C1C=O)C(=O)O,CC(=O)O,333.15,K,-1.20721
C1=CC(=CC=C1C=O)C(=O)O,CC(=O)O,338.15,K,-1.12557
C1=CC(=CC=C1C=O)C(=O)O,CC(=O)O,343.15,K,-1.04343
C1=CC(=CC=C1C=O)C(=O)O,CC(=O)O,348.15,K,-0.95409
C1=CC(=CC=C1C=O)C(=O)O,CC(=O)O,353.15,K,-0.87552
C1=CC(=CC=C1C=O)C(=O)O,CC(=O)O,358.15,K,-0.79526
C1=CC(=CC=C1C=O)C(=O)O,CC(=O)O,363.15,K,-0.71477
C1=CC(=CC=C1C=O)C(=O)O,CC(=O)O,368.15,K,-0.62855
C1=CC(=CC=C1C=O)C(=O)O,CC(=O)O,370.65,K,-0.57496
C1=CC(=CC=C1C=O)C(=O)O,CC(=O)O,303.2,K,-1.36353
C1=CC(=CC=C1C=O)C(=O)O,CC(=O)O,323.2,K,-1.14814
C1=CC(=CC=C1C=O)C(=O)O,CC(=O)O,333.2,K,-1.06799
C1=CC(=CC=C1C=O)C(=O)O,CC(=O)O,343.2,K,-0.97724
C1=CC(=CC=C1C=O)C(=O)O,CC(=O)O,353.2,K,-0.89922
C1=CC(=CC=C1C=O)C(=O)O,CC(=O)O,363.2,K,-0.80833
C1=CC(=CC=C1C=O)C(=O)O,CC(=O)O,373.2,K,-0.67355
C1=CC(=CC=C1C=O)C(=O)O,CC(=O)O,403.2,K,-0.59784
C1=CC(=CC=C1C=O)C(=O)O,CC(=O)O,423.2,K,-0.5035
C1=CC(=CC=C1C=O)C(=O)O,CC(=O)O,433.2,K,-0.45536
C1=CC(=CC=C1C=O)C(=O)O,CC(=O)O,443.2,K,-0.42708
C1=CC(=CC=C1C=O)C(=O)O,CC(=O)O,453.2,K,-0.34537
C1=CC(=CC=C1C=O)C(=O)O,CC(=O)O,463.2,K,-0.28369
C1=CC(=CC=C1C=O)C(=O)O,CC(=O)O,473.2,K,-0.19594
C1=CC(=CC=C1C=O)C(=O)O,CN(C)C=O,313.45,K,0.56485
C1=CC(=CC=C1C=O)C(=O)O,CN(C)C=O,316.55,K,0.57068
C1=CC(=CC=C1C=O)C(=O)O,CN(C)C=O,319.35,K,0.57658
C1=CC(=CC=C1C=O)C(=O)O,CN(C)C=O,322.55,K,0.58286
C1=CC(=CC=C1C=O)C(=O)O,CN(C)C=O,327.55,K,0.59581
C1=CC(=CC=C1C=O)C(=O)O,CN(C)C=O,330.85,K,0.60353
C1=CC(=CC=C1C=O)C(=O)O,CN(C)C=O,334.05,K,0.61095
C1=CC(=CC=C1C=O)C(=O)O,CN(C)C=O,336.35,K,0.61631
C1=CC(=CC=C1C=O)C(=O)O,CN(C)C=O,338.95,K,0.62216
C1=CC(=CC=C1C=O)C(=O)O,CN(C)C=O,344.55,K,0.63459
C1=CC(=CC=C1C=O)C(=O)O,CN(C)C=O,349.45,K,0.64781
C1=CC(=CC=C1C=O)C(=O)O,CN(C)C=O,351.25,K,0.65022
C1=CC(=CC=C1C=O)C(=O)O,CN(C)C=O,354.75,K,0.65834
C1=CC(=CC=C1C=O)C(=O)O,CN(C)C=O,358.25,K,0.66666
C1=CC(=CC=C1C=O)C(=O)O,CN(C)C=O,359.85,K,0.67109
C1=CC(=CC=C1C=O)C(=O)O,CN(C)C=O,364.35,K,0.68078
C1=CC(=CC=C1C=O)C(=O)O,CN(C)C=O,367.75,K,0.68934
C1=CC(=CC=C1C=O)C(=O)O,CN(C)C=O,370.35,K,0.69586
C1=CC(=CC=C1C=O)C(=O)O,CN(C)C=O,298.15,K,0.53497
C1=CC(=CC=C1C=O)C(=O)O,CN(C)C=O,303.15,K,0.54256
C1=CC(=CC=C1C=O)C(=O)O,CN(C)C=O,308.15,K,0.5543
C1=CC(=CC=C1C=O)C(=O)O,CN(C)C=O,313.15,K,0.56432
C1=CC(=CC=C1C=O)C(=O)O,CN(C)C=O,318.15,K,0.57352
C1=CC(=CC=C1C=O)C(=O)O,CN(C)C=O,323.15,K,0.58475
C1=CC(=CC=C1C=O)C(=O)O,CN(C)C=O,328.15,K,0.59777
C1=CC(=CC=C1C=O)C(=O)O,CN(C)C=O,333.15,K,0.60835
C1=CC(=CC=C1C=O)C(=O)O,CN(C)C=O,338.15,K,0.62054
C1=CC(=CC=C1C=O)C(=O)O,CN(C)C=O,343.15,K,0.63078
C1=CC(=CC=C1C=O)C(=O)O,CN(C)C=O,348.15,K,0.64426
C1=CC(=CC=C1C=O)C(=O)O,CN(C)C=O,353.15,K,0.65455
C1=CC(=CC=C1C=O)C(=O)O,CN(C)C=O,358.15,K,0.66659
C1=CC(=CC=C1C=O)C(=O)O,CN(C)C=O,363.15,K,0.67663
C1=CC(=CC=C1C=O)C(=O)O,CN(C)C=O,368.15,K,0.68945
C1=CC(=CC=C1C=O)C(=O)O,CN(C)C=O,370.35,K,0.69595
C1=CC(=CC=C1C=O)C(=O)O,CN1CCCC1=O,296.25,K,0.10465
C1=CC(=CC=C1C=O)C(=O)O,CN1CCCC1=O,300.15,K,0.15761
C1=CC(=CC=C1C=O)C(=O)O,CN1CCCC1=O,306.35,K,0.23334
C1=CC(=CC=C1C=O)C(=O)O,CN1CCCC1=O,308.85,K,0.27234
C1=CC(=CC=C1C=O)C(=O)O,CN1CCCC1=O,312.65,K,0.31525
C1=CC(=CC=C1C=O)C(=O)O,CN1CCCC1=O,317.85,K,0.38338
C1=CC(=CC=C1C=O)C(=O)O,CN1CCCC1=O,321.65,K,0.42775
C1=CC(=CC=C1C=O)C(=O)O,CN1CCCC1=O,322.45,K,0.43578
C1=CC(=CC=C1C=O)C(=O)O,CN1CCCC1=O,326.05,K,0.48331
C1=CC(=CC=C1C=O)C(=O)O,CN1CCCC1=O,329.15,K,0.52016
C1=CC(=CC=C1C=O)C(=O)O,CN1CCCC1=O,331.95,K,0.55331
C1=CC(=CC=C1C=O)C(=O)O,CN1CCCC1=O,335.05,K,0.59233
C1=CC(=CC=C1C=O)C(=O)O,CN1CCCC1=O,337.45,K,0.62107
C1=CC(=CC=C1C=O)C(=O)O,CN1CCCC1=O,338.65,K,0.63689
C1=CC(=CC=C1C=O)C(=O)O,CN1CCCC1=O,340.95,K,0.66699
C1=CC(=CC=C1C=O)C(=O)O,CN1CCCC1=O,341.75,K,0.67624
C1=CC(=CC=C1C=O)C(=O)O,CN1CCCC1=O,353.2,K,0.62881
C1=CC(=CC=C1C=O)C(=O)O,CN1CCCC1=O,357.2,K,0.65279
C1=CC(=CC=C1C=O)C(=O)O,CN1CCCC1=O,361.2,K,0.68104
C1=CC(=CC=C1C=O)C(=O)O,CN1CCCC1=O,365.2,K,0.70302
C1=CC(=CC=C1C=O)C(=O)O,CN1CCCC1=O,369.2,K,0.73201
C1=CC(=CC=C1C=O)C(=O)O,CN1CCCC1=O,373.2,K,0.75864
C1=CC(=CC=C1C=O)C(=O)O,CN1CCCC1=O,377.2,K,0.78313
C1=CC(=CC=C1C=O)C(=O)O,CN1CCCC1=O,381.2,K,0.8167
C1=CC(=CC=C1C=O)C(=O)O,CN1CCCC1=O,385.2,K,0.84352
C1=CC(=CC=C1C=O)C(=O)O,CN1CCCC1=O,389.2,K,0.86793
C1=CC(=CC=C1C=O)C(=O)O,CN1CCCC1=O,393.2,K,0.89638
C1=CC(=CC=C1C=O)C(=O)O,CN1CCCC1=O,397.2,K,0.91792
C1=CC(=CC=C1C=O)C(=O)O,CN1CCCC1=O,401.2,K,0.95007
C1=CC(=CC=C1C=O)C(=O)O,CN1CCCC1=O,405.2,K,0.977
C1=CC(=CC=C1C=O)C(=O)O,CN1CCCC1=O,409.2,K,1.00273
C1=CC(=CC=C1C=O)C(=O)O,CN1CCCC1=O,413.2,K,1.03168
C1=CC(=CC=C1C=O)C(=O)O,CN1CCCC1=O,417.2,K,1.05952
C1=CC(=CC=C1C=O)C(=O)O,CN1CCCC1=O,421.2,K,1.08671
C1=CC(=CC=C1C=O)C(=O)O,CN1CCCC1=O,293.15,K,0.06492
C1=CC(=CC=C1C=O)C(=O)O,CN1CCCC1=O,298.15,K,0.13014
C1=CC(=CC=C1C=O)C(=O)O,CN1CCCC1=O,303.15,K,0.19434
C1=CC(=CC=C1C=O)C(=O)O,CN1CCCC1=O,308.15,K,0.2628
C1=CC(=CC=C1C=O)C(=O)O,CN1CCCC1=O,313.15,K,0.3245
C1=CC(=CC=C1C=O)C(=O)O,CN1CCCC1=O,318.15,K,0.38432
C1=CC(=CC=C1C=O)C(=O)O,CN1CCCC1=O,323.15,K,0.44479
C1=CC(=CC=C1C=O)C(=O)O,CN1CCCC1=O,328.15,K,0.50877
C1=CC(=CC=C1C=O)C(=O)O,CN1CCCC1=O,333.15,K,0.56778
C1=CC(=CC=C1C=O)C(=O)O,CN1CCCC1=O,338.15,K,0.63149
C1=CC(=CC=C1C=O)C(=O)O,CN1CCCC1=O,341.75,K,0.67628
C1=CC(=CC=C1C=O)C(=O)O,O,473.15,K,-0.79483
C1=CC(=CC=C1C=O)C(=O)O,O,463.15,K,-0.85858
C1=CC(=CC=C1C=O)C(=O)O,O,453.15,K,-0.92642
C1=CC(=CC=C1C=O)C(=O)O,O,443.15,K,-0.99827
C1=CC(=CC=C1C=O)C(=O)O,O,433.15,K,-1.07358
C1=CC(=CC=C1C=O)C(=O)O,O,423.15,K,-1.12998
C1=CC(=CC=C1C=O)C(=O)O,O,413.15,K,-1.21415
C1=CC(=CC=C1C=O)C(=O)O,O,403.15,K,-1.28089
C1=CC(=CC=C1C=O)C(=O)O,O,393.15,K,-1.45979
C1=CC(=CC=C1C=O)C(=O)O,O,383.15,K,-1.5663
C1=CC(=CC=C1C=O)C(=O)O,O,373.15,K,-1.61142
C1=CC(=CC=C1C=O)C(=O)O,O,363.15,K,-1.7147
C1=CC(=CC=C1C=O)C(=O)O,O,353.15,K,-1.74931
C1=CC(=CC=C1C=O)C(=O)O,O,343.15,K,-1.86726
C1=CC(=CC=C1C=O)C(=O)O,O,333.15,K,-1.90126
C1=CC(=CC=C1C=O)C(=O)O,O,323.15,K,-2.03023
C1=CC(=CC=C1C=O)C(=O)O,O,313.15,K,-2.21748
C1=CC(=CC=C1C=O)C(=O)O,O,303.15,K,-2.35429
C1=CC(=CC=C1C=O)C(=O)O,O,293.15,K,-2.63289
C1=CC(=CC=C1C=O)C(=O)O,O,298.15,K,-2.56441
C1=CC(=CC=C1C=O)C(=O)O,O,303.15,K,-2.4538
C1=CC(=CC=C1C=O)C(=O)O,O,308.15,K,-2.36653
C1=CC(=CC=C1C=O)C(=O)O,O,313.15,K,-2.28748
C1=CC(=CC=C1C=O)C(=O)O,O,318.15,K,-2.19099
C1=CC(=CC=C1C=O)C(=O)O,O,323.15,K,-2.09863
C1=CC(=CC=C1C=O)C(=O)O,O,328.15,K,-2.01792
C1=CC(=CC=C1C=O)C(=O)O,O,333.15,K,-1.92129
C1=CC(=CC=C1C=O)C(=O)O,O,338.15,K,-1.8274
C1=CC(=CC=C1C=O)C(=O)O,O,343.15,K,-1.72808
C1=CC(=CC=C1C=O)C(=O)O,O,348.15,K,-1.64596
C1=CC(=CC=C1C=O)C(=O)O,O,353.15,K,-1.54814
C1=CC(=CC=C1C=O)C(=O)O,O,358.15,K,-1.45983
C1=CC(=CC=C1C=O)C(=O)O,O,363.15,K,-1.35486
C1=CC(=CC=C1C=O)C(=O)O,O,368.15,K,-1.25941
C1=CC(=CC=C1C=O)C(=O)O,O,371.15,K,-1.19537
C1=CC(=CC=C1C=O)C(=O)O,O,303.2,K,-2.41466
C1=CC(=CC=C1C=O)C(=O)O,O,323.2,K,-2.01711
C1=CC(=CC=C1C=O)C(=O)O,O,333.2,K,-1.84115
C1=CC(=CC=C1C=O)C(=O)O,O,343.2,K,-1.76604
C1=CC(=CC=C1C=O)C(=O)O,O,353.2,K,-1.71014
C1=CC(=CC=C1C=O)C(=O)O,O,403.2,K,-1.20586
C1=CC(=CC=C1C=O)C(=O)O,O,423.2,K,-1.07936
C1=CC(=CC=C1C=O)C(=O)O,O,433.2,K,-1.03733
C1=CC(=CC=C1C=O)C(=O)O,O,443.2,K,-0.99995
C1=CC(=CC=C1C=O)C(=O)O,O,453.2,K,-0.96857
C1=CC(=CC=C1C=O)C(=O)O,O,463.2,K,-0.90383
C1=CC(=CC=C1C=O)C(=O)O,O,473.2,K,-0.84915
C1=CC(=CC=C1C(=O)O)C(=O)O,CC(=O)O,298.0,K,-3.08728
C1=CC(=CC=C1C(=O)O)C(=O)O,CC(=O)O,423.0,K,-1.68938
C1=CC(=CC=C1C(=O)O)C(=O)O,CC(=O)O,473.0,K,-1.13011
C1=CC(=CC=C1C(=O)O)C(=O)O,CC(=O)O,523.0,K,-0.59973
C1=CC(=CC=C1C(=O)O)C(=O)O,CN(C)C=O,296.05,K,-0.43127
C1=CC(=CC=C1C(=O)O)C(=O)O,CN(C)C=O,298.85,K,-0.4246
C1=CC(=CC=C1C(=O)O)C(=O)O,CN(C)C=O,301.25,K,-0.41628
C1=CC(=CC=C1C(=O)O)C(=O)O,CN(C)C=O,304.65,K,-0.40703
C1=CC(=CC=C1C(=O)O)C(=O)O,CN(C)C=O,307.35,K,-0.39766
C1=CC(=CC=C1C(=O)O)C(=O)O,CN(C)C=O,311.85,K,-0.3809
C1=CC(=CC=C1C(=O)O)C(=O)O,CN(C)C=O,314.45,K,-0.37646
C1=CC(=CC=C1C(=O)O)C(=O)O,CN(C)C=O,318.05,K,-0.36561
C1=CC(=CC=C1C(=O)O)C(=O)O,CN(C)C=O,320.25,K,-0.36117
C1=CC(=CC=C1C(=O)O)C(=O)O,CN(C)C=O,325.75,K,-0.34396
C1=CC(=CC=C1C(=O)O)C(=O)O,CN(C)C=O,328.25,K,-0.33481
C1=CC(=CC=C1C(=O)O)C(=O)O,CN(C)C=O,331.55,K,-0.3251
C1=CC(=CC=C1C(=O)O)C(=O)O,CN(C)C=O,336.95,K,-0.31069
C1=CC(=CC=C1C(=O)O)C(=O)O,CN(C)C=O,340.25,K,-0.30053
C1=CC(=CC=C1C(=O)O)C(=O)O,CN(C)C=O,343.15,K,-0.29301
C1=CC(=CC=C1C(=O)O)C(=O)O,CN(C)C=O,345.55,K,-0.28574
C1=CC(=CC=C1C(=O)O)C(=O)O,CN(C)C=O,351.65,K,-0.27027
C1=CC(=CC=C1C(=O)O)C(=O)O,CN(C)C=O,353.75,K,-0.26285
C1=CC(=CC=C1C(=O)O)C(=O)O,CN(C)C=O,356.65,K,-0.25433
C1=CC(=CC=C1C(=O)O)C(=O)O,CN(C)C=O,359.95,K,-0.24667
C1=CC(=CC=C1C(=O)O)C(=O)O,CN(C)C=O,365.65,K,-0.23049
C1=CC(=CC=C1C(=O)O)C(=O)O,CN(C)C=O,370.45,K,-0.2164
C1=CC(=CC=C1C(=O)O)C(=O)O,CN1CCCC1=O,303.2,K,-0.8541
C1=CC(=CC=C1C(=O)O)C(=O)O,CN1CCCC1=O,313.2,K,-0.79232
C1=CC(=CC=C1C(=O)O)C(=O)O,CN1CCCC1=O,323.2,K,-0.70925
C1=CC(=CC=C1C(=O)O)C(=O)O,CN1CCCC1=O,333.2,K,-0.65271
C1=CC(=CC=C1C(=O)O)C(=O)O,CN1CCCC1=O,343.2,K,-0.5822
C1=CC(=CC=C1C(=O)O)C(=O)O,CN1CCCC1=O,353.2,K,-0.53482
C1=CC(=CC=C1C(=O)O)C(=O)O,CN1CCCC1=O,363.2,K,-0.47823
C1=CC(=CC=C1C(=O)O)C(=O)O,CN1CCCC1=O,296.35,K,-0.49154
C1=CC(=CC=C1C(=O)O)C(=O)O,CN1CCCC1=O,299.55,K,-0.43679
C1=CC(=CC=C1C(=O)O)C(=O)O,CN1CCCC1=O,303.75,K,-0.36531
C1=CC(=CC=C1C(=O)O)C(=O)O,CN1CCCC1=O,307.05,K,-0.3133
C1=CC(=CC=C1C(=O)O)C(=O)O,CN1CCCC1=O,309.75,K,-0.27723
C1=CC(=CC=C1C(=O)O)C(=O)O,CN1CCCC1=O,312.75,K,-0.234
C1=CC(=CC=C1C(=O)O)C(=O)O,CN1CCCC1=O,316.25,K,-0.18221
C1=CC(=CC=C1C(=O)O)C(=O)O,CN1CCCC1=O,319.65,K,-0.13759
C1=CC(=CC=C1C(=O)O)C(=O)O,CN1CCCC1=O,324.05,K,-0.08081
C1=CC(=CC=C1C(=O)O)C(=O)O,CN1CCCC1=O,328.45,K,-0.02734
C1=CC(=CC=C1C(=O)O)C(=O)O,CN1CCCC1=O,331.55,K,0.00974
C1=CC(=CC=C1C(=O)O)C(=O)O,CN1CCCC1=O,332.65,K,0.02126
C1=CC(=CC=C1C(=O)O)C(=O)O,CN1CCCC1=O,343.2,K,-0.18834
C1=CC(=CC=C1C(=O)O)C(=O)O,CN1CCCC1=O,348.2,K,-0.13439
C1=CC(=CC=C1C(=O)O)C(=O)O,CN1CCCC1=O,353.2,K,-0.10558
C1=CC(=CC=C1C(=O)O)C(=O)O,CN1CCCC1=O,358.2,K,-0.05441
C1=CC(=CC=C1C(=O)O)C(=O)O,CN1CCCC1=O,363.2,K,-0.03088
C1=CC(=CC=C1C(=O)O)C(=O)O,CN1CCCC1=O,368.2,K,-0.00286
C1=CC(=CC=C1C(=O)O)C(=O)O,CN1CCCC1=O,373.2,K,0.01276
C1=CC(=CC=C1C(=O)O)C(=O)O,CN1CCCC1=O,378.2,K,0.05175
C1=CC(=CC=C1C(=O)O)C(=O)O,CN1CCCC1=O,383.2,K,0.09008
C1=CC(=CC=C1C(=O)O)C(=O)O,CN1CCCC1=O,388.2,K,0.12126
C1=CC(=CC=C1C(=O)O)C(=O)O,CN1CCCC1=O,393.2,K,0.16872
C1=CC(=CC=C1C(=O)O)C(=O)O,CN1CCCC1=O,398.2,K,0.18805
C1=CC(=CC=C1C(=O)O)C(=O)O,CN1CCCC1=O,403.2,K,0.23141
C1=CC(=CC=C1C(=O)O)C(=O)O,CN1CCCC1=O,408.2,K,0.27689
C1=CC(=CC=C1C(=O)O)C(=O)O,CN1CCCC1=O,413.2,K,0.29491
C1=CC(=CC=C1C(=O)O)C(=O)O,CN1CCCC1=O,418.2,K,0.34159
C1=CC(=CC=C1C(=O)O)C(=O)O,CN1CCCC1=O,423.2,K,0.37326
C1=CC(=CC=C1C(=O)O)C(=O)O,CN1CCCC1=O,428.2,K,0.41093
C1=CC(=CC=C1C(=O)O)C(=O)O,CN1CCCC1=O,433.2,K,0.42981
C1=CC(=CC=C1C(=O)O)C(=O)O,CN1CCCC1=O,438.2,K,0.48126
C1=CC(=CC=C1C(=O)O)C(=O)O,CN1CCCC1=O,443.2,K,0.52212
C1=CC(=CC=C1C(=O)O)C(=O)O,CN1CCCC1=O,448.2,K,0.55123
C1=CC(=CC=C1C(=O)O)C(=O)O,CN1CCCC1=O,453.2,K,0.59333
C1=CC(=CC=C1C(=O)O)C(=O)O,CN1CCCC1=O,458.2,K,0.64406
C1=CC(=CC=C1C(=O)O)C(=O)O,CN1CCCC1=O,463.2,K,0.6895
C1=CC(=CC=C1C(=O)O)C(=O)O,CN1CCCC1=O,468.2,K,0.73476
C1=CC(=CC=C1C(=O)O)C(=O)O,CO,298.0,K,-2.32145
C1=CC(=CC=C1C(=O)O)C(=O)O,CO,423.0,K,-0.92
C1=CC(=CC=C1C(=O)O)C(=O)O,O,298.0,K,-3.99074
C1=CC(=CC=C1C(=O)O)C(=O)O,O,423.0,K,-1.88231
C1=CC(=CC=C1C(=O)O)C(=O)O,O,473.0,K,-1.05546
C1=CC(=CC=C1C(=O)O)C(=O)O,O,523.0,K,-0.21629
C1=CC(=CC=C1C(=O)O)C(=O)O,O,348.8,K,-3.17335
C1=CC(=CC=C1C(=O)O)C(=O)O,O,373.4,K,-2.78473
C1=CC(=CC=C1C(=O)O)C(=O)O,O,398.8,K,-2.33544
C1=CC(=CC=C1C(=O)O)C(=O)O,O,422.8,K,-1.92111
C1=CC(=CC=C1C(=O)O)C(=O)O,O,447.1,K,-1.52286
C1=CC(=CC=C1C(=O)O)C(=O)O,O,473.2,K,-1.07262
C1=CC(=CC=C1C(=O)O)C(=O)O,O,497.9,K,-0.6612
C1=CC(=CC=C1C(=O)O)C(=O)O,O,523.7,K,-0.25015
C1=CC(=CC=C1C(=O)O)C(=O)O,O,547.4,K,0.11733
C1=CC(=CC=C1C(=O)O)C(=O)O,O,423.8,K,-1.8967
C1=CC(=CC=C1C(=O)O)C(=O)O,O,472.9,K,-1.08492
C1=CC(=CC=C1C(=O)O)C(=O)O,O,523.2,K,-0.26773
C1=CC(=CC=C1C(=O)O)C(=O)O,O,473.15,K,-3.10914
C1=CC(=CC=C1C(=O)O)C(=O)O,O,463.15,K,-3.20898
C1=CC(=CC=C1C(=O)O)C(=O)O,O,453.15,K,-3.33816
C1=CC(=CC=C1C(=O)O)C(=O)O,O,443.15,K,-3.40901
C1=CC(=CC=C1C(=O)O)C(=O)O,O,433.15,K,-3.46335
C1=CC(=CC=C1C(=O)O)C(=O)O,O,423.15,K,-3.70687
C1=CC(=CC=C1C(=O)O)C(=O)O,O,413.15,K,-3.7887
C1=CC(=CC=C1C(=O)O)C(=O)O,O,403.15,K,-3.87496
C1=CC(=CC=C1C(=O)O)C(=O)O,O,393.15,K,-4.0074
C1=CC(=CC=C1C(=O)O)C(=O)O,O,383.15,K,-4.16858
C1=CC(=CC=C1C(=O)O)C(=O)O,O,373.15,K,-4.37129
C1=CC(=CC=C1C(=O)O)C(=O)O,O,363.15,K,-4.42606
C1=CC(=CC=C1C(=O)O)C(=O)O,O,353.15,K,-4.48981
C1=CC(=CC=C1C(=O)O)C(=O)O,O,343.15,K,-4.56634
C1=CC(=CC=C1C(=O)O)C(=O)O,O,333.15,K,-4.66102
C1=CC(=CC=C1C(=O)O)C(=O)O,O,323.15,K,-4.78364
C1=CC(=CC=C1C(=O)O)C(=O)O,O,313.15,K,-4.95789
C1=CC(=CC=C1C(=O)O)C(=O)O,O,303.15,K,-4.95639
C1=CC(=CC=C1C(=O)O)C(=O)O,O,301.45,K,-3.55438
C1=CC(=CC=C1C(=O)O)C(=O)O,O,308.15,K,-3.51176
C1=CC(=CC=C1C(=O)O)C(=O)O,O,318.35,K,-3.41482
C1=CC(=CC=C1C(=O)O)C(=O)O,O,328.15,K,-3.31876
C1=CC(=CC=C1C(=O)O)C(=O)O,O,338.15,K,-3.19802
C1=CC(=CC=C1C(=O)O)C(=O)O,O,348.15,K,-3.09077
C1=CC(=CC=C1C(=O)O)C(=O)O,O,358.15,K,-2.99293
C1=CC(=CC=C1C(=O)O)C(=O)O,O,368.15,K,-2.8558
C1=CC(=CC=C1C(=O)O)C(=O)O,O,383.15,K,-2.7481
C1=CC(=CC=C1C(=O)O)C(=O)O,O,408.15,K,-2.51901
C1=CC(=CC=C1C(=O)O)C(=O)O,O,420.15,K,-2.39761
C1=CC(=CC=C1C(=O)O)C(=O)O,O,436.15,K,-2.13407
C1=CC(=CC=C1C(=O)O)C(=O)O,O,449.15,K,-1.99651
C1=CC(=CC=C1C(=O)O)C(=O)O,O,453.15,K,-1.89905
C1=CC(=CC=C1C(=O)O)C(=O)O,O,463.15,K,-1.78176
C1=CC(=CC=C1C(=O)O)C(=O)O,O,483.15,K,-1.68281
C1=CC(=CC(=C1)C(=O)O)C(=O)O,CC(=O)O,298.0,K,-1.8395
C1=CC(=CC(=C1)C(=O)O)C(=O)O,CC(=O)O,423.0,K,-0.6357
C1=CC(=CC(=C1)C(=O)O)C(=O)O,CC(=O)O,473.0,K,-0.16633
C1=CC(=CC(=C1)C(=O)O)C(=O)O,CC(=O)O,523.0,K,0.29276
C1=CC(=CC(=C1)C(=O)O)C(=O)O,CC(=O)O,292.55,K,-1.97508
C1=CC(=CC(=C1)C(=O)O)C(=O)O,CC(=O)O,301.85,K,-1.87183
C1=CC(=CC(=C1)C(=O)O)C(=O)O,CC(=O)O,311.55,K,-1.75513
C1=CC(=CC(=C1)C(=O)O)C(=O)O,CC(=O)O,321.55,K,-1.6481
C1=CC(=CC(=C1)C(=O)O)C(=O)O,CC(=O)O,331.35,K,-1.5315
C1=CC(=CC(=C1)C(=O)O)C(=O)O,CC(=O)O,342.5,K,-1.39707
C1=CC(=CC(=C1)C(=O)O)C(=O)O,CC(=O)O,352.5,K,-1.28798
C1=CC(=CC(=C1)C(=O)O)C(=O)O,CC(=O)O,362.05,K,-1.17947
C1=CC(=CC(=C1)C(=O)O)C(=O)O,CC(=O)O,372.1,K,-1.07895
C1=CC(=CC(=C1)C(=O)O)C(=O)O,CC(=O)O,300.55,K,-1.85654
C1=CC(=CC(=C1)C(=O)O)C(=O)O,CC(=O)O,316.55,K,-1.68812
C1=CC(=CC(=C1)C(=O)O)C(=O)O,CC(=O)O,330.25,K,-1.53873
C1=CC(=CC(=C1)C(=O)O)C(=O)O,CC(=O)O,338.0,K,-1.454
C1=CC(=CC(=C1)C(=O)O)C(=O)O,CC(=O)O,347.85,K,-1.33087
C1=CC(=CC(=C1)C(=O)O)C(=O)O,CC(=O)O,355.35,K,-1.20696
C1=CC(=CC(=C1)C(=O)O)C(=O)O,CC(=O)O,364.03,K,-1.11399
C1=CC(=CC(=C1)C(=O)O)C(=O)O,CC(=O)O,370.13,K,-1.06878
C1=CC(=CC(=C1)C(=O)O)C(=O)O,CC(=O)O,373.2,K,-0.98852
C1=CC(=CC(=C1)C(=O)O)C(=O)O,CC(=O)O,383.2,K,-0.90616
C1=CC(=CC(=C1)C(=O)O)C(=O)O,CC(=O)O,393.2,K,-0.80486
C1=CC(=CC(=C1)C(=O)O)C(=O)O,CC(=O)O,403.2,K,-0.68598
C1=CC(=CC(=C1)C(=O)O)C(=O)O,CC(=O)O,413.2,K,-0.58609
C1=CC(=CC(=C1)C(=O)O)C(=O)O,CC(=O)O,423.2,K,-0.48468
C1=CC(=CC(=C1)C(=O)O)C(=O)O,CC(=O)O,433.2,K,-0.39411
C1=CC(=CC(=C1)C(=O)O)C(=O)O,CC(=O)O,443.2,K,-0.29545
C1=CC(=CC(=C1)C(=O)O)C(=O)O,CC(=O)O,453.2,K,-0.19324
C1=CC(=CC(=C1)C(=O)O)C(=O)O,CC(=O)O,463.2,K,-0.1124
C1=CC(=CC(=C1)C(=O)O)C(=O)O,CC(=O)O,473.2,K,-0.02785
C1=CC(=CC(=C1)C(=O)O)C(=O)O,CC(=O)O,373.2,K,-1.00374
C1=CC(=CC(=C1)C(=O)O)C(=O)O,CC(=O)O,383.2,K,-0.96592
C1=CC(=CC(=C1)C(=O)O)C(=O)O,CC(=O)O,393.2,K,-0.94036
C1=CC(=CC(=C1)C(=O)O)C(=O)O,CC(=O)O,403.2,K,-0.76105
C1=CC(=CC(=C1)C(=O)O)C(=O)O,CC(=O)O,413.2,K,-0.74965
C1=CC(=CC(=C1)C(=O)O)C(=O)O,CC(=O)O,423.2,K,-0.62592
C1=CC(=CC(=C1)C(=O)O)C(=O)O,CC(=O)O,433.2,K,-0.5264
C1=CC(=CC(=C1)C(=O)O)C(=O)O,CC(=O)O,443.2,K,-0.45557
C1=CC(=CC(=C1)C(=O)O)C(=O)O,CC(=O)O,453.2,K,-0.38641
C1=CC(=CC(=C1)C(=O)O)C(=O)O,CC(=O)O,313.2,K,-1.69329
C1=CC(=CC(=C1)C(=O)O)C(=O)O,CC(=O)O,323.2,K,-1.61325
C1=CC(=CC(=C1)C(=O)O)C(=O)O,CC(=O)O,333.2,K,-1.50806
C1=CC(=CC(=C1)C(=O)O)C(=O)O,CC(=O)O,343.2,K,-1.3733
C1=CC(=CC(=C1)C(=O)O)C(=O)O,CC(=O)O,353.2,K,-1.28718
C1=CC(=CC(=C1)C(=O)O)C(=O)O,CC(=O)O,363.2,K,-1.16385
C1=CC(=CC(=C1)C(=O)O)C(=O)O,CN(C)C=O,295.85,K,0.36532
C1=CC(=CC(=C1)C(=O)O)C(=O)O,CN(C)C=O,299.65,K,0.36538
C1=CC(=CC(=C1)C(=O)O)C(=O)O,CN(C)C=O,303.55,K,0.3654
C1=CC(=CC(=C1)C(=O)O)C(=O)O,CN(C)C=O,309.65,K,0.36631
C1=CC(=CC(=C1)C(=O)O)C(=O)O,CN(C)C=O,313.35,K,0.3669
C1=CC(=CC(=C1)C(=O)O)C(=O)O,CN(C)C=O,317.25,K,0.36782
C1=CC(=CC(=C1)C(=O)O)C(=O)O,CN(C)C=O,322.55,K,0.3693
C1=CC(=CC(=C1)C(=O)O)C(=O)O,CN(C)C=O,329.15,K,0.37125
C1=CC(=CC(=C1)C(=O)O)C(=O)O,CN(C)C=O,332.55,K,0.3726
C1=CC(=CC(=C1)C(=O)O)C(=O)O,CN(C)C=O,337.15,K,0.37462
C1=CC(=CC(=C1)C(=O)O)C(=O)O,CN(C)C=O,341.35,K,0.37696
C1=CC(=CC(=C1)C(=O)O)C(=O)O,CN(C)C=O,345.75,K,0.37998
C1=CC(=CC(=C1)C(=O)O)C(=O)O,CN(C)C=O,349.75,K,0.38257
C1=CC(=CC(=C1)C(=O)O)C(=O)O,CN(C)C=O,351.95,K,0.38362
C1=CC(=CC(=C1)C(=O)O)C(=O)O,CN(C)C=O,354.55,K,0.3857
C1=CC(=CC(=C1)C(=O)O)C(=O)O,CN(C)C=O,357.95,K,0.38868
C1=CC(=CC(=C1)C(=O)O)C(=O)O,CN(C)C=O,362.75,K,0.39264
C1=CC(=CC(=C1)C(=O)O)C(=O)O,CN(C)C=O,365.05,K,0.39476
C1=CC(=CC(=C1)C(=O)O)C(=O)O,CN(C)C=O,370.25,K,0.40001
C1=CC(=CC(=C1)C(=O)O)C(=O)O,CO,298.15,K,-1.02135
C1=CC(=CC(=C1)C(=O)O)C(=O)O,CO,298.0,K,-1.29615
C1=CC(=CC(=C1)C(=O)O)C(=O)O,CO,423.0,K,-0.50287
C1=CC(=CC(=C1)C(=O)O)C(=O)O,O,298.0,K,-3.14201
C1=CC(=CC(=C1)C(=O)O)C(=O)O,O,423.0,K,-0.81536
C1=CC(=CC(=C1)C(=O)O)C(=O)O,O,473.0,K,0.11549
C1=CC(=CC(=C1)C(=O)O)C(=O)O,O,301.45,K,-2.96423
C1=CC(=CC(=C1)C(=O)O)C(=O)O,O,314.15,K,-2.78495
C1=CC(=CC(=C1)C(=O)O)C(=O)O,O,325.15,K,-2.60387
C1=CC(=CC(=C1)C(=O)O)C(=O)O,O,338.15,K,-2.40664
C1=CC(=CC(=C1)C(=O)O)C(=O)O,O,349.65,K,-2.21746
C1=CC(=CC(=C1)C(=O)O)C(=O)O,O,356.65,K,-2.09848
C1=CC(=CC(=C1)C(=O)O)C(=O)O,O,359.63,K,-2.04342
C1=CC(=CC(=C1)C(=O)O)C(=O)O,O,366.58,K,-1.90863
C1=CC(=CC(=C1)C(=O)O)C(=O)O,O,300.15,K,-2.96787
C1=CC(=CC(=C1)C(=O)O)C(=O)O,O,308.55,K,-2.89265
C1=CC(=CC(=C1)C(=O)O)C(=O)O,O,318.15,K,-2.75302
C1=CC(=CC(=C1)C(=O)O)C(=O)O,O,328.25,K,-2.5728
C1=CC(=CC(=C1)C(=O)O)C(=O)O,O,338.15,K,-2.4067
C1=CC(=CC(=C1)C(=O)O)C(=O)O,O,348.25,K,-2.24767
C1=CC(=CC(=C1)C(=O)O)C(=O)O,O,358.05,K,-2.05533
C1=CC(=CC(=C1)C(=O)O)C(=O)O,O,368.15,K,-1.87737
C1=CC(=CC(=C1)C(=O)O)C(=O)O,O,381.15,K,-1.515
C1=CC(=CC(=C1)C(=O)O)C(=O)O,O,393.15,K,-1.31485
C1=CC(=CC(=C1)C(=O)O)C(=O)O,O,408.15,K,-1.09668
C1=CC(=CC(=C1)C(=O)O)C(=O)O,O,423.15,K,-0.86379
C1=CC(=CC(=C1)C(=O)O)C(=O)O,O,438.15,K,-0.66321
C1=CC(=CC(=C1)C(=O)O)C(=O)O,O,453.15,K,-0.51157
C1=CC(=CC(=C1)C(=O)O)C(=O)O,O,373.2,K,-1.52309
C1=CC(=CC(=C1)C(=O)O)C(=O)O,O,383.2,K,-1.38387
C1=CC(=CC(=C1)C(=O)O)C(=O)O,O,393.2,K,-1.24651
C1=CC(=CC(=C1)C(=O)O)C(=O)O,O,403.2,K,-1.08142
C1=CC(=CC(=C1)C(=O)O)C(=O)O,O,413.2,K,-0.98207
C1=CC(=CC(=C1)C(=O)O)C(=O)O,O,423.2,K,-0.79871
C1=CC(=CC(=C1)C(=O)O)C(=O)O,O,433.2,K,-0.6758
C1=CC(=CC(=C1)C(=O)O)C(=O)O,O,443.2,K,-0.51392
C1=CC(=CC(=C1)C(=O)O)C(=O)O,O,453.2,K,-0.37017
C1=CC(=CC(=C1)C(=O)O)C(=O)O,O,463.2,K,-0.2301
C1=CC(=CC(=C1)C(=O)O)C(=O)O,O,473.2,K,-0.11312
C1=CC(=CC(=C1)C(=O)O)C(=O)O,O,373.2,K,-1.72651
C1=CC(=CC(=C1)C(=O)O)C(=O)O,O,383.2,K,-1.56381
C1=CC(=CC(=C1)C(=O)O)C(=O)O,O,393.2,K,-1.37042
C1=CC(=CC(=C1)C(=O)O)C(=O)O,O,403.2,K,-1.19042
C1=CC(=CC(=C1)C(=O)O)C(=O)O,O,413.2,K,-1.06269
C1=CC(=CC(=C1)C(=O)O)C(=O)O,O,423.2,K,-0.84401
C1=CC(=CC(=C1)C(=O)O)C(=O)O,O,433.2,K,-0.74739
C1=CC(=CC(=C1)C(=O)O)C(=O)O,O,443.2,K,-0.57951
C1=CC(=CC(=C1)C(=O)O)C(=O)O,O,453.2,K,-0.43089
C1=CC(=CC(=C1)C(=O)O)C(=O)O,O,463.2,K,-0.32585
C1=CC=C(C(=C1)C(=O)O)C(=O)O,O,298.15,K,-1.37988
C1=CC=C(C(=C1)C(=O)O)C(=O)O,O,308.15,K,-1.22975
C1=CC=C(C(=C1)C(=O)O)C(=O)O,O,318.15,K,-1.07877
C1=CC=C(C(=C1)C(=O)O)C(=O)O,O,328.15,K,-0.9047
C1=CC=C(C(=C1)C(=O)O)C(=O)O,O,338.15,K,-0.72274
C1=CC=C(C(=C1)C(=O)O)C(=O)O,O,348.15,K,-0.54452
C1=CC=C(C(=C1)C(=O)O)C(=O)O,O,358.15,K,-0.35344
C1=CC=C(C(=C1)C(=O)O)C(=O)O,O,368.15,K,-0.17375
C1=CC=C(C(=C1)C(=O)O)C(=O)O,O,378.15,K,0.12245
C1=CC=C(C(=C1)C(=O)O)C(=O)O,O,403.15,K,0.77804
C1=CC=C(C(=C1)C(=O)O)C(=O)O,O,428.15,K,1.08833
CC1=CC=C(C=C1)C(=O)O,O,443.15,K,0.40472
CC1=CC=C(C=C1)C(=O)O,O,433.15,K,0.31555
CC1=CC=C(C=C1)C(=O)O,O,423.15,K,-0.16235
CC1=CC=C(C=C1)C(=O)O,O,413.15,K,-0.23857
CC1=CC=C(C=C1)C(=O)O,O,403.15,K,-0.43313
CC1=CC=C(C=C1)C(=O)O,O,393.15,K,-0.62617
CC1=CC=C(C=C1)C(=O)O,O,383.15,K,-0.83884
CC1=CC=C(C=C1)C(=O)O,O,373.15,K,-1.01113
CC1=CC=C(C=C1)C(=O)O,O,363.15,K,-1.41959
CC1=CC=C(C=C1)C(=O)O,O,353.15,K,-1.56017
CC1=CC=C(C=C1)C(=O)O,O,343.15,K,-1.70885
CC1=CC=C(C=C1)C(=O)O,O,333.15,K,-1.98425
CC1=CC=C(C=C1)C(=O)O,O,323.15,K,-2.11457
CC1=CC=C(C=C1)C(=O)O,O,313.15,K,-2.25888
CC1=CC=C(C=C1)C(=O)O,O,303.15,K,-2.47924
CC1=CC=C(C=C1)C(=O)O,O,298.15,K,-2.55755
CC1=CC(=CC=C1)C(=O)O,CC(=O)O,313.2,K,0.66937
CC1=CC(=CC=C1)C(=O)O,CC(=O)O,323.2,K,0.77426
CC1=CC(=CC=C1)C(=O)O,CC(=O)O,333.2,K,0.95287
CC1=CC(=CC=C1)C(=O)O,CC(=O)O,343.2,K,1.0722
CC1=CC(=CC=C1)C(=O)O,CC(=O)O,353.2,K,1.27138
CC1=CC(=CC=C1)C(=O)O,CC(=O)O,363.2,K,1.60544
CC1=CC(=CC=C1)C(=O)O,CC(=O)O,373.2,K,1.82578
CC1=CC(=CC=C1)C(=O)O,CC(=O)O,383.2,K,2.01435
CC1=CC(=CC=C1)C(=O)O,O,313.2,K,-1.92844
CC1=CC(=CC=C1)C(=O)O,O,321.2,K,-1.6244
CC1=CC(=CC=C1)C(=O)O,O,333.2,K,-1.43012
CC1=CC(=CC=C1)C(=O)O,O,343.2,K,-1.14091
CC1=CC(=CC=C1)C(=O)O,O,353.2,K,-0.89744
CC1=CC(=CC=C1)C(=O)O,O,363.2,K,-0.77567
CC1=CC(=CC=C1)C(=O)O,O,373.2,K,-0.56133
CC1=CC(=CC=C1)C(=O)O,O,383.2,K,-0.55893
COC(=O)C1=CC=C(C=C1)O,O,278.15,K,-2.28458
COC(=O)C1=CC=C(C=C1)O,O,283.15,K,-2.15763
COC(=O)C1=CC=C(C=C1)O,O,288.15,K,-2.03054
COC(=O)C1=CC=C(C=C1)O,O,293.15,K,-1.88366
COC(=O)C1=CC=C(C=C1)O,O,298.15,K,-1.80157
COC(=O)C1=CC=C(C=C1)O,O,298.0,K,-1.85849
COC(=O)C1=CC=C(C=C1)O,O,373.0,K,-1.12745
CC(=O)NC1=CC=C(C=C1)O,O,303.0,K,-0.94066
CC(=O)NC1=CC=C(C=C1)O,O,298.0,K,-1.00698
CC(=O)NC1=CC=C(C=C1)O,O,293.0,K,-1.07332
CC(=O)NC1=CC=C(C=C1)O,O,273.0,K,-1.315
CC(=O)NC1=CC=C(C=C1)O,O,283.0,K,-1.20405
CC(=O)NC1=CC=C(C=C1)O,O,288.0,K,-1.13666
CC(=O)NC1=CC=C(C=C1)O,O,278.0,K,-1.26202
CC(=O)NC1=CC=C(C=C1)O,O,303.15,K,-0.94075
CC(=O)NC1=CC=C(C=C1)O,O,298.15,K,-1.00698
CC(=O)NC1=CC=C(C=C1)O,O,293.15,K,-1.07341
CC(=O)NC1=CC=C(C=C1)O,O,273.15,K,-1.3209
CC(=O)NC1=CC=C(C=C1)O,O,283.15,K,-1.2043
CC(=O)NC1=CC=C(C=C1)O,O,289.15,K,-1.1237
CC(=O)NC1=CC=C(C=C1)O,O,288.15,K,-1.13675
CC(=O)NC1=CC=C(C=C1)O,O,278.15,K,-1.26192
CC(=O)NC1=CC=C(C=C1)O,O,296.15,K,-1.03356
CC(=O)NC1=CC=C(C=C1)O,O,293.0,K,-1.07371
CC(=O)NC1=CC=C(C=C1)O,O,298.0,K,-1.0078
CC(=O)NC1=CC=C(C=C1)O,O,303.0,K,-0.94256
CC(=O)NC1=CC=C(C=C1)O,O,373.0,K,-0.25856
CC(=O)NC1=CC=C(C=C1)O,O,383.0,K,-0.23948
CC(=O)NC1=CC=C(C=C1)O,O,393.0,K,-0.22538
CC(=O)NC1=CC=C(C=C1)O,O,403.0,K,-0.11673
CCOC(=O)C1=CC=C(C=C1)O,O,278.15,K,-2.83432
CCOC(=O)C1=CC=C(C=C1)O,O,283.15,K,-2.69452
CCOC(=O)C1=CC=C(C=C1)O,O,288.15,K,-2.53314
CCOC(=O)C1=CC=C(C=C1)O,O,293.15,K,-2.38005
CCOC(=O)C1=CC=C(C=C1)O,O,298.15,K,-2.26973
CCOC(=O)C1=CC=C(C=C1)O,O,303.15,K,-2.18036
CCOC(=O)C1=CC=C(C=C1)O,O,308.15,K,-2.09586
CCOC(=O)C1=CC=C(C=C1)O,O,313.15,K,-2.02994
CCOC(=O)C1=CC=C(C=C1)O,O,318.15,K,-1.97818
CCOC(=O)C1=CC=C(C=C1)O,O,298.0,K,-2.38728
CCOC(=O)C1=CC=C(C=C1)O,O,373.0,K,-1.40463
CCNC1=NC(=NC(=N1)Cl)NC(C)(C)C#N,O,283.15,K,-3.32358
CCNC1=NC(=NC(=N1)Cl)NC(C)(C)C#N,O,293.15,K,-3.22581
CCNC1=NC(=NC(=N1)Cl)NC(C)(C)C#N,O,303.15,K,-3.1058
CCNC1=NC(=NC(=N1)Cl)NC(C)(C)C#N,O,323.0,K,-2.91797
CCNC1=NC(=NC(=N1)Cl)NC(C)(C)C#N,O,348.0,K,-2.40265
CCNC1=NC(=NC(=N1)Cl)NC(C)(C)C#N,O,373.0,K,-1.94262
C1[C@@H]2[C@H](COS(=O)O1)[C@@]3(C(=C([C@]2(C3(Cl)Cl)Cl)Cl)Cl)Cl,O,298.0,K,-7.82518
C1[C@@H]2[C@H](COS(=O)O1)[C@@]3(C(=C([C@]2(C3(Cl)Cl)Cl)Cl)Cl)Cl,O,323.0,K,-7.21939
C1[C@@H]2[C@H](COS(=O)O1)[C@@]3(C(=C([C@]2(C3(Cl)Cl)Cl)Cl)Cl)Cl,O,373.0,K,-5.79706
CC(=O)C1=CC=C(C=C1)C(=O)O,CC(C)(C)c1ccccc1,453.15,K,-0.1538
CC(=O)C1=CC=C(C=C1)C(=O)O,CC(C)(C)c1ccccc1,443.15,K,-0.27798
CC(=O)C1=CC=C(C=C1)C(=O)O,CC(C)(C)c1ccccc1,433.15,K,-0.39309
CC(=O)C1=CC=C(C=C1)C(=O)O,CC(C)(C)c1ccccc1,423.15,K,-0.51038
CC(=O)C1=CC=C(C=C1)C(=O)O,CC(C)(C)c1ccccc1,413.15,K,-0.62483
CC(=O)C1=CC=C(C=C1)C(=O)O,CC(C)(C)c1ccccc1,403.15,K,-0.73474
CC(=O)C1=CC=C(C=C1)C(=O)O,CC(C)(C)c1ccccc1,393.15,K,-0.8461
CC(=O)C1=CC=C(C=C1)C(=O)O,CC(C)(C)c1ccccc1,383.15,K,-0.96106
CC(=O)C1=CC=C(C=C1)C(=O)O,CC(C)(C)c1ccccc1,373.15,K,-1.07762
CC(=O)C1=CC=C(C=C1)C(=O)O,CC(C)(C)c1ccccc1,363.15,K,-1.18908
CC(=O)C1=CC=C(C=C1)C(=O)O,CC(C)(C)c1ccccc1,353.15,K,-1.29992
CC(=O)C1=CC=C(C=C1)C(=O)O,CC(C)(C)c1ccccc1,343.15,K,-1.41781
CC(=O)C1=CC=C(C=C1)C(=O)O,CC(C)(C)c1ccccc1,333.15,K,-1.52988
CC(=O)C1=CC=C(C=C1)C(=O)O,CC(C)(C)c1ccccc1,323.15,K,-1.6487
CC(=O)C1=CC=C(C=C1)C(=O)O,CC(C)(C)c1ccccc1,313.15,K,-1.76408
CC(=O)C1=CC=C(C=C1)C(=O)O,CC(C)(C)c1ccccc1,303.15,K,-1.88025
CC(=O)C1=CC=C(C=C1)C(=O)O,Cc1ccc(C(C)C)cc1,453.15,K,-0.1317
CC(=O)C1=CC=C(C=C1)C(=O)O,Cc1ccc(C(C)C)cc1,443.15,K,-0.25839
CC(=O)C1=CC=C(C=C1)C(=O)O,Cc1ccc(C(C)C)cc1,433.15,K,-0.38088
CC(=O)C1=CC=C(C=C1)C(=O)O,Cc1ccc(C(C)C)cc1,423.15,K,-0.49675
CC(=O)C1=CC=C(C=C1)C(=O)O,Cc1ccc(C(C)C)cc1,413.15,K,-0.61704
CC(=O)C1=CC=C(C=C1)C(=O)O,Cc1ccc(C(C)C)cc1,403.15,K,-0.73466
CC(=O)C1=CC=C(C=C1)C(=O)O,Cc1ccc(C(C)C)cc1,393.15,K,-0.84603
CC(=O)C1=CC=C(C=C1)C(=O)O,Cc1ccc(C(C)C)cc1,383.15,K,-0.96518
CC(=O)C1=CC=C(C=C1)C(=O)O,Cc1ccc(C(C)C)cc1,373.15,K,-1.0774
CC(=O)C1=CC=C(C=C1)C(=O)O,Cc1ccc(C(C)C)cc1,363.15,K,-1.19947
CC(=O)C1=CC=C(C=C1)C(=O)O,Cc1ccc(C(C)C)cc1,353.15,K,-1.31244
CC(=O)C1=CC=C(C=C1)C(=O)O,Cc1ccc(C(C)C)cc1,343.15,K,-1.43551
CC(=O)C1=CC=C(C=C1)C(=O)O,Cc1ccc(C(C)C)cc1,333.15,K,-1.55511
CC(=O)C1=CC=C(C=C1)C(=O)O,Cc1ccc(C(C)C)cc1,323.15,K,-1.66783
CC(=O)C1=CC=C(C=C1)C(=O)O,Cc1ccc(C(C)C)cc1,313.15,K,-1.78626
CC(=O)C1=CC=C(C=C1)C(=O)O,Cc1ccc(C(C)C)cc1,303.15,K,-1.89897
CC(=O)C1=CC=C(C=C1)C(=O)O,CC(=O)O,453.15,K,-0.0566
CC(=O)C1=CC=C(C=C1)C(=O)O,CC(=O)O,443.15,K,-0.14519
CC(=O)C1=CC=C(C=C1)C(=O)O,CC(=O)O,433.15,K,-0.23807
CC(=O)C1=CC=C(C=C1)C(=O)O,CC(=O)O,423.15,K,-0.33005
CC(=O)C1=CC=C(C=C1)C(=O)O,CC(=O)O,413.15,K,-0.42047
CC(=O)C1=CC=C(C=C1)C(=O)O,CC(=O)O,403.15,K,-0.51546
CC(=O)C1=CC=C(C=C1)C(=O)O,CC(=O)O,393.15,K,-0.60663
CC(=O)C1=CC=C(C=C1)C(=O)O,CC(=O)O,383.15,K,-0.69931
CC(=O)C1=CC=C(C=C1)C(=O)O,CC(=O)O,373.15,K,-0.79048
CC(=O)C1=CC=C(C=C1)C(=O)O,CC(=O)O,363.15,K,-0.88129
CC(=O)C1=CC=C(C=C1)C(=O)O,CC(=O)O,353.15,K,-0.97476
CC(=O)C1=CC=C(C=C1)C(=O)O,CC(=O)O,343.15,K,-1.06685
CC(=O)C1=CC=C(C=C1)C(=O)O,CC(=O)O,333.15,K,-1.1552
CC(=O)C1=CC=C(C=C1)C(=O)O,CC(=O)O,323.15,K,-1.24867
CC(=O)C1=CC=C(C=C1)C(=O)O,CC(=O)O,313.15,K,-1.33458
CC(=O)C1=CC=C(C=C1)C(=O)O,CC(=O)O,303.15,K,-1.42238
CC(=O)C1=CC=C(C=C1)C(=O)O,O,473.15,K,-0.28696
CC(=O)C1=CC=C(C=C1)C(=O)O,O,463.15,K,-0.39236
CC(=O)C1=CC=C(C=C1)C(=O)O,O,453.15,K,-0.49237
CC(=O)C1=CC=C(C=C1)C(=O)O,O,443.15,K,-0.60058
CC(=O)C1=CC=C(C=C1)C(=O)O,O,433.15,K,-0.70292
CC(=O)C1=CC=C(C=C1)C(=O)O,O,423.15,K,-0.80731
CC(=O)C1=CC=C(C=C1)C(=O)O,O,413.15,K,-0.91573
CC(=O)C1=CC=C(C=C1)C(=O)O,O,403.15,K,-1.03667
CC(=O)C1=CC=C(C=C1)C(=O)O,O,393.15,K,-1.14141
CC(=O)C1=CC=C(C=C1)C(=O)O,O,383.15,K,-1.24403
CC(=O)C1=CC=C(C=C1)C(=O)O,O,373.15,K,-1.36319
CC(=O)C1=CC=C(C=C1)C(=O)O,O,363.15,K,-1.46729
CC(=O)C1=CC=C(C=C1)C(=O)O,O,353.15,K,-1.58933
CC(=O)C1=CC=C(C=C1)C(=O)O,O,343.15,K,-1.70191
CC(=O)C1=CC=C(C=C1)C(=O)O,O,333.15,K,-1.82379
CC(=O)C1=CC=C(C=C1)C(=O)O,O,323.15,K,-1.92843
CC(=O)C1=CC=C(C=C1)C(=O)O,O,313.15,K,-2.05365
CC(=O)C1=CC=C(C=C1)C(=O)O,O,303.15,K,-2.16887
CC(=O)C1=CC=C(C=C1)C(=O)O,O,473.15,K,-0.29976
CC(=O)C1=CC=C(C=C1)C(=O)O,O,463.15,K,-0.39297
CC(=O)C1=CC=C(C=C1)C(=O)O,O,453.15,K,-0.50921
CC(=O)C1=CC=C(C=C1)C(=O)O,O,443.15,K,-0.64283
CC(=O)C1=CC=C(C=C1)C(=O)O,O,433.15,K,-0.69298
CC(=O)C1=CC=C(C=C1)C(=O)O,O,423.15,K,-0.80804
CC(=O)C1=CC=C(C=C1)C(=O)O,O,413.15,K,-0.91624
CC(=O)C1=CC=C(C=C1)C(=O)O,O,403.15,K,-1.03874
CC(=O)C1=CC=C(C=C1)C(=O)O,O,393.15,K,-1.15203
CC(=O)C1=CC=C(C=C1)C(=O)O,O,383.15,K,-1.26504
CC(=O)C1=CC=C(C=C1)C(=O)O,O,373.15,K,-1.37094
CC(=O)C1=CC=C(C=C1)C(=O)O,O,363.15,K,-1.48556
CC(=O)C1=CC=C(C=C1)C(=O)O,O,353.15,K,-1.60501
CC(=O)C1=CC=C(C=C1)C(=O)O,O,343.15,K,-1.72109
CC(=O)C1=CC=C(C=C1)C(=O)O,O,333.15,K,-1.8316
CC(=O)C1=CC=C(C=C1)C(=O)O,O,323.15,K,-1.95964
CC(=O)C1=CC=C(C=C1)C(=O)O,O,313.15,K,-2.05473
CC(=O)C1=CC=C(C=C1)C(=O)O,O,303.15,K,-2.17818
C1=CC=C2C(=C1)C3=CC=CC=C3S2(=O)=O,CC#N,330.2,K,-0.64708
C1=CC=C2C(=C1)C3=CC=CC=C3S2(=O)=O,CC#N,338.3,K,-0.56009
C1=CC=C2C(=C1)C3=CC=CC=C3S2(=O)=O,CC#N,342.6,K,-0.50542
C1=CC=C2C(=C1)C3=CC=CC=C3S2(=O)=O,CC#N,348.8,K,-0.43255
C1=CC=C2C(=C1)C3=CC=CC=C3S2(=O)=O,CC#N,352.5,K,-0.39369
C1=CC=C2C(=C1)C3=CC=CC=C3S2(=O)=O,CC#N,357.3,K,-0.34158
C1=CC=C2C(=C1)C3=CC=CC=C3S2(=O)=O,CC#N,361.4,K,-0.29828
C1=CC=C2C(=C1)C3=CC=CC=C3S2(=O)=O,CC#N,366.1,K,-0.25256
C1=CC=C2C(=C1)C3=CC=CC=C3S2(=O)=O,CC#N,368.5,K,-0.22959
C1=CC=C2C(=C1)C3=CC=CC=C3S2(=O)=O,CN(C)C=O,319.5,K,-0.12806
C1=CC=C2C(=C1)C3=CC=CC=C3S2(=O)=O,CN(C)C=O,329.7,K,-0.05137
C1=CC=C2C(=C1)C3=CC=CC=C3S2(=O)=O,CN(C)C=O,338.8,K,0.01686
C1=CC=C2C(=C1)C3=CC=CC=C3S2(=O)=O,CN(C)C=O,346.2,K,0.07145
C1=CC=C2C(=C1)C3=CC=CC=C3S2(=O)=O,CN(C)C=O,352.0,K,0.13853
C1=CC=C2C(=C1)C3=CC=CC=C3S2(=O)=O,CN(C)C=O,357.3,K,0.18655
C1=CC=C2C(=C1)C3=CC=CC=C3S2(=O)=O,CN(C)C=O,361.5,K,0.23085
C1=CC=C2C(=C1)C3=CC=CC=C3S2(=O)=O,CN(C)C=O,363.8,K,0.25628
C1=CC=C2C(=C1)C3=CC=CC=C3S2(=O)=O,CN(C)C=O,366.7,K,0.29197
C1=CC=C2C(=C1)C3=CC=CC=C3S2(=O)=O,CN(C)C=O,369.4,K,0.32602
C1=CC=C2C(=C1)C3=CC=CC=C3S2(=O)=O,CCCO,344.0,K,-1.30479
C1=CC=C2C(=C1)C3=CC=CC=C3S2(=O)=O,CCCO,349.0,K,-1.21684
C1=CC=C2C(=C1)C3=CC=CC=C3S2(=O)=O,CCCO,353.0,K,-1.15164
C1=CC=C2C(=C1)C3=CC=CC=C3S2(=O)=O,CCCO,356.6,K,-1.09522
C1=CC=C2C(=C1)C3=CC=CC=C3S2(=O)=O,CCCO,361.2,K,-1.02258
C1=CC=C2C(=C1)C3=CC=CC=C3S2(=O)=O,CCCO,363.6,K,-0.98542
C1=CC=C2C(=C1)C3=CC=CC=C3S2(=O)=O,CCCO,364.9,K,-0.96558
C1=CC=C2C(=C1)C3=CC=CC=C3S2(=O)=O,CCCO,366.7,K,-0.93742
C1=CC=C2C(=C1)C3=CC=CC=C3S2(=O)=O,CCCO,367.0,K,-0.93291
C1=CC=C2C(=C1)C3=CC=CC=C3S2(=O)=O,CCOCCO,323.4,K,-0.96959
C1=CC=C2C(=C1)C3=CC=CC=C3S2(=O)=O,CCOCCO,332.1,K,-0.89416
C1=CC=C2C(=C1)C3=CC=CC=C3S2(=O)=O,CCOCCO,340.5,K,-0.79912
C1=CC=C2C(=C1)C3=CC=CC=C3S2(=O)=O,CCOCCO,343.8,K,-0.77118
C1=CC=C2C(=C1)C3=CC=CC=C3S2(=O)=O,CCOCCO,350.3,K,-0.70244
C1=CC=C2C(=C1)C3=CC=CC=C3S2(=O)=O,CCOCCO,353.8,K,-0.6721
C1=CC=C2C(=C1)C3=CC=CC=C3S2(=O)=O,CCOCCO,355.5,K,-0.65673
C1=CC=C2C(=C1)C3=CC=CC=C3S2(=O)=O,CCOCCO,357.4,K,-0.64009
C1=CC=C2C(=C1)C3=CC=CC=C3S2(=O)=O,CCOCCO,361.9,K,-0.60202
C1=CC=C2C(=C1)C3=CC=CC=C3S2(=O)=O,CCOCCO,368.3,K,-0.55229
C1=CC=C(C=C1)C(=O)O,CN1CCCC1=O,296.35,K,1.04477
C1=CC=C(C=C1)C(=O)O,CN1CCCC1=O,301.15,K,1.05562
C1=CC=C(C=C1)C(=O)O,CN1CCCC1=O,305.05,K,1.06586
C1=CC=C(C=C1)C(=O)O,CN1CCCC1=O,307.95,K,1.07357
C1=CC=C(C=C1)C(=O)O,CN1CCCC1=O,311.05,K,1.08215
C1=CC=C(C=C1)C(=O)O,CN1CCCC1=O,314.25,K,1.09156
C1=CC=C(C=C1)C(=O)O,CN1CCCC1=O,318.35,K,1.10135
C1=CC=C(C=C1)C(=O)O,CN1CCCC1=O,321.95,K,1.11267
C1=CC=C(C=C1)C(=O)O,CN1CCCC1=O,327.35,K,1.13484
C1=CC=C(C=C1)C(=O)O,CN1CCCC1=O,333.55,K,1.1626
C1=CC=C(C=C1)C(=O)O,CN1CCCC1=O,338.85,K,1.19115
C1=CC=C(C=C1)C(=O)O,CN1CCCC1=O,343.25,K,1.21623
C1=CC=C(C=C1)C(=O)O,CN1CCCC1=O,347.75,K,1.24601
C1=CC=C(C=C1)C(=O)O,CN1CCCC1=O,351.15,K,1.27093
C1=CC=C(C=C1)C(=O)O,CN1CCCC1=O,355.05,K,1.29966
C1=CC=C(C=C1)C(=O)O,CN1CCCC1=O,359.85,K,1.3462
C1=CC=C(C=C1)C(=O)O,CN1CCCC1=O,364.55,K,1.39752
C1=CC=C(C=C1)C(=O)O,CN1CCCC1=O,369.05,K,1.45297
C1=CC=C(C=C1)C(=O)O,CN1CCCC1=O,371.35,K,1.4858
C1=CC=C(C(=C1)C(=O)O)C(=O)O,CC(=O)O,298.3,K,-0.73
C1=CC=C(C(=C1)C(=O)O)C(=O)O,CC(=O)O,308.4,K,-0.58052
C1=CC=C(C(=C1)C(=O)O)C(=O)O,CC(=O)O,318.3,K,-0.41189
C1=CC=C(C(=C1)C(=O)O)C(=O)O,CC(=O)O,328.2,K,-0.27187
C1=CC=C(C(=C1)C(=O)O)C(=O)O,CC(=O)O,338.0,K,-0.13962
C1=CC=C(C(=C1)C(=O)O)C(=O)O,CC(=O)O,348.3,K,-0.01255
C1=CC=C(C(=C1)C(=O)O)C(=O)O,CC(=O)O,358.6,K,0.10208
C1=CC=C(C(=C1)C(=O)O)C(=O)O,CC(=O)O,367.9,K,0.20364
CC1=CC=C(C=C1)C(=O)O,CN1CCCC1=O,295.65,K,-0.1207
CC1=CC=C(C=C1)C(=O)O,CN1CCCC1=O,298.65,K,-0.07796
CC1=CC=C(C=C1)C(=O)O,CN1CCCC1=O,303.35,K,-0.00933
CC1=CC=C(C=C1)C(=O)O,CN1CCCC1=O,308.55,K,0.06479
CC1=CC=C(C=C1)C(=O)O,CN1CCCC1=O,313.75,K,0.13415
CC1=CC=C(C=C1)C(=O)O,CN1CCCC1=O,319.55,K,0.21494
CC1=CC=C(C=C1)C(=O)O,CN1CCCC1=O,323.45,K,0.26696
CC1=CC=C(C=C1)C(=O)O,CN1CCCC1=O,328.75,K,0.33059
CC1=CC=C(C=C1)C(=O)O,CN1CCCC1=O,334.85,K,0.4099
CC1=CC=C(C=C1)C(=O)O,CN1CCCC1=O,340.25,K,0.4751
CC1=CC=C(C=C1)C(=O)O,CN1CCCC1=O,343.35,K,0.51525
CC1=CC=C(C=C1)C(=O)O,CN1CCCC1=O,346.65,K,0.55699
CC1=CC=C(C=C1)C(=O)O,CN1CCCC1=O,351.45,K,0.62024
CC1=CC=C(C=C1)C(=O)O,CN1CCCC1=O,355.75,K,0.6819
CC1=CC=C(C=C1)C(=O)O,CN1CCCC1=O,360.65,K,0.76147
CC1=CC=C(C=C1)C(=O)O,CN1CCCC1=O,364.05,K,0.83356
CC1=CC=C(C=C1)C(=O)O,CN1CCCC1=O,366.55,K,0.89523
CC1=CC=C(C=C1)C(=O)O,CN1CCCC1=O,369.25,K,0.96207
CC1=CC=C(C=C1)C(=O)O,CN1CCCC1=O,370.05,K,0.98851
CC1=C(C=C(C=C1[N+](=O)[O-])[N+](=O)[O-])C(=O)O,C1COCCO1,298.15,K,0.410287511690034
CC1=C(C=C(C=C1[N+](=O)[O-])[N+](=O)[O-])C(=O)O,C1CCOC1,298.15,K,0.450111020228878
COC1=CC=CC=C1C(=O)O,CC(O)COC(C)(C)C,298.15,K,-0.261831359938447
COC1=CC=CC=C1C(=O)O,CC(C)OCCO,298.15,K,-0.093697263910609
COC1=CC=CC=C1C(=O)O,CCCOCCO,298.15,K,0.013377696055468
COC1=CC=CC=C1C(=O)O,COC(C)CCO,298.15,K,0.038607560353621
COC1=CC=CC=C1C(=O)O,CCOCCO,298.15,K,0.144180707573244
COC1=CC=CC=C1C(=O)O,CCCCOCCO,298.15,K,0.056802858651285
CC(=O)NC1=CC=C(C=C1)OC(=O)C2=CC=CC=C2OC(=O)C,Cc1ccccc1,278.15,K,-3.90525693299735
CC(=O)NC1=CC=C(C=C1)OC(=O)C2=CC=CC=C2OC(=O)C,Cc1ccccc1,283.15,K,-3.7662145357747
CC(=O)NC1=CC=C(C=C1)OC(=O)C2=CC=CC=C2OC(=O)C,Cc1ccccc1,288.15,K,-3.62584504677965
CC(=O)NC1=CC=C(C=C1)OC(=O)C2=CC=CC=C2OC(=O)C,Cc1ccccc1,293.15,K,-3.49462556064602
CC(=O)NC1=CC=C(C=C1)OC(=O)C2=CC=CC=C2OC(=O)C,Cc1ccccc1,298.15,K,-3.39375073792751
CC(=O)NC1=CC=C(C=C1)OC(=O)C2=CC=CC=C2OC(=O)C,Cc1ccccc1,303.15,K,-3.29042708090659
CC(=O)NC1=CC=C(C=C1)OC(=O)C2=CC=CC=C2OC(=O)C,Cc1ccccc1,308.15,K,-3.20065176899168
CC(=O)NC1=CC=C(C=C1)OC(=O)C2=CC=CC=C2OC(=O)C,CC(C)O,278.15,K,-2.99488056177507
CC(=O)NC1=CC=C(C=C1)OC(=O)C2=CC=CC=C2OC(=O)C,Cc1ccccc1,313.15,K,-3.10104916683403
CC(=O)NC1=CC=C(C=C1)OC(=O)C2=CC=CC=C2OC(=O)C,CCCO,278.15,K,-2.92243614791669
CC(=O)NC1=CC=C(C=C1)OC(=O)C2=CC=CC=C2OC(=O)C,CC(C)O,283.15,K,-2.84870443025917
CC(=O)NC1=CC=C(C=C1)OC(=O)C2=CC=CC=C2OC(=O)C,Cc1ccccc1,318.15,K,-3.00453778594461
CC(=O)NC1=CC=C(C=C1)OC(=O)C2=CC=CC=C2OC(=O)C,CCCO,283.15,K,-2.76192765091833
CC(=O)NC1=CC=C(C=C1)OC(=O)C2=CC=CC=C2OC(=O)C,CC(C)O,288.15,K,-2.73750791088019
CC(=O)NC1=CC=C(C=C1)OC(=O)C2=CC=CC=C2OC(=O)C,CO,278.15,K,-2.44419291208861
CC(=O)NC1=CC=C(C=C1)OC(=O)C2=CC=CC=C2OC(=O)C,CCO,278.15,K,-2.560252826151
CC(=O)NC1=CC=C(C=C1)OC(=O)C2=CC=CC=C2OC(=O)C,CCCO,288.15,K,-2.63323904963369
CC(=O)NC1=CC=C(C=C1)OC(=O)C2=CC=CC=C2OC(=O)C,CC(C)O,293.15,K,-2.63264749788681
CC(=O)NC1=CC=C(C=C1)OC(=O)C2=CC=CC=C2OC(=O)C,CCCCO,278.15,K,-2.70223358968668
CC(=O)NC1=CC=C(C=C1)OC(=O)C2=CC=CC=C2OC(=O)C,CO,283.15,K,-2.34150583656194
CC(=O)NC1=CC=C(C=C1)OC(=O)C2=CC=CC=C2OC(=O)C,CCO,283.15,K,-2.43894836721269
CC(=O)NC1=CC=C(C=C1)OC(=O)C2=CC=CC=C2OC(=O)C,CCCO,293.15,K,-2.54307475412022
CC(=O)NC1=CC=C(C=C1)OC(=O)C2=CC=CC=C2OC(=O)C,CC(C)O,298.15,K,-2.54797437075136
CC(=O)NC1=CC=C(C=C1)OC(=O)C2=CC=CC=C2OC(=O)C,CO,288.15,K,-2.24629140643378
CC(=O)NC1=CC=C(C=C1)OC(=O)C2=CC=CC=C2OC(=O)C,CCCCO,283.15,K,-2.58600851894355
CC(=O)NC1=CC=C(C=C1)OC(=O)C2=CC=CC=C2OC(=O)C,CC(C)O,303.15,K,-2.46973124735042
CC(=O)NC1=CC=C(C=C1)OC(=O)C2=CC=CC=C2OC(=O)C,CCCO,298.15,K,-2.45319998029321
CC(=O)NC1=CC=C(C=C1)OC(=O)C2=CC=CC=C2OC(=O)C,CCO,288.15,K,-2.34024499702193
CC(=O)NC1=CC=C(C=C1)OC(=O)C2=CC=CC=C2OC(=O)C,CO,293.15,K,-2.16256005157407
CC(=O)NC1=CC=C(C=C1)OC(=O)C2=CC=CC=C2OC(=O)C,CCCCO,288.15,K,-2.48197704749581
CC(=O)NC1=CC=C(C=C1)OC(=O)C2=CC=CC=C2OC(=O)C,CC(C)O,308.15,K,-2.38147786610762
CC(=O)NC1=CC=C(C=C1)OC(=O)C2=CC=CC=C2OC(=O)C,CCO,293.15,K,-2.25260662560741
CC(=O)NC1=CC=C(C=C1)OC(=O)C2=CC=CC=C2OC(=O)C,CCCO,303.15,K,-2.36296449961586
CC(=O)NC1=CC=C(C=C1)OC(=O)C2=CC=CC=C2OC(=O)C,CO,298.15,K,-2.07900414706509
CC(=O)NC1=CC=C(C=C1)OC(=O)C2=CC=CC=C2OC(=O)C,CCCCO,293.15,K,-2.38711578585686
CC(=O)NC1=CC=C(C=C1)OC(=O)C2=CC=CC=C2OC(=O)C,CCOC(C)=O,278.15,K,-2.38864579361402
CC(=O)NC1=CC=C(C=C1)OC(=O)C2=CC=CC=C2OC(=O)C,CC(C)O,313.15,K,-2.29753876993292
CC(=O)NC1=CC=C(C=C1)OC(=O)C2=CC=CC=C2OC(=O)C,CCCO,308.15,K,-2.27582002890649
CC(=O)NC1=CC=C(C=C1)OC(=O)C2=CC=CC=C2OC(=O)C,CO,303.15,K,-2.0062415616679
CC(=O)NC1=CC=C(C=C1)OC(=O)C2=CC=CC=C2OC(=O)C,CCO,298.15,K,-2.1628584741624
CC(=O)NC1=CC=C(C=C1)OC(=O)C2=CC=CC=C2OC(=O)C,CCCCO,298.15,K,-2.29916380989557
CC(=O)NC1=CC=C(C=C1)OC(=O)C2=CC=CC=C2OC(=O)C,CO,308.15,K,-1.92866849954369
CC(=O)NC1=CC=C(C=C1)OC(=O)C2=CC=CC=C2OC(=O)C,CCO,303.15,K,-2.0838769707075
CC(=O)NC1=CC=C(C=C1)OC(=O)C2=CC=CC=C2OC(=O)C,CC(C)O,318.15,K,-2.203198087657
CC(=O)NC1=CC=C(C=C1)OC(=O)C2=CC=CC=C2OC(=O)C,CCCO,313.15,K,-2.18634400005166
CC(=O)NC1=CC=C(C=C1)OC(=O)C2=CC=CC=C2OC(=O)C,CCOC(C)=O,283.15,K,-2.26942036289788
CC(=O)NC1=CC=C(C=C1)OC(=O)C2=CC=CC=C2OC(=O)C,CCCCO,303.15,K,-2.21947601929685
CC(=O)NC1=CC=C(C=C1)OC(=O)C2=CC=CC=C2OC(=O)C,CCO,308.15,K,-2.00269620902336
CC(=O)NC1=CC=C(C=C1)OC(=O)C2=CC=CC=C2OC(=O)C,CO,313.15,K,-1.83803327218665
CC(=O)NC1=CC=C(C=C1)OC(=O)C2=CC=CC=C2OC(=O)C,CCCO,318.15,K,-2.07357586524412
CC(=O)NC1=CC=C(C=C1)OC(=O)C2=CC=CC=C2OC(=O)C,CCOC(C)=O,288.15,K,-2.17370140654401
CC(=O)NC1=CC=C(C=C1)OC(=O)C2=CC=CC=C2OC(=O)C,CC#N,278.15,K,-1.87725464951021
CC(=O)NC1=CC=C(C=C1)OC(=O)C2=CC=CC=C2OC(=O)C,CCCCO,308.15,K,-2.13304399749509
CC(=O)NC1=CC=C(C=C1)OC(=O)C2=CC=CC=C2OC(=O)C,CCO,313.15,K,-1.91005692366049
CC(=O)NC1=CC=C(C=C1)OC(=O)C2=CC=CC=C2OC(=O)C,CO,318.15,K,-1.74778321731823
CC(=O)NC1=CC=C(C=C1)OC(=O)C2=CC=CC=C2OC(=O)C,CCOC(C)=O,293.15,K,-2.09293912025499
CC(=O)NC1=CC=C(C=C1)OC(=O)C2=CC=CC=C2OC(=O)C,CCCCO,313.15,K,-2.03917286301953
CC(=O)NC1=CC=C(C=C1)OC(=O)C2=CC=CC=C2OC(=O)C,CC#N,283.15,K,-1.78150349784085
CC(=O)NC1=CC=C(C=C1)OC(=O)C2=CC=CC=C2OC(=O)C,CCO,318.15,K,-1.82230836515608
CC(=O)NC1=CC=C(C=C1)OC(=O)C2=CC=CC=C2OC(=O)C,CCOC(C)=O,298.15,K,-1.99655416647756
CC(=O)NC1=CC=C(C=C1)OC(=O)C2=CC=CC=C2OC(=O)C,CCCCO,318.15,K,-1.95601340791065
CC(=O)NC1=CC=C(C=C1)OC(=O)C2=CC=CC=C2OC(=O)C,CC#N,288.15,K,-1.69223826278555
CC(=O)NC1=CC=C(C=C1)OC(=O)C2=CC=CC=C2OC(=O)C,CCOC(C)=O,303.15,K,-1.92039026114269
CC(=O)NC1=CC=C(C=C1)OC(=O)C2=CC=CC=C2OC(=O)C,CC#N,293.15,K,-1.592053096839
CC(=O)NC1=CC=C(C=C1)OC(=O)C2=CC=CC=C2OC(=O)C,CCOC(C)=O,308.15,K,-1.84950328369406
CC(=O)NC1=CC=C(C=C1)OC(=O)C2=CC=CC=C2OC(=O)C,CC#N,298.15,K,-1.5010260613831
CC(=O)NC1=CC=C(C=C1)OC(=O)C2=CC=CC=C2OC(=O)C,CCOC(C)=O,313.15,K,-1.77390309200072
CC(=O)NC1=CC=C(C=C1)OC(=O)C2=CC=CC=C2OC(=O)C,C1COCCO1,293.15,K,-1.70046690085154
CC(=O)NC1=CC=C(C=C1)OC(=O)C2=CC=CC=C2OC(=O)C,CCOC(C)=O,318.15,K,-1.70730673335046
CC(=O)NC1=CC=C(C=C1)OC(=O)C2=CC=CC=C2OC(=O)C,CC#N,303.15,K,-1.42490069318903
CC(=O)NC1=CC=C(C=C1)OC(=O)C2=CC=CC=C2OC(=O)C,C1COCCO1,298.15,K,-1.62225689682603
CC(=O)NC1=CC=C(C=C1)OC(=O)C2=CC=CC=C2OC(=O)C,CC#N,308.15,K,-1.35450137575737
CC(=O)NC1=CC=C(C=C1)OC(=O)C2=CC=CC=C2OC(=O)C,CCC(C)=O,278.15,K,-1.54450478621108
CC(=O)NC1=CC=C(C=C1)OC(=O)C2=CC=CC=C2OC(=O)C,C1COCCO1,303.15,K,-1.53613587818415
CC(=O)NC1=CC=C(C=C1)OC(=O)C2=CC=CC=C2OC(=O)C,CCC(C)=O,283.15,K,-1.51843585095865
CC(=O)NC1=CC=C(C=C1)OC(=O)C2=CC=CC=C2OC(=O)C,CC#N,313.15,K,-1.27788218621131
CC(=O)NC1=CC=C(C=C1)OC(=O)C2=CC=CC=C2OC(=O)C,CCC(C)=O,288.15,K,-1.49035883763519
CC(=O)NC1=CC=C(C=C1)OC(=O)C2=CC=CC=C2OC(=O)C,C1COCCO1,308.15,K,-1.46149454700093
CC(=O)NC1=CC=C(C=C1)OC(=O)C2=CC=CC=C2OC(=O)C,CCC(C)=O,293.15,K,-1.46220583543875
CC(=O)NC1=CC=C(C=C1)OC(=O)C2=CC=CC=C2OC(=O)C,CCC(C)=O,298.15,K,-1.42989218286966
CC(=O)NC1=CC=C(C=C1)OC(=O)C2=CC=CC=C2OC(=O)C,CC#N,318.15,K,-1.20252196648986
CC(=O)NC1=CC=C(C=C1)OC(=O)C2=CC=CC=C2OC(=O)C,C1COCCO1,313.15,K,-1.39429212726109
CC(=O)NC1=CC=C(C=C1)OC(=O)C2=CC=CC=C2OC(=O)C,CCC(C)=O,303.15,K,-1.39901873250589
CC(=O)NC1=CC=C(C=C1)OC(=O)C2=CC=CC=C2OC(=O)C,CCC(C)=O,308.15,K,-1.36516791678444
CC(=O)NC1=CC=C(C=C1)OC(=O)C2=CC=CC=C2OC(=O)C,C1COCCO1,318.15,K,-1.30992382663927
CC(=O)NC1=CC=C(C=C1)OC(=O)C2=CC=CC=C2OC(=O)C,CCC(C)=O,313.15,K,-1.3285658328674
CC(=O)NC1=CC=C(C=C1)OC(=O)C2=CC=CC=C2OC(=O)C,CCC(C)=O,318.15,K,-1.29638430471174
CC(=O)NC1=CC=C(C=C1)OC(=O)C2=CC=CC=C2OC(=O)C,CN(C)C=O,278.15,K,-0.635429283455845
CC(=O)NC1=CC=C(C=C1)OC(=O)C2=CC=CC=C2OC(=O)C,CN(C)C=O,283.15,K,-0.613197817215061
CC(=O)NC1=CC=C(C=C1)OC(=O)C2=CC=CC=C2OC(=O)C,CN(C)C=O,288.15,K,-0.592633279864539
CC(=O)NC1=CC=C(C=C1)OC(=O)C2=CC=CC=C2OC(=O)C,CN(C)C=O,293.15,K,-0.569094866414265
CC(=O)NC1=CC=C(C=C1)OC(=O)C2=CC=CC=C2OC(=O)C,CN1CCCC1=O,278.15,K,-0.646759548816977
CC(=O)NC1=CC=C(C=C1)OC(=O)C2=CC=CC=C2OC(=O)C,CN(C)C=O,298.15,K,-0.546580638390894
CC(=O)NC1=CC=C(C=C1)OC(=O)C2=CC=CC=C2OC(=O)C,CN(C)C=O,303.15,K,-0.522824787936481
CC(=O)NC1=CC=C(C=C1)OC(=O)C2=CC=CC=C2OC(=O)C,CN1CCCC1=O,283.15,K,-0.588021155698553
CC(=O)NC1=CC=C(C=C1)OC(=O)C2=CC=CC=C2OC(=O)C,CN(C)C=O,308.15,K,-0.498370488398153
CC(=O)NC1=CC=C(C=C1)OC(=O)C2=CC=CC=C2OC(=O)C,CN(C)C=O,313.15,K,-0.47218212219344
CC(=O)NC1=CC=C(C=C1)OC(=O)C2=CC=CC=C2OC(=O)C,CN1CCCC1=O,288.15,K,-0.533673935851723
CC(=O)NC1=CC=C(C=C1)OC(=O)C2=CC=CC=C2OC(=O)C,CN(C)C=O,318.15,K,-0.445614500376329
CC(=O)NC1=CC=C(C=C1)OC(=O)C2=CC=CC=C2OC(=O)C,CN1CCCC1=O,293.15,K,-0.485902975862575
CC(=O)NC1=CC=C(C=C1)OC(=O)C2=CC=CC=C2OC(=O)C,CN1CCCC1=O,298.15,K,-0.435178111783765
CC(=O)NC1=CC=C(C=C1)OC(=O)C2=CC=CC=C2OC(=O)C,CN1CCCC1=O,303.15,K,-0.391105150233589
CC(=O)NC1=CC=C(C=C1)OC(=O)C2=CC=CC=C2OC(=O)C,CN1CCCC1=O,308.15,K,-0.349687080706524
CC(=O)NC1=CC=C(C=C1)OC(=O)C2=CC=CC=C2OC(=O)C,CN1CCCC1=O,313.15,K,-0.302639204581486
CC(=O)NC1=CC=C(C=C1)OC(=O)C2=CC=CC=C2OC(=O)C,CN1CCCC1=O,318.15,K,-0.260062110651911
CCN1C2=C(C3=C1C=CC=C3)C=C(N4NNC(C5=CC=CC=C5)=C4)C=C2,CC(C)O,279.4,K,-2.53777389143607
CCN1C2=C(C3=C1C=CC=C3)C=C(N4NNC(C5=CC=CC=C5)=C4)C=C2,CCC(C)O,279.9,K,-2.49973007006423
CCN1C2=C(C3=C1C=CC=C3)C=C(N4NNC(C5=CC=CC=C5)=C4)C=C2,CC(C)O,290.4,K,-2.33503154453745
CCN1C2=C(C3=C1C=CC=C3)C=C(N4NNC(C5=CC=CC=C5)=C4)C=C2,CCC(C)O,283.2,K,-2.39543377887946
CCN1C2=C(C3=C1C=CC=C3)C=C(N4NNC(C5=CC=CC=C5)=C4)C=C2,CCO,279.2,K,-2.15078546611119
CCN1C2=C(C3=C1C=CC=C3)C=C(N4NNC(C5=CC=CC=C5)=C4)C=C2,CO,279.3,K,-1.98833238718399
CCN1C2=C(C3=C1C=CC=C3)C=C(N4NNC(C5=CC=CC=C5)=C4)C=C2,CCO,281.5,K,-2.12867215918272
CCN1C2=C(C3=C1C=CC=C3)C=C(N4NNC(C5=CC=CC=C5)=C4)C=C2,CC(C)O,294.2,K,-2.21411710503905
CCN1C2=C(C3=C1C=CC=C3)C=C(N4NNC(C5=CC=CC=C5)=C4)C=C2,CO,281.9,K,-1.93060059648557
CCN1C2=C(C3=C1C=CC=C3)C=C(N4NNC(C5=CC=CC=C5)=C4)C=C2,CCO,285.8,K,-2.03883816566976
CCN1C2=C(C3=C1C=CC=C3)C=C(N4NNC(C5=CC=CC=C5)=C4)C=C2,CCCO,283.0,K,-2.12380733389045
CCN1C2=C(C3=C1C=CC=C3)C=C(N4NNC(C5=CC=CC=C5)=C4)C=C2,CC(C)O,298.4,K,-2.12657018155713
CCN1C2=C(C3=C1C=CC=C3)C=C(N4NNC(C5=CC=CC=C5)=C4)C=C2,CCCCO,280.1,K,-2.18853768703074
CCN1C2=C(C3=C1C=CC=C3)C=C(N4NNC(C5=CC=CC=C5)=C4)C=C2,CO,288.2,K,-1.83251922897824
CCN1C2=C(C3=C1C=CC=C3)C=C(N4NNC(C5=CC=CC=C5)=C4)C=C2,CCC(C)O,291.7,K,-2.1900793423225
CCN1C2=C(C3=C1C=CC=C3)C=C(N4NNC(C5=CC=CC=C5)=C4)C=C2,CCO,288.8,K,-1.98694613211901
CCN1C2=C(C3=C1C=CC=C3)C=C(N4NNC(C5=CC=CC=C5)=C4)C=C2,CCCO,285.1,K,-2.04367356996637
CCN1C2=C(C3=C1C=CC=C3)C=C(N4NNC(C5=CC=CC=C5)=C4)C=C2,CCCCO,283.7,K,-2.12205369076283
CCN1C2=C(C3=C1C=CC=C3)C=C(N4NNC(C5=CC=CC=C5)=C4)C=C2,CC(C)O,300.9,K,-2.05119745134559
CCN1C2=C(C3=C1C=CC=C3)C=C(N4NNC(C5=CC=CC=C5)=C4)C=C2,CCO,291.9,K,-1.92937275824994
CCN1C2=C(C3=C1C=CC=C3)C=C(N4NNC(C5=CC=CC=C5)=C4)C=C2,CCC(C)O,294.6,K,-2.09965890806061
CCN1C2=C(C3=C1C=CC=C3)C=C(N4NNC(C5=CC=CC=C5)=C4)C=C2,CCCO,288.8,K,-1.98256815641674
CCN1C2=C(C3=C1C=CC=C3)C=C(N4NNC(C5=CC=CC=C5)=C4)C=C2,CC(C)O,304.6,K,-1.98875848848286
CCN1C2=C(C3=C1C=CC=C3)C=C(N4NNC(C5=CC=CC=C5)=C4)C=C2,CCO,297.2,K,-1.83961157492335
CCN1C2=C(C3=C1C=CC=C3)C=C(N4NNC(C5=CC=CC=C5)=C4)C=C2,CCCCO,288.6,K,-2.03065117866211
CCN1C2=C(C3=C1C=CC=C3)C=C(N4NNC(C5=CC=CC=C5)=C4)C=C2,CCC(C)O,298.4,K,-2.01484243139394
CCN1C2=C(C3=C1C=CC=C3)C=C(N4NNC(C5=CC=CC=C5)=C4)C=C2,CC(C)O,307.7,K,-1.9297226999638
CCN1C2=C(C3=C1C=CC=C3)C=C(N4NNC(C5=CC=CC=C5)=C4)C=C2,CO,300.7,K,-1.63276380978207
CCN1C2=C(C3=C1C=CC=C3)C=C(N4NNC(C5=CC=CC=C5)=C4)C=C2,CCCCO,292.7,K,-1.91531695566268
CCN1C2=C(C3=C1C=CC=C3)C=C(N4NNC(C5=CC=CC=C5)=C4)C=C2,CCCO,297.1,K,-1.82943868656372
CCN1C2=C(C3=C1C=CC=C3)C=C(N4NNC(C5=CC=CC=C5)=C4)C=C2,CC(C)O,311.0,K,-1.83860869388258
CCN1C2=C(C3=C1C=CC=C3)C=C(N4NNC(C5=CC=CC=C5)=C4)C=C2,CO,306.1,K,-1.54830420479197
CCN1C2=C(C3=C1C=CC=C3)C=C(N4NNC(C5=CC=CC=C5)=C4)C=C2,CCO,307.8,K,-1.63878083253188
CCN1C2=C(C3=C1C=CC=C3)C=C(N4NNC(C5=CC=CC=C5)=C4)C=C2,CCCCO,298.2,K,-1.82069705566051
CCN1C2=C(C3=C1C=CC=C3)C=C(N4NNC(C5=CC=CC=C5)=C4)C=C2,CCC(C)O,306.7,K,-1.79556919304539
CCN1C2=C(C3=C1C=CC=C3)C=C(N4NNC(C5=CC=CC=C5)=C4)C=C2,CO,314.8,K,-1.39984473385915
CCN1C2=C(C3=C1C=CC=C3)C=C(N4NNC(C5=CC=CC=C5)=C4)C=C2,CCO,313.0,K,-1.54422400969329
CCN1C2=C(C3=C1C=CC=C3)C=C(N4NNC(C5=CC=CC=C5)=C4)C=C2,CCCO,307.0,K,-1.63096794279269
CCN1C2=C(C3=C1C=CC=C3)C=C(N4NNC(C5=CC=CC=C5)=C4)C=C2,CC(C)O,319.5,K,-1.63854046299773
CCN1C2=C(C3=C1C=CC=C3)C=C(N4NNC(C5=CC=CC=C5)=C4)C=C2,CC#N,281.7,K,-1.43688230721935
CCN1C2=C(C3=C1C=CC=C3)C=C(N4NNC(C5=CC=CC=C5)=C4)C=C2,CCCCO,307.4,K,-1.62207636735401
CCN1C2=C(C3=C1C=CC=C3)C=C(N4NNC(C5=CC=CC=C5)=C4)C=C2,CCO,318.9,K,-1.43343542798963
CCN1C2=C(C3=C1C=CC=C3)C=C(N4NNC(C5=CC=CC=C5)=C4)C=C2,CO,320.7,K,-1.2738736255394
CCN1C2=C(C3=C1C=CC=C3)C=C(N4NNC(C5=CC=CC=C5)=C4)C=C2,CCCO,312.2,K,-1.53271160882568
CCN1C2=C(C3=C1C=CC=C3)C=C(N4NNC(C5=CC=CC=C5)=C4)C=C2,CC(C)O,324.1,K,-1.54393889445589
CCN1C2=C(C3=C1C=CC=C3)C=C(N4NNC(C5=CC=CC=C5)=C4)C=C2,CCC(C)O,315.7,K,-1.59249207378097
CCN1C2=C(C3=C1C=CC=C3)C=C(N4NNC(C5=CC=CC=C5)=C4)C=C2,CC#N,287.8,K,-1.31813931618827
CCN1C2=C(C3=C1C=CC=C3)C=C(N4NNC(C5=CC=CC=C5)=C4)C=C2,CCO,323.2,K,-1.34438114098806
CCN1C2=C(C3=C1C=CC=C3)C=C(N4NNC(C5=CC=CC=C5)=C4)C=C2,CCCCO,312.6,K,-1.5276270948484
CCN1C2=C(C3=C1C=CC=C3)C=C(N4NNC(C5=CC=CC=C5)=C4)C=C2,CO,325.0,K,-1.17680716032434
CCN1C2=C(C3=C1C=CC=C3)C=C(N4NNC(C5=CC=CC=C5)=C4)C=C2,CCC(C)O,319.1,K,-1.50433948232459
CCN1C2=C(C3=C1C=CC=C3)C=C(N4NNC(C5=CC=CC=C5)=C4)C=C2,CCCO,319.4,K,-1.38703180570126
CCN1C2=C(C3=C1C=CC=C3)C=C(N4NNC(C5=CC=CC=C5)=C4)C=C2,CC(C)O,330.2,K,-1.38381484746802
CCN1C2=C(C3=C1C=CC=C3)C=C(N4NNC(C5=CC=CC=C5)=C4)C=C2,CC#N,295.4,K,-1.19326169770508
CCN1C2=C(C3=C1C=CC=C3)C=C(N4NNC(C5=CC=CC=C5)=C4)C=C2,CCC(C)O,321.3,K,-1.44360720093803
CCN1C2=C(C3=C1C=CC=C3)C=C(N4NNC(C5=CC=CC=C5)=C4)C=C2,CCO,329.0,K,-1.21003034973914
CCN1C2=C(C3=C1C=CC=C3)C=C(N4NNC(C5=CC=CC=C5)=C4)C=C2,CCCCO,320.4,K,-1.3683830947907
CCN1C2=C(C3=C1C=CC=C3)C=C(N4NNC(C5=CC=CC=C5)=C4)C=C2,CCOC(C)=O,278.9,K,-1.37544584780029
CCN1C2=C(C3=C1C=CC=C3)C=C(N4NNC(C5=CC=CC=C5)=C4)C=C2,CCCO,325.2,K,-1.26502236471894
CCN1C2=C(C3=C1C=CC=C3)C=C(N4NNC(C5=CC=CC=C5)=C4)C=C2,CCOC(C)=O,282.5,K,-1.34107562163259
CCN1C2=C(C3=C1C=CC=C3)C=C(N4NNC(C5=CC=CC=C5)=C4)C=C2,CC#N,304.8,K,-1.03911041930809
CCN1C2=C(C3=C1C=CC=C3)C=C(N4NNC(C5=CC=CC=C5)=C4)C=C2,CCC(C)O,329.5,K,-1.25428008212573
CCN1C2=C(C3=C1C=CC=C3)C=C(N4NNC(C5=CC=CC=C5)=C4)C=C2,CCOC(C)=O,288.6,K,-1.26040775161613
CCN1C2=C(C3=C1C=CC=C3)C=C(N4NNC(C5=CC=CC=C5)=C4)C=C2,CCCO,330.2,K,-1.14435868358721
CCN1C2=C(C3=C1C=CC=C3)C=C(N4NNC(C5=CC=CC=C5)=C4)C=C2,CCOC(C)=O,293.8,K,-1.19563299423348
CCN1C2=C(C3=C1C=CC=C3)C=C(N4NNC(C5=CC=CC=C5)=C4)C=C2,CC#N,312.3,K,-0.908143438781434
CCN1C2=C(C3=C1C=CC=C3)C=C(N4NNC(C5=CC=CC=C5)=C4)C=C2,CCOC(C)=O,296.6,K,-1.15522450881543
CCN1C2=C(C3=C1C=CC=C3)C=C(N4NNC(C5=CC=CC=C5)=C4)C=C2,CCCCO,331.5,K,-1.13788810207776
CCN1C2=C(C3=C1C=CC=C3)C=C(N4NNC(C5=CC=CC=C5)=C4)C=C2,CCOC(C)=O,301.9,K,-1.09263022571859
CCN1C2=C(C3=C1C=CC=C3)C=C(N4NNC(C5=CC=CC=C5)=C4)C=C2,CCOC(C)=O,306.3,K,-1.03830334624506
CCN1C2=C(C3=C1C=CC=C3)C=C(N4NNC(C5=CC=CC=C5)=C4)C=C2,CC#N,319.4,K,-0.761585521573746
CCN1C2=C(C3=C1C=CC=C3)C=C(N4NNC(C5=CC=CC=C5)=C4)C=C2,CCOC(C)=O,310.5,K,-0.983940793918907
CCN1C2=C(C3=C1C=CC=C3)C=C(N4NNC(C5=CC=CC=C5)=C4)C=C2,CC#N,325.0,K,-0.63747148144375
CCN1C2=C(C3=C1C=CC=C3)C=C(N4NNC(C5=CC=CC=C5)=C4)C=C2,CCOC(C)=O,318.0,K,-0.887707028750611
CCN1C2=C(C3=C1C=CC=C3)C=C(N4NNC(C5=CC=CC=C5)=C4)C=C2,CCOC(C)=O,322.8,K,-0.814525308446467
CCN1C2=C(C3=C1C=CC=C3)C=C(N4NNC(C5=CC=CC=C5)=C4)C=C2,CCOC(C)=O,326.9,K,-0.742943563824629
CC(=O)N1CCC[C@H]1C(=O)O,CCOC(C)=O,283.15,K,-1.41736420779749
CC(=O)N1CCC[C@H]1C(=O)O,COC(C)=O,283.15,K,-1.11085576518811
CC(=O)N1CCC[C@H]1C(=O)O,CCOC(C)=O,293.15,K,-1.18550746673166
CC(=O)N1CCC[C@H]1C(=O)O,CCOC(C)=O,303.15,K,-1.009628197766
CC(=O)N1CCC[C@H]1C(=O)O,COC(C)=O,293.15,K,-0.899358462434054
CC(=O)N1CCC[C@H]1C(=O)O,CCC(C)=O,283.15,K,-0.887092737835906
CC(=O)N1CCC[C@H]1C(=O)O,O,283.15,K,-0.144902374104565
CC(=O)N1CCC[C@H]1C(=O)O,CCOC(C)=O,313.15,K,-0.87102093512681
CC(=O)N1CCC[C@H]1C(=O)O,COC(C)=O,303.15,K,-0.736462183188093
CC(=O)N1CCC[C@H]1C(=O)O,CC(C)=O,283.15,K,-0.654799404558799
CC(=O)N1CCC[C@H]1C(=O)O,CC#N,283.15,K,-0.506316637371883
CC(=O)N1CCC[C@H]1C(=O)O,CCC(C)=O,293.15,K,-0.737390365842879
CC(=O)N1CCC[C@H]1C(=O)O,O,293.15,K,0.027035650756057
CC(=O)N1CCC[C@H]1C(=O)O,CCOC(C)=O,323.15,K,-0.696569070919692
CC(=O)N1CCC[C@H]1C(=O)O,COC(C)=O,313.15,K,-0.573325539988021
CC(=O)N1CCC[C@H]1C(=O)O,CCC(C)=O,303.15,K,-0.571764667795269
CC(=O)N1CCC[C@H]1C(=O)O,C1COCCO1,288.15,K,-0.541412943320982
CC(=O)N1CCC[C@H]1C(=O)O,CC(C)=O,293.15,K,-0.462229608926821
CC(=O)N1CCC[C@H]1C(=O)O,O,303.15,K,0.184841701734335
CC(=O)N1CCC[C@H]1C(=O)O,C1COCCO1,293.15,K,-0.453141254721411
CC(=O)N1CCC[C@H]1C(=O)O,COC(C)=O,323.15,K,-0.401031035290714
CC(=O)N1CCC[C@H]1C(=O)O,CC#N,293.15,K,-0.179325170561705
CC(=O)N1CCC[C@H]1C(=O)O,ClCCl,283.15,K,-0.254567247574259
CC(=O)N1CCC[C@H]1C(=O)O,CCC(C)=O,313.15,K,-0.4178539965855
CC(=O)N1CCC[C@H]1C(=O)O,CC(C)=O,303.15,K,-0.314967098763986
CC(=O)N1CCC[C@H]1C(=O)O,CCCCCO,283.15,K,-0.436798156320351
CC(=O)N1CCC[C@H]1C(=O)O,CCCCO,283.15,K,-0.324229194523106
CC(=O)N1CCC[C@H]1C(=O)O,C1COCCO1,303.15,K,-0.297834365359175
CC(=O)N1CCC[C@H]1C(=O)O,O,313.15,K,0.382744128897915
CC(=O)N1CCC[C@H]1C(=O)O,CCC(C)O,283.15,K,-0.307129627903623
CC(=O)N1CCC[C@H]1C(=O)O,CC(C)CO,283.15,K,-0.290308635371409
CC(=O)N1CCC[C@H]1C(=O)O,CC(C)O,283.15,K,-0.206748048163241
CC(=O)N1CCC[C@H]1C(=O)O,ClCCl,288.15,K,-0.127433232529984
CC(=O)N1CCC[C@H]1C(=O)O,CC(C)=O,313.15,K,-0.171574871487592
CC(=O)N1CCC[C@H]1C(=O)O,CCCCCO,293.15,K,-0.283945380809162
CC(=O)N1CCC[C@H]1C(=O)O,CCC(C)=O,323.15,K,-0.201687778055198
CC(=O)N1CCC[C@H]1C(=O)O,CC#N,303.15,K,0.045830154911324
CC(=O)N1CCC[C@H]1C(=O)O,CCCCO,293.15,K,-0.164360553720079
CC(=O)N1CCC[C@H]1C(=O)O,ClCCl,293.15,K,0.010443146014356
CC(=O)N1CCC[C@H]1C(=O)O,CCC(C)O,293.15,K,-0.143024620193416
CC(=O)N1CCC[C@H]1C(=O)O,CC(C)CO,293.15,K,-0.128527701339887
CC(=O)N1CCC[C@H]1C(=O)O,C1COCCO1,313.15,K,-0.08152676393552
CC(=O)N1CCC[C@H]1C(=O)O,CC(C)=O,323.15,K,-0.025912170154237
CC(=O)N1CCC[C@H]1C(=O)O,CC(C)O,293.15,K,0.01463624324927
CC(=O)N1CCC[C@H]1C(=O)O,O,323.15,K,0.640721444316659
CC(=O)N1CCC[C@H]1C(=O)O,CCCCCO,303.15,K,-0.129199107165592
CC(=O)N1CCC[C@H]1C(=O)O,CCO,283.15,K,0.14990933929717
CC(=O)N1CCC[C@H]1C(=O)O,ClCCl,298.15,K,0.130187899577092
CC(=O)N1CCC[C@H]1C(=O)O,CCCCO,303.15,K,0.017288734610507
CC(=O)N1CCC[C@H]1C(=O)O,CCC(C)O,303.15,K,0.03515293584603
CC(=O)N1CCC[C@H]1C(=O)O,CCCO,283.15,K,0.157409787457599
CC(=O)N1CCC[C@H]1C(=O)O,ClCCl,303.15,K,0.225472138417511
CC(=O)N1CCC[C@H]1C(=O)O,CC(C)O,303.15,K,0.152666679593114
CC(=O)N1CCC[C@H]1C(=O)O,CC(C)CO,303.15,K,0.105822197137916
CC(=O)N1CCC[C@H]1C(=O)O,CCO,293.15,K,0.328868745689332
CC(=O)N1CCC[C@H]1C(=O)O,CCCCCO,313.15,K,0.054153137947806
CC(=O)N1CCC[C@H]1C(=O)O,CO,283.15,K,0.542504997018237
CC(=O)N1CCC[C@H]1C(=O)O,C1COCCO1,323.15,K,0.228196845505268
CC(=O)N1CCC[C@H]1C(=O)O,CC#N,313.15,K,0.447195776084943
CC(=O)N1CCC[C@H]1C(=O)O,CCC(C)O,313.15,K,0.210370336343672
CC(=O)N1CCC[C@H]1C(=O)O,CCCCO,313.15,K,0.216264055852605
CC(=O)N1CCC[C@H]1C(=O)O,CCCO,293.15,K,0.336712002898532
CC(=O)N1CCC[C@H]1C(=O)O,CC(C)O,313.15,K,0.327942995567479
CC(=O)N1CCC[C@H]1C(=O)O,CC(C)CO,313.15,K,0.258397892510601
CC(=O)N1CCC[C@H]1C(=O)O,CCO,303.15,K,0.497375819262446
CC(=O)N1CCC[C@H]1C(=O)O,CCCCCO,323.15,K,0.227345248374393
CC(=O)N1CCC[C@H]1C(=O)O,CO,293.15,K,0.69130608111313
CC(=O)N1CCC[C@H]1C(=O)O,CC(C)O,323.15,K,0.435350040899068
CC(=O)N1CCC[C@H]1C(=O)O,CCC(C)O,323.15,K,0.389079800846966
CC(=O)N1CCC[C@H]1C(=O)O,CCCO,303.15,K,0.505892443056741
CC(=O)N1CCC[C@H]1C(=O)O,CCCCO,323.15,K,0.419511212425812
CC(=O)N1CCC[C@H]1C(=O)O,CC(C)CO,323.15,K,0.420436133028338
CC(=O)N1CCC[C@H]1C(=O)O,CO,303.15,K,0.811953745349755
CC(=O)N1CCC[C@H]1C(=O)O,CCO,313.15,K,0.671144832833896
CC(=O)N1CCC[C@H]1C(=O)O,CC#N,323.15,K,0.797530856656402
CC(=O)N1CCC[C@H]1C(=O)O,CCCO,313.15,K,0.680053801681716
CC(=O)N1CCC[C@H]1C(=O)O,CCO,323.15,K,0.801390368344663
CC(=O)N1CCC[C@H]1C(=O)O,CO,313.15,K,0.997066783810717
CC(=O)N1CCC[C@H]1C(=O)O,CCCO,323.15,K,0.813682334950104
CC(=O)N1CCC[C@H]1C(=O)O,CO,323.15,K,1.21126186544053
C1=C(C(=CC(=C1Cl)Cl)Cl)Cl,O,278.15,K,-6.01212929938293
C1=C(C(=CC(=C1Cl)Cl)Cl)Cl,O,288.15,K,-5.82233676264986
C1=C(C(=CC(=C1Cl)Cl)Cl)Cl,O,298.15,K,-5.60755871181188
C1=C(C(=CC(=C1Cl)Cl)Cl)Cl,O,308.15,K,-5.46154819595087
C1=C(C(=CC(=C1Cl)Cl)Cl)Cl,O,318.15,K,-5.27826871829959
C1=CC(=CC=C1Cl)Cl,O,278.15,K,-3.47762437984727
C1=CC(=CC=C1Cl)Cl,O,298.15,K,-3.25363624422036
C1=CC(=CC=C1Cl)Cl,O,308.15,K,-3.14514435866249
C1=CC(=CC=C1Cl)Cl,O,288.15,K,-3.36492009965598
C1=CC(=CC=C1Cl)Cl,O,318.15,K,-3.05031729680272
CC1=C(C=C(C=C1[N+](=O)[O-])[N+](=O)[O-])C(=O)O,CC(C)CO,298.15,K,-1.04703006158125
CC1=C(C=C(C=C1[N+](=O)[O-])[N+](=O)[O-])C(=O)O,CCCCCCCCCCO,298.15,K,-1.33124694025684
CC1=C(C=C(C=C1[N+](=O)[O-])[N+](=O)[O-])C(=O)O,CC(C)CCO,298.15,K,-0.952011447432955
CC1=C(C=C(C=C1[N+](=O)[O-])[N+](=O)[O-])C(=O)O,CCCCCCCCO,298.15,K,-1.09678226404819
CC1=C(C=C(C=C1[N+](=O)[O-])[N+](=O)[O-])C(=O)O,CCCCCCO,298.15,K,-0.96198628884178
CC1=C(C=C(C=C1[N+](=O)[O-])[N+](=O)[O-])C(=O)O,CC(C)CC(C)O,298.15,K,-0.952539532141525
CC1=C(C=C(C=C1[N+](=O)[O-])[N+](=O)[O-])C(=O)O,CC(C)(C)O,298.15,K,-0.812348070089276
CC1=C(C=C(C=C1[N+](=O)[O-])[N+](=O)[O-])C(=O)O,CCCC(C)O,298.15,K,-0.852709709972356
CC1=C(C=C(C=C1[N+](=O)[O-])[N+](=O)[O-])C(=O)O,CC(C)O,298.15,K,-0.698943546885025
CC1=C(C=C(C=C1[N+](=O)[O-])[N+](=O)[O-])C(=O)O,CCCCO,298.15,K,-0.772680334341314
CC1=C(C=C(C=C1[N+](=O)[O-])[N+](=O)[O-])C(=O)O,CCC(C)O,298.15,K,-0.77265559823962
CC1=C(C=C(C=C1[N+](=O)[O-])[N+](=O)[O-])C(=O)O,CCCCCO,298.15,K,-0.813125525057814
CC1=C(C=C(C=C1[N+](=O)[O-])[N+](=O)[O-])C(=O)O,CCCO,298.15,K,-0.647540691957312
CC1=C(C=C(C=C1[N+](=O)[O-])[N+](=O)[O-])C(=O)O,CCCCCCCO,298.15,K,-0.919062211920803
CC1=C(C=C(C=C1[N+](=O)[O-])[N+](=O)[O-])C(=O)O,CCCCCOC(C)=O,298.15,K,-0.759648162368421
CC1=C(C=C(C=C1[N+](=O)[O-])[N+](=O)[O-])C(=O)O,CCCCOC(C)=O,298.15,K,-0.68924695868024
CC1=C(C=C(C=C1[N+](=O)[O-])[N+](=O)[O-])C(=O)O,CCCOC(C)=O,298.15,K,-0.581977645341977
CC1=C(C=C(C=C1[N+](=O)[O-])[N+](=O)[O-])C(=O)O,CCOC(C)=O,298.15,K,-0.474485475385511
CC1=C(C=C(C=C1[N+](=O)[O-])[N+](=O)[O-])C(=O)O,COC(C)=O,298.15,K,-0.315321307781272
COC1=CC=CC=C1C(=O)O,CCOC(=O)OCC,298.15,K,-0.503434733995297
CC1=C(C=CC(=C1)C(=O)O)[N+](=O)[O-],COC(=O)OC,298.15,K,-1.08245892276044
C1(=O)NC(=O)NC(=O)N1,OCCO,308.25,K,-2.14793843350462
C1(=O)NC(=O)NC(=O)N1,OCCO,318.05,K,-2.0400242764449
C1(=O)NC(=O)NC(=O)N1,OCCO,324.45,K,-1.97053737800371
C1(=O)NC(=O)NC(=O)N1,OCCO,329.05,K,-1.92193968392698
C1(=O)NC(=O)NC(=O)N1,OCCO,331.15,K,-1.90079685112403
C1(=O)NC(=O)NC(=O)N1,OCCO,336.15,K,-1.84977291366707
C1(=O)NC(=O)NC(=O)N1,OCCO,338.85,K,-1.82247395543728
C1(=O)NC(=O)NC(=O)N1,OCCO,345.55,K,-1.7577978354459
C1(=O)NC(=O)NC(=O)N1,OCCO,348.24,K,-1.73259750444467
C1(=O)NC(=O)NC(=O)N1,OCCO,351.45,K,-1.70139465656746
C1(=O)NC(=O)NC(=O)N1,CN(C)C=O,307.07,K,-0.243165685625515
C1(=O)NC(=O)NC(=O)N1,CN(C)C=O,310.61,K,-0.231777799143442
C1(=O)NC(=O)NC(=O)N1,CN(C)C=O,314.84,K,-0.215475797761772
C1(=O)NC(=O)NC(=O)N1,CN(C)C=O,319.71,K,-0.197950626026117
C1(=O)NC(=O)NC(=O)N1,CN(C)C=O,324.55,K,-0.180740272475717
C1(=O)NC(=O)NC(=O)N1,CN(C)C=O,329.55,K,-0.162793626028408
C1(=O)NC(=O)NC(=O)N1,CN(C)C=O,334.45,K,-0.141435098431569
C1(=O)NC(=O)NC(=O)N1,CN(C)C=O,338.54,K,-0.126436528108872
C1(=O)NC(=O)NC(=O)N1,CN(C)C=O,344.14,K,-0.105329422047805
C1(=O)NC(=O)NC(=O)N1,CN(C)C=O,348.74,K,-0.079862511430664
C1(=O)NC(=O)NC(=O)N1,CN(C)C=O,305.15,K,-2.16863997814774
C1(=O)NC(=O)NC(=O)N1,CN(C)C=O,309.35,K,-2.08151696040491
C1(=O)NC(=O)NC(=O)N1,CN(C)C=O,313.93,K,-1.9920618465042
C1(=O)NC(=O)NC(=O)N1,CN(C)C=O,314.93,K,-1.97233551268001
C1(=O)NC(=O)NC(=O)N1,CN(C)C=O,316.33,K,-1.9463061394836
C1(=O)NC(=O)NC(=O)N1,CN(C)C=O,318.05,K,-1.91464695950693
C1(=O)NC(=O)NC(=O)N1,CN(C)C=O,319.7,K,-1.88478801876489
C1(=O)NC(=O)NC(=O)N1,CN(C)C=O,321.15,K,-1.85922936528343
C1(=O)NC(=O)NC(=O)N1,CN(C)C=O,325.1,K,-1.79119524157181
C1(=O)NC(=O)NC(=O)N1,CN(C)C=O,328.97,K,-1.72762553941555
C1(=O)NC(=O)NC(=O)N1,CN(C)C=O,334.3,K,-1.64514841785237
C1(=O)NC(=O)NC(=O)N1,CN(C)C=O,337.46,K,-1.59815262891065
C1(=O)NC(=O)NC(=O)N1,O=S1(=O)CCCC1,316.84,K,-1.68383374471318
C1(=O)NC(=O)NC(=O)N1,O=S1(=O)CCCC1,319.99,K,-1.64482288795532
C1(=O)NC(=O)NC(=O)N1,O=S1(=O)CCCC1,324.55,K,-1.5820024455575
C1(=O)NC(=O)NC(=O)N1,O=S1(=O)CCCC1,329.73,K,-1.5141698395209
C1(=O)NC(=O)NC(=O)N1,O=S1(=O)CCCC1,336.34,K,-1.43723674119953
C1(=O)NC(=O)NC(=O)N1,O=S1(=O)CCCC1,340.84,K,-1.37695677673324
C1(=O)NC(=O)NC(=O)N1,O=S1(=O)CCCC1,346.14,K,-1.32635721856139
C1(=O)NC(=O)NC(=O)N1,O=S1(=O)CCCC1,350.04,K,-1.27809742411915
C1(=O)NC(=O)NC(=O)N1,O=S1(=O)CCCC1,355.26,K,-1.23123758273518
C1(=O)NC(=O)NC(=O)N1,O=S1(=O)CCCC1,360.96,K,-1.17405898321703
C1(=O)NC(=O)NC(=O)N1,CC(=O)N(C)C,314.35,K,-0.647287129957808
C1(=O)NC(=O)NC(=O)N1,CC(=O)N(C)C,318.85,K,-0.628858280637151
C1(=O)NC(=O)NC(=O)N1,CC(=O)N(C)C,323.5,K,-0.60934602603459
C1(=O)NC(=O)NC(=O)N1,CC(=O)N(C)C,332.8,K,-0.567490493356066
C1(=O)NC(=O)NC(=O)N1,CC(=O)N(C)C,335.65,K,-0.548060811010309
C1(=O)NC(=O)NC(=O)N1,CC(=O)N(C)C,339.2,K,-0.527484336947889
C1(=O)NC(=O)NC(=O)N1,CC(=O)N(C)C,344.82,K,-0.497859372566758
C1(=O)NC(=O)NC(=O)N1,CC(=O)N(C)C,349.61,K,-0.470820013663786
C1(=O)NC(=O)NC(=O)N1,CC(=O)N(C)C,353.9,K,-0.445028663666058
C1(=O)NC(=O)NC(=O)N1,CC(=O)N(C)C,358.95,K,-0.419149489514296
C1(=O)NC(=O)NC(=O)N1,CC(=O)N(C)C,301.07,K,-1.75907936151625
C1(=O)NC(=O)NC(=O)N1,CC(=O)N(C)C,304.98,K,-1.71897859971335
C1(=O)NC(=O)NC(=O)N1,CC(=O)N(C)C,308.2,K,-1.67821288721151
C1(=O)NC(=O)NC(=O)N1,CC(=O)N(C)C,311.0,K,-1.64433107077891
C1(=O)NC(=O)NC(=O)N1,CC(=O)N(C)C,314.13,K,-1.60820486079465
C1(=O)NC(=O)NC(=O)N1,CC(=O)N(C)C,317.3,K,-1.57307648491247
C1(=O)NC(=O)NC(=O)N1,CC(=O)N(C)C,321.95,K,-1.52421298315693
C1(=O)NC(=O)NC(=O)N1,CC(=O)N(C)C,327.37,K,-1.47080187054093
C1(=O)NC(=O)NC(=O)N1,CC(=O)N(C)C,330.94,K,-1.43787522234311
C1(=O)NC(=O)NC(=O)N1,CC(=O)N(C)C,337.75,K,-1.37978303637956
C1(=O)NC(=O)NC(=O)N1,CC(=O)N(C)C,343.45,K,-1.33591342794818
C1(=O)NC(=O)NC(=O)N1,OC1CCCCC1,312.45,K,-2.65507516719304
C1(=O)NC(=O)NC(=O)N1,OC1CCCCC1,316.75,K,-2.57581222849412
C1(=O)NC(=O)NC(=O)N1,OC1CCCCC1,320.25,K,-2.50623343645874
C1(=O)NC(=O)NC(=O)N1,OC1CCCCC1,325.8,K,-2.4120108179233
C1(=O)NC(=O)NC(=O)N1,OC1CCCCC1,330.85,K,-2.29752393358383
C1(=O)NC(=O)NC(=O)N1,OC1CCCCC1,337.15,K,-2.17527826722345
C1(=O)NC(=O)NC(=O)N1,OC1CCCCC1,344.25,K,-2.07471530658745
C1(=O)NC(=O)NC(=O)N1,OC1CCCCC1,351.5,K,-1.96918719428644
C1(=O)NC(=O)NC(=O)N1,OC1CCCCC1,355.15,K,-1.92637084603159
C1(=O)NC(=O)NC(=O)N1,OC1CCCCC1,358.65,K,-1.88215084017553
C1(=O)NC(=O)NC(=O)N1,NC=O,312.37,K,-1.23628963973188
C1(=O)NC(=O)NC(=O)N1,NC=O,322.17,K,-1.1152710338789
C1(=O)NC(=O)NC(=O)N1,NC=O,326.16,K,-1.07026530500477
C1(=O)NC(=O)NC(=O)N1,NC=O,328.9,K,-1.04094170121047
C1(=O)NC(=O)NC(=O)N1,NC=O,333.48,K,-0.995494673896081
C1(=O)NC(=O)NC(=O)N1,NC=O,335.5,K,-0.966514584714827
C1(=O)NC(=O)NC(=O)N1,NC=O,337.9,K,-0.938339206150729
C1(=O)NC(=O)NC(=O)N1,NC=O,342.14,K,-0.886737009645239
C1(=O)NC(=O)NC(=O)N1,NC=O,344.46,K,-0.860485571957518
C1(=O)NC(=O)NC(=O)N1,NC=O,346.7,K,-0.836942732568086
C1=CC=C(C=C1)N2C3=CC=CC=C3N=C2C4=CC(=CC(=C4)C5=NC6=CC=CC=C6N5C7=CC=CC=C7)C8=NC9=CC=CC=C9N8C1=CC=CC=C1,CC#N,283.15,K,-2.65688672945198
C1=CC=C(C=C1)N2C3=CC=CC=C3N=C2C4=CC(=CC(=C4)C5=NC6=CC=CC=C6N5C7=CC=CC=C7)C8=NC9=CC=CC=C9N8C1=CC=CC=C1,CC#N,293.15,K,-2.58837314212737
C1=CC=C(C=C1)N2C3=CC=CC=C3N=C2C4=CC(=CC(=C4)C5=NC6=CC=CC=C6N5C7=CC=CC=C7)C8=NC9=CC=CC=C9N8C1=CC=CC=C1,CC#N,303.15,K,-2.55224171178483
C1=CC=C(C=C1)N2C3=CC=CC=C3N=C2C4=CC(=CC(=C4)C5=NC6=CC=CC=C6N5C7=CC=CC=C7)C8=NC9=CC=CC=C9N8C1=CC=CC=C1,CC#N,313.15,K,-2.45712135879511
C1=CC=C(C=C1)N2C3=CC=CC=C3N=C2C4=CC(=CC(=C4)C5=NC6=CC=CC=C6N5C7=CC=CC=C7)C8=NC9=CC=CC=C9N8C1=CC=CC=C1,CC#N,323.15,K,-2.37222392445388
C1=CC=C(C=C1)N2C3=CC=CC=C3N=C2C4=CC(=CC(=C4)C5=NC6=CC=CC=C6N5C7=CC=CC=C7)C8=NC9=CC=CC=C9N8C1=CC=CC=C1,CCO,283.15,K,-2.20843558644132
C1=CC=C(C=C1)N2C3=CC=CC=C3N=C2C4=CC(=CC(=C4)C5=NC6=CC=CC=C6N5C7=CC=CC=C7)C8=NC9=CC=CC=C9N8C1=CC=CC=C1,CCO,293.15,K,-2.12529456361952
C1=CC=C(C=C1)N2C3=CC=CC=C3N=C2C4=CC(=CC(=C4)C5=NC6=CC=CC=C6N5C7=CC=CC=C7)C8=NC9=CC=CC=C9N8C1=CC=CC=C1,CCO,303.15,K,-2.03648962043325
C1=CC=C(C=C1)N2C3=CC=CC=C3N=C2C4=CC(=CC(=C4)C5=NC6=CC=CC=C6N5C7=CC=CC=C7)C8=NC9=CC=CC=C9N8C1=CC=CC=C1,CCO,313.15,K,-1.92025526435282
C1=CC=C(C=C1)N2C3=CC=CC=C3N=C2C4=CC(=CC(=C4)C5=NC6=CC=CC=C6N5C7=CC=CC=C7)C8=NC9=CC=CC=C9N8C1=CC=CC=C1,CCO,323.15,K,-1.81347380450893
C1=CC=C(C=C1)N2C3=CC=CC=C3N=C2C4=CC(=CC(=C4)C5=NC6=CC=CC=C6N5C7=CC=CC=C7)C8=NC9=CC=CC=C9N8C1=CC=CC=C1,CS(C)=O,293.15,K,-1.77471542392984
C1=CC=C(C=C1)N2C3=CC=CC=C3N=C2C4=CC(=CC(=C4)C5=NC6=CC=CC=C6N5C7=CC=CC=C7)C8=NC9=CC=CC=C9N8C1=CC=CC=C1,CS(C)=O,303.15,K,-1.67114627592496
C1=CC=C(C=C1)N2C3=CC=CC=C3N=C2C4=CC(=CC(=C4)C5=NC6=CC=CC=C6N5C7=CC=CC=C7)C8=NC9=CC=CC=C9N8C1=CC=CC=C1,CS(C)=O,313.15,K,-1.49884460289522
C1=CC=C(C=C1)N2C3=CC=CC=C3N=C2C4=CC(=CC(=C4)C5=NC6=CC=CC=C6N5C7=CC=CC=C7)C8=NC9=CC=CC=C9N8C1=CC=CC=C1,CS(C)=O,323.15,K,-1.38025196993589
C1=CC=C(C=C1)N2C3=CC=CC=C3N=C2C4=CC(=CC(=C4)C5=NC6=CC=CC=C6N5C7=CC=CC=C7)C8=NC9=CC=CC=C9N8C1=CC=CC=C1,CC(C)O,283.15,K,-3.83280688045807
C1=CC=C(C=C1)N2C3=CC=CC=C3N=C2C4=CC(=CC(=C4)C5=NC6=CC=CC=C6N5C7=CC=CC=C7)C8=NC9=CC=CC=C9N8C1=CC=CC=C1,CC(C)O,293.15,K,-3.54467885016688
C1=CC=C(C=C1)N2C3=CC=CC=C3N=C2C4=CC(=CC(=C4)C5=NC6=CC=CC=C6N5C7=CC=CC=C7)C8=NC9=CC=CC=C9N8C1=CC=CC=C1,CC(C)O,303.15,K,-3.4052595523712
C1=CC=C(C=C1)N2C3=CC=CC=C3N=C2C4=CC(=CC(=C4)C5=NC6=CC=CC=C6N5C7=CC=CC=C7)C8=NC9=CC=CC=C9N8C1=CC=CC=C1,CC(C)O,313.15,K,-3.2390100085015
C1=CC=C(C=C1)N2C3=CC=CC=C3N=C2C4=CC(=CC(=C4)C5=NC6=CC=CC=C6N5C7=CC=CC=C7)C8=NC9=CC=CC=C9N8C1=CC=CC=C1,CC(C)O,323.15,K,-3.06070726291455
C1=CC=C(C=C1)N2C3=CC=CC=C3N=C2C4=CC(=CC(=C4)C5=NC6=CC=CC=C6N5C7=CC=CC=C7)C8=NC9=CC=CC=C9N8C1=CC=CC=C1,CCCCO,283.15,K,-1.88848416863746
C1=CC=C(C=C1)N2C3=CC=CC=C3N=C2C4=CC(=CC(=C4)C5=NC6=CC=CC=C6N5C7=CC=CC=C7)C8=NC9=CC=CC=C9N8C1=CC=CC=C1,CCCCO,293.15,K,-1.84016236594666
C1=CC=C(C=C1)N2C3=CC=CC=C3N=C2C4=CC(=CC(=C4)C5=NC6=CC=CC=C6N5C7=CC=CC=C7)C8=NC9=CC=CC=C9N8C1=CC=CC=C1,CCCCO,303.15,K,-1.77456780703854
C1=CC=C(C=C1)N2C3=CC=CC=C3N=C2C4=CC(=CC(=C4)C5=NC6=CC=CC=C6N5C7=CC=CC=C7)C8=NC9=CC=CC=C9N8C1=CC=CC=C1,CCCCO,313.15,K,-1.74654028519307
C1=CC=C(C=C1)N2C3=CC=CC=C3N=C2C4=CC(=CC(=C4)C5=NC6=CC=CC=C6N5C7=CC=CC=C7)C8=NC9=CC=CC=C9N8C1=CC=CC=C1,CCCCO,323.15,K,-3.69122726075973
C1=CC=C(C=C1)N2C3=CC=CC=C3N=C2C4=CC(=CC(=C4)C5=NC6=CC=CC=C6N5C7=CC=CC=C7)C8=NC9=CC=CC=C9N8C1=CC=CC=C1,C1CCOC1,283.15,K,-1.7024114769052
C1=CC=C(C=C1)N2C3=CC=CC=C3N=C2C4=CC(=CC(=C4)C5=NC6=CC=CC=C6N5C7=CC=CC=C7)C8=NC9=CC=CC=C9N8C1=CC=CC=C1,C1CCOC1,293.15,K,-1.60352612869563
C1=CC=C(C=C1)N2C3=CC=CC=C3N=C2C4=CC(=CC(=C4)C5=NC6=CC=CC=C6N5C7=CC=CC=C7)C8=NC9=CC=CC=C9N8C1=CC=CC=C1,C1CCOC1,303.15,K,-1.47144116572423
C1=CC=C(C=C1)N2C3=CC=CC=C3N=C2C4=CC(=CC(=C4)C5=NC6=CC=CC=C6N5C7=CC=CC=C7)C8=NC9=CC=CC=C9N8C1=CC=CC=C1,C1CCOC1,313.15,K,-1.2955458400404
C1=CC=C(C=C1)N2C3=CC=CC=C3N=C2C4=CC(=CC(=C4)C5=NC6=CC=CC=C6N5C7=CC=CC=C7)C8=NC9=CC=CC=C9N8C1=CC=CC=C1,C1CCOC1,323.15,K,-1.27011736863555
C1=CC=C(C=C1)N2C3=CC=CC=C3N=C2C4=CC(=CC(=C4)C5=NC6=CC=CC=C6N5C7=CC=CC=C7)C8=NC9=CC=CC=C9N8C1=CC=CC=C1,CCOC(C)=O,283.15,K,-2.13263468416274
C1=CC=C(C=C1)N2C3=CC=CC=C3N=C2C4=CC(=CC(=C4)C5=NC6=CC=CC=C6N5C7=CC=CC=C7)C8=NC9=CC=CC=C9N8C1=CC=CC=C1,CCOC(C)=O,293.15,K,-2.09960032028111
C1=CC=C(C=C1)N2C3=CC=CC=C3N=C2C4=CC(=CC(=C4)C5=NC6=CC=CC=C6N5C7=CC=CC=C7)C8=NC9=CC=CC=C9N8C1=CC=CC=C1,CCOC(C)=O,303.15,K,-2.03142899940848
C1=CC=C(C=C1)N2C3=CC=CC=C3N=C2C4=CC(=CC(=C4)C5=NC6=CC=CC=C6N5C7=CC=CC=C7)C8=NC9=CC=CC=C9N8C1=CC=CC=C1,CCOC(C)=O,313.15,K,-1.92230653043184
C1=CC=C(C=C1)N2C3=CC=CC=C3N=C2C4=CC(=CC(=C4)C5=NC6=CC=CC=C6N5C7=CC=CC=C7)C8=NC9=CC=CC=C9N8C1=CC=CC=C1,CCOC(C)=O,323.15,K,-1.76683657887835
C1=CC=C(C=C1)N2C3=CC=CC=C3N=C2C4=CC(=CC(=C4)C5=NC6=CC=CC=C6N5C7=CC=CC=C7)C8=NC9=CC=CC=C9N8C1=CC=CC=C1,C1CCCCC1,283.15,K,-5.71452531402377
C1=CC=C(C=C1)N2C3=CC=CC=C3N=C2C4=CC(=CC(=C4)C5=NC6=CC=CC=C6N5C7=CC=CC=C7)C8=NC9=CC=CC=C9N8C1=CC=CC=C1,C1CCCCC1,293.15,K,-5.46061737906105
C1=CC=C(C=C1)N2C3=CC=CC=C3N=C2C4=CC(=CC(=C4)C5=NC6=CC=CC=C6N5C7=CC=CC=C7)C8=NC9=CC=CC=C9N8C1=CC=CC=C1,C1CCCCC1,303.15,K,-5.26420235036988
C1=CC=C(C=C1)N2C3=CC=CC=C3N=C2C4=CC(=CC(=C4)C5=NC6=CC=CC=C6N5C7=CC=CC=C7)C8=NC9=CC=CC=C9N8C1=CC=CC=C1,C1CCCCC1,313.15,K,-4.99102056941818
C1=CC=C(C=C1)N2C3=CC=CC=C3N=C2C4=CC(=CC(=C4)C5=NC6=CC=CC=C6N5C7=CC=CC=C7)C8=NC9=CC=CC=C9N8C1=CC=CC=C1,C1CCCCC1,323.15,K,-4.77317691585189
C1=CC=C(C=C1)N2C3=CC=CC=C3N=C2C4=CC(=CC(=C4)C5=NC6=CC=CC=C6N5C7=CC=CC=C7)C8=NC9=CC=CC=C9N8C1=CC=CC=C1,CCCCCC,283.15,K,-4.52251670618262
C1=CC=C(C=C1)N2C3=CC=CC=C3N=C2C4=CC(=CC(=C4)C5=NC6=CC=CC=C6N5C7=CC=CC=C7)C8=NC9=CC=CC=C9N8C1=CC=CC=C1,CCCCCC,293.15,K,-4.35390617338416
C1=CC=C(C=C1)N2C3=CC=CC=C3N=C2C4=CC(=CC(=C4)C5=NC6=CC=CC=C6N5C7=CC=CC=C7)C8=NC9=CC=CC=C9N8C1=CC=CC=C1,CCCCCC,303.15,K,-4.14302943229496
C1=CC=C(C=C1)N2C3=CC=CC=C3N=C2C4=CC(=CC(=C4)C5=NC6=CC=CC=C6N5C7=CC=CC=C7)C8=NC9=CC=CC=C9N8C1=CC=CC=C1,CCCCCC,313.15,K,-3.96315709731742
C1=CC=C(C=C1)N2C3=CC=CC=C3N=C2C4=CC(=CC(=C4)C5=NC6=CC=CC=C6N5C7=CC=CC=C7)C8=NC9=CC=CC=C9N8C1=CC=CC=C1,CCCCCC,323.15,K,-3.78814345542933
C1=CC=C(C=C1)N2C3=CC=CC=C3N=C2C4=CC(=CC(=C4)C5=NC6=CC=CC=C6N5C7=CC=CC=C7)C8=NC9=CC=CC=C9N8C1=CC=CC=C1,Clc1ccccc1,293.15,K,-1.1500544155056
C1=CC=C(C=C1)N2C3=CC=CC=C3N=C2C4=CC(=CC(=C4)C5=NC6=CC=CC=C6N5C7=CC=CC=C7)C8=NC9=CC=CC=C9N8C1=CC=CC=C1,Clc1ccccc1,303.15,K,-1.0728385293271
C1=CC=C(C=C1)N2C3=CC=CC=C3N=C2C4=CC(=CC(=C4)C5=NC6=CC=CC=C6N5C7=CC=CC=C7)C8=NC9=CC=CC=C9N8C1=CC=CC=C1,Clc1ccccc1,313.15,K,-1.03194089081907
C1=CC=C(C=C1)N2C3=CC=CC=C3N=C2C4=CC(=CC(=C4)C5=NC6=CC=CC=C6N5C7=CC=CC=C7)C8=NC9=CC=CC=C9N8C1=CC=CC=C1,Clc1ccccc1,323.15,K,-0.962150186763702
C1=CC=C(C=C1)N2C3=CC=CC=C3N=C2C4=CC(=CC(=C4)C5=NC6=CC=CC=C6N5C7=CC=CC=C7)C8=NC9=CC=CC=C9N8C1=CC=CC=C1,CO,283.15,K,-2.2286417647724
C1=CC=C(C=C1)N2C3=CC=CC=C3N=C2C4=CC(=CC(=C4)C5=NC6=CC=CC=C6N5C7=CC=CC=C7)C8=NC9=CC=CC=C9N8C1=CC=CC=C1,CO,293.15,K,-2.1933133372222
C1=CC=C(C=C1)N2C3=CC=CC=C3N=C2C4=CC(=CC(=C4)C5=NC6=CC=CC=C6N5C7=CC=CC=C7)C8=NC9=CC=CC=C9N8C1=CC=CC=C1,CO,303.15,K,-2.14919770219704
C1=CC=C(C=C1)N2C3=CC=CC=C3N=C2C4=CC(=CC(=C4)C5=NC6=CC=CC=C6N5C7=CC=CC=C7)C8=NC9=CC=CC=C9N8C1=CC=CC=C1,CO,313.15,K,-2.12989710928502
C1=CC=C(C=C1)N2C3=CC=CC=C3N=C2C4=CC(=CC(=C4)C5=NC6=CC=CC=C6N5C7=CC=CC=C7)C8=NC9=CC=CC=C9N8C1=CC=CC=C1,CO,323.15,K,-2.06491312363266
C1=CC=C(C=C1)N2C3=CC=CC=C3N=C2C4=CC(=CC(=C4)C5=NC6=CC=CC=C6N5C7=CC=CC=C7)C8=NC9=CC=CC=C9N8C1=CC=CC=C1,ClC(Cl)Cl,283.15,K,-1.00839563824674
C1=CC=C(C=C1)N2C3=CC=CC=C3N=C2C4=CC(=CC(=C4)C5=NC6=CC=CC=C6N5C7=CC=CC=C7)C8=NC9=CC=CC=C9N8C1=CC=CC=C1,ClC(Cl)Cl,293.15,K,-0.971452320284954
C1=CC=C(C=C1)N2C3=CC=CC=C3N=C2C4=CC(=CC(=C4)C5=NC6=CC=CC=C6N5C7=CC=CC=C7)C8=NC9=CC=CC=C9N8C1=CC=CC=C1,ClC(Cl)Cl,303.15,K,-0.936426938731638
C1=CC=C(C=C1)N2C3=CC=CC=C3N=C2C4=CC(=CC(=C4)C5=NC6=CC=CC=C6N5C7=CC=CC=C7)C8=NC9=CC=CC=C9N8C1=CC=CC=C1,ClC(Cl)Cl,313.15,K,-0.905405882317721
C1=CC=C(C=C1)N2C3=CC=CC=C3N=C2C4=CC(=CC(=C4)C5=NC6=CC=CC=C6N5C7=CC=CC=C7)C8=NC9=CC=CC=C9N8C1=CC=CC=C1,ClC(Cl)Cl,323.15,K,-0.857482497612422
CC1=C2C(=CC=C1)C3=CC=CC(=C3S2)C,O,313.2,K,-6.75789
CC1=C2C(=CC=C1)C3=CC=CC(=C3S2)C,O,333.2,K,-6.1695
CC1=C2C(=CC=C1)C3=CC=CC(=C3S2)C,O,353.2,K,-5.61387
CC1=C2C(=CC=C1)C3=CC=CC(=C3S2)C,O,373.2,K,-4.97778
CC1=C2C(=CC=C1)C3=CC=CC(=C3S2)C,O,393.2,K,-4.4337
CC1=C2C(=CC=C1)C3=CC=CC(=C3S2)C,O,413.2,K,-3.84983
CC1=C2C(=CC=C1)C3=CC=CC(=C3S2)C,O,423.2,K,-3.58614
CC1=C2C=CC=CC2=C(C3=CC=CC=C13)C,O,273.45,K,-7.83553
CC1=C2C=CC=CC2=C(C3=CC=CC=C13)C,O,278.15,K,-7.73203
CC1=C2C=CC=CC2=C(C3=CC=CC=C13)C,O,283.15,K,-7.58656
CC1=C2C=CC=CC2=C(C3=CC=CC=C13)C,O,288.15,K,-7.47024
CC1=C2C=CC=CC2=C(C3=CC=CC=C13)C,O,293.15,K,-7.34468
CC1=C2C=CC=CC2=C(C3=CC=CC=C13)C,O,298.15,K,-7.20351
CC1=C2C=CC=CC2=C(C3=CC=CC=C13)C,O,303.15,K,-7.04459
CC1=C2C=CC=CC2=C(C3=CC=CC=C13)C,O,308.15,K,-6.9127
CC1=C2C=CC=CC2=C(C3=CC=CC=C13)C,O,313.15,K,-6.76879
CC1=C2C=CC=CC2=C(C3=CC=CC=C13)C,O,318.15,K,-6.61426
CC1=C2C=CC=CC2=C(C3=CC=CC=C13)C,O,323.15,K,-6.45197
CC1=C2C=CC=CC2=C(C3=CC=CC=C13)C,O,313.2,K,-6.7444
CC1=C2C=CC=CC2=C(C3=CC=CC=C13)C,O,333.2,K,-6.23354
CC1=C2C=CC=CC2=C(C3=CC=CC=C13)C,O,353.2,K,-5.65526
CC1=C2C=CC=CC2=C(C3=CC=CC=C13)C,O,373.2,K,-5.13456
CC1=C2C=CC=CC2=C(C3=CC=CC=C13)C,O,393.2,K,-4.58117
CC1=C2C=CC=CC2=C(C3=CC=CC=C13)C,O,413.2,K,-4.06088
CC1=C2C=CC=CC2=C(C3=CC=CC=C13)C,O,433.2,K,-3.57958
CC1=C2C=CC=CC2=C(C3=CC=CC=C13)C,O,448.2,K,-3.21554
C1=CC=C2C(=C1)C=CC3=CC4=CC=CC=C4C=C32,O,298.15,K,-7.21199
C1=CC=C2C(=C1)C=CC3=CC4=CC=CC=C4C=C32,O,313.0,K,-6.73132
C1=CC=C2C(=C1)C=CC3=CC4=CC=CC=C4C=C32,O,333.0,K,-6.33867
C1=CC=C2C(=C1)C=CC3=CC4=CC=CC=C4C=C32,O,353.0,K,-5.79822
C1=CC=C2C(=C1)C=CC3=CC4=CC=CC=C4C=C32,O,373.0,K,-5.22111
C1=CC=C2C(=C1)C=CC3=CC4=CC=CC=C4C=C32,O,393.0,K,-4.66493
C1=CC=C2C(=C1)C=CC3=CC4=CC=CC=C4C=C32,O,413.0,K,-4.08968
C1=CC=C2C(=C1)C=CC3=CC4=CC=CC=C4C=C32,O,423.0,K,-3.82657
C[C@]12C[C@@H]([C@H]3[C@H]([C@@H]1CC[C@@]2(C(=O)CO)O)CCC4=CC(=O)C=C[C@]34C)O,O,298.15,K,-3.2241
C[C@]12C[C@@H]([C@H]3[C@H]([C@@H]1CC[C@@]2(C(=O)CO)O)CCC4=CC(=O)C=C[C@]34C)O,O,298.2,K,-3.12148
C[C@]12C[C@@H]([C@H]3[C@H]([C@@H]1CC[C@@]2(C(=O)CO)O)CCC4=CC(=O)C=C[C@]34C)O,O,383.15,K,-2.07
C[C@]12C[C@@H]([C@H]3[C@H]([C@@H]1CC[C@@]2(C(=O)CO)O)CCC4=CC(=O)C=C[C@]34C)O,O,393.15,K,-1.92546
C[C@]12C[C@@H]([C@H]3[C@H]([C@@H]1CC[C@@]2(C(=O)CO)O)CCC4=CC(=O)C=C[C@]34C)O,O,403.15,K,-1.69207
C[C@]12C[C@@H]([C@H]3[C@H]([C@@H]1CC[C@@]2(C(=O)CO)O)CCC4=CC(=O)C=C[C@]34C)O,O,413.15,K,-1.45553
C[C@]12C[C@@H]([C@H]3[C@H]([C@@H]1CC[C@@]2(C(=O)CO)O)CCC4=CC(=O)C=C[C@]34C)O,O,423.15,K,-1.14195
C[C@]12C[C@@H]([C@H]3[C@H]([C@@H]1CC[C@@]2(C(=O)CO)O)CCC4=CC(=O)C=C[C@]34C)O,O,433.15,K,-0.85836
C[C@]12C[C@@H]([C@H]3[C@H]([C@@H]1CC[C@@]2(C(=O)CO)O)CCC4=CC(=O)C=C[C@]34C)O,O,443.15,K,-0.53545
C1C2=C(C(=CC=C2)CC3=C(C(=CC=C3)CC4=C(C(=CC=C4)CC5=CC=CC(=C5O)CC6=CC=CC(=C6O)CC7=CC=CC1=C7O)O)O)O,O,433.2,K,-4.35137
C1C2=C(C(=CC=C2)CC3=C(C(=CC=C3)CC4=C(C(=CC=C4)CC5=CC=CC(=C5O)CC6=CC=CC(=C6O)CC7=CC=CC1=C7O)O)O)O,O,453.2,K,-3.97486
C1C2=C(C(=CC=C2)CC3=C(C(=CC=C3)CC4=C(C(=CC=C4)CC5=CC=CC(=C5O)CC6=CC=CC(=C6O)CC7=CC=CC1=C7O)O)O)O,O,473.2,K,-3.64193
C1C2=C(C(=CC=C2)CC3=C(C(=CC=C3)CC4=C(C(=CC=C4)CC5=CC=CC(=C5O)CC6=CC=CC(=C6O)CC7=CC=CC1=C7O)O)O)O,O,493.2,K,-3.23562
C1C2=C(C(=CC=C2)CC3=C(C(=CC=C3)CC4=C(C(=CC=C4)CC5=CC=CC(=C5O)CC6=CC=CC(=C6O)CC7=CC=CC1=C7O)O)O)O,O,513.2,K,-2.89029
C1C2=C(C(=CC=C2)CC3=C(C(=CC=C3)CC4=C(C(=CC=C4)CC5=CC=CC(=C5O)CC6=CC=CC(=C6O)CC7=CC=CC1=C7O)O)O)O,O,533.2,K,-2.58514
CC(C)NC1=NC(=NC(=N1)Cl)NC(C)C,O,298.0,K,-6.4572
CC(C)NC1=NC(=NC(=N1)Cl)NC(C)C,O,323.0,K,-6.12406
CC(C)NC1=NC(=NC(=N1)Cl)NC(C)C,O,373.0,K,-5.24888
CC(C)NC1=NC(=NC(=N1)Cl)NC(C)C,O,423.0,K,-3.88963
CC(C)NC1=NC(=NC(=N1)Cl)NC(C)C,O,473.0,K,-2.89311
C1(=O)NC(=O)NC(=O)N1,CC(O)CO,305.11,K,-1.27071
C1(=O)NC(=O)NC(=O)N1,CC(O)CO,310.75,K,-1.22029
C1(=O)NC(=O)NC(=O)N1,CC(O)CO,316.8,K,-1.17427
C1(=O)NC(=O)NC(=O)N1,CC(O)CO,326.83,K,-1.10071
C1(=O)NC(=O)NC(=O)N1,CC(O)CO,333.85,K,-1.04296
C1(=O)NC(=O)NC(=O)N1,CC(O)CO,340.55,K,-1.00972
C1(=O)NC(=O)NC(=O)N1,CC(O)CO,346.05,K,-0.96627
C1(=O)NC(=O)NC(=O)N1,CC(O)CO,351.6,K,-0.93841
C1(=O)NC(=O)NC(=O)N1,CC(O)CO,358.14,K,-0.9018
C1(=O)NC(=O)NC(=O)N1,CC(O)CO,369.45,K,-0.84511
