solute_smiles,solvent_smiles,temperature,y_true,y_pred
CN(C)C1=CC=C(C=C1)N=C=NC1=CC=C(C=C1)N(C)C,CC(=O)C,294.15,-0.400578187,-0.6983903050422668
OC1=C(CC2=C(O)C(Cl)=CC(Cl)=C2Cl)C(Cl)=C(Cl)C=C1Cl,CC(=O)C,293.15,0.394826213,-0.6888629198074341
[H]C1(O[C@H](CO)[C@@H](O)[C@H](O)[C@H]1O)C1([H])C2=C(C(O)=CC=C2)C(=O)C2=C1C=C(CO)C=C2O,CC(=O)C,291.15,-1.221572041,-2.8236796855926514
OC(=O)C1=CC=CC(=C1)N(=O)=O,CC(=O)C,293.15,0.444041636,-0.05290186405181885
[H][C@@](C)(CCCC(C)C)[C@@]1([H])CC[C@@]2([H])[C@]3([H])CC=C4C[C@H](CC[C@]4(C)[C@@]3([H])CC[C@]12C)OP([H])(O)=O,CC(=O)C,293.15,-2.827756863,-1.429990291595459
NC(=O)C1=CC(=CC=C1)S(N)(=O)=O,CC(=O)C,298.15,-0.921291877,-1.0565319061279297
NC1=CC=C(C=C1)C(O)=O,CC(=O)C,297.15,0.337495442,-0.4127931594848633
CC1=NC2=CC=CC(N3CCN(CCC4=CC(=CC=C4)N4CCNC4=O)CC3)=C2C=C1,CC(=O)C,293.15,-2.016550754,-1.2943073511123657
CC1=CC(C)=NC(NS(=O)(=O)C2=CC=C(N)C=C2)=N1,CC(=O)C,298.14,-3.605907144,-1.1085295677185059
ClC1=C(Cl)C(Cl)=C(Cl)C2=C1C(=O)OC2=O,CC(=O)C,298.15,-1.069979767,-0.9936788082122803
O=N(=O)C1=CC=CC2=CC=CC(=C12)N(=O)=O,CC(=O)C,289.15,-0.598639258,-1.1830230951309204
[H][C@@](C)(CC\C=C(/C)C)[C@@]1([H])CC[C@@]2([H])[C@]3([H])CC=C4C[C@@H](O)CC[C@]4(C)[C@@]3([H])CC[C@]12C,CC(=O)C,300.69,-0.826522497,-0.7736583948135376
C[C@H]1CC[C@@H](CC1)N1C2=NC(NC3=NC4=C(CN(CC4)C(=O)CO)C=C3)=NC=C2C2=C1C=NC=C2,CC(=O)C,293.15,-2.673538801,-2.9449291229248047
OCC1=CC(=O)C(O)=CO1,CC(=O)C,296.15,-2.84400061,-0.14954227209091187
O=N(=O)C1=CC2=C(C(=CC=C2)N(=O)=O)C(=C1)N(=O)=O,CC(=O)C,288.15,-1.021978059,-1.2626545429229736
OP(=O)(C1=CC=CC=C1)C1=CC=CC=C1,CC(=O)C,298.16999999999996,-2.036797563,-1.7599775791168213
CCN1CCCC1CNC(=O)C1=C(OC)C=CC(=C1)S(N)(=O)=O,CC(=O)C,298.23999999999995,-1.547708045,-1.27898371219635
CCC(=O)N(C(=O)NC1=CC=C(C=C1)N(C)C)C1=CC=C(C=C1)N(C)C,CC(=O)C,293.15,-2.292959938,-1.2307250499725342
CC1=CC=C(C(O)=O)C(C)=C1,CC(=O)C,293.15,-0.085996242,0.6591069102287292
CC1=CC=CC=C1NC(N)=O,CC(=O)C,296.15,-1.55336281,-0.08417105674743652
C[C@H]1CC[C@H](CC1)C(N)=O,CC(=O)C,291.15,-0.902822505,0.8998249173164368
ClC1=CC=CC2=C1C(=O)C1=CC=CC=C1C2=O,CC(=O)C,298.14,-1.143884926,-1.0391974449157715
CO[C@H]1O[C@@H]([C@H](O)[C@H](O)[C@H]1O)C(O)=O,CC(=O)C,293.15,-1.540262719,-1.710874319076538
[H][C@]12CCC(=C)[C@@H](C\C=C3/C(O)COC3=O)[C@]1(C)CC[C@@H](O)[C@@]2(C)CO,CC(=O)C,298.19,-1.886057124,-0.9908719658851624
[H][C@@]12OC3=C(O)C=CC4=C3[C@@]11CCN(C)[C@H](C4)[C@]1([H])C=C[C@@H]2O,CC(=O)C,288.15,-2.348157253,-1.565864086151123
CC(C)COC1=C(C=C(C=C1)C1=NC(C)=C(S1)C(O)=O)C#N,CC(=O)C,298.14,-0.998411194,-0.7767220139503479
NC(=O)OCC1=CC(=NO1)C1=CC=C(OCC2=CC=CC=C2)C=C1,CC(=O)C,293.15,-1.116543475,-1.0737953186035156
CC(=O)OC1=CC=CC=C1C(O)=O,CC(=O)C,297.89,0.075176197,0.23613128066062927
CC(=O)NC[C@H]1CN(C(=O)O1)C1=CC=C(C(F)=C1)C1=CC=C(CNCC2=CN=NN2)C=C1,CC(=O)C,293.15,-2.64193097,-2.526779890060425
ClC1=CC2=C(C=C1)C(=O)OC2=O,CC(=O)C,298.14,0.588575421,0.7049103379249573
CCCCCCCCOC(=O)C1=C(C)OC2=CC3=C(OC(C)=C3C(=O)OCCCCCCCC)C=C12,CC(=O)C,293.15,-2.045757491,-1.0878771543502808
ON=C1C(=O)C=CC2=C1C=CC=C2,CC(=O)C,299.15,-0.244127212,-0.8671218752861023
[H][C@@](CC1=CC=CC=C1)(NC(C)=O)C(O)=O,CC(=O)C,298.15,-0.69945019,-0.46521586179733276
[H][C@@](C)(CCCC(C)C)[C@@]1([H])CC[C@@]2([H])[C@]3([H])CC=C4C[C@H](CC[C@]4(C)[C@@]3([H])CC[C@]12C)OC(=O)CC,CC(=O)C,293.15,-1.284407192,-1.7855201959609985
CCOC(=O)C1=C(C)OC2=CC3=C(OC(C)=C3C(=O)OCC)C=C12,CC(=O)C,293.15,-2.267606191,-0.5213415026664734
[H][C@@]1(OC(=O)C(O)=C1O)[C@@H](O)CO,CC(=O)C,297.98999999999995,-2.364156497,-1.6316869258880615
[H][C@@](C)(CCCC(C)C)[C@@]1([H])CC[C@@]2([H])[C@]3([H])CC=C4C[C@H](CC[C@]4(C)[C@@]3([H])CC[C@]12C)OC(=O)CCC,CC(=O)C,293.15,-1.297953573,-1.870617389678955
[H][C@](OC(=O)C1=CC=C(C)C=C1)(C(O)=O)[C@@]([H])(OC(=O)C1=CC=C(C)C=C1)C(O)=O,CC(=O)C,295.15,0.006849752,-1.238872766494751
COC1=CC2=C(C=C1)C=C(C=C2)[C@H](C)C(O)=O,CC(=O)C,298.44,-1.42044563,0.17104080319404602
NC(CC1=CC=CC=C1)C(O)=O,CC(=O)C,298.15,-2.733689172,-3.0867934226989746
CCOC1=CC=C(NC(C)=O)C=C1,CC(=O)C,303.15,-0.32994314,-0.3580348491668701
C[C@H]1OC=C2C(O)=C(C(O)=O)C(=O)C(C)=C2[C@@H]1C,CC(=O)C,298.15,-0.704648873,-0.9173120260238647
NC1=CC=C(CC(O)=O)C=C1,CC(=O)C,298.15,-1.316098643,-0.5219786167144775
CC(=O)C1C(=O)C=C2OC3=C(C(C)=O)C(O)=C(C)C(O)=C3[C@]2(C)C1=O,CC(=O)C,298.14,-1.995985874,-0.743799090385437
NC1=CC=CN=C1,CC(=O)C,298.14,0.861071993,1.015442967414856
O=C1NS(=O)(=O)C2=C1C=CC=C2,CC(=O)C,298.15,-0.188065238,-0.027149958536028862
ClC1=CC=C(C=C1)N(=O)=O,CC(=O)C,290.15,0.802944895,0.6052693128585815
CN(C(=O)C(=O)N(C)N(=O)=O)N(=O)=O,CC(=O)C,293.15,0.072121752,-0.7765411734580994
CC1=CC=C(NC(N)=O)C=C1,CC(=O)C,296.15,-0.751730463,-0.5483081936836243
CS(=O)(=O)C1=CC=C(F)C=C1,CC(=O)C,298.28999999999996,0.581404403,0.5335554480552673
N\C(C#N)=C(/N)C#N,CC(=O)C,298.15,0.142253513,0.06058134138584137
[H][C@@](O)(CO)[C@@]([H])(O)[C@]([H])(O)[C@@]([H])(O)CS,CC(=O)C,293.15,-3.297191289,-1.6939506530761719
ClC1=NC(OC2=CC=C(C=C2)N=NC2=CC=CC=C2)=NC(Cl)=N1,CC(=O)C,298.15,-1.016460387,-0.40076592564582825
OC1=CC=CC=C1C(=O)NC1=NC=C(S1)N(=O)=O,CC(=O)C,298.15,-2.843870159,-0.24981555342674255
NC(=O)N1C2=C(C=CC=C2)C=CC2=C1C=CC=C2,CC(=O)C,298.15,-1.170336471,-0.8608577847480774
OC(=O)C1=CC=C(O)C=C1,CC(=O)C,296.15,0.215759855,0.10193518549203873
COC1=C(C=C(C=C1N(=O)=O)N(=O)=O)N(=O)=O,CC(=O)C,288.15,0.796849864,-0.4808909296989441
[H][C@@](CC(C)=O)(C1C(=O)OC2=CC=CC=C2C1=O)C1=CC=CC=C1,CC(=O)C,298.15,-0.439803394,-0.4689943790435791
O=C1C=CC(=O)C2=C1C=CC=C2,CC(=O)C,298.23999999999995,-0.267898415,-0.09208858758211136
[H]C(C)(Cl)C(=O)NC1=CC=C(C)C=C1,CC(=O)C,300.03,0.153245609,0.31275132298469543
[H][C@]12[C@@H](CC[C@]1(CO)CC[C@]1(C)[C@]2([H])CC[C@]2([H])[C@@]3(C)CC[C@H](O)C(C)(C)[C@]3([H])CC[C@@]12C)C(C)=C,CC(=O)C,298.19,-1.692333915,-1.8707531690597534
[H][C@@]12CC[C@H](OC(=O)CCCC)[C@@]1(C)CC[C@]1([H])C3=C(CC[C@@]21[H])C=C(OC(=O)C1=CC=CC=C1)C=C3,CC(=O)C,293.15,0.035633813,-1.2934731245040894
CC(N(CCC(O)=O)C(=O)C1=CC=CC=C1)C(O)=O,CC(=O)C,293.15,-1.097448168,-0.21096783876419067
NC(=O)\N=N\C1=CC=CC(=C1)C(N)=O,CC(=O)C,288.15,-1.485741766,-1.6716797351837158
CC(=O)NC1=CC=CC=C1,CC(=O)C,298.15,0.359498417,0.42900753021240234
NC(=O)CN1CCCC1=O,CC(=O)C,297.98999999999995,-1.371410923,-0.35491546988487244
CCCCCCCCCC(=O)N(C(=O)NC1=CC=C(C=C1)N(C)C)C1=CC=C(C=C1)N(C)C,CC(=O)C,293.15,-2.283762019,-1.7878973484039307
ClC1=CC=C(C=C1)S(=O)(=O)C1=CC=C(Cl)C=C1,CC(=O)C,293.15,-0.485005165,-0.6910635232925415
NC1=C(NC2=CC=C(Cl)C=C2)C=C(Cl)C=C1,CC(=O)C,293.15,0.056047153,-0.3125665485858917
OC(=O)CN1C=NN=N1,CC(=O)C,298.22999999999996,0.190635412,-1.1066100597381592
OC1=CC=C(O)C2=C1C(=O)C1=CC=CC=C1C2=O,CC(=O)C,298.15,-1.84227779,-1.1170556545257568
CC1=CC=CC(C)=C1C(O)=O,CC(=O)C,293.15,0.412228301,0.6167502403259277
NC1=C(NC2=CC=C(Cl)C=C2)C=CC(Cl)=C1,CC(=O)C,293.15,0.116482659,-0.3125666677951813
[H][C@](O)(CO)[C@@]([H])(O)[C@]([H])(O)CO,CC(=O)C,298.14,-2.489457297,-1.9865994453430176
S1C(SC(SC1C1=CC=CC=C1)C1=CC=CC=C1)C1=CC=CC=C1,CC(=O)C,298.15,-1.627896947,-0.24250321090221405
OC[C@H]1O[C@H]([C@H](O)[C@@H](O)[C@@H]1O)C1=C(O)C=CC2=C1OC=C(C2=O)C1=CC=C(O)C=C1,CC(=O)C,298.2,-1.552847631,-3.1613693237304688
[H][C@@]12[C@@H](C)CC(=O)[C@]1([H])C(=CO[C@H]2O[C@@H]1O[C@H](CO)[C@@H](O)[C@H](O)[C@H]1O)C(=O)OC,CC(=O)C,291.15,-1.735336862,-1.7624229192733765
NS(=O)(=O)C1=CC(=CC=C1)S(N)(=O)=O,CC(=O)C,298.15,-0.760630239,0.37472474575042725
[H][C@@](C)(CCCC(C)C)[C@@]1([H])CC[C@@]2([H])[C@]3([H])CC=C4C[C@H](CC[C@]4(C)[C@@]3([H])CC[C@]12C)OC(=O)CC(C)C,CC(=O)C,293.15,-1.672818005,-1.97275710105896
ClC1=CC=C2C(Cl)=CC=NC2=C1,CC(=O)C,299.19,-0.097865989,0.04299869388341904
CCCSC1=CC=C2NC(NC(=O)OC)=NC2=C1,CC(=O)C,298.15,-2.504718085,-1.3188371658325195
CCCCCCCC(O)CC(=O)N(C(=O)NC1=CC=C(C=C1)N(C)C)C1=CC=C(C=C1)N(C)C,CC(=O)C,293.15,-1.163185841,-1.8498005867004395
CC1=COC2=C1C(=O)C(=O)C1=C3CCCC(C)(C)C3=CC=C21,CC(=O)C,293.28999999999996,-1.916855674,-0.6391196250915527
CCCCCCCCC\C=C\C(=O)N(C(=O)NC1=CC=C(C=C1)N(C)C)C1=CC=C(C=C1)N(C)C,CC(=O)C,293.15,-0.929049367,-1.759986162185669
CON(C(=O)OC)C1=C(COC2=NN(C=C2)C2=CC=C(Cl)C=C2)C=CC=C1,CC(=O)C,293.15,0.110336443,-0.7080364227294922
C1OC(OC1C1OC(OC1C1COC(O1)C1=CC=CC=C1)C1=CC=CC=C1)C1=CC=CC=C1,CC(=O)C,290.15,-2.172700209,-1.2463302612304688
OOC1(C2=CC=CC=C2)C2=CC=CC=C2C(OO)(C2=CC=CC=C2)C2=C1C=CC=C2,CC(=O)C,290.15,-2.054111614,-1.1172919273376465
NC1=NC=CC=C1,CC(=O)C,298.14,0.853080619,1.0031895637512207
CCN1C=C(C(O)=O)C(=O)C2=C1N=C(N1CCNCC1)C(F)=C2,CC(=O)C,298.15,-2.028466869,-2.7058613300323486
COC1=CC(CC2=C(N)N=C(N)N=C2)=CC(OC)=C1OC,CC(=O)C,297.95,-1.920111701,-1.7306811809539795
CC[C@H]1C2=C(CC[C@@]1(C)C(=O)O[C@@H]1C[C@H](C)CC[C@H]1C(C)C)C1=C(C=C2)C=C(OC)C=C1,CC(=O)C,293.15,-1.623085206,-1.4730980396270752
[H][C@](NC(C)=O)(C(C)C)C(O)=O,CC(=O)C,298.15,-0.463121583,-0.36747926473617554
OC(=O)C1=CC=CC(O)=C1,CC(=O)C,296.15,0.274707345,0.18148823082447052
OC(=O)C1=CC=CC=C1Cl,CC(=O)C,288.15,0.258612562,0.4337138235569
C1CN2CCN1CC2,CC(=O)C,298.15,-0.041083069,0.3950977325439453
CCCCCCCCCCCCCCCC(O)=O,CC(=O)C,297.23999999999995,-0.56827648,-0.5474445819854736
OC1=CC(O)=C2C(=O)C=C(OC2=C1)C1=CC(O)=C(O)C=C1,CC(=O)C,298.15,-1.676181877,-0.9437153339385986
C\C=C\C(=O)N(C(=O)NC1=CC=C(C=C1)N(C)C)C1=CC=C(C=C1)N(C)C,CC(=O)C,293.15,-1.660560304,-1.0078833103179932
CC1=CC=C2NC3=C(CCCC3=O)C2=C1,CC(=O)C,291.45,-0.981287159,-0.19787220656871796
CC1(C)C2CCC1(C)C(=O)C2C(=O)C1=CC=CC=C1,CC(=O)C,290.15,-0.228397885,-0.9187673926353455
O=C1O\C(=N\C2=C(C=CC=C2)N(=O)=O)C2=CC=CC=C12,CC(=O)C,293.15,-0.616930725,-1.3718345165252686
CC(=O)OC1=CC=C(C=C1)C1=CC(=O)C2=C(OC(C)=O)C=C(OC(C)=O)C=C2O1,CC(=O)C,298.15,-1.899112145,-0.8532382845878601
CCCCCCCC\C=C\C(=O)N(C(=O)NC1=CC=C(C=C1)N(C)C)C1=CC=C(C=C1)N(C)C,CC(=O)C,293.15,-1.613894727,-1.5749112367630005
[H][C@](N)(CSCC#C)C(O)=O,CC(=O)C,298.15,-3.088024262,-2.3945581912994385
OC1=C(C=CC=C1N(=O)=O)N(=O)=O,CC(=O)C,287.15,0.839847846,0.483593225479126
CCCCC(NC(C)=O)C(O)=O,CC(=O)C,298.15,0.130637881,-0.845931351184845
NC1=NC(N)=NC(N)=N1,CC(=O)C,303.15,-2.619789332,-1.5615403652191162
[H][C@](C)(CC)[C@@]([H])(NC(C)=O)C(O)=O,CC(=O)C,298.15,-0.467725965,-0.7858061790466309
OC(=O)C1=CC=CC(Cl)=C1C(=O)C1=CC=CC=C1,CC(=O)C,298.14,-1.420291159,-1.0898691415786743
OC(=O)CNC(=O)C1=C(O)C=C(C=N1)C1=CC(Cl)=CC=C1,CC(=O)C,295.15,-0.486720856,-2.3104629516601562
C1COCCOC2=C(OCCOCCOC3=C(OCCO1)C=CC=C3)C=CC=C2,CC(=O)C,298.15,-1.052568169,-0.9463561177253723
Cl[C@H]1[C@H](Cl)[C@@H](Cl)[C@H](Cl)[C@@H](Cl)[C@@H]1Cl,CC(=O)C,293.15,-0.671145442,-0.3751949071884155
NC1=NC(=O)N(C=C1)[C@@H]1CS[C@H](CO)O1,CC(=O)C,298.15,-2.387200434,-1.0369160175323486
N=C(C#N)C(=N)C#N,CC(=O)C,298.15,0.296557126,-0.3056282103061676
[H][C@@]12COC3=C(C=C(OC)C(OC)=C3)[C@]1([H])C(=O)C1=C(O2)C2=C(O[C@H](C2)C(C)=C)C=C1,CC(=O)C,293.15,-0.757114242,-1.0660507678985596
CCC1=CC=C(C=C1)C(=O)C1=C(C=CC=C1)C(O)=O,CC(=O)C,299.82,-1.136912716,-0.4967564642429352
CC(C)(C)C1=CC(O)=C(C=C1O)C(C)(C)C,CC(=O)C,298.03999999999996,-0.065985952,0.20461425185203552
CCCCCC(=O)N(C(=O)NC1=CC=C(C=C1)N(C)C)C1=CC=C(C=C1)N(C)C,CC(=O)C,293.15,-1.789595827,-1.3447766304016113
CN1CCN(CC2=CC(C)=CC=C2)CC(C1)NC(=O)C1=NNC2=C1C=CC=C2,CC(=O)C,303.15,-1.00229436,-0.6698629260063171
OC(=O)CCC(O)=O,CC(=O)C,293.15,-0.48562214,-0.3562425374984741
OC(=O)C1=C(C(O)=O)C(=CC=C1)N(=O)=O,CC(=O)C,298.22999999999996,-0.08819764,-0.10702161490917206
ClCC1=CC=C(C=C1)N(=O)=O,CC(=O)C,303.15,0.763514653,0.6460633873939514
OC(=O)CN(CCC#N)CCC#N,CC(=O)C,299.15,0.273335105,-1.5501264333724976
C[C@H]1OC(=O)C(C1=O)C(C)(C)C1=C(CC(C)=O)[C@@H](C)OC1=O,CC(=O)C,293.15,-0.635148702,0.5624576807022095
[H][C@](O)(C1=CC=NC2=C1C=CC=C2)[C@@]1([H])C[C@@H]2CC[N@]1C[C@@H]2C=C,CC(=O)C,298.15,-2.614625863,-0.023073092103004456
OC1=CC(=C(O)C=C1)P1(=O)OC2=C(C=CC=C2)C2=C1C=CC=C2,CC(=O)C,297.14,-1.609235088,-1.1622180938720703
O=C(N=N#N)C1=C(C=CC=C1)N(=O)=O,CC(=O)C,293.15,0.424178789,-0.14460022747516632
NC(=O)C1=CC=CC2=NC3=CC=CC=C3N=C12,CC(=O)C,288.15,-2.277799425,-1.3168978691101074
COC(=O)CN1C(CC2=CC=CC=C2)C(=O)N(C1=O)C1=CC=CC=C1,CC(=O)C,293.15,-0.073451345,-0.505237877368927
OC(=O)CC(O)(CC(O)=O)C(O)=O,CC(=O)C,297.14,0.045776626,0.29466739296913147
CC(C)C1=CC2=C(SC3=CC=CC=C3C2=O)C=C1,CC(=O)C,299.14,0.231856107,0.32017651200294495
CN(C)C(=S)SSC(=S)N(C)C,CC(=O)C,303.15,-0.493387613,0.5537889003753662
CCCCCCCCCCCC(=O)N(C(=O)NC1=CC=C(C=C1)N(C)C)C1=CC=C(C=C1)N(C)C,CC(=O)C,293.15,-1.745606359,-1.9030351638793945
OC1=CC=C(C=C1)C1=CC(=O)C2=C(O)C=C(O)C=C2O1,CC(=O)C,298.15,-2.261489524,-1.1987190246582031
CC(N(CCC(O)=O)C(C)=O)C(O)=O,CC(=O)C,298.15,-0.759830847,-1.0505105257034302
O=C1OC(=O)C2=CC=CC=C12,CC(=O)C,298.14,0.247301268,0.19027361273765564
[H][C@@]12C[C@@]3([H])[C@]4([H])CCC5=CC(=O)CC[C@]5(C)[C@@]4([H])CC[C@]3(C)[C@@]1(O2)C(C)=O,CC(=O)C,298.95,-0.731952364,-0.6325840353965759
N#CSCCSC#N,CC(=O)C,289.15,-0.04508515,0.8478118777275085
NC1=C(NC2=CC=CC=C2)C=CC(Cl)=C1,CC(=O)C,293.15,0.327631972,-0.1239633858203888
CC(N(CCC#N)CCC#N)C(O)=O,CC(=O)C,299.15,0.494803302,-1.1082279682159424
CSC1=N[C@](C)(C(=O)N1NC1=CC=CC=C1)C1=CC=CC=C1,CC(=O)C,293.15,-0.095388362,-0.2675616443157196
[H][C@@]1(C[C@@H]2CC[N@]1C[C@@H]2C=C)[C@@H](O)C1=CC=NC2=CC=C(OC)C=C12,CC(=O)C,295.0,-1.232358035,-0.7083969116210938
CC(=O)OC[C@H]1O[C@@H](OC(C)=O)[C@H](OC(C)=O)[C@@H](OC(C)=O)[C@@H]1OC(C)=O,CC(=O)C,298.15,-0.022027947,-0.4850894808769226
NC1=C(NC2=CC(Cl)=CC=C2)C=CC(Cl)=C1,CC(=O)C,293.15,-0.136173606,-0.25773006677627563
CCCCCCCC(N)=O,CC(=O)C,303.15,-0.3690667,1.2006868124008179
OC1=C2C=CC=CC2=C(O)C(=C1)P1(=O)OC2=CC=CC=C2C2=CC=CC=C12,CC(=O)C,293.15,-1.900236048,-1.4361194372177124
CN1C2C(N(C)C1=O)N(C)S(=O)(=O)N2C,CC(=O)C,292.15,-1.906661981,-0.4073067605495453
O=C(N=N#N)C1=CC(=CC=C1)N(=O)=O,CC(=O)C,293.15,0.129779372,-0.35419318079948425
[H][C@](C)(\C=C\[C@@]([H])(C)[C@@]1([H])CC[C@@]2([H])\C(CCC[C@]12C)=C\C=C1\C[C@@H](O)CCC1=C)C(C)C,CC(=O)C,299.15,-0.200475114,-0.22497060894966125
OC1=CC=C2C=CC=CC2=C1\N=N\C1=CC=CC=C1,CC(=O)C,298.0,-1.130189922,0.031657904386520386
NC(=O)C1=CC=C(C=C1)S(N)(=O)=O,CC(=O)C,298.15,-1.854345088,-1.272364854812622
C1=CC2=CC3=CC=CC=C3C=C2C=C1,CC(=O)C,293.15,-1.337249478,-0.5535938739776611
OC(=O)C1=CN(C2CC2)C2=CC(N3CCNCC3)=C(F)C=C2C1=O,CC(=O)C,298.14,-3.76721595,-3.603909730911255
CC(OCC(N)=O)C(N)=O,CC(=O)C,293.15,-1.155973924,-0.8205183744430542
NC(=O)C1=CC(O)=CC=C1,CC(=O)C,293.15,-0.537602221,-0.4151085615158081
CC(=O)OCC(COC(=O)C1=CC=C(C=C1)N(=O)=O)OC(=O)C1=CC=C(C=C1)N(=O)=O,CC(=O)C,294.15,-1.272611445,-1.1941276788711548
C1C2=CC=CC=C2C2=C1C=CC=C2,CC(=O)C,297.98999999999995,-0.032223325,0.2670859694480896
O=C(OCC(COC(=O)C1=CC=C(C=C1)N(=O)=O)OC(=O)C1=CC=CC=C1)C1=CC=C(C=C1)N(=O)=O,CC(=O)C,294.15,-1.231019379,-2.1872057914733887
CO\C=C(\C(C)=O)C1=C(OC2=CC(OC3=C(C=CC=C3)C#N)=NC=N2)C=CC=C1,CC(=O)C,293.15,-0.65365556,-0.9029785990715027
CN1CCN(CC1)C1=CC2=C(C=C1F)C(=O)C(=CN2C1=CC=C(F)C=C1)C(O)=O,CC(=O)C,298.14,-1.043231673,-0.8197911381721497
CC1(C)[C@H](CC[C@@]1(C)C(O)=O)C(N)=O,CC(=O)C,291.15,-1.103498678,-0.5682021975517273
ClC1=CC=C(Cl)C=C1,CC(=O)C,293.15,0.588545704,0.0336897149682045
O=C1OC(NC2=CC(=CC=C2)N(=O)=O)(NC2=CC(=CC=C2)N(=O)=O)C2=CC=CC=C12,CC(=O)C,293.15,-0.51935619,-1.995928406715393
CCN1C=C(C(O)=O)C(=O)C2=CC(F)=C(C=C12)N1CCNCC1,CC(=O)C,298.15,-1.796677705,-3.491847276687622
CC1(C)COP(=O)(NCCNP2(=O)OCC(C)(C)CO2)OC1,CC(=O)C,298.14,-1.358088214,-0.8019499778747559
IC(I)I,CC(=O)C,298.15,-0.516019467,-0.6668494343757629
COC1=C(NC2=CC(C)=C(C=C2N(=O)=O)N(=O)=O)C=CC=C1,CC(=O)C,297.65,-0.91579268,-0.7074750065803528
CO\N=C(\C(=O)OC)C1=C(CO\N=C(/C)C2=CC(=CC=C2)C(F)(F)F)C=CC=C1,CC(=O)C,298.15,0.08790873,-0.48276227712631226
C1C2CC3CC1CC(C2)C3,CC(=O)C,293.15,0.246296012,0.5461302995681763
[H][C@@]12OC3=C(OC)C=CC4=C3[C@@]11CCN(C)[C@H](C4)[C@]1([H])C=C[C@@H]2O,CC(=O)C,293.15,-0.369151016,-1.4192432165145874
CCCCCCC(=O)N(C(=O)NC1=CC=C(C=C1)N(C)C)C1=CC=C(C=C1)N(C)C,CC(=O)C,293.15,-1.642960017,-1.4274920225143433
OC1=C(C=C(C=C1N(=O)=O)N(=O)=O)N(=O)=O,CC(=O)C,293.15,0.456469311,0.33481279015541077
CC1(OC(=O)N(NC2=CC=CC=C2)C1=O)C1=CC=C(OC2=CC=CC=C2)C=C1,CC(=O)C,298.15,-0.135580637,-0.9835149049758911
[H][C@]12[C@H](C[C@@H](C)C=C1C=C[C@H](C)[C@@H]2CC[C@@H]1C[C@@H](O)CC(=O)O1)OC(=O)[C@@H](C)CC,CC(=O)C,298.75,-0.778343399,-0.8152448534965515
O[C@@H]1CCCC[C@H]1O,CC(=O)C,293.15,-0.245512668,0.39757585525512695
CC1(C)[C@@H]2CC[C@@]1(C)C(=O)\C2=C(/O)C1=CC=CC=C1,CC(=O)C,290.15,-0.235201593,-0.8345248103141785
O=C(N=N#N)C1=CC=CC=C1,CC(=O)C,293.15,0.85748448,-0.06845009326934814
CCCCCCCCCCCCCCCCCCCCCCCC,CC(=O)C,293.0,-2.585282514,-1.0426331758499146
CCCCCCCCCCCC(O)=O,CC(=O)C,297.98999999999995,0.481329133,0.2646746337413788
O=N(=O)C1=CC=C(C2=C1C=CC=C2N(=O)=O)N(=O)=O,CC(=O)C,288.15,-0.487933625,-1.4297230243682861
[H][C@@]12C[C@@H](O)[C@H](O)[C@@]1(C)CC[C@]1([H])C3=C(CC[C@@]21[H])C=C(O)C=C3,CC(=O)C,303.15,-1.948105681,-1.553481101989746
OC(=O)CC1=CC=CC2=CC=CC=C12,CC(=O)C,298.94,0.516299798,0.6539477109909058
CCCCC(=O)N(C(=O)NC1=CC=C(C=C1)N(C)C)C1=CC=C(C=C1)N(C)C,CC(=O)C,293.15,-1.658384817,-1.285239338874817
CNC(=O)C(=N#N)C(=O)OC,CC(=O)C,291.15,0.35852951,-0.2367125004529953
CS(=O)(=O)C1=CC=C(C=O)C=C1,CC(=O)C,298.14,-1.325526145,-0.6167417168617249
CCCCCCCCCCCCCCCC1=CC=CC(O)=C1,CC(=O)C,297.53,0.676000641,0.3381066620349884
O=C1OC(=O)C2C3=C(C=CC=C3)C1C1=C2C=CC=C1,CC(=O)C,288.15,-1.097351032,-1.0085747241973877
OC(=O)C1=CC=CN=C1,CC(=O)C,296.15,-1.499232252,-1.5419833660125732
OC1=CC(O)=CC(O)=C1,CC(=O)C,298.15,0.534039156,0.20002253353595734
CC(=O)NC1=CC=C(C=C1)C(O)=O,CC(=O)C,293.15,-1.292430062,-1.3378548622131348
CCCCOC(=O)C1=CC=C(O)C=C1,CC(=O)C,293.04999999999995,0.430177531,0.7986005544662476
[H][C@@](CC1=CC=C(O)C=C1)(N(CCC#N)CCC#N)C(O)=O,CC(=O)C,299.15,0.175105621,-1.2598744630813599
CCCCCCCCCCCCCCCCCC(O)=O,CC(=O)C,298.03999999999996,-0.98281575,-0.7865946292877197
CN(C)C1=CC=C(C=C1)N(=O)=O,CC(=O)C,298.15,-1.722553688,0.38798415660858154
COC1=CC(\C=C\CO)=CC(OC)=C1O[C@@H]1O[C@H](CO)[C@@H](O)[C@H](O)[C@H]1O,CC(=O)C,293.15,-2.676107361,-2.210826873779297
OP(O)(=O)C1=CC=CC=C1,CC(=O)C,298.14,0.371741675,0.41397231817245483
[H][C@]12C[C@@]3([H])C4=CCO[C@@]5([H])CC(=O)N6C7=C(C=CC=C7)[C@@]1(CCN2C4)[C@]6([H])[C@@]35[H],CC(=O)C,288.15,-2.403715714,-1.3452904224395752
CC1=NC(NS(=O)(=O)C2=CC=C(N)C=C2)=NC=C1,CC(=O)C,297.15,-1.388288632,-1.0459638833999634
NNC(=O)C1=CC=NC=C1,CC(=O)C,300.98999999999995,-0.893415339,-0.9806756377220154
OC(=O)[C@H]1[C@H]([C@H]([C@@H]1C1=CC=CC=C1)C1=CC=CC=C1)C(O)=O,CC(=O)C,293.15,-1.207123417,0.06712175160646439
NC(=O)C1=CC=C(O)C=C1,CC(=O)C,293.15,-0.906578621,-0.5669270753860474
NC1=C(NC2=CC=CC=C2)C=CC=C1Cl,CC(=O)C,293.15,0.204247063,-0.17202840745449066
CC(C)(O)[C@H]1CC[C@@](C)(O)CC1,CC(=O)C,298.15,-0.66756881,0.5282103419303894
[H][C@@]12OC3=C4C(C[C@H]5N(C)CC[C@@]14[C@@]5([H])CC[C@@H]2O)=CC=C3OC,CC(=O)C,293.15,-0.936435936,-1.3549516201019287
OC1=CC(O)=C2C(=O)C(O)=C(OC2=C1)C1=CC=C(O)C(O)=C1,CC(=O)C,293.15,-0.878291949,-1.1724960803985596
CCCCCCC\C=C\C(=O)N(C(=O)NC1=CC=C(C=C1)N(C)C)C1=CC=C(C=C1)N(C)C,CC(=O)C,293.15,-1.37873342,-1.419334053993225
[H][C@@](CCC(O)=O)(NC(C)=O)C(O)=O,CC(=O)C,298.15,-1.954628378,-1.696599006652832
CC(=O)NC1=CC=CC(=C1)C(O)=O,CC(=O)C,293.15,-1.657577319,-1.0264263153076172
O=N(=O)C1=CC=C(NC2=CC=CC=C2)C(=C1)N(=O)=O,CC(=O)C,288.15,-0.943035544,-0.9276182651519775
C1=CC=C(C=C1)P(C1=CC=CC=C1)C1=CC=CC=C1,CC(=O)C,303.19,0.080083531,-0.2591061294078827
CCCCCCCCC(O)CC(=O)N(C(=O)NC1=CC=C(C=C1)N(C)C)C1=CC=C(C=C1)N(C)C,CC(=O)C,293.15,-1.759393273,-1.7291477918624878
O=N(=O)C1=CC=CC2=C1C=CC=C2,CC(=O)C,291.15,0.775650381,0.6120787858963013
NC(=O)NCC1=CC=CC=C1,CC(=O)C,296.15,-0.685250406,-0.6607657670974731
O[C@@H]1CCC[C@@H](O)C1,CC(=O)C,290.65,-0.167429512,0.3530246317386627
CC1=CC=C(C=C1N(=O)=O)N(=O)=O,CC(=O)C,288.15,0.547763067,0.22083699703216553
O=C1CCC2=CC(OCCCCC3=NN=NN3C3CCCCC3)=CC=C2N1,CC(=O)C,298.15,-1.699519292,-1.3211208581924438
[H][C@@]12CC[C@@H]3C[C@]1(CC3=C)[C@@H](C(O)=O)[C@]1([H])[C@@]3(C)[C@@H](O)CC[C@@]21OC3=O,CC(=O)C,298.14,-0.029194105,-0.02135445363819599
ClC1=C(Cl)C2=C(Cl)C(Cl)=C(Cl)C(Cl)=C2C(Cl)=C1Cl,CC(=O)C,295.65,-2.004035333,-1.009644627571106
[H][C@@](C)(CCCC(C)C)[C@@]1([H])CC[C@@]2([H])[C@]3([H])CC=C4C[C@H](CC[C@]4(C)[C@@]3([H])CC[C@]12C)OC(=O)CCCC,CC(=O)C,293.15,-1.558874652,-1.9534858465194702
O[C@@]1(C2=CC=CC=C2)C2=C(C=CC=C2)[C@@](O)(C2=CC=CC=C2)C2=C1C=CC=C2,CC(=O)C,290.15,-2.163690796,-0.539905309677124
CC1=CC=C(C=C1)C1=CC(=NN1C1=CC=C(C=C1)S(N)(=O)=O)C(F)(F)F,CC(=O)C,298.15,0.23155772,-0.16118787229061127
CC(=O)NC1=CC=C(O)C=C1,CC(=O)C,298.15,-0.285320521,-0.11848419159650803
CC1(C)CC(\C=C\C2=CC=C(O)C=C2)=C/C(C1)=C(/C#N)C#N,CC(=O)C,298.15,-0.154774845,-0.40545907616615295
OCCOC1=C2C=CC=CC2=C(OCCO)C(=C1)P1(=O)OC2=C(C=CC=C2)C2=C1C=CC=C2,CC(=O)C,293.15,-2.770184797,-1.1392513513565063
CN(C(N)=O)C1=CC=CC=C1,CC(=O)C,296.15,0.29173523,-0.40361663699150085
CCCCCCCCCCCCCCCCCC(=O)OCCCCOP(O)(=O)OCCN,CC(=O)C,293.15,-2.956637714,-0.9373390674591064
CSCC12CSCC(C1)C(C)=CC2=O,CC(=O)C,293.15,0.058657723,0.31829169392585754
OC(=O)C1=CC=CO1,CC(=O)C,299.14,0.444349871,0.5764989852905273
CCCCCCC(O)CC(=O)N(C(=O)NC1=CC=C(C=C1)N(C)C)C1=CC=C(C=C1)N(C)C,CC(=O)C,293.15,-1.32820329,-1.9395346641540527
CC(=O)N(C1CCCCC1)C1=CC=CC=C1,CC(=O)C,293.15,0.433770301,0.005570296198129654
CC1=C(C=C(C=C1N(=O)=O)N(=O)=O)N(=O)=O,CC(=O)C,292.98999999999995,0.579982105,-0.010276343673467636
OCCCP(=O)(CCCO)CCCO,CC(=O)C,298.13,-1.864985102,-2.1370818614959717
OC1=CC(Br)=C(C=C1)N(=O)=O,CC(=O)C,303.15,-1.915224565,0.14037200808525085
CCCCCCCCCCCCCC(O)=O,CC(=O)C,293.15,-0.262381779,-0.3343035578727722
OC(=O)C1=CC=C(Br)C=C1,CC(=O)C,293.15,-0.30364119,-0.6011014580726624
[H][C@](O)(C(=O)NCCC(=O)NCCSC(=O)C1=CC=CC2=C1C=CC=C2)C(C)(C)CO,CC(=O)C,293.15,-1.459936021,-2.256620168685913
OC1=CC=C(C=C1)C1=COC2=CC(O)=CC(O)=C2C1=O,CC(=O)C,290.65,-1.169035538,-1.4776196479797363
CN(C)C1=CC=C(NC(=O)N(C=O)C2=CC=C(C=C2)N(C)C)C=C1,CC(=O)C,293.15,-1.684379381,-1.2373063564300537
ClP1(Cl)=NP(Cl)(Cl)=NP(Cl)(Cl)=N1,CC(=O)C,293.15,-0.423567349,-0.168812096118927
O=N(=O)C1=CC=C(OC2=C(C=C(C=C2N(=O)=O)N(=O)=O)N(=O)=O)C(=C1)N(=O)=O,CC(=O)C,296.15,-0.401133386,-1.0613244771957397
OC1=CC=C(C=C1N(=O)=O)N(=O)=O,CC(=O)C,288.15,0.184891445,0.4226350486278534
C1=CC2=CC=CC=C2C=C1,CC(=O)C,298.09999999999997,0.470144966,0.38229900598526
CCCCCCCCCC\C=C\C(=O)N(C(=O)NC1=CC=C(C=C1)N(C)C)C1=CC=C(C=C1)N(C)C,CC(=O)C,293.15,-3.841548882,-1.9231833219528198
O=N(=O)C1=CC(=C(NC2=CC=C(C=C2N(=O)=O)N(=O)=O)C=C1)N(=O)=O,CC(=O)C,288.15,-1.11674556,-1.4895553588867188
CCOC(=O)C1=C(C)NC(\C=C2/N=C(C)C(C(=O)OCC)=C/2C)=C1C,CC(=O)C,298.15,-2.235825584,-0.3307644724845886
[H][C@](O)(C(=O)NCCC(=O)NCCSC(=O)C1=CC=CC=C1)C(C)(C)CO,CC(=O)C,293.15,-0.883639862,-2.0315465927124023
N1C2=C(C=CC=C2)C2=C1C=CC=C2,CC(=O)C,303.15,-0.341620856,0.3596104383468628
CC1=CC(=CC(C)=C1)C(O)=O,CC(=O)C,293.15,-0.194784817,0.5122379064559937
C1COCCOC2=C(OCCOCCOCCOC3=C(OCCO1)C=CC=C3)C=CC=C2,CC(=O)C,298.15,-1.498936526,-1.144087553024292
[H][C@](O)(CO)[C@]([H])(O)CO,CC(=O)C,296.54999999999995,-2.452585735,-1.024584412574768
NC1=C(NC2=C(Cl)C=CC=C2)C=CC(Cl)=C1,CC(=O)C,293.15,-0.136173606,-0.3901265561580658
COC(=O)C1=C(O)C(C)=C(O)C=C1C,CC(=O)C,293.14,0.35053991,0.49256864190101624
NC1=CC=CC2=C1C(=O)N(C1CCC(=O)NC1=O)C2=O,CC(=O)C,293.15,-2.137703915,-3.4860165119171143
[H][C@@]12CC[C@H](O)[C@@]1(C)CC[C@]1([H])C3=CC=C(OC(=O)C4=CC=CC=C4)C=C3CC[C@@]21[H],CC(=O)C,293.15,-0.274730371,-0.8834460973739624
CCCCCCCCCC(O)CC(=O)N(C(=O)NC1=CC=C(C=C1)N(C)C)C1=CC=C(C=C1)N(C)C,CC(=O)C,293.15,-1.170790508,-1.639244794845581
O=C1C2=CC(=CC(=C2C2=C1C=C(C=C2)N(=O)=O)N(=O)=O)N(=O)=O,CC(=O)C,295.15,-0.88605527,-1.6797411441802979
COC(=O)C1=C(O[C@@H]2O[C@H](CO[C@@H]3OC[C@@H](O)[C@H](O)[C@H]3O)[C@@H](O)[C@H](O)[C@H]2O)C=CC=C1,CC(=O)C,292.15,-2.567341591,-1.803499460220337
O[C@H]1CC[C@H](O)CC1,CC(=O)C,289.15,-0.784023236,0.32596835494041443
C1N2CN3CN1CN(C2)C3,CC(=O)C,293.15,-0.950811187,-0.4954015016555786
ONC(=O)CCCCCCNC(=O)C1=CN=C(N=C1)N(C1=CC=CC=C1)C1=CC=CC=C1Cl,CC(=O)C,288.15,-1.628811407,-1.5113887786865234
CC(=O)CC(=O)N(C1=CC=CC=C1)C1=CC=CC=C1,CC(=O)C,293.15,0.259120927,-0.06287047266960144
CN(C)C1=CC=C(NC(=O)N(C(C)=O)C2=CC=C(C=C2)N(C)C)C=C1,CC(=O)C,293.15,-1.673363962,-1.1750540733337402
[H][C@@]12CC[C@H](O)[C@@]1(C)CC[C@]1([H])C3=CC=C(O)C=C3CC[C@@]21[H],CC(=O)C,303.15,-0.680578154,0.9024972915649414
O=C1COCCO1,CC(=O)C,288.45,0.964031913,0.4576577842235565
CCCS(=O)C1=CC=C2NC(NC(=O)OC)=NC2=C1,CC(=O)C,298.15,-3.847163773,-1.3652867078781128
OC(=O)\C=C\C(O)=O,CC(=O)C,296.98999999999995,-1.103563434,-0.8120272755622864
CC#CC(=O)N1CCC[C@H]1C1=NC(=C2N1C=CN=C2N)C1=CC=C(C=C1)C(=O)NC1=NC=CC=C1,CC(=O)C,298.15,-2.190811492,-2.1259164810180664
OC1=C2N=CC=CC2=C(Cl)C=C1Cl,CC(=O)C,298.15,-1.330517261,-0.748592734336853
ClC1=C2C(=O)C(Cl)(Cl)C(=O)C2=C(Cl)C(Cl)=C1Cl,CC(=O)C,298.15,-0.558543656,-1.204943299293518
O=C1OC(=O)C2=C1C=CC(=C2)C1=CC2=C(C=C1)C(=O)OC2=O,CC(=O)C,298.15,-2.573802534,-1.5716472864151
OC(=O)CC1=CC=CC=C1,CC(=O)C,293.15,0.996380458,0.595681369304657
OC(=O)CCCCC(O)=O,CC(=O)C,298.14,-0.642191393,-0.299108624458313
CC(=O)OC(COC(=O)C1=CC=C(C=C1)N(=O)=O)COC(=O)C1=CC=C(C=C1)N(=O)=O,CC(=O)C,294.15,-1.371742918,-1.1941277980804443
NS(=O)(=O)C1=CC=C(C=C1)S(N)(=O)=O,CC(=O)C,298.15,-0.771354104,0.3618791997432709
OC(=O)C1=CC=CC=C1,CC(=O)C,298.15,0.513935905,0.585396409034729
O=C(C(=O)C1=CC=CC=C1)C1=CC=CC=C1,CC(=O)C,298.15,0.334813507,0.33897772431373596
OC(=O)C1=CC(O)=CC=C1O,CC(=O)C,298.15,-0.187864636,0.1023733839392662
CNC(=O)C(=N\OC)\C1=C(COC2=CC(C)=CC=C2C)C=CC=C1,CC(=O)C,293.15,-0.678052926,-0.5618274211883545
FC1=CC=C(NC(=O)C2=C(OC3=CC(=CC=C3)C(F)(F)F)N=CC=C2)C(F)=C1,CC(=O)C,293.15,-0.595827879,-0.833816647529602
CC(OC1=CC=CC2=CC=CC=C12)C(N)=O,CC(=O)C,298.15,-1.08782952,-0.37641921639442444
ClCCN(CCCl)C1=CC2=CC=CC=C2C=C1,CC(=O)C,288.15,0.495843183,-0.15827523171901703
[H][C@@](C)(CCCC(C)C)[C@@]1([H])CC[C@@]2([H])[C@]3([H])CC=C4C[C@H](CC[C@]4(C)[C@@]3([H])CC[C@]12C)OC(=O)C(O)=O,CC(=O)C,293.15,-0.855331724,-1.7314181327819824
CCCCCCCCCCCCCCCCCCCCCCC(O)=O,CC(=O)C,288.15,-1.549759551,-1.5054569244384766
O1C2=C(OP11=NP3(OC4=C(O3)C=CC=C4)=NP3(OC4=C(O3)C=CC=C4)=N1)C=CC=C2,CC(=O)C,298.34,-2.363869395,-1.9203733205795288
CN1C2C(N(C)C1=O)N(C)C(=O)N2C,CC(=O)C,292.15,-0.926617581,-0.02813265658915043
NC1=C(C(=C(C(=C1N(=O)=O)N(=O)=O)N(=O)=O)N(=O)=O)N(=O)=O,CC(=O)C,293.15,-0.125835238,-0.26670074462890625
ClC1=CC(Cl)=CC(Cl)=C1,CC(=O)C,298.14,0.19477696,0.1524285525083542
CN(C)C1=CC=C(NC(=O)N(C(=O)\C=C(/C)C)C2=CC=C(C=C2)N(C)C)C=C1,CC(=O)C,293.15,-1.361191135,-0.9620388746261597
[H][C@@]12C[C@@]3([H])[C@]4([H])CCC5=CC(=O)CC[C@]5(C)[C@@]4([H])[C@H](O)C[C@]3(C)[C@@]1(O2)C(C)=O,CC(=O)C,298.34999999999997,-1.657652075,-0.6066062450408936
O=C(NC1=CC=CC2=CC=CC=C12)N(C1=CC=CC=C1)C1=CC=CC=C1,CC(=O)C,293.15,-1.610363812,-1.0987764596939087
OC(=O)C1=CC=C(Cl)C=C1,CC(=O)C,293.15,-0.800254097,-0.43931302428245544
CC(C)(O)P1(=O)OCC2(CO1)COP(=O)(OC2)C(C)(C)O,CC(=O)C,298.42999999999995,-1.987351504,-1.4028233289718628
O=N(=O)N1CN(CN(C1)N(=O)=O)N(=O)=O,CC(=O)C,293.15,-0.583749167,-0.4289439916610718
[H][C@@](C)(CCCC(C)C)[C@@]1([H])CC[C@@]2([H])[C@]3([H])CC=C4C[C@H](CC[C@]4(C)[C@@]3([H])CC[C@]12C)OC(C)=O,CC(=O)C,293.15,-1.234212462,-1.6957664489746094
OCCCCOC(=O)NCCCCCCNC(=O)OCCCCO,CC(=O)C,293.15,-1.843158001,-1.4471359252929688
COP(=O)(NC(C)=O)SC,CC(=O)C,299.44,-0.037053105,0.06480377912521362
O=C(N=N#N)C1=C(C=C(C=C1N(=O)=O)N(=O)=O)N(=O)=O,CC(=O)C,293.15,-0.953518081,-0.1489371657371521
[H][C@@](C)(CCCC(C)C)[C@@]1([H])CC[C@@]2([H])[C@]3([H])CC=C4C[C@H](CC[C@]4(C)[C@@]3([H])CC[C@]12C)OC=O,CC(=O)C,293.15,-0.825313022,-1.4590442180633545
OC(=O)C1=CC=CC=C1O,CC(=O)C,298.15,0.38412846,0.37295931577682495
[H][C@]12COC(=O)[C@]1([H])[C@H](C1=CC(OC)=C(OC)C(OC)=C1)C1=C(C=C3OCOC3=C1)[C@@H]2O,CC(=O)C,293.19,-0.983384521,-1.801238775253296
O[C@@H](CCC1=CCCC1=O)CC(O)=O,CC(=O)C,293.15,-0.960685547,-0.4479750692844391
CCCCC1=NC2(CCCC2)C(=O)N1CC1=CC=C(C=C1)C1=CC=CC=C1C1=NN=NN1,CC(=O)C,298.23999999999995,-3.038076782,-1.6226780414581299
CCCCCCCCCCCCC(=O)N(C(=O)NC1=CC=C(C=C1)N(C)C)C1=CC=C(C=C1)N(C)C,CC(=O)C,291.15,-1.952421268,-1.944947600364685
OC(=O)C1=CC(O)=C(O)C=C1,CC(=O)C,298.15,-0.187864636,-0.02229347638785839
NC1=C(NC2=CC=CC=C2)C=C(Cl)C=C1,CC(=O)C,293.15,-0.10937206,-0.12396324425935745
ClC1=NC=C(CN2CCN=C2NN(=O)=O)C=C1,CC(=O)C,300.03999999999996,-0.718857066,-0.5511908531188965
[H][C@@](C)(O)[C@@]1([H])CC[C@@]2([H])[C@]3([H])CC[C@]4([H])C[C@H](O)CC[C@]4(C)[C@@]3([H])CC[C@]12C,CC(=O)C,288.15,-2.872381259,-1.0559029579162598
CC1=C(C(O)=C(C=C1N(=O)=O)N(=O)=O)N(=O)=O,CC(=O)C,290.15,0.485879894,0.1823205053806305
[H][C@@]1(COC(O1)C1=CC=CC=C1)[C@]1([H])O[C@@H](O[C@]2([H])CO[C@@H](O[C@]12[H])C1=CC=CC=C1)C1=CC=CC=C1,CC(=O)C,290.15,-1.977723605,-1.2463257312774658
OC1=C2N=CC=CC2=C(C=C1I)S(O)(=O)=O,CC(=O)C,298.15,-3.642366818,-1.6058615446090698
CC1=CC=C(C)C(=C1N(=O)=O)N(=O)=O,CC(=O)C,288.15,0.18450416,0.23966854810714722
OC1=C2N=CC=CC2=C(Br)C=C1Br,CC(=O)C,293.15,-1.812523609,-1.7463892698287964
C1=CC=C2C(C=CC=C2C2=CC=CC3=CC=CC=C23)=C1,CC(=O)C,293.15,-1.193822267,-1.141847848892212
ClC1=CC=C(SSC2=CC=C(Cl)C=C2)C=C1,CC(=O)C,302.94,0.139293696,-0.9851113557815552
CC1=CC(=C(C)C(=C1N(=O)=O)N(=O)=O)N(=O)=O,CC(=O)C,288.15,-0.683335271,-0.09282663464546204
OC1=CC=CC=C1C(=O)OC1=CC=CC=C1,CC(=O)C,303.15,0.563573103,0.6928380727767944
CCOC1=C(C=C(C=C1)N(=O)=O)\C=N\NC(N)=O,CC(=O)C,293.15,-2.029805828,-1.38960862159729
OC1=CC=C(C=C1)C1=COC2=CC(O)=CC=C2C1=O,CC(=O)C,290.65,-1.037276829,-1.7807258367538452
OC1=CC=C(C=C1)C(=O)C1=C(O)C(O)=C(O)C=C1,CC(=O)C,298.14,0.144793846,-0.2534821927547455
COC1=CN=C(Cl)N=C1Cl,CC(=O)C,297.34,0.671898215,0.7387034893035889
C1=CC=C(C=C1)C1=CC=CC=C1,CC(=O)C,298.15,0.684477909,0.3055417239665985
O=N(=O)C1=CC=CC2=C(C=CC=C12)N(=O)=O,CC(=O)C,289.15,-1.776470431,-1.1844844818115234
OCP1(=O)OC2=C(C=CC=C2)C2=CC=CC=C12,CC(=O)C,302.25,-1.402735403,-0.332929402589798
COC1=CC=C(C=C1OC)C(=O)N1CCN(CC1)C1=CC2=C(NC(=O)CC2)C=C1,CC(=O)C,298.15,-2.896797821,-1.593590497970581
O=C1CCCCCCCCCCCCCCCCCN1,c1ccccc1,295.15,0.171100776,0.12077414989471436
CCCCCCC(N)=O,c1ccccc1,293.15,-1.342690328,0.030176937580108643
CN(c1c(cc(cc1[N+]([O-])=O)[N+]([O-])=O)[N+]([O-])=O)[N+]([O-])=O,c1ccccc1,291.15,-0.810589193,-1.5654325485229492
CCCCCC(N)=O,c1ccccc1,293.15,-1.058156274,-0.29711049795150757
Nc1ccc(cc1)C(O)=O,c1ccccc1,298.15,-2.34814254,-2.7249224185943604
Cc1ccc(cc1)N(c2cccc(C)c2)c3cccc(C)c3,c1ccccc1,290.15,0.436610032,0.09961124509572983
CCOc1c(cc(cc1[N+]([O-])=O)[N+]([O-])=O)[N+]([O-])=O,c1ccccc1,288.15,0.224355743,-1.2231189012527466
COc1cccc(C=NNc2ccc(cc2[N+]([O-])=O)[N+]([O-])=O)c1,c1ccccc1,293.15,-2.988178757,-2.185527801513672
CC12SC3(C)SC(C)(S1)SC(C)(S2)S3,c1ccccc1,293.15,0.117757985,0.5686217546463013
[C@@H]45C3=NC1=C([C@H]2CC[C@@H]1C2(C)C)N=C3[C@@H](CC4)C5(C)C,c1ccccc1,293.15,-0.39912237,0.17950326204299927
C[C@@H]3CCCC(NC(=O)c1cccc2ccccc12)C3,c1ccccc1,299.15,-0.405925001,0.12032325565814972
Cc1ccccc1N=Nc2ccc(O)cc2,c1ccccc1,303.15,-0.044894198,-0.4300346374511719
Clc1c(Cl)c(Cl)c2C(=O)OC(=O)c2c1Cl,c1ccccc1,298.15,-0.91164702,-0.9559454321861267
[O-][N+](=O)c1cccc2cccc(c12)[N+]([O-])=O,c1ccccc1,289.15,-1.521227671,-1.544315218925476
N#C/C(c1ccccc1)=N(=O)/c2ccc(Cl)cc2,c1ccccc1,299.15,-0.270795364,-0.5070996284484863
c1cc2ccc3cccc4ccc(c1)c2c34,c1ccccc1,293.15,-0.259626574,-0.03301640599966049
OC(=O)CCC(=O)NNC(=O)c1ccccc1,c1ccccc1,298.15,-3.397897726,-2.3683717250823975
O=C(OCOC(=O)c1ccccc1)c2ccccc2,c1ccccc1,297.15,-0.034809562,-0.7634600400924683
OC(=O)CCCCCCCC(O)=O,c1ccccc1,298.15,-3.368383065,-2.1132938861846924
[O-][N+](=O)c1cc2cccc(c2c(c1)[N+]([O-])=O)[N+]([O-])=O,c1ccccc1,288.15,-1.868131264,-1.8002235889434814
O[P](=O)(c1ccccc1)c2ccccc2,c1ccccc1,293.14,-2.105104492,-2.164079427719116
CCc1c(c2/cc/3\nc(/cc\4/c(c(/c(/[nH]4)c/c5n/c(c\c1[nH]2)/C(=C5C)CC)C)CC)C(=C3C)CC)C,c1ccccc1,298.15,-2.795880925,0.3571043908596039
CCOC(=O)c1cnn(C)c1[S](=O)(=O)NC(=O)Nc2nc(OC)cc(OC)n2,c1ccccc1,293.15,-1.4242941,-3.545278310775757
NC(=O)C(O)c1ccccc1Cl,c1ccccc1,295.15,-1.881211544,-1.3719744682312012
N#Cc1c2ccccc2c(C#N)c3ccccc13,c1ccccc1,293.15,-2.756356503,-0.6669008731842041
Cc1ccc(c(C)c1)C(O)=O,c1ccccc1,293.15,-0.625153426,-1.2007298469543457
C(=CC=Cc1ccccc1)C=Cc2ccccc2,c1ccccc1,292.15,-1.431597495,0.5165579319000244
Oc1ccc(N=Nc2ccccc2)c(O)c1,c1ccccc1,303.15,-1.507550426,-1.4201290607452393
CN1CC[C@]23[C@H]4Oc5c(O)ccc(C[C@@H]1[C@@H]2C=C[C@@H]4O)c35,c1ccccc1,293.15,-2.713522567,-1.8939647674560547
Oc1ccc(cc1)[N+]([O-])=O,c1ccccc1,298.15,-1.019509832,-0.2987476587295532
CC(C)CC(CC(C)C)(CC(C)C)C(=O)NO,c1ccccc1,299.15,-0.431798276,-0.09635564684867859
OC(C(O)=O)c1ccc(Cl)cc1,c1ccccc1,295.15,-1.598802144,-1.4149274826049805
[O-][N+](=O)c1ccc(C=O)cc1,c1ccccc1,299.15,-0.277373785,-0.0710095539689064
CCC\C=C/C(N)=O,c1ccccc1,293.15,0.648860333,-1.1818938255310059
ON=C1C(=O)C=Cc2ccccc12,c1ccccc1,299.15,-0.376755606,-2.26204252243042
O=C1c2ccccc2c3c4c1cccc4c5cccc6C(=O)c7ccccc7c3c56,c1ccccc1,296.15,-2.188086645,-1.4867582321166992
CCCCCCC(C)=NNC(N)=O,c1ccccc1,293.15,-1.40926556,-0.395425021648407
OC(C#CC(O)(c1ccccc1)c2ccccc2)(c3ccccc3)c4ccccc4,c1ccccc1,297.15,-3.81024671,-1.1046496629714966
C[C@H]1OC=C2C(=C(C(O)=O)C(=O)C(=C2[C@@H]1C)C)O,c1ccccc1,298.15,-0.942313597,-1.4308310747146606
O=C(C(C(=O)c1ccccc1)C(=O)c2ccccc2)c3ccccc3,c1ccccc1,294.15,-2.971795408,-1.0388439893722534
C1Cc2cccc3cccc1c23,c1ccccc1,297.98999999999995,0.260115988,0.28664758801460266
O=C1NC(=O)C(N1)(c2ccccc2)c3ccccc3,c1ccccc1,293.15,-3.225777791,-2.4367432594299316
[O-][N+](=O)c1ccc(Cl)cc1,c1ccccc1,290.15,0.667218289,0.3041038513183594
CCOC(=O)C(=O)C(=O)OCC,c1ccccc1,295.15,0.060099036,0.6045265793800354
CCC1(C(=O)NC(=O)NC1=O)c2ccccc2,c1ccccc1,293.15,-2.380508679,-2.630977153778076
CN(C(=O)C(=O)N(C)[N+]([O-])=O)[N+]([O-])=O,c1ccccc1,293.15,-0.389334259,-1.6435490846633911
Cc5ccc(/N=C(Nc1ccc(C)cc1)/N(c2ccc(C)cc2)c4nc3cc(C)ccc3[nH]4)cc5,c1ccccc1,288.15,-1.560280876,-1.9340174198150635
c1ccc(cc1)/N=N/c2ccccc2,c1ccccc1,298.15,0.225964192,0.6922242641448975
CCCC(N)=O,c1ccccc1,293.15,-1.599681728,-0.7099974155426025
CC(C)[C@@H](C)/C=C/[C@@H](C)[C@H]1CC[C@H]2C3=CC=C4C[C@@H](O)CC[C@]4(C)[C@H]3CC[C@]12C,c1ccccc1,289.15,-1.62903887,-0.6108667850494385
O=C1c2cccc3cccc(c23)C1=C4C(=O)c5cccc6cccc4c56,c1ccccc1,292.15,-2.325706484,-1.6564503908157349
Nc1ccccc1[N+]([O-])=O,c1ccccc1,298.15,0.012926413,-1.0533599853515625
CCCCC(CCC)=NNC(N)=O,c1ccccc1,293.15,0.093925079,-0.464662104845047
COc1cc2OC[C@H]3Oc4c5C[C@@H](Oc5ccc4C(=O)[C@H]3c2cc1OC)C(C)C,c1ccccc1,298.15,-0.798836918,-1.1167455911636353
c1ccc2cc3c(ccc4ccccc34)cc2c1,c1ccccc1,293.15,-1.721252106,-0.08959044516086578
CC(=O)NC(Cc1c[nH]c2ccccc12)C(O)=O,c1ccccc1,294.15,-3.859925539,-3.760450839996338
c1ccc(cc1)/N=N/c2cc(cc(c2O)Cl)Cl,c1ccccc1,303.15,-0.292462151,-0.726128101348877
O=[P](c1ccccc1)(c2ccccc2)c3ccccc3,c1ccccc1,299.15,-0.038579503,-0.151943638920784
COc1c(cc(cc1[N+]([O-])=O)[N+]([O-])=O)[N+]([O-])=O,c1ccccc1,288.15,0.534292363,-1.44243323802948
BrC1C(OC(=O)C1=O)c2ccc(Br)cc2,c1ccccc1,294.15,-0.921639663,-0.2980719804763794
Cc1ccc(O)cc1O,c1ccccc1,298.04999999999995,-1.281816615,-1.2514455318450928
CCCC(=O)O[C@@]1(CC[C@H]2[C@@H]3CCC4=CC(=O)CC[C@]4(C)[C@H]3[C@@H](O)C[C@]12C)C(=O)COC(=O)CC,c1ccccc1,298.15,-1.071971787,-0.14847075939178467
CCc1c(O)cc(C)cc1O,c1ccccc1,298.04999999999995,-1.214763328,-0.17034608125686646
CCC1(CC)C(=O)NC(=O)NC1=O,c1ccccc1,293.15,-2.555160472,-1.981176495552063
CCCCCCCCCC(C(O)=O)C(O)=O,c1ccccc1,298.15,-2.917370255,-1.7461326122283936
OC(=O)[C@@H](Br)[C@@H](Br)c1ccccc1,c1ccccc1,289.15,-1.57469315,-3.0776591300964355
CC(=O)Nc1ccccc1,c1ccccc1,298.15,-1.07109206,-0.9798723459243774
COc1cc2OC[C@H]3Oc4c(CC=C(C)C)c(O)ccc4C(=O)[C@H]3c2cc1OC,c1ccccc1,298.15,-1.899207463,-1.4209457635879517
CCCCCCCCC(N)=O,c1ccccc1,293.15,-1.697800618,0.5129619240760803
Oc1cccc(O)c1,c1ccccc1,297.15,-1.68029568,-0.8731689453125
Cc1ccc3c(c1)nc(Nc2ccccc2)n3/C(=N\c4ccccc4)Nc5ccccc5,c1ccccc1,288.15,-1.979195892,-2.049384355545044
[O-][N+](=O)c1ccc(Cc2ccc(cc2)[N+]([O-])=O)cc1,c1ccccc1,293.15,-0.99238638,-0.8769078850746155
CCC1(NC(=O)N(C)C1=O)c2ccccc2,c1ccccc1,297.15,-0.614688332,-1.4613105058670044
c1(ccccc1)C(C#N)=N(=O)c2ccc(C)cc2,c1ccccc1,299.15,-0.339592419,-0.023523617535829544
CCCCC\C=C/C(N)=O,c1ccccc1,293.15,0.341264486,-0.6541473865509033
CCCCC/C=C/C(N)=O,c1ccccc1,293.15,-1.845642737,-0.6541470289230347
CN1CC[C@]23[C@H]4Oc5c(OC(C)=O)ccc(C[C@@H]1[C@@H]2C=C[C@@H]4OC(C)=O)c35,c1ccccc1,298.15,-0.470606864,-0.9310887455940247
CCOC(=O)C(=NNc1c(Br)cc(Br)cc1Br)C#N,c1ccccc1,288.15,-0.767429023,-2.0561931133270264
CCc1cc(O)c(C)cc1N=Nc2cccc(c2)C(C)=O,c1ccccc1,303.15,-0.53745977,-0.6347599029541016
CCCCCCCCC(CC)(CC)C(=O)NO,c1ccccc1,299.15,-0.1487414,-0.10734586417675018
Cc1cccc(C)c1C(O)=O,c1ccccc1,293.15,-0.287862464,-0.3661075234413147
CCCCCCCCCCC(C(O)=O)C(O)=O,c1ccccc1,298.15,-3.625930531,-1.6229041814804077
CCc1cc(O)ccc1N=Nc2cccc(c2)C(C)=O,c1ccccc1,303.15,-1.551642395,-0.7214446067810059
CCC(CC)(Cc1ccc(C)cc1)C(=O)NO,c1ccccc1,299.15,-1.522871363,-1.3942126035690308
S1C(SC(SC1c2ccccc2)c3ccccc3)c4ccccc4,c1ccccc1,298.15,-0.836325348,-0.4157814383506775
[O-][N+](=O)c1cc(c(Cl)c(c1)[N+]([O-])=O)[N+]([O-])=O,c1ccccc1,290.15,0.113387133,-0.5503998398780823
OC(=O)c1c(Br)cccc1Br,c1ccccc1,293.15,-0.779883089,-1.6190460920333862
[O-][N+](=O)c1ccc(NN=Cc2cccc(Br)c2)c(c1)[N+]([O-])=O,c1ccccc1,293.15,-3.030984062,-2.1274971961975098
O=[S](Cc1ccccc1)Cc2ccccc2,c1ccccc1,293.15,-0.863545786,-0.12987932562828064
CCCC(CCC)(c1ccccc1)C(=O)NO,c1ccccc1,299.15,-0.602048918,-0.016615107655525208
O=C1c2ccccc2c3cccc4cccc1c34,c1ccccc1,293.15,-1.213439666,-0.05664478987455368
Cl[S](=O)(=O)c1cc2c(cccc2[S](Cl)(=O)=O)c(c1)[S](Cl)(=O)=O,c1ccccc1,293.15,-0.519907217,-2.8282294273376465
Nc1c(cc(cc1[N+]([O-])=O)[N+]([O-])=O)[N+]([O-])=O,c1ccccc1,292.65,-1.458053873,-2.39140248298645
OOC1(c2ccccc2)c3ccccc3C(OO)(c4ccccc4)c5ccccc15,c1ccccc1,290.15,-2.297149663,-2.0431411266326904
Cc1ccc(cc1)C(=O)N(O)c2ccc(Cl)cc2,c1ccccc1,293.15,-1.307227288,-2.3885889053344727
Oc1ccc(cc1)N=Nc2ccccc2[N+]([O-])=O,c1ccccc1,303.15,-0.587374305,-1.9802472591400146
Nc1ccccn1,c1ccccc1,298.15,0.307369906,0.0878247618675232
COC(=O)c1ccc(cc1)C=NNc2ccc(cc2[N+]([O-])=O)[N+]([O-])=O,c1ccccc1,293.15,-3.390787543,-2.490489959716797
c1ccc2cc3cc4ccccc4cc3cc2c1,c1ccccc1,293.15,-2.017735267,-0.1121830865740776
CC(C)(C)c1ccc(O)c(c1)N=Nc2ccccc2,c1ccccc1,303.15,0.646344068,0.2263367772102356
OC(=O)c1cccc(O)c1,c1ccccc1,298.15,-3.193440523,-1.3747029304504395
N[C@@H](CO)c1ccccc1,c1ccccc1,293.15,-1.023350612,-1.2156968116760254
Cc1ccc(O)c(c1)C(C)(C)C,c1ccccc1,295.15,0.772431391,0.7954189777374268
Cl[S](=O)(=O)c1ccc2cc(cc(c2c1)[S](Cl)(=O)=O)[S](Cl)(=O)=O,c1ccccc1,293.15,-1.755138507,-2.78198504447937
CCOCN1C(=O)c2ccccc2C1=O,c1ccccc1,298.15,-2.914264861,-0.227311372756958
C[C@H](O)[C@H](NC(=O)c1ccccc1)C(O)=O,c1ccccc1,298.15,-0.649780609,-2.0583336353302
CCCCCCCCCCCCCCCC(O)=O,c1ccccc1,293.15,-0.603140172,0.0254940427839756
CCCCC(N)=O,c1ccccc1,293.15,-1.354883018,-0.5131586790084839
OC(=O)CC1OC(OC1=O)C(Cl)(Cl)Cl,c1ccccc1,293.15,-0.94359673,-0.15938830375671387
OC(C(O)=O)c1ccccc1,c1ccccc1,292.15,-2.309533129,-0.6410807967185974
O=C1CCCCCN1,c1ccccc1,295.15,0.56215473,0.5472057461738586
CCc1c(Cl)c(Cl)c(Cl)c(Cl)c1Cl,c1ccccc1,295.25,0.720043321,0.2389523684978485
Oc1c(cccc1[N+]([O-])=O)[N+]([O-])=O,c1ccccc1,287.15,0.205061347,-0.8936287760734558
Cc1ccc(Nc2[nH]c3ccc(C)cc3n2)cc1,c1ccccc1,288.15,-2.432800953,-2.050050973892212
OC(=O)CCCC(O)=O,c1ccccc1,298.15,-2.966263706,-2.4478704929351807
c1ccc(cc1)\C=C\C=C\c2ccccc2,c1ccccc1,292.15,-0.493942012,0.687303364276886
c1ccc(cc1)C(c2ccccc2)=C(c3ccccc3)c4ccccc4,c1ccccc1,293.15,-0.840478568,-0.32730984687805176
O=N(=O)/C(N(=O)=O)=S/1CCCC1,c1ccccc1,293.15,-3.39725362,0.45113852620124817
Cc1c2ccccc2c(C)c3ccccc13,c1ccccc1,293.15,-0.852073862,0.23314140737056732
c1ccc2C3C4c5ccccc5C(C(c2c1)c6ccccc36)c7ccccc47,c1ccccc1,298.15,-2.552019331,-0.5185418128967285
COc1cc2OC[C@H]3Oc4c5C[C@@H](Oc5ccc4C(=O)[C@H]3c2cc1OC)C(C)=C,c1ccccc1,293.15,-0.666544407,-0.9976850152015686
CCCC(=CC(O)=O)c1ccccc1,c1ccccc1,295.15,0.426625697,0.13326123356819153
CCc1cc(O)ccc1N=Nc2ccc(cc2)C(C)=O,c1ccccc1,303.15,-0.647291755,-0.8412997126579285
C[C@]12CCC(=O)C=C1CC[C@H]3[C@@H]4CC[C@](O)(C(=O)CO)[C@@]4(C)C[C@H](O)[C@H]23,c1ccccc1,298.15,-3.445323923,-2.078171968460083
CCc1ccc(cc1)C(=O)c2ccccc2C(O)=O,c1ccccc1,302.77,-0.912776034,-1.1805634498596191
COc1ccc2[C@H](OC(=O)c2c1OC)[C@@H]3N(C)CCc4cc5OCOc5cc34,c1ccccc1,288.15,-0.892961108,-1.1644856929779053
CCOC(=O)C(=NNc1ccccc1OC)C#N,c1ccccc1,291.15,-0.94009421,-1.5192574262619019
C\C=C(\C)C(N)=O,c1ccccc1,293.15,-1.522233474,-0.5187902450561523
C\C=C(/C)C(N)=O,c1ccccc1,293.15,-0.907584355,-0.5187901258468628
[O-][N+](=O)c1ccc(CCl)cc1,c1ccccc1,303.15,-0.421566245,0.21944017708301544
O[C@@H]([C@@H]1C[C@@H]2CCN1C[C@@H]2C=C)c3ccnc4ccccc34,c1ccccc1,298.15,-2.423217846,0.7206814289093018
[O-][N+](=O)c1ccccc1C(=O)N=[N+]=[N-],c1ccccc1,293.15,-0.261918872,-1.334073543548584
C=CC(=O)Nc1cc(F)c(Br)c(F)c1,c1ccccc1,296.34,-2.105104492,-1.8602274656295776
[O-][N+](=O)c1ccccc1\C=C\C(=O)c2ccccc2,c1ccccc1,293.15,-0.835359734,-0.05303163081407547
CN(C)C(=S)SSC(=S)N(C)C,c1ccccc1,303.15,-0.701577016,0.27161264419555664
Cc1ccc(cc1)N(c2ccc(C)cc2)c3cccc(C)c3,c1ccccc1,289.15,-0.232009418,0.06814645230770111
N#CSCCSC#N,c1ccccc1,290.15,-0.840965168,0.2836429178714752
CCCC(CCC)(C(=O)NO)C1CCCCC1,c1ccccc1,299.15,-0.638280143,-0.06914497911930084
COc1ccc2nccc([C@H](O)[C@H]3C[C@@H]4CCN3C[C@@H]4C=C)c2c1,c1ccccc1,298.15,-1.435382236,-0.3767683804035187
CC(=O)OC[C@H]1O[C@@H](OC(C)=O)[C@H](OC(C)=O)[C@@H](OC(C)=O)[C@@H]1OC(C)=O,c1ccccc1,298.15,-0.497994303,-0.8248066306114197
Cc1cccc(c1)N=Nc2ccc(O)cc2,c1ccccc1,303.15,-0.892983945,-0.5322610139846802
CCCCCCCC(N)=O,c1ccccc1,293.15,-1.523330774,0.33438539505004883
Cc1cccc(n1)C(O)=O,c1ccccc1,293.15,-1.095765126,-2.454991340637207
OC(=O)c1cccc(Cl)c1,c1ccccc1,288.15,-1.375161842,-1.010768175125122
Oc1ccc(Cc2ccccc2O)cc1,c1ccccc1,298.15,-1.404797714,-0.776287853717804
OC(=O)CCCC(=O)NNC(=O)c1ccccc1,c1ccccc1,298.15,-1.522914612,-2.499929428100586
CCOC(=O)c1ccc(C)cc1NC(C)=O,c1ccccc1,293.15,0.313612393,-1.2230039834976196
CCCCC(C(O)=O)C(O)=O,c1ccccc1,298.15,-2.618624393,-2.151731014251709
N#CC(=NNc1ccccc1)C#N,c1ccccc1,298.15,-0.310699476,-1.5799827575683594
Clc1nc(Cl)nc(Cl)n1,c1ccccc1,298.15,-0.044531471,-0.6202632188796997
Oc1ccc(cc1)C=C2CCCC(=Cc3ccc(O)cc3)C2=O,c1ccccc1,292.15,-3.486233478,-1.4859980344772339
COc1cc2OC[C@H]3Oc4c(CCC(C)C)c(O)ccc4C(=O)[C@H]3c2cc1OC,c1ccccc1,298.15,-1.99832038,-1.3548624515533447
N#CSC=CSC#N,c1ccccc1,290.15,-0.698070007,0.20748202502727509
Oc1ccc(cc1)N=Nc2ccc(Cl)cc2,c1ccccc1,303.15,-0.876459712,-1.2060422897338867
Oc1ccccc1Cc2ccccc2O,c1ccccc1,298.15,-0.840526284,-0.3390735387802124
O=C\1C=Cc2ccccc2C1=N/Nc3ccccc3,c1ccccc1,298.0,-0.781209421,-1.6063817739486694
OC(=O)c1ccc(Cl)cc1Nc2ccccc2,c1ccccc1,289.15,-1.615741442,-1.9063153266906738
CCCC/C=C/C(N)=O,c1ccccc1,293.15,-1.656785224,-1.0493119955062866
CCCC\C=C/C(N)=O,c1ccccc1,293.15,-0.066068749,-1.049311876296997
Clc1ccc(cc1)C(=O)OC(=O)c2ccc(Cl)cc2,c1ccccc1,303.15,-1.589187993,-0.8281419277191162
CC\C=C/C(N)=O,c1ccccc1,293.15,-0.484338481,-1.1081922054290771
CC\C=C\C(N)=O,c1ccccc1,293.15,-1.907584355,-1.1081926822662354
O=C(C=[P](c1ccccc1)(c2ccccc2)c3ccccc3)c4ccccc4,c1ccccc1,299.15,-0.718962843,-0.22216279804706573
Cc1cc(C)c(O)c(c1)N=Nc2ccc(cc2)C(C)=O,c1ccccc1,303.15,-0.41352337,-0.8174429535865784
COc1c(c(cc(c1[N+]([O-])=O)[N+]([O-])=O)[N+]([O-])=O)[N+]([O-])=O,c1ccccc1,302.15,-1.326752675,-1.3169748783111572
C1c2ccccc2c3ccccc13,c1ccccc1,297.98999999999995,0.149132746,0.751554548740387
O=C1CCCCCCCCCCCCCCN1,c1ccccc1,295.15,0.143056052,0.41800451278686523
Cc1ccc(O)c(c1)N=Nc2ccccc2,c1ccccc1,303.15,-0.076849601,-0.14913968741893768
COCN1C(=O)c2ccccc2C1=O,c1ccccc1,298.15,-0.36063907,-0.4788064956665039
CCC[C@H]1CC2=C(C[C@@H](CC)CC3=C1C(=O)OC3=O)C(=O)OC2=O,c1ccccc1,293.15,-0.64653834,-0.11005063354969025
CC(=O)c1cccc(c1)N=Nc2cc(ccc2O)c3ccccc3,c1ccccc1,303.15,-0.771634878,-1.3535195589065552
BrC(c1ccccc1)(c2ccccc2)c3ccccc3,c1ccccc1,298.15,0.029586852,-0.45871657133102417
COc1cc(c(c(c1OC)[N+]([O-])=O)[N+]([O-])=O)[N+]([O-])=O,c1ccccc1,291.15,-0.917901574,-1.3362095355987549
NC(=O)C(O)c1cccc(Cl)c1,c1ccccc1,295.15,-2.946382076,-1.9464821815490723
O=C1CCCCCCCCCCCCN1,c1ccccc1,295.15,-1.329362948,0.6071161031723022
OC(=O)CC(O)=O,c1ccccc1,298.15,-3.928660027,-1.611140489578247
CC2(C)COP(=O)(NCCNP1(=O)OCC(C)(C)CO1)OC2,c1ccccc1,298.14,-3.150861982,-2.054814100265503
O/N=C(/c1ccccc1)C(=O)c2ccccc2,c1ccccc1,306.65,-0.194327676,-1.7535088062286377
CCCCCCCCCCC(C)(C)C(=O)NO,c1ccccc1,299.15,-1.999982157,-0.11546941846609116
c1ccc2C#CC#Cc3ccccc3C#CC#Cc2c1,c1ccccc1,293.15,-1.616797483,-1.5148686170578003
O=C(OCC(C)C)[C@@H](O)[C@H](O)C(=O)OCC(C)C,c1ccccc1,293.15,-0.24585023,-1.1960862874984741
O=C(c1ccccc1)c2cccc3c(cccc23)C(=O)c4ccccc4,c1ccccc1,298.15,-1.429002933,-0.5964568853378296
CCOC(=O)C(=NNc1cccc(Br)c1)C#N,c1ccccc1,288.15,-1.607385594,-1.715275764465332
C1C2CC3CC1CC(C2)C3,c1ccccc1,293.15,-0.83006313,0.9131685495376587
COc1ccc2C[C@@H]3[C@@H]4C=C[C@H](O)[C@@H]5Oc1c2[C@]45CCN3C,c1ccccc1,298.15,-0.476208277,-1.7169959545135498
CCCCCC(CC)=NNC(N)=O,c1ccccc1,293.15,-0.469843114,-0.4639301300048828
Oc1c(cc(cc1[N+]([O-])=O)[N+]([O-])=O)[N+]([O-])=O,c1ccccc1,295.54999999999995,-0.482089511,-1.2067222595214844
Cl[P](Cl)(Cl)=N[S](=O)(=O)c1ccc2ccccc2c1,c1ccccc1,292.15,-0.778874472,-1.400396466255188
C[P](=O)(c1ccccc1)c2ccccc2,c1ccccc1,298.12,-0.17839989,-0.1805952787399292
Cl[P]1(=N[P](=N[P](=N[P](=N1)(Cl)Cl)(Cl)Cl)(Cl)Cl)Cl,c1ccccc1,293.15,-0.392769265,-0.7034580707550049
C\C(=C/C(O)=O)c1ccccc1,c1ccccc1,294.15,0.015786616,-0.2640933692455292
C\C(=C\C(O)=O)c1ccccc1,c1ccccc1,294.15,-0.372644955,-0.26409339904785156
CC1(C)C2CC[C@@]1(C)C(=O)\C2=C(/O)c3ccccc3,c1ccccc1,290.15,0.105388087,-0.9991687536239624
c1ccc(cc1)\C=C\c2ccccc2,c1ccccc1,292.15,-0.246766311,0.7861416935920715
[N-]=[N+]=NC(=O)c1ccccc1,c1ccccc1,293.15,0.774785161,-0.700215756893158
CCCC(=O)NNC(=O)CCCC(=O)O,c1ccccc1,298.15,-2.30102397,-2.7513985633850098
Cc1ccc(cc1)N=Nc2ccc(O)cc2,c1ccccc1,303.15,-0.907224384,-0.908637523651123
CCCCCCCCCCCC(O)=O,c1ccccc1,298.15,0.910290571,0.6864258050918579
Cc1cccc(C=NNc2ccc(cc2[N+]([O-])=O)[N+]([O-])=O)c1,c1ccccc1,293.15,-2.295674141,-1.9430783987045288
CCCCCCC=CC(N)=O,c1ccccc1,293.15,0.512299784,-0.09810097515583038
Oc1ccc(cc1)C(O)(c2ccccc2)c3ccccc3,c1ccccc1,293.15,-1.61750544,-1.4412354230880737
CCCCCCCCCCCCCCCCCC(O)=O,c1ccccc1,293.15,-1.131340971,-0.2057967334985733
CCCCCCCCC(C(O)=O)C(O)=O,c1ccccc1,298.15,-3.271932299,-1.9208097457885742
Clc1ccc2c3ccccc3C(=O)c4cccc1c24,c1ccccc1,293.15,-1.360352472,-0.9545902013778687
O=C1C[C@@H]2OCC=C3CN4CC[C@@]56[C@@H]4C[C@@H]3[C@@H]2[C@@H]5N1c7ccccc67,c1ccccc1,298.15,-1.700971947,-1.5552499294281006
O=C(c1ccccc1)c2cccc3cccc(C(=O)c4ccccc4)c23,c1ccccc1,298.15,-1.057741262,-0.5939249992370605
[O-][N+](=O)c1ccc2c(Cc3cc(Br)ccc23)c1,c1ccccc1,291.15,-2.025217553,-1.2083048820495605
CC1(C)Oc2ccc3C=CC(=O)Oc3c2C=C1,c1ccccc1,291.15,-0.009360791,-0.15346479415893555
CCCCCCCCCCCCC(=O)CCCCC(O)=O,c1ccccc1,298.15,-1.599833602,-0.09845724701881409
COc1ccc2C[C@@H]3[C@@H]4CC[C@H](O)[C@@H]5Oc1c2[C@]45CCN3C,c1ccccc1,293.15,-0.349532325,-1.808290958404541
Cc1cc(O)cc(O)c1C,c1ccccc1,298.04999999999995,-1.622435042,-1.2925310134887695
Nc1ccc2c(Cc3cc(Br)ccc23)c1,c1ccccc1,291.15,-1.016759388,-1.9755939245224
CN1[C@@H]2CC[C@H]1CC(C2)OC(=O)C(CO)c3ccccc3,c1ccccc1,288.15,-0.554508694,-0.5863345861434937
CC(=O)Oc1ccc(OC(C)=O)c2C(=O)c3ccccc3C(=O)c12,c1ccccc1,298.15,-1.723331411,-0.8170395493507385
Cc1ccc(cc1[N+]([O-])=O)[N+]([O-])=O,c1ccccc1,288.15,0.464896151,-0.4920603632926941
CCOC(=O)\C=C(/C)NC(C)=O,c1ccccc1,291.15,-0.035717002,-1.1404681205749512
CCOC(=O)/C=C(/C)NC(C)=O,c1ccccc1,293.15,0.371768325,-1.1030826568603516
CCOC(=O)C(=NNc1ccc2ccccc2c1)C#N,c1ccccc1,290.15,-0.773764165,-1.81899094581604
O=C1CCc2cc(OCCCCc3nnnn3C4CCCCC4)ccc2N1,c1ccccc1,298.15,-2.961194289,-2.1508071422576904
CCOC(=O)C(=NNc1ccc(cc1)[N+]([O-])=O)C#N,c1ccccc1,291.15,-1.768599812,-2.0910346508026123
Oc1cccc(c1)[N+]([O-])=O,c1ccccc1,298.15,-0.748909792,-0.19616806507110596
c1ccc(cc1)[C@]2(c3c(cccc3)[C@](c4c2cccc4)(O)c5ccccc5)O,c1ccccc1,290.15,-2.08450955,-1.4353817701339722
Cn1cnc2N(C)C(=O)N(C)C(=O)c12,c1ccccc1,298.15,-1.279463121,-1.5196093320846558
CC(=O)Nc1ccc(O)cc1,c1ccccc1,298.15,-1.908809846,-2.1962571144104004
Cc5ccc(N(/C(=N/c1ccccc1)Nc2ccccc2)c4nc3cc(C)ccc3[nH]4)cc5,c1ccccc1,288.15,-1.789426964,-1.7485601902008057
OC(C(O)=O)c1cccc(Cl)c1,c1ccccc1,295.15,-1.837930711,-1.093185544013977
C\C(=N/Oc1c(cc(cc1[N+]([O-])=O)[N+]([O-])=O)[N+]([O-])=O)c2ccccc2,c1ccccc1,298.15,-0.211017704,-1.3636696338653564
[O-][N+](=O)c1ccc(NN=Cc2ccc(Br)cc2)c(c1)[N+]([O-])=O,c1ccccc1,293.15,-3.164522971,-2.203544855117798
OC(=O)c1ccccn1,c1ccccc1,303.15,-1.488236868,-0.7403351068496704
CC(=O)[C@H]1C[C@@H](CC(O)=O)C1(C)C,c1ccccc1,293.15,0.685732139,-0.9922834038734436
OC(=O)c1ccccc1[N+]([O-])=O,c1ccccc1,298.15,-1.78259426,-0.4527515769004822
CC(C)(CO)CO,c1ccccc1,306.65,-0.568645966,0.22391211986541748
CSCC12CSCC(C1)C(=CC2=O)C,c1ccccc1,293.15,0.233182798,0.5970036387443542
COc1ccc(c(O)c1)C(=O)c2ccc(OC)cc2O,c1ccccc1,298.15,-0.779675607,-2.915761947631836
Cc1ccc(cc1)C(=O)C=Cc2ccccc2,c1ccccc1,294.15,0.34222424,0.022140923887491226
OOC(=O)c1ccc(Cl)cc1,c1ccccc1,293.15,-0.908580662,-1.9326143264770508
CC\C(=C/C(O)=O)c1ccccc1,c1ccccc1,293.15,0.344821243,-0.15782052278518677
CC\C(=C\C(O)=O)c1ccccc1,c1ccccc1,293.15,0.028899692,-0.15782016515731812
c1ccc(cc1)c2cc(cc(c2)c3ccccc3)c4ccccc4,c1ccccc1,293.15,-0.286505123,-0.477300763130188
CCCCC(CCCC)(CCCC)C(=O)NO,c1ccccc1,299.15,-1.119177956,-0.10768856108188629
c1ccc2c(c1)c3c4cccc5cccc(c45)c6c7ccccc7c8c9cccc%10cccc(c9%10)c2c8c36,c1ccccc1,293.15,-1.408933126,-1.608060598373413
N#C/C(c1ccccc1)=N(=O)/c2cccc(Cl)c2,c1ccccc1,292.15,-0.774933372,-0.5314784646034241
CCCCCCCCCCCCCC(O)=O,c1ccccc1,293.15,0.049238397,0.28802525997161865
OC(=O)c1ccc(Br)cc1,c1ccccc1,293.15,-2.769211002,-1.485022783279419
[O-][N+](=O)c1ccc(N/N=C/c2ccc(I)cc2)c(c1)[N+]([O-])=O,c1ccccc1,293.15,-3.035264331,-2.418006658554077
[O-][N+](=O)c1cc(cc(c1)[N+]([O-])=O)[N+]([O-])=O,c1ccccc1,290.15,-0.595103096,-0.7039289474487305
Cl[P]1(=N[P](=N[P](=N1)(Cl)Cl)(Cl)Cl)Cl,c1ccccc1,293.15,-0.108690891,-0.6041220426559448
CCCCCCCC\C=C/C(N)=O,c1ccccc1,293.15,-0.175447737,0.4450291693210602
CCCCCCCC/C=C/C(N)=O,c1ccccc1,293.15,-1.843522888,0.44502902030944824
[O-][N+](=O)c1ccc(Oc2c(cc(cc2[N+]([O-])=O)[N+]([O-])=O)[N+]([O-])=O)c(c1)[N+]([O-])=O,c1ccccc1,296.15,-1.930035861,-2.013087749481201
COC1=C(C)C(=O)C=C2OC(=CC=C12)c3ccccc3,c1ccccc1,291.15,-1.881296599,-0.7016485929489136
OC(=O)C(O)(CCl)c1ccccc1,c1ccccc1,291.15,-1.770899639,-0.6896755695343018
OC(=O)[C@@H]1c2ccccc2[C@@H](C(=O)c3ccccc3)c4ccccc14,c1ccccc1,293.15,-1.641298242,-2.3233726024627686
[O-][N+](=O)c1ccc(Nc2ccc(cc2[N+]([O-])=O)[N+]([O-])=O)c(c1)[N+]([O-])=O,c1ccccc1,288.15,-2.095440049,-2.500474214553833
CCOC(=O)c1ccc(NC(C)=O)cc1C,c1ccccc1,293.15,-0.703420946,-1.198710322380066
[nH]1c2ccccc2c3ccccc13,c1ccccc1,288.65,-1.435660101,-1.048712968826294
Cc1cc(C)cc(c1)C(O)=O,c1ccccc1,293.15,-0.862736204,-1.2657554149627686
[O-][N+](=O)OCCN(c1c(cc(cc1[N+]([O-])=O)[N+]([O-])=O)[N+]([O-])=O)[N+]([O-])=O,c1ccccc1,298.15,-1.771309128,-1.9752583503723145
CN(C)c1ccc(cc1)C(=Nc2ccc(N)cc2)c3ccc(cc3)N(C)C,c1ccccc1,293.15,-1.364140502,-0.8176900148391724
Oc1ccc(cc1Cl)N=Nc2ccccc2,c1ccccc1,303.15,-0.063451727,-0.30766206979751587
C(C=CC=CC=Cc1ccccc1)=CC=CC=Cc2ccccc2,c1ccccc1,292.15,-3.713825025,-0.0623762384057045
C[C@]12CC[C@H]3[C@@H](CCc4cc(OC(=O)c5ccccc5)ccc34)[C@@H]1CC[C@@H]2O,c1ccccc1,293.15,-1.098639112,-0.7588640451431274
Cc1ncc(n1CCO)[N+]([O-])=O,c1ccccc1,298.15,-0.187076494,-1.6470746994018555
Cc1cc2C(=O)c3ccccc3c4c2c(c1)c5cc(C)cc6C(=O)c7ccccc7c4c56,c1ccccc1,296.15,-3.334529936,-1.3304225206375122
CC1(C)[C@H]2CC[C@]1(C)C(=O)OC2=O,c1ccccc1,293.15,-0.52151522,1.1847485303878784
CCc1ccc(O)cc1O,c1ccccc1,298.04999999999995,-1.138024757,-0.6581945419311523
C1N2CN3CN1CN(C2)C3,c1ccccc1,293.15,-1.842478898,-1.2443323135375977
N#C/C(c1ccccc1)=N(=O)/c2ccccc2Cl,c1ccccc1,292.15,-0.537254369,-0.6470857858657837
OC(=O)c1cccc(Br)c1,c1ccccc1,293.15,-1.129002803,-1.2761847972869873
COc1ccccc1N=Nc2ccc(O)cc2,c1ccccc1,303.15,-1.374513995,-0.6030164957046509
CC(=O)c1ccc(cc1)N=Nc2cc(Cl)ccc2O,c1ccccc1,303.15,-1.088125655,-1.8026978969573975
OC(=O)c1cc(cc(c1)[N+]([O-])=O)[N+]([O-])=O,c1ccccc1,298.15,-2.369076072,-1.1968152523040771
OC(=O)\C=C/C(O)=O,c1ccccc1,298.15,-2.742015861,-2.4823455810546875
c1ccc2c(c1)ccc3c4ccccc4ccc23,c1ccccc1,293.15,-1.769556786,-0.07006275653839111
[O-][N+](=O)c1ccc(/C=C/C(=O)c2ccccc2)cc1,c1ccccc1,299.15,-1.251793355,-0.47913116216659546
COc1ccc(cc1)N=Nc2ccc(O)cc2,c1ccccc1,303.15,-1.095760394,-1.184492588043213
CCCCc1ccc(cc1)\C(=N\Nc2ccc(C)cc2)C(O)=O,c1ccccc1,293.15,-0.508019325,-0.8101118803024292
N1c2ccccc2Sc3ccccc13,c1ccccc1,293.15,-0.812316622,-0.7959660291671753
OC(=O)CCCCCC(O)=O,c1ccccc1,298.15,-2.963223993,-2.274026393890381
CN1C(=O)CC(C1=O)c2ccccc2,c1ccccc1,298.15,0.665550839,-0.134632408618927
C=CCC1(C(=O)NC(=O)NC1=O)c2ccccc2,c1ccccc1,293.15,-2.126571704,-2.650186061859131
OC(=O)c1ccccc1,c1ccccc1,298.15,-0.12610793,-0.1369534134864807
Oc1cccc(O)c1O,c1ccccc1,298.15,-2.237086256,-0.7618778944015503
Cc1cc(C)c(CC(C)(C)C(=O)NO)c(C)c1,c1ccccc1,299.15,-1.657591748,-1.4086506366729736
O=C1CCCCCCCCCN1,c1ccccc1,295.15,-1.076283953,0.8360729813575745
O=C(c1ccccc1)C(=O)c2ccccc2,c1ccccc1,298.15,0.390657296,0.19951121509075165
[O-][N+](c1ccccc1)=C(C#N)c2ccccc2,c1ccccc1,294.15,-0.498644836,-0.35637354850769043
CN(C)c1ccc(cc1)C(=NC(=O)c2ccccc2)c3ccc(cc3)N(C)C,c1ccccc1,289.15,-1.603796042,-1.046023964881897
OC(C=CC(O)(c1ccccc1)c2ccccc2)(c3ccccc3)c4ccccc4,c1ccccc1,297.15,-3.398479204,-0.8394601941108704
CCCCCCCCCCCCCC(=O)NO,c1ccccc1,299.15,-1.15490196,0.12722371518611908
Nc1cccc(c1)[N+]([O-])=O,c1ccccc1,298.15,-0.807836975,-1.2737802267074585
C[C@H]1[C@@H]2CC[C@@]3(C)C=CC(=O)C(=C3[C@H]2OC1=O)C,c1ccccc1,293.15,-0.730469196,-0.039660125970840454
c1ccc(cc1)c2ccc(cc2)c3ccccc3,c1ccccc1,293.15,-1.244122266,0.17106202244758606
[O-][N+](=O)c1cc(c(c(c1)[N+]([O-])=O)[N+]([O-])=O)[N+]([O-])=O,c1ccccc1,296.15,-1.109455147,-0.9993183612823486
CN(C)C(=O)Nc1ccc(Cl)c(Cl)c1,c1ccccc1,298.15,-2.499875251,-1.0001002550125122
CCc1c(N=Nc2ccccc2O)c(O)cc(C)c1c3ccccc3,c1ccccc1,303.15,0.477141134,-0.4764947295188904
OC(=O)c1ccc(Cl)cc1,c1ccccc1,293.15,-2.470429908,-1.1874990463256836
OC(=O)c1ccccc1Br,c1ccccc1,293.15,-1.265213368,-1.087314486503601
O=C1CCCCN1,c1ccccc1,295.15,0.90774067,0.030599579215049744
CCOC(=O)C(=NNc1ccccc1[N+]([O-])=O)C#N,c1ccccc1,291.15,-0.498903775,-1.5569971799850464
c1(ccc(cc1)/C(=C\C(=O)O)/C)C,c1ccccc1,293.15,-0.231656761,-1.084409475326538
O=C1CCCCCCCN1,c1ccccc1,295.15,0.365336625,0.8008058071136475
C1c2ccccc2c3c1c4c(Cc5ccccc45)c6c3Cc7ccccc67,c1ccccc1,293.15,-2.978281988,-0.8782956004142761
OC(=O)c1ccccc1O,c1ccccc1,298.15,-1.307759578,-0.9142390489578247
OC(=O)c1ccccc1C(=O)c2ccc(O)cc2,c1ccccc1,294.15,-3.301444352,-2.7215254306793213
O=C1c2ccccc2c3ccccc13,c1ccccc1,296.15,0.519243772,0.5086203813552856
CCOc1ccc2nc3cc(ccc3c(Cl)c2c1)[N+]([O-])=O,c1ccccc1,293.15,-1.70288556,-0.9414836764335632
OCCSCCO,c1ccccc1,298.15,-1.115140672,-1.1730049848556519
CN(C)c1ccc(cc1)c2ccc(cc2)N(C)C,c1ccccc1,291.15,-1.079810517,0.07892763614654541
Oc1ccc(cc1)C=C2CCC(=Cc3ccc(O)cc3)C2=O,c1ccccc1,293.15,-3.465879329,-1.9227416515350342
CCCCCCCC(C(O)=O)C(O)=O,c1ccccc1,298.15,-2.401017236,-1.9364299774169922
OC(=O)c1cc(nc2ccccc12)c3ccccc3,c1ccccc1,294.15,-3.030918291,-1.8590471744537354
Clc1ccc(cc1)C(c2ccc(Cl)cc2)C(Cl)(Cl)Cl,c1ccccc1,303.15,0.322319043,-0.355304092168808
Fc1ccc(cc1)C(CCCN2CCC(CC2)N3C(=O)Nc4ccccc34)c5ccc(F)cc5,c1ccccc1,298.15,-2.141130509,-0.9997015595436096
Cc1c(cc(c(O)c1[N+]([O-])=O)[N+]([O-])=O)[N+]([O-])=O,c1ccccc1,290.15,-0.313006034,-1.0930507183074951
OC(=O)c1c2ccccc2c(c3ccccc3)c4c(c5ccccc5)c6ccccc6c(c7ccccc7)c14,c1ccccc1,293.15,-3.523396116,-2.0402066707611084
Cl[S](=O)(=O)c1ccc2c(c1)cc(cc2[S](Cl)(=O)=O)[S](Cl)(=O)=O,c1ccccc1,293.15,-0.654767962,-2.781984806060791
Cc1ccc(C)c(c1[N+]([O-])=O)[N+]([O-])=O,c1ccccc1,288.15,-0.116525836,-0.127133309841156
OC(=O)C=Cc1occc1,c1ccccc1,297.98999999999995,-1.005719859,-1.2651987075805664
c1ccc2c(c1)cccc2c3cccc4ccccc34,c1ccccc1,293.15,-0.568637943,-0.09910844266414642
C(C=CC=Cc1ccccc1)=CC=Cc2ccccc2,c1ccccc1,292.15,-2.333049073,0.3075191080570221
CC(C(O)=O)C(O)=O,c1ccccc1,298.15,-3.652584084,-2.0239980220794678
Cc1cc(c(C)c(c1[N+]([O-])=O)[N+]([O-])=O)[N+]([O-])=O,c1ccccc1,288.15,-0.984365267,-0.8759973645210266
C1=C(C(=CC2=C1OCCC2(C(=O)C3=CC=C4C(=C3O[H])C[C@@H](O4)C(C)C)[H])OC)OC,c1ccccc1,298.15,-0.407255773,-1.3552411794662476
Cc1ccc(cc1)[N+]([O-])=O,c1ccccc1,288.15,0.91133309,0.27382323145866394
CCCCc1c(O)cc(C)cc1O,c1ccccc1,298.04999999999995,-1.026130102,0.6545805335044861
Oc1ccccc1C(=O)Oc2ccccc2,c1ccccc1,303.15,0.558928709,-0.8297839760780334
CCC(C)C1(CC)C(=O)NC(=O)NC1=O,c1ccccc1,293.15,-2.162492797,-1.5614118576049805
COC(C)C(NC(=O)c1ccccc1)C(O)=O,c1ccccc1,298.15,-0.445796448,-2.0168635845184326
Cc1c(O)cccc1O,c1ccccc1,298.04999999999995,-1.144457574,-0.3469729423522949
c1ccc(cc1)c2ccccc2,c1ccccc1,298.15,0.732112358,0.6946799159049988
[O-][N+](=O)c1cccc2c1cccc2[N+]([O-])=O,c1ccccc1,289.15,-1.815363959,-1.5448333024978638
OC[P]1(=O)Oc2ccccc2c3ccccc13,c1ccccc1,300.67999999999995,-2.164161321,-1.2281948328018188
COc1ccc(cc1OC)C(=O)N2CCN(CC2)c3ccc4NC(=O)CCc4c3,c1ccccc1,298.15,-3.789551538,-2.5562362670898438
Cc1ccc2[nH]c(Nc3ccccc3)nc2c1,c1ccccc1,288.15,-2.327158636,-1.6548762321472168
Cc1ccccc1C(O)=O,c1ccccc1,294.25,-0.138627526,-0.13814659416675568
Cc1cc(cc(c1O)[N+]([O-])=O)[N+]([O-])=O,c1ccccc1,288.15,0.215501725,-0.9288822412490845
CN(C)c1ccc(cc1)C(=Nc2ccccc2N)c3ccc(cc3)N(C)C,c1ccccc1,290.15,-1.139498852,-0.8076045513153076
c1ccc2c(c1)c1CCN3C[C@@H]4CC[C@@H]([C@@H]([C@H]4C[C@H]3c1[nH]2)C(=O)O)O,CCO,289.65,-2.122892155,-2.0161452293395996
CN(C)c1ccc(cc1)N=C=Nc1ccc(cc1)N(C)C,CCO,294.15,-1.772342835,-1.200792908668518
C(c1c(c(cc(c1O)Cl)Cl)Cl)c1c(c(cc(c1O)Cl)Cl)Cl,CCO,293.15,0.089474843,-0.9982010126113892
c1ccc(cc1)C(c1ccccc1)(c1ccccc1)SCCC(=O)O,CCO,293.15,-2.110796646,-1.5598444938659668
c1cc2C(c3cc(cc(c3C(=O)c2c(c1)O)O)CO)C1[C@@H]([C@H]([C@@H]([C@@H](CO)O1)O)O)O,CCO,291.15,-1.445595972,-2.2349905967712402
CN(c1c(cc(cc1[N+](=O)[O-])[N+](=O)[O-])[N+](=O)[O-])[N+](=O)[O-],CCO,291.15,-1.83088487,-1.730055570602417
C[n+]1ccc2cc(c(cc2c1Cc1ccc(c(c1)OC)OC)OC)[O-],CCO,293.15,-1.416756969,-1.2772914171218872
CCCC(=O)NCCNC(=O)CCC,CCO,298.15,-0.164919184,0.6889075040817261
C=C(C)C1CC(=O)C(C)C(=O)C1,CCO,291.15,-0.277683685,0.22196362912654877
COc1ccc(c(c1)OC)N=Cc1ccc(cc1)c1ccccc1,CCO,295.15,-2.06048026,-1.816861629486084
CCOc1c(cc(cc1[N+](=O)[O-])[N+](=O)[O-])[N+](=O)[O-],CCO,288.15,-1.290243154,-1.8719193935394287
CC12SC3(C)SC(C)(S1)SC(C)(S2)S3,CCO,293.15,-0.711484813,-0.14198489487171173
Cc1cc(C)nc(n1)NS(=O)(=O)c1ccc(cc1)N,CCO,298.14,-3.681525248,-2.2060868740081787
c1c(cc(c(c1Cl)OP(=O)(O)Oc1c(cc(cc1Cl)Cl)Cl)Cl)Cl,CCO,298.15,-0.634478221,-0.7757115364074707
C[C@H]([C@@H](C(=O)O)N)O,CCO,298.15,-2.230886645,-2.886507987976074
C1=CC(=O)C=CC1=O,CCO,291.15,-0.528663663,-0.9976943731307983
C([C@@H]1[C@H]([C@@H]([C@@](CCl)(O1)O[C@@H]1[C@@H]([C@H]([C@H]([C@@H](CO)O1)Cl)O)O)O)O)Cl,CCO,298.14,-0.610212632,-0.5194172859191895
CCCCCCCCCCCCCCCC(=O)OC(CO)CO,CCO,298.15,-3.855481051,-1.4374024868011475
c1ccc(c(c1)/C=C/C(=O)O)[N+](=O)[O-],CCO,298.15,-1.969944603,-0.6463716626167297
C[C@H]1CC[C@@H](CC1)n1c2cnccc2c2cnc(Nc3ccc4CN(CCc4n3)C(=O)CO)nc12,CCO,293.15,-2.673538801,-2.7395853996276855
C(CCCC(=O)O)CCCC(=O)O,CCO,296.25,-0.032780167,-0.17657944560050964
COc1ccc(cc1)C(c1ccccc1)(C(c1ccccc1)(c1ccc(cc1)OC)O)O,CCO,298.15,-2.851780004,-1.818393349647522
c1cc2cc(cc(c2c(c1)[N+](=O)[O-])[N+](=O)[O-])[N+](=O)[O-],CCO,296.15,-2.757471948,-2.4545981884002686
c1ccc(cc1)P(=O)(c1ccccc1)O,CCO,298.06,-0.817557062,-0.6969550848007202
CCC(C)(CC)OC(=O)NC(=O)N,CCO,291.15,-1.325291914,-0.03202567994594574
CCC(=O)N(c1ccc(cc1)N(C)C)C(=O)Nc1ccc(cc1)N(C)C,CCO,293.15,-3.14716535,-1.4046545028686523
Cc1cc(C)c(c(C)c1)C(=O)C(C(c1ccccc1)c1ccccc1)Br,CCO,298.15,-2.279553947,-0.968193531036377
C(C(=O)NCC(=O)O)NC(=O)N,CCO,298.15,-2.940199207,-2.1457390785217285
CO[C@@H]1[C@@H]([C@H]([C@H]([C@@H](C(=O)O)O1)O)O)O,CCO,293.15,-0.36417146,-1.70798659324646
CC(=Cc1ccco1)C=NNC(=O)N,CCO,295.15,-2.071174513,-0.9836813807487488
c1ccc(cc1)OC(=O)NC(=O)N,CCO,293.15,-1.674740629,-1.3489733934402466
Cc1ccc(cc1)OP(=O)(Oc1ccc(C)cc1)Oc1ccc(C)cc1,CCO,298.15,-0.715024726,-0.15862762928009033
COc1ccc(cc1)c1cc(c2ccc(c(c2)OC)O)c(C#N)c(=O)[nH]1,CCO,298.14,-1.927672678,-1.8475102186203003
C(CCC(=O)O)CCNC(=O)N,CCO,298.15,-2.121462376,-1.4925990104675293
CC(C)COc1ccc(cc1C#N)c1nc(C)c(C(=O)O)s1,CCO,298.14,-1.519664904,-1.3164026737213135
c1cc(ccc1C=O)[N+](=O)[O-],CCO,299.15,-0.42481882,-0.20237943530082703
CC(=O)Nc1nnc(s1)S(=O)(=O)N,CCO,298.15,-1.752447265,-1.6005771160125732
CC(=O)O[C@H]1CC[C@@]2(C)C(=CC[C@H]3[C@@H]4CCC(=NNC(=O)N)[C@@]4(C)CC[C@H]23)C1,CCO,293.15,-2.287266367,-0.9358351230621338
c1ccc(cc1)C(=O)C(c1ccccc1)(c1ccccc1)c1ccccc1,CCO,292.15,-2.500740305,-0.5993043184280396
CCOC(=O)c1c(C)oc2cc3c(cc12)oc(C)c3C(=O)OCC,CCO,293.15,-3.823909179,-1.2898489236831665
COc1cc(ccc1O)c1cc(c2ccc(cc2)F)[nH]c(=O)c1C#N,CCO,298.14,-1.884503851,-1.7881029844284058
C([C@@H]([C@@H]1C(=C(C(=O)O1)O)O)O)O,CCO,298.14,-1.190535841,-1.0332531929016113
CCCCCCCC[C@H]([C@@H](CCCCCCCCCCCC(=O)O)[N+](=O)[O-])O,CCO,291.15,-0.338961823,-1.9221577644348145
CCCOC(=O)NC(=O)N,CCO,290.15,-1.28972567,-0.8710039854049683
CCCC(=O)O[C@H]1CC[C@@]2(C)C(=CC[C@H]3[C@@H]4CC[C@H]([C@H](C)CCCC(C)C)[C@@]4(C)CC[C@H]23)C1,CCO,293.15,-2.057621417,-2.2449135780334473
CCCCCCCCCCCCCCCC(=O)OCc1ccccc1,CCO,289.15,-1.124014873,-0.6806947588920593
C[C@@H](c1ccc2cc(ccc2c1)OC)C(=O)O,CCO,298.15,-0.270813985,-0.11159117519855499
CCCCS(=O)(=O)NNC(=O)C(c1ccccc1)(c1ccccc1)O,CCO,294.15,-0.298151846,-1.330560564994812
c1ccc(cc1)CC(C(=O)O)N,CCO,298.15,-2.579499754,-2.544332981109619
c1cc2c(cc1COC(=O)NC(=O)N)OCO2,CCO,289.65,-2.557397822,-2.109956741333008
C(C1C(C2C(O1)OC(C(Cl)(Cl)Cl)O2)O)O,CCO,293.15,-0.456474038,-0.6174246072769165
Cc1c(c(C(=O)C)c2c(c1O)[C@@]1(C)C(=CC(=O)C(C(=O)C)C1=O)O2)O,CCO,298.14,-3.042182953,-1.5891298055648804
c1ccc2c(c1)C(=O)NS2(=O)=O,CCO,295.65,-1.064624923,-0.8004507422447205
C=C[C@@H]1[C@@H]2CCNC(=O)C2=CO[C@H]1O[C@H]1[C@@H]([C@H]([C@@H]([C@@H](CO)O1)O)O)O,CCO,293.15,-1.403012021,-2.2281992435455322
c1cc(ccc1Cl)[N+](=O)[O-],CCO,290.15,-0.360673591,-0.38720956444740295
c1cc2c(c3CN[C@H]4c5cc6c(cc5C[C@H]([C@H]4c13)O)OCO6)OCO2,CCO,294.65,-1.823075118,-2.5612478256225586
c1ccc2c(c1)cccc2OP(=O)(Oc1cccc2ccccc12)Oc1cccc2ccccc12,CCO,298.15,-2.678033738,-1.3455991744995117
CCCCCCCCCCCCCCCC,CCO,298.2,-0.123006146,-0.5981692671775818
C(=C\c1ccco1)/C=N/NC(=O)N,CCO,295.15,-1.483907359,-1.2360219955444336
CCC(=O)NNC(=O)CC,CCO,293.15,0.15053329,0.2092442363500595
c1ccc(cc1)c1cccc(c1)N=Cc1ccc(cc1)[N+](=O)[O-],CCO,295.15,-1.917214297,-1.8628520965576172
c1cc(ccc1Cl)OP(=O)(Oc1ccc(cc1)Cl)Oc1ccc(cc1)Cl,CCO,298.15,-1.854937284,-2.4875431060791016
CN(C(=O)C(=O)N(C)[N+](=O)[O-])[N+](=O)[O-],CCO,293.15,-1.547635776,-1.4538013935089111
C=CC(C)(C)c1c(C[C@H]2C(=O)N[C@@H](C)C(=O)N2)c2cc(CC=C(C)C)cc(CC=C(C)C)c2[nH]1,CCO,296.15,-2.710068449,-1.4978140592575073
CCOC(=O)C(C)SC1=N/C(=C\c2ccccc2)/C(=O)N1c1ccccc1,CCO,293.15,-1.756386539,-0.8497567772865295
c1ccc(cc1)N(c1ccccc1)C(=O)N1CCCCC1,CCO,293.15,-0.814263086,-0.7862099409103394
CC(c1cccc(c1)C(=O)c1ccccc1)C(=O)O,CCO,298.15,0.557583436,-0.12249702960252762
c1(c(c(Cl)nc(c1Cl)Cl)Cl)Cl,CCO,297.15,-1.857437968,-0.942055344581604
c1ccc(c(c1)N)[N+](=O)[O-],CCO,298.15,0.202103636,-0.39133524894714355
CC1CCC(CC1)C(C)(C)OC(=O)NC(=O)N,CCO,290.15,-2.129113171,0.16643492877483368
C(#N)/C(=C(\C#N)/N)/N,CCO,298.15,-0.477535246,-0.5608713626861572
C(C1C(=O)NC(=O)N1)C(=O)O,CCO,298.15,-1.850860257,-1.8605501651763916
CCCCCCCCCCOC(=O)NC(=O)N,CCO,293.84999999999997,-2.542885865,0.14880803227424622
c1ccc(cc1)c1cccc(c1[N+](=O)[O-])O,CCO,298.15,-0.156767152,-0.3811259865760803
CC1(C)[C@@H]2CC[C@@]1(C)C(=O)C2,CCO,298.15,0.972403313,0.606695830821991
CCN(CC)CCOC(=O)c1ccc(cc1)NC(=O)/C=C\C(=O)O,CCO,288.15,-3.31785744,-1.7043383121490479
C([C@H]([C@H]([C@@H]([C@H](CS)O)O)O)O)O,CCO,293.15,-1.066742368,-1.6417490243911743
CCCCCCCCCCP(=O)(O)O,CCO,293.15,-0.522888515,-1.071617603302002
c1c(c(Cl)nc(c1Cl)Cl)Cl,CCO,297.95,-0.433878987,-0.2294565886259079
c1ccc(cc1)/N=N/c1ccc(cc1)Oc1nc(Cl)nc(Cl)n1,CCO,298.15,-2.31657923,-1.7492165565490723
C=C1CCC[C@]2(C)C[C@]3(C(=C(C)C(=O)O3)C[C@@H]12)O,CCO,298.19,-0.858778798,-0.2858905792236328
C([C@H]([C@H]([C@@H]([C@@H](CO)O)O)O)O)O,CCO,298.15,-2.886123037,-2.467005968093872
c1ccc(cc1)COC(=O)NCCCCCC(=O)NCCCCCC(=O)NCCCCCC(=O)O,CCO,293.15,-1.753001822,-1.1228662729263306
Cc1cc(ccc1OCC(=O)Nc1ccccc1)Cl,CCO,298.15,-1.399099211,-0.6582803726196289
[C@@H]([C@H](C(=O)O)O)(C(=O)O)O,CCO,298.15,0.161805214,0.15635108947753906
CN(C)CC(=O)O,CCO,298.15,0.090993157,-1.18153977394104
c1ccc2c(c1)C=Cc1ccccc1N2C(=O)N,CCO,298.15,-1.101572489,-1.5190558433532715
C1=C(C(=O)C(=CC1=O)Br)Br,CCO,293.15,-1.248609112,-0.9374158382415771
c1ccc(cc1)c1c[nH]c(c2ccccc2)n1,CCO,298.15,-0.241601153,-0.5703153014183044
c1ccc(cc1)P(=O)(c1ccccc1)c1ccccc1,CCO,299.15,0.265996328,-0.4590144157409668
COc1c(cc(cc1[N+](=O)[O-])[N+](=O)[O-])[N+](=O)[O-],CCO,288.15,-1.11385346,-1.8001430034637451
CCCC(=O)O[C@@]1(CC[C@H]2[C@@H]3CCC4=CC(=O)CC[C@]4(C)[C@H]3[C@H](C[C@]12C)O)C(=O)COC(=O)CC,CCO,298.15,0.072203685,-0.381960928440094
CCCCCC(=O)O[C@H]1CC[C@@]2(C)C(=CC[C@H]3[C@@H]4CC[C@H]([C@H](C)CCCC(C)C)[C@@]4(C)CC[C@H]23)C1,CCO,293.15,-2.208446731,-2.394166946411133
c1ccc(cc1)c1ccc(cc1)Cl,CCO,298.15,-0.250254149,-0.7045106887817383
C=C(C)[C@@H]1CC[C@@]2(CC[C@]3(C)[C@H](CC[C@@H]4[C@@]5(C)CC[C@@H](C(C)(C)[C@@H]5CC[C@@]34C)O)[C@@H]12)CO,CCO,298.19,-2.813182486,-2.0321524143218994
CCCCC(=O)O[C@H]1CC[C@H]2[C@@H]3CCc4cc(ccc4[C@H]3CC[C@]12C)OC(=O)c1ccccc1,CCO,293.15,-1.663336191,-1.9106698036193848
c1cc(cc(c1)N=NC(=O)N)C(=O)N,CCO,288.15,-1.541361267,-2.068526029586792
CC(=O)Nc1ccccc1,CCO,293.15,0.225767129,0.09724144637584686
Cc1c(cc(c(C)c1[N+](=O)[O-])[N+](=O)[O-])[N+](=O)[O-],CCO,293.15,-2.791240668,-1.5543439388275146
CN1Cc2c(ccc3c2OCO3)[C@H]2[C@H](Cc3cc4c(cc3[C@@H]12)OCO4)O,CCO,296.15,-2.196053303,-1.5831706523895264
Cc1ccc2c(c1)nc(Nc1ccccc1)n2/C(=N\c1ccccc1)/Nc1ccccc1,CCO,288.15,-2.76918539,-2.092069625854492
c1ccc(cc1)N(c1ccccc1)c1ccc(cc1)/N=N/c1nc2ccc(cc2s1)N(=O)=O,CCO,298.15,-3.698977699,-2.7902421951293945
c1ccc(cc1)CCCOC(=O)NC(=O)N,CCO,289.65,-2.150930393,-1.2852842807769775
COc1ccccc1OCC(COC(=O)N)O,CCO,298.14,-1.13076721,-0.6315566897392273
COc1cc(ccc1O)c1cc(c2ccc(cc2)O)[nH]c(=O)c1C#N,CCO,298.14,-1.894535791,-1.8197414875030518
C(CCCCCCC(=O)O)CCCCCC1CCCC1,CCO,293.15,-1.175426029,-0.9778743982315063
COc1ccccc1NC(C(Cl)(Cl)Cl)Nc1ccccc1OC,CCO,298.15,-1.176880379,-1.1935354471206665
c1ccc2c(c1)c1cccc3cccc2c13,CCO,298.15,-1.030859923,-1.2725768089294434
CCCCCCCCCCCCCCC1CCC(=O)O1,CCO,298.15,-1.500602863,-0.7867939472198486
c1ccc(cc1)P(=S)(NN)NN,CCO,298.15,-1.630430753,0.1783301830291748
C([C@@H]([C@H]([C@@H](CO)O)O)O)O,CCO,298.27,-1.382822954,-1.5901795625686646
CC(C)Cc1ccc(cc1)C(C)C(=O)O,CCO,298.14,0.408240294,0.574974775314331
C=C(C)C1CCC(C)CC1OC(=O)NC(=O)N,CCO,290.15,-1.960801637,0.0550096333026886
CCC(CC)(Cc1ccc(C)cc1)C(=O)NO,CCO,299.15,7.38e-06,-0.706756591796875
c1ccc(cc1)C1SC(c2ccccc2)SC(c2ccccc2)S1,CCO,298.15,-3.064857195,-1.0183290243148804
COc1cc(C=CC(=O)CC(=O)C=Cc2ccc(cc2)O)ccc1O,CCO,293.15,-0.876166503,-1.7284626960754395
c1cc(ccc1c1coc2c(ccc(c2[C@H]2[C@@H]([C@H]([C@@H]([C@@H](CO)O2)O)O)O)O)c1=O)O,CCO,298.2,-0.637898744,-2.556819438934326
c1ccc2c(c1)c(c1cc(ccc1n2)F)N,CCO,293.15,-0.782730544,-1.1933925151824951
CCC(C)(C)OC(=O)NC(=O)N,CCO,288.65,-1.189895628,-0.12143661081790924
CCN(CC)CCNC(=O)c1ccc(cc1)NC(=O)CCC(=O)O,CCO,288.15,-2.037161485,-2.0800352096557617
C=CCNC(=O)N(c1ccccc1)c1ccccc1,CCO,293.15,-0.030876929,-0.16453635692596436
CCCC(CCC)(c1ccccc1)C(=O)NO,CCO,299.15,7.38e-06,-0.3698307275772095
c1cc(cc(c1)S(=O)(=O)N)S(=O)(=O)N,CCO,298.15,-1.29423285,-0.6196776628494263
CC(C)CCCC(C)[C@H]1CC[C@H]2[C@@H]3CC=C4C[C@H](CC[C@]4(C)[C@H]3CC[C@]12C)O,CCO,291.15,-1.242931359,-1.5517785549163818
CC(C)CCC[C@@H](C)[C@H]1CC[C@H]2[C@@H]3CC=C4C[C@H](CC[C@]4(C)[C@H]3CC[C@]12C)OC(=O)CC(C)C,CCO,293.15,-2.070758013,-2.338672161102295
CCCSc1ccc2c(c1)nc([nH]2)NC(=O)OC,CCO,298.15,-2.879728133,-2.18320894241333
c1cc2c(ccc(c2nc1)C(=O)O)[N+](=O)[O-],CCO,298.15,-2.356521808,-1.890122890472412
c1ccc(cc1)C(c1ccccc1)C(c1ccccc1)(c1ccccc1)O,CCO,292.15,-2.891425943,-1.9584282636642456
Cc1coc2c3ccc4c(CCCC4(C)C)c3C(=O)C(=O)c12,CCO,293.28999999999996,-2.530177734,-1.13271164894104
CCCCCCCCC/C=C/C(=O)N(c1ccc(cc1)N(C)C)C(=O)Nc1ccc(cc1)N(C)C,CCO,293.15,-2.440378684,-2.259349822998047
C(CCCCCNCCCCN)CCCCC(=O)O,CCO,293.15,-2.532166538,0.7284908890724182
c1c(cc(c(c1[N+](=O)[O-])N)[N+](=O)[O-])[N+](=O)[O-],CCO,292.65,-2.357119443,-1.315037488937378
COC(=O)NC(=O)N,CCO,290.15,-1.926092442,-1.4838324785232544
CCOc1ccc(c(c1)n1nc2ccccc2n1)NC(=O)C,CCO,298.15,-0.764203979,-0.8175022602081299
CCn1cc(c(=O)c2cc(c(nc12)N1CCNCC1)F)C(=O)O,CCO,298.15,-2.833490265,-2.966118097305298
C(CCCCCNCCCCCCCCN)CCCCC(=O)O,CCO,293.15,-2.17416425,0.32722270488739014
c1ccc(c(c1)C(=O)O)Cl,CCO,298.15,0.052120124,0.462228924036026
c1ccc(cc1)c1cc(=O)c2c(cc(c(c2O)O)O[C@H]2[C@@H]([C@H]([C@@H]([C@@H](C(=O)O)O2)O)O)O)o1,CCO,298.19,-2.484920005,-1.7647045850753784
C1CN2CCN1CC2,CCO,298.14,-0.798443109,0.5893628597259521
CC(=NNc1ccc(cc1[N+](=O)[O-])[N+](=O)[O-])c1ccccc1,CCO,298.15,-3.692187894,-2.3035378456115723
c1ccc(cc1)/C=C(\c1ccccc1)/C(=O)c1ccccc1,CCO,293.15,-1.374682678,-0.3673982620239258
c1ccc(c(c1)Cl)OP(=O)(O)Oc1ccccc1Cl,CCO,298.15,0.357035676,-0.6733056306838989
c1cc(c(cc1c1coc2cc(cc(c2c1=O)O)O)O)O,CCO,291.15,-0.901912418,-1.9023802280426025
c1cc(ccc1Cl)N1CC(=NC1=O)N1CCOCC1,CCO,293.15,-2.512234384,-1.489363193511963
c1cc(ccc1C(=O)OCC(CO)O)Br,CCO,299.15,-0.234013975,-0.21321319043636322
c1ccc(c(c1)[N+](=O)[O-])O,CCO,298.15,0.416638462,0.5858290195465088
CCOc1c2c(c(c(c1OCC)OCC)N)C(=O)OC2C1c2c(CCN1C)cc1c(c2OC)OCO1,CCO,293.15,-2.301506589,-1.861046552658081
C/C=C/C(=O)N(c1ccc(cc1)N(C)C)C(=O)Nc1ccc(cc1)N(C)C,CCO,293.15,-2.763698043,-1.3460445404052734
c1ccc(cc1)/N=N/c1ccc(c2ccccc12)N(c1ccccc1)c1ccccc1,CCO,298.15,-2.331620312,-1.6435002088546753
c1ccc2c(c1)C(=Nc1ccccc1[N+](=O)[O-])OC2=O,CCO,293.15,-1.249528783,-2.687708616256714
c1ccc(cc1)N=Cc1ccc(cc1[N+](=O)[O-])[N+](=O)[O-],CCO,295.15,-1.954676329,-2.4412989616394043
CC(=O)CC(c1ccccc1)C(CC(=O)C)c1ccccc1,CCO,288.15,-2.070987471,-0.8350967168807983
CCCCCCCCCCCCCCCCCNC(=O)CCCCC(=O)O,CCO,290.15,-2.30514198,-2.026726722717285
c1ccc(c(c1)[N+](=O)[O-])[N+](=O)[O-],CCO,298.15,-2.74846971,-0.9081076979637146
CCCCCCCC/C=C/C(=O)N(c1ccc(cc1)N(C)C)C(=O)Nc1ccc(cc1)N(C)C,CCO,293.15,-2.769884773,-2.1409220695495605
CCOC1(C(c2ccccc2)Br)C(=O)N(C)C(=O)N1,CCO,293.15,-1.708604119,-1.3039590120315552
C1CCC(CC1)C(=O)N(C1CCCCC1)O,CCO,298.15,-0.766267394,0.3036719262599945
CC(C(=NNC(=O)N)C)c1ccccc1,CCO,293.15,-1.353697444,-0.7314403653144836
c1cc(c(c(c1)[N+](=O)[O-])O)[N+](=O)[O-],CCO,287.15,-0.627467868,-0.1038382276892662
Cc1ccc(cc1)Nc1[nH]c2ccc(C)cc2n1,CCO,288.15,-0.946584039,-0.47572410106658936
CC[C@H](C)[C@@H](C(=O)O)NC(=O)C,CCO,293.15,0.713730033,-0.07763217389583588
c1cc2c(Cc3cc(ccc23)N)cc1Cl,CCO,291.15,-1.21472305,-1.406715989112854
Cc1c(C)noc1N(C(=O)C)S(=O)(=O)c1ccc(cc1)N,CCO,293.15,-1.734569649,-1.1532182693481445
c1ccc2c(c1)nc1cccc(c1n2)C(=O)O,CCO,298.19,-2.19382051,-1.4064580202102661
c1ccc(cc1)C=NNc1ccccc1,CCO,297.15,-1.139914495,-0.4177783131599426
c1cc(cc(c1)Cl)c1cc(c(C(=O)NCC(=O)O)nc1)O,CCO,295.15,-0.955241939,-2.5447185039520264
Cc1cccc2cc(C(=O)O)c(=O)oc12,CCO,287.15,-0.952082606,-1.6899080276489258
CCC(CC)OC(=O)NC(=O)N,CCO,291.15,-1.242788812,-0.29578083753585815
COc1ccc(c(c1)OC)/N=C/c1ccc(cc1N(=O)=O)N(=O)=O,CCO,295.15,-3.22184875,-2.070136070251465
C(CCNC(=O)N)CC(=O)O,CCO,298.15,-2.118229479,-1.643615484237671
CC(C(=O)O)NC(=O)Nc1cccc2ccccc12,CCO,298.15,-1.481419875,-0.5380489230155945
[C@@H]1([C@@H]([C@H]([C@H]([C@@H]([C@H]1Cl)Cl)Cl)Cl)Cl)Cl,CCO,293.15,-0.760220113,-0.38670614361763
C1CCN2C[C@H]3C[C@H](CN4CCC[C@@H]([C@H]34)O)[C@@H]2C1,CCO,290.15,-1.10546509,0.7776572108268738
CCCC(Cc1ccccc1)/N(N(\O)/C(CCC)Cc1ccccc1)/O,CCO,298.15,0.041390235,-0.4937828779220581
c1cc(c(c(c1)[N+](=O)[O-])Cl)C(=O)O,CCO,298.15,-0.207507264,-0.16180706024169922
c1ccc(cc1)C(=NNc1ccc(cc1[N+](=O)[O-])[N+](=O)[O-])c1ccccc1,CCO,298.15,-3.689890553,-2.51495361328125
Cc1c2ccccc2c(C)c2ccccc12,CCO,293.15,-2.235290614,-1.2618757486343384
Cn1cc(c(=O)[nH]c1=O)[N+](=O)[O-],CCO,290.15,-2.172582627,-1.3411176204681396
CCCCCC(=O)NCCNC(=O)CCCCC,CCO,298.15,-0.597324383,0.261371910572052
C=C(C)[C@H]1Cc2c(ccc3C(=O)[C@H]4c5cc(c(cc5OC[C@H]4Oc23)OC)OC)O1,CCO,293.15,-2.294933337,-1.7540963888168335
C[C@]12CCC(=O)C=C1CC[C@H]1[C@@H]3CC[C@](C(=O)CO)([C@@]3(C)C[C@@H]([C@H]21)O)O,CCO,298.19,-1.391988349,-1.5149033069610596
CCc1ccc(cc1)C(=O)c1ccccc1C(=O)O,CCO,294.9,0.32238574,-0.8326947689056396
CC(C)(C)c1cc(c(cc1O)C(C)(C)C)O,CCO,298.03999999999996,0.157251372,0.29711291193962097
c1ccc(c(c1)Cl)OC(=O)NC(=O)N,CCO,291.15,-2.041611296,-1.1842291355133057
c1c(cc(c(c1O)O)O)[C@@H]1[C@H](C(=O)c2c(cc(cc2O1)O)O)O,CCO,298.15,-0.275046998,-0.7815262079238892
CC(=O)CC1=C(C(=O)O[C@@H]1C)C(C)(C)[C@@H]1C(=O)C(C)OC1=O,CCO,293.15,-0.693137174,0.16327863931655884
c1ccc(c(c1)C(=O)N=[N+]=[N-])[N+](=O)[O-],CCO,293.15,-0.78430213,-1.4391289949417114
CCCCCCCCCCCCCC(C(C(=O)O)O)O,CCO,292.15,-1.407459278,-0.8757073283195496
COC(=O)C(C(C(=O)OC)OC(=O)c1ccccc1)OC(=O)c1ccccc1,CCO,298.15,-2.316835803,-1.9275816679000854
c1ccc2c(c1)c1=Nc3cccc(=Nc4c5ccccc5c(N=c5cccc([nH]5)N=c2[nH]1)[nH]4)[nH]3,CCO,298.04999999999995,-1.681923089,-2.6041879653930664
C[N+](C)(C)CC(=O)[O-],CCO,291.45,-0.237499612,0.017937960103154182
C[C@@H](c1cc2ccc(cc2nc1c1ccccn1)F)Nc1c2c([nH]cn2)ncn1,CCO,293.15,0.240146748,-2.927089214324951
c1ccc(cc1)C(=O)N,CCO,298.15,0.138857616,0.11387306451797485
c1cc(ccc1c1cc(=O)c2c(cc(cc2o1)O)O)O,CCO,298.15,-2.219563635,-1.846360445022583
CC(C)[C@@H](C(=O)O)N,CCO,298.04999999999995,-3.601867258,-2.421006202697754
CC(C(=O)O)N(CCC(=O)O)C(=O)C,CCO,298.15,-0.068248233,-0.6669033765792847
C1=CC[C@@H]2[C@H](C1)C(=O)N(C2=O)SC(Cl)(Cl)Cl,CCO,299.15,-2.015580865,-0.4663761258125305
CCN(CC)CCOC(=O)c1ccc(cc1)NC(=O)CCC(=O)O,CCO,288.15,-3.388272563,-2.0835275650024414
CC(=O)O[C@H]1CC[C@H]2[C@H]3Cc4ccc(c5c4[C@@]2(CCN3C)[C@H]1O5)OC,CCO,293.15,-0.784715311,-1.4720780849456787
c1ccc(cc1)c1cc(ccc1[N+](=O)[O-])O,CCO,298.15,0.054531415,-0.3409194350242615
CC(=O)[C@@]12[C@@H](C[C@H]3[C@@H]4CCC5=CC(=O)CC[C@]5(C)[C@H]4CC[C@]13C)O2,CCO,297.7,-1.442176367,-1.0970120429992676
CCOc1cc(c(cc1[N+](=O)[O-])[N+](=O)[O-])Cl,CCO,298.15,-1.54690736,-1.180377721786499
c1ccc(cc1)Nc1ccc(cc1N)Cl,CCO,293.15,-0.436730994,-0.9134985208511353
COc1ccc(cc1)N=Cc1ccccc1,CCO,295.15,-1.500312969,-0.9564634561538696
Cc1cc(ccc1Nc1c(cc(C)s1)C#N)N(=O)=O,CCO,298.15,-1.725700348,-1.682969570159912
c1ccc(cc1)P(=O)(c1ccccc1)c1cc(ccc1O)O,CCO,298.25,-0.964369565,-1.0161628723144531
Cc1ccc(cc1)S(=O)(=O)N,CCO,298.14,-0.047210424,-0.1276809424161911
c1c(cc(c(c1O)O)O)C(=O)O,CCO,298.19,-0.057056573,-0.04648606479167938
CCCC(CCC)(C1CCCCC1)C(=O)NO,CCO,299.15,-7.2e-06,-0.30933505296707153
C=C[C@H]1CN2CC[C@H]1C[C@H]2[C@@H](c1ccnc2ccc(cc12)OC)O,CCO,298.15,0.607805464,-1.4093769788742065
Cc1ccc2ccc(C)cc2c1,CCO,295.79999999999995,0.074274412,-1.127309799194336
c1cc(cc(c1)Nc1ccc(cc1N)Cl)Cl,CCO,293.15,-1.558247295,-0.4628535509109497
CC1(C)[C@H](CC[C@@]1(C)C(=O)O)C(=O)O,CCO,298.15,0.597868172,0.24391615390777588
Cc1c(C#N)c(c2ccccc2)n(c2ccccc2)n1,CCO,293.15,-2.479320814,-1.1736077070236206
COc1cc(ccc1O)CC1COC(=O)C1Cc1ccc(c(c1)OC)O,CCO,291.15,-0.702872483,-0.5963076949119568
c1cc(cc(c1)[N+](=O)[O-])C(=O)N=[N+]=[N-],CCO,293.15,-1.432119612,-1.448054313659668
c1c(c(cc(c1[N+](=O)[O-])O)O)[N+](=O)[O-],CCO,298.15,-2.222083205,0.13021405041217804
Cc1ccc(C)c(c1)OP(=O)(Oc1cc(C)ccc1C)Oc1cc(C)ccc1C,CCO,298.15,-0.780751347,-1.2480254173278809
c1ccc(cc1)NN=C(C#N)C#N,CCO,298.15,-0.492149724,-1.0231494903564453
CC(C)NCC(COc1ccc(cc1)CC(=O)N)O,CCO,298.19,-0.725034713,-0.9075911641120911
CC1(C)CC[C@@]2(CC[C@]3(C)C(=CC[C@@H]4[C@@]5(C)CC[C@@H](C(C)(C)[C@@H]5CC[C@@]34C)O)[C@@H]2C1)C(=O)O,CCO,298.28999999999996,-1.869666337,-1.9094152450561523
CC(C)COC(=O)c1ccc(cc1)N=Nc1ccc(cc1N)N,CCO,298.15,-0.68916985,-0.5689770579338074
C(COCn1cnc2c1[nH]c(N)nc2=O)O,CCO,295.65,-3.398339376,-2.221423625946045
c1cc(C=C2COCC(=Cc3ccco3)C2=O)oc1,CCO,293.15,-2.408677432,-1.0605119466781616
CC(CCC1CCCCC1)OC(=O)NC(=O)N,CCO,290.15,-2.007808719,-0.11952607333660126
Cc1ccc2cc(C(=O)O)c(=O)oc2c1,CCO,287.15,-1.65680494,-1.6757248640060425
COc1ccc(cc1)S(=O)(=O)NNC(=O)C(c1ccccc1)(c1ccccc1)O,CCO,294.15,-2.57399547,-1.7267948389053345
C([C@@H](C(=O)O)N)O,CCO,298.04999999999995,-3.745111985,-2.995604991912842
COc1ccc(cc1)N=Cc1ccc(cc1[N+](=O)[O-])[N+](=O)[O-],CCO,295.15,-2.2839971,-2.386620044708252
c1ccc2cc3ccccc3cc2c1,CCO,298.15,-2.103700991,-1.2150620222091675
CCC(CC)CC1(CCO)C(=O)NC(=S)NC1=O,CCO,298.15,-0.649968662,-0.9406412839889526
c1ccc(cc1)C(=O)C=P(c1ccccc1)(c1ccccc1)c1ccccc1,CCO,299.15,-0.563834417,-0.6260226964950562
CN(C)c1ccc(cc1)C(=NC(=S)Nc1ccccc1)c1ccc(cc1)N(C)C,CCO,289.15,-1.7493147,-1.7590594291687012
C[C@H]1C[C@](C)(C[C@@H]([C@@H](CC2CC(=O)NC(=O)C2)O)C1=O)O,CCO,298.15,-0.297178144,-1.1780149936676025
c1cc(cc(c1)O)C(=O)N,CCO,293.15,-0.387215989,-0.5128479599952698
CC1(C)COP(=O)(C(C)(C)O)OC1,CCO,298.34,-0.223633396,-0.09876132756471634
c1ccc2c(c1)Cc1ccccc21,CCO,298.34,-0.862284454,-0.5797877311706543
CCS(=O)(=O)C(C)(C(Cl)(Cl)Cl)S(=O)(=O)CC,CCO,293.15,-1.266915455,-0.509963870048523
CO/N=C(/c1csc(N)n1)\C(=O)O,CCO,298.15999999999997,-2.672337227,-2.2011709213256836
C1[C@@H]([C@H]([C@@H]([C@H]([C@@H]1N)O[C@@H]1[C@@H]([C@H]([C@@H]([C@@H](CO)O1)O)N)O)O)O[C@@H]1[C@@H](C[C@@H]([C@@H](CN)O1)O)N)N,CCO,298.14,-1.707880973,-2.077425956726074
c1ccc(cc1)SCCS(=O)CCSc1ccccc1,CCO,291.15,-1.508551265,-1.2753682136535645
CN1CCN(CC1)c1cc2c(cc1F)c(=O)c(cn2c1ccc(cc1)F)C(=O)O,CCO,298.14,-0.061450863,-0.681710958480835
COCN1C(=O)c2ccccc2C1=O,CCO,298.15,-1.48557607,-0.8130243420600891
c1ccc(cc1)C(=O)c1ccc(cc1)C(=O)c1ccccc1,CCO,288.15,-2.854806862,-1.2236140966415405
CCC[C@H]1CC2=C(C[C@@H](CC)CC3=C1C(=O)OC3=O)C(=O)OC2=O,CCO,293.15,-2.044478349,-1.0807664394378662
CCCCCCCCOC(=O)c1cc(c(c(c1)O)O)O,CCO,293.15,0.192684881,0.43610256910324097
Cc1ccc2c(c1)C(=O)c1cc(ccc1C2=O)C(=O)O,CCO,295.15,-2.080894376,-2.163395881652832
COc1cc(c(c(c1OC)[N+](=O)[O-])[N+](=O)[O-])[N+](=O)[O-],CCO,292.15,-1.834355523,-1.8750492334365845
c1ccc(cc1)COP(=O)(OCc1ccccc1)OCc1ccccc1,CCO,298.15,0.167716211,-1.238487720489502
CCCC(C)CC1(CCO)C(=O)NC(=S)NC1=O,CCO,298.15,-0.841870015,-0.9389894008636475
CCCC(=O)N(c1ccc(cc1)N(C)C)C(=O)Nc1ccc(cc1)N(C)C,CCO,293.15,-2.589989393,-1.5202863216400146
c1cc(ccc1Cl)Cl,CCO,298.15,-0.20828776,-0.22421413660049438
CN(C)CCn1c(nnn1)S,CCO,298.14,-2.977160211,-2.7146992683410645
c1cc(ccc1C(=O)Nc1ccc(cc1N)N)N,CCO,293.15,-1.863368836,-1.811251163482666
c1ccc2c(c1)C(=O)OC2(Nc1cccc(c1)[N+](=O)[O-])Nc1cccc(c1)[N+](=O)[O-],CCO,293.15,-1.418572841,-2.7861828804016113
C[C@H]1C(=O)CC[C@@H]2[C@]1(C)CC[C@H]1[C@@]2(C)CC[C@@]2(C)[C@@H]3CC(C)(C)CC[C@]3(C)CC[C@]12C,CCO,294.15,-2.926857727,-2.0440316200256348
CC1(C)COP(=O)(NCCNP2(=O)OCC(C)(C)CO2)OC1,CCO,298.14,-2.132990367,-0.8301625847816467
C[C@]12C=CC(=O)C=C1CC[C@H]1[C@@H]3CC[C@](C(=O)CO)([C@@]3(C)C[C@@H]([C@H]21)O)O,CCO,298.19,-1.171224459,-1.6678264141082764
CC(=O)NCC(=O)O,CCO,297.14,-1.086940079,-0.7313812971115112
CC(=O)Nc1cccc2ccccc12,CCO,298.15,-0.766231448,-0.9861744046211243
CCCCCCCCCCC(C)(C)C(=O)NO,CCO,299.15,0.0,-0.5274777412414551
CC(C(=O)c1ccccc1)C(=O)c1ccccc1,CCO,293.15,-0.772286248,-0.9750446081161499
C1C[C@@H](C(=O)O)NC1,CCO,292.15,-0.987862687,-1.3468668460845947
CC(C)COC(=O)[C@H]([C@@H](C(=O)OCC(C)C)O)O,CCO,298.15,0.244851692,0.07647712528705597
CCC(CC)(CC(C)C)OC(=O)NC(=O)N,CCO,289.15,-1.23520234,0.3625192642211914
c1ccc(cc1)COC(=O)NC(=O)N,CCO,290.15,-1.945804181,-1.4217467308044434
CCCCC(CC)CC(CC)(CC)C(=O)NO,CCO,299.15,0.0,-0.565150260925293
c1ccc(cc1)N(c1ccccc1)c1ccc(cc1)/N=N/c1ccc(cc1)S(=O)(=O)C(F)(F)F,CCO,298.15,-2.130189117,-1.7402098178863525
CC1CCCCC1OC(=O)NC(=O)N,CCO,291.15,-1.43525916,-0.5991383194923401
CN1CC[C@]23[C@H]4C=C[C@@H]([C@@H]3Oc3c(ccc(C[C@@H]14)c23)OC)O,CCO,298.15,0.222761727,-1.5985652208328247
CCC1(CCO)C(=O)NC(=S)NC1=O,CCO,298.15,-0.564126195,-0.8392305374145508
CN(C)c1ccc(cc1)C(C#N)(c1ccccc1)c1ccc(cc1)N(C)C,CCO,297.65,-2.508637242,-1.2957245111465454
c1ccc2c(c1)c(=O)nc(c1ccccc1S(=O)(=O)N)[nH]2,CCO,295.65,-2.612749267,-2.9205501079559326
c1ccc(cc1)C(c1ccccc1)(C(=O)NNS(=O)(=O)c1ccccc1)O,CCO,294.15,-0.71333159,-1.4522184133529663
CCCCCCC(=O)N(c1ccc(cc1)N(C)C)C(=O)Nc1ccc(cc1)N(C)C,CCO,293.15,-2.761892022,-1.7550313472747803
c1cc(ccc1C(=O)O)[N+](=O)[O-],CCO,298.15,-0.860124642,-0.47817322611808777
c1cc(ccc1C(=O)N[C@@H](CCC(=O)O)C(=O)O)NCc1cnc2c(c(=O)nc(N)[nH]2)n1,CCO,298.15,-2.921360783,-2.7442898750305176
Cc1c(c(c(c(c1Br)Br)Br)Br)Br,CCO,293.15,-3.670157508,-1.8334529399871826
c1ccc(cc1)Nc1ccc(cc1)n1nc2ccccc2n1,CCO,298.15,-1.155845958,-1.7106341123580933
COc1ccc(cc1)N=Cc1ccc(cc1)[N+](=O)[O-],CCO,295.15,-1.962574264,-1.8735193014144897
COc1cc(C=CC(=O)O)cc(c1O)OC,CCO,298.14,-0.687277577,-1.0360625982284546
CCOC(=O)Nc1ccc(cc1N)NCc1ccc(cc1)F,CCO,293.15,-1.18089396,-0.3715991675853729
CC[C@H](C)C(=O)O[C@H]1C[C@@H](C)C=C2C=C[C@H](C)[C@H](CC[C@@H]3C[C@H](CC(=O)O3)O)[C@@H]12,CCO,298.15,-1.218807164,-0.8308247327804565
Cc1ccc(cc1)C(CCC(c1ccccc1)(c1ccc(C)cc1)O)(c1ccccc1)O,CCO,295.15,-1.90910954,-1.4880677461624146
c1ccc2cc(ccc2c1)OP(=O)(Oc1ccc2ccccc2c1)Oc1ccc2ccccc2c1,CCO,298.15,-2.678033738,-1.5271987915039062
CCCCCCCCCCCCCCCCCNC(=O)CCCCCCCCC(=O)O,CCO,294.15,-2.52923583,-2.2755932807922363
CN1[C@H]2CC[C@@H]1[C@H]([C@H](C2)O)C(=O)O,CCO,290.15,-1.093780574,-0.7769252061843872
c1ccc(cc1)/C=C/c1ccccc1,CCO,298.15,-1.25995379,0.015806004405021667
CCCn1c2c(c(=O)n(CCC)c1=O)[nH]c(C13CC4CC(CC3C4)C1)n2,CCO,293.15,-1.296748044,-1.256301760673523
c1ccc(cc1)C(=O)N=[N+]=[N-],CCO,293.15,0.008276759,-1.1696805953979492
CCCCCCCCCCCCCCCCCCCCCCCC,CCO,293.0,-2.45058394,-1.7030308246612549
c1ccc(cc1)N(c1ccccc1)c1ccc(cc1)/N=N/c1ccc(cc1C(F)(F)F)N(=O)=O,CCO,298.15,-3.236573593,-2.3414320945739746
CCCCCCCCCCCC(=O)O,CCO,293.15,0.555510462,0.24567271769046783
CCCCC(=O)N(c1ccc(cc1)N(C)C)C(=O)Nc1ccc(cc1)N(C)C,CCO,293.15,-2.685396149,-1.6081849336624146
CS(=O)(=O)c1ccc(cc1)C=O,CCO,298.14,-2.168330068,-1.4563318490982056
CC(C)c1ccc(cc1)NC(=O)N(C)C,CCO,293.15,-0.566285938,-0.22283652424812317
Cc1ccccc1S(=O)(=O)NNC(=O)C(c1ccccc1)(c1ccccc1)O,CCO,294.15,-0.314498856,-1.1498606204986572
c1cc2c3ccc(cc3C(c2cc1Br)O)N,CCO,291.15,-1.924085877,-1.6659667491912842
CC(C)CCC[C@@H](C)[C@H]1CC[C@H]2[C@@H]3CC=C4C[C@H](CC[C@]4(C)[C@H]3CC[C@]12C)OC(=O)C(C)C,CCO,293.15,-2.057621417,-2.260432004928589
CCCCCCCCCCCCCCCCOC(=O)CCCCCCCCCCCCCCC,CCO,295.15,-3.090170447,-2.4731128215789795
Cc1cc(cc(C)c1Oc1c(c(N)nc(Nc2ccc(cc2)C#N)n1)Br)C#N,CCO,298.15,-3.767782892,-1.8660236597061157
CC(c1ccccc1)OC(=O)NC(=O)N,CCO,292.15,-1.486007272,-1.0932773351669312
c1ccc(cc1)C(c1ccccc1)(C(=O)NNS(=O)(=O)c1ccc(cc1)N)O,CCO,294.15,-1.962800068,-1.8086094856262207
CCC(C(=O)O)NC=O,CCO,298.15,-0.449776358,-0.397120863199234
c1c(cc(cc1O)O)O,CCO,298.15,0.53062241,0.37353235483169556
CCCC1(CCO)C(=O)NC(=S)NC1=O,CCO,298.15,-0.204123,-0.7829213738441467
CC(=O)Nc1ccc(cc1)C(=O)O,CCO,293.15,-0.767004244,-0.9721161723136902
CCCCCCCOC(=O)NC(=O)N,CCO,292.84999999999997,-1.703837128,-0.34709009528160095
c1ccc(cc1)c1cccc(c1)/N=C/c1ccc(cc1N(=O)=O)N(=O)=O,CCO,295.15,-2.065501258,-2.598572254180908
CCC1(CC)C(=O)NC(=S)NC1=O,CCO,293.15,-0.014917656,-0.5929642915725708
CC1=NNC(=O)N(C1)/N=C/c1cccnc1,CCO,293.15,-1.984737284,-1.8691872358322144
c1cc(ccc1O)O,CCO,297.65,0.533701714,0.5880277752876282
CCCCCCCCCCCCCCCCCC(=O)O,CCO,298.15,-0.600165637,-0.9666723012924194
c1ccc2c(c1)c(CC(C(=O)O)N)c[nH]2,CCO,298.15,-3.320665467,-2.1948535442352295
CCCCCCCCCCCCCCCCCC(=O)OCCCl,CCO,298.15,-1.320844297,-1.5821819305419922
CN(c1ccccc1)c1c(cc(cc1[N+](=O)[O-])[N+](=O)[O-])[N+](=O)[O-],CCO,298.15,-2.025641699,-2.150491714477539
CC(C)[C@@](CC[C@](C)(C(=O)O)O)(C(=O)O)O,CCO,293.15,-0.749541691,0.03153208643198013
Cc1ccnc(n1)NS(=O)(=O)c1ccc(cc1)N,CCO,297.15,-2.101837285,-2.491305112838745
c1ccc(cc1)C1C(=O)C(=O)OC1c1ccc2c(c1)OCO2,CCO,290.15,-2.210200097,-2.041234016418457
CC(=O)Nc1ccccc1C(=O)O,CCO,293.15,-0.568635787,-0.5020639896392822
CCOC(=O)C(C(C(=O)OCC)OC(=O)C)OC(=O)C,CCO,297.34999999999997,0.598792806,-0.313056617975235
CCCCCCCCCCCCC1C(=O)N=C(N)S1,CCO,298.15,-2.027519105,0.11715665459632874
CCCC(CCC)OC(=O)NC(=O)N,CCO,289.65,-1.693113263,-0.23617659509181976
c1ccc(cc1)c1ccc(cc1)/C=N/c1cccc(c1)c1ccccc1,CCO,295.15,-2.13076902,-1.709488034248352
c1cc(ccc1C(=O)N)O,CCO,293.15,0.170261202,-0.6594924926757812
CN1C(=C(c2ccccc2S1(=O)=O)O)C(=O)Nc1ccccn1,CCO,298.14,-2.438899077,-2.3228447437286377
CC(C)CCC[C@@H](C)[C@H]1CC[C@H]2/C(=C/C=C\3/C[C@H](CCC3=C)O)/CCC[C@]12C,CCO,298.15,0.595269013,-0.541303277015686
Cc1cccc(c1OCC(=O)Nc1ccccc1)Cl,CCO,298.15,-0.440491896,-0.6996630430221558
c1ccc(cc1)c1c(ccc(c1[N+](=O)[O-])O)[N+](=O)[O-],CCO,298.15,-0.394128008,-2.204496145248413
CCOC(=O)[C@H]([C@H](C(=O)N)O)O,CCO,295.15,-1.072362614,-1.5452414751052856
c1ccc(cc1)Nc1cccc(c1N)Cl,CCO,293.15,-0.686608467,-0.9372708797454834
CN1CC[C@]23[C@H]4CC[C@@H]([C@@H]3Oc3c(ccc(C[C@@H]14)c23)OC)O,CCO,293.15,-0.456942235,-1.6061005592346191
c1cc(c(cc1c1c(c(=O)c2c(cc(cc2o1)O)O)O)O)O,CCO,298.59,-1.581767392,-1.4514466524124146
CCCCCCC/C=C/C(=O)N(c1ccc(cc1)N(C)C)C(=O)Nc1ccc(cc1)N(C)C,CCO,293.15,-2.477818615,-2.0028252601623535
CC(=O)Nc1cccc(c1)C(=O)O,CCO,293.15,-1.214669172,-0.7916616201400757
c1cc(ccc1C=O)O,CCO,297.37,0.539322329,0.3094843626022339
c1ccc(cc1)Nc1ccc(cc1[N+](=O)[O-])[N+](=O)[O-],CCO,288.15,-2.402484727,-2.3018951416015625
CCCCCCCCC(CC(=O)N(c1ccc(cc1)N(C)C)C(=O)Nc1ccc(cc1)N(C)C)O,CCO,293.15,-2.001074769,-1.565108060836792
c1ccc2c(c1)cccc2[N+](=O)[O-],CCO,298.15,-0.323508953,-0.3788198232650757
c1cc2c(Cc3cc(ccc23)N)cc1Br,CCO,291.15,-1.517953347,-1.8375158309936523
c1cc(c(c2c1cc(cc2[N+](=O)[O-])[N+](=O)[O-])[N+](=O)[O-])Cl,CCO,288.15,-2.531144873,-2.2335364818573
Cc1ccc(cc1[N+](=O)[O-])[N+](=O)[O-],CCO,288.15,-0.965213683,-1.3425737619400024
CCCCOC(=O)NC(=O)N,CCO,291.15,-1.114684198,-0.6159423589706421
c1ccc2c(c1)nc(CSCc1nc3ccccc3o1)o2,CCO,298.14,-0.190347928,-0.506336510181427
c1ccc(cc1)OC(=O)Oc1ccccc1,CCO,297.98999999999995,-0.639030045,-0.7187249660491943
C1CCC(CC1)n1c(CCCCOc2ccc3c(CCC(=O)N3)c2)nnn1,CCO,298.15,-1.98098835,-1.7642207145690918
C=C1C[C@]23C[C@H]1CC[C@H]2[C@]12CC[C@@H]([C@](C)([C@H]1[C@@H]3C(=O)O)C(=O)O2)O,CCO,298.14,-1.6435879,-0.16008181869983673
c1ccc(cc1)C(c1ccccc1)C(c1ccccc1)c1ccccc1,CCO,293.15,-2.720888368,-0.5302814841270447
Cc1cc2C(c3ccc(c(c3C(=O)c2c(c1)O)OC)O)C1[C@@H]([C@H]([C@@H]([C@@H](CO)O1)O)O)O,CCO,288.15,-1.887724776,-3.057790756225586
c1ccc(cc1)C(=O)c1ccccc1,CCO,290.75,-0.129832963,0.23114968836307526
CCCCCCCCCCC1C(=O)N=C(N)S1,CCO,298.15,-1.753799911,0.3218417167663574
c1ccc2c(c1)cccc2NC(=O)NCCC(=O)O,CCO,298.15,-2.123908523,-0.9373606443405151
c1ccc(cc1)COC(=O)NCCCCCC(=O)O,CCO,293.15,0.061201085,-0.5909372568130493
CC1(C)[C@@]2(C)CC[C@@]1(C(=O)OC2=O)Cl,CCO,291.15,-1.456273421,-0.434134840965271
C1[C@@H]([C@H]([C@@H]([C@@H](O1)ON(=O)=O)ON(=O)=O)ON(=O)=O)ON(=O)=O,CCO,293.15,-0.802671124,-1.4340208768844604
CC(=O)Nc1ccc(cc1)O,CCO,298.15,-0.052566894,-0.01586831361055374
c1ccc2c(c1)C(=O)c1ccccc1C2=O,CCO,298.15,-1.77781932,-0.901569664478302
Cc1ccc(cc1)N(/C(=N/c1ccccc1)/Nc1ccccc1)c1[nH]c2ccc(C)cc2n1,CCO,288.15,-2.737778954,-2.387209415435791
c1cc2c(cc1C=O)OCO2,CCO,293.15,0.823520944,-0.959214985370636
CC1(C)CC(=CC(=C(C#N)C#N)C1)/C=C/c1ccc(cc1)O,CCO,298.15,-2.196486306,-0.8538673520088196
COc1ccc2c(c1)c(ccn2)[C@H]([C@@H]1C[C@H]2CCN1C[C@@H]2C(=O)O)O,CCO,298.15,-2.376164922,-2.4056880474090576
c1ccnc(c1)C(=O)O,CCO,298.15,-0.357903099,0.5629510879516602
c1ccc2c(c1)c(cc(c2Cl)[N+](=O)[O-])[N+](=O)[O-],CCO,298.15,-2.152037413,-2.1017515659332275
c1ccc(c(c1)C(=O)N)O,CCO,293.15,-0.2924297,-0.12639233469963074
c1ccc(c(c1)C(=O)O)[N+](=O)[O-],CCO,298.15,0.346342884,0.24205732345581055
C(CCC(=O)[O-])CC[NH3+],CCO,298.15,-2.721651726,-0.5726096034049988
c1cc(C(=O)O)oc1,CCO,297.65,0.551813258,0.7431706786155701
c1ccc(cc1)/C=C/C=N/NC(=O)C(=O)N,CCO,293.15,-3.336913804,-1.5782755613327026
C[C@@H]1CCC[C@H](C1)NC(=O)c1ccc2ccccc2c1,CCO,299.15,-0.300009502,-1.0699619054794312
C(C(CO[N+](=O)[O-])O[N+](=O)[O-])O[N+](=O)[O-],CCO,293.15,0.213147688,-1.007498025894165
CCCCCCC(CC(=O)N(c1ccc(cc1)N(C)C)C(=O)Nc1ccc(cc1)N(C)C)O,CCO,293.15,-1.782676142,-1.6759995222091675
CC(C)(C)OC(=O)NC(=O)N,CCO,288.15,-1.345451013,-0.23968163132667542
Cc1c(cc(cc1[N+](=O)[O-])[N+](=O)[O-])[N+](=O)[O-],CCO,295.15,-1.141621798,-1.4253078699111938
CCCCCCCCC(=O)N(c1ccc(cc1)N(C)C)C(=O)Nc1ccc(cc1)N(C)C,CCO,293.15,-2.21336048,-1.9817121028900146
CC(=O)OC1C(C(C(C(C1OC(=O)C)OC(=O)C)OC(=O)C)OC(=O)C)Br,CCO,293.15,-3.48023793,-1.3730744123458862
c1cc(ccc1Br)Br,CCO,298.15,-0.867589008,-0.3235795497894287
CCC(C(C)C)OC(=O)NC(=O)N,CCO,293.15,-1.140823795,-0.07050006091594696
c1ccc(cc1)Cn1cc(CO)nn1,CCO,298.14,0.154186179,0.23494598269462585
C(CO)CP(=O)(CCCO)CCCO,CCO,298.10999999999996,-0.411966222,-1.3693881034851074
CCCCCCCCCCCCCC(=O)O,CCO,293.15,-0.184944653,-0.19258961081504822
CC(C)(CO)[C@@H](C(=O)NCCC(=O)NCCSC(=O)c1cccc2ccccc12)O,CCO,293.15,-0.880152424,-1.929426670074463
CC1(C)C2CCC1(C)C(=O)C2Cl,CCO,293.15,-0.169738033,0.050640881061553955
c1cc(ccc1N)[N+](=O)[O-],CCO,298.15,-0.47235575,-0.7574508190155029
Cc1c(c(=O)ccn1C)O,CCO,298.19,-1.610709477,-0.2693828046321869
c1c(cc(cc1[N+](=O)[O-])[N+](=O)[O-])[N+](=O)[O-],CCO,291.15,-1.158333962,-1.1385422945022583
CN(C)c1ccc(cc1)NC(=O)N(C=O)c1ccc(cc1)N(C)C,CCO,293.15,-2.274082705,-1.4332691431045532
c1ccc2ccccc2c1,CCO,298.15,-0.187415696,-0.21447044610977173
C(C(=O)O)NC=O,CCO,298.15,-0.522870319,-1.3595445156097412
CCCCCCCCCCCC(=O)OCC(=O)c1ccccc1,CCO,298.15,-0.77226716,-0.16340839862823486
C(CCCCCNCCCCCCN)CCCCC(=O)O,CCO,293.15,-2.477822797,0.670019805431366
c1cc(c(cc1[N+](=O)[O-])[N+](=O)[O-])Nc1ccc(cc1[N+](=O)[O-])[N+](=O)[O-],CCO,288.15,-2.938281855,-2.429548978805542
Cc1c(cc2c(c1[N+](=O)[O-])C(C)(C)CC2(C)C)[N+](=O)[O-],CCO,288.15,-1.702185548,-1.1624515056610107
CCCCC(=O)NNC(=O)CCCC,CCO,293.15,-0.549591303,0.3316732943058014
C(CO[N+](=O)[O-])N(c1c(cc(cc1[N+](=O)[O-])[N+](=O)[O-])[N+](=O)[O-])[N+](=O)[O-],CCO,298.15,-2.620276486,-1.8562283515930176
CCCCN(CCCC)CCOC(=O)c1ccc(cc1)/N=N/c1ccc(cc1N)N,CCO,298.15,-0.886878183,-1.6742078065872192
CN(C)c1ccc(cc1)C(=Nc1ccc(cc1)N)c1ccc(cc1)N(C)C,CCO,293.15,-1.921003744,-1.2693105936050415
CC(=O)C1=CC[C@H]2[C@@H]3CCC4=CC(=O)C=C[C@]4(C)[C@H]3[C@H](C[C@]12C)O,CCO,298.14,0.562124627,-1.2688754796981812
c1cc2c(c(c1)N)C(=O)N(C1CCC(=O)NC1=O)C2=O,CCO,297.15,-2.436556992,-4.139305114746094
Cc1ccc(cc1)C(c1ccc(C)cc1)(C(c1ccc(C)cc1)(c1ccc(C)cc1)O)O,CCO,298.15,-3.023835587,-1.447808861732483
COc1ccc(cc1)P(c1ccc(cc1)OC)c1ccc(cc1)OC,CCO,298.25,-2.19358722,-1.991136074066162
CCOC(=O)C1C(=O)CC(C)(C(C1c1ccccc1)C(=O)OCC)O,CCO,293.15,-1.56390915,-0.06540149450302124
CC1(C)CC(CC(C)(C)N1)O,CCO,298.14,0.361215791,0.18278314173221588
c1cc(ccc1CCC(=O)c1c(cc(cc1O)O)O)O,CCO,298.19,-0.178478611,-0.44727420806884766
CCOC(=O)/C=C/C=C/C(=O)OCC,CCO,298.15,-0.406026263,-0.6144106984138489
c1cc(N)nc(c1)N,CCO,297.14,0.542212284,0.5142865777015686
c1ccc(cc1)C(C(c1ccccc1)C(=O)c1ccccc1)C1C(=O)c2ccccc2C1=O,CCO,293.15,-2.332946187,-1.663627028465271
c1ccc(cc1)CCOC(=O)NC(=O)N,CCO,290.15,-2.415426198,-1.3766355514526367
CC(=CC(C(Cl)(Cl)Cl)O)C,CCO,293.15,0.39824594,0.12930741906166077
CCCCCCC(C)OC(=O)NC(=O)N,CCO,287.15,-2.025386193,-0.09386593103408813
CCCCCCC(CCC)(CCC)C(=O)NO,CCO,299.15,0.0,-0.518042802810669
c1cc(cc(c1)Br)C(=O)O,CCO,298.15,-0.438898118,-0.21555852890014648
CC(C)(C)NCC(COc1cccc2C[C@H]([C@H](Cc12)O)O)O,CCO,296.15,-0.799447239,-1.5130863189697266
CC(C)C1CCC(C)CC1OC(=O)NC(=O)N,CCO,291.15,-2.23825764,0.1618797779083252
c1ccc(cc1)Nc1ccc(cc1)N=Nc1ccccc1,CCO,298.15,0.0681909,-1.2116124629974365
COC(=O)c1ccc(cc1)N=Nc1ccc(cc1N)N,CCO,298.15,-1.940469891,-2.0564920902252197
C[C@@H]1CC[C@@]2(CC[C@]3(C)C(=CC[C@@H]4[C@@]5(C)CC[C@@H](C(C)(C)[C@@H]5CC[C@@]34C)O)[C@@H]2[C@H]1C)C(=O)O,CCO,291.15,-2.091437846,-2.0186421871185303
c1cc2c3ccc(cc3C(c2cc1Cl)O)N,CCO,291.15,-1.467648316,-1.7450391054153442
CC#CC(=O)N1CCC[C@H]1c1nc(c2ccc(cc2)C(=O)Nc2ccccn2)c2c(N)nccn12,CCO,298.15,-2.190811492,-2.31573486328125
C1CCC(CC1)N(C(=O)C1CCC1)O,CCO,298.15,-0.121328008,0.6589230895042419
CCCCc1ccc(cc1)/C(=N\Nc1ccc(C)cc1)/C(=O)O,CCO,293.15,-1.050605969,-0.9727616310119629
c1ccc2c(c1)[nH]c(c1cscn1)n2,CCO,298.15,-2.164398831,-1.4749783277511597
c1ccc2c(c1)Nc1ccccc1S2,CCO,293.15,-1.039383609,-1.1503195762634277
c1cc(c(cc1c1coc2cc(cc(c2c1=O)O)O[C@H]1[C@@H]([C@H]([C@@H]([C@@H](CO)O1)O)O)O)O)O,CCO,291.15,-3.07662633,-2.6007776260375977
C(CCC(=O)O)CCC(=O)O,CCO,298.44,0.315608112,0.14913220703601837
C(CCC(=O)O)CC(=O)O,CCO,298.15,-0.215388012,0.012892164289951324
CC(=O)NCCNC(=O)C,CCO,298.15,-0.04161264,0.4829586148262024
CCCOC(=O)c1ccc(cc1)N=Nc1ccc(cc1N)N,CCO,298.15,-1.481282533,-0.663102924823761
c1ccc(cc1)C(=O)O,CCO,298.04999999999995,0.4390219,0.5553191900253296
C([C@@H]1[C@H]([C@@H]([C@@H](C(O)O1)O)O)O)O,CCO,298.15,-1.224872541,-1.864622712135315
c1ccc(cc1)C(CC(=O)c1ccccc1)C(C#N)c1ccc(cc1)[N+](=O)[O-],CCO,293.15,-2.346744758,-1.6571828126907349
CCCCCCCCCCCCCCCC(=O)O[C@H]1CO[C@@H](c2ccccc2)OC1,CCO,299.15,-1.378778812,-1.5076868534088135
CCCCCCCC(=O)N(c1ccc(cc1)N(C)C)C(=O)Nc1ccc(cc1)N(C)C,CCO,293.15,-2.554632308,-1.8661339282989502
c1ccc(cc1)C(=O)C(=O)c1ccccc1,CCO,298.15,-0.73614786,-0.06430912762880325
C[C@H](CCC(=O)O)[C@H]1CC[C@H]2[C@H]3[C@H](CC(=O)[C@]12C)[C@@](C)(CCC(=O)O)[C@H](CC3=O)C(=O)O,CCO,296.15,-0.709240079,-0.7510615587234497
C/C=C/CCCCCCCC(=O)N(c1ccc(cc1)N(C)C)C(=O)Nc1ccc(cc1)N(C)C,CCO,293.15,-2.491131172,-2.1118359565734863
c1ccc(cc1)C(c1ccc(cc1)Cl)(C(c1ccccc1)(c1ccc(cc1)Cl)O)O,CCO,298.15,-2.638838549,-1.148768424987793
c1ccc2cc(ccc2c1)N(CCCl)CCCl,CCO,288.15,-0.923286124,-0.37672334909439087
CN(C)c1ccc(cc1)C(=NC(=O)c1ccccc1)c1ccc(cc1)N(C)C,CCO,289.15,-2.365817792,-1.8176566362380981
c1ccc(cc1)C(C=CC(c1ccccc1)(c1ccccc1)O)(c1ccccc1)O,CCO,297.15,-1.714775632,-1.7006231546401978
c1cc(c(cc1Cl)Cl)Oc1ccc(cc1O)Cl,CCO,298.14,0.885787518,-1.087752103805542
CCCCCCCCCCCCOC(=O)NC(=O)N,CCO,293.84999999999997,-2.98802994,0.045481063425540924
CC(C)C1CCC(C)CC1OC(=O)C(c1ccccc1)O,CCO,298.15,-0.613450986,0.5718188881874084
O=[S]1CC[S](=O)CC1,CCO,295.15,-0.828414631,-0.7126582860946655
c1ccc2c(c1)OP1(=nP3(=nP4(=n1)Oc1ccccc1O4)Oc1ccccc1O3)O2,CCO,298.03999999999996,-2.687057915,-2.4884114265441895
Cc1cc(ccc1/N=N/c1ccc(cc1)N(c1ccccc1)c1ccccc1)N(=O)=O,CCO,298.15,-2.826812954,-2.2546634674072266
CC(=CC(=O)N(c1ccc(cc1)N(C)C)C(=O)Nc1ccc(cc1)N(C)C)C,CCO,293.15,-2.569157792,-1.1639586687088013
COc1ccc(cc1)COC(=O)NC(=O)N,CCO,290.15,-2.505568561,-1.639173984527588
c1cc(ccc1C=CC(=O)O)[N+](=O)[O-],CCO,298.15,-2.299143214,-1.2045515775680542
CC(=O)[C@@]12[C@@H](C[C@H]3[C@@H]4CCC5=CC(=O)CC[C@]5(C)[C@H]4[C@@H](C[C@]13C)O)O2,CCO,298.2,-1.866310262,-0.864437997341156
c1cc(ccc1C(=O)O)Cl,CCO,298.15,-0.538348802,-0.37271398305892944
CC(C)(O)P1(=O)OCC2(CO1)COP(=O)(C(C)(C)O)OC2,CCO,297.62,-1.501169197,-1.2266203165054321
CC(C)CCC[C@@H](C)[C@H]1CC[C@H]2[C@@H]3CC=C4C[C@H](CC[C@]4(C)[C@H]3CC[C@]12C)OC(=O)C,CCO,293.15,-1.933182466,-2.0707874298095703
C(CCCNC(=O)OCCCCO)CCNC(=O)OCCCCO,CCO,293.15,-0.809734245,-1.199526309967041
Cc1ccc2c(ccc(c2n1)O)[N+](=O)[O-],CCO,293.15,-1.910350113,-1.2238295078277588
CC(C)(C)c1ccc(cc1)C(=O)NN,CCO,298.15,0.137054209,-0.31521788239479065
CN1CC[C@]23[C@H]4C=CC(=O)[C@@H]3Oc3c(ccc(C[C@@H]14)c23)OC,CCO,293.15,-2.242824864,-1.3290610313415527
CCCC(C)(C)OC(=O)NC(=O)N,CCO,289.15,-0.894470679,-0.02643076330423355
c1ccc(cc1)C(c1ccccc1Cl)(C(c1ccccc1)(c1ccccc1Cl)O)O,CCO,298.15,-3.258627307,-0.7861241102218628
c1ccc(cc1)OP(=O)(Oc1ccccc1)Oc1ccccc1,CCO,298.15,0.333971557,-0.934061586856842
CCCC(=Cc1ccco1)C=NNC(=O)N,CCO,295.15,-0.946268355,-0.8606870174407959
CC1CCC2(CCC3(C)C(=CCC4C5(C)CCC(C(C)(C)C5CCC34C)O)C2C1C)C(=O)OC,CCO,288.15,-0.951626569,-2.07664155960083
c1c(cc(c(c1[N+](=O)[O-])C(=O)N=[N+]=[N-])[N+](=O)[O-])[N+](=O)[O-],CCO,293.15,-2.854235622,-1.4203004837036133
CC(C)CCC[C@@H](C)[C@H]1CC[C@H]2[C@@H]3CC=C4C[C@H](CC[C@]4(C)[C@H]3CC[C@]12C)OC=O,CCO,293.15,-1.839553461,-1.3886289596557617
c1ccc(cc1)Nc1ccc(cc1)/N=N/c1ccc(cc1)N(=O)=O,CCO,298.15,-1.355566778,-1.8629672527313232
c1ccc(c(c1)C(=O)O)O,CCO,298.15,0.363600914,0.48391738533973694
c1ccc(c(c1)C(=O)c1ccc(cc1)O)C(=O)O,CCO,294.15,0.172072779,-1.3635404109954834
c1ccc2c(c1)c1CCCCc1n2C(=O)N,CCO,298.15,-1.234045276,-0.5444303750991821
COc1ccc(cc1)N=Cc1ccc(cc1)c1ccccc1,CCO,295.15,-2.638272361,-1.648163080215454
CCOC1(C(c2ccccc2)Br)C(=O)NC(=O)N1,CCO,293.15,-1.042435463,-1.3787553310394287
CCc1c(c(=O)cco1)O,CCO,298.14,0.135544069,0.3084648847579956
CCCCCCCCCCCCCCC1C(=O)N=C(N)S1,CCO,298.15,-2.581063963,-0.2976475656032562
c1ccc(cc1)CC1C(=O)N(c2ccccc2)C(=O)N1CC(=O)O,CCO,293.15,0.187974848,-0.5493921041488647
C1C=C(CC[C@@H](CC(=O)O)O)C(=O)C1,CCO,293.15,-0.394055294,-0.26721441745758057
Cc1ccc(cc1)C(c1ccccc1)(C(c1ccccc1)(c1ccc(C)cc1)O)O,CCO,298.15,-2.897091314,-1.417068362236023
CCCCC1=NC2(CCCC2)C(=O)N1Cc1ccc(cc1)c1ccccc1c1[nH]nnn1,CCO,297.78999999999996,-1.741562862,-1.926791787147522
CN[C@]1(CCCCC1=O)c1ccccc1Cl,CCO,298.09,-0.528767431,-0.2947232127189636
CCOc1ccc(cc1OC)COC(=O)NC(=O)N,CCO,290.15,-2.837505883,-1.3971378803253174
c1ccc(cc1)Nc1cc(ccc1N)Cl,CCO,293.15,-1.225877629,-0.9134984016418457
c1cc(ccc1C=C1CCC(=Cc2ccc(cc2)O)C1=O)O,CCO,293.15,-2.272754731,-1.1257867813110352
Cc1c(c(C)c(c(C)c1[N+](=O)[O-])[N+](=O)[O-])[N+](=O)[O-],CCO,288.15,-3.105828551,-1.6258472204208374
c1ccc2c(c1)[nH]c(=O)n2C1CCN(CCCC(c2ccc(cc2)F)c2ccc(cc2)F)CC1,CCO,298.15,-1.687277577,-1.5796926021575928
c1cc(Cl)ncc1CN1CCN/C/1=N\[N+](=O)[O-],CCO,298.67999999999995,-2.065409192,-1.8781205415725708
c1cc(c(cc1O)O)c1c(c(=O)c2c(cc(cc2o1)O)O)O,CCO,298.14,-1.004364225,-1.5239049196243286
COc1c(cc(cc1Br)Br)Br,CCO,288.15,-1.524765299,-1.3282370567321777
C1[C@H]([C@@H]2[C@@H]([C@@H]3[C@H](O2)O[C@@H](C(Cl)(Cl)Cl)O3)O)O[C@@H](C(Cl)(Cl)Cl)O1,CCO,298.15,-3.132343579,-0.6448965668678284
c1cc2c(cc(c(c2nc1)O)I)S(=O)(=O)O,CCO,298.15,-2.062583221,-1.7705700397491455
Cc1ccc(C)c(c1[N+](=O)[O-])[N+](=O)[O-],CCO,288.15,-0.950194414,-1.3199979066848755
CCN(CC)CCNC(=O)c1ccc(cc1)NC(=O)/C=C\C(=O)O,CCO,288.15,-3.171335925,-2.0853514671325684
c1(=O)[nH]c(=O)[nH]c(=O)[nH]1,CCO,295.65,-2.213600031,-2.6442222595214844
COc1cc(/C=C/C(=O)CC(=O)/C=C/c2ccc(c(c2)OC)O)ccc1O,CCO,298.15,-2.166852656,-1.5535004138946533
CCOC(=O)c1ccc(cc1)NC(=S)N,CCO,293.15,-0.873675102,-1.6262099742889404
Cc1cc(c(C)c(c1[N+](=O)[O-])[N+](=O)[O-])[N+](=O)[O-],CCO,288.15,-2.08127528,-1.6468154191970825
CC(=O)NNC(=O)C,CCO,293.15,0.115505606,0.3312635123729706
c1ccc(cc1)C(c1ccccc1)(C(=O)NNS(=O)(=O)c1ccc(cc1)[N+](=O)[O-])O,CCO,294.15,-1.177553773,-1.604839563369751
c1ccc(cc1)Nc1ccc(cc1)n1nc2ccccc2[n+]1[O-],CCO,298.15,-2.003367172,-1.7929389476776123
CCCCCCCCCCCCCCCCCC(=O)Nc1ccccc1,CCO,293.15,-2.379723593,-0.2766595184803009
c1ccc(cc1)OC(=O)c1ccccc1O,CCO,298.14,0.338028289,0.38785529136657715
CCOc1ccc(cc1/C=N/NC(=O)N)[N+](=O)[O-],CCO,293.15,-2.504554637,-2.0008232593536377
Cc1cnc(NC(=O)C2=C(c3ccccc3S(=O)(=O)N2C)O)s1,CCO,298.14,-3.012875764,-2.951143264770508
CCCCC(C)OC(=O)NC(=O)N,CCO,290.15,-1.287910186,-0.2633269429206848
COc1cnc(Cl)nc1Cl,CCO,299.42999999999995,-0.090405698,-0.10143889486789703
CCCOC(=O)c1cc(c(c(c1)O)O)O,CCO,298.15,0.583329855,0.7499523162841797
c1cc2c(cccc2[N+](=O)[O-])c(c1)[N+](=O)[O-],CCO,289.15,-3.02657759,-2.4616315364837646
COc1ccc(cc1OC)C(=O)N1CCN(CC1)c1ccc2c(CCC(=O)N2)c1,CCO,298.15,-3.097255742,-2.0337648391723633
Cc1ccccc1C(=O)O,CCO,296.04999999999995,0.365480473,0.665057897567749
Cc1cc(cc(c1O)[N+](=O)[O-])[N+](=O)[O-],CCO,288.15,-0.766250641,-0.7239611148834229
CN(C)c1ccc(cc1)C(=Nc1ccccc1N)c1ccc(cc1)N(C)C,CCO,290.15,-2.350352217,-1.6254726648330688
CN(C1=C(C=C(C=C1N(=O)=O)N(=O)=O)N(=O)=O)N(=O)=O,CC(=O)C,291.15,0.243700949,-0.6038661003112793
COC1=CC=C(C=C1O)[C@@H]1CC(=O)C2=C(O1)C=C(O)C=C2O,CC(=O)C,298.19,-0.468519224,-0.8569232225418091
CCOC1=C(C=C(C=C1N(=O)=O)N(=O)=O)N(=O)=O,CC(=O)C,288.15,-1.436150825,-0.3221641480922699
CC12SC3(C)SC(C)(S1)SC(C)(S2)S3,CC(=O)C,293.15,-0.459237338,0.501430094242096
OC(=O)C1=CC=C2C(=O)C3=C(C=CC=C3)C(=O)C2=C1,CC(=O)C,298.15,-1.963880817,-1.6138595342636108
C1=CC2=C3C(C=CC4=C3C(C=C2)=CC=C4)=C1,CC(=O)C,293.15,-0.420205667,-0.6984704732894897
O=C(OCOC(=O)C1=CC=CC=C1)C1=CC=CC=C1,CC(=O)C,297.15,-0.25853527,-0.5162562131881714
CCOC(=O)C1=C(N(C)N=C1)S(=O)(=O)NC(=O)NC1=NC(OC)=CC(OC)=N1,CC(=O)C,293.15,-1.116359437,-2.161196708679199
[H][C@@]12CC[C@@H](C)[C@]3([H])CC[C@@]4(C)OO[C@@]13[C@]([H])(OC(=O)[C@@H]2C)O4,CC(=O)C,298.14,-0.940910623,0.24539382755756378
[H][C@@]12COC(=O)[C@@]1([H])CC1=CC(OC)=C(O)C=C1[C@H]2C1=CC=C(O)C(OC)=C1,CC(=O)C,293.15,-0.949847239,-0.5690662860870361
C1CC2=C3C1=CC=CC3=CC=C2,CC(=O)C,297.98999999999995,-0.029200381,-0.08527656644582748
C1=CC=C(C=C1)\N=N\C1=CC=CC=C1,CC(=O)C,298.15,0.2903599,0.7636978030204773
[H][C@](C)(\C=C\[C@@]([H])(C)[C@@]1([H])CC[C@@]2([H])C3=CC=C4C[C@@H](O)CC[C@]4(C)[C@@]3([H])CC[C@]12C)C(C)C,CC(=O)C,295.15,-2.004575462,-0.6008785367012024
[H][C@@]12C[C@H]3OC(C)=N[C@@]3(C(=O)COC(C)=O)[C@@]1(C)C[C@H](O)[C@@]1([H])[C@@]2([H])CCC2=CC(=O)C=C[C@]12C,CC(=O)C,303.14,-1.011129134,-0.752002477645874
C(N(C1=CC=CC=C1)C1=CC=CC=C1)C1=CC=CC=C1,CC(=O)C,293.15,-0.413887927,0.5062195658683777
[H][C@@](C)(CCCC(C)C)[C@@]1([H])CC[C@@]2([H])[C@]3([H])CC=C4C[C@H](CC[C@]4(C)[C@@]3([H])CC[C@]12C)OC(=O)CCCCC,CC(=O)C,293.15,-1.907416736,-2.0405328273773193
CCN(C(=O)C1=C(O)C2=C(Cl)C=CC=C2N(C)C1=O)C1=CC=CC=C1,CC(=O)C,293.15,-1.863660145,-0.6632806062698364
OC(=O)C1=CC=C(C=O)C=C1,CC(=O)C,303.15,-1.10551814,-0.4453645348548889
CC1(C)[C@@H](CC[C@@]1(C)C(N)=O)C(O)=O,CC(=O)C,293.15,-0.501438686,-0.6528650522232056
COC(=O)C1=NNN(C)C1=O,CC(=O)C,291.15,-0.958964009,-0.8787370324134827
CN(C)C1=CC2=C(NC3=C(C(=C(N(C)N(=O)=O)C(=C3)N(=O)=O)N(=O)=O)S2(=O)=O)C=C1,CC(=O)C,293.15,-2.641848751,-1.9003024101257324
CC(C)CC1=CC=C(C=C1)C(C)C(O)=O,CC(=O)C,297.85999999999996,-2.052242072,0.5412221550941467
FC1=CC(=CC(F)=C1Br)N1C(=O)C=CC1=O,CC(=O)C,298.34,-2.869306476,-0.7103789448738098
OC(=O)C1=C(Br)C=CC=C1Br,CC(=O)C,293.15,0.643456062,-0.6553306579589844
O=C(OCC(COC(=O)C1=CC=C(C=C1)N(=O)=O)OC(=O)C1=CC=C(C=C1)N(=O)=O)C1=CC=CC=C1,CC(=O)C,294.15,-0.81694987,-2.1872053146362305
NC1=C(C=C(C=C1N(=O)=O)N(=O)=O)N(=O)=O,CC(=O)C,292.65,-0.782235366,-0.201923668384552
CO\C=C(\C(=O)OC)C1=C(COC2=NC(=CC=C2)C(F)(F)F)C=CC=C1,CC(=O)C,293.15,-0.167110479,-0.07235822081565857
C1=CC2=CC3=CC4=CC=CC=C4C=C3C=C2C=C1,CC(=O)C,293.15,-2.167497354,-1.1066781282424927
CCOCN1C(=O)C2=C(C=CC=C2)C1=O,CC(=O)C,298.15,-2.914264861,0.028273969888687134
OC1=CC(O)=C2C(=O)C(=COC2=C1)C1=CC(O)=C(O)C=C1,CC(=O)C,291.15,-0.792311105,-1.4098644256591797
C1OC(OC1C1COC(O1)C1=CC=CC=C1)C1=CC=CC=C1,CC(=O)C,290.15,-1.943231113,-0.6792963147163391
ClC1=C(Cl)C=C(C=C1)C1CCC(=O)C2=CC=CC=C12,CC(=O)C,298.27,-0.362530939,-0.30858755111694336
[H][C@@]12CC[C@@](C)([C@@H](O)[C@H]1NC(=O)[C@@H](O)C(C)(C)CO)C2(C)C,CC(=O)C,293.15,-0.415569911,-1.634324550628662
[H][C@@]12OC3=C4C(C[C@H]5N(C)CC[C@@]14[C@@]5([H])CC[C@@H]2OC(C)=O)=CC=C3OC,CC(=O)C,293.15,-0.294172235,-0.8965676426887512
CCCCCCCCCCCCCC(=O)CCCCCCCCC(O)=O,CC(=O)C,288.15,-2.265526513,-1.700399398803711
OC1=CC=C(O)C(=C1)P(=O)(C1=CC=CC=C1)C1=CC=CC=C1,CC(=O)C,299.44,-1.626268427,-0.0775703638792038
N#C\C(=N/NC1=CC=CC=C1)C#N,CC(=O)C,298.15,0.389157907,-0.15093329548835754
ClC1=NC(Cl)=NC(Cl)=N1,CC(=O)C,298.15,0.027020488,-0.592090368270874
[H][C@@]12CC(C)(C)CC[C@@]1(CC[C@]1(C)C2=CC[C@]2([H])[C@@]3(C)CC[C@H](O)C(C)(C)[C@]3([H])CC[C@@]12C)C(O)=O,CC(=O)C,298.28999999999996,-1.863279662,-1.8413997888565063
N#CSC=CSC#N,CC(=O)C,289.15,-0.038971514,0.9027554392814636
CC(C)(O)P1(=O)OCC(C)(C)CO1,CC(=O)C,298.64,-1.166015098,-1.1245603561401367
COC1=C(C(=CC(=C1N(=O)=O)N(=O)=O)N(=O)=O)N(=O)=O,CC(=O)C,302.15,0.440247065,-0.38765281438827515
COCN1C(=O)C2=C(C=CC=C2)C1=O,CC(=O)C,298.15,-0.184546074,-0.04682607203722
CCC[C@H]1CC2=C(C[C@@H](CC)CC3=C1C(=O)OC3=O)C(=O)OC2=O,CC(=O)C,293.15,0.277740946,-0.20422498881816864
CCCC(=O)N(C(=O)NC1=CC=C(C=C1)N(C)C)C1=CC=C(C=C1)N(C)C,CC(=O)C,293.15,-1.947267216,-1.2456198930740356
[H][C@@]12CCC(=O)[C@@]1(C)CCC1=C3C=CC(O)=CC3=CC=C21,CC(=O)C,303.15,-0.918843431,-0.6916754841804504
[H][C@@](C)(CCCC(C)C)[C@@]1([H])CC[C@@]2([H])[C@]3([H])CC=C4C[C@H](CC[C@]4(C)[C@@]3([H])CC[C@]12C)OC(=O)C(C)C,CC(=O)C,293.15,-1.659681409,-1.8871463537216187
ClC1=CC=CC2=C1C=CC1=NC3=CC=CC=C3N(=O)=C21,CC(=O)C,291.15,-1.30213449,-1.7261031866073608
OC1=CC=CC2=C1C(=O)C1=C(O)C=CC=C1C2=O,CC(=O)C,298.14,-1.6005955,-1.1171848773956299
CC(=O)NC1=CC=CC=C1C(O)=O,CC(=O)C,293.15,-0.698970004,-0.583888590335846
CNC(=O)C1=CC=CC=C1SC1=CC=C2C(NN=C2\C=C\C2=NC=CC=C2)=C1,CC(=O)C,295.65,-2.587123653,-1.9404895305633545
CN1C=NC2=C1C(=O)N(C)C(=O)N2C,CC(=O)C,298.15,-1.214386967,-1.1185346841812134
NC(=O)C1=CC=CC=C1O,CC(=O)C,298.15,0.242728476,0.26124411821365356
OC(=O)C1=CC=CC=C1N(=O)=O,CC(=O)C,293.15,0.406536563,0.32494673132896423
Cl[C@H]1[C@H](Cl)[C@@H](Cl)C2=CC=CC=C2[C@@H]1Cl,CC(=O)C,293.15,-0.250914279,-0.44761258363723755
CCCCCCCCC(=O)N(C(=O)NC1=CC=C(C=C1)N(C)C)C1=CC=C(C=C1)N(C)C,CC(=O)C,293.15,-1.274455393,-1.6694518327713013
NC1=CC=C(C=C1)N(=O)=O,CC(=O)C,298.15,0.304933209,0.24301734566688538
O=N(=O)C1=CC(=CC(=C1)N(=O)=O)N(=O)=O,CC(=O)C,290.15,0.337934939,0.3821726143360138
ClC1=C2C(=O)OC(=O)C2=CC=C1,CC(=O)C,298.14,0.469946158,0.5537222027778625
[H][C@@]12CC=C(C(C)=O)[C@@]1(C)C[C@H](O)[C@@]1([H])[C@@]2([H])CCC2=CC(=O)C=C[C@]12C,CC(=O)C,298.14,0.414898592,-1.1955450773239136
OC(=O)C1=CC=CC(Br)=C1,CC(=O)C,293.15,0.017033838,-0.3714413642883301
OC[C@H]1O[C@@H](OC2=CC3=C(C(=O)C(=CO3)C3=CC(O)=C(O)C=C3)C(O)=C2)[C@H](O)[C@@H](O)[C@@H]1O,CC(=O)C,291.15,-2.987228403,-3.0788826942443848
CC(C)(C)C(=O)OCOP(=O)(COCCN1C=NC2=C1N=CN=C2N)OCOC(=O)C(C)(C)C,CC(=O)C,298.14,-0.048751483,-0.5197935104370117
NC1=CC=C(C(O)=O)C(O)=C1,CC(=O)C,296.65,-0.059761557,-1.7741082906723022
CCCCCCCC(=O)N(C(=O)NC1=CC=C(C=C1)N(C)C)C1=CC=C(C=C1)N(C)C,CC(=O)C,293.15,-1.661214006,-1.5406694412231445
[H][C@](CC(C)C)(NC(C)=O)C(O)=O,CC(=O)C,298.15,-1.000531873,-0.7750133872032166
C\C=C\CCCCCCCC(=O)N(C(=O)NC1=CC=C(C=C1)N(C)C)C1=CC=C(C=C1)N(C)C,CC(=O)C,293.15,-2.008829226,-1.582115650177002
OC(=O)CC1=CC=C(O)C=C1,CC(=O)C,298.15,0.584462402,0.13412588834762573
OC(=O)C1=CC=CC=C1Br,CC(=O)C,293.15,0.158363452,0.03697843477129936
[H][C@@](CCSC)(NC(C)=O)C(O)=O,CC(=O)C,298.15,0.188218301,-0.34810078144073486
OC1CCN2CC3=CC=CC=C3N=C12,CC(=O)C,298.15,-1.973656539,-0.09994904696941376
OCC1OC(OC2COC(OC12)C1=CC=CC=C1)C1=CC=CC=C1,CC(=O)C,290.15,-1.710176886,-0.9396958351135254
CC(O)(C1=CC=CC=C1)P1(=O)OCC(C)(C)CO1,CC(=O)C,298.34,-1.377944782,-1.3082565069198608
CC1=C(C(C)=C(C(C)=C1N(=O)=O)N(=O)=O)N(=O)=O,CC(=O)C,288.15,-1.503768559,-0.1014433205127716
OC1=C2C=CC=CC2=C(O)C(=C1)P1(=O)OC2=C(C=CC=C2CC2=CC=CC=C2)C2=C1C=CC=C2,CC(=O)C,293.15,-1.047799986,-1.6300989389419556
OC(=O)C=CC1=CC=CO1,CC(=O)C,297.98999999999995,0.105205217,0.29238274693489075
C1C2CC3C4CC5CC(C14)C(C2)C3C5,CC(=O)C,303.14,-1.578606935,0.5714462995529175
COC1=CC(\C=C\C(=O)C=C(O)\C=C\C2=CC=C(O)C(OC)=C2)=CC=C1O,CC(=O)C,298.15,-0.864231194,-0.68013995885849
CO\N=C(\C(=O)OC)C1=CC=CC=C1COC1=C(C)C=CC=C1,CC(=O)C,293.15,-0.159574123,-0.395685613155365
CC1=CC=C(C=C1)N(=O)=O,CC(=O)C,288.15,0.984337524,0.7112429141998291
CC1=C(O)C(=CC(=C1)N(=O)=O)N(=O)=O,CC(=O)C,288.15,0.600506438,0.27439290285110474
Cc1cc(O)c2C(=O)c3c(O)cc(O)c4C(=O)C(C)(C)c5cc(O)c1c2c5c34,c1ccccc1,293.15,-3.332075128,-3.1310174465179443
Oc1c(Cl)cc(Cl)c(Cl)c1Cc2c(O)c(Cl)cc(Cl)c2Cl,c1ccccc1,293.15,-0.885219291,-0.6767591238021851
OC(=O)c1cccc(c1)[N+]([O-])=O,c1ccccc1,298.15,-0.969402295,-0.7976816892623901
Cc1cc(O)ccc1N=Nc2ccccc2,c1ccccc1,303.15,-0.25369029,-0.21660569310188293
Cl[S](=O)(=O)c1cccc2c1cccc2[S](Cl)(=O)=O,c1ccccc1,293.15,-0.842909873,-1.9603608846664429
c1ccc(cc1)/N=N/c2ccc(cc2)O,c1ccccc1,303.15,-1.139808281,-0.917084813117981
CCC\C=C\C(N)=O,c1ccccc1,293.15,-1.554882494,-1.1818937063217163
CCOc1ccc(NC(C)=O)cc1,c1ccccc1,298.15,-2.497966587,-1.5146547555923462
c1cc2cccc3c4cccc5cccc(c(c1)c23)c45,c1ccccc1,293.15,-2.031526213,-0.30695873498916626
CCC1=CC(N=Nc2ccccc2O)(C(O)C=C1)c3ccccc3,c1ccccc1,303.15,0.969157398,-0.27205538749694824
CCCCCCCCC(O)C(O)CCCCCCCC,c1ccccc1,298.15,-2.042149762,-0.14850062131881714
CCCc1ccc(O)cc1O,c1ccccc1,298.04999999999995,-0.757635078,-0.07923350483179092
C[C@]12CC[C@H]3[C@@H](CCc4cc(O)ccc34)[C@@H]1CCC2=O,c1ccccc1,303.15,-2.375512649,-0.3588153123855591
COc1cc(ccc1c2ccccc2)c3ccc(c(OC)c3)c4ccccc4,c1ccccc1,293.15,-1.221602711,-0.43013066053390503
CCCCCCCCCCC(N)=O,c1ccccc1,293.15,-1.757193026,0.5123104453086853
c1ccc2c(c1)C(c3ccccc23)C4(C5c6ccccc6c7ccccc57)c8ccccc8c9ccccc49,c1ccccc1,293.15,-1.303584743,-1.160455584526062
CC1OC(C)OC(C)OC(C)O1,c1ccccc1,296.15,-2.166856699,1.1579830646514893
CC(=O)c1cccc(c1)N=Nc2cc(C)c(O)cc2C,c1ccccc1,303.15,-1.389230833,-0.9334759712219238
OC(=O)C1c2ccccc2Cc3ccccc13,c1ccccc1,288.15,-1.873628627,-1.213210105895996
CCCCCCC/C=C/C(N)=O,c1ccccc1,293.15,-1.434809842,0.24355262517929077
CCCCCCCC=CC(N)=O,c1ccccc1,293.15,0.028641502,0.24355244636535645
Cc1ccc(NC(=Nc2ccc(C)cc2)n3c(Nc4ccc(C)cc4)nc5cc(C)ccc35)cc1,c1ccccc1,288.15,-1.719870244,-1.7681081295013428
O[C@H]([C@@H](O)c1ccccc1)c2ccccc2,c1ccccc1,298.15,-1.588474696,-0.18630261719226837
Cc1ccc2C(=O)c3ccccc3c4c2c1c5c(C)ccc6C(=O)c7ccccc7c4c56,c1ccccc1,296.15,-1.694205445,-1.450533151626587
OC(=O)c1ccccc1Cl,c1ccccc1,288.15,-1.240463268,-0.5695808529853821
C1CN2CCN1CC2,c1ccccc1,298.15,0.600178204,0.44963276386260986
Oc1ccccc1[N+]([O-])=O,c1ccccc1,298.15,0.701736567,-0.09191159904003143
CC1(C)C2CCC1(C)C(=O)C2C(=O)c3ccccc3,c1ccccc1,290.15,-0.23843404,-0.4810238480567932
ClC(c1ccccc1)(c2ccccc2)c3ccccc3,c1ccccc1,298.15,0.430728222,0.2715006172657013
Nc1ccc2c(Cc3cc(Cl)ccc23)c1,c1ccccc1,291.15,-0.733732477,-1.1955618858337402
[O-][N+](=O)c1cc(c(\C=C\c2ccccc2)c(c1)[N+]([O-])=O)[N+]([O-])=O,c1ccccc1,293.15,-0.79967407,-1.598437786102295
O=C1CCCCCCCCCCCN1,c1ccccc1,295.15,-0.916775407,0.7081570625305176
Cl[C@@H]1[C@@H](Cl)[C@H](Cl)[C@@H](Cl)[C@H](Cl)[C@H]1Cl,c1ccccc1,293.15,-1.242384483,-1.072672963142395
O=c5c1ccccc1c6c2ccccc2c7c(=O)c3ccccc3c8c4ccccc4c5c6c78,c1ccccc1,293.15,-3.840084003,-1.4510388374328613
O=C1CCCCCCCCN1,c1ccccc1,295.15,-0.465092002,0.8384184837341309
BrC(SC#N)C(Br)SC#N,c1ccccc1,289.15,-1.085573957,-0.2817246913909912
O=C1CCC(=O)N1,c1ccccc1,293.15,-2.167031491,-1.7129908800125122
CCCCCC(C(O)=O)C(O)=O,c1ccccc1,298.15,-1.41487513,-2.094654083251953
NC(=O)C(O)c1ccc(Cl)cc1,c1ccccc1,295.15,-2.625148694,-2.2260565757751465
ClC(Cl)(Cl)SN1C(=O)[C@H]2CC=CC[C@H]2C1=O,c1ccccc1,299.15,-1.149599259,0.17031428217887878
COc1ccc2C[C@@H]3[C@@H]4CC[C@H](OC(C)=O)[C@@H]5Oc1c2[C@]45CCN3C,c1ccccc1,293.15,-0.634717957,-1.2293190956115723
CC1(C(=O)NC(=O)NC1=O)c2ccccc2,c1ccccc1,293.15,-3.183542592,-2.691175699234009
OC(=O)CCCCCCCCCC(O)=O,c1ccccc1,298.15,-3.824304507,-2.0603420734405518
OC(c1ccccc1)(c2ccccc2)c3ccccc3,c1ccccc1,298.15,-0.255544509,-0.8620846271514893
ClCc1c(Br)cc(Br)cc1Br,c1ccccc1,293.15,-0.569895461,-0.5213181376457214
[O-][N+](=O)c1cccc(c1)C(=O)N=[N+]=[N-],c1ccccc1,293.15,-0.136980136,-1.405279517173767
Oc1cccc2cccnc12,c1ccccc1,292.15,0.185868316,-1.1191964149475098
CC1=CC(=O)c2ccccc2C1=O,c1ccccc1,299.42999999999995,0.086426364,0.24370402097702026
c1ccc2cc3ccccc3cc2c1,c1ccccc1,298.15,-1.038971067,0.48832759261131287
COC1=CC(=O)C(=C2OC(=CC=C12)c3ccccc3)C,c1ccccc1,293.15,-1.685001954,-0.6422142386436462
C(=CC=CC=Cc1ccccc1)C=CC=Cc2ccccc2,c1ccccc1,292.15,-3.357021106,0.11760594695806503
Oc1ccc(cc1)N=Nc2ccc(cc2)[N+]([O-])=O,c1ccccc1,303.15,-1.924984809,-2.4661760330200195
CCC(C)(C)c1ccc(O)c(c1)N=Nc2ccc(cc2)C(C)=O,c1ccccc1,303.15,-0.476427265,-0.48824548721313477
Oc1ccc(cc1)N=Nc2cccc(Cl)c2,c1ccccc1,303.15,-0.618733559,-0.8114794492721558
OC1(N(CCBr)C(=O)c2ccccc12)c3ccccc3,c1ccccc1,292.15,-1.624649091,-2.7104103565216064
CCCCC(CC)CC(CC)(CC)C(=O)NO,c1ccccc1,299.15,0.0,-0.09775067120790482
C[C@]12CCc3c(ccc4cc(O)ccc34)[C@@H]1CCC2=O,c1ccccc1,303.15,-2.368988937,-1.235527753829956
O=C1CCCc2c1[nH]c3ccccc23,c1ccccc1,293.15,-0.768892997,-1.190033197402954
c1ccc(cc1)C(c2ccccc2)(c3ccccc3)c4ccccc4,c1ccccc1,293.15,-1.602648604,0.048203520476818085
[O-][N+](=O)c1ccc(c2c1cccc2[N+]([O-])=O)[N+]([O-])=O,c1ccccc1,288.15,-1.515356338,-1.9495415687561035
O[C@H]1C=Cc2ccccc2[C@@H]1O,c1ccccc1,296.15,-1.778654954,0.19408342242240906
OC1=C(CCCC2CCCCC2)C(=O)c3ccccc3C1=O,c1ccccc1,293.15,-0.655228685,-0.6021482348442078
CCCC1(CCC)C(=O)NC(=O)NC1=O,c1ccccc1,293.15,-2.066774265,-1.599441409111023
[O-][N+](=O)c1cccc2ccccc12,c1ccccc1,298.15,-0.324273039,0.4938960671424866
COc1cc2N3[C@H]4[C@@H]5[C@H](CC3=O)OCC=C6CN7CC[C@]4([C@@H]7C[C@H]56)c2cc1OC,c1ccccc1,298.15,-1.374156545,-1.865570306777954
Cl[C@H]1[C@H](Cl)[C@@H](Cl)c2ccccc2[C@@H]1Cl,c1ccccc1,293.15,-0.282011262,-0.5976014137268066
OC(=O)c1occc1,c1ccccc1,297.98999999999995,-0.97019916,-1.1681283712387085
Brc1ccc(Br)cc1,c1ccccc1,298.15,0.494044405,0.40617114305496216
Nc1ccc(cc1)[N+]([O-])=O,c1ccccc1,298.15,-1.415999566,-1.566468596458435
CC[C@]1(NC(=O)NC1=O)c2ccccc2,c1ccccc1,297.15,-3.009085289,-2.087986469268799
Oc1ccc(cc1[N+]([O-])=O)[N+]([O-])=O,c1ccccc1,288.15,-0.51638858,-1.0610837936401367
Oc1ccc(cc1)N=Nc2ccccc2Cl,c1ccccc1,303.15,-0.24525747,-0.263759583234787
CCC1CCCCC1OC(=O)c2ccccc2C(=O)O,c1ccccc1,290.15,-0.156504393,0.35257086157798767
COc1ccccc1C(/C)=C\C(O)=O,c1ccccc1,294.15,-0.427467058,-0.5632787942886353
C[C@@H](C(O)=O)c1cccc2ccccc12,c1ccccc1,298.15,0.331421669,-0.16633623838424683
CCCCCCC(CCC)(CCC)C(=O)NO,c1ccccc1,299.15,-0.610830638,-0.10768827795982361
C[C@]12CC[C@H]3[C@@H](CCc4cc(O)ccc34)[C@@H]1CC[C@@H]2O,c1ccccc1,303.15,-2.760288511,0.7745629549026489
CCCC(C(O)=O)C(O)=O,c1ccccc1,298.15,-2.506270568,-2.1909947395324707
CCCCCCCCCCCC(C(O)=O)C(O)=O,c1ccccc1,298.15,-3.326703008,-1.4617365598678589
CCCCCCCC=NNC(N)=O,c1ccccc1,293.15,-0.23841898,-0.709493100643158
CCC1(C(=O)NC(=O)NC1=O)C2=CCCCC2,c1ccccc1,293.15,-1.955109128,-1.9824103116989136
ClCCN(CCCl)c1ccc2ccccc2c1,c1ccccc1,288.15,0.474653884,0.0882747694849968
Cc1ccc(cc1)C(/C)=C/C(O)=O,c1ccccc1,293.15,-0.88856542,-1.0844095945358276
[O-][N+](=O)c1cc(c(C(=O)N=[N+]=[N-])c(c1)[N+]([O-])=O)[N+]([O-])=O,c1ccccc1,293.15,-1.507943623,-1.5463823080062866
Cc1cc(ccc1O)N=Nc2ccccc2,c1ccccc1,303.15,-0.497967732,-0.29106026887893677
Cc1c(C)c(C)c(C)c(C)c1C,c1ccccc1,293.15,-0.387229525,1.0764418840408325
OC(=O)/C=C/c1occc1,c1ccccc1,292.15,-1.083361151,-1.3806650638580322
c1ccc2c(c1)cc(C(=O)O)c(=O)o2,CCO,293.15,-2.823897322,-1.3125427961349487
c1cc(cc(c1)[N+](=O)[O-])C(=O)O,CCO,298.15,0.408412743,-0.21706309914588928
CCC(C)C(C(=O)O)N,CCO,298.15,-2.493568977,-1.8225412368774414
c1cc(ccc1N)S(=O)(=O)NC(CO)(CO)CO,CCO,293.15,-1.482794438,-2.739433765411377
c1ccc(cc1)C(=O)OCOC(=O)c1ccccc1,CCO,297.15,-1.113495321,-1.582949161529541
c1ccc(cc1)COc1ccc(cc1)c1cc(COC(=O)N)on1,CCO,293.15,-2.334903897,-1.8805497884750366
Cc1ccc(cc1)OC(=O)NC(=O)N,CCO,291.15,-1.84106883,-1.479164481163025
CC(C)C1CCC(C)C(C1)OC(=O)NC(=O)N,CCO,290.15,-2.026450829,0.14214074611663818
CCC(=O)O[C@H]1CC[C@@]2(C)C(=CC[C@H]3[C@@H]4CC[C@H]([C@H](C)CCCC(C)C)[C@@]4(C)CC[C@H]23)C1,CCO,293.15,-2.044075036,-2.1632866859436035
c1(c(c(c(c(c1Cl)Cl)Cl)Cl)Cl)Cl,CCO,298.15,-3.627094614,-0.7691482305526733
CC1=C(CCC1(C)C)C(=O)O,CCO,288.15,0.134109574,0.12196668982505798
c1cc2cccc3CCc(c1)c23,CCO,298.15,-1.971432302,-0.7925494313240051
C(CCCCC(=O)O)CCCC(=O)O,CCO,298.14,-0.482479538,-0.40021488070487976
c1cc(cnc1)C(=O)N,CCO,298.14,-0.096910013,0.1447388380765915
Cc1cc(C)c(c(c1[N+](=O)[O-])[N+](=O)[O-])[N+](=O)[O-],CCO,293.15,-1.301321832,-1.5615323781967163
C=C(C)C1C/C(=N/Nc2ccccc2)/C(=C(C1)/N=N/c1ccccc1)C,CCO,291.15,-1.510299339,-1.3155189752578735
C1CCC2C(C1)C1CC2NC2CCCC(NC3CC(C4CCCCC34)NC3CCCC(N1)N3)N2,CCO,298.04999999999995,-2.505874587,-0.7306646108627319
C1CCC(C(C1)Cl)SC1CCCCC1Cl,CCO,298.15,-0.730356187,-0.36563292145729065
CC(C(C(=O)O)O)(C(=O)O)O,CCO,298.15,-1.199537073,0.06433822214603424
c1ccnc(c1)NS(=O)(=O)c1ccc(cc1)N,CCO,294.15,-2.020133127,-1.4201223850250244
CCCCCCCCCC(=O)N(c1ccc(cc1)N(C)C)C(=O)Nc1ccc(cc1)N(C)C,CCO,293.15,-3.214442783,-2.085949420928955
C(C(=O)O)n1cnnn1,CCO,298.21,0.183613807,-1.4749701023101807
c1ccc(cc1)CSSCc1ccccc1,CCO,299.53999999999996,-1.487020034,-1.088309645652771
c1ccc(cc1)[C@@H]1OC[C@@H](CO1)OC(=O)c1ccc(cc1)Br,CCO,299.15,-1.861185401,-1.5815646648406982
c1ccc(cc1)Nc1ccc(cc1)/N=N/c1ccc(c2ccccc12)N(=O)=O,CCO,298.15,-2.614399475,-2.1624574661254883
CC(=O)Nc1ccc(cc1Cl)Cl,CCO,293.15,-0.790293243,-0.057355962693691254
CC[C@H](/C=C/[C@@H](C)[C@H]1CC[C@H]2[C@@H]3CC=C4C[C@H](CC[C@]4(C)[C@H]3CC[C@]12C)O)C(C)C,CCO,298.15,-0.78418759,-1.2962578535079956
C(c1c[nH]cn1)[C@@H](C(=O)O)N,CCO,298.04999999999995,-3.186447201,-1.8689967393875122
c1cc(cc(c1)[N+](=O)[O-])NC(=S)N,CCO,293.15,-0.692884357,-1.374590516090393
CCCCCCCCCOC(=O)NC(=O)N,CCO,290.15,-2.283125892,0.046580277383327484
CC(C)CC(C)(C)OC(=O)NC(=O)N,CCO,287.15,-1.342109292,0.18882523477077484
Cc1ccc(cc1)N/C(=N/c1ccc(C)cc1)/n1c2ccc(C)cc2nc1Nc1ccc(C)cc1,CCO,289.15,-2.986980997,-2.4553611278533936
c1ccc(cc1)c1ccc(c(c1)O)[N+](=O)[O-],CCO,298.15,-1.218915059,-1.104013204574585
COc1cc(ccc1O)c1cc(c2ccc(cc2)Cl)[nH]c(=O)c1C#N,CCO,298.14,-1.903076474,-1.797372817993164
CC(=C1CC(=O)C(C)C(=O)C1)C,CCO,291.15,-0.402622421,0.48179683089256287
COc1cc(Cc2cnc(N)nc2N)cc(c1OC)OC,CCO,297.94,-1.933439276,-1.6876680850982666
CC(C)(C)c1ccc(cc1)C(=O)NN(C)C,CCO,298.15,0.113018158,-0.6511109471321106
CCOC(=O)CSC1=N/C(=C\c2ccccc2)/C(=O)N1c1ccccc1,CCO,293.15,-2.075890678,-0.9456162452697754
C#CCSC[C@@H](C(=O)O)N,CCO,298.15,-2.840239779,-2.040344476699829
CC1(C)C2CCC1(C)C(=NO)C2=NO,CCO,293.15,0.707192548,-0.7027242183685303
c1ccc(cc1)C(=C(c1ccccc1)c1ccccc1)c1ccccc1,CCO,293.15,-2.618629819,-1.8875112533569336
CN(C)c1ccc(cc1)C(=N)c1ccc(cc1)N(C)C,CCO,293.15,-0.582021133,-0.7960460186004639
c1cn([C@@H]2CS[C@H](CO)O2)c(=O)nc1N,CCO,298.15,-1.303423437,-1.331796407699585
C[C@@H](Cc1ccccc1)N(O)N(O)[C@H](C)Cc2ccccc2,CCO,298.15,0.380203964,-0.8041454553604126
C[C@]12CCC=CC1=CC[C@@H]1[C@@H]2CC[C@]2(C)[C@H](CC[C@]12O)c1ccc(=O)oc1,CCO,293.15,-2.910861465,-1.3009223937988281
CCCCCC(=O)N(c1ccc(cc1)N(C)C)C(=O)Nc1ccc(cc1)N(C)C,CCO,293.15,-2.701037233,-1.6646854877471924
C(CC(=O)O)C(=O)O,CCO,293.15,-0.170645968,-0.09518477320671082
c1ccc2c(c1)c1NC3=CC=CC(=Nc4c5ccccc5c([nH]4)N=c4c5ccccc5c(=Nc2[nH]1)[nH]4)C3,CCO,298.15,-0.420217749,-2.468104362487793
CC(=O)Oc1ccc(cc1C(=O)O)n1nc2ccccc2n1,CCO,298.15,-2.05739504,-2.3740248680114746
CC(CO)[C@H](C(=O)N[C@@H]1C2CC[C@@](C)([C@@H]1O)C2(C)C)O,CCO,293.15,-0.362324399,-1.520737648010254
C(C(=O)O)C(CC(=O)O)(C(=O)O)O,CCO,298.15,0.390786338,0.38734132051467896
C(CCCCCNCCCCCCCN)CCCCC(=O)O,CCO,293.15,-1.383693868,0.5277903079986572
CCn1cc(c(=O)c2cc3c(cc12)OCO3)C(=O)O,CCO,298.15,-1.850758304,-2.2624645233154297
c1cc(ccc1[C@H](C(=O)O)N)O,CCO,298.37,-3.793469596,-3.3271684646606445
c1ccc(c(c1)C(=O)O)Nc1cccc(c1)C(F)(F)F,CCO,288.15,-0.098819806,-0.1361183226108551
CC(C)c1cc(c(C)c(c1)N)N,CCO,298.15,-1.443202012,0.6410147547721863
CCCCC(C(=O)[O-])[NH3+],CCO,298.15,-2.984312165,-0.22914445400238037
CCC(=Cc1ccco1)C=NNC(=O)N,CCO,295.15,-1.586482533,-0.9466508030891418
C=CC(CC)OC(=O)NC(=O)N,CCO,291.15,-1.015884705,-0.7929235100746155
C(CS(=O)(=O)CCCl)Cl,CCO,293.15,-0.429952338,-0.5238727927207947
CC(=C(c1ccccc1)O)C(=O)c1ccccc1,CCO,293.15,-1.289524726,-1.0416570901870728
CC(C)[C@@H](C)/C=C/[C@@H](C)[C@H]1CC[C@H]2/C(=C/C=C\3/C[C@H](CCC3=C)O)/CCC[C@]12C,CCO,299.15,-0.151257092,-0.12952998280525208
c1ccc(cc1)C(c1ccccc1)(C(c1ccccc1)(c1ccccc1)O)O,CCO,298.15,-2.484844146,-1.5782424211502075
CCn1cc(c(=O)c2ccc(C)nc12)C(=O)O,CCO,298.15,-2.450014266,-1.5276533365249634
CCOC(=O)C(c1ccccc1)SC1=NC(=Cc2ccccc2)C(=O)N1c1ccccc1,CCO,293.15,-2.24801056,-1.5993396043777466
C1CC1n1cc(c(=O)c2cc(c(cc12)N1CCNCC1)F)C(=O)O,CCO,298.14,-3.757007927,-3.743664264678955
CC(C)CCC1(CCO)C(=O)NC(=S)NC1=O,CCO,298.15,-0.277383831,-0.8288719654083252
CCOC(=O)NC(C)(C(=O)O)NC(=O)OCC,CCO,293.15,0.626228979,-0.8357999324798584
c1ccc2c(c1)c1CCCC(=O)c1[nH]2,CCO,293.15,-0.990246259,-0.33558183908462524
CC1(C)C2CC[C@@]1(C)C(=O)/C/2=C(/c1ccccc1)\O,CCO,290.15,-0.983952847,-1.0826749801635742
c1ccc2c(c1)c1=NC3=CC=CC(=Nc4c5ccccc5c(N=C5C=CC=C(C5)N=c2[nH]1)[nH]4)C3,CCO,298.15,0.160128574,-2.461306571960449
c1cc(ccc1C=CC(=O)CC(=O)C=Cc1ccc(cc1)O)O,CCO,293.15,-0.764745547,-1.7534246444702148
CCCCCCCCCCCCCCCc1cccc(c1)O,CCO,297.53999999999996,0.591476024,0.2991475760936737
c1cc(c(c(c1)Cl)Cl)c1c(N)nc(N)nn1,CCO,298.19,-1.848997955,-1.273484706878662
CCCCCCCCCCCCCCCC(=O)OCC(CO)O,CCO,298.15,-0.907458668,-1.4375898838043213
COc1cc(/C=C/CO)cc(c1O[C@H]1[C@@H]([C@H]([C@@H]([C@@H](CO)O1)O)O)O)OC,CCO,293.15,-2.071674923,-1.9647637605667114
c1cc(I)oc1C=O,CCO,293.15,-0.869196505,-0.6897358298301697
c1ccc(cc1)N=Nc1ccc(cc1)N(c1ccccc1)c1ccccc1,CCO,298.15,-0.714448841,-1.0395267009735107
c1cc(ccc1Cl)NC(=S)NNC(=O)c1ccncc1,CCO,298.14,-3.955554542,-1.832203984260559
CCCCCCCCCCCCCCCC(=O)OC(=O)CCCCCCCCCCCCCCC,CCO,293.15,-2.439194048,-2.6737709045410156
CC(C)CC(C)OC(=O)NC(=O)N,CCO,289.65,-1.815289433,-0.12221844494342804
CCCCCCCCCCCCCCCCCC(=O)OCCO,CCO,298.15,-0.999204807,-1.5520520210266113
CCCCCCCC[C@@H]([C@H](CCCCCCCCCCCC(=O)O)O)N(=O)=O,CCO,291.15,-0.049896619,-1.9221577644348145
CC(C)OC(=O)NC(=O)N,CCO,289.15,-1.253629325,-0.7043716311454773
CC(C)CC(C(=O)O)N,CCO,298.15,-2.977971986,-1.8201874494552612
CCCCCCCCCCCCOC(=O)c1cc(c(c(c1)O)O)O,CCO,293.15,0.169483185,0.13358812034130096
COc1cc2c(cc1OC)N1C(=O)C[C@H]3[C@@H]4[C@H]5C[C@H]6[C@]2(CCN6CC5=CCO3)[C@@H]14,CCO,298.15,0.227894327,-2.0722155570983887
C=CCc1ccc(c(c1)OC)OCCSCCOc1ccc(CC=C)cc1OC,CCO,291.15,-2.617593681,-0.6449369192123413
C=CCNC(=S)NNc1ccc(cc1)[N+](=O)[O-],CCO,298.15,-0.886966081,-0.6658127307891846
c1cc(c(cc1[N+](=O)[O-])C(=O)O)N,CCO,291.15,-1.114267759,-1.078729510307312
CCCCC(=O)O[C@H]1CC[C@@]2(C)C(=CC[C@H]3[C@@H]4CC[C@H]([C@H](C)CCCC(C)C)[C@@]4(C)CC[C@H]23)C1,CCO,293.15,-2.070758013,-2.3236443996429443
CC(C)C1=CC[C@H]2C(=C1)CC[C@@H]1[C@]2(C)CCC[C@@]1(C)C(=O)O,CCO,293.15,-1.70251239,-0.4649633765220642
c1ccc(cc1)N(c1ccccc1)c1ccc(cc1)/N=N/c1ccc(cc1)N(=O)=O,CCO,298.15,-2.221129619,-1.9679609537124634
CC(C)(C)S(=O)(=O)C(C)(C)C,CCO,293.15,-0.044315724,0.3231617510318756
C1[C@H]([C@@H]([C@H](C(O)O1)O)O)O,CCO,298.15,-1.245804519,-0.8486474752426147
CCCCCCCCCCCCCCCC(=O)NN,CCO,292.15,-2.475452859,-0.6996787786483765
C([C@@H]1[C@H]([C@@H]([C@H]([C@@H](O1)O[N+](=O)[O-])O[N+](=O)[O-])O[N+](=O)[O-])O[N+](=O)[O-])O[N+](=O)[O-],CCO,293.15,-1.102460505,-1.5290038585662842
C(=C\C(=O)O)/C=C/C(=O)O,CCO,298.15,-2.000113088,-0.3028278350830078
c1cc(c(cc1[N+](=O)[O-])[N+](=O)[O-])Oc1c(cc(cc1[N+](=O)[O-])[N+](=O)[O-])[N+](=O)[O-],CCO,296.15,-1.928721723,-2.406315326690674
CCCCCCCCCCCCCCCCC1C(=O)N=C(N)S1,CCO,298.15,-3.68711345,-0.8761908411979675
c1ccc(c(c1)C(=O)NO)/N=C/c1ccccn1,CCO,293.15,-1.537367482,-1.3922193050384521
CCOC(=O)c1ccc(cc1C)NC(=O)C,CCO,293.15,-0.493410444,-0.022894516587257385
CC(C)(CO)[C@H](C(=O)NCCC(=O)NCCSC(=O)c1ccccc1)O,CCO,293.15,-0.468666514,-1.653781771659851
CC(C)CCCOC(=O)NC(=O)N,CCO,287.15,-1.601661013,-0.2988681495189667
CCC(=O)NCCNC(=O)CC,CCO,298.15,-0.09622215,0.5876496434211731
c1ccc(c(c1)Cl)Nc1ccc(cc1N)Cl,CCO,293.15,-1.801285343,-0.6618922352790833
Cc1cc(c(C)c(c1C(=O)OC)O)O,CCO,293.14,0.205744016,0.2813883125782013
Cc1cc(=O)n(c2ccccc2)n1C,CCO,295.15,0.492373776,0.5241925716400146
c1cnccc1C(=O)N,CCO,298.15,-0.241710093,-0.038085125386714935
COC(=O)c1ccccc1O[C@H]1[C@@H]([C@H]([C@@H]([C@@H](CO[C@H]2[C@@H]([C@H]([C@@H](CO2)O)O)O)O1)O)O)O,CCO,292.15,-2.157324451,-1.428350567817688
C1N2CN3CN1CN(C2)C3,CCO,293.15,-0.788570894,-0.03385230898857117
CC(=O)N(c1ccc(cc1)N(C)C)C(=O)Nc1ccc(cc1)N(C)C,CCO,293.15,-2.593386658,-1.321509599685669
C1COC(=O)CO1,CCO,288.34999999999997,0.845689016,-0.033601004630327225
C1(C(Cl)(Cl)Cl)OC(C(Cl)(Cl)Cl)OC(C(Cl)(Cl)Cl)O1,CCO,298.15,-1.955388283,-0.8360785245895386
c1ccc(cc1)C(=O)/C=C/c1ccc(cc1)[N+](=O)[O-],CCO,299.15,-2.312598381,-1.107832908630371
c1cc(Br)oc1C=O,CCO,293.15,-0.544023372,-0.7552236914634705
c1cc(ccc1S(=O)(=O)N)S(=O)(=O)N,CCO,298.15,-1.771354104,-0.6574782133102417
CC(C)(C)C(=O)OCOP(=O)(COCCn1cnc2c(N)ncnc12)OCOC(=O)C(C)(C)C,CCO,298.14,-0.233704444,-0.7459210157394409
C1CCC2C(C1)C1CC2NC2CCCC(NC3CC(C4CCCCC34)NC3CCCC(C3)N1)N2,CCO,293.15,-2.756964929,-1.3457081317901611
CCCCCC1(CCO)C(=O)NC(=S)NC1=O,CCO,298.15,-0.128941292,-1.1070027351379395
CCCCCCCCCCCCCC(=O)NO,CCO,299.15,-1.0,-0.297176331281662
Cc1cc(cc(c1OCC(=O)Nc1ccccc1)Cl)Cl,CCO,298.15,-0.973099852,-0.8250212669372559
Cc1ccc(cc1)S(=O)(=O)NNC(=O)C(c1ccccc1)(c1ccccc1)O,CCO,294.15,-1.457699002,-1.4268832206726074
Cn1cnc2c1c(=O)[nH]c(=O)n2C,CCO,294.15,-2.602460323,-2.465489149093628
c1ccc2c(c1)ccc1ccccc21,CCO,298.15,-1.9531226,-1.1369357109069824
CCCCCCCCCCCCC(=O)N(c1ccc(cc1)N(C)C)C(=O)Nc1ccc(cc1)N(C)C,CCO,291.15,-3.279386998,-2.2571842670440674
c1ccc(cc1)N(c1ccccc1)c1ccc(cc1)/N=N/c1ccc(cc1N(=O)=O)N(=O)=O,CCO,298.15,-3.22184875,-2.709873914718628
C1C/C(=N\O)/C(=N/NC(=S)N)/C(=N/O)/C1,CCO,298.15,-2.065867745,-2.7804579734802246
c1cnccc1C(=O)N/N=C/[C@H]([C@@H]1[C@@H]([C@@H](C(=O)O1)O)O)O,CCO,294.15,-2.0552195,-2.7519843578338623
Cc1ccc(cc1)[N+](=O)[O-],CCO,288.15,-0.140235068,-0.0653485655784607
c1ccc(cc1)c1ccccc1,CCO,298.15,-0.227885089,-0.5186656713485718
Cc1ccc2c(c1)nc(Nc1ccccc1)[nH]2,CCO,288.15,-0.438764661,-0.5984803438186646
