solute_smiles,solvent_smiles,temperature,y_true,y_pred
CC(C(=O)O)c1cccc(C(=O)c2ccccc2)c1,Cc1ccccc1,278.15,-1.13392896293359,-1.9247599840164185
CC(C(=O)O)c1cccc(C(=O)c2ccccc2)c1,CC#N,298.15,-0.184418900827674,-1.3672688007354736
CC(C(=O)O)c1cccc(C(=O)c2ccccc2)c1,CC#N,278.15,-0.622625231830459,-1.6977280378341675
CC(C(=O)O)c1cccc(C(=O)c2ccccc2)c1,CC#N,288.15,-0.428452267875106,-1.539735198020935
CC(C(=O)O)c1cccc(C(=O)c2ccccc2)c1,CC(C)O,293.15,0.092612840082728,-0.7118522524833679
CC(C(=O)O)c1cccc(C(=O)c2ccccc2)c1,CC#N,273.15,-0.721110729592785,-1.7759225368499756
CC(C(=O)O)c1cccc(C(=O)c2ccccc2)c1,Cc1ccccc1,288.15,-0.887559234042659,-1.7012717723846436
CC(C(=O)O)c1cccc(C(=O)c2ccccc2)c1,CC#N,283.15,-0.543100795336107,-1.6191999912261963
CC(C(=O)O)c1cccc(C(=O)c2ccccc2)c1,Cc1ccccc1,293.15,-0.750837819484697,-1.5691903829574585
CC(C(=O)O)c1cccc(C(=O)c2ccccc2)c1,CCO,288.15,0.195380223480674,-0.3629682660102844
CC(C(=O)O)c1cccc(C(=O)c2ccccc2)c1,CCOC(C)=O,298.15,0.034059994637913,-0.8513280749320984
CC(C(=O)O)c1cccc(C(=O)c2ccccc2)c1,CC(C)O,303.15,0.374665129233712,-0.44860073924064636
CC(C(=O)O)c1cccc(C(=O)c2ccccc2)c1,Cc1ccccc1,273.15,-1.23616904348388,-2.0170655250549316
CC(C(=O)O)c1cccc(C(=O)c2ccccc2)c1,CC#N,293.15,-0.311615353677783,-1.4510716199874878
CC(C(=O)O)c1cccc(C(=O)c2ccccc2)c1,CCO,298.15,0.440035845918325,-0.18527564406394958
CC(C(=O)O)c1cccc(C(=O)c2ccccc2)c1,CO,303.15,0.764168204167601,-0.0581013560295105
CC(C(=O)O)c1cccc(C(=O)c2ccccc2)c1,Cc1ccccc1,298.15,-0.611230558996677,-1.4476594924926758
CC(C(=O)O)c1cccc(C(=O)c2ccccc2)c1,CC#N,303.15,-0.070830114725695,-1.2795746326446533
CC(C(=O)O)c1cccc(C(=O)c2ccccc2)c1,CCO,283.15,0.069276231070328,-0.44983455538749695
CC(C(=O)O)c1cccc(C(=O)c2ccccc2)c1,Cc1ccccc1,283.15,-0.98743908964124,-1.8196872472763062
CC(C(=O)O)c1cccc(C(=O)c2ccccc2)c1,CCCCO,288.15,-0.145050268888196,-0.7419021725654602
CC(C(=O)O)c1cccc(C(=O)c2ccccc2)c1,CCO,303.15,0.538488389249764,-0.08926917612552643
CC(C(=O)O)c1cccc(C(=O)c2ccccc2)c1,CC(C)O,273.15,-0.501526654261669,-1.2109549045562744
CC(C(=O)O)c1cccc(C(=O)c2ccccc2)c1,CC(C)O,288.15,-0.061890035785486,-0.8364684581756592
CC(C(=O)O)c1cccc(C(=O)c2ccccc2)c1,CO,283.15,0.300330280856691,-0.3330089747905731
CC(C(=O)O)c1cccc(C(=O)c2ccccc2)c1,CCCCO,273.15,-0.462825848333396,-1.062525987625122
CC(C(=O)O)c1cccc(C(=O)c2ccccc2)c1,Cc1ccccc1,303.15,-0.484311866627474,-1.3305604457855225
CC(C(=O)O)c1cccc(C(=O)c2ccccc2)c1,CC(C)O,278.15,-0.291151724748331,-1.0861635208129883
CC(C(=O)O)c1cccc(C(=O)c2ccccc2)c1,CCO,273.15,-0.136921353233738,-0.6481990814208984
CC(C(=O)O)c1cccc(C(=O)c2ccccc2)c1,CO,273.15,0.066081411624599,-0.4869270920753479
CC(C(=O)O)c1cccc(C(=O)c2ccccc2)c1,CCOC(C)=O,283.15,-0.219882297108705,-1.062860131263733
CC(C(=O)O)c1cccc(C(=O)c2ccccc2)c1,CCOC(C)=O,288.15,-0.138368153575321,-0.9984756112098694
CC(C(=O)O)c1cccc(C(=O)c2ccccc2)c1,CCCCO,293.15,-0.010338773376787,-0.6320958733558655
CC(C(=O)O)c1cccc(C(=O)c2ccccc2)c1,CCO,293.15,0.321582965144738,-0.2759760320186615
CC(C(=O)O)c1cccc(C(=O)c2ccccc2)c1,CC(C)O,298.15,0.250170217168264,-0.581893801689148
CC(C(=O)O)c1cccc(C(=O)c2ccccc2)c1,CO,293.15,0.563845957148354,-0.2061527818441391
CC(C(=O)O)c1cccc(C(=O)c2ccccc2)c1,CCCCO,278.15,-0.313280585017926,-0.9509750604629517
CC(C(=O)O)c1cccc(C(=O)c2ccccc2)c1,CC(C)O,283.15,-0.215139895730147,-0.9544865489006042
CC(C(=O)O)c1cccc(C(=O)c2ccccc2)c1,CCOC(C)=O,273.15,-0.306222292829015,-1.1984896659851074
CC(C(=O)O)c1cccc(C(=O)c2ccccc2)c1,CCCCO,283.15,-0.254574163421259,-0.8431604504585266
CC(C(=O)O)c1cccc(C(=O)c2ccccc2)c1,CCOC(C)=O,278.15,-0.260855738400649,-1.1313763856887817
CC(C(=O)O)c1cccc(C(=O)c2ccccc2)c1,CO,278.15,0.197671330109434,-0.3984869122505188
CC(C(=O)O)c1cccc(C(=O)c2ccccc2)c1,CCOC(C)=O,303.15,0.104716257762051,-0.7809514403343201
CC(C(=O)O)c1cccc(C(=O)c2ccccc2)c1,C1COCCO1,273.15,0.409772879586309,-0.22649672627449036
CC(C(=O)O)c1cccc(C(=O)c2ccccc2)c1,C1COCCO1,288.15,0.52552665353461,-0.18109068274497986
CC(C(=O)O)c1cccc(C(=O)c2ccccc2)c1,CCO,278.15,0.014237495653131,-0.54864102602005
CC(C(=O)O)c1cccc(C(=O)c2ccccc2)c1,CCOC(C)=O,293.15,-0.051056757414111,-0.9236488342285156
CC(C(=O)O)c1cccc(C(=O)c2ccccc2)c1,CO,288.15,0.441432206694671,-0.2733783423900604
CC(C(=O)O)c1cccc(C(=O)c2ccccc2)c1,CCCCO,303.15,0.224013722455722,-0.3990896940231323
CC(C(=O)O)c1cccc(C(=O)c2ccccc2)c1,C1COCCO1,283.15,0.483909993928883,-0.20058751106262207
CC(C(=O)O)c1cccc(C(=O)c2ccccc2)c1,C1COCCO1,293.15,0.588374097614797,-0.14943042397499084
CC(C(=O)O)c1cccc(C(=O)c2ccccc2)c1,CCCCO,298.15,0.135245335453617,-0.521141529083252
CC(C(=O)O)c1cccc(C(=O)c2ccccc2)c1,C1COCCO1,278.15,0.447963858597497,-0.21468809247016907
CC(C(=O)O)c1cccc(C(=O)c2ccccc2)c1,CO,298.15,0.698405525591575,-0.13237538933753967
CC(C(=O)O)c1cccc(C(=O)c2ccccc2)c1,C1COCCO1,303.15,0.643831704761868,-0.06182768940925598
CC(C(=O)O)c1cccc(C(=O)c2ccccc2)c1,C1COCCO1,298.15,0.613394556453111,-0.10649342834949493
CC(C(=O)O)c1cccc(C(=O)c2ccccc2)c1,CCO,298.15,-0.642995145026669,-0.18527573347091675
CC(C(=O)O)c1cccc(C(=O)c2ccccc2)c1,CCO,293.15,-0.266747417664171,-0.27597564458847046
CC(C(=O)O)c1cccc(C(=O)c2ccccc2)c1,CO,298.15,0.008462604696959,-0.13237518072128296
CC(C(=O)O)c1cccc(C(=O)c2ccccc2)c1,CO,298.15,0.043660649228208,-0.13237488269805908
CC(C(=O)O)c1cccc(C(=O)c2ccccc2)c1,CCO,298.15,-0.104312448394917,-0.18527564406394958
CC(C(=O)O)c1cccc(C(=O)c2ccccc2)c1,CCO,303.15,0.054664565410516,-0.08926890790462494
CC(C(=O)O)c1cccc(C(=O)c2ccccc2)c1,CCO,298.15,0.066565548989918,-0.18527542054653168
CC(C(=O)O)c1cccc(C(=O)c2ccccc2)c1,CCO,298.15,0.10894319399909,-0.18527594208717346
CC(C(=O)O)c1cccc(C(=O)c2ccccc2)c1,CCCCO,298.15,0.016777939995468,-0.5211414098739624
CC(C(=O)O)c1cccc(C(=O)c2ccccc2)c1,CC(C)O,298.15,0.277869277145611,-0.5818936824798584
CC(C(=O)O)c1cccc(C(=O)c2ccccc2)c1,CCOC(C)=O,298.15,0.267273214736891,-0.8513279557228088
CC(C(=O)O)c1cccc(C(=O)c2ccccc2)c1,CO,298.15,0.658680938174487,-0.13237598538398743
CC(C(=O)O)c1cccc(C(=O)c2ccccc2)c1,CO,298.15,0.85360586723241,-0.13237544894218445
CC(=O)NCC(=O)O,CC#N,278.15,-1.20144106047347,-2.220590591430664
CC(=O)NCC(=O)O,CO,278.15,-1.01358893274034,-0.6955414414405823
CC(=O)NCC(=O)O,CC#N,283.15,-1.12219879188122,-2.1799652576446533
CC(=O)NCC(=O)O,CC#N,288.15,-1.05363138663296,-2.119638681411743
CC(=O)NCC(=O)O,CO,283.15,-0.924736046111536,-0.630864679813385
CC(=O)NCC(=O)O,CC#N,293.15,-0.987266675283721,-2.042572259902954
CC(=O)NCC(=O)O,CO,288.15,-0.839124847200427,-0.5672240853309631
CC(=O)NCC(=O)O,CC#N,298.15,-0.910042088111829,-1.9628593921661377
CC(=O)NCC(=O)O,CO,293.15,-0.755463861297961,-0.4992416501045227
CC(=O)NCC(=O)O,CC#N,303.15,-0.852444382434004,-1.881636381149292
CC(=O)NCC(=O)O,CO,298.15,-0.670573101854603,-0.43362823128700256
CC(=O)NCC(=O)O,CC#N,308.15,-0.782114237888694,-1.8045680522918701
CC(=O)NCC(=O)O,CO,303.15,-0.592687142342976,-0.375049889087677
CC(=O)NCC(=O)O,CC#N,313.15,-0.704752143673926,-1.7101871967315674
CC(=O)NCC(=O)O,CC#N,318.15,-0.645526524701657,-1.6069279909133911
CC(=O)NCC(=O)O,CO,308.15,-0.514010663968744,-0.3273111879825592
CC(=O)NCC(=O)O,CC#N,323.15,-0.590623970206856,-1.5162568092346191
CC(=O)NCC(=O)O,CO,313.15,-0.436871512215176,-0.2745670676231384
CC(=O)NCC(=O)O,CC#N,328.15,-0.51087325390144,-1.4477828741073608
CC(=O)NCC(=O)O,CO,318.15,-0.361546546741888,-0.21553103625774384
CC(=O)NCC(=O)O,CO,323.15,-0.334561488886642,-0.16730383038520813
CC(=O)NCC(=O)O,CC#N,333.15,-0.439511039011634,-1.369946837425232
CC(=O)NCC(=O)O,CO,328.15,-0.213841444406527,-0.12908565998077393
CC(=O)NCC(=O)O,CO,333.15,-0.141819036129891,-0.07403121143579483
CCc1ccc2c(c1)C(=O)c1ccccc1C2=O,C1COCCO1,298.15,0.109924890579254,-0.1240694671869278
CCc1ccc2c(c1)C(=O)c1ccccc1C2=O,C1CCOC1,298.15,0.303573053749814,0.03984934836626053
O=C(O)c1cccc(Cl)c1,C1COCCO1,298.15,0.30919472956788,-0.17026975750923157
c1ccc2c(c1)Cc1ccccc1O2,C1COCCO1,298.15,0.315006134127923,0.36288827657699585
c1ccc2c(c1)Nc1ccccc1S2,C1CCOC1,298.15,0.374929096575928,0.18008852005004883
c1ccc2c(c1)Cc1ccccc1O2,C1CCOC1,298.15,0.450111020228878,0.6651520729064941
CC(=O)NCC(=O)O,CCCCO,278.15,-1.79617603947884,-1.7260037660598755
CC(=O)NCC(=O)O,CCCO,278.15,-1.67876698980863,-1.5218141078948975
CC(=O)NCC(=O)O,CCCCO,282.15,-1.72379408444191,-1.6639946699142456
CC(=O)NCC(=O)O,CC(C)O,278.15,-1.61558240353031,-1.5752956867218018
CC(=O)NCC(=O)O,CCCO,282.15,-1.59329556629719,-1.4634350538253784
CC(=O)NCC(=O)O,CCCCO,286.15,-1.65045779113283,-1.6046454906463623
CC(=O)NCC(=O)O,CC(C)O,282.15,-1.54326464487597,-1.512506365776062
CC(=O)NCC(=O)O,CCCO,286.15,-1.52989481832581,-1.4056248664855957
CC(=O)NCC(=O)O,CCO,278.15,-1.41068113990399,-1.1922059059143066
CC(=O)NCC(=O)O,CCCCO,290.15,-1.59243568257106,-1.5430798530578613
CC(=O)NCC(=O)O,CCCO,290.15,-1.45679873318559,-1.349540114402771
CC(=O)NCC(=O)O,CC(C)O,286.15,-1.46366448803578,-1.455245852470398
CC(=O)NCC(=O)O,CCCCO,293.15,-1.53938344869495,-1.490604281425476
CC(=O)NCC(=O)O,CCO,282.15,-1.33087387449231,-1.1358338594436646
CC(=O)NCC(=O)O,CCCO,293.15,-1.41233190550853,-1.2998552322387695
CC(=O)NCC(=O)O,CCCCO,297.15,-1.47665223256482,-1.423606514930725
CC(=O)NCC(=O)O,CC(C)O,290.15,-1.39568843277187,-1.3955599069595337
CC(=O)NCC(=O)O,CCO,286.15,-1.26010095602601,-1.0762598514556885
CC(=O)NCC(=O)O,CC(C)O,293.15,-1.35859818060103,-1.3444865942001343
CC(=O)NCC(=O)O,CCCO,297.15,-1.34906716167208,-1.2358207702636719
CC(=O)NCC(=O)O,CCCCO,302.15,-1.40506256073381,-1.340383529663086
CC(=O)NCC(=O)O,CCO,290.15,-1.19970214482298,-1.0158970355987549
CC(=O)NCC(=O)O,CO,278.15,-1.01941778566241,-0.6955414414405823
CC(=O)NCC(=O)O,CC(C)O,297.15,-1.2863273124206,-1.281880497932434
CC(=O)NCC(=O)O,CCCO,302.15,-1.2745300836842,-1.1531260013580322
CC(=O)NCC(=O)O,CCO,293.15,-1.15406484997764,-0.976164698600769
CC(=O)NCC(=O)O,CCCCO,307.15,-1.33769827585645,-1.2596839666366577
CC(=O)NCC(=O)O,CO,282.15,-0.937643387388639,-0.6449373960494995
CC(=O)NCC(=O)O,CCCO,307.15,-1.20092309820408,-1.0737314224243164
CC(=O)NCC(=O)O,CCO,297.15,-1.08624079582903,-0.9252427816390991
CC(=O)NCC(=O)O,CC(C)O,302.15,-1.20551294798109,-1.206688404083252
CC(=O)NCC(=O)O,CCCCO,311.15,-1.2853918579375,-1.2049421072006226
CC(=O)NCC(=O)O,CCCO,311.15,-1.14614451676453,-1.0127931833267212
CC(=O)NCC(=O)O,CCCCO,315.15,-1.23243161936879,-1.150126576423645
CC(=O)NCC(=O)O,CO,286.15,-0.860358587483847,-0.5930466055870056
CC(=O)NCC(=O)O,CCO,302.15,-1.01602407429151,-0.8571968674659729
CC(=O)NCC(=O)O,CC(C)O,307.15,-1.13393182723458,-1.1261160373687744
CC(=O)NCC(=O)O,CO,290.15,-0.810663523888319,-0.5409961342811584
CC(=O)NCC(=O)O,CCCO,315.15,-1.08551809037686,-0.9568334221839905
CC(=O)NCC(=O)O,CCCCO,319.15,-1.17409662942536,-1.0952893495559692
CC(=O)NCC(=O)O,CC(C)O,311.15,-1.0763715454105,-1.0558829307556152
CC(=O)NCC(=O)O,CCO,307.15,-0.938113531267216,-0.790698230266571
CC(=O)NCC(=O)O,CO,293.15,-0.747471671185068,-0.49924153089523315
CC(=O)NCC(=O)O,CCCO,319.15,-1.02050741759807,-0.906031608581543
CC(=O)NCC(=O)O,CC(C)O,315.15,-1.01856135654591,-0.9865356087684631
CC(=O)NCC(=O)O,CCO,311.15,-0.888042793063911,-0.7335441708564758
CC(=O)NCC(=O)O,CO,297.15,-0.678985823928658,-0.4474366009235382
CC(=O)NCC(=O)O,CC(C)O,319.15,-0.956428164721119,-0.9201673865318298
CC(=O)NCC(=O)O,CCO,315.15,-0.820229525431342,-0.6774005889892578
CC(=O)NCC(=O)O,CO,302.15,-0.599095283599961,-0.38570547103881836
CC(=O)NCC(=O)O,CCO,319.15,-0.758226526216731,-0.6205903887748718
CC(=O)NCC(=O)O,CO,307.15,-0.523281543772243,-0.33658838272094727
CC(=O)NCC(=O)O,CO,311.15,-0.468644583088443,-0.2960933446884155
CC(=O)NCC(=O)O,CO,315.15,-0.404319492859752,-0.2519168257713318
CC(=O)NCC(=O)O,CO,319.15,-0.338831324384647,-0.2032105028629303
COc1ccc(C(=O)O)cc1,CC(O)COC(C)(C)C,298.15,-0.731257063103725,-1.1338974237442017
O=C(O)c1ccc(Cl)cc1,CCCCOCCO,298.15,-0.629150423327878,-0.1818440854549408
O=C(O)c1ccc(Cl)cc1,CCCOCCO,298.15,-0.553322182483099,-0.10120770335197449
COc1ccc(C(=O)O)cc1,CCCOCCO,298.15,-0.519759553424229,-0.23762929439544678
O=C(O)c1ccc(Cl)cc1,CCOCCO,298.15,-0.445113818421897,-0.13075432181358337
O=C(O)c1ccc(Cl)cc1,CC(C)OCCO,298.15,-0.49703909111853,-0.48287156224250793
COc1ccc(C(=O)O)cc1,CC(C)OCCO,298.15,-0.488219873923976,-0.6509324312210083
COc1ccc(C(=O)O)cc1,COC(C)CCO,298.15,-0.464042146743842,-0.2376292496919632
COc1ccc(C(=O)O)cc1,CCCCOCCO,298.15,-0.516668337357905,-0.38560977578163147
COc1ccc(C(=O)O)cc1,CCOCCO,298.15,-0.354462549082363,-0.16092203557491302
CC(=O)Nc1ccc(O)cc1,CC(O)COC(C)(C)C,298.15,-0.542984814770987,-0.8425002694129944
CC(=O)Nc1ccc(O)cc1,CCCCOCCO,298.15,-0.303071450414212,-0.38628894090652466
CC(=O)Nc1ccc(O)cc1,COC(C)CCO,298.15,-0.191561782191975,-0.16685417294502258
CC(=O)Nc1ccc(O)cc1,CCCOCCO,298.15,-0.114667921543888,-0.1668543666601181
NC(=O)c1ccccc1O,COC(C)CCO,298.15,-0.082395734759931,-0.04464618116617203
CC(=O)Nc1ccc(O)cc1,CC(C)OCCO,298.15,-0.077207261736701,-0.44977569580078125
NC(=O)c1ccccc1O,CCCCOCCO,298.15,-0.129205852359214,-0.2794261872768402
NC(=O)c1ccccc1O,CC(O)COC(C)(C)C,298.15,-0.137557499622091,-0.9837309122085571
NC(=O)c1ccccc1O,CC(C)OCCO,298.15,0.002563974674933,-0.5512233376502991
NC(=O)c1ccccc1O,CCCOCCO,298.15,0.031530361669057,-0.044646188616752625
CC(=O)Nc1ccc(O)cc1,CCOCCO,298.15,0.167667153408725,-0.005837570875883102
NC(=O)c1ccccc1O,CCOCCO,298.15,0.195936702007644,0.05743100494146347
c1ccc(-c2ccccc2)cc1,CCOCCO,298.15,0.227952671259205,0.006571857258677483
c1ccc(-c2ccccc2)cc1,COC(C)CCO,298.15,0.184451800652862,0.23376266658306122
c1ccc(-c2ccccc2)cc1,CCCCOCCO,298.15,0.145801380635228,0.31920337677001953
c1ccc(-c2ccccc2)cc1,CC(C)OCCO,298.15,0.222332628813049,-0.14049474895000458
c1ccc(-c2ccccc2)cc1,CCCOCCO,298.15,0.249205346154776,0.2337626814842224
Cc1cccc(C(=O)O)c1,COC(C)CCO,298.15,0.362883055015592,0.34339651465415955
Cc1cccc(C(=O)O)c1,CCOCCO,298.15,0.43852950503609,0.43457844853401184
Cc1cccc(C(=O)O)c1,CCCOCCO,298.15,0.369249176452311,0.3433965742588043
Cc1cccc(C(=O)O)c1,CCCCOCCO,298.15,0.323413792818004,0.2422749400138855
Cc1cccc(C(=O)O)c1,CC(O)COC(C)(C)C,298.15,0.285181505545232,-0.25751033425331116
Cc1cccc(C(=O)O)c1,CC(C)OCCO,298.15,0.407140660984461,0.1436418890953064
CCCCOC(=O)c1ccc(N)cc1,Cc1ccccc1,268.15,-0.495399091061913,-1.02533757686615
CCCCOC(=O)c1ccc(N)cc1,CC(C)O,268.15,-0.31148628654615,-0.40270090103149414
CCCCOC(=O)c1ccc(N)cc1,CO,268.15,0.036361390705293,0.4254147410392761
CCCCOC(=O)c1ccc(N)cc1,CCCCO,268.15,-0.320245909291246,-0.2774916887283325
CCCCOC(=O)c1ccc(N)cc1,CCCO,268.15,-0.211366267311664,-0.14424285292625427
CCCCOC(=O)c1ccc(N)cc1,CC(C)O,273.15,-0.180354969263098,-0.29678916931152344
CCCCOC(=O)c1ccc(N)cc1,Cc1ccccc1,273.15,-0.323928952172816,-0.9534852504730225
CCCCOC(=O)c1ccc(N)cc1,CCCCO,273.15,-0.205249478189298,-0.18137167394161224
CCCCOC(=O)c1ccc(N)cc1,CO,273.15,0.176302660122643,0.49853628873825073
CCCCOC(=O)c1ccc(N)cc1,CCCO,273.15,-0.091908369966274,-0.05404599383473396
CCCCOC(=O)c1ccc(N)cc1,CC(C)O,278.15,-0.033625415920453,-0.15565112233161926
CCCCOC(=O)c1ccc(N)cc1,Cc1ccccc1,278.15,-0.156112930816894,-0.8597087860107422
CCCCOC(=O)c1ccc(N)cc1,CCCCO,278.15,-0.071921731611849,-0.054072510451078415
CCCCOC(=O)c1ccc(N)cc1,CO,278.15,0.315550562955232,0.6021910905838013
CCCCOC(=O)c1ccc(N)cc1,CCCO,278.15,0.054331984483622,0.0755138099193573
CCCCOC(=O)c1ccc(N)cc1,CC(C)O,283.15,0.122342829158892,-0.009430013597011566
CCCCOC(=O)c1ccc(N)cc1,CCCCO,283.15,0.063896573671273,0.0763075202703476
CCCCOC(=O)c1ccc(N)cc1,CCCO,283.15,0.186130621276686,0.19761371612548828
CCCCOC(=O)c1ccc(N)cc1,CO,283.15,0.463069056300279,0.7155013680458069
CCCCOC(=O)c1ccc(N)cc1,Cc1ccccc1,283.15,0.061564042861787,-0.744200587272644
CCCCOC(=O)c1ccc(N)cc1,CC(C)O,288.15,0.286110402452139,0.12533259391784668
CCCCOC(=O)c1ccc(N)cc1,CCCCO,288.15,0.226603933383674,0.20029957592487335
CCCCOC(=O)c1ccc(N)cc1,CCCO,288.15,0.318226614139853,0.30666717886924744
CCCCOC(=O)c1ccc(N)cc1,CO,288.15,0.614475772668347,0.8244578838348389
CCCCOC(=O)c1ccc(N)cc1,Cc1ccccc1,288.15,0.219460795378231,-0.6090531349182129
CCCCOC(=O)c1ccc(N)cc1,CCCCO,293.15,0.388919088638752,0.3169637620449066
CCCCOC(=O)c1ccc(N)cc1,CC(C)O,293.15,0.472869308168644,0.2587698698043823
CCCCOC(=O)c1ccc(N)cc1,CCCO,293.15,0.485307062894278,0.4375251531600952
CCCCOC(=O)c1ccc(N)cc1,CO,293.15,0.785765223834136,0.9367311000823975
CCCCOC(=O)c1ccc(N)cc1,Cc1ccccc1,293.15,0.429254133509264,-0.4375350773334503
CCCCOC(=O)c1ccc(N)cc1,CCCCO,298.15,0.550043250372518,0.44492584466934204
CCCCOC(=O)c1ccc(N)cc1,CCCO,298.15,0.657176313104045,0.5696403384208679
CCCCOC(=O)c1ccc(N)cc1,CC(C)O,298.15,0.663467712214264,0.39370495080947876
CCCCOC(=O)c1ccc(N)cc1,CO,298.15,0.967847806338154,1.0498833656311035
CCCCOC(=O)c1ccc(N)cc1,Cc1ccccc1,298.15,0.594395030415425,-0.26475173234939575
CCCCOC(=O)c1ccc(N)cc1,Cc1ccccc1,273.15,-0.320996788728757,-0.9534850716590881
CCCCOC(=O)c1ccc(N)cc1,CCCO,298.15,0.658050018390129,0.5696403980255127
CCCCOC(=O)c1ccc(N)cc1,CCCCO,268.15,-0.316975892012543,-0.2774917781352997
CCCCOC(=O)c1ccc(N)cc1,CC(C)O,298.15,0.662348510640036,0.39370501041412354
CCCCOC(=O)c1ccc(N)cc1,CC(C)O,268.15,-0.307857728953871,-0.4027007818222046
CCCCOC(=O)c1ccc(N)cc1,CCCO,268.15,-0.210992525297253,-0.1442425549030304
CCCCOC(=O)c1ccc(N)cc1,CCCCO,273.15,-0.20645686489857,-0.18137162923812866
CCCCOC(=O)c1ccc(N)cc1,CO,293.15,0.786597880312748,0.9367309212684631
CCCCOC(=O)c1ccc(N)cc1,Cc1ccccc1,278.15,-0.153971749246051,-0.8597093820571899
CCCCOC(=O)c1ccc(N)cc1,CC(C)O,273.15,-0.178845896923595,-0.29678913950920105
CCCCOC(=O)c1ccc(N)cc1,CCCO,273.15,-0.093837471078746,-0.05404592305421829
CCCCOC(=O)c1ccc(N)cc1,CCCCO,278.15,-0.072455779361258,-0.05407243221998215
CCCCOC(=O)c1ccc(N)cc1,CC(C)O,278.15,-0.035908529465627,-0.15565113723278046
CCCCOC(=O)c1ccc(N)cc1,CO,298.15,0.967028230061736,1.0498833656311035
CCCCOC(=O)c1ccc(N)cc1,Cc1ccccc1,283.15,0.0600751333669,-0.744200587272644
CCCCOC(=O)c1ccc(N)cc1,CO,268.15,0.040069709884938,0.4254148602485657
CCCCOC(=O)c1ccc(N)cc1,CCCO,278.15,0.051990752440205,0.07551359385251999
CCCCOC(=O)c1ccc(N)cc1,CCCCO,283.15,0.063316689846607,0.07630757242441177
CCCCOC(=O)c1ccc(N)cc1,CC(C)O,283.15,0.124461295451369,-0.009429931640625
CCCCOC(=O)c1ccc(N)cc1,CO,273.15,0.173382055661739,0.4985363185405731
CCCCOC(=O)c1ccc(N)cc1,CCCO,283.15,0.184550808626951,0.19761353731155396
CCCCOC(=O)c1ccc(N)cc1,Cc1ccccc1,288.15,0.217725634648629,-0.6090539693832397
CCCCOC(=O)c1ccc(N)cc1,CCCCO,288.15,0.225599796145864,0.20029954612255096
CCCCOC(=O)c1ccc(N)cc1,CC(C)O,288.15,0.285844760841182,0.1253325343132019
CCCCOC(=O)c1ccc(N)cc1,CO,278.15,0.312603570155531,0.602191150188446
CCCCOC(=O)c1ccc(N)cc1,CCCO,288.15,0.317845437790033,0.3066672086715698
CCCCOC(=O)c1ccc(N)cc1,CCCCO,293.15,0.385973559569993,0.3169637620449066
CCCCOC(=O)c1ccc(N)cc1,Cc1ccccc1,293.15,0.428859786494411,-0.43753474950790405
CCCCOC(=O)c1ccc(N)cc1,Cc1ccccc1,268.15,-0.502484150544361,-1.0253379344940186
CCCCOC(=O)c1ccc(N)cc1,CO,283.15,0.465122809487238,0.7155014872550964
CCCCOC(=O)c1ccc(N)cc1,CC(C)O,293.15,0.473237375634565,0.25876957178115845
CCCCOC(=O)c1ccc(N)cc1,CCCO,293.15,0.485467829508399,0.4375251531600952
CCCCOC(=O)c1ccc(N)cc1,CCCCO,298.15,0.548919149249353,0.4449257254600525
CCCCOC(=O)c1ccc(N)cc1,Cc1ccccc1,298.15,0.594039571252387,-0.2647516429424286
CCCCOC(=O)c1ccc(N)cc1,CO,288.15,0.614505478179266,0.8244579434394836
CCOC(=O)c1ccc(N)cc1,ClC(Cl)Cl,278.15,0.165297351381342,-0.5013291835784912
CCOC(=O)c1ccc(N)cc1,ClC(Cl)Cl,283.15,0.249264889814634,-0.43122270703315735
CCOC(=O)c1ccc(N)cc1,ClC(Cl)Cl,288.15,0.333317551707821,-0.3550984561443329
CCOC(=O)c1ccc(N)cc1,ClC(Cl)Cl,293.15,0.410493636465595,-0.2620140612125397
CCOC(=O)c1ccc(N)cc1,ClC(Cl)Cl,298.15,0.496534280204014,-0.17271380126476288
CCOC(=O)c1ccc(N)cc1,ClC(Cl)Cl,298.15,0.499219932375187,-0.17271389067173004
CCOC(=O)c1ccc(N)cc1,ClC(Cl)Cl,303.15,0.579034431573103,-0.0927296131849289
CCOC(=O)c1ccc(N)cc1,ClC(Cl)Cl,303.15,0.582453663032075,-0.09272954612970352
CCOC(=O)c1ccc(N)cc1,ClC(Cl)Cl,308.15,0.65954279712125,-0.021441511809825897
CCOC(=O)c1ccc(N)cc1,ClC(Cl)Cl,313.15,0.742893726507726,0.05162077024579048
CCOC(=O)c1ccc(N)cc1,ClC(Cl)Cl,318.15,0.835805358942674,0.1276155263185501
CCOC(=O)c1ccc(N)cc1,ClC(Cl)Cl,323.15,0.922872161679609,0.1938985288143158
CCOC(=O)c1ccc(N)cc1,C1COCCO1,283.15,0.5418124357179,-0.10772103071212769
CCOC(=O)c1ccc(N)cc1,C1COCCO1,288.15,0.596488563748497,-0.04427044093608856
CCOC(=O)c1ccc(N)cc1,C1COCCO1,293.15,0.650441350150358,0.03619027137756348
CCOC(=O)c1ccc(N)cc1,C1COCCO1,298.15,0.707475445794792,0.11783643066883087
CCOC(=O)c1ccc(N)cc1,C1COCCO1,303.15,0.768652318139849,0.2131357192993164
CCOC(=O)c1ccc(N)cc1,C1COCCO1,308.15,0.824360592839807,0.3235742151737213
CCOC(=O)c1ccc(N)cc1,C1COCCO1,313.15,0.890463436066021,0.42751380801200867
CCOC(=O)c1ccc(N)cc1,C1COCCO1,318.15,0.951666563754327,0.5291013121604919
CCOC(=O)c1ccc(N)cc1,C1COCCO1,323.15,1.02350869980044,0.6075852513313293
CCOC(=O)c1ccc(N)cc1,CC(C)=O,278.15,0.53880041428746,-0.07930956035852432
CCOC(=O)c1ccc(N)cc1,CC(C)=O,283.15,0.591430154244788,-0.026413246989250183
CCOC(=O)c1ccc(N)cc1,CC(C)=O,288.15,0.639955096305673,0.022745728492736816
CCOC(=O)c1ccc(N)cc1,CC(C)=O,293.15,0.692989207800543,0.09349046647548676
CCOC(=O)c1ccc(N)cc1,CC(C)=O,298.15,0.746856528807615,0.17188003659248352
CCOC(=O)c1ccc(N)cc1,CC(C)=O,303.15,0.806858924654329,0.2559918165206909
CCOC(=O)c1ccc(N)cc1,CC(C)=O,303.15,0.810986598346144,0.25599205493927
CCOC(=O)c1ccc(N)cc1,CC(C)=O,308.15,0.860308345575113,0.347457617521286
CCOC(=O)c1ccc(N)cc1,CC(C)=O,313.15,0.926943198085655,0.4374401569366455
CCOC(=O)c1ccc(N)cc1,CC(C)=O,318.15,1.00632639168155,0.5398365259170532
CCOC(=O)c1ccc(N)cc1,CC(C)=O,323.15,1.08767368338535,0.626947283744812
CCOC(=O)c1ccc(N)cc1,CC#N,278.15,0.228612093753754,-0.5106085538864136
CCOC(=O)c1ccc(N)cc1,CC#N,283.15,0.318634416201196,-0.4202837347984314
CCOC(=O)c1ccc(N)cc1,CC#N,288.15,0.414276922063688,-0.33110183477401733
CCOC(=O)c1ccc(N)cc1,CC#N,293.15,0.50757722261361,-0.2377718985080719
CCOC(=O)c1ccc(N)cc1,CC#N,298.15,0.60863194255889,-0.14821918308734894
CCOC(=O)c1ccc(N)cc1,CC#N,298.15,0.612201953708871,-0.14821916818618774
CCOC(=O)c1ccc(N)cc1,CC#N,303.15,0.705732739564168,-0.04463762789964676
CCOC(=O)c1ccc(N)cc1,CC#N,303.15,0.700138905724956,-0.044638022780418396
CCOC(=O)c1ccc(N)cc1,CC#N,308.15,0.791626329262412,0.0726391151547432
CCOC(=O)c1ccc(N)cc1,CC#N,313.15,0.891736101499,0.19102342426776886
CCOC(=O)c1ccc(N)cc1,CC#N,318.15,0.982664090509059,0.320706307888031
CCOC(=O)c1ccc(N)cc1,CC#N,323.15,1.08450831412822,0.4412633776664734
CCOC(=O)c1ccc(N)cc1,Cc1ccccc1,278.15,-0.81226239423916,-1.425950288772583
CCOC(=O)c1ccc(N)cc1,Cc1ccccc1,283.15,-0.699557634837321,-1.344590425491333
CCOC(=O)c1ccc(N)cc1,Cc1ccccc1,288.15,-0.586261045460928,-1.245832085609436
CCOC(=O)c1ccc(N)cc1,Cc1ccccc1,293.15,-0.491361404285384,-1.123443365097046
CCOC(=O)c1ccc(N)cc1,Cc1ccccc1,298.15,-0.366423907283639,-1.0124739408493042
CCOC(=O)c1ccc(N)cc1,Cc1ccccc1,298.15,-0.361083399751408,-1.0124740600585938
CCOC(=O)c1ccc(N)cc1,Cc1ccccc1,303.15,-0.232756541407648,-0.9100064039230347
CCOC(=O)c1ccc(N)cc1,Cc1ccccc1,308.15,-0.09450177026179,-0.807615339756012
CCOC(=O)c1ccc(N)cc1,Cc1ccccc1,313.15,0.080144828513378,-0.6998671889305115
CCOC(=O)c1ccc(N)cc1,Cc1ccccc1,318.15,0.250611967770731,-0.6029019355773926
CCOC(=O)c1ccc(N)cc1,Cc1ccccc1,323.15,0.438693066961426,-0.5058773756027222
CCOC(=O)c1ccc(N)cc1,CCCCO,278.15,-0.483664463256601,-0.35386690497398376
CCOC(=O)c1ccc(N)cc1,CCCCO,283.15,-0.392726875406204,-0.24932026863098145
CCOC(=O)c1ccc(N)cc1,CCCCO,288.15,-0.297031630945673,-0.1460849791765213
CCOC(=O)c1ccc(N)cc1,CCCCO,293.15,-0.197728856458822,-0.037056319415569305
CCOC(=O)c1ccc(N)cc1,CCCCO,298.15,-0.088630612958811,0.07367227226495743
CCOC(=O)c1ccc(N)cc1,CCCCO,298.15,-0.083956933512886,0.07367239147424698
CCOC(=O)c1ccc(N)cc1,CCCCO,303.15,0.026683367555764,0.18616896867752075
CCOC(=O)c1ccc(N)cc1,CCCCO,303.15,0.029631179618943,0.18616895377635956
CCOC(=O)c1ccc(N)cc1,CCCCO,308.15,0.145685219392936,0.30556976795196533
CCOC(=O)c1ccc(N)cc1,CCCCO,313.15,0.278755074373802,0.4363389015197754
CCOC(=O)c1ccc(N)cc1,CCCCO,318.15,0.421906128050769,0.5749900937080383
CCOC(=O)c1ccc(N)cc1,CCCCO,323.15,0.574734373630182,0.7054761052131653
CCOC(=O)c1ccc(N)cc1,CCOC(C)=O,278.15,0.244316924538826,-0.541689395904541
CCOC(=O)c1ccc(N)cc1,CCOC(C)=O,283.15,0.303056108920231,-0.4847448468208313
CCOC(=O)c1ccc(N)cc1,CCOC(C)=O,288.15,0.368002023848918,-0.41336357593536377
CCOC(=O)c1ccc(N)cc1,CCOC(C)=O,293.15,0.424641219302628,-0.31922468543052673
CCOC(=O)c1ccc(N)cc1,CCOC(C)=O,298.15,0.493173943204068,-0.22982968389987946
CCOC(=O)c1ccc(N)cc1,CCOC(C)=O,298.15,0.495676965689112,-0.2298295646905899
CCOC(=O)c1ccc(N)cc1,CCOC(C)=O,303.15,0.558421805017358,-0.1406211256980896
CCOC(=O)c1ccc(N)cc1,CCOC(C)=O,303.15,0.564119362008382,-0.14062100648880005
CCOC(=O)c1ccc(N)cc1,CCOC(C)=O,308.15,0.624979381855406,-0.05711173266172409
CCOC(=O)c1ccc(N)cc1,CCOC(C)=O,313.15,0.699526689419098,0.021597683429718018
CCOC(=O)c1ccc(N)cc1,CCOC(C)=O,318.15,0.771148105180361,0.08712752908468246
CCOC(=O)c1ccc(N)cc1,CCOC(C)=O,323.15,0.856653857620979,0.14813736081123352
CCOC(=O)c1ccc(N)cc1,CO,278.15,0.005178087208212,0.2049001306295395
CCOC(=O)c1ccc(N)cc1,CO,283.15,0.093497473027777,0.29387253522872925
CCOC(=O)c1ccc(N)cc1,CO,288.15,0.184473829654997,0.3818882703781128
CCOC(=O)c1ccc(N)cc1,CO,293.15,0.289928649098386,0.4750951826572418
CCOC(=O)c1ccc(N)cc1,CO,298.15,0.397308101423254,0.5687156319618225
CCOC(=O)c1ccc(N)cc1,CO,298.15,0.403994573654913,0.5687156319618225
CCOC(=O)c1ccc(N)cc1,CO,303.15,0.515250825840568,0.6760871410369873
CCOC(=O)c1ccc(N)cc1,CO,303.15,0.516160611840561,0.6760872006416321
CCOC(=O)c1ccc(N)cc1,CO,308.15,0.635440518794841,0.79099440574646
CCOC(=O)c1ccc(N)cc1,CO,313.15,0.767558144647461,0.9019302129745483
CCOC(=O)c1ccc(N)cc1,CO,318.15,0.900208872697352,1.0048253536224365
CCOC(=O)c1ccc(N)cc1,CO,323.15,1.03501381210256,1.0966750383377075
O=C[C@H](O)[C@H](O)[C@H](O)CO,CCCCCC,283.15,-3.53387162850803,-2.9298341274261475
O=C[C@H](O)[C@H](O)[C@H](O)CO,CCCCCC,293.15,-3.251293649456,-2.744051694869995
O=C[C@H](O)[C@H](O)[C@H](O)CO,CCCCCC,303.15,-3.11859730897251,-2.556084632873535
O=C[C@H](O)[C@H](O)[C@H](O)CO,ClCCl,283.15,-2.78567259270428,-2.4750545024871826
O=C[C@H](O)[C@H](O)[C@H](O)CO,CCCCCC,313.15,-2.88739103479398,-2.385345935821533
O=C[C@H](O)[C@H](O)[C@H](O)CO,CCCCCC,323.15,-2.82181641881413,-2.2072012424468994
O=C[C@H](O)[C@H](O)[C@H](O)CO,ClCCl,288.15,-2.38904560887435,-2.37199330329895
O=C[C@H](O)[C@H](O)[C@H](O)CO,ClCCl,293.15,-2.23760866983823,-2.261101245880127
O=C[C@H](O)[C@H](O)[C@H](O)CO,ClCCl,298.15,-2.19556964297551,-2.1557157039642334
O=C[C@H](O)[C@H](O)[C@H](O)CO,ClCCl,303.15,-2.08385722757231,-2.0632846355438232
O=C[C@H](O)[C@H](O)[C@H](O)CO,CCOC(C)=O,283.15,-2.04202771547551,-2.377504587173462
O=C[C@H](O)[C@H](O)[C@H](O)CO,CCOC(C)=O,293.15,-1.95945505017183,-2.144510269165039
O=C[C@H](O)[C@H](O)[C@H](O)CO,CC#N,283.15,-1.67793988966802,-2.235543966293335
O=C[C@H](O)[C@H](O)[C@H](O)CO,CC#N,293.15,-1.56035144963873,-2.0570220947265625
O=C[C@H](O)[C@H](O)[C@H](O)CO,CCOC(C)=O,303.15,-1.78573541870353,-1.921944499015808
O=C[C@H](O)[C@H](O)[C@H](O)CO,CC#N,303.15,-1.38290559972604,-1.8831207752227783
O=C[C@H](O)[C@H](O)[C@H](O)CO,CC(C)=O,283.15,-1.48885495530838,-2.188242197036743
O=C[C@H](O)[C@H](O)[C@H](O)CO,CCOC(C)=O,313.15,-1.59161979072364,-1.700269103050232
O=C[C@H](O)[C@H](O)[C@H](O)CO,CC(C)=O,293.15,-1.38471337318188,-1.989721655845642
O=C[C@H](O)[C@H](O)[C@H](O)CO,CC(C)CO,283.15,-1.43591471528482,-1.6514508724212646
O=C[C@H](O)[C@H](O)[C@H](O)CO,CC#N,313.15,-1.17660258849075,-1.7241655588150024
O=C[C@H](O)[C@H](O)[C@H](O)CO,CCOC(C)=O,323.15,-1.45043079936355,-1.4912000894546509
O=C[C@H](O)[C@H](O)[C@H](O)CO,CCCCO,283.15,-1.36670333605584,-1.4709259271621704
O=C[C@H](O)[C@H](O)[C@H](O)CO,CC(C)CO,293.15,-1.33897029340717,-1.4603139162063599
O=C[C@H](O)[C@H](O)[C@H](O)CO,CC(C)O,283.15,-1.21663990947405,-1.3784089088439941
O=C[C@H](O)[C@H](O)[C@H](O)CO,CCC(C)O,283.15,-1.27196482321651,-1.6145402193069458
O=C[C@H](O)[C@H](O)[C@H](O)CO,CCCCO,293.15,-1.27372678140887,-1.278986930847168
O=C[C@H](O)[C@H](O)[C@H](O)CO,CC(C)=O,303.15,-1.16260699154933,-1.7825112342834473
O=C[C@H](O)[C@H](O)[C@H](O)CO,CCCO,283.15,-1.15534707359303,-1.18650221824646
O=C[C@H](O)[C@H](O)[C@H](O)CO,CCC(C)O,293.15,-1.20698919404021,-1.4191560745239258
O=C[C@H](O)[C@H](O)[C@H](O)CO,CC#N,323.15,-0.938385469814598,-1.5029963254928589
O=C[C@H](O)[C@H](O)[C@H](O)CO,CC(C)CO,303.15,-1.16724806913599,-1.2520568370819092
O=C[C@H](O)[C@H](O)[C@H](O)CO,CCCO,293.15,-1.03100344427976,-1.003299593925476
O=C[C@H](O)[C@H](O)[C@H](O)CO,CC(C)O,293.15,-1.03317538864717,-1.198047161102295
O=C[C@H](O)[C@H](O)[C@H](O)CO,CC(C)=O,313.15,-0.988239805775702,-1.5774829387664795
O=C[C@H](O)[C@H](O)[C@H](O)CO,CCO,283.15,-0.855551538628366,-0.6687436103820801
O=C[C@H](O)[C@H](O)[C@H](O)CO,CCCCO,303.15,-1.05141529286302,-1.054909110069275
O=C[C@H](O)[C@H](O)[C@H](O)CO,CCC(C)O,303.15,-1.01271726939193,-1.208768606185913
O=C[C@H](O)[C@H](O)[C@H](O)CO,CCO,288.15,-0.770301230315641,-0.6010774374008179
O=C[C@H](O)[C@H](O)[C@H](O)CO,CC(C)CO,313.15,-0.96134485580223,-1.0222958326339722
O=C[C@H](O)[C@H](O)[C@H](O)CO,CCCO,303.15,-0.824817127790241,-0.8042919635772705
O=C[C@H](O)[C@H](O)[C@H](O)CO,CC(C)O,303.15,-0.814714081862327,-0.9914756417274475
O=C[C@H](O)[C@H](O)[C@H](O)CO,CC(C)=O,323.15,-0.805800176728384,-1.366026759147644
O=C[C@H](O)[C@H](O)[C@H](O)CO,CCO,293.15,-0.678333274942662,-0.5266648530960083
O=C[C@H](O)[C@H](O)[C@H](O)CO,CCO,293.15,-0.674202950610655,-0.5266649723052979
O=C[C@H](O)[C@H](O)[C@H](O)CO,CCCCO,313.15,-0.871912254046377,-0.8295192718505859
O=C[C@H](O)[C@H](O)[C@H](O)CO,CCC(C)O,313.15,-0.78432045698398,-0.9745326042175293
O=C[C@H](O)[C@H](O)[C@H](O)CO,CC(C)CO,323.15,-0.776755859745744,-0.8009644150733948
O=C[C@H](O)[C@H](O)[C@H](O)CO,CCO,298.15,-0.544993275536525,-0.4528757333755493
O=C[C@H](O)[C@H](O)[C@H](O)CO,CCCO,313.15,-0.621951960475348,-0.6040035486221313
O=C[C@H](O)[C@H](O)[C@H](O)CO,CCCCO,323.15,-0.662266821745193,-0.6262227296829224
O=C[C@H](O)[C@H](O)[C@H](O)CO,CC(C)O,313.15,-0.561966033141125,-0.7741777896881104
O=C[C@H](O)[C@H](O)[C@H](O)CO,CCO,303.15,-0.432861030650436,-0.3744220733642578
O=C[C@H](O)[C@H](O)[C@H](O)CO,CCC(C)O,323.15,-0.582802344249413,-0.7512682676315308
O=C[C@H](O)[C@H](O)[C@H](O)CO,CCCO,323.15,-0.38803828152691,-0.41139647364616394
O=C[C@H](O)[C@H](O)[C@H](O)CO,CO,283.15,-0.092445925975286,0.06784607470035553
O=C[C@H](O)[C@H](O)[C@H](O)CO,CCO,313.15,-0.162147196618869,-0.21813954412937164
O=C[C@H](O)[C@H](O)[C@H](O)CO,CC(C)O,323.15,-0.250472833935013,-0.5560231804847717
O=C[C@H](O)[C@H](O)[C@H](O)CO,CO,288.15,0.076253409146144,0.12089262157678604
O=C[C@H](O)[C@H](O)[C@H](O)CO,CO,293.15,0.188110555616608,0.175530344247818
O=C[C@H](O)[C@H](O)[C@H](O)CO,CCO,323.15,0.076700305498847,-0.042466916143894196
O=C[C@H](O)[C@H](O)[C@H](O)CO,CO,298.15,0.315153480394773,0.23045019805431366
O=C[C@H](O)[C@H](O)[C@H](O)CO,CO,303.15,0.469573106892165,0.28705212473869324
CC(C)(Oc1ccc(CCNC(=O)c2ccc(Cl)cc2)cc1)C(=O)O,CO,283.12,-1.23375703101808,-1.1725987195968628
CC(C)(Oc1ccc(CCNC(=O)c2ccc(Cl)cc2)cc1)C(=O)O,CO,288.24,-1.20846251679595,-1.097107172012329
CC(C)(Oc1ccc(CCNC(=O)c2ccc(Cl)cc2)cc1)C(=O)O,CO,293.26,-1.15539106932195,-1.0149859189987183
CC(C)(Oc1ccc(CCNC(=O)c2ccc(Cl)cc2)cc1)C(=O)O,CO,298.17,-1.08252134324298,-0.9309813380241394
CC(C)(Oc1ccc(CCNC(=O)c2ccc(Cl)cc2)cc1)C(=O)O,CO,303.12,-0.999173133981485,-0.8399703502655029
CC(C)(Oc1ccc(CCNC(=O)c2ccc(Cl)cc2)cc1)C(=O)O,CO,308.14,-0.915413850801849,-0.7449116110801697
CC(C)(Oc1ccc(CCNC(=O)c2ccc(Cl)cc2)cc1)C(=O)O,CO,313.13,-0.826604826228369,-0.648428201675415
CC(C)(Oc1ccc(CCNC(=O)c2ccc(Cl)cc2)cc1)C(=O)O,CO,318.14,-0.73975009009888,-0.5506058931350708
CC(C)(Oc1ccc(CCNC(=O)c2ccc(Cl)cc2)cc1)C(=O)O,CO,323.12,-0.656261590238577,-0.4616188406944275
CC(C)(Oc1ccc(CCNC(=O)c2ccc(Cl)cc2)cc1)C(=O)O,CC#N,283.24,-2.65920617381595,-2.4131805896759033
CC(C)(Oc1ccc(CCNC(=O)c2ccc(Cl)cc2)cc1)C(=O)O,CC#N,288.25,-2.53109596049369,-2.32028865814209
CC(C)(Oc1ccc(CCNC(=O)c2ccc(Cl)cc2)cc1)C(=O)O,CC#N,293.24,-2.41271503426923,-2.2161381244659424
CC(C)(Oc1ccc(CCNC(=O)c2ccc(Cl)cc2)cc1)C(=O)O,CC#N,298.25,-2.27977286643712,-2.1184990406036377
CC(C)(Oc1ccc(CCNC(=O)c2ccc(Cl)cc2)cc1)C(=O)O,CCCCOC(C)=O,283.17,-2.60278407691805,-2.3393986225128174
CC(C)(Oc1ccc(CCNC(=O)c2ccc(Cl)cc2)cc1)C(=O)O,CC#N,303.24,-2.17506655060884,-2.0196592807769775
CC(C)(Oc1ccc(CCNC(=O)c2ccc(Cl)cc2)cc1)C(=O)O,CCCCOC(C)=O,288.19,-2.51404800917101,-2.274928092956543
CC(C)(Oc1ccc(CCNC(=O)c2ccc(Cl)cc2)cc1)C(=O)O,CCC(=O)OC,283.19,-2.34642879878468,-1.9945207834243774
CC(C)(Oc1ccc(CCNC(=O)c2ccc(Cl)cc2)cc1)C(=O)O,CCCOC(C)=O,283.16,-2.39595550590009,-2.225938320159912
CC(C)(Oc1ccc(CCNC(=O)c2ccc(Cl)cc2)cc1)C(=O)O,CC#N,308.22,-2.05639041199526,-1.9196455478668213
CC(C)(Oc1ccc(CCNC(=O)c2ccc(Cl)cc2)cc1)C(=O)O,CCCCOC(C)=O,293.2,-2.42566737268613,-2.1974270343780518
CC(C)(Oc1ccc(CCNC(=O)c2ccc(Cl)cc2)cc1)C(=O)O,CCC(=O)OC,288.22,-2.25325240040526,-1.9235590696334839
CC(C)(Oc1ccc(CCNC(=O)c2ccc(Cl)cc2)cc1)C(=O)O,CCCOC(C)=O,288.24,-2.31869112501074,-2.1616499423980713
CC(C)(Oc1ccc(CCNC(=O)c2ccc(Cl)cc2)cc1)C(=O)O,CCOC(C)=O,283.17,-2.23856953958179,-2.1433393955230713
CC(C)(Oc1ccc(CCNC(=O)c2ccc(Cl)cc2)cc1)C(=O)O,CC#N,313.22,-1.93541684797007,-1.8075034618377686
CC(C)(Oc1ccc(CCNC(=O)c2ccc(Cl)cc2)cc1)C(=O)O,CCCCOC(C)=O,298.14,-2.32206095000632,-2.125075340270996
CC(C)(Oc1ccc(CCNC(=O)c2ccc(Cl)cc2)cc1)C(=O)O,CCC(=O)OC,293.23,-2.16785748431481,-1.8519539833068848
CC(C)(Oc1ccc(CCNC(=O)c2ccc(Cl)cc2)cc1)C(=O)O,CCCOC(C)=O,293.16,-2.23852051375906,-2.0912704467773438
CC(C)(Oc1ccc(CCNC(=O)c2ccc(Cl)cc2)cc1)C(=O)O,CCOC(C)=O,288.17,-2.16446425180539,-2.069279909133911
CC(C)(Oc1ccc(CCNC(=O)c2ccc(Cl)cc2)cc1)C(=O)O,CCCCOC(C)=O,303.19,-2.23304826076347,-2.0530076026916504
CC(C)(Oc1ccc(CCNC(=O)c2ccc(Cl)cc2)cc1)C(=O)O,CCOC(C)=O,293.16,-2.09294876824188,-1.9974457025527954
CC(C)(Oc1ccc(CCNC(=O)c2ccc(Cl)cc2)cc1)C(=O)O,CC#N,318.23,-1.82620705854492,-1.7034541368484497
CC(C)(Oc1ccc(CCNC(=O)c2ccc(Cl)cc2)cc1)C(=O)O,CCCOC(C)=O,298.18,-2.14822665609742,-2.024122476577759
CC(C)(Oc1ccc(CCNC(=O)c2ccc(Cl)cc2)cc1)C(=O)O,CCC(=O)OC,298.17,-2.06885015203214,-1.785388708114624
CC(C)(Oc1ccc(CCNC(=O)c2ccc(Cl)cc2)cc1)C(=O)O,CCCCOC(C)=O,308.16,-2.15329166998046,-1.9830331802368164
CC(C)(Oc1ccc(CCNC(=O)c2ccc(Cl)cc2)cc1)C(=O)O,CCOC(C)=O,298.14,-1.99176025521445,-1.9335452318191528
CC(C)(Oc1ccc(CCNC(=O)c2ccc(Cl)cc2)cc1)C(=O)O,CCCOC(C)=O,303.16,-2.06642872546389,-1.958458423614502
CC(C)(Oc1ccc(CCNC(=O)c2ccc(Cl)cc2)cc1)C(=O)O,CCC(=O)OC,303.23,-1.98768296466955,-1.7174913883209229
CC(C)(Oc1ccc(CCNC(=O)c2ccc(Cl)cc2)cc1)C(=O)O,CC#N,323.24,-1.72556122824583,-1.6072466373443604
CC(C)(Oc1ccc(CCNC(=O)c2ccc(Cl)cc2)cc1)C(=O)O,CCCCOC(C)=O,313.14,-2.07483797902181,-1.9026297330856323
CC(C)(Oc1ccc(CCNC(=O)c2ccc(Cl)cc2)cc1)C(=O)O,CC(C)CO,282.95,-1.90093324262591,-1.6799037456512451
CC(C)(Oc1ccc(CCNC(=O)c2ccc(Cl)cc2)cc1)C(=O)O,CCC(=O)OC,308.14,-1.91289890134138,-1.6482445001602173
CC(C)(Oc1ccc(CCNC(=O)c2ccc(Cl)cc2)cc1)C(=O)O,CCOC(C)=O,303.17,-1.91477323606371,-1.8715084791183472
CC(C)(Oc1ccc(CCNC(=O)c2ccc(Cl)cc2)cc1)C(=O)O,CCCOC(C)=O,308.16,-1.98449528871549,-1.892354130744934
CC(C)(Oc1ccc(CCNC(=O)c2ccc(Cl)cc2)cc1)C(=O)O,CCCCOC(C)=O,318.14,-1.99231674123303,-1.8148343563079834
CC(C)(Oc1ccc(CCNC(=O)c2ccc(Cl)cc2)cc1)C(=O)O,CC(C)O,283.06,-1.71393850810984,-1.6295002698898315
CC(C)(Oc1ccc(CCNC(=O)c2ccc(Cl)cc2)cc1)C(=O)O,CCCOC(C)=O,313.18,-1.90654517039332,-1.8171581029891968
CC(C)(Oc1ccc(CCNC(=O)c2ccc(Cl)cc2)cc1)C(=O)O,CCOC(C)=O,308.14,-1.83109507908626,-1.8083741664886475
CC(C)(Oc1ccc(CCNC(=O)c2ccc(Cl)cc2)cc1)C(=O)O,CCC(=O)OC,313.24,-1.82405131228904,-1.570129156112671
CC(C)(Oc1ccc(CCNC(=O)c2ccc(Cl)cc2)cc1)C(=O)O,CC(C)CCO,283.77,-1.85742757790328,-1.726970911026001
CC(C)(Oc1ccc(CCNC(=O)c2ccc(Cl)cc2)cc1)C(=O)O,CC(C)CO,288.04,-1.78729771279331,-1.5914160013198853
CC(C)(Oc1ccc(CCNC(=O)c2ccc(Cl)cc2)cc1)C(=O)O,CCCCOC(C)=O,323.2,-1.91094821947931,-1.7280768156051636
CC(C)(Oc1ccc(CCNC(=O)c2ccc(Cl)cc2)cc1)C(=O)O,CCCOC(C)=O,318.16,-1.8259179115266,-1.7332067489624023
CC(C)(Oc1ccc(CCNC(=O)c2ccc(Cl)cc2)cc1)C(=O)O,CCOC(C)=O,313.17,-1.7512950200141,-1.7350534200668335
CC(C)(Oc1ccc(CCNC(=O)c2ccc(Cl)cc2)cc1)C(=O)O,CCC(=O)OC,318.16,-1.73708579554351,-1.4866973161697388
CC(C)(Oc1ccc(CCNC(=O)c2ccc(Cl)cc2)cc1)C(=O)O,CCC(C)=O,283.14,-1.66431118667834,-1.6326441764831543
CC(C)(Oc1ccc(CCNC(=O)c2ccc(Cl)cc2)cc1)C(=O)O,CC(C)O,288.14,-1.58933838273217,-1.5387701988220215
CC(C)(Oc1ccc(CCNC(=O)c2ccc(Cl)cc2)cc1)C(=O)O,CC(C)CCO,288.56,-1.74093065988817,-1.6396615505218506
CC(C)(Oc1ccc(CCNC(=O)c2ccc(Cl)cc2)cc1)C(=O)O,CC(C)CO,292.93,-1.65650764741264,-1.4963362216949463
CC(C)(Oc1ccc(CCNC(=O)c2ccc(Cl)cc2)cc1)C(=O)O,CCCOC(C)=O,323.16,-1.74556433732094,-1.6471095085144043
CC(C)(Oc1ccc(CCNC(=O)c2ccc(Cl)cc2)cc1)C(=O)O,CCOC(C)=O,318.16,-1.66070985891868,-1.6473840475082397
CC(C)(Oc1ccc(CCNC(=O)c2ccc(Cl)cc2)cc1)C(=O)O,CCC(=O)OC,323.18,-1.65596132309377,-1.4032295942306519
CC(C)(Oc1ccc(CCNC(=O)c2ccc(Cl)cc2)cc1)C(=O)O,CCC(C)=O,288.16,-1.59296658456753,-1.548232078552246
CC(C)(Oc1ccc(CCNC(=O)c2ccc(Cl)cc2)cc1)C(=O)O,CCCCO,283.16,-1.60032436920568,-1.5078809261322021
CC(C)(Oc1ccc(CCNC(=O)c2ccc(Cl)cc2)cc1)C(=O)O,CCC(C)O,283.16,-1.59585708323774,-1.6879682540893555
CC(C)(Oc1ccc(CCNC(=O)c2ccc(Cl)cc2)cc1)C(=O)O,CCCCCO,283.23,-1.66123879449596,-1.5827784538269043
CC(C)(Oc1ccc(CCNC(=O)c2ccc(Cl)cc2)cc1)C(=O)O,CCCO,283.13,-1.48987827863586,-1.4260306358337402
CC(C)(Oc1ccc(CCNC(=O)c2ccc(Cl)cc2)cc1)C(=O)O,CC(C)O,293.19,-1.49236171172291,-1.434281587600708
CC(C)(Oc1ccc(CCNC(=O)c2ccc(Cl)cc2)cc1)C(=O)O,CC(C)CCO,293.5,-1.64017541058505,-1.5360667705535889
CC(C)(Oc1ccc(CCNC(=O)c2ccc(Cl)cc2)cc1)C(=O)O,CCO,283.14,-1.34802264708257,-1.3274829387664795
CC(C)(Oc1ccc(CCNC(=O)c2ccc(Cl)cc2)cc1)C(=O)O,CC(C)CO,298.24,-1.54951654684386,-1.392001748085022
CC(C)(Oc1ccc(CCNC(=O)c2ccc(Cl)cc2)cc1)C(=O)O,CCOC(C)=O,323.19,-1.58806236913822,-1.565494418144226
CC(C)(Oc1ccc(CCNC(=O)c2ccc(Cl)cc2)cc1)C(=O)O,CCC(C)=O,293.17,-1.52238303601342,-1.4526444673538208
CC(C)(Oc1ccc(CCNC(=O)c2ccc(Cl)cc2)cc1)C(=O)O,CCCCO,288.17,-1.52690572391269,-1.4255563020706177
CC(C)(Oc1ccc(CCNC(=O)c2ccc(Cl)cc2)cc1)C(=O)O,CCO,288.24,-1.31281787205201,-1.2496761083602905
CC(C)(Oc1ccc(CCNC(=O)c2ccc(Cl)cc2)cc1)C(=O)O,CCCCCO,288.23,-1.5739965420168,-1.4941641092300415
CC(C)(Oc1ccc(CCNC(=O)c2ccc(Cl)cc2)cc1)C(=O)O,CCCO,288.18,-1.40902577426916,-1.3474310636520386
CC(C)(Oc1ccc(CCNC(=O)c2ccc(Cl)cc2)cc1)C(=O)O,CCC(C)O,288.17,-1.4915769427174,-1.600853681564331
CC(C)(Oc1ccc(CCNC(=O)c2ccc(Cl)cc2)cc1)C(=O)O,CC(C)O,298.24,-1.40348200524296,-1.329853892326355
CC(C)(Oc1ccc(CCNC(=O)c2ccc(Cl)cc2)cc1)C(=O)O,CC(C)CCO,298.59,-1.55292503220604,-1.4318500757217407
CC(C)(Oc1ccc(CCNC(=O)c2ccc(Cl)cc2)cc1)C(=O)O,CCC(C)=O,298.16,-1.45720535953013,-1.3675916194915771
CC(C)(Oc1ccc(CCNC(=O)c2ccc(Cl)cc2)cc1)C(=O)O,CC(C)CO,303.2,-1.46861233683299,-1.2908480167388916
CC(C)(Oc1ccc(CCNC(=O)c2ccc(Cl)cc2)cc1)C(=O)O,CCO,293.3,-1.24688857543092,-1.1631020307540894
CC(C)(Oc1ccc(CCNC(=O)c2ccc(Cl)cc2)cc1)C(=O)O,CCCCO,293.14,-1.43836026621468,-1.332283616065979
CC(C)(Oc1ccc(CCNC(=O)c2ccc(Cl)cc2)cc1)C(=O)O,CCCCCO,293.29,-1.49604333824216,-1.3938130140304565
CC(C)(Oc1ccc(CCNC(=O)c2ccc(Cl)cc2)cc1)C(=O)O,CCCO,293.27,-1.32683320433544,-1.2595176696777344
CC(C)(Oc1ccc(CCNC(=O)c2ccc(Cl)cc2)cc1)C(=O)O,CC(C)CCO,303.13,-1.47689132913617,-1.3418786525726318
CC(C)(Oc1ccc(CCNC(=O)c2ccc(Cl)cc2)cc1)C(=O)O,CCC(C)O,293.14,-1.39928241172616,-1.503735065460205
CC(C)(Oc1ccc(CCNC(=O)c2ccc(Cl)cc2)cc1)C(=O)O,CCC(C)=O,303.17,-1.38780962725201,-1.2857069969177246
CC(C)(Oc1ccc(CCNC(=O)c2ccc(Cl)cc2)cc1)C(=O)O,CC(C)O,303.21,-1.31720348768861,-1.2250142097473145
CC(C)(Oc1ccc(CCNC(=O)c2ccc(Cl)cc2)cc1)C(=O)O,CCO,298.28,-1.17482853264809,-1.0766228437423706
CC(C)(Oc1ccc(CCNC(=O)c2ccc(Cl)cc2)cc1)C(=O)O,CC(C)CO,308.22,-1.37263820043015,-1.1905992031097412
CC(C)(Oc1ccc(CCNC(=O)c2ccc(Cl)cc2)cc1)C(=O)O,CCCCO,298.17,-1.35419284084378,-1.2396204471588135
CC(C)(Oc1ccc(CCNC(=O)c2ccc(Cl)cc2)cc1)C(=O)O,CCCCCO,298.5,-1.42387677151276,-1.2932382822036743
CC(C)(Oc1ccc(CCNC(=O)c2ccc(Cl)cc2)cc1)C(=O)O,CCCO,298.53,-1.24925327133804,-1.1674426794052124
CC(C)(Oc1ccc(CCNC(=O)c2ccc(Cl)cc2)cc1)C(=O)O,CCC(C)=O,308.14,-1.31898249895084,-1.20302152633667
CC(C)(Oc1ccc(CCNC(=O)c2ccc(Cl)cc2)cc1)C(=O)O,CCC(C)O,298.16,-1.31488478874727,-1.4037436246871948
CC(C)(Oc1ccc(CCNC(=O)c2ccc(Cl)cc2)cc1)C(=O)O,CC(C)CCO,308.21,-1.38542136484222,-1.248416781425476
CC(C)(Oc1ccc(CCNC(=O)c2ccc(Cl)cc2)cc1)C(=O)O,CC(C)O,308.16,-1.22446610697595,-1.1223279237747192
CC(C)(Oc1ccc(CCNC(=O)c2ccc(Cl)cc2)cc1)C(=O)O,CCO,303.24,-1.10118296908956,-0.9846906661987305
CC(C)(Oc1ccc(CCNC(=O)c2ccc(Cl)cc2)cc1)C(=O)O,CC(C)CO,313.23,-1.28265601058049,-1.0909812450408936
CC(C)(Oc1ccc(CCNC(=O)c2ccc(Cl)cc2)cc1)C(=O)O,CCCCO,303.16,-1.27028441980142,-1.1464557647705078
CC(C)(Oc1ccc(CCNC(=O)c2ccc(Cl)cc2)cc1)C(=O)O,O=C1CCCCC1,283.14,-1.31417437402705,-1.241593599319458
CC(C)(Oc1ccc(CCNC(=O)c2ccc(Cl)cc2)cc1)C(=O)O,CCCCCO,303.24,-1.33980186913757,-1.2024381160736084
CC(C)(Oc1ccc(CCNC(=O)c2ccc(Cl)cc2)cc1)C(=O)O,CCC(C)=O,313.16,-1.25764796917869,-1.1153395175933838
CC(C)(Oc1ccc(CCNC(=O)c2ccc(Cl)cc2)cc1)C(=O)O,CCCO,303.33,-1.16244415295853,-1.076493501663208
CC(C)(Oc1ccc(CCNC(=O)c2ccc(Cl)cc2)cc1)C(=O)O,CCC(C)O,303.16,-1.24086766848679,-1.2994390726089478
CC(C)(Oc1ccc(CCNC(=O)c2ccc(Cl)cc2)cc1)C(=O)O,CCO,308.22,-1.03962700266055,-0.8879152536392212
CC(C)(Oc1ccc(CCNC(=O)c2ccc(Cl)cc2)cc1)C(=O)O,CC(C)CCO,313.25,-1.29873029852297,-1.1494511365890503
CC(C)(Oc1ccc(CCNC(=O)c2ccc(Cl)cc2)cc1)C(=O)O,CC(C)O,313.14,-1.13521103870768,-1.0169404745101929
CC(C)(Oc1ccc(CCNC(=O)c2ccc(Cl)cc2)cc1)C(=O)O,CCC(C)=O,318.17,-1.20001299791815,-1.0385708808898926
CC(C)(Oc1ccc(CCNC(=O)c2ccc(Cl)cc2)cc1)C(=O)O,CCCCO,308.14,-1.18776367952498,-1.0502625703811646
CC(C)(Oc1ccc(CCNC(=O)c2ccc(Cl)cc2)cc1)C(=O)O,CCCCCO,308.02,-1.26079114370547,-1.1148380041122437
CC(C)(Oc1ccc(CCNC(=O)c2ccc(Cl)cc2)cc1)C(=O)O,CC(C)CO,318.17,-1.19306930078865,-0.9997802972793579
CC(C)(Oc1ccc(CCNC(=O)c2ccc(Cl)cc2)cc1)C(=O)O,O=C1CCCCC1,288.19,-1.22920183100371,-1.1720428466796875
CC(C)(Oc1ccc(CCNC(=O)c2ccc(Cl)cc2)cc1)C(=O)O,CCCO,308.23,-1.08722232360437,-0.9842031598091125
CC(C)(Oc1ccc(CCNC(=O)c2ccc(Cl)cc2)cc1)C(=O)O,CCC(C)O,308.14,-1.15990556690115,-1.1988505125045776
CC(C)(Oc1ccc(CCNC(=O)c2ccc(Cl)cc2)cc1)C(=O)O,CCO,313.13,-0.950301355896652,-0.7893999814987183
CC(C)(Oc1ccc(CCNC(=O)c2ccc(Cl)cc2)cc1)C(=O)O,CC(C)CCO,318.17,-1.21760996670249,-1.055807113647461
CC(C)(Oc1ccc(CCNC(=O)c2ccc(Cl)cc2)cc1)C(=O)O,CCC(C)=O,323.16,-1.13072995040206,-0.977665901184082
CC(C)(Oc1ccc(CCNC(=O)c2ccc(Cl)cc2)cc1)C(=O)O,CC(C)O,318.22,-1.04485741765427,-0.9074068069458008
CC(C)(Oc1ccc(CCNC(=O)c2ccc(Cl)cc2)cc1)C(=O)O,CCCCCO,313.08,-1.1814586216454,-1.0186941623687744
CC(C)(Oc1ccc(CCNC(=O)c2ccc(Cl)cc2)cc1)C(=O)O,CCCCO,313.17,-1.10498352542847,-0.9601423740386963
CC(C)(Oc1ccc(CCNC(=O)c2ccc(Cl)cc2)cc1)C(=O)O,CCCO,313.37,-1.01617023448349,-0.8851692080497742
CC(C)(Oc1ccc(CCNC(=O)c2ccc(Cl)cc2)cc1)C(=O)O,O=C1CCCCC1,293.24,-1.14711456333228,-1.0898641347885132
CC(C)(Oc1ccc(CCNC(=O)c2ccc(Cl)cc2)cc1)C(=O)O,CC(C)CO,323.2,-1.1040436661448,-0.9203527569770813
CC(C)(Oc1ccc(CCNC(=O)c2ccc(Cl)cc2)cc1)C(=O)O,CCC(C)O,313.17,-1.08479067308553,-1.0925568342208862
CC(C)(Oc1ccc(CCNC(=O)c2ccc(Cl)cc2)cc1)C(=O)O,CCO,318.18,-0.87260621993099,-0.6885882019996643
CC(C)(Oc1ccc(CCNC(=O)c2ccc(Cl)cc2)cc1)C(=O)O,CC(C)CCO,323.25,-1.13432960042512,-0.9760395288467407
CC(C)(Oc1ccc(CCNC(=O)c2ccc(Cl)cc2)cc1)C(=O)O,CC(C)O,323.2,-0.964193995716802,-0.8153871893882751
CC(C)(Oc1ccc(CCNC(=O)c2ccc(Cl)cc2)cc1)C(=O)O,CCCO,318.35,-0.948545423387056,-0.7948798537254333
CC(C)(Oc1ccc(CCNC(=O)c2ccc(Cl)cc2)cc1)C(=O)O,CCCCCO,317.95,-1.10748178914768,-0.9381426572799683
CC(C)(Oc1ccc(CCNC(=O)c2ccc(Cl)cc2)cc1)C(=O)O,CCCCO,318.16,-1.02359839207104,-0.8771145939826965
CC(C)(Oc1ccc(CCNC(=O)c2ccc(Cl)cc2)cc1)C(=O)O,O=C1CCCCC1,298.14,-1.06211091812619,-1.0231832265853882
CC(C)(Oc1ccc(CCNC(=O)c2ccc(Cl)cc2)cc1)C(=O)O,CCC(C)O,318.16,-1.01017830456196,-0.9897611141204834
CC(C)(Oc1ccc(CCNC(=O)c2ccc(Cl)cc2)cc1)C(=O)O,CCO,323.24,-0.79144698095477,-0.5973522663116455
CC(C)(Oc1ccc(CCNC(=O)c2ccc(Cl)cc2)cc1)C(=O)O,CCCCCO,322.74,-1.03139693199861,-0.867996096611023
CC(C)(Oc1ccc(CCNC(=O)c2ccc(Cl)cc2)cc1)C(=O)O,CCCO,323.26,-0.866137469181592,-0.7217197418212891
CC(C)(Oc1ccc(CCNC(=O)c2ccc(Cl)cc2)cc1)C(=O)O,CCCCO,323.17,-0.952991113306526,-0.8013085126876831
CC(C)(Oc1ccc(CCNC(=O)c2ccc(Cl)cc2)cc1)C(=O)O,CCC(C)O,323.16,-0.947201421616827,-0.9103708267211914
CC(C)(Oc1ccc(CCNC(=O)c2ccc(Cl)cc2)cc1)C(=O)O,O=C1CCCCC1,303.27,-0.986974340263924,-0.9653527736663818
CC(C)(Oc1ccc(CCNC(=O)c2ccc(Cl)cc2)cc1)C(=O)O,O=C1CCCCC1,308.13,-0.91031391684481,-0.9171905517578125
CC(C)(Oc1ccc(CCNC(=O)c2ccc(Cl)cc2)cc1)C(=O)O,O=C1CCCCC1,313.19,-0.83586656483386,-0.8616023063659668
CC(C)(Oc1ccc(CCNC(=O)c2ccc(Cl)cc2)cc1)C(=O)O,O=C1CCCCC1,318.22,-0.769958297384351,-0.8066198825836182
CC(C)(Oc1ccc(CCNC(=O)c2ccc(Cl)cc2)cc1)C(=O)O,O=C1CCCCC1,323.22,-0.707828717850624,-0.7644959688186646
N[C@@H](CS)C(=O)O,CC#N,283.15,-3.71383675021512,-3.218384265899658
N[C@@H](CS)C(=O)O,CC#N,293.15,-3.6048165461635,-3.056347608566284
N[C@@H](CS)C(=O)O,CC#N,303.15,-3.36375486999072,-2.8874258995056152
N[C@@H](CS)C(=O)O,CCOC(C)=O,283.15,-3.60459151318943,-3.2217955589294434
N[C@@H](CS)C(=O)O,CC(C)CO,283.15,-3.54650769581012,-3.5175747871398926
N[C@@H](CS)C(=O)O,CC#N,313.15,-3.28419067133925,-2.704833507537842
N[C@@H](CS)C(=O)O,CCC(C)O,283.15,-3.51188231082841,-3.539771795272827
N[C@@H](CS)C(=O)O,CCOC(C)=O,293.15,-3.52794832443894,-3.03448224067688
N[C@@H](CS)C(=O)O,CC#N,323.15,-3.18149454170405,-2.531778573989868
N[C@@H](CS)C(=O)O,CC(C)CO,293.15,-3.38572975614275,-3.3550381660461426
N[C@@H](CS)C(=O)O,CCCCO,283.15,-3.33391092126317,-3.389014482498169
N[C@@H](CS)C(=O)O,CCC(C)O,293.15,-3.30051033350388,-3.376715660095215
N[C@@H](CS)C(=O)O,CC(C)CO,303.15,-3.2883486479814,-3.186756134033203
N[C@@H](CS)C(=O)O,CCC(C)O,303.15,-3.21952186041122,-3.2081127166748047
N[C@@H](CS)C(=O)O,CCOC(C)=O,303.15,-3.23263561575613,-2.86666202545166
N[C@@H](CS)C(=O)O,CC(C)CO,313.15,-3.18837399017841,-2.998666524887085
N[C@@H](CS)C(=O)O,CCC(C)O,313.15,-3.15953774096565,-3.016094207763672
N[C@@H](CS)C(=O)O,CCOC(C)=O,313.15,-3.17590534139422,-2.692258834838867
N[C@@H](CS)C(=O)O,CC(C)CO,323.15,-3.13275534192169,-2.7954654693603516
N[C@@H](CS)C(=O)O,CCCCO,293.15,-3.09204608584747,-3.221419095993042
N[C@@H](CS)C(=O)O,CCC(C)O,323.15,-3.10824676462832,-2.806368827819824
N[C@@H](CS)C(=O)O,CCCCO,303.15,-3.05172371790033,-3.047131299972534
N[C@@H](CS)C(=O)O,CCOC(C)=O,323.15,-3.05871349718414,-2.5332648754119873
N[C@@H](CS)C(=O)O,CCCCO,313.15,-2.94463073148256,-2.8650195598602295
N[C@@H](CS)C(=O)O,CCCO,283.15,-2.8084454267269,-3.111713171005249
N[C@@H](CS)C(=O)O,CCCCO,323.15,-2.88457829505122,-2.6641359329223633
N[C@@H](CS)C(=O)O,C1COCCO1,293.15,-2.81585992836019,-2.6636857986450195
N[C@@H](CS)C(=O)O,CC(C)O,283.15,-2.7288543274454,-3.338404655456543
N[C@@H](CS)C(=O)O,CC(C)O,293.15,-2.72774666547755,-3.184849262237549
N[C@@H](CS)C(=O)O,CCCO,293.15,-2.7151564414306,-2.9574151039123535
N[C@@H](CS)C(=O)O,CC(C)O,303.15,-2.68942062782889,-3.025343179702759
N[C@@H](CS)C(=O)O,C1COCCO1,303.15,-2.73097350716481,-2.5066890716552734
N[C@@H](CS)C(=O)O,CCCO,303.15,-2.67075848672342,-2.7973580360412598
N[C@@H](CS)C(=O)O,C1COCCO1,308.15,-2.67983404864003,-2.4508001804351807
N[C@@H](CS)C(=O)O,CCCO,313.15,-2.60320501529985,-2.631791353225708
N[C@@H](CS)C(=O)O,C1COCCO1,313.15,-2.64106786119769,-2.3717544078826904
N[C@@H](CS)C(=O)O,CC(C)O,313.15,-2.55465495737942,-2.8473470211029053
N[C@@H](CS)C(=O)O,CCCO,323.15,-2.52088400194308,-2.4323055744171143
N[C@@H](CS)C(=O)O,C1COCCO1,323.15,-2.55595552615574,-2.2099578380584717
N[C@@H](CS)C(=O)O,CC(C)O,323.15,-2.49167464198908,-2.6361587047576904
N[C@@H](CS)C(=O)O,CCO,283.15,-2.25191605125695,-2.632040500640869
N[C@@H](CS)C(=O)O,CCO,293.15,-2.24468353534685,-2.4882586002349854
N[C@@H](CS)C(=O)O,CCO,303.15,-2.22650428436825,-2.351071834564209
N[C@@H](CS)C(=O)O,CCO,313.15,-2.20128519418232,-2.208155870437622
N[C@@H](CS)C(=O)O,CCO,323.15,-2.18873140640285,-2.040426731109619
N[C@@H](CS)C(=O)O,CC(C)=O,283.15,-1.83788895154813,-2.829038381576538
N[C@@H](CS)C(=O)O,CO,283.15,-1.34511818206732,-1.598449468612671
N[C@@H](CS)C(=O)O,CO,293.15,-1.29471784354034,-1.4992042779922485
N[C@@H](CS)C(=O)O,CO,303.15,-1.27012670305448,-1.4053452014923096
N[C@@H](CS)C(=O)O,CO,313.15,-1.24786668533903,-1.3069883584976196
N[C@@H](CS)C(=O)O,CO,323.15,-1.18891164911926,-1.1902687549591064
N[C@@H](CS)C(=O)O,CC(C)=O,293.15,-1.229986262703,-2.6873319149017334
N[C@@H](CS)C(=O)O,CC(C)=O,303.15,-0.805247118929906,-2.553380012512207
N[C@@H](CS)C(=O)O,O,283.15,0.076091986021841,0.20445232093334198
N[C@@H](CS)C(=O)O,CC(C)=O,313.15,-0.541351416757691,-2.4298291206359863
N[C@@H](CS)C(=O)O,O,293.15,0.148693289589735,0.30455711483955383
N[C@@H](CS)C(=O)O,O,303.15,0.219240728257022,0.38561511039733887
N[C@@H](CS)C(=O)O,CC(C)=O,323.15,-0.402485720797596,-2.265631675720215
N[C@@H](CS)C(=O)O,O,313.15,0.298968210911885,0.4788910150527954
N[C@@H](CS)C(=O)O,O,323.15,0.358341160796648,0.5881646275520325
c1cnc2[nH]ccc2c1,CCCCCC,278.15,-0.815546168070439,-0.8363715410232544
c1cnc2[nH]ccc2c1,CCCCCC,283.15,-0.797774269060764,-0.7503676414489746
c1cnc2[nH]ccc2c1,CCCCCC,288.15,-0.770789190443806,-0.6540560126304626
c1cnc2[nH]ccc2c1,CCCCCC,293.15,-0.736147381258036,-0.5484883785247803
c1cnc2[nH]ccc2c1,CCCCCC,298.15,-0.698652730927264,-0.44696933031082153
c1cnc2[nH]ccc2c1,CCCCCC,303.15,-0.663137185804663,-0.3464456796646118
c1cnc2[nH]ccc2c1,CCCCCC,308.15,-0.624183115607286,-0.25742706656455994
c1cnc2[nH]ccc2c1,CCCCCC,313.15,-0.584865026436399,-0.16819894313812256
c1cnc2[nH]ccc2c1,CCCCCC,318.15,-0.540082562259923,-0.08578745275735855
c1cnc2[nH]ccc2c1,CCCCCC,323.15,-0.487683006606632,-0.019126448780298233
c1cnc2[nH]ccc2c1,CC#N,278.15,0.382634305156587,-0.19121438264846802
c1cnc2[nH]ccc2c1,CC#N,283.15,0.404587992657866,-0.11602333188056946
c1cnc2[nH]ccc2c1,CC#N,288.15,0.436179793536468,-0.03711703419685364
c1cnc2[nH]ccc2c1,CC#N,293.15,0.471195493872923,0.048934683203697205
c1cnc2[nH]ccc2c1,CC#N,298.15,0.512809468087813,0.13678282499313354
c1cnc2[nH]ccc2c1,CCO,278.15,0.495142703147351,0.6087136268615723
c1cnc2[nH]ccc2c1,CC#N,303.15,0.551757665485193,0.23423221707344055
c1cnc2[nH]ccc2c1,CCO,283.15,0.556544114369308,0.6778895854949951
c1cnc2[nH]ccc2c1,CC#N,308.15,0.59633727127917,0.3323290944099426
c1cnc2[nH]ccc2c1,CCCO,278.15,0.503875700506052,0.4417528510093689
c1cnc2[nH]ccc2c1,CCO,288.15,0.609759877390433,0.7286207675933838
c1cnc2[nH]ccc2c1,CC#N,313.15,0.647044017237723,0.4206259846687317
c1cnc2[nH]ccc2c1,CCCO,283.15,0.534424634624293,0.5178065299987793
c1cnc2[nH]ccc2c1,CC(C)O,278.15,0.532989937997439,0.2966235280036926
c1cnc2[nH]ccc2c1,CCOC(C)=O,278.15,0.442490065995658,0.13514652848243713
c1cnc2[nH]ccc2c1,CCO,293.15,0.660978707598381,0.7757288217544556
c1cnc2[nH]ccc2c1,CC#N,318.15,0.7014404664314,0.5157292485237122
c1cnc2[nH]ccc2c1,CCCO,288.15,0.56698008500665,0.5834146738052368
c1cnc2[nH]ccc2c1,CCOC(C)=O,283.15,0.456861706983769,0.1798010915517807
c1cnc2[nH]ccc2c1,CC(C)O,283.15,0.56558501624538,0.3964955806732178
c1cnc2[nH]ccc2c1,CCOC(C)=O,288.15,0.478546744210032,0.22553136944770813
c1cnc2[nH]ccc2c1,CO,278.15,0.870232864349598,0.8702986836433411
c1cnc2[nH]ccc2c1,CC(C)O,288.15,0.597591372824841,0.477621853351593
c1cnc2[nH]ccc2c1,CCO,298.15,0.712031896611086,0.8268842101097107
c1cnc2[nH]ccc2c1,CCCO,293.15,0.609707799103081,0.6478841304779053
c1cnc2[nH]ccc2c1,CCOC(C)=O,293.15,0.502345083257757,0.2903174161911011
c1cnc2[nH]ccc2c1,CO,283.15,0.893683813416695,0.9477591514587402
c1cnc2[nH]ccc2c1,CC#N,323.15,0.767516428409822,0.6132146120071411
c1cnc2[nH]ccc2c1,CC(C)O,293.15,0.631822644898071,0.5533894300460815
c1cnc2[nH]ccc2c1,CO,288.15,0.918785054264458,1.004616618156433
c1cnc2[nH]ccc2c1,CCOC(C)=O,298.15,0.535657098031571,0.34486526250839233
c1cnc2[nH]ccc2c1,CCO,303.15,0.757004954059076,0.8985257744789124
c1cnc2[nH]ccc2c1,CCCO,298.15,0.654421630345087,0.7070393562316895
c1cnc2[nH]ccc2c1,CC(C)=O,278.15,0.693367680847841,0.5036045908927917
c1cnc2[nH]ccc2c1,CC(C)O,298.15,0.665941153872458,0.6245375275611877
c1cnc2[nH]ccc2c1,CO,293.15,0.943968438320049,1.0591633319854736
c1cnc2[nH]ccc2c1,CCOC(C)=O,303.15,0.561538411008423,0.401914119720459
c1cnc2[nH]ccc2c1,CCCO,303.15,0.69566012305317,0.7830454707145691
c1cnc2[nH]ccc2c1,CCO,308.15,0.806362866271878,0.985946536064148
c1cnc2[nH]ccc2c1,CO,298.15,0.976994652207311,1.1097898483276367
c1cnc2[nH]ccc2c1,CC(C)O,303.15,0.699738472232182,0.7052386403083801
c1cnc2[nH]ccc2c1,CC(C)=O,283.15,0.735019056024489,0.5627585649490356
c1cnc2[nH]ccc2c1,CCOC(C)=O,308.15,0.597454659746984,0.46725788712501526
c1cnc2[nH]ccc2c1,CCCO,308.15,0.73344695828805,0.8697622418403625
c1cnc2[nH]ccc2c1,CO,303.15,1.00509740058998,1.174849271774292
c1cnc2[nH]ccc2c1,CC(C)O,308.15,0.736227735759782,0.8029873371124268
c1cnc2[nH]ccc2c1,CCO,313.15,0.855302310140643,1.0764914751052856
c1cnc2[nH]ccc2c1,CC(C)=O,288.15,0.772044628587846,0.6249505877494812
c1cnc2[nH]ccc2c1,CCOC(C)=O,313.15,0.633936232216553,0.5364747643470764
c1cnc2[nH]ccc2c1,CO,308.15,1.03829768138155,1.2479760646820068
c1cnc2[nH]ccc2c1,CCCO,313.15,0.774929587196159,0.9695565700531006
c1cnc2[nH]ccc2c1,CC(C)O,313.15,0.769816319646132,0.9199756383895874
c1cnc2[nH]ccc2c1,CC(C)=O,293.15,0.811596337282782,0.6926053762435913
c1cnc2[nH]ccc2c1,CCOC(C)=O,318.15,0.674752514465614,0.6036208868026733
c1cnc2[nH]ccc2c1,CCO,318.15,0.90464321400384,1.1702206134796143
c1cnc2[nH]ccc2c1,CO,313.15,1.07585944111698,1.3167827129364014
c1cnc2[nH]ccc2c1,CCCO,318.15,0.812774817183095,1.0655843019485474
c1cnc2[nH]ccc2c1,CC(C)O,318.15,0.807522653631086,1.0343472957611084
c1cnc2[nH]ccc2c1,CC(C)=O,298.15,0.843863763184144,0.7523709535598755
c1cnc2[nH]ccc2c1,C1CCOC1,278.15,0.816002062381193,0.7196360230445862
c1cnc2[nH]ccc2c1,CCOC(C)=O,323.15,0.715931848825473,0.6655848026275635
c1cnc2[nH]ccc2c1,CO,318.15,1.11318050599338,1.3868968486785889
c1cnc2[nH]ccc2c1,CCO,323.15,0.96002699188122,1.2491440773010254
c1cnc2[nH]ccc2c1,CCCO,323.15,0.862141070075765,1.13894522190094
c1cnc2[nH]ccc2c1,CC(C)O,323.15,0.852173891097106,1.1239218711853027
c1cnc2[nH]ccc2c1,CC(C)=O,303.15,0.881030067574989,0.8090855479240417
c1cnc2[nH]ccc2c1,C1CCOC1,283.15,0.84825955501707,0.7622066736221313
c1cnc2[nH]ccc2c1,CO,323.15,1.14982025080296,1.444826602935791
c1cnc2[nH]ccc2c1,C1CCOC1,288.15,0.874003532352291,0.8089781403541565
c1cnc2[nH]ccc2c1,CC(C)=O,308.15,0.918416696658335,0.8585925102233887
c1cnc2[nH]ccc2c1,C1CCOC1,293.15,0.908354670382099,0.868354082107544
c1cnc2[nH]ccc2c1,CC(C)=O,313.15,0.949472707359365,0.9301878809928894
c1cnc2[nH]ccc2c1,C1CCOC1,298.15,0.948725118835005,0.9301042556762695
c1cnc2[nH]ccc2c1,CC(C)=O,318.15,0.984561177444578,1.004915475845337
c1cnc2[nH]ccc2c1,C1CCOC1,303.15,0.973788157743144,0.994303286075592
c1cnc2[nH]ccc2c1,CC(C)=O,323.15,1.01555854782058,1.0695480108261108
c1cnc2[nH]ccc2c1,C1CCOC1,308.15,1.00936045532919,1.0549345016479492
c1cnc2[nH]ccc2c1,C1CCOC1,313.15,1.04270075537698,1.1095516681671143
c1cnc2[nH]ccc2c1,C1CCOC1,318.15,1.07657670658255,1.1596479415893555
O=C1N=c2ccccc2=N1,CCCOC(C)=O,283.15,-2.26617105749406,-2.089226245880127
O=C1N=c2ccccc2=N1,CCOC(C)=O,283.15,-2.12904314033833,-1.9773857593536377
O=C1N=c2ccccc2=N1,CCC(C)=O,283.15,-2.07930998634149,-1.7620668411254883
O=C1N=c2ccccc2=N1,CCCOC(C)=O,288.15,-2.14023375788714,-2.020434856414795
O=C1N=c2ccccc2=N1,COC(C)=O,283.15,-1.9190761235209,-1.7640184164047241
O=C1N=c2ccccc2=N1,CCOC(C)=O,288.15,-2.00664646711274,-1.9088432788848877
O=C1N=c2ccccc2=N1,CCC(C)=O,288.15,-1.95204691410274,-1.6842952966690063
O=C1N=c2ccccc2=N1,CCCOC(C)=O,293.15,-2.0507505352653,-1.942151665687561
O=C1N=c2ccccc2=N1,CCOC(C)=O,293.15,-1.91741176879776,-1.8300659656524658
O=C1N=c2ccccc2=N1,COC(C)=O,288.15,-1.82567747374275,-1.6964077949523926
O=C1N=c2ccccc2=N1,CCC(C)=O,293.15,-1.8484860559812,-1.593339204788208
O=C1N=c2ccccc2=N1,CCCOC(C)=O,298.15,-1.94451757528735,-1.8632763624191284
O=C1N=c2ccccc2=N1,COC(C)=O,293.15,-1.77351899483167,-1.624652624130249
O=C1N=c2ccccc2=N1,CCOC(C)=O,298.15,-1.83549757509975,-1.7559186220169067
O=C1N=c2ccccc2=N1,CCC(C)=O,298.15,-1.7683884456058,-1.5057953596115112
O=C1N=c2ccccc2=N1,CCCOC(C)=O,303.15,-1.84973004826603,-1.7834144830703735
O=C1N=c2ccccc2=N1,CC(C)CO,283.15,-1.73875388190612,-1.7263367176055908
O=C1N=c2ccccc2=N1,COC(C)=O,298.15,-1.66005855314195,-1.5541338920593262
O=C1N=c2ccccc2=N1,CCOC(C)=O,303.15,-1.72898395040818,-1.6800330877304077
O=C1N=c2ccccc2=N1,CC(C)CO,288.15,-1.69011066680428,-1.6311531066894531
O=C1N=c2ccccc2=N1,CCC(C)=O,303.15,-1.67060042870622,-1.4254770278930664
O=C1N=c2ccccc2=N1,CCCOC(C)=O,308.15,-1.76655752755749,-1.7087196111679077
O=C1N=c2ccccc2=N1,COC(C)=O,303.15,-1.58403720254577,-1.481551170349121
O=C1N=c2ccccc2=N1,CC(C)CO,293.15,-1.6393617159909,-1.5325944423675537
O=C1N=c2ccccc2=N1,CCCO,283.15,-1.52358412912582,-1.5551726818084717
O=C1N=c2ccccc2=N1,CCOC(C)=O,308.15,-1.64922552348195,-1.6054779291152954
O=C1N=c2ccccc2=N1,C1COCCO1,288.15,-1.56008156375642,-1.4787975549697876
O=C1N=c2ccccc2=N1,CCC(C)=O,308.15,-1.59210657403276,-1.3524196147918701
O=C1N=c2ccccc2=N1,CC(C)O,283.15,-1.49270972635556,-1.677788496017456
O=C1N=c2ccccc2=N1,CCCOC(C)=O,313.15,-1.67915678345148,-1.6236302852630615
O=C1N=c2ccccc2=N1,CC(C)CO,298.15,-1.56611126119195,-1.4447479248046875
O=C1N=c2ccccc2=N1,CO,283.15,-1.20066566119162,-1.1421877145767212
O=C1N=c2ccccc2=N1,COC(C)=O,308.15,-1.50417963047913,-1.402547836303711
O=C1N=c2ccccc2=N1,CCCO,288.15,-1.45782617524131,-1.4596704244613647
O=C1N=c2ccccc2=N1,CCOC(C)=O,313.15,-1.58014885317309,-1.524845838546753
O=C1N=c2ccccc2=N1,C1COCCO1,293.15,-1.50243207161675,-1.4114857912063599
O=C1N=c2ccccc2=N1,CC(C)O,288.15,-1.43633302086188,-1.5836248397827148
O=C1N=c2ccccc2=N1,CCCO,293.15,-1.42450634210357,-1.3716078996658325
O=C1N=c2ccccc2=N1,CCC(C)=O,313.15,-1.5098641945671,-1.287288784980774
O=C1N=c2ccccc2=N1,CCO,283.15,-1.30708894091678,-1.4188984632492065
O=C1N=c2ccccc2=N1,CO,288.15,-1.14304550936507,-1.0640432834625244
O=C1N=c2ccccc2=N1,CC(C)CO,303.15,-1.50246591306603,-1.356554388999939
O=C1N=c2ccccc2=N1,CCCOC(C)=O,318.15,-1.60658314253413,-1.536156415939331
O=C1N=c2ccccc2=N1,COC(C)=O,313.15,-1.43895595454123,-1.318579912185669
O=C1N=c2ccccc2=N1,C1COCCO1,298.15,-1.44163707919505,-1.3445234298706055
O=C1N=c2ccccc2=N1,CC(C)O,293.15,-1.39022396852382,-1.476535439491272
O=C1N=c2ccccc2=N1,CCOC(C)=O,318.15,-1.51079919231735,-1.444872498512268
O=C1N=c2ccccc2=N1,CCCCO,283.15,-1.46135965759365,-1.6209651231765747
O=C1N=c2ccccc2=N1,CO,293.15,-1.09957139093473,-0.9871231317520142
O=C1N=c2ccccc2=N1,CCC(C)O,283.15,-1.44910641071969,-1.728832483291626
O=C1N=c2ccccc2=N1,CCO,288.15,-1.25272870919911,-1.3361765146255493
O=C1N=c2ccccc2=N1,CCCO,298.15,-1.35793684365514,-1.2887647151947021
O=C1N=c2ccccc2=N1,CC(C)CO,308.15,-1.43094574909969,-1.2733572721481323
O=C1N=c2ccccc2=N1,CCCCO,288.15,-1.41718861055551,-1.5288411378860474
O=C1N=c2ccccc2=N1,CCC(C)=O,318.15,-1.42395815707148,-1.2257767915725708
O=C1N=c2ccccc2=N1,CCCOC(C)=O,323.15,-1.53187411815959,-1.4630389213562012
O=C1N=c2ccccc2=N1,CC(C)O,298.15,-1.3380916982983,-1.382997989654541
O=C1N=c2ccccc2=N1,COC(C)=O,318.15,-1.3591558397952,-1.2252038717269897
O=C1N=c2ccccc2=N1,C1COCCO1,303.15,-1.37272942498048,-1.269358515739441
O=C1N=c2ccccc2=N1,CCC(C)O,288.15,-1.39805290296478,-1.6304751634597778
O=C1N=c2ccccc2=N1,CCO,293.15,-1.20171484189347,-1.2453372478485107
O=C1N=c2ccccc2=N1,CO,298.15,-1.03961583363399,-0.9194394946098328
O=C1N=c2ccccc2=N1,CCCO,303.15,-1.30170083346058,-1.205954670906067
O=C1N=c2ccccc2=N1,CCOC(C)=O,323.15,-1.42399455194285,-1.3718117475509644
O=C1N=c2ccccc2=N1,CCCCO,293.15,-1.37585311951635,-1.4385899305343628
O=C1N=c2ccccc2=N1,CC(C)O,303.15,-1.28261585419023,-1.2928072214126587
O=C1N=c2ccccc2=N1,CC(C)CO,313.15,-1.36690963677248,-1.1994651556015015
O=C1N=c2ccccc2=N1,CCC(C)=O,323.15,-1.36137577232071,-1.159855842590332
O=C1N=c2ccccc2=N1,CO,303.15,-0.991625865056987,-0.8533868789672852
O=C1N=c2ccccc2=N1,CCC(C)O,293.15,-1.34292985463918,-1.5312235355377197
O=C1N=c2ccccc2=N1,CCO,298.15,-1.14489473091826,-1.1601747274398804
O=C1N=c2ccccc2=N1,C1COCCO1,308.15,-1.31070063632776,-1.1926761865615845
O=C1N=c2ccccc2=N1,COC(C)=O,323.15,-1.28590711349949,-1.1401101350784302
O=C1N=c2ccccc2=N1,CCCO,308.15,-1.24248332045347,-1.1325373649597168
O=C1N=c2ccccc2=N1,CCCCO,298.15,-1.31742705512377,-1.3563214540481567
O=C1N=c2ccccc2=N1,CCO,303.15,-1.11150977514457,-1.0785491466522217
O=C1N=c2ccccc2=N1,CC(C)CO,318.15,-1.30050204465618,-1.1332769393920898
O=C1N=c2ccccc2=N1,CO,308.15,-0.938282276651392,-0.7768610119819641
O=C1N=c2ccccc2=N1,CC(C)O,308.15,-1.21374365829841,-1.2061429023742676
O=C1N=c2ccccc2=N1,CCC(C)O,298.15,-1.28224224934823,-1.43748939037323
O=C1N=c2ccccc2=N1,CCCCO,303.15,-1.27572693535931,-1.2817473411560059
O=C1N=c2ccccc2=N1,C1COCCO1,313.15,-1.24744650143908,-1.1099995374679565
O=C1N=c2ccccc2=N1,CCCO,313.15,-1.18687083227902,-1.0559000968933105
O=C1N=c2ccccc2=N1,CCO,308.15,-1.06865903202847,-0.9998592138290405
O=C1N=c2ccccc2=N1,CO,313.15,-0.886224254096998,-0.7052810788154602
O=C1N=c2ccccc2=N1,CCC(C)O,303.15,-1.22208775209064,-1.3443933725357056
O=C1N=c2ccccc2=N1,CCCCO,308.15,-1.2188066649317,-1.2050161361694336
O=C1N=c2ccccc2=N1,CCCO,318.15,-1.13225878134146,-0.9754517674446106
O=C1N=c2ccccc2=N1,CC(C)O,313.15,-1.13454997053679,-1.120842456817627
O=C1N=c2ccccc2=N1,CCO,313.15,-1.01577533573723,-0.9287228584289551
O=C1N=c2ccccc2=N1,CC(C)CO,323.15,-1.2171420309802,-1.071665644645691
O=C1N=c2ccccc2=N1,C1COCCO1,318.15,-1.1736394951537,-1.01533043384552
O=C1N=c2ccccc2=N1,CO,318.15,-0.83055304612873,-0.6290537118911743
O=C1N=c2ccccc2=N1,CCC(C)O,308.15,-1.16475285503073,-1.2644280195236206
O=C1N=c2ccccc2=N1,CCCCO,313.15,-1.16409833103368,-1.1283049583435059
O=C1N=c2ccccc2=N1,CCCO,323.15,-1.07486923152166,-0.9017987847328186
O=C1N=c2ccccc2=N1,CCO,318.15,-0.962872764023071,-0.8494260907173157
O=C1N=c2ccccc2=N1,CC(C)O,318.15,-1.06706254853266,-1.041021704673767
O=C1N=c2ccccc2=N1,C1COCCO1,323.15,-1.10485747766081,-0.922217071056366
O=C1N=c2ccccc2=N1,CO,323.15,-0.772017001328822,-0.5585930347442627
O=C1N=c2ccccc2=N1,CCC(C)O,313.15,-1.11668727113161,-1.1872919797897339
O=C1N=c2ccccc2=N1,CCCCO,318.15,-1.10473224933227,-1.0554803609848022
O=C1N=c2ccccc2=N1,CCO,323.15,-0.901928858827445,-0.7823778390884399
O=C1N=c2ccccc2=N1,CC(C)O,323.15,-0.996290827545746,-0.9667221903800964
O=C1N=c2ccccc2=N1,C1COCCO1,328.15,-1.03977691455571,-0.8413757085800171
O=C1N=c2ccccc2=N1,CCC(C)O,318.15,-1.06048762775658,-1.1193066835403442
O=C1N=c2ccccc2=N1,CCCCO,323.15,-1.04621360413194,-0.9847040176391602
O=C1N=c2ccccc2=N1,CCC(C)O,323.15,-0.989904998115673,-1.0553364753723145
CC(C)(c1ccc(O)cc1)c1ccc(O)cc1,CCC(C)O,273.15,-0.406330192654773,-0.21881240606307983
CC(C)(c1ccc(O)cc1)c1ccc(O)cc1,CCC(C)O,278.15,-0.340874037143733,-0.16660210490226746
CC(C)(c1ccc(O)cc1)c1ccc(O)cc1,CCC(C)O,283.15,-0.263822631009604,-0.109815314412117
CC(C)(c1ccc(O)cc1)c1ccc(O)cc1,CC(C)O,273.15,-0.14919658610091,-0.030702657997608185
CC(C)(c1ccc(O)cc1)c1ccc(O)cc1,CCC(C)O,288.15,-0.183256494657685,-0.05169961228966713
CC(C)(c1ccc(O)cc1)c1ccc(O)cc1,CC(C)O,278.15,-0.068399076405989,0.027841923758387566
CC(C)(c1ccc(O)cc1)c1ccc(O)cc1,CCC(C)O,293.15,-0.118265123873864,0.01712503284215927
CC(C)(c1ccc(O)cc1)c1ccc(O)cc1,CC(C)O,283.15,0.011064515559591,0.08432921767234802
CC(C)(c1ccc(O)cc1)c1ccc(O)cc1,CCC(C)O,298.15,-0.064346138958376,0.08551089465618134
CC(C)(c1ccc(O)cc1)c1ccc(O)cc1,CCCCO,273.15,-0.045195717269366,-0.13064154982566833
CC(C)(c1ccc(O)cc1)c1ccc(O)cc1,CCC(C)O,303.15,-0.011196662043055,0.15184125304222107
CC(C)(c1ccc(O)cc1)c1ccc(O)cc1,CCCCO,278.15,0.003367138863121,-0.07845102995634079
CC(C)(c1ccc(O)cc1)c1ccc(O)cc1,CC(C)O,288.15,0.091696859471233,0.1407274603843689
CC(C)(c1ccc(O)cc1)c1ccc(O)cc1,CCC(C)O,308.15,0.040943493630402,0.2166062295436859
CC(C)(c1ccc(O)cc1)c1ccc(O)cc1,O=C1CCCCC1,273.15,0.005979498258499,0.12631909549236298
CC(C)(c1ccc(O)cc1)c1ccc(O)cc1,CCCCO,283.15,0.059891029657025,-0.026433086022734642
CC(C)(c1ccc(O)cc1)c1ccc(O)cc1,CC(C)O,293.15,0.147889588087249,0.20488403737545013
CC(C)(c1ccc(O)cc1)c1ccc(O)cc1,CCC(C)O,313.15,0.092711865252395,0.27987903356552124
CC(C)(c1ccc(O)cc1)c1ccc(O)cc1,CCCCO,288.15,0.122024099611368,0.025134418159723282
CC(C)(c1ccc(O)cc1)c1ccc(O)cc1,CC(C)O,298.15,0.209687968871994,0.26842162013053894
CC(C)(c1ccc(O)cc1)c1ccc(O)cc1,O=C1CCCCC1,278.15,0.084795068502768,0.15687896311283112
CC(C)(c1ccc(O)cc1)c1ccc(O)cc1,CCCCO,293.15,0.173388629338195,0.08665823191404343
CC(C)(c1ccc(O)cc1)c1ccc(O)cc1,CC(C)O,303.15,0.260367354646396,0.33513161540031433
CC(C)(c1ccc(O)cc1)c1ccc(O)cc1,O=C1CCCCC1,283.15,0.147424486166515,0.18210850656032562
CC(C)(c1ccc(O)cc1)c1ccc(O)cc1,CC#N,273.15,0.486489679704053,0.28735312819480896
CC(C)(c1ccc(O)cc1)c1ccc(O)cc1,CCCCO,298.15,0.235849283528498,0.1499931663274765
CC(C)(c1ccc(O)cc1)c1ccc(O)cc1,CC(C)O,308.15,0.316827968290537,0.41547805070877075
CC(C)(c1ccc(O)cc1)c1ccc(O)cc1,NC=O,278.15,0.618710646541213,0.5279643535614014
CC(C)(c1ccc(O)cc1)c1ccc(O)cc1,CC#N,278.15,0.504886794297748,0.33164286613464355
CC(C)(c1ccc(O)cc1)c1ccc(O)cc1,O=C1CCCCC1,288.15,0.206499193320476,0.20730260014533997
CC(C)(c1ccc(O)cc1)c1ccc(O)cc1,CCCCO,303.15,0.276998132367148,0.21359321475028992
CC(C)(c1ccc(O)cc1)c1ccc(O)cc1,CC#N,283.15,0.53214961955069,0.38430365920066833
CC(C)(c1ccc(O)cc1)c1ccc(O)cc1,NC=O,283.15,0.65446403940166,0.582905113697052
CC(C)(c1ccc(O)cc1)c1ccc(O)cc1,CC(C)O,313.15,0.362931269637954,0.4832310080528259
CC(C)(c1ccc(O)cc1)c1ccc(O)cc1,O=C1CCCCC1,293.15,0.25896948073903,0.24729527533054352
CC(C)(c1ccc(O)cc1)c1ccc(O)cc1,CC#N,288.15,0.564626889211195,0.43655630946159363
CC(C)(c1ccc(O)cc1)c1ccc(O)cc1,CCCCO,308.15,0.322018967531014,0.27367186546325684
CC(C)(c1ccc(O)cc1)c1ccc(O)cc1,NC=O,288.15,0.695425094388298,0.6364349722862244
CC(C)(c1ccc(O)cc1)c1ccc(O)cc1,CC#N,293.15,0.589210822925346,0.4927513003349304
CC(C)(c1ccc(O)cc1)c1ccc(O)cc1,CCCO,273.15,0.463262125788504,0.04794963076710701
CC(C)(c1ccc(O)cc1)c1ccc(O)cc1,CC#N,298.15,0.612541674204561,0.550076425075531
CC(C)(c1ccc(O)cc1)c1ccc(O)cc1,O=C1CCCCC1,298.15,0.314916551080186,0.2915678024291992
CC(C)(c1ccc(O)cc1)c1ccc(O)cc1,NC=O,293.15,0.734479645778544,0.6908895373344421
CC(C)(c1ccc(O)cc1)c1ccc(O)cc1,CCCO,278.15,0.475971208672211,0.09923300892114639
CC(C)(c1ccc(O)cc1)c1ccc(O)cc1,CCCCO,313.15,0.374412038706312,0.3203522861003876
CC(C)(c1ccc(O)cc1)c1ccc(O)cc1,CC#N,303.15,0.631672629162228,0.6058921217918396
CC(C)(c1ccc(O)cc1)c1ccc(O)cc1,CO,273.15,0.765979395975879,0.5713409185409546
CC(C)(c1ccc(O)cc1)c1ccc(O)cc1,CCCO,283.15,0.494554605569075,0.15186455845832825
CC(C)(c1ccc(O)cc1)c1ccc(O)cc1,CO,278.15,0.770959659793984,0.6252583265304565
CC(C)(c1ccc(O)cc1)c1ccc(O)cc1,NC=O,298.15,0.779028714985584,0.7430763840675354
CC(C)(c1ccc(O)cc1)c1ccc(O)cc1,CO,283.15,0.779532614589498,0.6743362545967102
CC(C)(c1ccc(O)cc1)c1ccc(O)cc1,O=C1CCCCC1,303.15,0.363599298781698,0.34090808033943176
CC(C)(c1ccc(O)cc1)c1ccc(O)cc1,CCCO,288.15,0.512047960219997,0.20390434563159943
CC(C)(c1ccc(O)cc1)c1ccc(O)cc1,CC#N,308.15,0.657457263492635,0.6635987162590027
CC(C)(c1ccc(O)cc1)c1ccc(O)cc1,CO,288.15,0.786796775019566,0.718927800655365
CC(C)(c1ccc(O)cc1)c1ccc(O)cc1,CCCO,293.15,0.525443455314691,0.26199060678482056
CC(C)(c1ccc(O)cc1)c1ccc(O)cc1,CO,293.15,0.795814170798482,0.7640931010246277
CC(C)(c1ccc(O)cc1)c1ccc(O)cc1,C1COCCO1,288.15,0.48512371606398,0.4027019739151001
CC(C)(c1ccc(O)cc1)c1ccc(O)cc1,CO,298.15,0.808857691201906,0.810380220413208
CC(C)(c1ccc(O)cc1)c1ccc(O)cc1,CC#N,313.15,0.684542159243906,0.7201082706451416
CC(C)(c1ccc(O)cc1)c1ccc(O)cc1,CCCO,298.15,0.541249252845416,0.3176453411579132
CC(C)(c1ccc(O)cc1)c1ccc(O)cc1,NC=O,303.15,0.821646927219834,0.7937211990356445
CC(C)(c1ccc(O)cc1)c1ccc(O)cc1,CCO,273.15,0.667620265263849,0.3017953634262085
CC(C)(c1ccc(O)cc1)c1ccc(O)cc1,CO,303.15,0.8178279654437,0.861616849899292
CC(C)(c1ccc(O)cc1)c1ccc(O)cc1,CCCO,303.15,0.556561956701675,0.3751174211502075
CC(C)(c1ccc(O)cc1)c1ccc(O)cc1,O=C1CCCCC1,308.15,0.418189264353563,0.39211660623550415
CC(C)(c1ccc(O)cc1)c1ccc(O)cc1,CCO,278.15,0.678590266115352,0.3532649278640747
CC(C)(c1ccc(O)cc1)c1ccc(O)cc1,CO,308.15,0.829098774120954,0.9229860305786133
CC(C)(c1ccc(O)cc1)c1ccc(O)cc1,CCCO,308.15,0.569094371581618,0.43356502056121826
CC(C)(c1ccc(O)cc1)c1ccc(O)cc1,CCO,283.15,0.692352365865766,0.4057648479938507
CC(C)(c1ccc(O)cc1)c1ccc(O)cc1,CO,313.15,0.840464325881814,0.9716244339942932
CC(C)(c1ccc(O)cc1)c1ccc(O)cc1,C1COCCO1,293.15,0.531525309557679,0.4399380683898926
CC(C)(c1ccc(O)cc1)c1ccc(O)cc1,CCCO,313.15,0.581835279015778,0.48873957991600037
CC(C)(c1ccc(O)cc1)c1ccc(O)cc1,CCO,288.15,0.7042403890265,0.45798125863075256
CC(C)(c1ccc(O)cc1)c1ccc(O)cc1,NC=O,308.15,0.873467754429037,0.8428395986557007
CC(C)(c1ccc(O)cc1)c1ccc(O)cc1,CCO,293.15,0.715378744317738,0.508829653263092
CC(C)(c1ccc(O)cc1)c1ccc(O)cc1,CCOC(C)=O,273.15,0.507491696199706,0.2710026204586029
CC(C)(c1ccc(O)cc1)c1ccc(O)cc1,O=C1CCCCC1,313.15,0.464985437711163,0.43287262320518494
CC(C)(c1ccc(O)cc1)c1ccc(O)cc1,COC(C)=O,273.15,0.59936043411757,0.3639208674430847
CC(C)(c1ccc(O)cc1)c1ccc(O)cc1,CCOC(C)=O,278.15,0.509160447231011,0.3071122467517853
CC(C)(c1ccc(O)cc1)c1ccc(O)cc1,COC(C)=O,278.15,0.598790509183647,0.40663743019104004
CC(C)(c1ccc(O)cc1)c1ccc(O)cc1,COC(C)=O,283.15,0.603938633721476,0.4495678246021271
CC(C)(c1ccc(O)cc1)c1ccc(O)cc1,CCO,298.15,0.730106129268005,0.5568281412124634
CC(C)(c1ccc(O)cc1)c1ccc(O)cc1,CCOC(C)=O,283.15,0.514108135402059,0.3438407778739929
CC(C)(c1ccc(O)cc1)c1ccc(O)cc1,COC(C)=O,288.15,0.603842271978739,0.4881921112537384
CC(C)(c1ccc(O)cc1)c1ccc(O)cc1,CCOC(C)=O,288.15,0.518945181211143,0.3727869391441345
CC(C)(c1ccc(O)cc1)c1ccc(O)cc1,C1COCCO1,298.15,0.579810685739278,0.47690272331237793
CC(C)(c1ccc(O)cc1)c1ccc(O)cc1,COC(C)=O,293.15,0.611158495324894,0.528758704662323
CC(C)(c1ccc(O)cc1)c1ccc(O)cc1,CCO,303.15,0.743307557087777,0.6045580506324768
CC(C)(c1ccc(O)cc1)c1ccc(O)cc1,CCOC(C)=O,293.15,0.523906979506814,0.3949414789676666
CC(C)(c1ccc(O)cc1)c1ccc(O)cc1,COC(C)=O,298.15,0.619213103937858,0.5632638931274414
CC(C)(c1ccc(O)cc1)c1ccc(O)cc1,CCOC(C)=O,298.15,0.534732572150351,0.4138452112674713
CC(C)(c1ccc(O)cc1)c1ccc(O)cc1,NC=O,313.15,0.92041838805623,0.8916620016098022
CC(C)(c1ccc(O)cc1)c1ccc(O)cc1,COC(C)=O,303.15,0.619640145351173,0.597671389579773
CC(C)(c1ccc(O)cc1)c1ccc(O)cc1,CCO,308.15,0.756962307096688,0.6600766777992249
CC(C)(c1ccc(O)cc1)c1ccc(O)cc1,CCOC(C)=O,303.15,0.538295108556133,0.43871086835861206
CC(C)(c1ccc(O)cc1)c1ccc(O)cc1,COC(C)=O,308.15,0.625904064684568,0.6317771673202515
CC(C)(c1ccc(O)cc1)c1ccc(O)cc1,CCO,313.15,0.769584847362384,0.7117889523506165
CC(C)(c1ccc(O)cc1)c1ccc(O)cc1,CCOC(C)=O,308.15,0.546940695642107,0.4641526937484741
CC(C)(c1ccc(O)cc1)c1ccc(O)cc1,COC(C)=O,313.15,0.635882759850229,0.6640098094940186
CC(C)(c1ccc(O)cc1)c1ccc(O)cc1,C1COCCO1,303.15,0.618668643592595,0.5195779204368591
CC(C)(c1ccc(O)cc1)c1ccc(O)cc1,CCOC(C)=O,313.15,0.555840751718989,0.4898882210254669
CC(C)(c1ccc(O)cc1)c1ccc(O)cc1,C1COCCO1,308.15,0.663799718986949,0.5669845342636108
CC(C)(c1ccc(O)cc1)c1ccc(O)cc1,CC(C)=O,273.15,0.763416749039572,0.47707656025886536
CC(C)(c1ccc(O)cc1)c1ccc(O)cc1,CN(C)C=O,273.15,0.751599303770596,0.7355417013168335
CC(C)(c1ccc(O)cc1)c1ccc(O)cc1,CC(C)=O,278.15,0.776817287610105,0.5131282210350037
CC(C)(c1ccc(O)cc1)c1ccc(O)cc1,C1COCCO1,313.15,0.705580942388292,0.6111747622489929
CC(C)(c1ccc(O)cc1)c1ccc(O)cc1,CN(C)C=O,278.15,0.769943910624633,0.7787877917289734
CC(C)(c1ccc(O)cc1)c1ccc(O)cc1,CC(C)=O,283.15,0.795411950475434,0.543939471244812
CC(C)(c1ccc(O)cc1)c1ccc(O)cc1,CC(C)=O,288.15,0.811579902707789,0.5763104557991028
CC(C)(c1ccc(O)cc1)c1ccc(O)cc1,CN(C)C=O,283.15,0.798072904932952,0.808723509311676
CC(C)(c1ccc(O)cc1)c1ccc(O)cc1,CN(C)C=O,288.15,0.831328554014915,0.8299394249916077
CC(C)(c1ccc(O)cc1)c1ccc(O)cc1,CN(C)C=O,293.15,0.865824161247125,0.8513270020484924
CC(C)(c1ccc(O)cc1)c1ccc(O)cc1,CN(C)C=O,298.15,0.904616478186821,0.8721747994422913
CC(C)(c1ccc(O)cc1)c1ccc(O)cc1,CN(C)C=O,303.15,0.949883336488684,0.8987274765968323
CC(C)(c1ccc(O)cc1)c1ccc(O)cc1,CN(C)C=O,308.15,0.984414157579647,0.9277120232582092
CC(C)(c1ccc(O)cc1)c1ccc(O)cc1,CN(C)C=O,313.15,1.02102883633808,0.9403570294380188
CCCNC(=O)NS(=O)(=O)c1ccc(Cl)cc1,CC(C)CCO,283.2,-1.3075203854472,-1.8781983852386475
CCCNC(=O)NS(=O)(=O)c1ccc(Cl)cc1,CC(C)CO,283.13,-1.2271407937136,-1.692197561264038
CCCNC(=O)NS(=O)(=O)c1ccc(Cl)cc1,CC(C)O,283.26,-1.10439729084972,-1.5111593008041382
CCCNC(=O)NS(=O)(=O)c1ccc(Cl)cc1,CC(C)CCO,288.12,-1.21214274102593,-1.7386201620101929
CCCNC(=O)NS(=O)(=O)c1ccc(Cl)cc1,CCCCO,283.28,-1.12175937919534,-1.5564453601837158
CCCNC(=O)NS(=O)(=O)c1ccc(Cl)cc1,CCCCCO,283.12,-1.18936852949836,-1.8010369539260864
CCCNC(=O)NS(=O)(=O)c1ccc(Cl)cc1,CCCO,283.13,-1.02771218983869,-1.346834421157837
CCCNC(=O)NS(=O)(=O)c1ccc(Cl)cc1,CCCCOC(C)=O,283.12,-1.26875495339373,-1.0315971374511719
CCCNC(=O)NS(=O)(=O)c1ccc(Cl)cc1,CC(C)CO,288.28,-1.10254042278285,-1.558199405670166
CCCNC(=O)NS(=O)(=O)c1ccc(Cl)cc1,CC(=O)OC(C)C,283.18,-1.19535615675809,-0.9887487888336182
CCCNC(=O)NS(=O)(=O)c1ccc(Cl)cc1,CCCCCOC(C)=O,283.17,-1.29779612861641,-1.1789714097976685
CCCNC(=O)NS(=O)(=O)c1ccc(Cl)cc1,CC(C)O,290.23,-0.948976817443926,-1.314920425415039
CCCNC(=O)NS(=O)(=O)c1ccc(Cl)cc1,CCC(C)O,283.22,-1.02466656125213,-1.7180135250091553
CCCNC(=O)NS(=O)(=O)c1ccc(Cl)cc1,CCCCO,288.25,-1.0222970508577,-1.4293180704116821
CCCNC(=O)NS(=O)(=O)c1ccc(Cl)cc1,CCO,282.98,-0.818826342828094,-1.118255376815796
CCCNC(=O)NS(=O)(=O)c1ccc(Cl)cc1,CCCO,288.17,-0.928107260702776,-1.2237826585769653
CCCNC(=O)NS(=O)(=O)c1ccc(Cl)cc1,CCCCCOC(C)=O,288.12,-1.21647938688479,-1.1273561716079712
CCCNC(=O)NS(=O)(=O)c1ccc(Cl)cc1,CC(=O)OC(C)C,288.22,-1.11018997625777,-0.9282333850860596
CCCNC(=O)NS(=O)(=O)c1ccc(Cl)cc1,CC(C)CCO,293.28,-1.07166354314411,-1.5745247602462769
CCCNC(=O)NS(=O)(=O)c1ccc(Cl)cc1,CCCCCO,289.7,-1.06435184285704,-1.6045582294464111
CCCNC(=O)NS(=O)(=O)c1ccc(Cl)cc1,CC(C)CO,293.17,-0.989806158419643,-1.396647572517395
CCCNC(=O)NS(=O)(=O)c1ccc(Cl)cc1,CCC(=O)OC,283.02,-0.987137049162744,-0.5400230288505554
CCCNC(=O)NS(=O)(=O)c1ccc(Cl)cc1,CCCOC(C)=O,283.17,-1.06435212137758,-0.8612254858016968
CCCNC(=O)NS(=O)(=O)c1ccc(Cl)cc1,CCCCOC(C)=O,289.9,-1.10253042257784,-0.9584280252456665
CCCNC(=O)NS(=O)(=O)c1ccc(Cl)cc1,CCOC(C)=O,283.17,-0.958923820009022,-0.6954810619354248
CCCNC(=O)NS(=O)(=O)c1ccc(Cl)cc1,CCO,288.2,-0.733362750776276,-0.9900736808776855
CCCNC(=O)NS(=O)(=O)c1ccc(Cl)cc1,CC(C)O,294.18,-0.850273560375115,-1.199293613433838
CCCNC(=O)NS(=O)(=O)c1ccc(Cl)cc1,CCCCCOC(C)=O,293.18,-1.13269871321914,-1.0614277124404907
CCCNC(=O)NS(=O)(=O)c1ccc(Cl)cc1,CCCCO,293.2,-0.923517081651393,-1.3012332916259766
CCCNC(=O)NS(=O)(=O)c1ccc(Cl)cc1,CC(=O)OC(C)C,293.07,-1.0217139753181,-0.8638857007026672
CCCNC(=O)NS(=O)(=O)c1ccc(Cl)cc1,CCC(C)O,288.06,-0.913185801556175,-1.5831533670425415
CCCNC(=O)NS(=O)(=O)c1ccc(Cl)cc1,CCCCCO,293.1,-0.984833304397225,-1.50999915599823
CCCNC(=O)NS(=O)(=O)c1ccc(Cl)cc1,CCCO,293.17,-0.822902234807855,-1.0865423679351807
CCCNC(=O)NS(=O)(=O)c1ccc(Cl)cc1,CC(C)CCO,298.06,-0.963213806101433,-1.4368560314178467
CCCNC(=O)NS(=O)(=O)c1ccc(Cl)cc1,CCCOC(C)=O,288.1,-0.97858149305598,-0.8107336759567261
CCCNC(=O)NS(=O)(=O)c1ccc(Cl)cc1,CCCCOC(C)=O,293.4,-1.03875400168347,-0.911845326423645
CCCNC(=O)NS(=O)(=O)c1ccc(Cl)cc1,CCC(=O)OC,288.05,-0.891388581967784,-0.48576459288597107
CCCNC(=O)NS(=O)(=O)c1ccc(Cl)cc1,CC(C)CO,298.17,-0.869135318845051,-1.253896713256836
CCCNC(=O)NS(=O)(=O)c1ccc(Cl)cc1,CCCCCOC(C)=O,298.1,-1.05723675480977,-0.9955907464027405
CCCNC(=O)NS(=O)(=O)c1ccc(Cl)cc1,CCOC(C)=O,288.12,-0.864850327905048,-0.6319171190261841
CCCNC(=O)NS(=O)(=O)c1ccc(Cl)cc1,CCCO,298.16,-0.739236615087352,-0.9666622877120972
CCCNC(=O)NS(=O)(=O)c1ccc(Cl)cc1,CC(=O)OC(C)C,298.32,-0.93346718409137,-0.7914450764656067
CCCNC(=O)NS(=O)(=O)c1ccc(Cl)cc1,CC(C)O,298.4,-0.74572010968994,-1.0876295566558838
CCCNC(=O)NS(=O)(=O)c1ccc(Cl)cc1,CCO,293.28,-0.621801266552228,-0.8545596599578857
CCCNC(=O)NS(=O)(=O)c1ccc(Cl)cc1,CCCCO,298.0,-0.815453301126646,-1.1737858057022095
CCCNC(=O)NS(=O)(=O)c1ccc(Cl)cc1,CCCCCO,297.95,-0.880828083507958,-1.395496129989624
CCCNC(=O)NS(=O)(=O)c1ccc(Cl)cc1,CCC(C)O,292.95,-0.808534834442088,-1.4184142351150513
CCCNC(=O)NS(=O)(=O)c1ccc(Cl)cc1,CCCCOC(C)=O,298.2,-0.949313339084964,-0.8500238060951233
CCCNC(=O)NS(=O)(=O)c1ccc(Cl)cc1,CCCOC(C)=O,293.3,-0.875526981368967,-0.7438391447067261
CCCNC(=O)NS(=O)(=O)c1ccc(Cl)cc1,CC(C)CCO,303.18,-0.848844772434364,-1.302632212638855
CCCNC(=O)NS(=O)(=O)c1ccc(Cl)cc1,CCC(=O)OC,293.23,-0.785050278147284,-0.4275963306427002
CCCNC(=O)NS(=O)(=O)c1ccc(Cl)cc1,CCCCCOC(C)=O,303.23,-0.967443423921997,-0.9241769909858704
CCCNC(=O)NS(=O)(=O)c1ccc(Cl)cc1,CCOC(C)=O,293.08,-0.774039247078465,-0.5628430843353271
CCCNC(=O)NS(=O)(=O)c1ccc(Cl)cc1,CC(C)CO,303.2,-0.752425309031048,-1.1303653717041016
CCCNC(=O)NS(=O)(=O)c1ccc(Cl)cc1,CC(=O)OC(C)C,303.12,-0.847272456957164,-0.7147082090377808
CCCNC(=O)NS(=O)(=O)c1ccc(Cl)cc1,CCO,298.1,-0.521947711190252,-0.7350282669067383
CCCNC(=O)NS(=O)(=O)c1ccc(Cl)cc1,CC(C)O,303.2,-0.634197065555184,-0.9703470468521118
CCCNC(=O)NS(=O)(=O)c1ccc(Cl)cc1,CCCCO,303.1,-0.709123540999094,-1.0469975471496582
CCCNC(=O)NS(=O)(=O)c1ccc(Cl)cc1,CCC(C)O,297.85,-0.697299315969044,-1.2728216648101807
CCCNC(=O)NS(=O)(=O)c1ccc(Cl)cc1,CCCCCO,303.05,-0.771152832845022,-1.2682119607925415
CCCNC(=O)NS(=O)(=O)c1ccc(Cl)cc1,CCCOC(C)=O,299.2,-0.793848532236872,-0.6697160005569458
CCCNC(=O)NS(=O)(=O)c1ccc(Cl)cc1,CCCCOC(C)=O,303.27,-0.853558650244787,-0.7883449792861938
CCCNC(=O)NS(=O)(=O)c1ccc(Cl)cc1,CCCO,303.17,-0.602120757665563,-0.8545235991477966
CCCNC(=O)NS(=O)(=O)c1ccc(Cl)cc1,CCC(=O)OC,298.2,-0.706404362964035,-0.36171892285346985
CCCNC(=O)NS(=O)(=O)c1ccc(Cl)cc1,CCCCCOC(C)=O,308.08,-0.880286920165537,-0.8650943040847778
CCCNC(=O)NS(=O)(=O)c1ccc(Cl)cc1,CCOC(C)=O,298.1,-0.683066838901802,-0.4970547556877136
CCCNC(=O)NS(=O)(=O)c1ccc(Cl)cc1,CC(C)CCO,308.22,-0.729243424659844,-1.177631139755249
CCCNC(=O)NS(=O)(=O)c1ccc(Cl)cc1,CC(=O)OC(C)C,308.18,-0.759166377444228,-0.6321449875831604
CCCNC(=O)NS(=O)(=O)c1ccc(Cl)cc1,CC(C)CO,308.07,-0.646085612639842,-1.0186872482299805
CCCNC(=O)NS(=O)(=O)c1ccc(Cl)cc1,CCO,303.22,-0.41637866456383,-0.6123870611190796
CCCNC(=O)NS(=O)(=O)c1ccc(Cl)cc1,CCCOC(C)=O,304.23,-0.711004928524505,-0.59742271900177
CCCNC(=O)NS(=O)(=O)c1ccc(Cl)cc1,CCCCOC(C)=O,308.1,-0.769451786762457,-0.7246087789535522
CCCNC(=O)NS(=O)(=O)c1ccc(Cl)cc1,CCC(=O)OC,303.08,-0.613303931765581,-0.2943709194660187
CCCNC(=O)NS(=O)(=O)c1ccc(Cl)cc1,CCCCO,308.07,-0.589403977238489,-0.9243602752685547
CCCNC(=O)NS(=O)(=O)c1ccc(Cl)cc1,CCCCCO,308.17,-0.659711097756352,-1.1356738805770874
CCCNC(=O)NS(=O)(=O)c1ccc(Cl)cc1,CCCCCOC(C)=O,313.2,-0.796639891729385,-0.792264461517334
CCCNC(=O)NS(=O)(=O)c1ccc(Cl)cc1,CCC(C)O,303.15,-0.581837728458975,-1.1378004550933838
CCCNC(=O)NS(=O)(=O)c1ccc(Cl)cc1,CC(C)O,307.73,-0.502280913413436,-0.8662885427474976
CCCNC(=O)NS(=O)(=O)c1ccc(Cl)cc1,CCCO,308.14,-0.482224907151384,-0.7357342839241028
CCCNC(=O)NS(=O)(=O)c1ccc(Cl)cc1,CCOC(C)=O,303.12,-0.595808354671578,-0.427329957485199
CCCNC(=O)NS(=O)(=O)c1ccc(Cl)cc1,CC(=O)OC(C)C,313.22,-0.671977123377745,-0.548708438873291
CCCNC(=O)NS(=O)(=O)c1ccc(Cl)cc1,CC(C)CCO,313.08,-0.616171158977779,-1.0480692386627197
CCCNC(=O)NS(=O)(=O)c1ccc(Cl)cc1,CCCOC(C)=O,308.18,-0.624398462016185,-0.537959635257721
CCCNC(=O)NS(=O)(=O)c1ccc(Cl)cc1,CC(C)CO,313.28,-0.520732041358281,-0.8889517784118652
CCCNC(=O)NS(=O)(=O)c1ccc(Cl)cc1,CCCCOC(C)=O,313.18,-0.672296257389153,-0.6416826248168945
CCCNC(=O)NS(=O)(=O)c1ccc(Cl)cc1,CCO,308.17,-0.310501446850963,-0.49441152811050415
CCCNC(=O)NS(=O)(=O)c1ccc(Cl)cc1,CCC(=O)OC,308.18,-0.511702145243383,-0.22279790043830872
CCCNC(=O)NS(=O)(=O)c1ccc(Cl)cc1,CCCCCOC(C)=O,318.17,-0.704322647140691,-0.7155709266662598
CCCNC(=O)NS(=O)(=O)c1ccc(Cl)cc1,CCOC(C)=O,308.08,-0.515292020969579,-0.3576332628726959
CCCNC(=O)NS(=O)(=O)c1ccc(Cl)cc1,CCCCCO,313.17,-0.55296045998058,-0.9884401559829712
CCCNC(=O)NS(=O)(=O)c1ccc(Cl)cc1,CCCCO,313.07,-0.464189569214329,-0.7759377360343933
CCCNC(=O)NS(=O)(=O)c1ccc(Cl)cc1,CC(C)O,313.1,-0.385938842315626,-0.7410680651664734
CCCNC(=O)NS(=O)(=O)c1ccc(Cl)cc1,CCC(C)O,308.1,-0.460661235627805,-1.012147068977356
CCCNC(=O)NS(=O)(=O)c1ccc(Cl)cc1,CC(=O)OC(C)C,318.27,-0.572641315509753,-0.46301746368408203
CCCNC(=O)NS(=O)(=O)c1ccc(Cl)cc1,CCCO,313.17,-0.35931607416606,-0.6054946780204773
CCCNC(=O)NS(=O)(=O)c1ccc(Cl)cc1,CCCOC(C)=O,313.2,-0.529526803877751,-0.457964688539505
CCCNC(=O)NS(=O)(=O)c1ccc(Cl)cc1,CC(C)CCO,318.33,-0.490761027214946,-0.9059785604476929
CCCNC(=O)NS(=O)(=O)c1ccc(Cl)cc1,CCCCOC(C)=O,318.2,-0.576719755019252,-0.5624193549156189
CCCNC(=O)NS(=O)(=O)c1ccc(Cl)cc1,CCCCCOC(C)=O,323.18,-0.613760010909094,-0.649177074432373
CCCNC(=O)NS(=O)(=O)c1ccc(Cl)cc1,CCO,313.27,-0.187987366974775,-0.3716374337673187
CCCNC(=O)NS(=O)(=O)c1ccc(Cl)cc1,CCC(=O)OC,313.2,-0.406085535880177,-0.15053749084472656
CCCNC(=O)NS(=O)(=O)c1ccc(Cl)cc1,CC(C)CO,318.2,-0.384902276087097,-0.762438178062439
CCCNC(=O)NS(=O)(=O)c1ccc(Cl)cc1,CCOC(C)=O,313.18,-0.409225704389929,-0.28264737129211426
CCCNC(=O)NS(=O)(=O)c1ccc(Cl)cc1,CC(=O)OC(C)C,323.1,-0.479737710568034,-0.3918120265007019
CCCNC(=O)NS(=O)(=O)c1ccc(Cl)cc1,CCCCCO,318.19,-0.42817288918236,-0.8440227508544922
CCCNC(=O)NS(=O)(=O)c1ccc(Cl)cc1,CCC(C)O,313.18,-0.341685248575072,-0.8829500079154968
CCCNC(=O)NS(=O)(=O)c1ccc(Cl)cc1,CC(C)O,318.15,-0.25772242153592,-0.5980287790298462
CCCNC(=O)NS(=O)(=O)c1ccc(Cl)cc1,CCCOC(C)=O,318.32,-0.432802152658274,-0.37397488951683044
CCCNC(=O)NS(=O)(=O)c1ccc(Cl)cc1,CCCCOC(C)=O,323.23,-0.480113695906665,-0.49795207381248474
CCCNC(=O)NS(=O)(=O)c1ccc(Cl)cc1,CCCO,318.13,-0.225710914217808,-0.46300607919692993
CCCNC(=O)NS(=O)(=O)c1ccc(Cl)cc1,CCCCO,318.02,-0.311734134114922,-0.619748055934906
CCCNC(=O)NS(=O)(=O)c1ccc(Cl)cc1,CCOC(C)=O,318.2,-0.318323371996952,-0.207261860370636
CCCNC(=O)NS(=O)(=O)c1ccc(Cl)cc1,CCC(=O)OC,318.15,-0.306449793677777,-0.08083195984363556
CCCNC(=O)NS(=O)(=O)c1ccc(Cl)cc1,CCO,318.12,-0.054632142430652,-0.2516675591468811
CCCNC(=O)NS(=O)(=O)c1ccc(Cl)cc1,CCCOC(C)=O,323.23,-0.330545617559489,-0.3069903552532196
CCCNC(=O)NS(=O)(=O)c1ccc(Cl)cc1,CCC(C)O,318.2,-0.194929862782575,-0.7512129545211792
CCCNC(=O)NS(=O)(=O)c1ccc(Cl)cc1,CCOC(C)=O,323.3,-0.216165352030412,-0.14280489087104797
CCCNC(=O)NS(=O)(=O)c1ccc(Cl)cc1,CCC(=O)OC,323.5,-0.189201311276151,-0.018302515149116516
NS(=O)(=O)Cc1noc2ccccc12,Cc1ccccc1,273.15,-3.46595671338566,-3.186344861984253
NS(=O)(=O)Cc1noc2ccccc12,Cc1ccccc1,278.15,-3.3158066258885,-3.096745014190674
NS(=O)(=O)Cc1noc2ccccc12,Cc1ccccc1,283.15,-3.19319249982182,-2.995232582092285
NS(=O)(=O)Cc1noc2ccccc12,Cc1ccccc1,288.15,-3.08453851789096,-2.8861939907073975
NS(=O)(=O)Cc1noc2ccccc12,Cc1ccccc1,293.15,-3.00117728962313,-2.7507083415985107
NS(=O)(=O)Cc1noc2ccccc12,Cc1ccccc1,298.15,-2.90891611587251,-2.6105823516845703
NS(=O)(=O)Cc1noc2ccccc12,Cc1ccccc1,303.15,-2.82743937874826,-2.4695491790771484
NS(=O)(=O)Cc1noc2ccccc12,CCCCO,273.15,-2.72265261107035,-1.8677424192428589
NS(=O)(=O)Cc1noc2ccccc12,Cc1ccccc1,308.15,-2.74687440346019,-2.3378477096557617
NS(=O)(=O)Cc1noc2ccccc12,Cc1ccccc1,313.15,-2.67413513231607,-2.195862293243408
NS(=O)(=O)Cc1noc2ccccc12,CCCCO,278.15,-2.54007808711947,-1.7523703575134277
NS(=O)(=O)Cc1noc2ccccc12,CCCCO,283.15,-2.37381331179593,-1.651531457901001
NS(=O)(=O)Cc1noc2ccccc12,CCCO,273.15,-2.25216244870466,-1.6099621057510376
NS(=O)(=O)Cc1noc2ccccc12,CCCCO,288.15,-2.23636531952845,-1.5564192533493042
NS(=O)(=O)Cc1noc2ccccc12,CCCO,278.15,-2.12952720741245,-1.4934316873550415
NS(=O)(=O)Cc1noc2ccccc12,CC(C)O,273.15,-2.08280672013233,-1.7697452306747437
NS(=O)(=O)Cc1noc2ccccc12,CCCO,283.15,-2.0256576269249,-1.385487675666809
NS(=O)(=O)Cc1noc2ccccc12,CCCCO,293.15,-2.10306144058205,-1.4610430002212524
NS(=O)(=O)Cc1noc2ccccc12,CC(C)O,278.15,-1.97720701532134,-1.6345683336257935
NS(=O)(=O)Cc1noc2ccccc12,CCCO,288.15,-1.93547850309676,-1.2948455810546875
NS(=O)(=O)Cc1noc2ccccc12,CCCCO,298.15,-1.98303950121658,-1.3742623329162598
NS(=O)(=O)Cc1noc2ccccc12,CC(C)O,283.15,-1.87944256865588,-1.5009949207305908
NS(=O)(=O)Cc1noc2ccccc12,CCCO,293.15,-1.850282877772,-1.2094732522964478
NS(=O)(=O)Cc1noc2ccccc12,CCO,273.15,-1.70739377736222,-1.2797579765319824
NS(=O)(=O)Cc1noc2ccccc12,CC(C)O,288.15,-1.79440650088238,-1.3852920532226562
NS(=O)(=O)Cc1noc2ccccc12,CCCCO,303.15,-1.878683190484,-1.2875241041183472
NS(=O)(=O)Cc1noc2ccccc12,CCCO,298.15,-1.77365549854753,-1.1333746910095215
NS(=O)(=O)Cc1noc2ccccc12,CCO,278.15,-1.62870282096002,-1.1642504930496216
NS(=O)(=O)Cc1noc2ccccc12,CC(C)O,293.15,-1.71875362410486,-1.279586911201477
NS(=O)(=O)Cc1noc2ccccc12,CCCCO,308.15,-1.79597573786344,-1.2119120359420776
NS(=O)(=O)Cc1noc2ccccc12,CCCO,303.15,-1.70265437119705,-1.0540993213653564
NS(=O)(=O)Cc1noc2ccccc12,CCO,283.15,-1.55835071482515,-1.060747742652893
NS(=O)(=O)Cc1noc2ccccc12,CC(C)O,298.15,-1.64623350857548,-1.1892642974853516
NS(=O)(=O)Cc1noc2ccccc12,CCCO,308.15,-1.63667064791727,-0.9837527871131897
NS(=O)(=O)Cc1noc2ccccc12,CCCCO,313.15,-1.71830033155828,-1.1376928091049194
NS(=O)(=O)Cc1noc2ccccc12,CCO,288.15,-1.48932576488801,-0.9717576503753662
NS(=O)(=O)Cc1noc2ccccc12,CCCO,313.15,-1.58035932237809,-0.908771812915802
NS(=O)(=O)Cc1noc2ccccc12,CC(C)O,303.15,-1.57211784100936,-1.1053866147994995
NS(=O)(=O)Cc1noc2ccccc12,CCO,293.15,-1.42002225612158,-0.8914840221405029
NS(=O)(=O)Cc1noc2ccccc12,CC(C)O,308.15,-1.50739460111541,-1.0211904048919678
NS(=O)(=O)Cc1noc2ccccc12,CO,273.15,-1.19200486312463,-0.8324563503265381
NS(=O)(=O)Cc1noc2ccccc12,CCO,298.15,-1.36086031085735,-0.8167980909347534
NS(=O)(=O)Cc1noc2ccccc12,CO,278.15,-1.16080786121989,-0.7538168430328369
NS(=O)(=O)Cc1noc2ccccc12,CC(C)O,313.15,-1.45394621595338,-0.9353556036949158
NS(=O)(=O)Cc1noc2ccccc12,CCO,303.15,-1.30736556462892,-0.7412472367286682
NS(=O)(=O)Cc1noc2ccccc12,CO,283.15,-1.12541363015278,-0.6696877479553223
NS(=O)(=O)Cc1noc2ccccc12,CO,288.15,-1.08995696252963,-0.589448094367981
NS(=O)(=O)Cc1noc2ccccc12,CCO,308.15,-1.2533820570392,-0.6718894243240356
NS(=O)(=O)Cc1noc2ccccc12,CO,293.15,-1.05692153788125,-0.506377100944519
NS(=O)(=O)Cc1noc2ccccc12,CCO,313.15,-1.20179710809603,-0.5960921049118042
NS(=O)(=O)Cc1noc2ccccc12,CO,298.15,-1.01738548457209,-0.42711299657821655
NS(=O)(=O)Cc1noc2ccccc12,CO,303.15,-0.985503746865709,-0.3518039882183075
NS(=O)(=O)Cc1noc2ccccc12,CO,308.15,-0.949576274672312,-0.28508883714675903
NS(=O)(=O)Cc1noc2ccccc12,CCOC(C)=O,273.15,-1.28047234246917,-0.8364771604537964
NS(=O)(=O)Cc1noc2ccccc12,CO,313.15,-0.916109214108034,-0.2189209759235382
NS(=O)(=O)Cc1noc2ccccc12,CCOC(C)=O,278.15,-1.23311606311897,-0.7938225269317627
NS(=O)(=O)Cc1noc2ccccc12,CC#N,273.15,-0.955698359568297,-0.5933545231819153
NS(=O)(=O)Cc1noc2ccccc12,CCOC(C)=O,283.15,-1.18600057999788,-0.7571247816085815
NS(=O)(=O)Cc1noc2ccccc12,CC#N,278.15,-0.868081621360291,-0.5437921285629272
NS(=O)(=O)Cc1noc2ccccc12,CCOC(C)=O,288.15,-1.13711072788257,-0.7182949781417847
NS(=O)(=O)Cc1noc2ccccc12,O=C1CCCCC1,273.15,-1.13633950129925,-0.394345760345459
NS(=O)(=O)Cc1noc2ccccc12,CCOC(C)=O,293.15,-1.08773846796728,-0.6656869649887085
NS(=O)(=O)Cc1noc2ccccc12,CC#N,283.15,-0.796024346273755,-0.49062010645866394
NS(=O)(=O)Cc1noc2ccccc12,CCOC(C)=O,298.15,-1.04016907578842,-0.6153011322021484
NS(=O)(=O)Cc1noc2ccccc12,O=C1CCCCC1,278.15,-1.05252263815004,-0.3476216793060303
NS(=O)(=O)Cc1noc2ccccc12,CCOC(C)=O,303.15,-1.00054089333698,-0.5640575885772705
NS(=O)(=O)Cc1noc2ccccc12,CC#N,288.15,-0.71918419007472,-0.435558557510376
NS(=O)(=O)Cc1noc2ccccc12,CCOC(C)=O,308.15,-0.960074695340595,-0.5093675851821899
NS(=O)(=O)Cc1noc2ccccc12,O=C1CCCCC1,283.15,-0.969642564981428,-0.3074294924736023
NS(=O)(=O)Cc1noc2ccccc12,CC#N,293.15,-0.656111260410737,-0.38027650117874146
NS(=O)(=O)Cc1noc2ccccc12,CCOC(C)=O,313.15,-0.923113767433997,-0.44928497076034546
NS(=O)(=O)Cc1noc2ccccc12,O=C1CCCCC1,288.15,-0.896135300046555,-0.2702513039112091
NS(=O)(=O)Cc1noc2ccccc12,CC#N,298.15,-0.59330262327342,-0.32769259810447693
NS(=O)(=O)Cc1noc2ccccc12,CCC(C)=O,273.15,-0.816156090333689,-0.4215139150619507
NS(=O)(=O)Cc1noc2ccccc12,CC#N,303.15,-0.545490961857439,-0.276973158121109
NS(=O)(=O)Cc1noc2ccccc12,CCC(C)=O,278.15,-0.748984672347999,-0.38216453790664673
NS(=O)(=O)Cc1noc2ccccc12,O=C1CCCCC1,293.15,-0.815838784665492,-0.22962579131126404
NS(=O)(=O)Cc1noc2ccccc12,CC#N,308.15,-0.488728594288565,-0.22269372642040253
NS(=O)(=O)Cc1noc2ccccc12,CCC(C)=O,283.15,-0.685080152911666,-0.33690330386161804
NS(=O)(=O)Cc1noc2ccccc12,O=C1CCCCC1,298.15,-0.742982418479032,-0.18831709027290344
NS(=O)(=O)Cc1noc2ccccc12,CC#N,313.15,-0.443112754606702,-0.1635301113128662
NS(=O)(=O)Cc1noc2ccccc12,CN(C)C=O,273.15,-0.58490524517806,-0.3610638976097107
NS(=O)(=O)Cc1noc2ccccc12,CCC(C)=O,288.15,-0.619502023240191,-0.2943378686904907
NS(=O)(=O)Cc1noc2ccccc12,O=C1CCCCC1,303.15,-0.672041288144644,-0.13964416086673737
NS(=O)(=O)Cc1noc2ccccc12,C1COCCO1,288.15,-0.535640650172142,-0.3643842339515686
NS(=O)(=O)Cc1noc2ccccc12,CCC(C)=O,293.15,-0.552783940648899,-0.24444781243801117
NS(=O)(=O)Cc1noc2ccccc12,O=C1CCCCC1,308.15,-0.588435345811871,-0.09386074542999268
NS(=O)(=O)Cc1noc2ccccc12,CN(C)C=O,278.15,-0.422587590207447,-0.2828274369239807
NS(=O)(=O)Cc1noc2ccccc12,CCC(C)=O,298.15,-0.490113908146181,-0.19466973841190338
NS(=O)(=O)Cc1noc2ccccc12,C1COCCO1,293.15,-0.448248412125388,-0.3119485378265381
NS(=O)(=O)Cc1noc2ccccc12,O=C1CCCCC1,313.15,-0.523239802365425,-0.04903807491064072
NS(=O)(=O)Cc1noc2ccccc12,CCC(C)=O,303.15,-0.43962199908668,-0.14443227648735046
NS(=O)(=O)Cc1noc2ccccc12,C1COCCO1,298.15,-0.368072776329414,-0.25201886892318726
NS(=O)(=O)Cc1noc2ccccc12,CCC(C)=O,308.15,-0.390666258513668,-0.09510132670402527
NS(=O)(=O)Cc1noc2ccccc12,CN(C)C=O,283.15,-0.292547592649797,-0.2002878040075302
NS(=O)(=O)Cc1noc2ccccc12,CCC(C)=O,313.15,-0.34418706388898,-0.038365721702575684
NS(=O)(=O)Cc1noc2ccccc12,C1COCCO1,303.15,-0.297289782083262,-0.19830477237701416
NS(=O)(=O)Cc1noc2ccccc12,CN(C)C=O,288.15,-0.192344226676133,-0.11756524443626404
NS(=O)(=O)Cc1noc2ccccc12,C1COCCO1,308.15,-0.227443257533182,-0.14624787867069244
NS(=O)(=O)Cc1noc2ccccc12,C1COCCO1,313.15,-0.164741808663531,-0.09099297225475311
NS(=O)(=O)Cc1noc2ccccc12,CN(C)C=O,293.15,-0.100663508383903,-0.02333880215883255
NS(=O)(=O)Cc1noc2ccccc12,CN(C)C=O,298.15,-0.02106911389951,0.07263453304767609
NS(=O)(=O)Cc1noc2ccccc12,CN(C)C=O,303.15,0.055131086011002,0.14871004223823547
NS(=O)(=O)Cc1noc2ccccc12,CN(C)C=O,308.15,0.126428388137987,0.23015977442264557
NS(=O)(=O)Cc1noc2ccccc12,CN(C)C=O,313.15,0.186099006797651,0.30118387937545776
CC(=O)Oc1ccccc1C(=O)Nc1ncc([N+](=O)[O-])s1,Cc1ccccc1,273.15,-3.13608730955448,-3.080010414123535
CC(=O)Oc1ccccc1C(=O)Nc1ncc([N+](=O)[O-])s1,Cc1ccccc1,278.15,-3.02352773928949,-3.0264031887054443
CC(=O)Oc1ccccc1C(=O)Nc1ncc([N+](=O)[O-])s1,CO,273.15,-2.58403141324481,-2.800044059753418
CC(=O)Oc1ccccc1C(=O)Nc1ncc([N+](=O)[O-])s1,CCO,273.15,-2.68847343434883,-2.893568992614746
CC(=O)Oc1ccccc1C(=O)Nc1ncc([N+](=O)[O-])s1,Cc1ccccc1,283.15,-2.93153632530288,-2.9683616161346436
CC(=O)Oc1ccccc1C(=O)Nc1ncc([N+](=O)[O-])s1,CO,278.15,-2.49916578843545,-2.719452142715454
CC(=O)Oc1ccccc1C(=O)Nc1ncc([N+](=O)[O-])s1,CCCO,273.15,-2.72518537949893,-2.8879408836364746
CC(=O)Oc1ccccc1C(=O)Nc1ncc([N+](=O)[O-])s1,Cc1ccccc1,288.15,-2.8593796455415,-2.9043900966644287
CC(=O)Oc1ccccc1C(=O)Nc1ncc([N+](=O)[O-])s1,CCO,278.15,-2.59159735632519,-2.8139116764068604
CC(=O)Oc1ccccc1C(=O)Nc1ncc([N+](=O)[O-])s1,CO,283.15,-2.42549986522211,-2.6304712295532227
CC(=O)Oc1ccccc1C(=O)Nc1ncc([N+](=O)[O-])s1,CC(C)O,273.15,-2.66377455061236,-2.991985559463501
CC(=O)Oc1ccccc1C(=O)Nc1ncc([N+](=O)[O-])s1,Cc1ccccc1,293.15,-2.79559648623522,-2.8223471641540527
CC(=O)Oc1ccccc1C(=O)Nc1ncc([N+](=O)[O-])s1,CCCO,278.15,-2.62883579708903,-2.8159964084625244
CC(=O)Oc1ccccc1C(=O)Nc1ncc([N+](=O)[O-])s1,CCCCO,273.15,-2.70758625841671,-2.9058268070220947
CC(=O)Oc1ccccc1C(=O)Nc1ncc([N+](=O)[O-])s1,CO,288.15,-2.35627514057709,-2.5405242443084717
CC(=O)Oc1ccccc1C(=O)Nc1ncc([N+](=O)[O-])s1,CCO,283.15,-2.50832809671474,-2.725205183029175
CC(=O)Oc1ccccc1C(=O)Nc1ncc([N+](=O)[O-])s1,Cc1ccccc1,298.15,-2.73268607796844,-2.7354094982147217
CC(=O)Oc1ccccc1C(=O)Nc1ncc([N+](=O)[O-])s1,CO,293.15,-2.30128649234959,-2.446263313293457
CC(=O)Oc1ccccc1C(=O)Nc1ncc([N+](=O)[O-])s1,CC(C)O,278.15,-2.57028805589715,-2.8903086185455322
CC(=O)Oc1ccccc1C(=O)Nc1ncc([N+](=O)[O-])s1,CCO,288.15,-2.43923187314595,-2.6381304264068604
CC(=O)Oc1ccccc1C(=O)Nc1ncc([N+](=O)[O-])s1,CCCO,283.15,-2.54481911271558,-2.7340903282165527
CC(=O)Oc1ccccc1C(=O)Nc1ncc([N+](=O)[O-])s1,CCCCO,278.15,-2.62465764402307,-2.830228328704834
CC(=O)Oc1ccccc1C(=O)Nc1ncc([N+](=O)[O-])s1,Cc1ccccc1,303.15,-2.67853341188972,-2.6441099643707275
CC(=O)Oc1ccccc1C(=O)Nc1ncc([N+](=O)[O-])s1,CO,298.15,-2.24495269460628,-2.3483338356018066
CC(=O)Oc1ccccc1C(=O)Nc1ncc([N+](=O)[O-])s1,CC(C)O,283.15,-2.49242285995841,-2.790417432785034
CC(=O)Oc1ccccc1C(=O)Nc1ncc([N+](=O)[O-])s1,CCO,293.15,-2.37492387207005,-2.5480477809906006
CC(=O)Oc1ccccc1C(=O)Nc1ncc([N+](=O)[O-])s1,CCCO,288.15,-2.47331169634113,-2.6470346450805664
CC(=O)Oc1ccccc1C(=O)Nc1ncc([N+](=O)[O-])s1,CCCCO,283.15,-2.54713370105441,-2.7471542358398438
CC(=O)Oc1ccccc1C(=O)Nc1ncc([N+](=O)[O-])s1,Cc1ccccc1,308.15,-2.62145844633058,-2.5542569160461426
CC(=O)Oc1ccccc1C(=O)Nc1ncc([N+](=O)[O-])s1,CO,303.15,-2.19496779076844,-2.260404348373413
CC(=O)Oc1ccccc1C(=O)Nc1ncc([N+](=O)[O-])s1,CCO,298.15,-2.31336992467887,-2.4612812995910645
CC(=O)Oc1ccccc1C(=O)Nc1ncc([N+](=O)[O-])s1,CC(C)O,288.15,-2.42257652512324,-2.6955254077911377
CC(=O)Oc1ccccc1C(=O)Nc1ncc([N+](=O)[O-])s1,CCCO,293.15,-2.41105751487011,-2.557075023651123
CC(=O)Oc1ccccc1C(=O)Nc1ncc([N+](=O)[O-])s1,Cc1ccccc1,313.15,-2.5715655819372,-2.4579520225524902
CC(=O)Oc1ccccc1C(=O)Nc1ncc([N+](=O)[O-])s1,CO,308.15,-2.14027521894542,-2.1727797985076904
CC(=O)Oc1ccccc1C(=O)Nc1ncc([N+](=O)[O-])s1,CCCCO,288.15,-2.47765437043678,-2.6635560989379883
CC(=O)Oc1ccccc1C(=O)Nc1ncc([N+](=O)[O-])s1,CCO,303.15,-2.25075258934859,-2.369218587875366
CC(=O)Oc1ccccc1C(=O)Nc1ncc([N+](=O)[O-])s1,CC(C)O,293.15,-2.36055593384101,-2.5965094566345215
CC(=O)Oc1ccccc1C(=O)Nc1ncc([N+](=O)[O-])s1,CO,313.15,-2.09327728824026,-2.070456027984619
CC(=O)Oc1ccccc1C(=O)Nc1ncc([N+](=O)[O-])s1,CCCO,298.15,-2.34843335118691,-2.468618154525757
CC(=O)Oc1ccccc1C(=O)Nc1ncc([N+](=O)[O-])s1,CCCCO,293.15,-2.41215291506843,-2.568007469177246
CC(=O)Oc1ccccc1C(=O)Nc1ncc([N+](=O)[O-])s1,CC(C)O,298.15,-2.30116321611275,-2.5068914890289307
CC(=O)Oc1ccccc1C(=O)Nc1ncc([N+](=O)[O-])s1,CCO,308.15,-2.18743941354389,-2.2734434604644775
CC(=O)Oc1ccccc1C(=O)Nc1ncc([N+](=O)[O-])s1,CCCO,303.15,-2.286420274885,-2.377481698989868
CC(=O)Oc1ccccc1C(=O)Nc1ncc([N+](=O)[O-])s1,CCCCO,298.15,-2.3503384909673,-2.4775896072387695
CC(=O)Oc1ccccc1C(=O)Nc1ncc([N+](=O)[O-])s1,CC(C)O,303.15,-2.24847045577937,-2.4295806884765625
CC(=O)Oc1ccccc1C(=O)Nc1ncc([N+](=O)[O-])s1,CCO,313.15,-2.122071362607,-2.1758313179016113
CC(=O)Oc1ccccc1C(=O)Nc1ncc([N+](=O)[O-])s1,CCCO,308.15,-2.22392572148679,-2.2849059104919434
CC(=O)Oc1ccccc1C(=O)Nc1ncc([N+](=O)[O-])s1,CCCCO,303.15,-2.29234767587457,-2.385155200958252
CC(=O)Oc1ccccc1C(=O)Nc1ncc([N+](=O)[O-])s1,CC(C)O,308.15,-2.18989890050078,-2.3526833057403564
CC(=O)Oc1ccccc1C(=O)Nc1ncc([N+](=O)[O-])s1,CCCO,313.15,-2.16165377216312,-2.1844632625579834
CC(=O)Oc1ccccc1C(=O)Nc1ncc([N+](=O)[O-])s1,CCCCO,308.15,-2.23432914365163,-2.292736291885376
CC(=O)Oc1ccccc1C(=O)Nc1ncc([N+](=O)[O-])s1,CC(C)O,313.15,-2.12952618006326,-2.2584052085876465
CC(=O)Oc1ccccc1C(=O)Nc1ncc([N+](=O)[O-])s1,CCCCO,313.15,-2.17942942797429,-2.1918344497680664
CC(=O)Oc1ccccc1C(=O)Nc1ncc([N+](=O)[O-])s1,CC#N,273.15,-1.79340121100776,-1.639610767364502
CC(=O)Oc1ccccc1C(=O)Nc1ncc([N+](=O)[O-])s1,CC#N,278.15,-1.74462417188457,-1.57100510597229
CC(=O)Oc1ccccc1C(=O)Nc1ncc([N+](=O)[O-])s1,CC#N,283.15,-1.70013443930947,-1.5006550550460815
CC(=O)Oc1ccccc1C(=O)Nc1ncc([N+](=O)[O-])s1,CC#N,288.15,-1.65547502187647,-1.4388492107391357
CC(=O)Oc1ccccc1C(=O)Nc1ncc([N+](=O)[O-])s1,CC#N,293.15,-1.61338393161385,-1.3716909885406494
CC(=O)Oc1ccccc1C(=O)Nc1ncc([N+](=O)[O-])s1,CC#N,298.15,-1.56657850581975,-1.3069006204605103
CC(=O)Oc1ccccc1C(=O)Nc1ncc([N+](=O)[O-])s1,CC#N,303.15,-1.52725149372681,-1.2440286874771118
CC(=O)Oc1ccccc1C(=O)Nc1ncc([N+](=O)[O-])s1,CC#N,308.15,-1.47675722219007,-1.181349277496338
CC(=O)Oc1ccccc1C(=O)Nc1ncc([N+](=O)[O-])s1,CCOC(C)=O,273.15,-1.71051577591516,-1.705061674118042
CC(=O)Oc1ccccc1C(=O)Nc1ncc([N+](=O)[O-])s1,CC#N,313.15,-1.42707454694853,-1.1172761917114258
CC(=O)Oc1ccccc1C(=O)Nc1ncc([N+](=O)[O-])s1,CCOC(C)=O,278.15,-1.66733934769245,-1.6531732082366943
CC(=O)Oc1ccccc1C(=O)Nc1ncc([N+](=O)[O-])s1,CCOC(C)=O,283.15,-1.62398202090692,-1.591556429862976
CC(=O)Oc1ccccc1C(=O)Nc1ncc([N+](=O)[O-])s1,CCOC(C)=O,288.15,-1.58472345647853,-1.5308573246002197
CC(=O)Oc1ccccc1C(=O)Nc1ncc([N+](=O)[O-])s1,CCOC(C)=O,293.15,-1.54824952503447,-1.466244101524353
CC(=O)Oc1ccccc1C(=O)Nc1ncc([N+](=O)[O-])s1,CCOC(C)=O,298.15,-1.51081840495096,-1.399446725845337
CC(=O)Oc1ccccc1C(=O)Nc1ncc([N+](=O)[O-])s1,CCOC(C)=O,303.15,-1.47640347754589,-1.3304258584976196
CC(=O)Oc1ccccc1C(=O)Nc1ncc([N+](=O)[O-])s1,CCC(C)=O,273.15,-1.41589226547751,-0.9840152859687805
CC(=O)Oc1ccccc1C(=O)Nc1ncc([N+](=O)[O-])s1,CCOC(C)=O,308.15,-1.43850231301365,-1.2620331048965454
CC(=O)Oc1ccccc1C(=O)Nc1ncc([N+](=O)[O-])s1,CCOC(C)=O,313.15,-1.39930004590158,-1.1860437393188477
CC(=O)Oc1ccccc1C(=O)Nc1ncc([N+](=O)[O-])s1,CCC(C)=O,278.15,-1.2455389113263,-0.9445376396179199
CC(=O)Oc1ccccc1C(=O)Nc1ncc([N+](=O)[O-])s1,CCC(C)=O,283.15,-1.1235866338315,-0.8971315622329712
CC(=O)Oc1ccccc1C(=O)Nc1ncc([N+](=O)[O-])s1,CCC(C)=O,288.15,-1.01119159185696,-0.8466163873672485
CC(=O)Oc1ccccc1C(=O)Nc1ncc([N+](=O)[O-])s1,C1COCCO1,288.15,-0.913845482144646,-1.241222858428955
CC(=O)Oc1ccccc1C(=O)Nc1ncc([N+](=O)[O-])s1,CCC(C)=O,293.15,-0.917347419158439,-0.7920243740081787
CC(=O)Oc1ccccc1C(=O)Nc1ncc([N+](=O)[O-])s1,C1COCCO1,293.15,-0.807533948700684,-1.2108570337295532
CC(=O)Oc1ccccc1C(=O)Nc1ncc([N+](=O)[O-])s1,CCC(C)=O,298.15,-0.828921479704706,-0.7369930744171143
CC(=O)Oc1ccccc1C(=O)Nc1ncc([N+](=O)[O-])s1,CCC(C)=O,303.15,-0.752477649085135,-0.678627073764801
CC(=O)Oc1ccccc1C(=O)Nc1ncc([N+](=O)[O-])s1,C1COCCO1,298.15,-0.703375780333851,-1.17901611328125
CC(=O)Oc1ccccc1C(=O)Nc1ncc([N+](=O)[O-])s1,CCC(C)=O,308.15,-0.670278639783347,-0.6247366666793823
CC(=O)Oc1ccccc1C(=O)Nc1ncc([N+](=O)[O-])s1,C1COCCO1,303.15,-0.610966158433695,-1.1377629041671753
CC(=O)Oc1ccccc1C(=O)Nc1ncc([N+](=O)[O-])s1,CCC(C)=O,313.15,-0.594177314605007,-0.56417316198349
CC(=O)Oc1ccccc1C(=O)Nc1ncc([N+](=O)[O-])s1,C1COCCO1,308.15,-0.522461961382338,-1.0942401885986328
CC(=O)Oc1ccccc1C(=O)Nc1ncc([N+](=O)[O-])s1,C1COCCO1,313.15,-0.433958520289845,-1.0454175472259521
CC(=O)Oc1ccccc1C(=O)Nc1ncc([N+](=O)[O-])s1,CN(C)C=O,273.15,-0.044374545777687,-0.04643171280622482
CC(=O)Oc1ccccc1C(=O)Nc1ncc([N+](=O)[O-])s1,CN(C)C=O,278.15,-0.022215546111456,0.0024476638063788414
CC(=O)Oc1ccccc1C(=O)Nc1ncc([N+](=O)[O-])s1,CN(C)C=O,283.15,0.002365863053495,0.04080091044306755
CC(=O)Oc1ccccc1C(=O)Nc1ncc([N+](=O)[O-])s1,CN(C)C=O,288.15,0.025715108450764,0.07095906138420105
CC(=O)Oc1ccccc1C(=O)Nc1ncc([N+](=O)[O-])s1,CN(C)C=O,293.15,0.050980799162072,0.09685038030147552
CC(=O)Oc1ccccc1C(=O)Nc1ncc([N+](=O)[O-])s1,CN(C)C=O,298.15,0.07703871540374,0.1247657760977745
CC(=O)Oc1ccccc1C(=O)Nc1ncc([N+](=O)[O-])s1,CN1CCCC1=O,273.15,0.009507243784764,-0.028780926018953323
CC(=O)Oc1ccccc1C(=O)Nc1ncc([N+](=O)[O-])s1,CN1CCCC1=O,278.15,0.01827393125295,0.0029536206275224686
CC(=O)Oc1ccccc1C(=O)Nc1ncc([N+](=O)[O-])s1,CN(C)C=O,303.15,0.104548126842128,0.15847554802894592
CC(=O)Oc1ccccc1C(=O)Nc1ncc([N+](=O)[O-])s1,CN1CCCC1=O,283.15,0.029956581826657,0.03353318199515343
CC(=O)Oc1ccccc1C(=O)Nc1ncc([N+](=O)[O-])s1,CN1CCCC1=O,288.15,0.042167507624666,0.06191627308726311
CC(=O)Oc1ccccc1C(=O)Nc1ncc([N+](=O)[O-])s1,CN(C)C=O,308.15,0.138159770044782,0.19456493854522705
CC(=O)Oc1ccccc1C(=O)Nc1ncc([N+](=O)[O-])s1,CN1CCCC1=O,293.15,0.053933866785273,0.0874401405453682
CC(=O)Oc1ccccc1C(=O)Nc1ncc([N+](=O)[O-])s1,CN1CCCC1=O,298.15,0.06833556801613,0.10873978585004807
CC(=O)Oc1ccccc1C(=O)Nc1ncc([N+](=O)[O-])s1,CN(C)C=O,313.15,0.170968031291149,0.22624526917934418
CC(=O)Oc1ccccc1C(=O)Nc1ncc([N+](=O)[O-])s1,CN1CCCC1=O,303.15,0.083348484895308,0.13249894976615906
CC(=O)Oc1ccccc1C(=O)Nc1ncc([N+](=O)[O-])s1,CN1CCCC1=O,308.15,0.098210140113024,0.16081562638282776
CC(=O)Oc1ccccc1C(=O)Nc1ncc([N+](=O)[O-])s1,CN1CCCC1=O,313.15,0.113866227601216,0.18980151414871216
NC(=O)c1cnccn1,CCCCO,278.15,-2.15555012513815,-1.7605830430984497
NC(=O)c1cnccn1,CCC(C)O,278.15,-2.12072445680187,-1.9022549390792847
NC(=O)c1cnccn1,O,278.15,-1.39923659673304,-1.11439049243927
NC(=O)c1cnccn1,CCCO,278.15,-1.99740382304684,-1.6661701202392578
NC(=O)c1cnccn1,CC(C)O,278.15,-2.00617394507468,-1.8284335136413574
NC(=O)c1cnccn1,CC(C)O,283.15,-1.91427798927992,-1.7461249828338623
NC(=O)c1cnccn1,CCC(C)O,283.15,-1.99505397903727,-1.8208627700805664
NC(=O)c1cnccn1,CCO,278.15,-1.77263767279784,-1.4774165153503418
NC(=O)c1cnccn1,CCCCO,283.15,-1.96583718493371,-1.6789828538894653
NC(=O)c1cnccn1,O,283.15,-1.21061903522582,-1.022423505783081
NC(=O)c1cnccn1,CCCO,283.15,-1.78717763613855,-1.5751961469650269
NC(=O)c1cnccn1,CCC(C)O,288.15,-1.87635093481423,-1.7410227060317993
NC(=O)c1cnccn1,CC#N,278.15,-1.61955152822298,-1.6791480779647827
NC(=O)c1cnccn1,CC(C)O,288.15,-1.74177771422938,-1.6660652160644531
NC(=O)c1cnccn1,CCO,283.15,-1.62232698197174,-1.3971284627914429
NC(=O)c1cnccn1,CCCCO,288.15,-1.80519137945695,-1.6017026901245117
NC(=O)c1cnccn1,CCCO,288.15,-1.70319701275138,-1.4953699111938477
NC(=O)c1cnccn1,O,288.15,-1.07110872962662,-0.9301393628120422
NC(=O)c1cnccn1,CCC(C)O,293.15,-1.76016158997276,-1.6451194286346436
NC(=O)c1cnccn1,CCCCO,293.15,-1.7421081261863,-1.5087543725967407
NC(=O)c1cnccn1,CCCOC(C)=O,278.15,-1.81856436395076,-1.860213279724121
NC(=O)c1cnccn1,CC(C)O,293.15,-1.62638947656884,-1.578125238418579
NC(=O)c1cnccn1,O,293.15,-0.999284705163798,-0.833843469619751
NC(=O)c1cnccn1,CC#N,283.15,-1.45643467620054,-1.604688286781311
NC(=O)c1cnccn1,CCO,288.15,-1.49900629931324,-1.3170411586761475
NC(=O)c1cnccn1,COC(C)=O,278.15,-1.62436042919762,-1.5389845371246338
NC(=O)c1cnccn1,CCOC(C)=O,278.15,-1.70740486599683,-1.7205277681350708
NC(=O)c1cnccn1,CO,278.15,-1.30526356416322,-1.0794346332550049
NC(=O)c1cnccn1,CC#N,288.15,-1.4085539675143,-1.519577145576477
NC(=O)c1cnccn1,CCCO,293.15,-1.56524580144519,-1.407501220703125
NC(=O)c1cnccn1,CCC(C)O,298.15,-1.64161601200921,-1.5471116304397583
NC(=O)c1cnccn1,CCCCO,298.15,-1.63093134142608,-1.4185762405395508
NC(=O)c1cnccn1,CCO,293.15,-1.39984453395716,-1.2324495315551758
NC(=O)c1cnccn1,O,298.15,-0.885298594368171,-0.7499629855155945
NC(=O)c1cnccn1,CCCOC(C)=O,283.15,-1.68163242891319,-1.7956129312515259
NC(=O)c1cnccn1,CC(C)O,298.15,-1.50935608297627,-1.4910930395126343
NC(=O)c1cnccn1,COC(C)=O,283.15,-1.49464002893775,-1.460515022277832
NC(=O)c1cnccn1,CCOC(C)=O,283.15,-1.58555973334792,-1.6570895910263062
NC(=O)c1cnccn1,CC(C)=O,278.15,-1.45310361411421,-1.384965419769287
NC(=O)c1cnccn1,CC#N,293.15,-1.31103113343187,-1.4292031526565552
NC(=O)c1cnccn1,CCCO,298.15,-1.45751026259364,-1.314936637878418
NC(=O)c1cnccn1,CCCOC(C)=O,288.15,-1.63921630031942,-1.7257333993911743
NC(=O)c1cnccn1,CO,283.15,-1.16330257407234,-1.000792145729065
NC(=O)c1cnccn1,CCOC(C)=O,288.15,-1.54451011416642,-1.5845638513565063
NC(=O)c1cnccn1,CCC(C)O,303.15,-1.52340564573677,-1.4454271793365479
NC(=O)c1cnccn1,O,303.15,-0.808418787938759,-0.6659685969352722
NC(=O)c1cnccn1,CCO,298.15,-1.31813128039813,-1.1458479166030884
NC(=O)c1cnccn1,CCCCO,303.15,-1.50874064275123,-1.3284275531768799
NC(=O)c1cnccn1,CC(C)O,303.15,-1.42253890807534,-1.3980565071105957
NC(=O)c1cnccn1,CCCO,303.15,-1.40042046218133,-1.220689296722412
NC(=O)c1cnccn1,CC#N,298.15,-1.23577417042911,-1.3446941375732422
NC(=O)c1cnccn1,CCCOC(C)=O,293.15,-1.56882750069512,-1.6464272737503052
NC(=O)c1cnccn1,CC(C)=O,283.15,-1.35916277067988,-1.3249263763427734
NC(=O)c1cnccn1,CCOC(C)=O,293.15,-1.48641155527437,-1.5055243968963623
NC(=O)c1cnccn1,CO,288.15,-1.08098237110945,-0.9304309487342834
NC(=O)c1cnccn1,COC(C)=O,288.15,-1.35843936393837,-1.3784464597702026
NC(=O)c1cnccn1,CCC(C)O,308.15,-1.42146808159242,-1.3504955768585205
NC(=O)c1cnccn1,CCO,303.15,-1.21962728632596,-1.0560301542282104
NC(=O)c1cnccn1,CCCOC(C)=O,298.15,-1.50273069265858,-1.572919487953186
NC(=O)c1cnccn1,CC(C)O,308.15,-1.3298272957058,-1.298446536064148
NC(=O)c1cnccn1,CCCCO,308.15,-1.40303342011169,-1.2384867668151855
NC(=O)c1cnccn1,O,308.15,-0.690156185775558,-0.5811257362365723
NC(=O)c1cnccn1,CC(C)=O,288.15,-1.28797019000355,-1.2630032300949097
NC(=O)c1cnccn1,CCOC(C)=O,298.15,-1.40663173793411,-1.4355723857879639
NC(=O)c1cnccn1,CC#N,303.15,-1.14103735516729,-1.2601679563522339
NC(=O)c1cnccn1,COC(C)=O,293.15,-1.301700507164,-1.2928575277328491
NC(=O)c1cnccn1,CO,293.15,-1.00221695522949,-0.856275200843811
NC(=O)c1cnccn1,CCCO,308.15,-1.2718654187095,-1.1308079957962036
NC(=O)c1cnccn1,CCC(C)O,313.15,-1.34208680511346,-1.2552660703659058
NC(=O)c1cnccn1,CCO,308.15,-1.13473520000929,-0.9709179997444153
NC(=O)c1cnccn1,CCCOC(C)=O,303.15,-1.42591795420382,-1.5053879022598267
NC(=O)c1cnccn1,CC#N,308.15,-1.08138959801411,-1.1771295070648193
NC(=O)c1cnccn1,CC(C)=O,293.15,-1.21409280682425,-1.19380784034729
NC(=O)c1cnccn1,CCOC(C)=O,303.15,-1.34412850728467,-1.3637748956680298
NC(=O)c1cnccn1,CC(C)O,313.15,-1.23014702061313,-1.2013870477676392
NC(=O)c1cnccn1,O,313.15,-0.594163534400347,-0.4984065592288971
NC(=O)c1cnccn1,COC(C)=O,298.15,-1.23350816329869,-1.220724105834961
NC(=O)c1cnccn1,CO,298.15,-0.938995553660768,-0.7816613912582397
NC(=O)c1cnccn1,CCCCO,313.15,-1.27513987267869,-1.1463820934295654
NC(=O)c1cnccn1,CC#N,313.15,-1.0205100548972,-1.1009855270385742
NC(=O)c1cnccn1,CCCOC(C)=O,308.15,-1.35351730105386,-1.4421498775482178
NC(=O)c1cnccn1,CCCO,313.15,-1.1637315976477,-1.0392175912857056
NC(=O)c1cnccn1,CC(C)=O,298.15,-1.14081968405391,-1.1248383522033691
NC(=O)c1cnccn1,CCO,313.15,-1.04073404795795,-0.8916047215461731
NC(=O)c1cnccn1,C1COCCO1,288.15,-1.19232417679286,-1.3465454578399658
NC(=O)c1cnccn1,CO,303.15,-0.861492678158528,-0.7036411762237549
NC(=O)c1cnccn1,CCC(C)O,318.15,-1.21875623022016,-1.1654651165008545
NC(=O)c1cnccn1,O,318.15,-0.50136966262383,-0.41482633352279663
NC(=O)c1cnccn1,CCOC(C)=O,308.15,-1.23231988734192,-1.2915667295455933
NC(=O)c1cnccn1,CCCOC(C)=O,313.15,-1.30137770196547,-1.3649649620056152
NC(=O)c1cnccn1,CC#N,318.15,-0.959203244449204,-1.0277228355407715
NC(=O)c1cnccn1,COC(C)=O,303.15,-1.13004750154147,-1.152819275856018
NC(=O)c1cnccn1,CC(C)O,318.15,-1.11666825839535,-1.1058478355407715
NC(=O)c1cnccn1,CC(C)=O,303.15,-1.07256067378314,-1.0552150011062622
NC(=O)c1cnccn1,CO,308.15,-0.814405757597345,-0.6300575733184814
NC(=O)c1cnccn1,CCCO,318.15,-1.07617545595989,-0.9540331363677979
NC(=O)c1cnccn1,COC(C)=O,308.15,-1.09594018268092,-1.0816428661346436
NC(=O)c1cnccn1,CCOC(C)=O,313.15,-1.18428429233343,-1.216957926750183
NC(=O)c1cnccn1,CCCCO,318.15,-1.14042529929439,-1.0612874031066895
NC(=O)c1cnccn1,CCO,318.15,-0.944998323846688,-0.804983913898468
NC(=O)c1cnccn1,CCCOC(C)=O,318.15,-1.23446982754322,-1.2908263206481934
NC(=O)c1cnccn1,C1COCCO1,293.15,-1.08514190413875,-1.2616229057312012
NC(=O)c1cnccn1,CO,313.15,-0.768664053294566,-0.5612002015113831
NC(=O)c1cnccn1,CC(C)=O,308.15,-1.00051779870208,-0.985214352607727
NC(=O)c1cnccn1,COC(C)=O,313.15,-1.03767222586924,-1.0076395273208618
NC(=O)c1cnccn1,CCOC(C)=O,318.15,-1.12460304601735,-1.1450027227401733
NC(=O)c1cnccn1,CC(C)=O,313.15,-0.937974661486281,-0.9190666675567627
NC(=O)c1cnccn1,CO,318.15,-0.678856619449253,-0.4972589313983917
NC(=O)c1cnccn1,C1COCCO1,298.15,-0.976800801590453,-1.179465651512146
NC(=O)c1cnccn1,COC(C)=O,318.15,-0.938605905160966,-0.9397831559181213
NC(=O)c1cnccn1,CC(C)=O,318.15,-0.879765452637179,-0.8635718822479248
NC(=O)c1cnccn1,C1COCCO1,303.15,-0.896219164113521,-1.0952636003494263
NC(=O)c1cnccn1,C1COCCO1,308.15,-0.804000551987466,-1.014932632446289
NC(=O)c1cnccn1,C1COCCO1,313.15,-0.745858199243081,-0.9359104037284851
NC(=O)c1cnccn1,C1COCCO1,318.15,-0.66284146819303,-0.8583337068557739
CC1=NN(c2ccccc2)C(=O)C1,O,283.15,-2.07088237772806,-2.1929757595062256
CC1=NN(c2ccccc2)C(=O)C1,O,293.15,-2.04404701297907,-2.016849994659424
CC1=NN(c2ccccc2)C(=O)C1,O,303.15,-2.01679144736326,-1.8473033905029297
CC1=NN(c2ccccc2)C(=O)C1,O,313.15,-1.9823798360859,-1.7219122648239136
CC1=NN(c2ccccc2)C(=O)C1,O,323.15,-1.93844669181863,-1.5754014253616333
CC1=NN(c2ccccc2)C(=O)C1,CC#N,283.15,-0.813656931194791,-0.7836023569107056
CC1=NN(c2ccccc2)C(=O)C1,CC#N,293.15,-0.613027774596424,-0.5861552953720093
CC1=NN(c2ccccc2)C(=O)C1,CCOC(C)=O,283.15,-0.861781440366372,-0.7674451470375061
CC1=NN(c2ccccc2)C(=O)C1,CC(C)O,283.15,-0.742550681993707,-0.7996181845664978
CC1=NN(c2ccccc2)C(=O)C1,CCCO,283.15,-0.690049792524421,-0.565201997756958
CC1=NN(c2ccccc2)C(=O)C1,CC(C)CO,283.15,-0.770941586393734,-0.7217502593994141
CC1=NN(c2ccccc2)C(=O)C1,CCC(C)O,283.15,-0.758816792763901,-0.7479696869850159
CC1=NN(c2ccccc2)C(=O)C1,CCOC(C)=O,293.15,-0.780809125968049,-0.6294403076171875
CC1=NN(c2ccccc2)C(=O)C1,CC(C)=O,283.15,-0.628368269080933,-0.5308213233947754
CC1=NN(c2ccccc2)C(=O)C1,CCO,283.15,-0.507858768393162,-0.5202347040176392
CC1=NN(c2ccccc2)C(=O)C1,CC(C)O,293.15,-0.605240066731423,-0.5908038020133972
CC1=NN(c2ccccc2)C(=O)C1,CC#N,303.15,-0.4379190597828,-0.40057408809661865
CC1=NN(c2ccccc2)C(=O)C1,CCCCO,283.15,-0.661119802404147,-0.5926684737205505
CC1=NN(c2ccccc2)C(=O)C1,CO,283.15,-0.30450254047264,-0.2644897997379303
CC1=NN(c2ccccc2)C(=O)C1,CCOC(C)=O,303.15,-0.691096482970445,-0.4909343123435974
CC1=NN(c2ccccc2)C(=O)C1,CC(C)CO,293.15,-0.618397998982435,-0.5463457703590393
CC1=NN(c2ccccc2)C(=O)C1,CCC(C)O,293.15,-0.616115475726705,-0.5709671974182129
CC1=NN(c2ccccc2)C(=O)C1,CCO,293.15,-0.374926380791614,-0.3380587100982666
CC1=NN(c2ccccc2)C(=O)C1,CCCCCO,283.15,-0.629741594506509,-0.6544523239135742
CC1=NN(c2ccccc2)C(=O)C1,CCCO,293.15,-0.46389837244921,-0.4066236615180969
CC1=NN(c2ccccc2)C(=O)C1,CC(C)=O,293.15,-0.449385238427721,-0.3670065701007843
CC1=NN(c2ccccc2)C(=O)C1,CC(C)O,303.15,-0.44886350451924,-0.39299139380455017
CC1=NN(c2ccccc2)C(=O)C1,C1COCCO1,288.15,-0.484242581625025,-0.4741533696651459
CC1=NN(c2ccccc2)C(=O)C1,CCCCO,293.15,-0.514321661155695,-0.4325835704803467
CC1=NN(c2ccccc2)C(=O)C1,CO,293.15,-0.151224465844051,-0.09812751412391663
CC1=NN(c2ccccc2)C(=O)C1,CC#N,313.15,-0.264853746983434,-0.23154932260513306
CC1=NN(c2ccccc2)C(=O)C1,CCCCCO,293.15,-0.566078960671791,-0.4784870445728302
CC1=NN(c2ccccc2)C(=O)C1,CC(C)CO,303.15,-0.49695278257116,-0.37611547112464905
CC1=NN(c2ccccc2)C(=O)C1,CCC(C)O,303.15,-0.482955023567045,-0.3967345952987671
CC1=NN(c2ccccc2)C(=O)C1,CCOC(C)=O,313.15,-0.46246148167116,-0.33802759647369385
CC1=NN(c2ccccc2)C(=O)C1,CCO,303.15,-0.22593145793508,-0.17604658007621765
CC1=NN(c2ccccc2)C(=O)C1,C1COCCO1,293.15,-0.382235354701659,-0.3927040100097656
CC1=NN(c2ccccc2)C(=O)C1,CCCO,303.15,-0.325618618375225,-0.2540067732334137
CC1=NN(c2ccccc2)C(=O)C1,CC(C)O,313.15,-0.326544926891779,-0.21689949929714203
CC1=NN(c2ccccc2)C(=O)C1,CC(C)=O,303.15,-0.286088776684298,-0.2195747047662735
CC1=NN(c2ccccc2)C(=O)C1,CCCCO,303.15,-0.378384475997361,-0.2732177972793579
CC1=NN(c2ccccc2)C(=O)C1,CCCCCO,303.15,-0.440601452541261,-0.32310250401496887
CC1=NN(c2ccccc2)C(=O)C1,CC(C)CO,313.15,-0.356333970474491,-0.1920749545097351
CC1=NN(c2ccccc2)C(=O)C1,CO,303.15,0.010154776093868,0.06783144921064377
CC1=NN(c2ccccc2)C(=O)C1,CCC(C)O,313.15,-0.347841053710441,-0.21957378089427948
CC1=NN(c2ccccc2)C(=O)C1,CC#N,323.15,-0.076762887427387,-0.06522678583860397
CC1=NN(c2ccccc2)C(=O)C1,ClCCl,283.15,-0.126205374058905,-0.22156253457069397
CC1=NN(c2ccccc2)C(=O)C1,CCO,313.15,-0.095467208447678,-0.015905428677797318
CC1=NN(c2ccccc2)C(=O)C1,C1COCCO1,303.15,-0.229357033342035,-0.23506730794906616
CC1=NN(c2ccccc2)C(=O)C1,CCCO,313.15,-0.166709839999635,-0.08617992699146271
CC1=NN(c2ccccc2)C(=O)C1,ClCCl,288.15,-0.079020801235135,-0.1565280258655548
CC1=NN(c2ccccc2)C(=O)C1,CCCCCO,313.15,-0.320765012497272,-0.16113975644111633
CC1=NN(c2ccccc2)C(=O)C1,CCCCO,313.15,-0.245365109614125,-0.10473258048295975
CC1=NN(c2ccccc2)C(=O)C1,CC(C)O,323.15,-0.164178442612544,-0.04316992685198784
CC1=NN(c2ccccc2)C(=O)C1,CCOC(C)=O,323.15,-0.247019653195521,-0.21879062056541443
CC1=NN(c2ccccc2)C(=O)C1,CO,313.15,0.157564676281534,0.2621789872646332
CC1=NN(c2ccccc2)C(=O)C1,CC(C)=O,313.15,-0.10253231107968,-0.06835131347179413
CC1=NN(c2ccccc2)C(=O)C1,CC(C)CO,323.15,-0.194448510730969,-0.0460968054831028
CC1=NN(c2ccccc2)C(=O)C1,CCC(C)O,323.15,-0.188897217424025,-0.05170750245451927
CC1=NN(c2ccccc2)C(=O)C1,ClCCl,293.15,-0.010671587373808,-0.0946836993098259
CC1=NN(c2ccccc2)C(=O)C1,CCO,323.15,0.019134634922306,0.1627901941537857
CC1=NN(c2ccccc2)C(=O)C1,C1COCCO1,313.15,-0.084300772053608,-0.04505212604999542
CC1=NN(c2ccccc2)C(=O)C1,ClCCl,298.15,0.068589479837017,-0.03584127873182297
CC1=NN(c2ccccc2)C(=O)C1,CCCO,323.15,-0.017304020013323,0.08223287016153336
CC1=NN(c2ccccc2)C(=O)C1,CCCCCO,323.15,-0.176397595703173,-0.012558560818433762
CC1=NN(c2ccccc2)C(=O)C1,CCCCO,323.15,-0.09608383586357,0.04233171418309212
CC1=NN(c2ccccc2)C(=O)C1,ClCCl,303.15,0.124610529827964,0.022135334089398384
CC1=NN(c2ccccc2)C(=O)C1,CO,323.15,0.33601691479864,0.45827847719192505
CC1=NN(c2ccccc2)C(=O)C1,C1COCCO1,323.15,0.101816345663082,0.13742366433143616
CC1=NN(c2ccccc2)C(=O)C1,CC(C)=O,323.15,0.197581712486724,0.07686836272478104
OCc1ccccc1O[C@@H]1O[C@H](CO)[C@@H](O)[C@H](O)[C@H]1O,CCOC(C)=O,283.15,-4.06730407691092,-2.7394216060638428
OCc1ccccc1O[C@@H]1O[C@H](CO)[C@@H](O)[C@H](O)[C@H]1O,CC#N,283.15,-3.6353790722493,-2.6795496940612793
OCc1ccccc1O[C@@H]1O[C@H](CO)[C@@H](O)[C@H](O)[C@H]1O,CCOC(C)=O,293.15,-3.60869197653767,-2.5365989208221436
OCc1ccccc1O[C@@H]1O[C@H](CO)[C@@H](O)[C@H](O)[C@H]1O,CC#N,293.15,-3.17381454747924,-2.5196163654327393
OCc1ccccc1O[C@@H]1O[C@H](CO)[C@@H](O)[C@H](O)[C@H]1O,CCOC(C)=O,303.15,-3.34112295067723,-2.340968132019043
OCc1ccccc1O[C@@H]1O[C@H](CO)[C@@H](O)[C@H](O)[C@H]1O,CCOC(C)=O,313.15,-3.27787427930776,-2.1649065017700195
OCc1ccccc1O[C@@H]1O[C@H](CO)[C@@H](O)[C@H](O)[C@H]1O,CC(C)=O,283.15,-3.05618636249687,-2.2703771591186523
OCc1ccccc1O[C@@H]1O[C@H](CO)[C@@H](O)[C@H](O)[C@H]1O,CC#N,303.15,-2.86089049217992,-2.356227159500122
OCc1ccccc1O[C@@H]1O[C@H](CO)[C@@H](O)[C@H](O)[C@H]1O,CCCCCO,283.15,-3.15979776571175,-2.606078624725342
OCc1ccccc1O[C@@H]1O[C@H](CO)[C@@H](O)[C@H](O)[C@H]1O,CC(C)CO,283.15,-2.94970815248861,-2.5641372203826904
OCc1ccccc1O[C@@H]1O[C@H](CO)[C@@H](O)[C@H](O)[C@H]1O,CC#N,313.15,-2.71029145512441,-2.182011842727661
OCc1ccccc1O[C@@H]1O[C@H](CO)[C@@H](O)[C@H](O)[C@H]1O,CC(C)=O,293.15,-2.83187654633002,-2.154252767562866
OCc1ccccc1O[C@@H]1O[C@H](CO)[C@@H](O)[C@H](O)[C@H]1O,CCOC(C)=O,323.15,-2.91800709649509,-2.0062294006347656
OCc1ccccc1O[C@@H]1O[C@H](CO)[C@@H](O)[C@H](O)[C@H]1O,CCCCO,283.15,-2.86447421375731,-2.4244601726531982
OCc1ccccc1O[C@@H]1O[C@H](CO)[C@@H](O)[C@H](O)[C@H]1O,CCCCCO,293.15,-2.93123231872901,-2.437892198562622
OCc1ccccc1O[C@@H]1O[C@H](CO)[C@@H](O)[C@H](O)[C@H]1O,CC(C)CO,293.15,-2.77839376803022,-2.386833429336548
OCc1ccccc1O[C@@H]1O[C@H](CO)[C@@H](O)[C@H](O)[C@H]1O,CC#N,323.15,-2.53815326511737,-1.9973399639129639
OCc1ccccc1O[C@@H]1O[C@H](CO)[C@@H](O)[C@H](O)[C@H]1O,CC(C)O,283.15,-2.66994580366612,-2.4219040870666504
OCc1ccccc1O[C@@H]1O[C@H](CO)[C@@H](O)[C@H](O)[C@H]1O,CCCCO,293.15,-2.71103231267504,-2.2562479972839355
OCc1ccccc1O[C@@H]1O[C@H](CO)[C@@H](O)[C@H](O)[C@H]1O,CC(C)=O,303.15,-2.60633645066988,-2.0347025394439697
OCc1ccccc1O[C@@H]1O[C@H](CO)[C@@H](O)[C@H](O)[C@H]1O,CCCO,283.15,-2.60234047223664,-2.1534535884857178
OCc1ccccc1O[C@@H]1O[C@H](CO)[C@@H](O)[C@H](O)[C@H]1O,CCCCCO,303.15,-2.73124454259176,-2.2546019554138184
OCc1ccccc1O[C@@H]1O[C@H](CO)[C@@H](O)[C@H](O)[C@H]1O,CC(C)CO,303.15,-2.63671536727196,-2.2145495414733887
OCc1ccccc1O[C@@H]1O[C@H](CO)[C@@H](O)[C@H](O)[C@H]1O,CC(C)=O,313.15,-2.49627281193371,-1.8895487785339355
OCc1ccccc1O[C@@H]1O[C@H](CO)[C@@H](O)[C@H](O)[C@H]1O,CC(C)O,293.15,-2.49816654872194,-2.255525827407837
OCc1ccccc1O[C@@H]1O[C@H](CO)[C@@H](O)[C@H](O)[C@H]1O,CCCCO,303.15,-2.56834203426912,-2.0699985027313232
OCc1ccccc1O[C@@H]1O[C@H](CO)[C@@H](O)[C@H](O)[C@H]1O,CCCO,293.15,-2.44366391084001,-1.979952096939087
OCc1ccccc1O[C@@H]1O[C@H](CO)[C@@H](O)[C@H](O)[C@H]1O,CCCCCO,313.15,-2.59916569746367,-2.0492501258850098
OCc1ccccc1O[C@@H]1O[C@H](CO)[C@@H](O)[C@H](O)[C@H]1O,CCO,283.15,-2.29052893355851,-1.7379602193832397
OCc1ccccc1O[C@@H]1O[C@H](CO)[C@@H](O)[C@H](O)[C@H]1O,CC(C)CO,313.15,-2.48988237515063,-2.026843786239624
OCc1ccccc1O[C@@H]1O[C@H](CO)[C@@H](O)[C@H](O)[C@H]1O,CC(C)O,303.15,-2.3447960275323,-2.0914766788482666
OCc1ccccc1O[C@@H]1O[C@H](CO)[C@@H](O)[C@H](O)[C@H]1O,CC(C)=O,323.15,-2.32336956477664,-1.7168523073196411
OCc1ccccc1O[C@@H]1O[C@H](CO)[C@@H](O)[C@H](O)[C@H]1O,CCCO,303.15,-2.31066784082831,-1.807179570198059
OCc1ccccc1O[C@@H]1O[C@H](CO)[C@@H](O)[C@H](O)[C@H]1O,CCCCO,313.15,-2.35949679611163,-1.8774598836898804
OCc1ccccc1O[C@@H]1O[C@H](CO)[C@@H](O)[C@H](O)[C@H]1O,CCCCCO,323.15,-2.41143029860926,-1.8616690635681152
OCc1ccccc1O[C@@H]1O[C@H](CO)[C@@H](O)[C@H](O)[C@H]1O,CC(C)CO,323.15,-2.30256922046096,-1.839951515197754
OCc1ccccc1O[C@@H]1O[C@H](CO)[C@@H](O)[C@H](O)[C@H]1O,CCO,293.15,-2.03634936483253,-1.589431881904602
OCc1ccccc1O[C@@H]1O[C@H](CO)[C@@H](O)[C@H](O)[C@H]1O,CC(C)O,313.15,-2.15339529990927,-1.8976917266845703
OCc1ccccc1O[C@@H]1O[C@H](CO)[C@@H](O)[C@H](O)[C@H]1O,CCCO,313.15,-2.10444841826614,-1.624751329421997
OCc1ccccc1O[C@@H]1O[C@H](CO)[C@@H](O)[C@H](O)[C@H]1O,CCCCO,323.15,-2.17862175997921,-1.6886677742004395
OCc1ccccc1O[C@@H]1O[C@H](CO)[C@@H](O)[C@H](O)[C@H]1O,C1COCCO1,283.15,-2.10493693563152,-1.502008318901062
OCc1ccccc1O[C@@H]1O[C@H](CO)[C@@H](O)[C@H](O)[C@H]1O,CCO,303.15,-1.90815731535055,-1.4371751546859741
OCc1ccccc1O[C@@H]1O[C@H](CO)[C@@H](O)[C@H](O)[C@H]1O,C1COCCO1,293.15,-2.06081779395722,-1.4550195932388306
OCc1ccccc1O[C@@H]1O[C@H](CO)[C@@H](O)[C@H](O)[C@H]1O,CC(C)O,323.15,-1.97998274767408,-1.682894229888916
OCc1ccccc1O[C@@H]1O[C@H](CO)[C@@H](O)[C@H](O)[C@H]1O,CCCO,323.15,-1.9571910722942,-1.4467368125915527
OCc1ccccc1O[C@@H]1O[C@H](CO)[C@@H](O)[C@H](O)[C@H]1O,C1COCCO1,303.15,-1.94753080186941,-1.3848451375961304
OCc1ccccc1O[C@@H]1O[C@H](CO)[C@@H](O)[C@H](O)[C@H]1O,CCO,313.15,-1.72447225391325,-1.2860500812530518
OCc1ccccc1O[C@@H]1O[C@H](CO)[C@@H](O)[C@H](O)[C@H]1O,C1COCCO1,313.15,-1.82168901998955,-1.2902110815048218
OCc1ccccc1O[C@@H]1O[C@H](CO)[C@@H](O)[C@H](O)[C@H]1O,CO,283.15,-1.45956690619584,-0.978809118270874
OCc1ccccc1O[C@@H]1O[C@H](CO)[C@@H](O)[C@H](O)[C@H]1O,CCO,323.15,-1.59565007717467,-1.132792592048645
OCc1ccccc1O[C@@H]1O[C@H](CO)[C@@H](O)[C@H](O)[C@H]1O,C1COCCO1,323.15,-1.68534674481334,-1.1599757671356201
OCc1ccccc1O[C@@H]1O[C@H](CO)[C@@H](O)[C@H](O)[C@H]1O,CO,293.15,-1.32471388100985,-0.8708319664001465
OCc1ccccc1O[C@@H]1O[C@H](CO)[C@@H](O)[C@H](O)[C@H]1O,O,283.15,-0.953338464539205,-1.307308316230774
OCc1ccccc1O[C@@H]1O[C@H](CO)[C@@H](O)[C@H](O)[C@H]1O,O,293.15,-0.853304858854194,-1.1096763610839844
OCc1ccccc1O[C@@H]1O[C@H](CO)[C@@H](O)[C@H](O)[C@H]1O,CO,303.15,-1.15308200231217,-0.7541638016700745
OCc1ccccc1O[C@@H]1O[C@H](CO)[C@@H](O)[C@H](O)[C@H]1O,O,303.15,-0.733272253549762,-0.9313662052154541
OCc1ccccc1O[C@@H]1O[C@H](CO)[C@@H](O)[C@H](O)[C@H]1O,CO,313.15,-1.02223482776732,-0.6229642033576965
OCc1ccccc1O[C@@H]1O[C@H](CO)[C@@H](O)[C@H](O)[C@H]1O,O,313.15,-0.606527118961264,-0.780842661857605
OCc1ccccc1O[C@@H]1O[C@H](CO)[C@@H](O)[C@H](O)[C@H]1O,CO,323.15,-0.90580566913396,-0.4789479672908783
OCc1ccccc1O[C@@H]1O[C@H](CO)[C@@H](O)[C@H](O)[C@H]1O,O,323.15,-0.464470705610402,-0.588869035243988
OC[C@H]1O[C@@H](Oc2ccc(O)cc2)[C@H](O)[C@@H](O)[C@@H]1O,ClCCl,283.15,-4.19395529486679,-3.28759503364563
OC[C@H]1O[C@@H](Oc2ccc(O)cc2)[C@H](O)[C@@H](O)[C@@H]1O,ClCCl,288.15,-3.95382021764048,-3.217994451522827
OC[C@H]1O[C@@H](Oc2ccc(O)cc2)[C@H](O)[C@@H](O)[C@@H]1O,ClCCl,293.15,-3.8018375039513,-3.1367340087890625
OC[C@H]1O[C@@H](Oc2ccc(O)cc2)[C@H](O)[C@@H](O)[C@@H]1O,ClCCl,298.15,-3.68623741944127,-3.057971954345703
OC[C@H]1O[C@@H](Oc2ccc(O)cc2)[C@H](O)[C@@H](O)[C@@H]1O,ClCCl,303.15,-3.60366212306675,-2.9878573417663574
OC[C@H]1O[C@@H](Oc2ccc(O)cc2)[C@H](O)[C@@H](O)[C@@H]1O,CC#N,283.15,-3.1697578482585,-2.82418155670166
OC[C@H]1O[C@@H](Oc2ccc(O)cc2)[C@H](O)[C@@H](O)[C@@H]1O,CC#N,293.15,-2.86140177757559,-2.682791233062744
OC[C@H]1O[C@@H](Oc2ccc(O)cc2)[C@H](O)[C@@H](O)[C@@H]1O,CC#N,303.15,-2.56406171539546,-2.5431766510009766
OC[C@H]1O[C@@H](Oc2ccc(O)cc2)[C@H](O)[C@@H](O)[C@@H]1O,CCOC(C)=O,283.15,-2.7944141590612,-2.8867313861846924
OC[C@H]1O[C@@H](Oc2ccc(O)cc2)[C@H](O)[C@@H](O)[C@@H]1O,CCOC(C)=O,293.15,-2.78616944172791,-2.6859474182128906
OC[C@H]1O[C@@H](Oc2ccc(O)cc2)[C@H](O)[C@@H](O)[C@@H]1O,CCOC(C)=O,303.15,-2.77590861222111,-2.496079683303833
OC[C@H]1O[C@@H](Oc2ccc(O)cc2)[C@H](O)[C@@H](O)[C@@H]1O,CCOC(C)=O,313.15,-2.76388800022624,-2.3162055015563965
OC[C@H]1O[C@@H](Oc2ccc(O)cc2)[C@H](O)[C@@H](O)[C@@H]1O,CCOC(C)=O,323.15,-2.75279147261161,-2.1335532665252686
OC[C@H]1O[C@@H](Oc2ccc(O)cc2)[C@H](O)[C@@H](O)[C@@H]1O,CC#N,313.15,-2.35285915336225,-2.3811728954315186
OC[C@H]1O[C@@H](Oc2ccc(O)cc2)[C@H](O)[C@@H](O)[C@@H]1O,CCCCCO,283.15,-2.50052602193848,-2.5788052082061768
OC[C@H]1O[C@@H](Oc2ccc(O)cc2)[C@H](O)[C@@H](O)[C@@H]1O,CCC(C)O,283.15,-2.40866994761774,-2.50014066696167
OC[C@H]1O[C@@H](Oc2ccc(O)cc2)[C@H](O)[C@@H](O)[C@@H]1O,CC#N,323.15,-2.17536126647527,-2.1434764862060547
OC[C@H]1O[C@@H](Oc2ccc(O)cc2)[C@H](O)[C@@H](O)[C@@H]1O,CCCCCO,293.15,-2.36080417110991,-2.3739426136016846
OC[C@H]1O[C@@H](Oc2ccc(O)cc2)[C@H](O)[C@@H](O)[C@@H]1O,CC(C)O,283.15,-2.15199194150113,-2.221508741378784
OC[C@H]1O[C@@H](Oc2ccc(O)cc2)[C@H](O)[C@@H](O)[C@@H]1O,CC(C)=O,283.15,-2.08039893794501,-2.369792938232422
OC[C@H]1O[C@@H](Oc2ccc(O)cc2)[C@H](O)[C@@H](O)[C@@H]1O,CCCCCO,303.15,-2.19947486652526,-2.1526803970336914
OC[C@H]1O[C@@H](Oc2ccc(O)cc2)[C@H](O)[C@@H](O)[C@@H]1O,CCC(C)O,293.15,-2.12350989459846,-2.2898666858673096
OC[C@H]1O[C@@H](Oc2ccc(O)cc2)[C@H](O)[C@@H](O)[C@@H]1O,CC(C)=O,293.15,-1.97243728391104,-2.243868112564087
OC[C@H]1O[C@@H](Oc2ccc(O)cc2)[C@H](O)[C@@H](O)[C@@H]1O,CCCO,283.15,-1.97287655713673,-1.941828727722168
OC[C@H]1O[C@@H](Oc2ccc(O)cc2)[C@H](O)[C@@H](O)[C@@H]1O,CC(C)O,293.15,-1.98243228140954,-2.015413284301758
OC[C@H]1O[C@@H](Oc2ccc(O)cc2)[C@H](O)[C@@H](O)[C@@H]1O,CCCCCO,313.15,-2.11174868028931,-1.9340919256210327
OC[C@H]1O[C@@H](Oc2ccc(O)cc2)[C@H](O)[C@@H](O)[C@@H]1O,CC(C)=O,303.15,-1.88794791341906,-2.1322641372680664
OC[C@H]1O[C@@H](Oc2ccc(O)cc2)[C@H](O)[C@@H](O)[C@@H]1O,CCC(C)O,303.15,-1.98098939616108,-2.076992988586426
OC[C@H]1O[C@@H](Oc2ccc(O)cc2)[C@H](O)[C@@H](O)[C@@H]1O,CCCO,293.15,-1.86496452072043,-1.7624738216400146
OC[C@H]1O[C@@H](Oc2ccc(O)cc2)[C@H](O)[C@@H](O)[C@@H]1O,CCCCCO,323.15,-1.97049704819526,-1.727778673171997
OC[C@H]1O[C@@H](Oc2ccc(O)cc2)[C@H](O)[C@@H](O)[C@@H]1O,CC(C)=O,313.15,-1.77557512702116,-1.996155023574829
OC[C@H]1O[C@@H](Oc2ccc(O)cc2)[C@H](O)[C@@H](O)[C@@H]1O,CC(C)O,303.15,-1.77970119083227,-1.8101775646209717
OC[C@H]1O[C@@H](Oc2ccc(O)cc2)[C@H](O)[C@@H](O)[C@@H]1O,CCCO,303.15,-1.72597563965218,-1.5810405015945435
OC[C@H]1O[C@@H](Oc2ccc(O)cc2)[C@H](O)[C@@H](O)[C@@H]1O,CC(C)=O,323.15,-1.67693627748212,-1.8149367570877075
OC[C@H]1O[C@@H](Oc2ccc(O)cc2)[C@H](O)[C@@H](O)[C@@H]1O,CCC(C)O,313.15,-1.74825620357826,-1.858577013015747
OC[C@H]1O[C@@H](Oc2ccc(O)cc2)[C@H](O)[C@@H](O)[C@@H]1O,CC(C)O,313.15,-1.65794296450229,-1.603805422782898
OC[C@H]1O[C@@H](Oc2ccc(O)cc2)[C@H](O)[C@@H](O)[C@@H]1O,CCCO,313.15,-1.61430047508845,-1.3937592506408691
OC[C@H]1O[C@@H](Oc2ccc(O)cc2)[C@H](O)[C@@H](O)[C@@H]1O,CCC(C)O,323.15,-1.6233836372075,-1.6400482654571533
OC[C@H]1O[C@@H](Oc2ccc(O)cc2)[C@H](O)[C@@H](O)[C@@H]1O,CCO,283.15,-1.4015697106846,-1.4850270748138428
OC[C@H]1O[C@@H](Oc2ccc(O)cc2)[C@H](O)[C@@H](O)[C@@H]1O,CCCO,323.15,-1.4912939354811,-1.207277774810791
OC[C@H]1O[C@@H](Oc2ccc(O)cc2)[C@H](O)[C@@H](O)[C@@H]1O,CC(C)O,323.15,-1.4838995356835,-1.3879821300506592
OC[C@H]1O[C@@H](Oc2ccc(O)cc2)[C@H](O)[C@@H](O)[C@@H]1O,CCO,293.15,-1.32686475761247,-1.3262399435043335
OC[C@H]1O[C@@H](Oc2ccc(O)cc2)[C@H](O)[C@@H](O)[C@@H]1O,CCO,303.15,-1.22376603792026,-1.1698969602584839
OC[C@H]1O[C@@H](Oc2ccc(O)cc2)[C@H](O)[C@@H](O)[C@@H]1O,CCO,313.15,-1.13030988822327,-1.003063678741455
OC[C@H]1O[C@@H](Oc2ccc(O)cc2)[C@H](O)[C@@H](O)[C@@H]1O,C1COCCO1,283.15,-1.25966768200022,-1.484086513519287
OC[C@H]1O[C@@H](Oc2ccc(O)cc2)[C@H](O)[C@@H](O)[C@@H]1O,C1COCCO1,293.15,-1.23655173393774,-1.4217115640640259
OC[C@H]1O[C@@H](Oc2ccc(O)cc2)[C@H](O)[C@@H](O)[C@@H]1O,O,283.15,-0.53394397806222,-0.8834906816482544
OC[C@H]1O[C@@H](Oc2ccc(O)cc2)[C@H](O)[C@@H](O)[C@@H]1O,C1COCCO1,303.15,-1.17011346075876,-1.349026083946228
OC[C@H]1O[C@@H](Oc2ccc(O)cc2)[C@H](O)[C@@H](O)[C@@H]1O,CCO,323.15,-1.01553657655405,-0.8384917974472046
OC[C@H]1O[C@@H](Oc2ccc(O)cc2)[C@H](O)[C@@H](O)[C@@H]1O,C1COCCO1,313.15,-1.09436487358111,-1.2663072347640991
OC[C@H]1O[C@@H](Oc2ccc(O)cc2)[C@H](O)[C@@H](O)[C@@H]1O,O,293.15,-0.351646627790299,-0.7062684297561646
OC[C@H]1O[C@@H](Oc2ccc(O)cc2)[C@H](O)[C@@H](O)[C@@H]1O,C1COCCO1,323.15,-1.02997948595837,-1.1457747220993042
OC[C@H]1O[C@@H](Oc2ccc(O)cc2)[C@H](O)[C@@H](O)[C@@H]1O,O,303.15,-0.220457083119074,-0.5341861248016357
OC[C@H]1O[C@@H](Oc2ccc(O)cc2)[C@H](O)[C@@H](O)[C@@H]1O,CO,283.15,-0.546606531804684,-0.6402190923690796
OC[C@H]1O[C@@H](Oc2ccc(O)cc2)[C@H](O)[C@@H](O)[C@@H]1O,CO,293.15,-0.489951674127518,-0.5419844388961792
OC[C@H]1O[C@@H](Oc2ccc(O)cc2)[C@H](O)[C@@H](O)[C@@H]1O,CO,303.15,-0.426779763088946,-0.438838928937912
OC[C@H]1O[C@@H](Oc2ccc(O)cc2)[C@H](O)[C@@H](O)[C@@H]1O,O,313.15,-0.014372782158028,-0.3951994478702545
OC[C@H]1O[C@@H](Oc2ccc(O)cc2)[C@H](O)[C@@H](O)[C@@H]1O,CO,313.15,-0.352462576534998,-0.3246362805366516
OC[C@H]1O[C@@H](Oc2ccc(O)cc2)[C@H](O)[C@@H](O)[C@@H]1O,CO,323.15,-0.259485733608203,-0.2008795291185379
OC[C@H]1O[C@@H](Oc2ccc(O)cc2)[C@H](O)[C@@H](O)[C@@H]1O,O,323.15,0.203386470282613,-0.24943138659000397
CC(C)OC(=O)C(C)(C)Oc1ccc(C(=O)c2ccc(Cl)cc2)cc1,CO,253.15,-1.794945386426,-1.583817720413208
CC(C)OC(=O)C(C)(C)Oc1ccc(C(=O)c2ccc(Cl)cc2)cc1,CO,258.15,-1.67039275405535,-1.6611483097076416
CC(C)OC(=O)C(C)(C)Oc1ccc(C(=O)c2ccc(Cl)cc2)cc1,CO,263.15,-1.60957577767881,-1.6676840782165527
CC(C)OC(=O)C(C)(C)Oc1ccc(C(=O)c2ccc(Cl)cc2)cc1,CO,268.15,-1.48345354699709,-1.6319609880447388
CC(C)OC(=O)C(C)(C)Oc1ccc(C(=O)c2ccc(Cl)cc2)cc1,CO,273.15,-1.36572552232031,-1.5612562894821167
CC(C)OC(=O)C(C)(C)Oc1ccc(C(=O)c2ccc(Cl)cc2)cc1,CO,278.15,-1.27853614668268,-1.464866042137146
CC(C)OC(=O)C(C)(C)Oc1ccc(C(=O)c2ccc(Cl)cc2)cc1,CC#N,243.15,-1.33346163124414,-0.3064904808998108
CC(C)OC(=O)C(C)(C)Oc1ccc(C(=O)c2ccc(Cl)cc2)cc1,CO,283.15,-1.14101121289758,-1.3656350374221802
CC(C)OC(=O)C(C)(C)Oc1ccc(C(=O)c2ccc(Cl)cc2)cc1,CC#N,248.15,-1.2119501426024,-0.6673787832260132
CC(C)OC(=O)C(C)(C)Oc1ccc(C(=O)c2ccc(Cl)cc2)cc1,CC#N,253.15,-1.1076448109654,-0.889767587184906
NC(=O)c1ccccc1O,CC#N,243.15,-0.989327533955126,-0.3703014850616455
CC(C)OC(=O)C(C)(C)Oc1ccc(C(=O)c2ccc(Cl)cc2)cc1,CC#N,258.15,-0.988037132076933,-0.9658552408218384
O=C(O)c1ccccc1O,CC#N,243.15,-0.972206890508519,-0.3165960907936096
CC(C)OC(=O)C(C)(C)Oc1ccc(C(=O)c2ccc(Cl)cc2)cc1,CC#N,263.15,-0.950731951748609,-0.9631487727165222
NC(=O)c1ccccc1O,CC#N,248.15,-0.911051794093014,-0.5592449903488159
O=C(O)c1ccccc1O,CC#N,248.15,-0.905283494951848,-0.5017900466918945
O=C(O)c1ccccc1O,CC#N,253.15,-0.84234071366565,-0.6400868892669678
NC(=O)c1ccccc1O,CC#N,253.15,-0.841106874724007,-0.6908822059631348
O=C(O)c1ccccc1O,CC#N,258.15,-0.770398362845786,-0.691652774810791
CC(C)OC(=O)C(C)(C)Oc1ccc(C(=O)c2ccc(Cl)cc2)cc1,CC#N,268.15,-0.766169612708928,-0.9095290899276733
NC(=O)c1ccccc1O,CC#N,258.15,-0.75502698437159,-0.7413692474365234
O=C(O)c1ccccc1O,CC#N,263.15,-0.696994057718771,-0.6938140988349915
NC(=O)c1ccccc1O,CC#N,263.15,-0.661596126810181,-0.7466191649436951
CC(C)OC(=O)C(C)(C)Oc1ccc(C(=O)c2ccc(Cl)cc2)cc1,CC#N,273.15,-0.633898836867809,-0.8130006194114685
O=C(O)c1ccccc1O,CC#N,268.15,-0.619994847923367,-0.6654181480407715
NC(=O)c1ccccc1O,CC#N,268.15,-0.619994847923367,-0.7242586612701416
NC(=O)c1ccccc1O,CO,253.15,-0.502815963478291,-0.2939727008342743
NC(=O)c1ccccc1O,CO,258.15,-0.450345615744421,-0.3521885871887207
O=C(O)c1ccccc1O,CC#N,273.15,-0.552185084914917,-0.6134690642356873
NC(=O)c1ccccc1O,CC#N,273.15,-0.546596691881027,-0.6860889196395874
CC(C)OC(=O)C(C)(C)Oc1ccc(C(=O)c2ccc(Cl)cc2)cc1,CC#N,278.15,-0.526575301318368,-0.6840717792510986
NC(=O)c1ccccc1O,CO,263.15,-0.389491966368554,-0.35868406295776367
O=C(O)c1ccccc1O,CC#N,278.15,-0.503729646974549,-0.5587025284767151
NC(=O)c1ccccc1O,CC#N,278.15,-0.472023232227525,-0.6399015188217163
CC(C)OC(=O)C(C)(C)Oc1ccc(C(=O)c2ccc(Cl)cc2)cc1,CC(C)=O,253.15,-0.584709479626086,-0.2651965916156769
NC(=O)c1ccccc1O,CO,268.15,-0.328016143782438,-0.33369505405426025
O=C(O)c1ccccc1O,CC#N,283.15,-0.438559668714665,-0.4995647072792053
NC(=O)c1ccccc1O,CC#N,283.15,-0.40581328595027,-0.5924610495567322
NC(=O)c1ccccc1O,CO,273.15,-0.279202108554961,-0.28164026141166687
CC(C)OC(=O)C(C)(C)Oc1ccc(C(=O)c2ccc(Cl)cc2)cc1,CC#N,283.15,-0.386649163020378,-0.552026093006134
CC(C)OC(=O)C(C)(C)Oc1ccc(C(=O)c2ccc(Cl)cc2)cc1,CC(C)=O,258.15,-0.471833773324154,-0.34009140729904175
NC(=O)c1ccccc1O,CO,278.15,-0.222760321265283,-0.20916682481765747
NC(=O)c1ccccc1O,CO,283.15,-0.165065978612797,-0.14348846673965454
NC(=O)c1ccccc1O,CCOC(C)=O,253.15,-0.471369125652928,-0.3901524543762207
CC(C)OC(=O)C(C)(C)Oc1ccc(C(=O)c2ccc(Cl)cc2)cc1,CC(C)=O,263.15,-0.329019410983609,-0.34387314319610596
CC(C)OC(=O)C(C)(C)Oc1ccc(C(=O)c2ccc(Cl)cc2)cc1,CCOC(C)=O,253.15,-0.434674718041268,-0.1796637922525406
NC(=O)c1ccccc1O,CCOC(C)=O,258.15,-0.431798262829095,-0.43364250659942627
CC(C)OC(=O)C(C)(C)Oc1ccc(C(=O)c2ccc(Cl)cc2)cc1,CC(C)=O,268.15,-0.30321362636836,-0.29947951436042786
NC(=O)c1ccccc1O,CCOC(C)=O,263.15,-0.384536916425324,-0.4399014115333557
CC(C)OC(=O)C(C)(C)Oc1ccc(C(=O)c2ccc(Cl)cc2)cc1,CCOC(C)=O,258.15,-0.363299992143415,-0.24704426527023315
NC(=O)c1ccccc1O,CCOC(C)=O,268.15,-0.350269438410801,-0.42731964588165283
NC(=O)c1ccccc1O,CCOC(C)=O,273.15,-0.310689672150644,-0.39916497468948364
CC(C)OC(=O)C(C)(C)Oc1ccc(C(=O)c2ccc(Cl)cc2)cc1,CCOC(C)=O,263.15,-0.260327935993929,-0.24981530010700226
NC(=O)c1ccccc1O,CCOC(C)=O,278.15,-0.263606477979185,-0.37631893157958984
CC(C)OC(=O)C(C)(C)Oc1ccc(C(=O)c2ccc(Cl)cc2)cc1,CC(C)=O,273.15,-0.114626779101308,-0.21515338122844696
NC(=O)c1ccccc1O,CCOC(C)=O,283.15,-0.22281564034569,-0.3557978868484497
O=C(O)c1ccccc1O,CCOC(C)=O,253.15,-0.200859328097241,-0.07636777311563492
NC(=O)c1ccccc1O,CC(C)=O,253.15,-0.044183137100432,0.1410718709230423
CC(C)OC(=O)C(C)(C)Oc1ccc(C(=O)c2ccc(Cl)cc2)cc1,CCOC(C)=O,268.15,-0.177192208518789,-0.2099732756614685
O=C(O)c1ccccc1O,CO,253.15,0.221252168206973,0.3341241478919983
NC(=O)c1ccccc1O,CC(C)=O,258.15,-0.01141703069753,0.10569241642951965
CC(C)OC(=O)C(C)(C)Oc1ccc(C(=O)c2ccc(Cl)cc2)cc1,CC(C)=O,278.15,-0.021748487004392,-0.10419121384620667
O=C(O)c1ccccc1O,CO,258.15,0.252270285243375,0.29005885124206543
O=C(O)c1ccccc1O,CCOC(C)=O,258.15,-0.128825382713945,-0.11231305450201035
O=C(O)c1ccccc1O,CO,263.15,0.283683397698765,0.2865382134914398
NC(=O)c1ccccc1O,CC(C)=O,263.15,0.030318462065757,0.10205759108066559
CC(C)OC(=O)C(C)(C)Oc1ccc(C(=O)c2ccc(Cl)cc2)cc1,CCOC(C)=O,273.15,-0.0986308781424,-0.1348555088043213
O=C(O)c1ccccc1O,CCOC(C)=O,263.15,-0.065284335052479,-0.11722598969936371
O=C(O)c1ccccc1O,CO,268.15,0.314315671808888,0.30997908115386963
NC(=O)c1ccccc1O,CC(C)=O,268.15,0.070253184853125,0.11647740751504898
O=C(O)c1ccccc1O,CO,273.15,0.359795384120565,0.34891510009765625
CC(C)OC(=O)C(C)(C)Oc1ccc(C(=O)c2ccc(Cl)cc2)cc1,CCOC(C)=O,278.15,-0.025393380741767,-0.0365445576608181
NC(=O)c1ccccc1O,CC(C)=O,273.15,0.107997292289272,0.14025038480758667
O=C(O)c1ccccc1O,CCOC(C)=O,268.15,-0.003243502348381,-0.10265862196683884
O=C(O)c1ccccc1O,CCOC(C)=O,273.15,0.015769682097619,-0.07701434195041656
O=C(O)c1ccccc1O,CO,278.15,0.395610059012778,0.39344167709350586
NC(=O)c1ccccc1O,CC(C)=O,278.15,0.144349661299783,0.16946211457252502
O=C(O)c1ccccc1O,CC(C)=O,253.15,0.159120697342386,0.20216090977191925
O=C(O)c1ccccc1O,CC(C)=O,258.15,0.189588028572978,0.16904480755329132
NC(=O)c1ccccc1O,CC(C)=O,283.15,0.179229370118052,0.19827468693256378
O=C(O)c1ccccc1O,CCOC(C)=O,278.15,0.058808266170667,-0.04443804547190666
O=C(O)c1ccccc1O,CO,283.15,0.444101217224299,0.43435344099998474
CC(C)OC(=O)C(C)(C)Oc1ccc(C(=O)c2ccc(Cl)cc2)cc1,CCOC(C)=O,283.15,0.068610786600814,0.053786296397447586
O=C(O)c1ccccc1O,CCOC(C)=O,283.15,0.093719140702978,-0.011217606253921986
O=C(O)c1ccccc1O,CC(C)=O,263.15,0.234764869115705,0.16566136479377747
O=C(O)c1ccccc1O,CC(C)=O,268.15,0.258435290155977,0.18254020810127258
O=C(O)c1ccccc1O,CC(C)=O,273.15,0.289043529370605,0.21007263660430908
O=C(O)c1ccccc1O,CC(C)=O,278.15,0.347354008832662,0.24769724905490875
O=C(O)c1ccccc1O,CC(C)=O,283.15,0.362820716145245,0.28886377811431885
CN1COCN(Cc2cnc(Cl)s2)/C1=N/[N+](=O)[O-],CCOC(C)=O,278.15,-1.98603677834661,-1.7787045240402222
CN1COCN(Cc2cnc(Cl)s2)/C1=N/[N+](=O)[O-],CCOC(C)=O,283.15,-1.88770796687941,-1.6909323930740356
CN1COCN(Cc2cnc(Cl)s2)/C1=N/[N+](=O)[O-],CCOC(C)=O,288.15,-1.79655983603389,-1.5978655815124512
CN1COCN(Cc2cnc(Cl)s2)/C1=N/[N+](=O)[O-],CCOC(C)=O,293.15,-1.72663709055171,-1.4984722137451172
CN1COCN(Cc2cnc(Cl)s2)/C1=N/[N+](=O)[O-],CCOC(C)=O,298.15,-1.64595782754756,-1.405239224433899
CN1COCN(Cc2cnc(Cl)s2)/C1=N/[N+](=O)[O-],CCOC(C)=O,303.15,-1.58571631522473,-1.312792181968689
CN1COCN(Cc2cnc(Cl)s2)/C1=N/[N+](=O)[O-],COC(C)=O,278.15,-1.43969525505712,-1.406002163887024
CN1COCN(Cc2cnc(Cl)s2)/C1=N/[N+](=O)[O-],CCOC(C)=O,308.15,-1.52792155108374,-1.2266788482666016
CN1COCN(Cc2cnc(Cl)s2)/C1=N/[N+](=O)[O-],COC(C)=O,283.15,-1.37180671759546,-1.3146908283233643
CN1COCN(Cc2cnc(Cl)s2)/C1=N/[N+](=O)[O-],CCOC(C)=O,313.15,-1.47033478517145,-1.1348695755004883
CN1COCN(Cc2cnc(Cl)s2)/C1=N/[N+](=O)[O-],COC(C)=O,288.15,-1.31515661079103,-1.220044732093811
CN1COCN(Cc2cnc(Cl)s2)/C1=N/[N+](=O)[O-],CCOC(C)=O,318.15,-1.41905027418381,-1.0374455451965332
CN1COCN(Cc2cnc(Cl)s2)/C1=N/[N+](=O)[O-],CCOC(C)=O,323.15,-1.37381773437984,-0.9493715167045593
CN1COCN(Cc2cnc(Cl)s2)/C1=N/[N+](=O)[O-],COC(C)=O,293.15,-1.25112912151507,-1.115660309791565
CN1COCN(Cc2cnc(Cl)s2)/C1=N/[N+](=O)[O-],COC(C)=O,298.15,-1.1904681961921,-1.0179330110549927
CN1COCN(Cc2cnc(Cl)s2)/C1=N/[N+](=O)[O-],COC(C)=O,303.15,-1.13043520065652,-0.9228310585021973
CN1COCN(Cc2cnc(Cl)s2)/C1=N/[N+](=O)[O-],CC(C)=O,278.15,-1.05311293363998,-0.8732839822769165
CN1COCN(Cc2cnc(Cl)s2)/C1=N/[N+](=O)[O-],COC(C)=O,308.15,-1.05923867210216,-0.8272402882575989
CN1COCN(Cc2cnc(Cl)s2)/C1=N/[N+](=O)[O-],CC(C)=O,283.15,-0.973913075779768,-0.7968851327896118
CN1COCN(Cc2cnc(Cl)s2)/C1=N/[N+](=O)[O-],COC(C)=O,313.15,-0.991836377567718,-0.7240628004074097
CN1COCN(Cc2cnc(Cl)s2)/C1=N/[N+](=O)[O-],CC(C)=O,288.15,-0.909973379944779,-0.7182695865631104
CN1COCN(Cc2cnc(Cl)s2)/C1=N/[N+](=O)[O-],COC(C)=O,318.15,-0.932641538654835,-0.6159165501594543
CN1COCN(Cc2cnc(Cl)s2)/C1=N/[N+](=O)[O-],CC(C)=O,293.15,-0.855396351223369,-0.6327633857727051
CN1COCN(Cc2cnc(Cl)s2)/C1=N/[N+](=O)[O-],COC(C)=O,323.15,-0.861044783252599,-0.5179319381713867
CN1COCN(Cc2cnc(Cl)s2)/C1=N/[N+](=O)[O-],CC(C)=O,298.15,-0.78208013797367,-0.5549943447113037
CN1COCN(Cc2cnc(Cl)s2)/C1=N/[N+](=O)[O-],ClCCl,278.15,-0.687216068301424,-0.7039182782173157
CN1COCN(Cc2cnc(Cl)s2)/C1=N/[N+](=O)[O-],CC(C)=O,303.15,-0.719289857098022,-0.4773409962654114
CN1COCN(Cc2cnc(Cl)s2)/C1=N/[N+](=O)[O-],ClCCl,283.15,-0.608974479783655,-0.6203610897064209
CN1COCN(Cc2cnc(Cl)s2)/C1=N/[N+](=O)[O-],CC(C)=O,308.15,-0.653733566879704,-0.3959261476993561
CN1COCN(Cc2cnc(Cl)s2)/C1=N/[N+](=O)[O-],ClCCl,288.15,-0.550748809242954,-0.5346819162368774
CN1COCN(Cc2cnc(Cl)s2)/C1=N/[N+](=O)[O-],CC(C)=O,313.15,-0.580877297933306,-0.3072827458381653
CN1COCN(Cc2cnc(Cl)s2)/C1=N/[N+](=O)[O-],ClCCl,293.15,-0.498959563615223,-0.4381851553916931
CN1COCN(Cc2cnc(Cl)s2)/C1=N/[N+](=O)[O-],ClCCl,298.15,-0.444083476090246,-0.34591808915138245
CN1COCN(Cc2cnc(Cl)s2)/C1=N/[N+](=O)[O-],CC(C)=O,318.15,-0.50969056926215,-0.21372880041599274
CN1COCN(Cc2cnc(Cl)s2)/C1=N/[N+](=O)[O-],ClCCl,303.15,-0.400996742509208,-0.2555732727050781
CN1COCN(Cc2cnc(Cl)s2)/C1=N/[N+](=O)[O-],CC(C)=O,323.15,-0.443863669333389,-0.12681545317173004
CN1COCN(Cc2cnc(Cl)s2)/C1=N/[N+](=O)[O-],ClCCl,308.15,-0.355633842099966,-0.1694869101047516
CN1COCN(Cc2cnc(Cl)s2)/C1=N/[N+](=O)[O-],ClCCl,313.15,-0.314348139602743,-0.09067586064338684
CN1COCN(Cc2cnc(Cl)s2)/C1=N/[N+](=O)[O-],CN(C)C=O,278.15,-0.082256685084411,-0.11311911791563034
CN1COCN(Cc2cnc(Cl)s2)/C1=N/[N+](=O)[O-],CN(C)C=O,283.15,-0.034228662456796,-0.05092747136950493
CN1COCN(Cc2cnc(Cl)s2)/C1=N/[N+](=O)[O-],CN(C)C=O,288.15,0.01752254799535,0.01223069429397583
CN1COCN(Cc2cnc(Cl)s2)/C1=N/[N+](=O)[O-],CN(C)C=O,293.15,0.06234579259644,0.08410964906215668
CN1COCN(Cc2cnc(Cl)s2)/C1=N/[N+](=O)[O-],CN1CCCC1=O,278.15,-0.026725581225131,-0.09479571133852005
CN1COCN(Cc2cnc(Cl)s2)/C1=N/[N+](=O)[O-],CN1CCCC1=O,283.15,0.006755805594011,-0.04014122486114502
CN1COCN(Cc2cnc(Cl)s2)/C1=N/[N+](=O)[O-],CN(C)C=O,298.15,0.102063308007342,0.15736037492752075
CN1COCN(Cc2cnc(Cl)s2)/C1=N/[N+](=O)[O-],CN1CCCC1=O,288.15,0.04196590715954,0.014213429763913155
CN1COCN(Cc2cnc(Cl)s2)/C1=N/[N+](=O)[O-],CN(C)C=O,303.15,0.147695037959785,0.22908736765384674
CN1COCN(Cc2cnc(Cl)s2)/C1=N/[N+](=O)[O-],CN1CCCC1=O,293.15,0.074223943890215,0.07142434269189835
CN1COCN(Cc2cnc(Cl)s2)/C1=N/[N+](=O)[O-],CN(C)C=O,308.15,0.200506881269589,0.29926079511642456
CN1COCN(Cc2cnc(Cl)s2)/C1=N/[N+](=O)[O-],CN1CCCC1=O,298.15,0.111307831561569,0.11800415813922882
CN1COCN(Cc2cnc(Cl)s2)/C1=N/[N+](=O)[O-],CN1CCCC1=O,303.15,0.145478328748377,0.17236222326755524
CN1COCN(Cc2cnc(Cl)s2)/C1=N/[N+](=O)[O-],CN(C)C=O,313.15,0.251349068957128,0.36798208951950073
CN1COCN(Cc2cnc(Cl)s2)/C1=N/[N+](=O)[O-],CN1CCCC1=O,308.15,0.179086954631213,0.2317553609609604
CN1COCN(Cc2cnc(Cl)s2)/C1=N/[N+](=O)[O-],CN(C)C=O,318.15,0.301856403485311,0.43694868683815
CN1COCN(Cc2cnc(Cl)s2)/C1=N/[N+](=O)[O-],CN1CCCC1=O,313.15,0.213653992127788,0.2841477692127228
CN1COCN(Cc2cnc(Cl)s2)/C1=N/[N+](=O)[O-],CN1CCCC1=O,318.15,0.251881134591694,0.3374127745628357
CN1COCN(Cc2cnc(Cl)s2)/C1=N/[N+](=O)[O-],CN(C)C=O,323.15,0.354272416073053,0.4975143074989319
CN1COCN(Cc2cnc(Cl)s2)/C1=N/[N+](=O)[O-],CN1CCCC1=O,323.15,0.289685847543237,0.39060601592063904
O=Cc1cc(C=O)cc(C=O)c1,O,283.15,-2.64283859752658,-2.81508469581604
O=Cc1cc(C=O)cc(C=O)c1,O,288.15,-2.46797037057026,-2.710400342941284
O=Cc1cc(C=O)cc(C=O)c1,O,293.15,-2.31178452140733,-2.6028242111206055
O=Cc1cc(C=O)cc(C=O)c1,O,298.15,-2.22336150930248,-2.5062904357910156
O=Cc1cc(C=O)cc(C=O)c1,O,303.15,-2.13678500759945,-2.4153826236724854
O=Cc1cc(C=O)cc(C=O)c1,O,308.15,-2.07687845684156,-2.330892562866211
O=Cc1cc(C=O)cc(C=O)c1,O,313.15,-2.02840097195745,-2.2399184703826904
O=Cc1cc(C=O)cc(C=O)c1,O,318.15,-1.99431025092805,-2.137829542160034
O=Cc1cc(C=O)cc(C=O)c1,O,323.15,-1.96400600888817,-2.0329387187957764
O=Cc1cc(C=O)cc(C=O)c1,CC(C)CO,283.15,-2.62095309983648,-2.259286880493164
O=Cc1cc(C=O)cc(C=O)c1,CCC(C)O,283.15,-2.49057747082351,-2.2559032440185547
O=Cc1cc(C=O)cc(C=O)c1,CC(C)CO,288.15,-2.47482459942935,-2.1472795009613037
O=Cc1cc(C=O)cc(C=O)c1,CCC(C)O,288.15,-2.36546562362934,-2.1410436630249023
O=Cc1cc(C=O)cc(C=O)c1,CC(C)CO,293.15,-2.36766265566194,-2.029567003250122
O=Cc1cc(C=O)cc(C=O)c1,CC(C)O,283.15,-2.21329201397041,-2.113560676574707
O=Cc1cc(C=O)cc(C=O)c1,CC(C)CO,298.15,-2.27685472351829,-1.908875584602356
O=Cc1cc(C=O)cc(C=O)c1,CC(C)O,288.15,-2.17109070556931,-2.003328800201416
O=Cc1cc(C=O)cc(C=O)c1,CCC(C)O,293.15,-2.18415258173952,-2.022669792175293
O=Cc1cc(C=O)cc(C=O)c1,CC(C)O,293.15,-2.10112660916698,-1.8858277797698975
O=Cc1cc(C=O)cc(C=O)c1,CC(C)O,298.15,-2.04537949936804,-1.7647234201431274
O=Cc1cc(C=O)cc(C=O)c1,CCCCO,283.15,-2.10074207273384,-2.104731321334839
O=Cc1cc(C=O)cc(C=O)c1,CCCCO,288.15,-2.07523481253009,-1.988723874092102
O=Cc1cc(C=O)cc(C=O)c1,CCC(C)O,298.15,-2.06662329433224,-1.8977208137512207
O=Cc1cc(C=O)cc(C=O)c1,CC(C)O,303.15,-1.98308191489174,-1.641238808631897
O=Cc1cc(C=O)cc(C=O)c1,CCCCO,293.15,-2.02442080945503,-1.8637721538543701
O=Cc1cc(C=O)cc(C=O)c1,CCCO,283.15,-1.91023437737846,-1.9376163482666016
O=Cc1cc(C=O)cc(C=O)c1,CC(C)CO,303.15,-2.00684296557409,-1.7886676788330078
O=Cc1cc(C=O)cc(C=O)c1,CCC(C)O,303.15,-1.96340461799796,-1.7739100456237793
O=Cc1cc(C=O)cc(C=O)c1,CCCO,288.15,-1.85471190689693,-1.8255305290222168
O=Cc1cc(C=O)cc(C=O)c1,CCC(C)O,308.15,-1.86062505031793,-1.6586496829986572
O=Cc1cc(C=O)cc(C=O)c1,CCCCO,298.15,-1.84566521194521,-1.7401182651519775
O=Cc1cc(C=O)cc(C=O)c1,CCCO,293.15,-1.75673789470096,-1.7067185640335083
O=Cc1cc(C=O)cc(C=O)c1,CCCCCO,283.15,-1.90092987639805,-2.2085719108581543
O=Cc1cc(C=O)cc(C=O)c1,CC(C)O,308.15,-1.72227312576377,-1.5173149108886719
O=Cc1cc(C=O)cc(C=O)c1,CCCCCO,288.15,-1.84601991932628,-2.1012768745422363
O=Cc1cc(C=O)cc(C=O)c1,CCCO,298.15,-1.687011062158,-1.5893722772598267
O=Cc1cc(C=O)cc(C=O)c1,CCC(C)O,313.15,-1.78063288834784,-1.5390430688858032
O=Cc1cc(C=O)cc(C=O)c1,CCO,283.15,-1.50399705726021,-1.646466851234436
O=Cc1cc(C=O)cc(C=O)c1,CCCCO,303.15,-1.70590759383635,-1.6240321397781372
O=Cc1cc(C=O)cc(C=O)c1,CCCCCO,293.15,-1.7672312952278,-1.9721769094467163
O=Cc1cc(C=O)cc(C=O)c1,CC(C)CO,308.15,-1.68504393319372,-1.6760588884353638
O=Cc1cc(C=O)cc(C=O)c1,CCCO,303.15,-1.59013214652023,-1.4730287790298462
O=Cc1cc(C=O)cc(C=O)c1,CCC(C)O,318.15,-1.65977768247986,-1.401753544807434
O=Cc1cc(C=O)cc(C=O)c1,CCO,288.15,-1.44422010538057,-1.5417851209640503
O=Cc1cc(C=O)cc(C=O)c1,CCCCCO,298.15,-1.70036292297375,-1.8466702699661255
O=Cc1cc(C=O)cc(C=O)c1,CC(C)O,313.15,-1.55801483973809,-1.3895666599273682
O=Cc1cc(C=O)cc(C=O)c1,CCCCO,308.15,-1.58325373341841,-1.5112533569335938
O=Cc1cc(C=O)cc(C=O)c1,CCCO,308.15,-1.49355780997087,-1.367056131362915
O=Cc1cc(C=O)cc(C=O)c1,CCCCCO,303.15,-1.64882950401115,-1.727734923362732
O=Cc1cc(C=O)cc(C=O)c1,CCO,293.15,-1.36554771788164,-1.4355989694595337
O=Cc1cc(C=O)cc(C=O)c1,CCC(C)O,323.15,-1.5715723954122,-1.266511082649231
O=Cc1cc(C=O)cc(C=O)c1,CCCCCO,308.15,-1.59793360878217,-1.6144022941589355
O=Cc1cc(C=O)cc(C=O)c1,CC(C)CO,313.15,-1.530045883949,-1.5556631088256836
O=Cc1cc(C=O)cc(C=O)c1,CCCCO,313.15,-1.50873306347655,-1.3904798030853271
O=Cc1cc(C=O)cc(C=O)c1,CC(C)O,318.15,-1.43065173625103,-1.2490166425704956
O=Cc1cc(C=O)cc(C=O)c1,CCCO,313.15,-1.40960919248077,-1.2440627813339233
O=Cc1cc(C=O)cc(C=O)c1,CCO,298.15,-1.29370409586734,-1.3347139358520508
O=Cc1cc(C=O)cc(C=O)c1,CCCCCO,313.15,-1.5074269117554,-1.4956852197647095
O=Cc1cc(C=O)cc(C=O)c1,CCCO,318.15,-1.34317338562529,-1.1092333793640137
O=Cc1cc(C=O)cc(C=O)c1,CO,283.15,-1.05531904968813,-1.1514850854873657
O=Cc1cc(C=O)cc(C=O)c1,CC(C)O,323.15,-1.33707981776271,-1.109758973121643
O=Cc1cc(C=O)cc(C=O)c1,CCO,303.15,-1.20696285605264,-1.2348963022232056
O=Cc1cc(C=O)cc(C=O)c1,CCCCO,318.15,-1.40278474881738,-1.251237392425537
O=Cc1cc(C=O)cc(C=O)c1,CC(C)CO,318.15,-1.38618465729793,-1.4217586517333984
O=Cc1cc(C=O)cc(C=O)c1,CCCO,323.15,-1.27725526757327,-0.9842908978462219
O=Cc1cc(C=O)cc(C=O)c1,CCCCCO,318.15,-1.41883203457744,-1.3489553928375244
O=Cc1cc(C=O)cc(C=O)c1,CCO,308.15,-1.13914982538255,-1.1306426525115967
O=Cc1cc(C=O)cc(C=O)c1,CO,288.15,-0.956683199399143,-1.062776803970337
O=Cc1cc(C=O)cc(C=O)c1,CC#N,283.15,-1.01051719577611,-1.2226760387420654
O=Cc1cc(C=O)cc(C=O)c1,CCO,313.15,-1.05704390849265,-1.0085124969482422
O=Cc1cc(C=O)cc(C=O)c1,CCCCCO,323.15,-1.31298934534827,-1.2204371690750122
O=Cc1cc(C=O)cc(C=O)c1,CO,293.15,-0.853765216521015,-0.9735815525054932
O=Cc1cc(C=O)cc(C=O)c1,CCCCO,323.15,-1.2202596286183,-1.1229506731033325
O=Cc1cc(C=O)cc(C=O)c1,CC(C)CO,323.15,-1.19646403173623,-1.288883924484253
O=Cc1cc(C=O)cc(C=O)c1,CCO,318.15,-0.989181992970645,-0.8824977278709412
O=Cc1cc(C=O)cc(C=O)c1,CC#N,288.15,-0.923130765707534,-1.1286444664001465
O=Cc1cc(C=O)cc(C=O)c1,CO,298.15,-0.764037914117647,-0.8812550902366638
O=Cc1cc(C=O)cc(C=O)c1,CCO,323.15,-0.933026682213396,-0.7684183120727539
O=Cc1cc(C=O)cc(C=O)c1,CC#N,293.15,-0.863797080278951,-1.0308223962783813
O=Cc1cc(C=O)cc(C=O)c1,CO,303.15,-0.674696319338069,-0.7850536108016968
O=Cc1cc(C=O)cc(C=O)c1,CC#N,298.15,-0.773171599398572,-0.9373898506164551
O=Cc1cc(C=O)cc(C=O)c1,CC(C)=O,283.15,-0.855389088940968,-1.0148640871047974
O=Cc1cc(C=O)cc(C=O)c1,CC#N,303.15,-0.720952451706632,-0.8424537181854248
O=Cc1cc(C=O)cc(C=O)c1,CO,308.15,-0.604113475478365,-0.6857163906097412
O=Cc1cc(C=O)cc(C=O)c1,CC(C)=O,288.15,-0.807799199577207,-0.9385269284248352
O=Cc1cc(C=O)cc(C=O)c1,CC#N,308.15,-0.669571244856127,-0.7500725388526917
O=Cc1cc(C=O)cc(C=O)c1,CO,313.15,-0.526054999611838,-0.5825819969177246
O=Cc1cc(C=O)cc(C=O)c1,CC(C)=O,293.15,-0.739950558560691,-0.8630160689353943
O=Cc1cc(C=O)cc(C=O)c1,C1COCCO1,288.15,-0.790276972205811,-0.7419651746749878
O=Cc1cc(C=O)cc(C=O)c1,CC#N,313.15,-0.590065762068293,-0.6555525660514832
O=Cc1cc(C=O)cc(C=O)c1,CO,318.15,-0.463224172557099,-0.473481684923172
O=Cc1cc(C=O)cc(C=O)c1,CC(C)=O,298.15,-0.680002291368935,-0.7906157374382019
O=Cc1cc(C=O)cc(C=O)c1,CC#N,318.15,-0.543225814374605,-0.5628166198730469
O=Cc1cc(C=O)cc(C=O)c1,CO,323.15,-0.417590285176452,-0.37013471126556396
O=Cc1cc(C=O)cc(C=O)c1,C1COCCO1,293.15,-0.707834414638758,-0.6689419746398926
O=Cc1cc(C=O)cc(C=O)c1,CC#N,323.15,-0.480662025137837,-0.4831314980983734
O=Cc1cc(C=O)cc(C=O)c1,CC(C)=O,303.15,-0.582294639057965,-0.7199820876121521
O=Cc1cc(C=O)cc(C=O)c1,C1COCCO1,298.15,-0.60894513070371,-0.5994917750358582
O=Cc1cc(C=O)cc(C=O)c1,CC(C)=O,308.15,-0.503814784277808,-0.6380928158760071
O=Cc1cc(C=O)cc(C=O)c1,C1COCCO1,303.15,-0.52753009969757,-0.5287080407142639
O=Cc1cc(C=O)cc(C=O)c1,CC(C)=O,313.15,-0.44373662394409,-0.5508090257644653
O=Cc1cc(C=O)cc(C=O)c1,C1COCCO1,308.15,-0.464855757469255,-0.4371531009674072
O=Cc1cc(C=O)cc(C=O)c1,CC(C)=O,318.15,-0.38067594542796,-0.45892471075057983
O=Cc1cc(C=O)cc(C=O)c1,C1COCCO1,313.15,-0.39851749529872,-0.33865660429000854
O=Cc1cc(C=O)cc(C=O)c1,CC(C)=O,323.15,-0.325036940576242,-0.3745741844177246
O=Cc1cc(C=O)cc(C=O)c1,C1COCCO1,318.15,-0.355587388099985,-0.2346511334180832
O=Cc1cc(C=O)cc(C=O)c1,C1COCCO1,323.15,-0.313854272394223,-0.13412754237651825
O=C(O)[C@@H]1C[C@@H](O)CN1,COC(C)=O,283.15,-3.71697683693432,-3.5044589042663574
O=C(O)[C@@H]1C[C@@H](O)CN1,CC#N,288.15,-3.19700858961572,-3.4865190982818604
O=C(O)[C@@H]1C[C@@H](O)CN1,CC(C)O,283.15,-3.33405143501708,-3.2667651176452637
O=C(O)[C@@H]1C[C@@H](O)CN1,CCC(C)O,283.15,-3.37925240246568,-3.325540542602539
O=C(O)[C@@H]1C[C@@H](O)CN1,COC(C)=O,288.15,-3.29680479196114,-3.425617218017578
O=C(O)[C@@H]1C[C@@H](O)CN1,CCC(C)=O,283.15,-3.30279950562224,-3.511610507965088
O=C(O)[C@@H]1C[C@@H](O)CN1,CCCCCO,283.15,-3.23022162769654,-3.398118257522583
O=C(O)[C@@H]1C[C@@H](O)CN1,CC#N,293.15,-2.90582395763363,-3.4106709957122803
O=C(O)[C@@H]1C[C@@H](O)CN1,CCCO,283.15,-3.04962061389432,-3.207235336303711
O=C(O)[C@@H]1C[C@@H](O)CN1,CC(C)O,288.15,-3.04804463652802,-3.190948724746704
O=C(O)[C@@H]1C[C@@H](O)CN1,CCC(C)O,288.15,-3.12859454546357,-3.259908676147461
O=C(O)[C@@H]1C[C@@H](O)CN1,CC(C)CO,283.15,-3.12261327749387,-3.336469888687134
O=C(O)[C@@H]1C[C@@H](O)CN1,CCO,283.15,-2.91613043167328,-2.9119749069213867
O=C(O)[C@@H]1C[C@@H](O)CN1,CCC(C)=O,288.15,-3.05137203925314,-3.444207191467285
O=C(O)[C@@H]1C[C@@H](O)CN1,COC(C)=O,293.15,-2.9992805339684,-3.325056314468384
O=C(O)[C@@H]1C[C@@H](O)CN1,CC(C)CO,288.15,-3.0496596332425,-3.2742457389831543
O=C(O)[C@@H]1C[C@@H](O)CN1,CCCCCO,288.15,-3.10762876560941,-3.332998275756836
O=C(O)[C@@H]1C[C@@H](O)CN1,CCCCO,283.15,-3.01265756066611,-3.3512022495269775
O=C(O)[C@@H]1C[C@@H](O)CN1,CCC(C)O,293.15,-3.00900654548943,-3.1903061866760254
O=C(O)[C@@H]1C[C@@H](O)CN1,CC(C)CO,293.15,-2.97871599338918,-3.202646017074585
O=C(O)[C@@H]1C[C@@H](O)CN1,CC(C)O,293.15,-2.88746661961473,-3.1060824394226074
O=C(O)[C@@H]1C[C@@H](O)CN1,CCCCO,288.15,-2.95918517848739,-3.2892088890075684
O=C(O)[C@@H]1C[C@@H](O)CN1,CC#N,298.15,-2.70476048291039,-3.3353800773620605
O=C(O)[C@@H]1C[C@@H](O)CN1,CCO,288.15,-2.72613213562903,-2.8297793865203857
O=C(O)[C@@H]1C[C@@H](O)CN1,CCCO,288.15,-2.83388645358834,-3.1412224769592285
O=C(O)[C@@H]1C[C@@H](O)CN1,CC(C)CO,298.15,-2.91235901142448,-3.1350700855255127
O=C(O)[C@@H]1C[C@@H](O)CN1,CCCCCO,293.15,-2.9770753153974,-3.2479474544525146
O=C(O)[C@@H]1C[C@@H](O)CN1,COC(C)=O,298.15,-2.83660566038155,-3.2261688709259033
O=C(O)[C@@H]1C[C@@H](O)CN1,CC(C)O,298.15,-2.80892971121805,-3.0308167934417725
O=C(O)[C@@H]1C[C@@H](O)CN1,CCCCO,293.15,-2.87489712672544,-3.2147319316864014
O=C(O)[C@@H]1C[C@@H](O)CN1,CCCO,293.15,-2.77315620676444,-3.062173366546631
O=C(O)[C@@H]1C[C@@H](O)CN1,CO,283.15,-2.49779739347855,-1.8115445375442505
O=C(O)[C@@H]1C[C@@H](O)CN1,CCC(C)=O,293.15,-2.84454770795241,-3.3578429222106934
O=C(O)[C@@H]1C[C@@H](O)CN1,CCC(C)O,298.15,-2.85339735323647,-3.1174395084381104
O=C(O)[C@@H]1C[C@@H](O)CN1,ClCCl,283.15,-2.66885402565132,-3.082549571990967
O=C(O)[C@@H]1C[C@@H](O)CN1,CCCCCO,298.15,-2.88280083446037,-3.163118362426758
O=C(O)[C@@H]1C[C@@H](O)CN1,CCCCO,298.15,-2.80882586378437,-3.1405587196350098
O=C(O)[C@@H]1C[C@@H](O)CN1,CC(C)CO,303.15,-2.8142125859756,-3.0566816329956055
O=C(O)[C@@H]1C[C@@H](O)CN1,CCO,293.15,-2.6045348492582,-2.7379229068756104
O=C(O)[C@@H]1C[C@@H](O)CN1,CC#N,303.15,-2.56107642748831,-3.2655467987060547
O=C(O)[C@@H]1C[C@@H](O)CN1,CO,288.15,-2.43107430075456,-1.7507171630859375
O=C(O)[C@@H]1C[C@@H](O)CN1,COC(C)=O,303.15,-2.72425215714999,-3.1233246326446533
O=C(O)[C@@H]1C[C@@H](O)CN1,CCCO,298.15,-2.68733096870615,-2.986579656600952
O=C(O)[C@@H]1C[C@@H](O)CN1,CC(C)O,303.15,-2.70055873139582,-2.9521031379699707
O=C(O)[C@@H]1C[C@@H](O)CN1,CCC(C)O,303.15,-2.74755402168098,-3.0365302562713623
O=C(O)[C@@H]1C[C@@H](O)CN1,CCCCCO,303.15,-2.80747066274618,-3.079709768295288
O=C(O)[C@@H]1C[C@@H](O)CN1,CO,293.15,-2.37365521704435,-1.6918879747390747
O=C(O)[C@@H]1C[C@@H](O)CN1,CCCCO,303.15,-2.70781599460651,-3.058760643005371
O=C(O)[C@@H]1C[C@@H](O)CN1,CC#N,308.15,-2.45884579452933,-3.2027549743652344
O=C(O)[C@@H]1C[C@@H](O)CN1,CCO,298.15,-2.49409907195377,-2.660346031188965
O=C(O)[C@@H]1C[C@@H](O)CN1,CC(C)CO,308.15,-2.69512174676367,-2.9759888648986816
O=C(O)[C@@H]1C[C@@H](O)CN1,CCC(C)=O,298.15,-2.67442517393796,-3.2760493755340576
O=C(O)[C@@H]1C[C@@H](O)CN1,CCCO,303.15,-2.57007008115346,-2.907395601272583
O=C(O)[C@@H]1C[C@@H](O)CN1,CC(C)O,308.15,-2.58110191567778,-2.863821029663086
O=C(O)[C@@H]1C[C@@H](O)CN1,CCC(C)O,308.15,-2.6582437047095,-2.955469846725464
O=C(O)[C@@H]1C[C@@H](O)CN1,CO,298.15,-2.2803524887238,-1.6418945789337158
O=C(O)[C@@H]1C[C@@H](O)CN1,CCCCCO,308.15,-2.70751115753991,-2.9977474212646484
O=C(O)[C@@H]1C[C@@H](O)CN1,CCCCO,308.15,-2.62722218990293,-2.9805829524993896
O=C(O)[C@@H]1C[C@@H](O)CN1,COC(C)=O,308.15,-2.57181843543615,-3.0263657569885254
O=C(O)[C@@H]1C[C@@H](O)CN1,ClCCl,288.15,-2.45443303435389,-2.999627113342285
O=C(O)[C@@H]1C[C@@H](O)CN1,CC(C)CO,313.15,-2.62728091943152,-2.875554323196411
O=C(O)[C@@H]1C[C@@H](O)CN1,CCO,303.15,-2.41651775760094,-2.589463710784912
O=C(O)[C@@H]1C[C@@H](O)CN1,CC#N,313.15,-2.37715426230421,-3.1295177936553955
O=C(O)[C@@H]1C[C@@H](O)CN1,CCC(C)O,313.15,-2.58320682811833,-2.847148895263672
O=C(O)[C@@H]1C[C@@H](O)CN1,CO,303.15,-2.2084912521799,-1.600417137145996
O=C(O)[C@@H]1C[C@@H](O)CN1,CCCO,308.15,-2.47699029189249,-2.8301279544830322
O=C(O)[C@@H]1C[C@@H](O)CN1,CC(C)O,313.15,-2.4882620960721,-2.750201463699341
O=C(O)[C@@H]1C[C@@H](O)CN1,CC(C)CO,318.15,-2.5557348751902,-2.7551136016845703
O=C(O)[C@@H]1C[C@@H](O)CN1,CCCCO,313.15,-2.54826403865244,-2.886610507965088
O=C(O)[C@@H]1C[C@@H](O)CN1,CC#N,318.15,-2.30769771799133,-3.0378615856170654
O=C(O)[C@@H]1C[C@@H](O)CN1,CCO,308.15,-2.33678615300181,-2.5241029262542725
O=C(O)[C@@H]1C[C@@H](O)CN1,COC(C)=O,313.15,-2.46772257040229,-2.9218525886535645
O=C(O)[C@@H]1C[C@@H](O)CN1,CCC(C)=O,303.15,-2.51021281119562,-3.195953607559204
O=C(O)[C@@H]1C[C@@H](O)CN1,CO,308.15,-2.14911123810908,-1.5571695566177368
O=C(O)[C@@H]1C[C@@H](O)CN1,CCC(C)O,318.15,-2.50796789591358,-2.7148871421813965
O=C(O)[C@@H]1C[C@@H](O)CN1,CC(C)CO,323.15,-2.49918654570315,-2.6398305892944336
O=C(O)[C@@H]1C[C@@H](O)CN1,CCCO,313.15,-2.39903551084105,-2.734158992767334
O=C(O)[C@@H]1C[C@@H](O)CN1,CC(C)O,318.15,-2.40476282091275,-2.6216487884521484
O=C(O)[C@@H]1C[C@@H](O)CN1,CCO,313.15,-2.27979905988729,-2.4297871589660645
O=C(O)[C@@H]1C[C@@H](O)CN1,ClCCl,293.15,-2.30616155392041,-2.89782977104187
O=C(O)[C@@H]1C[C@@H](O)CN1,CC#N,323.15,-2.23936529925176,-2.954878091812134
O=C(O)[C@@H]1C[C@@H](O)CN1,CCCCO,318.15,-2.47241841998968,-2.7646031379699707
O=C(O)[C@@H]1C[C@@H](O)CN1,CCCCCO,313.15,-2.5354035190121,-2.904186725616455
O=C(O)[C@@H]1C[C@@H](O)CN1,CCC(C)O,323.15,-2.47086616002669,-2.5973095893859863
O=C(O)[C@@H]1C[C@@H](O)CN1,CO,313.15,-2.10115251796983,-1.4925317764282227
O=C(O)[C@@H]1C[C@@H](O)CN1,COC(C)=O,318.15,-2.39913037097301,-2.811356782913208
O=C(O)[C@@H]1C[C@@H](O)CN1,CC(C)CO,328.15,-2.44075191674181,-2.539550304412842
O=C(O)[C@@H]1C[C@@H](O)CN1,CCCO,318.15,-2.334378670413,-2.6143124103546143
O=C(O)[C@@H]1C[C@@H](O)CN1,CC#N,328.15,-2.18765787410965,-2.8755223751068115
O=C(O)[C@@H]1C[C@@H](O)CN1,CC(C)O,323.15,-2.34186670670851,-2.4950079917907715
O=C(O)[C@@H]1C[C@@H](O)CN1,CCCCO,323.15,-2.41567101439905,-2.6459975242614746
O=C(O)[C@@H]1C[C@@H](O)CN1,CCC(C)O,328.15,-2.41767809281857,-2.493056297302246
O=C(O)[C@@H]1C[C@@H](O)CN1,CCO,318.15,-2.20265374186924,-2.314613103866577
O=C(O)[C@@H]1C[C@@H](O)CN1,CCC(C)=O,308.15,-2.37815286291169,-3.1095707416534424
O=C(O)[C@@H]1C[C@@H](O)CN1,CC(C)CO,333.15,-2.39871784110806,-2.4227852821350098
O=C(O)[C@@H]1C[C@@H](O)CN1,COC(C)=O,323.15,-2.3203097643303,-2.706220865249634
O=C(O)[C@@H]1C[C@@H](O)CN1,CO,318.15,-2.01049195697824,-1.4158869981765747
O=C(O)[C@@H]1C[C@@H](O)CN1,CCC(C)O,333.15,-2.37308323727644,-2.3741424083709717
O=C(O)[C@@H]1C[C@@H](O)CN1,CCCO,323.15,-2.27457178405836,-2.5026140213012695
O=C(O)[C@@H]1C[C@@H](O)CN1,C1COCCO1,288.15,-2.31436620850819,-2.8222365379333496
O=C(O)[C@@H]1C[C@@H](O)CN1,ClCCl,298.15,-2.18511023538382,-2.7998595237731934
O=C(O)[C@@H]1C[C@@H](O)CN1,CC#N,333.15,-2.12603481769867,-2.7787668704986572
O=C(O)[C@@H]1C[C@@H](O)CN1,CC(C)O,328.15,-2.27930714608383,-2.3905234336853027
O=C(O)[C@@H]1C[C@@H](O)CN1,CCCCO,328.15,-2.35345581572185,-2.546794891357422
O=C(O)[C@@H]1C[C@@H](O)CN1,CCO,323.15,-2.14863017662511,-2.211941957473755
O=C(O)[C@@H]1C[C@@H](O)CN1,CCOC(C)=O,283.15,-2.32660413247876,-3.6584396362304688
O=C(O)[C@@H]1C[C@@H](O)CN1,CCCO,328.15,-2.23018679404494,-2.4079928398132324
O=C(O)[C@@H]1C[C@@H](O)CN1,COC(C)=O,328.15,-2.24996875690113,-2.610809087753296
O=C(O)[C@@H]1C[C@@H](O)CN1,CCC(C)=O,313.15,-2.27913980316652,-3.006810188293457
O=C(O)[C@@H]1C[C@@H](O)CN1,CCCCCO,318.15,-2.35637631881659,-2.7962632179260254
O=C(O)[C@@H]1C[C@@H](O)CN1,CC(C)O,333.15,-2.21044501489052,-2.268808603286743
O=C(O)[C@@H]1C[C@@H](O)CN1,CCCCO,333.15,-2.28008621410701,-2.431180953979492
O=C(O)[C@@H]1C[C@@H](O)CN1,CCCO,333.15,-2.19115484464609,-2.2933759689331055
O=C(O)[C@@H]1C[C@@H](O)CN1,ClCCl,303.15,-2.09914617315398,-2.7025561332702637
O=C(O)[C@@H]1C[C@@H](O)CN1,CCO,328.15,-2.076836715787,-2.1160688400268555
O=C(O)[C@@H]1C[C@@H](O)CN1,CO,323.15,-1.90218976627082,-1.341491460800171
O=C(O)[C@@H]1C[C@@H](O)CN1,CCO,333.15,-2.03101617229729,-1.993683934211731
O=C(O)[C@@H]1C[C@@H](O)CN1,CCC(C)=O,318.15,-2.18637859291029,-2.904395341873169
O=C(O)[C@@H]1C[C@@H](O)CN1,ClCCl,308.15,-2.02236171629733,-2.6129162311553955
O=C(O)[C@@H]1C[C@@H](O)CN1,CCCCCO,323.15,-2.24796311983501,-2.6793453693389893
O=C(O)[C@@H]1C[C@@H](O)CN1,C1COCCO1,293.15,-2.13024550142064,-2.7205464839935303
O=C(O)[C@@H]1C[C@@H](O)CN1,CO,328.15,-1.81042187196199,-1.273205280303955
O=C(O)[C@@H]1C[C@@H](O)CN1,CCOC(C)=O,288.15,-2.17236834468147,-3.5653884410858154
O=C(O)[C@@H]1C[C@@H](O)CN1,CCC(C)=O,323.15,-2.10974971259186,-2.814565658569336
O=C(O)[C@@H]1C[C@@H](O)CN1,CO,333.15,-1.7337656716835,-1.1860544681549072
O=C(O)[C@@H]1C[C@@H](O)CN1,CCCCCO,328.15,-2.13016681999335,-2.5772860050201416
O=C(O)[C@@H]1C[C@@H](O)CN1,C1COCCO1,298.15,-2.00255883878498,-2.633230686187744
O=C(O)[C@@H]1C[C@@H](O)CN1,CCOC(C)=O,293.15,-2.05397316338977,-3.4555509090423584
O=C(O)[C@@H]1C[C@@H](O)CN1,CCC(C)=O,328.15,-2.03481304248048,-2.737105131149292
O=C(O)[C@@H]1C[C@@H](O)CN1,CC(C)=O,283.15,-1.89440297412374,-3.3226962089538574
O=C(O)[C@@H]1C[C@@H](O)CN1,CCC(C)=O,333.15,-1.97047989663199,-2.6270110607147217
O=C(O)[C@@H]1C[C@@H](O)CN1,CCCCCO,333.15,-2.01041462767027,-2.4585213661193848
O=C(O)[C@@H]1C[C@@H](O)CN1,CCOC(C)=O,298.15,-1.95644762292296,-3.3482437133789062
O=C(O)[C@@H]1C[C@@H](O)CN1,C1COCCO1,303.15,-1.90207579967036,-2.553619384765625
O=C(O)[C@@H]1C[C@@H](O)CN1,CC(C)=O,288.15,-1.82137798518935,-3.2516191005706787
O=C(O)[C@@H]1C[C@@H](O)CN1,C1COCCO1,308.15,-1.8210805016959,-2.482241153717041
O=C(O)[C@@H]1C[C@@H](O)CN1,CCOC(C)=O,303.15,-1.87626100191539,-3.2382075786590576
O=C(O)[C@@H]1C[C@@H](O)CN1,CC(C)=O,293.15,-1.72180874477574,-3.1708431243896484
O=C(O)[C@@H]1C[C@@H](O)CN1,C1COCCO1,313.15,-1.75436676575487,-2.402017593383789
O=C(O)[C@@H]1C[C@@H](O)CN1,CC(C)=O,298.15,-1.65466509262094,-3.091463327407837
O=C(O)[C@@H]1C[C@@H](O)CN1,CCOC(C)=O,308.15,-1.77584484951178,-3.1336209774017334
O=C(O)[C@@H]1C[C@@H](O)CN1,C1COCCO1,318.15,-1.6924035428917,-2.3063812255859375
O=C(O)[C@@H]1C[C@@H](O)CN1,CCOC(C)=O,313.15,-1.72220074640176,-3.027920961380005
O=C(O)[C@@H]1C[C@@H](O)CN1,C1COCCO1,323.15,-1.63407148786963,-2.2097737789154053
O=C(O)[C@@H]1C[C@@H](O)CN1,CC(C)=O,303.15,-1.55804758032557,-3.0123696327209473
O=C(O)[C@@H]1C[C@@H](O)CN1,CCOC(C)=O,318.15,-1.64746468886611,-2.9201252460479736
O=C(O)[C@@H]1C[C@@H](O)CN1,CC(C)=O,308.15,-1.5029616700291,-2.9334607124328613
O=C(O)[C@@H]1C[C@@H](O)CN1,C1COCCO1,328.15,-1.56947111792098,-2.1258394718170166
O=C(O)[C@@H]1C[C@@H](O)CN1,CCOC(C)=O,323.15,-1.58903404167632,-2.817399501800537
O=C(O)[C@@H]1C[C@@H](O)CN1,C1COCCO1,333.15,-1.51184402137626,-2.0437734127044678
O=C(O)[C@@H]1C[C@@H](O)CN1,CC(C)=O,313.15,-1.43371565539111,-2.8471102714538574
O=C(O)[C@@H]1C[C@@H](O)CN1,CCOC(C)=O,328.15,-1.51286034877748,-2.728468418121338
O=C(O)[C@@H]1C[C@@H](O)CN1,CC(C)=O,318.15,-1.37445905910059,-2.758575677871704
O=C(O)[C@@H]1C[C@@H](O)CN1,CCOC(C)=O,333.15,-1.43479288330314,-2.6176326274871826
O=C(O)[C@@H]1C[C@@H](O)CN1,CC(C)=O,323.15,-1.29936901743279,-2.671846628189087
O=C(O)[C@@H]1C[C@@H](O)CN1,CC(C)=O,328.15,-1.24109927960533,-2.5829312801361084
O=C(O)[C@@H]1C[C@@H](O)CN1,O,283.15,0.425009079338141,0.45583298802375793
O=C(O)[C@@H]1C[C@@H](O)CN1,O,288.15,0.44296362466558,0.5191532373428345
O=C(O)[C@@H]1C[C@@H](O)CN1,O,293.15,0.458219950963018,0.5853416919708252
O=C(O)[C@@H]1C[C@@H](O)CN1,O,298.15,0.474663759767583,0.6502901315689087
O=C(O)[C@@H]1C[C@@H](O)CN1,O,303.15,0.49077778501906,0.7040443420410156
O=C(O)[C@@H]1C[C@@H](O)CN1,O,308.15,0.509332657268577,0.7468219995498657
O=C(O)[C@@H]1C[C@@H](O)CN1,O,313.15,0.523416109075722,0.7860422134399414
O=C(O)[C@@H]1C[C@@H](O)CN1,O,318.15,0.535786096380729,0.8290747404098511
O=C(O)[C@@H]1C[C@@H](O)CN1,O,323.15,0.553065746367969,0.8763667345046997
O=C(O)[C@@H]1C[C@@H](O)CN1,O,328.15,0.564313584003569,0.9219646453857422
O=C(O)[C@@H]1C[C@@H](O)CN1,O,333.15,0.593893334461884,0.9727645516395569
C[C@H]1[C@H](C)CC[C@]2(C(=O)O)CC[C@]3(C)C(=CC[C@@H]4[C@@]5(C)CC[C@H](O)C(C)(C)[C@@H]5CC[C@]43C)[C@H]12,CC(=O)CC(C)C,278.2,-2.11504203289932,-2.3445186614990234
C[C@H]1[C@H](C)CC[C@]2(C(=O)O)CC[C@]3(C)C(=CC[C@@H]4[C@@]5(C)CC[C@H](O)C(C)(C)[C@@H]5CC[C@]43C)[C@H]12,CC(=O)CC(C)C,283.2,-2.07531386516824,-2.2859914302825928
C[C@H]1[C@H](C)CC[C@]2(C(=O)O)CC[C@]3(C)C(=CC[C@@H]4[C@@]5(C)CC[C@H](O)C(C)(C)[C@@H]5CC[C@]43C)[C@H]12,CC(=O)CC(C)C,288.2,-2.06742171179632,-2.2326295375823975
C[C@H]1[C@H](C)CC[C@]2(C(=O)O)CC[C@]3(C)C(=CC[C@@H]4[C@@]5(C)CC[C@H](O)C(C)(C)[C@@H]5CC[C@]43C)[C@H]12,CC(=O)CC(C)C,293.2,-2.05907702455514,-2.175884962081909
C[C@H]1[C@H](C)CC[C@]2(C(=O)O)CC[C@]3(C)C(=CC[C@@H]4[C@@]5(C)CC[C@H](O)C(C)(C)[C@@H]5CC[C@]43C)[C@H]12,CC(=O)CC(C)C,298.2,-1.99288396431983,-2.1185994148254395
C[C@H]1[C@H](C)CC[C@]2(C(=O)O)CC[C@]3(C)C(=CC[C@@H]4[C@@]5(C)CC[C@H](O)C(C)(C)[C@@H]5CC[C@]43C)[C@H]12,CC(=O)CC(C)C,303.2,-1.99420140963165,-2.060925006866455
C[C@H]1[C@H](C)CC[C@]2(C(=O)O)CC[C@]3(C)C(=CC[C@@H]4[C@@]5(C)CC[C@H](O)C(C)(C)[C@@H]5CC[C@]43C)[C@H]12,CC(=O)CC(C)C,308.2,-1.9285353144117,-2.0057318210601807
C[C@H]1[C@H](C)CC[C@]2(C(=O)O)CC[C@]3(C)C(=CC[C@@H]4[C@@]5(C)CC[C@H](O)C(C)(C)[C@@H]5CC[C@]43C)[C@H]12,CCCCO,278.2,-1.76869343982094,-1.8918213844299316
C[C@H]1[C@H](C)CC[C@]2(C(=O)O)CC[C@]3(C)C(=CC[C@@H]4[C@@]5(C)CC[C@H](O)C(C)(C)[C@@H]5CC[C@]43C)[C@H]12,COC(C)(C)C,278.2,-1.84262727913247,-2.1488771438598633
C[C@H]1[C@H](C)CC[C@]2(C(=O)O)CC[C@]3(C)C(=CC[C@@H]4[C@@]5(C)CC[C@H](O)C(C)(C)[C@@H]5CC[C@]43C)[C@H]12,CCCCO,283.2,-1.73167838833896,-1.8159488439559937
C[C@H]1[C@H](C)CC[C@]2(C(=O)O)CC[C@]3(C)C(=CC[C@@H]4[C@@]5(C)CC[C@H](O)C(C)(C)[C@@H]5CC[C@]43C)[C@H]12,CC(=O)CC(C)C,313.2,-1.87707012362016,-1.9469022750854492
CC1(C)CC[C@]2(C(=O)O)CC[C@]3(C)C(=CC[C@@H]4[C@@]5(C)CC[C@H](O)C(C)(C)[C@@H]5CC[C@]43C)[C@@H]2C1,CC(=O)CC(C)C,278.2,-1.85154410307053,-2.369401693344116
C[C@H]1[C@H](C)CC[C@]2(C(=O)O)CC[C@]3(C)C(=CC[C@@H]4[C@@]5(C)CC[C@H](O)C(C)(C)[C@@H]5CC[C@]43C)[C@H]12,COC(C)(C)C,283.2,-1.82678472628859,-2.082841396331787
C[C@H]1[C@H](C)CC[C@]2(C(=O)O)CC[C@]3(C)C(=CC[C@@H]4[C@@]5(C)CC[C@H](O)C(C)(C)[C@@H]5CC[C@]43C)[C@H]12,CC(=O)CC(C)C,318.2,-1.84322824249233,-1.8856916427612305
CC1(C)CC[C@]2(C(=O)O)CC[C@]3(C)C(=CC[C@@H]4[C@@]5(C)CC[C@H](O)C(C)(C)[C@@H]5CC[C@]43C)[C@@H]2C1,CCCCO,278.2,-1.68439643190812,-1.6192831993103027
CC1(C)CC[C@]2(C(=O)O)CC[C@]3(C)C(=CC[C@@H]4[C@@]5(C)CC[C@H](O)C(C)(C)[C@@H]5CC[C@]43C)[C@@H]2C1,CC(=O)CC(C)C,283.2,-1.79075007161494,-2.3122711181640625
C[C@H]1[C@H](C)CC[C@]2(C(=O)O)CC[C@]3(C)C(=CC[C@@H]4[C@@]5(C)CC[C@H](O)C(C)(C)[C@@H]5CC[C@]43C)[C@H]12,COC(C)(C)C,288.2,-1.74958079793063,-2.010416269302368
CC1(C)CC[C@]2(C(=O)O)CC[C@]3(C)C(=CC[C@@H]4[C@@]5(C)CC[C@H](O)C(C)(C)[C@@H]5CC[C@]43C)[C@@H]2C1,CC(=O)CC(C)C,288.2,-1.76757407345707,-2.257659673690796
CC1(C)CC[C@]2(C(=O)O)CC[C@]3(C)C(=CC[C@@H]4[C@@]5(C)CC[C@H](O)C(C)(C)[C@@H]5CC[C@]43C)[C@@H]2C1,CC(=O)CC(C)C,293.2,-1.76830570809784,-2.1977386474609375
CC1(C)CC[C@]2(C(=O)O)CC[C@]3(C)C(=CC[C@@H]4[C@@]5(C)CC[C@H](O)C(C)(C)[C@@H]5CC[C@]43C)[C@@H]2C1,CCCCO,283.2,-1.61401840856931,-1.5598827600479126
CC1(C)CC[C@]2(C(=O)O)CC[C@]3(C)C(=CC[C@@H]4[C@@]5(C)CC[C@H](O)C(C)(C)[C@@H]5CC[C@]43C)[C@@H]2C1,CCCCO,288.2,-1.61153983067474,-1.516766905784607
C[C@H]1[C@H](C)CC[C@]2(C(=O)O)CC[C@]3(C)C(=CC[C@@H]4[C@@]5(C)CC[C@H](O)C(C)(C)[C@@H]5CC[C@]43C)[C@H]12,CCCCO,288.2,-1.60396634739877,-1.7485400438308716
CC1(C)CC[C@]2(C(=O)O)CC[C@]3(C)C(=CC[C@@H]4[C@@]5(C)CC[C@H](O)C(C)(C)[C@@H]5CC[C@]43C)[C@@H]2C1,CC(=O)CC(C)C,298.2,-1.73633147638894,-2.138958215713501
C[C@H]1[C@H](C)CC[C@]2(C(=O)O)CC[C@]3(C)C(=CC[C@@H]4[C@@]5(C)CC[C@H](O)C(C)(C)[C@@H]5CC[C@]43C)[C@H]12,COC(C)(C)C,293.2,-1.67800415255564,-1.930834412574768
CC1(C)CC[C@]2(C(=O)O)CC[C@]3(C)C(=CC[C@@H]4[C@@]5(C)CC[C@H](O)C(C)(C)[C@@H]5CC[C@]43C)[C@@H]2C1,CCCCO,293.2,-1.56404930942223,-1.4745055437088013
CC1(C)CC[C@]2(C(=O)O)CC[C@]3(C)C(=CC[C@@H]4[C@@]5(C)CC[C@H](O)C(C)(C)[C@@H]5CC[C@]43C)[C@@H]2C1,CC(=O)CC(C)C,303.2,-1.68151474380511,-2.0849618911743164
CC1(C)CC[C@]2(C(=O)O)CC[C@]3(C)C(=CC[C@@H]4[C@@]5(C)CC[C@H](O)C(C)(C)[C@@H]5CC[C@]43C)[C@@H]2C1,CCCCO,298.2,-1.53891900536903,-1.4353772401809692
C[C@H]1[C@H](C)CC[C@]2(C(=O)O)CC[C@]3(C)C(=CC[C@@H]4[C@@]5(C)CC[C@H](O)C(C)(C)[C@@H]5CC[C@]43C)[C@H]12,CCCCO,293.2,-1.53545673397365,-1.6776397228240967
C[C@H]1[C@H](C)CC[C@]2(C(=O)O)CC[C@]3(C)C(=CC[C@@H]4[C@@]5(C)CC[C@H](O)C(C)(C)[C@@H]5CC[C@]43C)[C@H]12,COC(C)(C)C,298.2,-1.61489278153156,-1.8676338195800781
C[C@H]1[C@H](C)CC[C@]2(C(=O)O)CC[C@]3(C)C(=CC[C@@H]4[C@@]5(C)CC[C@H](O)C(C)(C)[C@@H]5CC[C@]43C)[C@H]12,COC(C)(C)C,303.2,-1.6009567963458,-1.810686469078064
C[C@H]1[C@H](C)CC[C@]2(C(=O)O)CC[C@]3(C)C(=CC[C@@H]4[C@@]5(C)CC[C@H](O)C(C)(C)[C@@H]5CC[C@]43C)[C@H]12,COC(C)(C)C,308.2,-1.60497971833175,-1.7563990354537964
C[C@H]1[C@H](C)CC[C@]2(C(=O)O)CC[C@]3(C)C(=CC[C@@H]4[C@@]5(C)CC[C@H](O)C(C)(C)[C@@H]5CC[C@]43C)[C@H]12,COC(C)(C)C,313.2,-1.61125024788132,-1.6978455781936646
CC1(C)CC[C@]2(C(=O)O)CC[C@]3(C)C(=CC[C@@H]4[C@@]5(C)CC[C@H](O)C(C)(C)[C@@H]5CC[C@]43C)[C@@H]2C1,CC(=O)CC(C)C,308.2,-1.59782926456075,-2.030163526535034
C[C@H]1[C@H](C)CC[C@]2(C(=O)O)CC[C@]3(C)C(=CC[C@@H]4[C@@]5(C)CC[C@H](O)C(C)(C)[C@@H]5CC[C@]43C)[C@H]12,CCCCO,298.2,-1.43571559392005,-1.6119379997253418
C[C@H]1[C@H](C)CC[C@]2(C(=O)O)CC[C@]3(C)C(=CC[C@@H]4[C@@]5(C)CC[C@H](O)C(C)(C)[C@@H]5CC[C@]43C)[C@H]12,COC(C)(C)C,318.2,-1.59221007017633,-1.6441253423690796
CC1(C)CC[C@]2(C(=O)O)CC[C@]3(C)C(=CC[C@@H]4[C@@]5(C)CC[C@H](O)C(C)(C)[C@@H]5CC[C@]43C)[C@@H]2C1,CC(=O)CC(C)C,313.2,-1.55017097376662,-1.9762468338012695
CC1(C)CC[C@]2(C(=O)O)CC[C@]3(C)C(=CC[C@@H]4[C@@]5(C)CC[C@H](O)C(C)(C)[C@@H]5CC[C@]43C)[C@@H]2C1,COC(C)(C)C,278.2,-1.50918830337403,-1.9376399517059326
CC1(C)CC[C@]2(C(=O)O)CC[C@]3(C)C(=CC[C@@H]4[C@@]5(C)CC[C@H](O)C(C)(C)[C@@H]5CC[C@]43C)[C@@H]2C1,CCCCO,303.2,-1.39578325557803,-1.3876922130584717
C[C@H]1[C@H](C)CC[C@]2(C(=O)O)CC[C@]3(C)C(=CC[C@@H]4[C@@]5(C)CC[C@H](O)C(C)(C)[C@@H]5CC[C@]43C)[C@H]12,CCCCO,303.2,-1.3766507633053,-1.5545932054519653
CC1(C)CC[C@]2(C(=O)O)CC[C@]3(C)C(=CC[C@@H]4[C@@]5(C)CC[C@H](O)C(C)(C)[C@@H]5CC[C@]43C)[C@@H]2C1,COC(C)(C)C,283.2,-1.47983107589025,-1.8773163557052612
CC1(C)CC[C@]2(C(=O)O)CC[C@]3(C)C(=CC[C@@H]4[C@@]5(C)CC[C@H](O)C(C)(C)[C@@H]5CC[C@]43C)[C@@H]2C1,CCCCO,308.2,-1.37156958075532,-1.3364131450653076
CC1(C)CC[C@]2(C(=O)O)CC[C@]3(C)C(=CC[C@@H]4[C@@]5(C)CC[C@H](O)C(C)(C)[C@@H]5CC[C@]43C)[C@@H]2C1,COC(C)(C)C,288.2,-1.45943536496507,-1.8156753778457642
C[C@H]1[C@H](C)CC[C@]2(C(=O)O)CC[C@]3(C)C(=CC[C@@H]4[C@@]5(C)CC[C@H](O)C(C)(C)[C@@H]5CC[C@]43C)[C@H]12,CCCCO,308.2,-1.3521527501767,-1.5027358531951904
CC1(C)CC[C@]2(C(=O)O)CC[C@]3(C)C(=CC[C@@H]4[C@@]5(C)CC[C@H](O)C(C)(C)[C@@H]5CC[C@]43C)[C@@H]2C1,COC(C)(C)C,293.2,-1.45452176695408,-1.7533848285675049
CC1(C)CC[C@]2(C(=O)O)CC[C@]3(C)C(=CC[C@@H]4[C@@]5(C)CC[C@H](O)C(C)(C)[C@@H]5CC[C@]43C)[C@@H]2C1,COC(C)(C)C,298.2,-1.44812679329909,-1.697725772857666
CC1(C)CC[C@]2(C(=O)O)CC[C@]3(C)C(=CC[C@@H]4[C@@]5(C)CC[C@H](O)C(C)(C)[C@@H]5CC[C@]43C)[C@@H]2C1,COC(C)(C)C,303.2,-1.45948869922258,-1.647057056427002
CC1(C)CC[C@]2(C(=O)O)CC[C@]3(C)C(=CC[C@@H]4[C@@]5(C)CC[C@H](O)C(C)(C)[C@@H]5CC[C@]43C)[C@@H]2C1,CC(=O)CC(C)C,318.2,-1.47740931696145,-1.9237992763519287
C[C@H]1[C@H](C)CC[C@]2(C(=O)O)CC[C@]3(C)C(=CC[C@@H]4[C@@]5(C)CC[C@H](O)C(C)(C)[C@@H]5CC[C@]43C)[C@H]12,CCCCO,313.2,-1.29996475213246,-1.450032353401184
CC1(C)CC[C@]2(C(=O)O)CC[C@]3(C)C(=CC[C@@H]4[C@@]5(C)CC[C@H](O)C(C)(C)[C@@H]5CC[C@]43C)[C@@H]2C1,COC(C)(C)C,308.2,-1.41959210077718,-1.6014177799224854
C[C@H]1[C@H](C)CC[C@]2(C(=O)O)CC[C@]3(C)C(=CC[C@@H]4[C@@]5(C)CC[C@H](O)C(C)(C)[C@@H]5CC[C@]43C)[C@H]12,CCCCO,318.2,-1.26763984696064,-1.3969045877456665
CC1(C)CC[C@]2(C(=O)O)CC[C@]3(C)C(=CC[C@@H]4[C@@]5(C)CC[C@H](O)C(C)(C)[C@@H]5CC[C@]43C)[C@@H]2C1,CCCCO,313.2,-1.25867581280592,-1.2812819480895996
CC1(C)CC[C@]2(C(=O)O)CC[C@]3(C)C(=CC[C@@H]4[C@@]5(C)CC[C@H](O)C(C)(C)[C@@H]5CC[C@]43C)[C@@H]2C1,CCCCO,318.2,-1.2283174822762,-1.2338321208953857
CC1(C)CC[C@]2(C(=O)O)CC[C@]3(C)C(=CC[C@@H]4[C@@]5(C)CC[C@H](O)C(C)(C)[C@@H]5CC[C@]43C)[C@@H]2C1,COC(C)(C)C,313.2,-1.34938073494746,-1.5460894107818604
CC1(C)CC[C@]2(C(=O)O)CC[C@]3(C)C(=CC[C@@H]4[C@@]5(C)CC[C@H](O)C(C)(C)[C@@H]5CC[C@]43C)[C@@H]2C1,COC(C)(C)C,318.2,-1.32179107193798,-1.4902602434158325
O=C(O)c1ccccc1,O=C(OCc1ccccc1)c1ccccc1,288.15,-0.441320163149635,-0.7973169088363647
O=C(O)c1ccccc1,O=C(OCc1ccccc1)c1ccccc1,293.15,-0.33848767228481,-0.712598443031311
O=C(O)c1ccccc1,O=C(OCc1ccccc1)c1ccccc1,298.15,-0.233066209765722,-0.6078941226005554
O=C(O)c1ccccc1,CC(=O)OCc1ccccc1,288.15,-0.028094075020083,-0.3387213945388794
O=C(O)c1ccccc1,O=C(OCc1ccccc1)c1ccccc1,303.15,-3.13849283421731,-0.4960043430328369
O=C(O)c1ccccc1,CC(=O)OCc1ccccc1,293.15,0.025548965415276,-0.2601345181465149
O=C(O)c1ccccc1,O=C(OCc1ccccc1)c1ccccc1,308.15,-0.071400043732367,-0.393077552318573
O=C(O)c1ccccc1,OCc1ccccc1,288.15,0.20272718218598,0.09659427404403687
O=C(O)c1ccccc1,CC(=O)OCc1ccccc1,298.15,0.074538557616055,-0.18102088570594788
O=C(O)c1ccccc1,CC(=O)OCc1ccccc1,303.15,0.11362257349446,-0.10004565119743347
O=C(O)c1ccccc1,OCc1ccccc1,293.15,0.258756436557423,0.14759550988674164
O=C(O)c1ccccc1,O=C(OCc1ccccc1)c1ccccc1,313.15,-0.004700637572574,-0.3047963082790375
O=C(O)c1ccccc1,OCc1ccccc1,298.15,0.291664044784231,0.19920854270458221
O=C(O)c1ccccc1,CC(=O)OCc1ccccc1,308.15,0.177160920745374,-0.025053514167666435
O=C(O)c1ccccc1,O=C(OCc1ccccc1)c1ccccc1,318.15,0.078527374382836,-0.24223004281520844
O=C(O)c1ccccc1,OCc1ccccc1,303.15,0.348692754457901,0.25367191433906555
O=C(O)c1ccccc1,CC(=O)OCc1ccccc1,313.15,0.232157113449581,0.05106234923005104
O=C(O)c1ccccc1,O=C(OCc1ccccc1)c1ccccc1,323.15,0.15199986355614,-0.19238977134227753
O=C(O)c1ccccc1,OCc1ccccc1,308.15,0.416666715317457,0.3094285726547241
O=C(O)c1ccccc1,CC(=O)OCc1ccccc1,318.15,0.305435479840567,0.12816733121871948
O=C(O)c1ccccc1,OCc1ccccc1,313.15,0.46434394970005,0.36786219477653503
O=C(O)c1ccccc1,O=C(OCc1ccccc1)c1ccccc1,328.15,0.234951819111746,-0.1524823009967804
O=C(O)c1ccccc1,CC(=O)OCc1ccccc1,323.15,0.362996675301431,0.19698551297187805
O=C(O)c1ccccc1,OCc1ccccc1,318.15,0.531720607739493,0.43657925724983215
O=C(O)c1ccccc1,OCc1ccccc1,323.15,0.583715320316793,0.5004448294639587
O=C(O)c1ccccc1,CC(=O)OCc1ccccc1,328.15,0.450844434757871,0.25106072425842285
O=C(O)c1ccccc1,OCc1ccccc1,328.15,0.630983738866527,0.5693907141685486
NC(=O)[C@@H]1CCCN1,CCCCCC,278.15,-3.32885894885814,-2.736562967300415
NC(=O)[C@@H]1CCCN1,C1CCCCC1,278.15,-3.24771397595765,-3.0008795261383057
NC(=O)[C@@H]1CCCN1,CCCCCC,283.15,-3.15594775422273,-2.6444170475006104
NC(=O)[C@@H]1CCCN1,C1CCCCC1,283.15,-3.0741110261559,-2.929159164428711
NC(=O)[C@@H]1CCCN1,C1CCCCC1,288.15,-2.88473624817715,-2.8304038047790527
NC(=O)[C@@H]1CCCN1,CCCCCC,288.15,-2.93692309616013,-2.54058575630188
NC(=O)[C@@H]1CCCN1,C1CCCCC1,293.15,-2.69097090756801,-2.7011184692382812
NC(=O)[C@@H]1CCCN1,CCCCCC,293.15,-2.75400878679677,-2.4162330627441406
NC(=O)[C@@H]1CCCN1,CCCCCCC,278.15,-2.75900663261804,-2.928449869155884
NC(=O)[C@@H]1CCCN1,CCCCCC,298.15,-2.61338845836934,-2.294273853302002
NC(=O)[C@@H]1CCCN1,C1CCCCC1,298.15,-2.52793806362027,-2.574769973754883
NC(=O)[C@@H]1CCCN1,CCCCCCC,283.15,-2.60337635750124,-2.8331668376922607
NC(=O)[C@@H]1CCCN1,CCCCCCC,288.15,-2.47224944166426,-2.720252752304077
NC(=O)[C@@H]1CCCN1,CCCCCC,303.15,-2.41387879239967,-2.175949811935425
NC(=O)[C@@H]1CCCN1,C1CCCCC1,303.15,-2.33092785172081,-2.4546449184417725
NC(=O)[C@@H]1CCCN1,CCCCCCC,293.15,-2.33275281198479,-2.578709840774536
NC(=O)[C@@H]1CCCN1,CCCCCC,308.15,-2.23832981457772,-2.0584020614624023
NC(=O)[C@@H]1CCCN1,C1CCCCC1,308.15,-2.14343372944437,-2.338291883468628
NC(=O)[C@@H]1CCCN1,CCCCCCC,298.15,-2.18279894110344,-2.4404642581939697
NC(=O)[C@@H]1CCCN1,CCCCCC,313.15,-2.07781158876462,-1.93211829662323
NC(=O)[C@@H]1CCCN1,C1CCCCC1,313.15,-1.95013895917298,-2.214080572128296
NC(=O)[C@@H]1CCCN1,CCCCCCC,303.15,-2.05340546562657,-2.315253734588623
NC(=O)[C@@H]1CCCN1,CCCCCC,318.15,-1.92922612465867,-1.8140615224838257
NC(=O)[C@@H]1CCCN1,C1CCCCC1,318.15,-1.81565845636958,-2.0921833515167236
NC(=O)[C@@H]1CCCN1,CCCCCCC,308.15,-1.91817388847519,-2.2016286849975586
NC(=O)[C@@H]1CCCN1,CCCCCC,323.15,-1.807248528766,-1.7274521589279175
NC(=O)[C@@H]1CCCN1,C1CCCCC1,323.15,-1.68502318019022,-2.0018844604492188
NC(=O)[C@@H]1CCCN1,CCCCCCC,313.15,-1.79768423317878,-2.0853447914123535
NC(=O)[C@@H]1CCCN1,CCCCCCC,318.15,-1.69583739693673,-1.969131588935852
NC(=O)[C@@H]1CCCN1,CCCCCCC,323.15,-1.57814152000087,-1.8725152015686035
NC(=O)[C@@H]1CCCN1,CCOC(C)=O,278.15,-0.850454397800249,-0.3848901391029358
NC(=O)[C@@H]1CCCN1,CCOC(C)=O,283.15,-0.724115858156409,-0.3125867247581482
NC(=O)[C@@H]1CCCN1,CCOC(C)=O,288.15,-0.592375608201952,-0.2391566038131714
NC(=O)[C@@H]1CCCN1,CCOC(C)=O,293.15,-0.478432786730053,-0.15614978969097137
NC(=O)[C@@H]1CCCN1,CCOC(C)=O,298.15,-0.347974945440083,-0.07501630485057831
NC(=O)[C@@H]1CCCN1,CN(C)C=O,278.15,-0.235588914892274,0.5001422762870789
NC(=O)[C@@H]1CCCN1,CCCO,278.15,-0.177064896607822,-0.00295556103810668
NC(=O)[C@@H]1CCCN1,CC(C)O,278.15,-0.125901366692142,-0.18882590532302856
NC(=O)[C@@H]1CCCN1,CCOC(C)=O,303.15,-0.23182684318837,0.008006066083908081
NC(=O)[C@@H]1CCCN1,CC#N,278.15,0.060377754827651,-0.1147862896323204
NC(=O)[C@@H]1CCCN1,CN(C)C=O,283.15,-0.093787802818941,0.5350767970085144
NC(=O)[C@@H]1CCCN1,CCCO,283.15,-0.066872294706206,0.09152693301439285
NC(=O)[C@@H]1CCCN1,CC(C)O,283.15,-0.059591462523545,-0.07673408836126328
NC(=O)[C@@H]1CCCN1,C1CCOC1,278.15,-0.080611643577923,0.050623323768377304
NC(=O)[C@@H]1CCCN1,CC#N,283.15,0.116401374646085,-0.018533725291490555
NC(=O)[C@@H]1CCCN1,CC(C)=O,278.15,-0.01900113670251,0.09131818264722824
NC(=O)[C@@H]1CCCN1,CCOC(C)=O,308.15,-0.114863029405791,0.09513093531131744
NC(=O)[C@@H]1CCCN1,CC#N,288.15,0.180577893645487,0.08215567469596863
NC(=O)[C@@H]1CCCN1,C1CCOC1,283.15,0.004294634292636,0.11252681910991669
NC(=O)[C@@H]1CCCN1,CCCO,288.15,0.039683252831998,0.17061008512973785
NC(=O)[C@@H]1CCCN1,CN(C)C=O,288.15,0.030134644596855,0.5846906900405884
NC(=O)[C@@H]1CCCN1,CC(C)=O,283.15,0.067527147951703,0.16933786869049072
NC(=O)[C@@H]1CCCN1,CC(C)O,288.15,0.055878932444671,0.025829188525676727
NC(=O)[C@@H]1CCCN1,C1CCOC1,283.15,0.03745102070295,0.11252686381340027
NC(=O)[C@@H]1CCCN1,CC#N,293.15,0.242488186854913,0.17711053788661957
NC(=O)[C@@H]1CCCN1,C1CCOC1,288.15,0.079861218620916,0.1787961721420288
NC(=O)[C@@H]1CCCN1,C1CCOC1,288.15,0.101650537664627,0.17879638075828552
NC(=O)[C@@H]1CCCN1,CCOC(C)=O,313.15,0.007474466350065,0.1879800260066986
NC(=O)[C@@H]1CCCN1,CCCO,293.15,0.138939217736145,0.25689080357551575
NC(=O)[C@@H]1CCCN1,CC#N,298.15,0.304139314501432,0.2620847225189209
NC(=O)[C@@H]1CCCN1,CC(C)=O,288.15,0.161890988812357,0.24168260395526886
NC(=O)[C@@H]1CCCN1,CN(C)C=O,293.15,0.147729599773029,0.6349990963935852
NC(=O)[C@@H]1CCCN1,CC(C)O,293.15,0.16024302043088,0.1325429379940033
NC(=O)[C@@H]1CCCN1,CC#N,303.15,0.347420573788668,0.3558887541294098
NC(=O)[C@@H]1CCCN1,C1CCOC1,293.15,0.170138526953765,0.25889790058135986
NC(=O)[C@@H]1CCCN1,CCCO,298.15,0.222470041477904,0.34232133626937866
NC(=O)[C@@H]1CCCN1,CC(C)=O,293.15,0.239813841376263,0.31641101837158203
NC(=O)[C@@H]1CCCN1,CC#N,308.15,0.38969324094732,0.4531816244125366
NC(=O)[C@@H]1CCCN1,CCOC(C)=O,318.15,0.135252924630196,0.2743690013885498
NC(=O)[C@@H]1CCCN1,CN(C)C=O,298.15,0.259447412864609,0.6874755024909973
NC(=O)[C@@H]1CCCN1,CC(C)O,298.15,0.271801291634649,0.23717829585075378
NC(=O)[C@@H]1CCCN1,CC#N,313.15,0.431271908454545,0.5532657504081726
NC(=O)[C@@H]1CCCN1,C1CCOC1,298.15,0.263376643763792,0.3394472301006317
NC(=O)[C@@H]1CCCN1,CCCO,303.15,0.29615510149737,0.42972517013549805
NC(=O)[C@@H]1CCCN1,CC(C)=O,298.15,0.316294249408862,0.39326268434524536
NC(=O)[C@@H]1CCCN1,C1CCOC1,298.15,0.289392307431307,0.3394472897052765
NC(=O)[C@@H]1CCCN1,CC#N,318.15,0.468291879181594,0.6542137861251831
NC(=O)[C@@H]1CCCN1,CC#N,323.15,0.501354705962712,0.7423850297927856
NC(=O)[C@@H]1CCCN1,CC(C)O,303.15,0.367856859419968,0.347310870885849
NC(=O)[C@@H]1CCCN1,CC(C)=O,303.15,0.389908079170948,0.473917692899704
NC(=O)[C@@H]1CCCN1,CCOC(C)=O,323.15,0.25350646100353,0.36011409759521484
NC(=O)[C@@H]1CCCN1,C1CCOC1,303.15,0.351458610605225,0.41616126894950867
NC(=O)[C@@H]1CCCN1,CN(C)C=O,303.15,0.375778106599138,0.7466279864311218
NC(=O)[C@@H]1CCCN1,CCCO,308.15,0.399426082218827,0.5196674466133118
NC(=O)[C@@H]1CCCN1,CC(C)=O,308.15,0.456788744695542,0.5579159259796143
NC(=O)[C@@H]1CCCN1,C1CCOC1,308.15,0.449018419145755,0.4948268234729767
NC(=O)[C@@H]1CCCN1,CC(C)O,308.15,0.478120330561152,0.4529534578323364
NC(=O)[C@@H]1CCCN1,CN(C)C=O,308.15,0.48939116540448,0.8076367974281311
NC(=O)[C@@H]1CCCN1,CC(C)=O,313.15,0.519145047420877,0.6454269886016846
NC(=O)[C@@H]1CCCN1,CCCO,313.15,0.527664854633351,0.6057876348495483
NC(=O)[C@@H]1CCCN1,CC(C)=O,313.15,0.543677866326788,0.6454266905784607
NC(=O)[C@@H]1CCCN1,C1CCOC1,313.15,0.539788272905302,0.5693143010139465
NC(=O)[C@@H]1CCCN1,CC(C)=O,318.15,0.580821623872014,0.736627995967865
NC(=O)[C@@H]1CCCN1,C1CCOC1,313.15,0.549941235847776,0.569314181804657
NC(=O)[C@@H]1CCCN1,CC(C)=O,318.15,0.589920271621747,0.736627995967865
NC(=O)[C@@H]1CCCN1,CC(C)O,313.15,0.581000365556703,0.5532695651054382
NC(=O)[C@@H]1CCCN1,CN(C)C=O,313.15,0.599276684089445,0.8617274165153503
NC(=O)[C@@H]1CCCN1,CC(C)=O,323.15,0.642737440773419,0.8155746459960938
NC(=O)[C@@H]1CCCN1,CCCO,318.15,0.659172798143046,0.7015185356140137
NC(=O)[C@@H]1CCCN1,CC(C)O,318.15,0.693307825517804,0.6495813131332397
NC(=O)[C@@H]1CCCN1,C1CCOC1,318.15,0.682047993019167,0.6443403959274292
NC(=O)[C@@H]1CCCN1,CN(C)C=O,318.15,0.709381976673135,0.9116159081459045
NC(=O)[C@@H]1CCCN1,CCCO,323.15,0.801243433477627,0.7900027632713318
NC(=O)[C@@H]1CCCN1,CN(C)C=O,323.15,0.825433297901527,0.9625567197799683
NC(=O)[C@@H]1CCCN1,CC(C)O,323.15,0.841451346995606,0.7469447255134583
NC(=O)[C@@H]1CCCN1,C1CCOC1,323.15,0.82838287186831,0.7098253965377808
CC(=O)NCC(=O)O,CC#N,283.15,-2.36935282980879,-2.1799654960632324
CC(=O)NCC(=O)O,CC#N,288.15,-2.31748826558151,-2.1196389198303223
CC(=O)NCC(=O)O,CC#N,293.15,-2.2415139817239,-2.042572259902954
CC(=O)NCC(=O)O,CC#N,298.15,-2.1847399435844,-1.9628596305847168
CC(=O)NCC(=O)O,CC#N,303.15,-2.11359172411132,-1.881636381149292
CC(=O)NCC(=O)O,CC#N,308.15,-2.00475405042999,-1.8045686483383179
CC(=O)NCC(=O)O,CC#N,313.15,-1.93243696047442,-1.710187315940857
CC(=O)NCC(=O)O,CC(C)=O,283.15,-2.00613520713573,-1.6833436489105225
CC(=O)NCC(=O)O,CC#N,318.15,-1.87547408003006,-1.6069282293319702
CC(=O)NCC(=O)O,CC(C)=O,288.15,-1.97846364505281,-1.6026501655578613
CC(=O)NCC(=O)O,CC(C)=O,293.15,-1.9382037913762,-1.5132136344909668
CC(=O)NCC(=O)O,CC(C)=O,298.15,-1.90903419902332,-1.430016040802002
CC(=O)NCC(=O)O,CC#N,323.15,-1.75648492075704,-1.5162568092346191
CC(=O)NCC(=O)O,CC(C)=O,303.15,-1.86764245610391,-1.3486753702163696
CC(=O)NCC(=O)O,CC(C)=O,308.15,-1.82111121134842,-1.2727683782577515
CC(=O)NCC(=O)O,CC#N,328.15,-1.67974333128632,-1.4477829933166504
CC(=O)NCC(=O)O,C1COCCO1,288.15,-1.83618207398558,-1.7815020084381104
CC(=O)NCC(=O)O,CCCCCO,283.15,-1.91241336556013,-1.7489540576934814
CC(=O)NCC(=O)O,CC(C)=O,313.15,-1.76003090202136,-1.1996582746505737
CC(=O)NCC(=O)O,C1COCCO1,293.15,-1.81135573910752,-1.7186260223388672
CC(=O)NCC(=O)O,CC#N,333.15,-1.60735847989028,-1.369946837425232
CC(=O)NCC(=O)O,C1COCCO1,298.15,-1.76026819914512,-1.6562515497207642
CC(=O)NCC(=O)O,CC(C)CO,283.15,-1.7682477238014,-1.6668788194656372
CC(=O)NCC(=O)O,CC(C)=O,318.15,-1.68649882828674,-1.119088888168335
CC(=O)NCC(=O)O,C1COCCO1,303.15,-1.73554394964377,-1.5962775945663452
CC(=O)NCC(=O)O,CCCCCO,288.15,-1.80798151273244,-1.6709762811660767
CC(=O)NCC(=O)O,C1COCCO1,308.15,-1.69854175489834,-1.5336449146270752
CC(=O)NCC(=O)O,CC(C)CO,288.15,-1.72295425534214,-1.6032960414886475
CC(=O)NCC(=O)O,CCCO,283.15,-1.595841240145,-1.44684636592865
CC(=O)NCC(=O)O,CC(C)=O,323.15,-1.60810038994349,-1.0444804430007935
CC(=O)NCC(=O)O,C1COCCO1,313.15,-1.65859957504645,-1.4656052589416504
CC(=O)NCC(=O)O,CCCCO,283.15,-1.66053249727803,-1.64723539352417
CC(=O)NCC(=O)O,C1COCCO1,318.15,-1.6374674603558,-1.390716791152954
CC(=O)NCC(=O)O,CC(C)CO,293.15,-1.65629465310846,-1.52112877368927
CC(=O)NCC(=O)O,CCCCO,288.15,-1.63984274123947,-1.5757315158843994
CC(=O)NCC(=O)O,CC(C)O,283.15,-1.55603985130046,-1.4970883131027222
CC(=O)NCC(=O)O,CC(C)=O,328.15,-1.55387275367447,-0.9736576080322266
CC(=O)NCC(=O)O,C1COCCO1,323.15,-1.606623080205,-1.3187962770462036
CC(=O)NCC(=O)O,CCCO,288.15,-1.52463069934863,-1.378841519355774
CC(=O)NCC(=O)O,CCCCCO,293.15,-1.68573228197606,-1.582170844078064
CC(=O)NCC(=O)O,CCCCO,293.15,-1.59725927517617,-1.490604281425476
CC(=O)NCC(=O)O,CC(C)CO,298.15,-1.59562545679964,-1.4431231021881104
CC(=O)NCC(=O)O,CCC(C)O,283.15,-1.58034459842991,-1.6506906747817993
CC(=O)NCC(=O)O,C1COCCO1,328.15,-1.5597201591256,-1.251638412475586
CC(=O)NCC(=O)O,CC(C)O,288.15,-1.48277675578806,-1.4262880086898804
CC(=O)NCC(=O)O,CCC(C)O,288.15,-1.5553662144172,-1.5808805227279663
CC(=O)NCC(=O)O,CCCCCO,298.15,-1.62579766832373,-1.4968178272247314
CC(=O)NCC(=O)O,C1COCCO1,333.15,-1.53369483659511,-1.1707903146743774
CC(=O)NCC(=O)O,CCCCO,298.15,-1.54340038461915,-1.4068547487258911
CC(=O)NCC(=O)O,CCCO,293.15,-1.45480613378321,-1.2998549938201904
CC(=O)NCC(=O)O,CCO,283.15,-1.3183612502761,-1.120017409324646
CC(=O)NCC(=O)O,CCC(C)O,293.15,-1.51335973795673,-1.4987740516662598
CC(=O)NCC(=O)O,CC(C)O,293.15,-1.42966613460849,-1.3444865942001343
CC(=O)NCC(=O)O,CC(C)CO,303.15,-1.50445210366452,-1.3600906133651733
CC(=O)NCC(=O)O,CCC(C)O,298.15,-1.47984724143968,-1.4169211387634277
CC(=O)NCC(=O)O,CCCCCO,303.15,-1.54881078733756,-1.412002444267273
CC(=O)NCC(=O)O,CCCO,298.15,-1.37303050799466,-1.219202995300293
CC(=O)NCC(=O)O,CCCCO,303.15,-1.45067024296395,-1.324483871459961
CC(=O)NCC(=O)O,CC(C)CO,308.15,-1.44974002983667,-1.2740111351013184
CC(=O)NCC(=O)O,CCO,288.15,-1.23128925734195,-1.04555344581604
CC(=O)NCC(=O)O,CC(C)O,298.15,-1.34181099282334,-1.265879511833191
CC(=O)NCC(=O)O,CCCO,303.15,-1.33181457944463,-1.1372969150543213
CC(=O)NCC(=O)O,CCC(C)O,303.15,-1.39957511068427,-1.331193208694458
CC(=O)NCC(=O)O,CCCCCO,308.15,-1.46976040948349,-1.3406192064285278
CC(=O)NCC(=O)O,O,283.15,-0.663102237990897,-0.628595769405365
CC(=O)NCC(=O)O,CCCCO,308.15,-1.36287203104597,-1.2465773820877075
CC(=O)NCC(=O)O,CC(C)CO,313.15,-1.35534982099482,-1.1891248226165771
CC(=O)NCC(=O)O,CC(C)O,303.15,-1.2688179120653,-1.1919270753860474
CC(=O)NCC(=O)O,CCO,293.15,-1.14632188095236,-0.976164698600769
CC(=O)NCC(=O)O,CCCCCO,313.15,-1.42177367340828,-1.2749884128570557
CC(=O)NCC(=O)O,CCC(C)O,308.15,-1.33181487746143,-1.2410073280334473
CC(=O)NCC(=O)O,CCCO,308.15,-1.23813679430676,-1.0583415031433105
CC(=O)NCC(=O)O,CO,283.15,-0.952635592345021,-0.6308647394180298
CC(=O)NCC(=O)O,O,288.15,-0.585353470803218,-0.5453673601150513
CC(=O)NCC(=O)O,CC(C)CO,318.15,-1.30380152813814,-1.1253180503845215
CC(=O)NCC(=O)O,CCCCO,313.15,-1.28838254936811,-1.1776793003082275
CC(=O)NCC(=O)O,CCCCCO,318.15,-1.3575251978257,-1.21230947971344
CC(=O)NCC(=O)O,CCO,298.15,-1.0700819005041,-0.9111691117286682
CC(=O)NCC(=O)O,CC(C)O,308.15,-1.18283107309177,-1.1094430685043335
CC(=O)NCC(=O)O,CCCCO,318.15,-1.24913263469394,-1.1082051992416382
CC(=O)NCC(=O)O,CCC(C)O,313.15,-1.24771166500595,-1.1491936445236206
CC(=O)NCC(=O)O,CO,288.15,-0.878566095835668,-0.5672239661216736
CC(=O)NCC(=O)O,CCCO,313.15,-1.15054227099267,-0.9839941263198853
CC(=O)NCC(=O)O,CCCCCO,323.15,-1.30975546400041,-1.1581937074661255
CC(=O)NCC(=O)O,O,293.15,-0.519140938691238,-0.4635818898677826
CC(=O)NCC(=O)O,CC(C)CO,323.15,-1.21998638091455,-1.0715351104736328
CC(=O)NCC(=O)O,CC(C)O,313.15,-1.11712659135104,-1.0213429927825928
CC(=O)NCC(=O)O,CCCCO,323.15,-1.19036270825229,-1.0517386198043823
CC(=O)NCC(=O)O,CCCO,318.15,-1.09285182525437,-0.9184355139732361
CC(=O)NCC(=O)O,CCO,303.15,-0.974575662717723,-0.844620943069458
CC(=O)NCC(=O)O,CO,293.15,-0.805890822691504,-0.49924182891845703
CC(=O)NCC(=O)O,O,298.15,-0.449711636799244,-0.3909934163093567
CC(=O)NCC(=O)O,CCC(C)O,318.15,-1.16722543375381,-1.079423427581787
CC(=O)NCC(=O)O,CCCCCO,328.15,-1.22401023607697,-1.1222937107086182
CC(=O)NCC(=O)O,CC(C)CO,328.15,-1.14168577722684,-1.0331581830978394
CC(=O)NCC(=O)O,CC(C)O,318.15,-1.05726436826495,-0.9351633191108704
CC(=O)NCC(=O)O,CCO,308.15,-0.92667149447488,-0.777507483959198
CC(=O)NCC(=O)O,CCCCO,328.15,-1.1242012103709,-1.010612964630127
CC(=O)NCC(=O)O,CCCO,323.15,-1.02345762981304,-0.8667243123054504
CC(=O)NCC(=O)O,CCC(C)O,323.15,-1.1089132146853,-1.0251224040985107
CC(=O)NCC(=O)O,CO,298.15,-0.730086334020374,-0.4336283206939697
CC(=O)NCC(=O)O,O,303.15,-0.364622737623326,-0.32969972491264343
CC(=O)NCC(=O)O,CCCCCO,333.15,-1.12885380353218,-1.0824036598205566
CC(=O)NCC(=O)O,CC(C)O,323.15,-0.986200357369597,-0.8693257570266724
CC(=O)NCC(=O)O,CC(C)CO,333.15,-1.0671565208128,-0.9898340702056885
CC(=O)NCC(=O)O,CCC(C)O,328.15,-1.05896449586927,-0.9832289814949036
CC(=O)NCC(=O)O,CCO,313.15,-0.849941546363224,-0.7046988606452942
CC(=O)NCC(=O)O,O,308.15,-0.315675390085623,-0.2703348994255066
CC(=O)NCC(=O)O,CCCCO,333.15,-1.03580822832489,-0.9701282978057861
CC(=O)NCC(=O)O,CCCO,328.15,-0.945079824580529,-0.8293866515159607
CC(=O)NCC(=O)O,CC(C)O,328.15,-0.929021003490841,-0.8247148394584656
CC(=O)NCC(=O)O,CO,303.15,-0.628838320273599,-0.3750498592853546
CC(=O)NCC(=O)O,CCO,318.15,-0.796690236038102,-0.6356448531150818
CC(=O)NCC(=O)O,CCCO,333.15,-0.881828847916807,-0.7830467224121094
CC(=O)NCC(=O)O,CCC(C)O,333.15,-0.971223545420376,-0.9372129440307617
CC(=O)NCC(=O)O,O,313.15,-0.245269182806997,-0.20416712760925293
CC(=O)NCC(=O)O,CO,308.15,-0.573563974281875,-0.32731136679649353
CC(=O)NCC(=O)O,CCO,323.15,-0.74014264039288,-0.5751748085021973
CC(=O)NCC(=O)O,CC(C)O,333.15,-0.857669129977967,-0.7796736359596252
CC(=O)NCC(=O)O,O,318.15,-0.183892474037377,-0.12849870324134827
CC(=O)NCC(=O)O,CO,313.15,-0.519820193015531,-0.2745670974254608
CC(=O)NCC(=O)O,CCO,328.15,-0.67576388408839,-0.5283884406089783
CC(=O)NCC(=O)O,O,323.15,-0.10967167164129,-0.054727744311094284
CC(=O)NCC(=O)O,CCO,333.15,-0.634721313087864,-0.4787476658821106
CC(=O)NCC(=O)O,CO,318.15,-0.454134970668163,-0.2155311107635498
CC(=O)NCC(=O)O,O,328.15,-0.04512019362085,0.012888127006590366
CC(=O)NCC(=O)O,CO,323.15,-0.38514976785951,-0.16730375587940216
CC(=O)NCC(=O)O,O,333.15,0.022903871601725,0.09437374770641327
CC(=O)NCC(=O)O,CO,328.15,-0.316280375185295,-0.12908560037612915
CC(=O)NCC(=O)O,CO,333.15,-0.263325798466875,-0.07403133064508438
OC1C(O)C(O)C(O)C(O)C1O,CC(C)=O,283.15,-4.39564024661193,-3.718094825744629
OC1C(O)C(O)C(O)C(O)C1O,CC(C)=O,288.15,-4.15318525806065,-3.6511240005493164
OC1C(O)C(O)C(O)C(O)C1O,CC(C)=O,293.15,-3.91069893030908,-3.5727057456970215
OC1C(O)C(O)C(O)C(O)C1O,CC(C)=O,298.15,-3.74005184893097,-3.4930503368377686
OC1C(O)C(O)C(O)C(O)C1O,CC(C)=O,303.15,-3.64751889196869,-3.403090715408325
OC1C(O)C(O)C(O)C(O)C1O,CC(C)O,283.15,-3.62261314540665,-3.5231120586395264
OC1C(O)C(O)C(O)C(O)C1O,CC(C)O,288.15,-3.58987235712125,-3.4484572410583496
OC1C(O)C(O)C(O)C(O)C1O,CO,283.15,-3.27613142020476,-2.769578218460083
OC1C(O)C(O)C(O)C(O)C1O,CC(C)O,293.15,-3.54408159503323,-3.3641085624694824
OC1C(O)C(O)C(O)C(O)C1O,CC(C)=O,308.15,-3.48091929146818,-3.303950786590576
OC1C(O)C(O)C(O)C(O)C1O,CC(C)O,298.15,-3.46176291950076,-3.281752824783325
OC1C(O)C(O)C(O)C(O)C1O,CO,288.15,-3.15114756154478,-2.679854154586792
OC1C(O)C(O)C(O)C(O)C1O,CC(C)O,303.15,-3.4095667706784,-3.195169687271118
OC1C(O)C(O)C(O)C(O)C1O,CC(C)=O,313.15,-3.38259116708889,-3.194134473800659
OC1C(O)C(O)C(O)C(O)C1O,CC(C)O,308.15,-3.38120094263688,-3.1049482822418213
OC1C(O)C(O)C(O)C(O)C1O,CC(C)O,313.15,-3.35061451278604,-3.0024757385253906
OC1C(O)C(O)C(O)C(O)C1O,CO,293.15,-3.04216195183042,-2.5839056968688965
OC1C(O)C(O)C(O)C(O)C1O,CC(C)=O,318.15,-3.29917089522224,-3.080793857574463
OC1C(O)C(O)C(O)C(O)C1O,CC(C)O,318.15,-3.30229182090852,-2.893829107284546
OC1C(O)C(O)C(O)C(O)C1O,CCO,283.15,-3.14592230608011,-3.3062126636505127
OC1C(O)C(O)C(O)C(O)C1O,CCO,288.15,-3.14251545355904,-3.2248871326446533
OC1C(O)C(O)C(O)C(O)C1O,CO,298.15,-2.96124071435421,-2.4935524463653564
OC1C(O)C(O)C(O)C(O)C1O,CCO,293.15,-3.10698118181466,-3.1321938037872314
OC1C(O)C(O)C(O)C(O)C1O,CC(C)O,323.15,-3.23197469429116,-2.794386386871338
OC1C(O)C(O)C(O)C(O)C1O,CCO,298.15,-3.07608735963947,-3.047347068786621
OC1C(O)C(O)C(O)C(O)C1O,CO,303.15,-2.91630601827288,-2.4052650928497314
OC1C(O)C(O)C(O)C(O)C1O,CCO,303.15,-3.01383532238087,-2.958385467529297
OC1C(O)C(O)C(O)C(O)C1O,CO,308.15,-2.8535706195251,-2.316108226776123
OC1C(O)C(O)C(O)C(O)C1O,CCO,308.15,-2.99279591035384,-2.85955810546875
OC1C(O)C(O)C(O)C(O)C1O,CO,313.15,-2.8061693297108,-2.21575665473938
OC1C(O)C(O)C(O)C(O)C1O,CCO,313.15,-2.96253776618305,-2.75001859664917
OC1C(O)C(O)C(O)C(O)C1O,CO,318.15,-2.77259823596828,-2.1162896156311035
OC1C(O)C(O)C(O)C(O)C1O,CCO,318.15,-2.92186150982474,-2.6323153972625732
OC1C(O)C(O)C(O)C(O)C1O,CO,323.15,-2.74339100628772,-2.0282044410705566
OC1C(O)C(O)C(O)C(O)C1O,CCO,323.15,-2.89435178006941,-2.522031307220459
OC1C(O)C(O)C(O)C(O)C1O,O,283.15,-0.155067799653719,0.04333753138780594
OC1C(O)C(O)C(O)C(O)C1O,O,288.15,-0.10653209722539,0.11598093807697296
OC1C(O)C(O)C(O)C(O)C1O,O,293.15,-0.064475654879209,0.18768778443336487
OC1C(O)C(O)C(O)C(O)C1O,O,298.15,-0.019154344295608,0.24914264678955078
OC1C(O)C(O)C(O)C(O)C1O,O,303.15,0.02698221049361,0.3129483461380005
OC1C(O)C(O)C(O)C(O)C1O,O,308.15,0.074009646171115,0.37738940119743347
OC1C(O)C(O)C(O)C(O)C1O,O,313.15,0.120678779418488,0.4388388395309448
OC1C(O)C(O)C(O)C(O)C1O,O,318.15,0.167097082144544,0.502044677734375
OC1C(O)C(O)C(O)C(O)C1O,O,323.15,0.217731607390376,0.5594197511672974
CCOC(=O)[C@@H]1CSCN1.Cl,COC(C)=O,283.15,-3.3132745103354,-2.7511563301086426
CCOC(=O)[C@@H]1CSCN1.Cl,CC(C)=O,283.15,-3.25745713594194,-2.5211150646209717
CCOC(=O)[C@@H]1CSCN1.Cl,CCC(C)=O,283.15,-3.33346962832752,-2.961812734603882
CCOC(=O)[C@@H]1CSCN1.Cl,COC(C)=O,293.15,-3.05727682421665,-2.524125099182129
CCOC(=O)[C@@H]1CSCN1.Cl,CCOC(C)=O,283.15,-2.971931218753,-3.067241907119751
CCOC(=O)[C@@H]1CSCN1.Cl,CCC(C)=O,293.15,-2.92238302117093,-2.774935722351074
CCOC(=O)[C@@H]1CSCN1.Cl,CC(C)=O,293.15,-2.80091926399008,-2.340010404586792
CCOC(=O)[C@@H]1CSCN1.Cl,COC(C)=O,303.15,-2.80858477043704,-2.345211982727051
CCOC(=O)[C@@H]1CSCN1.Cl,CCOC(C)=O,293.15,-2.78346311398779,-2.839838981628418
CCOC(=O)[C@@H]1CSCN1.Cl,CCC(C)=O,303.15,-2.70214177687383,-2.5857672691345215
CCOC(=O)[C@@H]1CSCN1.Cl,COC(C)=O,313.15,-2.62850349572144,-2.204944133758545
CCOC(=O)[C@@H]1CSCN1.Cl,CCOC(C)=O,303.15,-2.66355695586124,-2.6449010372161865
CCOC(=O)[C@@H]1CSCN1.Cl,CCOC(C)=O,313.15,-2.56572801717912,-2.486052989959717
CCOC(=O)[C@@H]1CSCN1.Cl,COC(C)=O,323.15,-2.48151454431718,-2.0708820819854736
CCOC(=O)[C@@H]1CSCN1.Cl,CCC(C)=O,313.15,-2.48895104570793,-2.4162275791168213
CCOC(=O)[C@@H]1CSCN1.Cl,CCOC(C)=O,323.15,-2.47017320523664,-2.349841594696045
CCOC(=O)[C@@H]1CSCN1.Cl,CC(C)=O,303.15,-2.32981057310526,-2.158231735229492
CCOC(=O)[C@@H]1CSCN1.Cl,CC#N,283.15,-2.10300370178612,-1.8446965217590332
CCOC(=O)[C@@H]1CSCN1.Cl,CCC(C)=O,323.15,-2.33152386413023,-2.253986120223999
CCOC(=O)[C@@H]1CSCN1.Cl,C1COCCO1,288.15,-2.24951443636809,-2.2053463459014893
CCOC(=O)[C@@H]1CSCN1.Cl,C1COCCO1,293.15,-2.15654743623793,-2.0771846771240234
CCOC(=O)[C@@H]1CSCN1.Cl,CCC(C)O,283.15,-2.07449093590308,-1.586729884147644
CCOC(=O)[C@@H]1CSCN1.Cl,CC(C)=O,313.15,-1.94350511330873,-1.9879969358444214
CCOC(=O)[C@@H]1CSCN1.Cl,C1COCCO1,303.15,-1.99426762756528,-1.8862719535827637
CCOC(=O)[C@@H]1CSCN1.Cl,CCC(C)O,293.15,-1.94831831161447,-1.3556172847747803
CCOC(=O)[C@@H]1CSCN1.Cl,CC#N,293.15,-1.62235718769093,-1.5664628744125366
CCOC(=O)[C@@H]1CSCN1.Cl,CCCCO,283.15,-1.80827287236262,-1.2276521921157837
CCOC(=O)[C@@H]1CSCN1.Cl,CC(C)CO,283.15,-1.77500025673156,-1.5294913053512573
CCOC(=O)[C@@H]1CSCN1.Cl,C1COCCO1,313.15,-1.74648366220214,-1.7366657257080078
CCOC(=O)[C@@H]1CSCN1.Cl,CCC(C)O,303.15,-1.70591649813866,-1.1389379501342773
CCOC(=O)[C@@H]1CSCN1.Cl,CC(C)=O,323.15,-1.61204017385983,-1.817541480064392
CCOC(=O)[C@@H]1CSCN1.Cl,CC#N,303.15,-1.32351498213366,-1.3511459827423096
CCOC(=O)[C@@H]1CSCN1.Cl,CC(C)CO,293.15,-1.55380199852123,-1.30121648311615
CCOC(=O)[C@@H]1CSCN1.Cl,C1COCCO1,323.15,-1.51935336132677,-1.6014961004257202
CCOC(=O)[C@@H]1CSCN1.Cl,CC(C)O,283.15,-1.44318413295276,-1.202358603477478
CCOC(=O)[C@@H]1CSCN1.Cl,CC(C)O,293.15,-1.3721327582333,-1.0108318328857422
CCOC(=O)[C@@H]1CSCN1.Cl,CCC(C)O,313.15,-1.40800169207877,-0.9223480224609375
CCOC(=O)[C@@H]1CSCN1.Cl,CCCCO,293.15,-1.3291258179435,-1.0460052490234375
CCOC(=O)[C@@H]1CSCN1.Cl,CC#N,313.15,-1.07551151557543,-1.146116018295288
CCOC(=O)[C@@H]1CSCN1.Cl,CCCO,283.15,-1.17793397998704,-0.8677864074707031
CCOC(=O)[C@@H]1CSCN1.Cl,CC(C)O,303.15,-1.19403923345688,-0.8316872715950012
CCOC(=O)[C@@H]1CSCN1.Cl,CC(C)CO,303.15,-1.27276227324652,-1.0959612131118774
CCOC(=O)[C@@H]1CSCN1.Cl,ClCCl,283.15,-0.988553707216395,-0.6288253664970398
CCOC(=O)[C@@H]1CSCN1.Cl,CC#N,323.15,-0.912817114016817,-0.9480387568473816
CCOC(=O)[C@@H]1CSCN1.Cl,CCCO,293.15,-0.978254478037771,-0.7007240056991577
CCOC(=O)[C@@H]1CSCN1.Cl,CC(C)O,313.15,-0.982813628073121,-0.6414877772331238
CCOC(=O)[C@@H]1CSCN1.Cl,CC(C)CO,313.15,-1.06122696721712,-0.8809510469436646
CCOC(=O)[C@@H]1CSCN1.Cl,CCCCO,303.15,-1.04361469912973,-0.8582201600074768
CCOC(=O)[C@@H]1CSCN1.Cl,CCC(C)O,323.15,-1.00233802370692,-0.7131863236427307
CCOC(=O)[C@@H]1CSCN1.Cl,CCO,283.15,-0.785617949439924,-0.4069269299507141
CCOC(=O)[C@@H]1CSCN1.Cl,ClCCl,288.15,-0.794731999591522,-0.5490807890892029
CCOC(=O)[C@@H]1CSCN1.Cl,CC(C)CO,323.15,-0.903049473681936,-0.6829038858413696
CCOC(=O)[C@@H]1CSCN1.Cl,CCCO,303.15,-0.79506530700917,-0.5360096096992493
CCOC(=O)[C@@H]1CSCN1.Cl,CCCCO,313.15,-0.872171661249231,-0.6612131595611572
CCOC(=O)[C@@H]1CSCN1.Cl,CCO,293.15,-0.663276382392647,-0.2650536894798279
CCOC(=O)[C@@H]1CSCN1.Cl,ClCCl,293.15,-0.687458838883105,-0.45567846298217773
CCOC(=O)[C@@H]1CSCN1.Cl,CC(C)O,323.15,-0.774622553776979,-0.44323933124542236
CCOC(=O)[C@@H]1CSCN1.Cl,ClCCl,298.15,-0.596824469264885,-0.3918578028678894
CCOC(=O)[C@@H]1CSCN1.Cl,CCCCO,323.15,-0.736355641367774,-0.4779289960861206
CCOC(=O)[C@@H]1CSCN1.Cl,CCCO,313.15,-0.603257423671513,-0.3625253736972809
CCOC(=O)[C@@H]1CSCN1.Cl,ClCCl,303.15,-0.528649485597847,-0.3431534171104431
CCOC(=O)[C@@H]1CSCN1.Cl,CCO,303.15,-0.477598972920351,-0.1314493864774704
CCOC(=O)[C@@H]1CSCN1.Cl,CCCO,323.15,-0.398727372971439,-0.1930341124534607
CCOC(=O)[C@@H]1CSCN1.Cl,CCO,313.15,-0.276964226536326,0.007452069781720638
CCOC(=O)[C@@H]1CSCN1.Cl,CO,283.15,0.086211440318241,0.2905333638191223
CCOC(=O)[C@@H]1CSCN1.Cl,CCO,323.15,-0.087563199957969,0.1556195616722107
CCOC(=O)[C@@H]1CSCN1.Cl,CO,293.15,0.212745830079925,0.38965389132499695
CCOC(=O)[C@@H]1CSCN1.Cl,O,283.15,0.698213352430064,0.954581618309021
CCOC(=O)[C@@H]1CSCN1.Cl,CO,303.15,0.347650710997402,0.4907516837120056
CCOC(=O)[C@@H]1CSCN1.Cl,O,293.15,0.807967650632838,1.0495612621307373
CCOC(=O)[C@@H]1CSCN1.Cl,CO,313.15,0.483588187495582,0.5924733877182007
CCOC(=O)[C@@H]1CSCN1.Cl,O,303.15,0.893173368560028,1.1548441648483276
CCOC(=O)[C@@H]1CSCN1.Cl,CO,323.15,0.594967889317892,0.6847958564758301
CCOC(=O)[C@@H]1CSCN1.Cl,O,313.15,0.982446318977052,1.2481615543365479
CCOC(=O)[C@@H]1CSCN1.Cl,O,323.15,1.10441905931409,1.3271210193634033
CCOC(=O)N1CCC(=C2c3ccc(Cl)cc3CCc3cccnc32)CC1,CC#N,283.2,-1.23528625244654,-1.3919880390167236
CCOC(=O)N1CCC(=C2c3ccc(Cl)cc3CCc3cccnc32)CC1,CC#N,288.25,-1.12922726123967,-1.2998994588851929
CCOC(=O)N1CCC(=C2c3ccc(Cl)cc3CCc3cccnc32)CC1,CC#N,293.15,-1.03826211710113,-1.209457278251648
CCOC(=O)N1CCC(=C2c3ccc(Cl)cc3CCc3cccnc32)CC1,CC#N,298.15,-0.948162575811474,-1.1223373413085938
CCOC(=O)N1CCC(=C2c3ccc(Cl)cc3CCc3cccnc32)CC1,CC(C)O,283.17,-1.03762245997069,-1.1101603507995605
CCOC(=O)N1CCC(=C2c3ccc(Cl)cc3CCc3cccnc32)CC1,CC#N,303.15,-0.848622952604788,-1.0265679359436035
CCOC(=O)N1CCC(=C2c3ccc(Cl)cc3CCc3cccnc32)CC1,CC(C)O,288.15,-0.932909445145204,-1.0200390815734863
CCOC(=O)N1CCC(=C2c3ccc(Cl)cc3CCc3cccnc32)CC1,CC#N,308.75,-0.744044325728816,-0.8987748622894287
CCOC(=O)N1CCC(=C2c3ccc(Cl)cc3CCc3cccnc32)CC1,CC(C)O,293.16,-0.824747873532118,-0.9143130779266357
CCOC(=O)N1CCC(=C2c3ccc(Cl)cc3CCc3cccnc32)CC1,CCO,283.15,-0.680512811267417,-0.7618123888969421
CCOC(=O)N1CCC(=C2c3ccc(Cl)cc3CCc3cccnc32)CC1,CC#N,313.15,-0.643651943783844,-0.7952073812484741
CCOC(=O)N1CCC(=C2c3ccc(Cl)cc3CCc3cccnc32)CC1,CC(C)=O,283.15,-0.750179915454698,-0.8488295078277588
CCOC(=O)N1CCC(=C2c3ccc(Cl)cc3CCc3cccnc32)CC1,CCO,288.45,-0.579615034328969,-0.6376729607582092
CCOC(=O)N1CCC(=C2c3ccc(Cl)cc3CCc3cccnc32)CC1,CC(C)O,298.15,-0.696613444956353,-0.7870826125144958
CCOC(=O)N1CCC(=C2c3ccc(Cl)cc3CCc3cccnc32)CC1,CO,283.14,-0.408824359597585,-0.5760769248008728
CCOC(=O)N1CCC(=C2c3ccc(Cl)cc3CCc3cccnc32)CC1,CC(C)=O,288.13,-0.669332799030773,-0.753166913986206
CCOC(=O)N1CCC(=C2c3ccc(Cl)cc3CCc3cccnc32)CC1,CC#N,318.15,-0.535504610557729,-0.6835860013961792
CCOC(=O)N1CCC(=C2c3ccc(Cl)cc3CCc3cccnc32)CC1,CCOC(C)=O,283.15,-0.732846514276557,-0.8675687313079834
CCOC(=O)N1CCC(=C2c3ccc(Cl)cc3CCc3cccnc32)CC1,CCCO,283.16,-0.604565770239923,-0.7195015549659729
CCOC(=O)N1CCC(=C2c3ccc(Cl)cc3CCc3cccnc32)CC1,CCO,293.44,-0.489139841007731,-0.5152103304862976
CCOC(=O)N1CCC(=C2c3ccc(Cl)cc3CCc3cccnc32)CC1,CC(C)=O,293.15,-0.583970044055743,-0.6579825282096863
CCOC(=O)N1CCC(=C2c3ccc(Cl)cc3CCc3cccnc32)CC1,CO,288.15,-0.303472515089568,-0.455597847700119
CCOC(=O)N1CCC(=C2c3ccc(Cl)cc3CCc3cccnc32)CC1,CC#N,323.19,-0.417051680690693,-0.5845491886138916
CCOC(=O)N1CCC(=C2c3ccc(Cl)cc3CCc3cccnc32)CC1,CC(C)O,303.15,-0.566964554856312,-0.6516778469085693
CCOC(=O)N1CCC(=C2c3ccc(Cl)cc3CCc3cccnc32)CC1,CCOC(C)=O,288.15,-0.660160102257393,-0.7697737216949463
CCOC(=O)N1CCC(=C2c3ccc(Cl)cc3CCc3cccnc32)CC1,CN(C)C=O,283.11,-0.552611472345057,-0.9609288573265076
CCOC(=O)N1CCC(=C2c3ccc(Cl)cc3CCc3cccnc32)CC1,CCCCO,283.15,-0.619240153531577,-0.7102560997009277
CCOC(=O)N1CCC(=C2c3ccc(Cl)cc3CCc3cccnc32)CC1,CCCCCO,283.12,-0.668496340159348,-0.7464693188667297
CCOC(=O)N1CCC(=C2c3ccc(Cl)cc3CCc3cccnc32)CC1,CC(C)=O,298.15,-0.499334773983309,-0.559711217880249
CCOC(=O)N1CCC(=C2c3ccc(Cl)cc3CCc3cccnc32)CC1,CCO,298.15,-0.392847924626149,-0.40347492694854736
CCOC(=O)N1CCC(=C2c3ccc(Cl)cc3CCc3cccnc32)CC1,CCCO,288.12,-0.483004778828216,-0.6132060289382935
CCOC(=O)N1CCC(=C2c3ccc(Cl)cc3CCc3cccnc32)CC1,CCOC(C)=O,293.15,-0.587702481753574,-0.6535001993179321
CCOC(=O)N1CCC(=C2c3ccc(Cl)cc3CCc3cccnc32)CC1,CO,293.15,-0.189841937291504,-0.3305653929710388
CCOC(=O)N1CCC(=C2c3ccc(Cl)cc3CCc3cccnc32)CC1,CN(C)C=O,288.15,-0.456792710805651,-0.8584139347076416
CCOC(=O)N1CCC(=C2c3ccc(Cl)cc3CCc3cccnc32)CC1,CCCCO,288.13,-0.51795506897328,-0.6037569046020508
CCOC(=O)N1CCC(=C2c3ccc(Cl)cc3CCc3cccnc32)CC1,CC(C)O,308.15,-0.441493551713067,-0.5112665891647339
CCOC(=O)N1CCC(=C2c3ccc(Cl)cc3CCc3cccnc32)CC1,CC(C)=O,303.15,-0.411570740643502,-0.456283301115036
CCOC(=O)N1CCC(=C2c3ccc(Cl)cc3CCc3cccnc32)CC1,CCCCCO,288.15,-0.563758873969833,-0.6362252235412598
CCOC(=O)N1CCC(=C2c3ccc(Cl)cc3CCc3cccnc32)CC1,CCO,303.15,-0.292931117444203,-0.28573042154312134
CCOC(=O)N1CCC(=C2c3ccc(Cl)cc3CCc3cccnc32)CC1,CCOC(C)=O,298.15,-0.509294350084111,-0.5516022443771362
CCOC(=O)N1CCC(=C2c3ccc(Cl)cc3CCc3cccnc32)CC1,CCCO,293.15,-0.367388386810574,-0.5091392993927002
CCOC(=O)N1CCC(=C2c3ccc(Cl)cc3CCc3cccnc32)CC1,CN(C)C=O,293.15,-0.378449975164114,-0.748706042766571
CCOC(=O)N1CCC(=C2c3ccc(Cl)cc3CCc3cccnc32)CC1,CCCCO,293.15,-0.424562339714068,-0.4827728867530823
CCOC(=O)N1CCC(=C2c3ccc(Cl)cc3CCc3cccnc32)CC1,CO,298.14,-0.06173543842919,-0.2090887725353241
CCOC(=O)N1CCC(=C2c3ccc(Cl)cc3CCc3cccnc32)CC1,CC(C)=O,308.15,-0.316685524337876,-0.34438657760620117
CCOC(=O)N1CCC(=C2c3ccc(Cl)cc3CCc3cccnc32)CC1,CCOC(C)=O,303.12,-0.428502004719394,-0.448617547750473
CCOC(=O)N1CCC(=C2c3ccc(Cl)cc3CCc3cccnc32)CC1,CCCCCO,293.13,-0.464811980551371,-0.5133596658706665
CCOC(=O)N1CCC(=C2c3ccc(Cl)cc3CCc3cccnc32)CC1,CC(C)O,313.14,-0.32122536772183,-0.3666189908981323
CCOC(=O)N1CCC(=C2c3ccc(Cl)cc3CCc3cccnc32)CC1,CCO,308.15,-0.180875236565843,-0.1723577082157135
CCOC(=O)N1CCC(=C2c3ccc(Cl)cc3CCc3cccnc32)CC1,CCCO,298.17,-0.269017076804564,-0.39939364790916443
CCOC(=O)N1CCC(=C2c3ccc(Cl)cc3CCc3cccnc32)CC1,CN(C)C=O,298.15,-0.281832249754411,-0.6475333571434021
CCOC(=O)N1CCC(=C2c3ccc(Cl)cc3CCc3cccnc32)CC1,CCCCO,298.17,-0.32362935678132,-0.37772876024246216
CCOC(=O)N1CCC(=C2c3ccc(Cl)cc3CCc3cccnc32)CC1,CCOC(C)=O,308.15,-0.34625908469792,-0.34571558237075806
CCOC(=O)N1CCC(=C2c3ccc(Cl)cc3CCc3cccnc32)CC1,CC(C)=O,313.15,-0.217049832443583,-0.22919748723506927
CCOC(=O)N1CCC(=C2c3ccc(Cl)cc3CCc3cccnc32)CC1,CCCCCO,298.15,-0.365288316572859,-0.3964214622974396
CCOC(=O)N1CCC(=C2c3ccc(Cl)cc3CCc3cccnc32)CC1,CO,303.15,0.066313759683224,-0.08945964276790619
CCOC(=O)N1CCC(=C2c3ccc(Cl)cc3CCc3cccnc32)CC1,CN(C)C=O,303.15,-0.194391928571437,-0.5563587546348572
CCOC(=O)N1CCC(=C2c3ccc(Cl)cc3CCc3cccnc32)CC1,CCCO,303.15,-0.180882717291853,-0.28644418716430664
CCOC(=O)N1CCC(=C2c3ccc(Cl)cc3CCc3cccnc32)CC1,CC(C)O,318.2,-0.19084058024754,-0.2161862999200821
CCOC(=O)N1CCC(=C2c3ccc(Cl)cc3CCc3cccnc32)CC1,CCO,313.54,-0.066050115834671,-0.0547311007976532
CCOC(=O)N1CCC(=C2c3ccc(Cl)cc3CCc3cccnc32)CC1,CCOC(C)=O,313.15,-0.26000322278081,-0.24205783009529114
CCOC(=O)N1CCC(=C2c3ccc(Cl)cc3CCc3cccnc32)CC1,CCCCO,303.15,-0.221993099125892,-0.2705625295639038
CCOC(=O)N1CCC(=C2c3ccc(Cl)cc3CCc3cccnc32)CC1,CC(C)=O,318.17,-0.115549631242769,-0.10781826078891754
CCOC(=O)N1CCC(=C2c3ccc(Cl)cc3CCc3cccnc32)CC1,CCCCCO,303.15,-0.265188326172874,-0.2789810001850128
CCOC(=O)N1CCC(=C2c3ccc(Cl)cc3CCc3cccnc32)CC1,CN(C)C=O,308.19,-0.114479119997126,-0.4780326187610626
CCOC(=O)N1CCC(=C2c3ccc(Cl)cc3CCc3cccnc32)CC1,CCCO,308.16,-0.092441453287977,-0.16891439259052277
CCOC(=O)N1CCC(=C2c3ccc(Cl)cc3CCc3cccnc32)CC1,CO,308.15,0.189091691660021,0.02913064882159233
CCOC(=O)N1CCC(=C2c3ccc(Cl)cc3CCc3cccnc32)CC1,CCOC(C)=O,318.15,-0.174444162857339,-0.1331450492143631
CCOC(=O)N1CCC(=C2c3ccc(Cl)cc3CCc3cccnc32)CC1,CCO,318.37,0.051555136418294,0.05130336433649063
CCOC(=O)N1CCC(=C2c3ccc(Cl)cc3CCc3cccnc32)CC1,CCCCO,308.15,-0.123235952397013,-0.15162430703639984
CCOC(=O)N1CCC(=C2c3ccc(Cl)cc3CCc3cccnc32)CC1,CC(C)O,323.15,-0.043036410598309,-0.08958201855421066
CCOC(=O)N1CCC(=C2c3ccc(Cl)cc3CCc3cccnc32)CC1,CCCCCO,308.13,-0.17643652502676,-0.15446986258029938
CCOC(=O)N1CCC(=C2c3ccc(Cl)cc3CCc3cccnc32)CC1,CN(C)C=O,313.15,-0.029327081063446,-0.40480977296829224
CCOC(=O)N1CCC(=C2c3ccc(Cl)cc3CCc3cccnc32)CC1,CC(C)=O,323.15,-0.01517134349444,-0.0013380101881921291
CCOC(=O)N1CCC(=C2c3ccc(Cl)cc3CCc3cccnc32)CC1,CCCO,313.13,0.010583621385447,-0.049985311925411224
CCOC(=O)N1CCC(=C2c3ccc(Cl)cc3CCc3cccnc32)CC1,CCOC(C)=O,323.2,-0.086577843300237,-0.03438670188188553
CCOC(=O)N1CCC(=C2c3ccc(Cl)cc3CCc3cccnc32)CC1,CO,313.15,0.305706522852138,0.13462325930595398
CCOC(=O)N1CCC(=C2c3ccc(Cl)cc3CCc3cccnc32)CC1,CCCCO,313.15,-0.032039429747814,-0.029693055897951126
CCOC(=O)N1CCC(=C2c3ccc(Cl)cc3CCc3cccnc32)CC1,CCO,323.15,0.167445677376718,0.14952757954597473
CCOC(=O)N1CCC(=C2c3ccc(Cl)cc3CCc3cccnc32)CC1,CN(C)C=O,318.17,0.056570974033211,-0.33338192105293274
CCOC(=O)N1CCC(=C2c3ccc(Cl)cc3CCc3cccnc32)CC1,CCCCCO,313.15,-0.086939381006255,-0.024508457630872726
CCOC(=O)N1CCC(=C2c3ccc(Cl)cc3CCc3cccnc32)CC1,CCCO,318.15,0.116712893217708,0.0699058473110199
CCOC(=O)N1CCC(=C2c3ccc(Cl)cc3CCc3cccnc32)CC1,CCCCO,318.12,0.054626664682346,0.0947679728269577
CCOC(=O)N1CCC(=C2c3ccc(Cl)cc3CCc3cccnc32)CC1,CO,318.75,0.417223991195881,0.2534612715244293
CCOC(=O)N1CCC(=C2c3ccc(Cl)cc3CCc3cccnc32)CC1,CN(C)C=O,323.15,0.145474198125931,-0.25809478759765625
CCOC(=O)N1CCC(=C2c3ccc(Cl)cc3CCc3cccnc32)CC1,CCCCCO,318.17,0.012147214857125,0.10216272622346878
CCOC(=O)N1CCC(=C2c3ccc(Cl)cc3CCc3cccnc32)CC1,CCCO,323.17,0.213966153040008,0.18168973922729492
CCOC(=O)N1CCC(=C2c3ccc(Cl)cc3CCc3cccnc32)CC1,CCCCO,323.15,0.141347318985044,0.20930087566375732
CCOC(=O)N1CCC(=C2c3ccc(Cl)cc3CCc3cccnc32)CC1,CO,323.2,0.502972668719509,0.3463645577430725
CCOC(=O)N1CCC(=C2c3ccc(Cl)cc3CCc3cccnc32)CC1,CCCCCO,323.15,0.097520528969613,0.21278159320354462
CCCCC1C(=O)N(c2ccccc2)N(c2ccccc2)C1=O,CC(C)O,283.15,-1.48085259101085,-1.5250003337860107
CCCCC1C(=O)N(c2ccccc2)N(c2ccccc2)C1=O,CC(C)O,288.15,-1.39926258550457,-1.3979672193527222
CCCCC1C(=O)N(c2ccccc2)N(c2ccccc2)C1=O,CCCCCCO,283.15,-1.47683590514352,-1.4511243104934692
CCCCC1C(=O)N(c2ccccc2)N(c2ccccc2)C1=O,CCO,283.13,-1.1618295798931,-1.1569989919662476
CCCCC1C(=O)N(c2ccccc2)N(c2ccccc2)C1=O,CC(C)O,293.05,-1.27603629689192,-1.260556936264038
CCCCC1C(=O)N(c2ccccc2)N(c2ccccc2)C1=O,CCCCO,283.14,-1.34473743075105,-1.2682591676712036
CCCCC1C(=O)N(c2ccccc2)N(c2ccccc2)C1=O,CCCCCO,283.15,-1.41289933316623,-1.3571957349777222
CCCCC1C(=O)N(c2ccccc2)N(c2ccccc2)C1=O,CO,283.12,-0.976562847589922,-0.9116846323013306
CCCCC1C(=O)N(c2ccccc2)N(c2ccccc2)C1=O,CCCCCCO,288.05,-1.40569835756947,-1.3257793188095093
CCCCC1C(=O)N(c2ccccc2)N(c2ccccc2)C1=O,CCO,288.1,-1.08758736064013,-1.0510817766189575
CCCCC1C(=O)N(c2ccccc2)N(c2ccccc2)C1=O,CO,288.03,-0.887652799015495,-0.8059520125389099
CCCCC1C(=O)N(c2ccccc2)N(c2ccccc2)C1=O,CCCCCO,288.15,-1.29800859015161,-1.2286243438720703
CCCCC1C(=O)N(c2ccccc2)N(c2ccccc2)C1=O,CCCCO,288.15,-1.22367543335084,-1.151962399482727
CCCCC1C(=O)N(c2ccccc2)N(c2ccccc2)C1=O,CC(C)O,298.15,-1.13234442190133,-1.1181060075759888
CCCCC1C(=O)N(c2ccccc2)N(c2ccccc2)C1=O,CCO,293.2,-0.98159700459789,-0.9323474168777466
CCCCC1C(=O)N(c2ccccc2)N(c2ccccc2)C1=O,CCCCCCO,293.05,-1.29202524695448,-1.1810212135314941
CCCCC1C(=O)N(c2ccccc2)N(c2ccccc2)C1=O,CO,293.13,-0.788287269968807,-0.6945618391036987
CCCCC1C(=O)N(c2ccccc2)N(c2ccccc2)C1=O,CCCCCO,293.12,-1.19026564290503,-1.0941721200942993
CCCCC1C(=O)N(c2ccccc2)N(c2ccccc2)C1=O,CCCCO,293.15,-1.11129074715741,-1.0256427526474
CCCCC1C(=O)N(c2ccccc2)N(c2ccccc2)C1=O,CCO,298.15,-0.876788943559573,-0.8229265809059143
CCCCC1C(=O)N(c2ccccc2)N(c2ccccc2)C1=O,CC(C)O,303.9,-0.971693541369686,-0.9586301445960999
CCCCC1C(=O)N(c2ccccc2)N(c2ccccc2)C1=O,CO,298.16,-0.683555339977833,-0.5829801559448242
CCCCC1C(=O)N(c2ccccc2)N(c2ccccc2)C1=O,CCCCCCO,298.15,-1.1676808776696,-1.039259433746338
CCCCC1C(=O)N(c2ccccc2)N(c2ccccc2)C1=O,CCCCCO,298.11,-1.08434696764626,-0.963783323764801
CCCCC1C(=O)N(c2ccccc2)N(c2ccccc2)C1=O,CCCCO,298.15,-0.99624198337198,-0.8944345116615295
CCCCC1C(=O)N(c2ccccc2)N(c2ccccc2)C1=O,CCO,303.15,-0.766359552991484,-0.6897197365760803
CCCCC1C(=O)N(c2ccccc2)N(c2ccccc2)C1=O,CO,303.14,-0.576431234695985,-0.46021920442581177
CCCCC1C(=O)N(c2ccccc2)N(c2ccccc2)C1=O,CC(C)O,308.15,-0.847026004507916,-0.8361823558807373
CCCCC1C(=O)N(c2ccccc2)N(c2ccccc2)C1=O,CCCCCO,303.15,-0.949557866590823,-0.8284529447555542
CCCCC1C(=O)N(c2ccccc2)N(c2ccccc2)C1=O,CCCCO,303.15,-0.872802558731289,-0.7632411122322083
CCCCC1C(=O)N(c2ccccc2)N(c2ccccc2)C1=O,CCCCCCO,303.15,-0.996329049554189,-0.897911548614502
CCCCC1C(=O)N(c2ccccc2)N(c2ccccc2)C1=O,CCO,308.15,-0.646056262124661,-0.5506228804588318
CCCCC1C(=O)N(c2ccccc2)N(c2ccccc2)C1=O,CO,308.15,-0.457986758635871,-0.325807124376297
CCCCC1C(=O)N(c2ccccc2)N(c2ccccc2)C1=O,CC(C)O,313.13,-0.669557024139785,-0.666165292263031
CCCCC1C(=O)N(c2ccccc2)N(c2ccccc2)C1=O,CCCCCO,308.15,-0.814264196265377,-0.6881792545318604
CCCCC1C(=O)N(c2ccccc2)N(c2ccccc2)C1=O,CCCCO,308.15,-0.739320642272287,-0.6155383586883545
CCCCC1C(=O)N(c2ccccc2)N(c2ccccc2)C1=O,CCCCCCO,308.15,-0.848211703295042,-0.7554256916046143
CCCCC1C(=O)N(c2ccccc2)N(c2ccccc2)C1=O,CCO,313.2,-0.51798613163721,-0.40680834650993347
CCCCC1C(=O)N(c2ccccc2)N(c2ccccc2)C1=O,CO,313.15,-0.332420305178098,-0.18795451521873474
CCCCC1C(=O)N(c2ccccc2)N(c2ccccc2)C1=O,CCCCCO,313.15,-0.68795015476885,-0.52352374792099
CCCCC1C(=O)N(c2ccccc2)N(c2ccccc2)C1=O,CCCCO,313.15,-0.586321615947743,-0.4545567035675049
CCCCC1C(=O)N(c2ccccc2)N(c2ccccc2)C1=O,CCCCCCO,313.15,-0.714963277884742,-0.6062382459640503
CCCCC1C(=O)N(c2ccccc2)N(c2ccccc2)C1=O,CCO,318.15,-0.369418638950606,-0.2608702480792999
CCCCC1C(=O)N(c2ccccc2)N(c2ccccc2)C1=O,CC(C)O,318.65,-0.48035558612075,-0.47401323914527893
CCCCC1C(=O)N(c2ccccc2)N(c2ccccc2)C1=O,CO,318.15,-0.191454104926718,-0.04687044769525528
CCCCC1C(=O)N(c2ccccc2)N(c2ccccc2)C1=O,CCCCCO,318.13,-0.524858584254373,-0.35496094822883606
CCCCC1C(=O)N(c2ccccc2)N(c2ccccc2)C1=O,CCCCO,318.15,-0.434685688435753,-0.2928849160671234
CCCCC1C(=O)N(c2ccccc2)N(c2ccccc2)C1=O,CC#N,283.12,-0.171652241281112,-0.22819969058036804
CCCCC1C(=O)N(c2ccccc2)N(c2ccccc2)C1=O,CCCCCCO,318.15,-0.555702009798016,-0.4395642876625061
CCCCC1C(=O)N(c2ccccc2)N(c2ccccc2)C1=O,CCO,323.15,-0.197623531686446,-0.11561457067728043
CCCCC1C(=O)N(c2ccccc2)N(c2ccccc2)C1=O,CO,323.15,-0.029306909610473,0.0857606828212738
CCCCC1C(=O)N(c2ccccc2)N(c2ccccc2)C1=O,CC(C)O,323.15,-0.280804211197779,-0.33107519149780273
CCCCC1C(=O)N(c2ccccc2)N(c2ccccc2)C1=O,CC#N,288.15,-0.03550479178575,-0.10973350703716278
CCCCC1C(=O)N(c2ccccc2)N(c2ccccc2)C1=O,CCCCCCO,323.15,-0.411597720989395,-0.29521816968917847
CCCCC1C(=O)N(c2ccccc2)N(c2ccccc2)C1=O,CCCCCO,323.16,-0.342240643584575,-0.1986629068851471
CCCCC1C(=O)N(c2ccccc2)N(c2ccccc2)C1=O,CCCCO,323.15,-0.269278762497345,-0.146732896566391
CCCCC1C(=O)N(c2ccccc2)N(c2ccccc2)C1=O,CC#N,293.15,0.110084542909532,0.00937073677778244
CCCCC1C(=O)N(c2ccccc2)N(c2ccccc2)C1=O,CCOC(C)=O,283.15,-0.151361136163946,-0.3091369569301605
CCCCC1C(=O)N(c2ccccc2)N(c2ccccc2)C1=O,CC(C)=O,283.15,0.02060400760173,-0.1381661593914032
CCCCC1C(=O)N(c2ccccc2)N(c2ccccc2)C1=O,CCOC(C)=O,288.15,-0.069525130349727,-0.20262861251831055
CCCCC1C(=O)N(c2ccccc2)N(c2ccccc2)C1=O,CC(C)=O,288.13,0.09317693345427,-0.04157032072544098
CCCCC1C(=O)N(c2ccccc2)N(c2ccccc2)C1=O,CC#N,298.17,0.27500722093514,0.12574945390224457
CCCCC1C(=O)N(c2ccccc2)N(c2ccccc2)C1=O,CCOC(C)=O,293.15,0.003089397521057,-0.09130868315696716
CCCCC1C(=O)N(c2ccccc2)N(c2ccccc2)C1=O,CC(C)=O,293.15,0.163868430511174,0.05893949046730995
CCCCC1C(=O)N(c2ccccc2)N(c2ccccc2)C1=O,CCOC(C)=O,298.13,0.075656387169715,0.011323275044560432
CCCCC1C(=O)N(c2ccccc2)N(c2ccccc2)C1=O,CC#N,303.15,0.375268693295007,0.24866926670074463
CCCCC1C(=O)N(c2ccccc2)N(c2ccccc2)C1=O,CC(C)=O,298.17,0.23663870866145,0.1594371497631073
CCCCC1C(=O)N(c2ccccc2)N(c2ccccc2)C1=O,CN(C)C=O,283.13,0.228693331957618,0.152696430683136
CCCCC1C(=O)N(c2ccccc2)N(c2ccccc2)C1=O,CCOC(C)=O,303.15,0.145843238552708,0.12232986837625504
CCCCC1C(=O)N(c2ccccc2)N(c2ccccc2)C1=O,CN(C)C=O,288.15,0.292333522329544,0.23509067296981812
CCCCC1C(=O)N(c2ccccc2)N(c2ccccc2)C1=O,CC(C)=O,303.15,0.312707605441948,0.2656790316104889
CCCCC1C(=O)N(c2ccccc2)N(c2ccccc2)C1=O,CC#N,308.13,0.470263519521458,0.37883442640304565
CCCCC1C(=O)N(c2ccccc2)N(c2ccccc2)C1=O,CCOC(C)=O,308.15,0.224496913168585,0.24093498289585114
CCCCC1C(=O)N(c2ccccc2)N(c2ccccc2)C1=O,CN(C)C=O,293.15,0.351381716164358,0.31136804819107056
CCCCC1C(=O)N(c2ccccc2)N(c2ccccc2)C1=O,CC(C)=O,308.13,0.382975806469644,0.3816790282726288
CCCCC1C(=O)N(c2ccccc2)N(c2ccccc2)C1=O,CC#N,313.1,0.561480688681289,0.5085820555686951
CCCCC1C(=O)N(c2ccccc2)N(c2ccccc2)C1=O,CN(C)C=O,298.13,0.411718787489474,0.3776834011077881
CCCCC1C(=O)N(c2ccccc2)N(c2ccccc2)C1=O,CCOC(C)=O,313.37,0.306266314385486,0.3677108585834503
CCCCC1C(=O)N(c2ccccc2)N(c2ccccc2)C1=O,CC(C)=O,313.15,0.452641655545514,0.502322793006897
CCCCC1C(=O)N(c2ccccc2)N(c2ccccc2)C1=O,CN(C)C=O,303.15,0.470408541960434,0.4434962570667267
CCCCC1C(=O)N(c2ccccc2)N(c2ccccc2)C1=O,CC#N,318.17,0.647513248744392,0.6442965269088745
CCCCC1C(=O)N(c2ccccc2)N(c2ccccc2)C1=O,CCOC(C)=O,318.3,0.378819784708034,0.48954954743385315
CCCCC1C(=O)N(c2ccccc2)N(c2ccccc2)C1=O,CC(C)=O,318.15,0.519971709897488,0.6135764122009277
CCCCC1C(=O)N(c2ccccc2)N(c2ccccc2)C1=O,CN(C)C=O,308.15,0.527672184060648,0.5096684098243713
CCCCC1C(=O)N(c2ccccc2)N(c2ccccc2)C1=O,CCOC(C)=O,323.17,0.44975167358821,0.5984248518943787
CCCCC1C(=O)N(c2ccccc2)N(c2ccccc2)C1=O,CC#N,323.16,0.726063741705906,0.7589867115020752
CCCCC1C(=O)N(c2ccccc2)N(c2ccccc2)C1=O,CC(C)=O,323.15,0.581302689614106,0.7056171298027039
CCCCC1C(=O)N(c2ccccc2)N(c2ccccc2)C1=O,CN(C)C=O,313.15,0.586288215889426,0.5679136514663696
CCCCC1C(=O)N(c2ccccc2)N(c2ccccc2)C1=O,CN(C)C=O,318.6,0.64757041897985,0.6279808878898621
CCCCC1C(=O)N(c2ccccc2)N(c2ccccc2)C1=O,CN(C)C=O,323.17,0.704679390059695,0.6705758571624756
O=C(c1ccccc1)C(O)c1ccccc1,CCCCO,283.15,-2.11177629980895,-1.878780484199524
O=C(c1ccccc1)C(O)c1ccccc1,CCCCO,288.15,-1.96316325100599,-1.7748736143112183
O=C(c1ccccc1)C(O)c1ccccc1,CCCCO,293.15,-1.80232161770082,-1.6628084182739258
O=C(c1ccccc1)C(O)c1ccccc1,CCCCO,298.15,-1.66364993659769,-1.5465681552886963
O=C(c1ccccc1)C(O)c1ccccc1,CCCCO,303.15,-1.53790080547851,-1.4186244010925293
O=C(c1ccccc1)C(O)c1ccccc1,CCCCO,308.15,-1.42092725400101,-1.2892571687698364
O=C(c1ccccc1)C(O)c1ccccc1,CCCCO,313.15,-1.30332956913729,-1.1617554426193237
O=C(c1ccccc1)C(O)c1ccccc1,CCCCO,318.15,-1.18211186843963,-1.040526270866394
O=C(c1ccccc1)C(O)c1ccccc1,CCCCO,323.15,-1.09214083251095,-0.9368523955345154
O=C(c1ccccc1)C(O)c1ccccc1,CCCO,283.15,-1.99380610735837,-1.7967027425765991
O=C(c1ccccc1)C(O)c1ccccc1,CCCO,288.15,-1.82555497880077,-1.702774167060852
O=C(c1ccccc1)C(O)c1ccccc1,CCCO,293.15,-1.69683828658548,-1.59810471534729
O=C(c1ccccc1)C(O)c1ccccc1,CCCO,298.15,-1.56868904450053,-1.4881123304367065
O=C(c1ccccc1)C(O)c1ccccc1,CCCO,303.15,-1.4231007986746,-1.3657246828079224
O=C(c1ccccc1)C(O)c1ccccc1,CCCO,308.15,-1.31753560379578,-1.2400784492492676
O=C(c1ccccc1)C(O)c1ccccc1,CCCO,313.15,-1.199620357846,-1.126765251159668
O=C(c1ccccc1)C(O)c1ccccc1,CCCO,318.15,-1.06901574018461,-1.0099183320999146
O=C(c1ccccc1)C(O)c1ccccc1,CCCO,323.15,-0.94771413731857,-0.9113462567329407
O=C(c1ccccc1)C(O)c1ccccc1,CC(C)=O,283.15,-0.914210648346804,-0.8853415846824646
O=C(c1ccccc1)C(O)c1ccccc1,CC(C)=O,288.15,-0.816261049068878,-0.8171178698539734
O=C(c1ccccc1)C(O)c1ccccc1,CC(C)=O,293.15,-0.747497018727812,-0.743888258934021
O=C(c1ccccc1)C(O)c1ccccc1,CC(C)=O,298.15,-0.660512636728959,-0.6707723140716553
O=C(c1ccccc1)C(O)c1ccccc1,CC(C)=O,303.15,-0.590083387591733,-0.5994436740875244
O=C(c1ccccc1)C(O)c1ccccc1,CC(C)=O,308.15,-0.496895152706781,-0.5323681831359863
O=C(c1ccccc1)C(O)c1ccccc1,CC(C)=O,313.15,-0.411883298918031,-0.46982309222221375
O=C(c1ccccc1)C(O)c1ccccc1,CC(C)=O,318.15,-0.314577251979036,-0.40515708923339844
O=C(c1ccccc1)C(O)c1ccccc1,CC(C)=O,323.15,-0.215618170795869,-0.3268197774887085
O=C(c1ccccc1)C(O)c1ccccc1,CCO,283.15,-1.70385864390029,-1.64236581325531
O=C(c1ccccc1)C(O)c1ccccc1,CCO,288.15,-1.59564975691789,-1.5449074506759644
O=C(c1ccccc1)C(O)c1ccccc1,CCO,293.15,-1.4640663743824,-1.4454127550125122
O=C(c1ccccc1)C(O)c1ccccc1,CCO,298.15,-1.36931147194261,-1.3414053916931152
O=C(c1ccccc1)C(O)c1ccccc1,CCO,303.15,-1.26146780215207,-1.2303786277770996
O=C(c1ccccc1)C(O)c1ccccc1,CCO,308.15,-1.18367243335136,-1.1187516450881958
O=C(c1ccccc1)C(O)c1ccccc1,CCO,313.15,-1.08137224760871,-1.0095268487930298
O=C(c1ccccc1)C(O)c1ccccc1,CCO,318.15,-0.959881637352776,-0.9051467776298523
O=C(c1ccccc1)C(O)c1ccccc1,CCO,323.15,-0.87946110084553,-0.8182252049446106
O=C(c1ccccc1)C(O)c1ccccc1,CCOC(C)=O,273.15,-1.2602413362144,-1.29967200756073
O=C(c1ccccc1)C(O)c1ccccc1,CCOC(C)=O,278.15,-1.18133693769425,-1.2244603633880615
O=C(c1ccccc1)C(O)c1ccccc1,CCOC(C)=O,283.15,-1.17041478629823,-1.1448391675949097
O=C(c1ccccc1)C(O)c1ccccc1,CCOC(C)=O,283.15,-1.090104129289,-1.1448390483856201
O=C(c1ccccc1)C(O)c1ccccc1,CCOC(C)=O,288.15,-1.08871562623721,-1.066933512687683
O=C(c1ccccc1)C(O)c1ccccc1,CCOC(C)=O,288.15,-1.00726810000875,-1.0669337511062622
O=C(c1ccccc1)C(O)c1ccccc1,CCOC(C)=O,293.15,-0.977306194773719,-0.9776231646537781
O=C(c1ccccc1)C(O)c1ccccc1,CCOC(C)=O,293.15,-0.926552070827334,-0.9776232838630676
O=C(c1ccccc1)C(O)c1ccccc1,CCOC(C)=O,298.15,-0.875014827938365,-0.8951347470283508
O=C(c1ccccc1)C(O)c1ccccc1,CCOC(C)=O,298.15,-0.858216660271285,-0.8951345682144165
O=C(c1ccccc1)C(O)c1ccccc1,CCOC(C)=O,303.15,-0.810503989285362,-0.8117213845252991
O=C(c1ccccc1)C(O)c1ccccc1,CCOC(C)=O,303.15,-0.782762543218592,-0.8117212653160095
O=C(c1ccccc1)C(O)c1ccccc1,CCOC(C)=O,308.15,-0.721359738659063,-0.7419695854187012
O=C(c1ccccc1)C(O)c1ccccc1,CCOC(C)=O,308.15,-0.712641586697113,-0.7419695854187012
O=C(c1ccccc1)C(O)c1ccccc1,CCOC(C)=O,313.15,-0.629789596766051,-0.6724193096160889
O=C(c1ccccc1)C(O)c1ccccc1,CCOC(C)=O,313.15,-0.642915119941813,-0.6724193692207336
O=C(c1ccccc1)C(O)c1ccccc1,CCOC(C)=O,318.15,-0.548602560269243,-0.5989776253700256
O=C(c1ccccc1)C(O)c1ccccc1,CCOC(C)=O,323.15,-0.449116048610222,-0.5368110537528992
O=C(c1ccccc1)C(O)c1ccccc1,CO,283.15,-1.54425604387132,-1.3608696460723877
O=C(c1ccccc1)C(O)c1ccccc1,CO,288.15,-1.45758880990686,-1.2623248100280762
O=C(c1ccccc1)C(O)c1ccccc1,CO,288.15,-1.39950987354843,-1.262324571609497
O=C(c1ccccc1)C(O)c1ccccc1,CO,293.15,-1.21649418673887,-1.1617275476455688
O=C(c1ccccc1)C(O)c1ccccc1,CO,293.15,-1.23463594276133,-1.1617275476455688
O=C(c1ccccc1)C(O)c1ccccc1,CO,298.15,-1.107099689257,-1.0663760900497437
O=C(c1ccccc1)C(O)c1ccccc1,CO,298.15,-1.12115396819799,-1.0663762092590332
O=C(c1ccccc1)C(O)c1ccccc1,CO,303.15,-1.04664814462855,-0.9672814607620239
O=C(c1ccccc1)C(O)c1ccccc1,CO,308.15,-0.944206462905541,-0.8685031533241272
O=C(c1ccccc1)C(O)c1ccccc1,CCO,313.15,-1.09948263132625,-1.0095268487930298
O=C(c1ccccc1)C(O)c1ccccc1,CO,313.15,-0.861116317486942,-0.7693150043487549
O=C(c1ccccc1)C(O)c1ccccc1,CCO,318.15,-0.987336674350896,-0.9051467776298523
O=C(c1ccccc1)C(O)c1ccccc1,CO,318.15,-0.75435802845854,-0.6741666793823242
O=C(c1ccccc1)C(O)c1ccccc1,CO,323.15,-0.665383216654059,-0.5771071910858154
O=C(c1ccccc1)C(O)c1ccccc1,CC(C)O,273.15,-2.232688661421,-2.187238931655884
O=C(c1ccccc1)C(O)c1ccccc1,CC(C)CO,273.15,-2.19764463250126,-2.24401593208313
O=C(c1ccccc1)C(O)c1ccccc1,CC(C)O,278.15,-2.11219707370501,-2.0774192810058594
O=C(c1ccccc1)C(O)c1ccccc1,C1CCCCC1,283.15,-2.25325215863943,-2.409539222717285
O=C(c1ccccc1)C(O)c1ccccc1,CCCCO,273.15,-2.09722350014552,-2.090555429458618
O=C(c1ccccc1)C(O)c1ccccc1,CC(C)CO,278.15,-2.09871203400991,-2.133709669113159
O=C(c1ccccc1)C(O)c1ccccc1,CCCO,273.15,-1.99101405495228,-1.9930566549301147
O=C(c1ccccc1)C(O)c1ccccc1,CCO,273.15,-1.86920803350828,-1.8507145643234253
O=C(c1ccccc1)C(O)c1ccccc1,CC(C)O,283.15,-1.98514432955222,-1.9683557748794556
O=C(c1ccccc1)C(O)c1ccccc1,C1CCCCC1,288.15,-2.12737888073399,-2.3227577209472656
O=C(c1ccccc1)C(O)c1ccccc1,CO,273.15,-1.68721871771152,-1.5661321878433228
O=C(c1ccccc1)C(O)c1ccccc1,CCCCO,278.15,-1.99908427093614,-1.9857529401779175
O=C(c1ccccc1)C(O)c1ccccc1,CC(C)CO,283.15,-1.98735528297722,-2.0251827239990234
O=C(c1ccccc1)C(O)c1ccccc1,CCCO,278.15,-1.89010379160587,-1.8959953784942627
O=C(c1ccccc1)C(O)c1ccccc1,CC(C)O,288.15,-1.89231561867833,-1.868247389793396
O=C(c1ccccc1)C(O)c1ccccc1,CCO,278.15,-1.76484959051616,-1.7467814683914185
O=C(c1ccccc1)C(O)c1ccccc1,CO,278.15,-1.59785430912143,-1.4650158882141113
O=C(c1ccccc1)C(O)c1ccccc1,C1CCCCC1,293.15,-2.00201817939698,-2.2139365673065186
O=C(c1ccccc1)C(O)c1ccccc1,CCCCO,283.15,-1.89409456815452,-1.878780484199524
O=C(c1ccccc1)C(O)c1ccccc1,CCCO,283.15,-1.79276389934318,-1.7967027425765991
O=C(c1ccccc1)C(O)c1ccccc1,CCO,283.15,-1.67651263283509,-1.6423656940460205
O=C(c1ccccc1)C(O)c1ccccc1,CC(C)CO,288.15,-1.87165768921148,-1.9215257167816162
O=C(c1ccccc1)C(O)c1ccccc1,CC(C)O,293.15,-1.79023755704491,-1.761003851890564
O=C(c1ccccc1)C(O)c1ccccc1,CO,283.15,-1.50594588841137,-1.3608695268630981
O=C(c1ccccc1)C(O)c1ccccc1,C1CCCCC1,298.15,-1.89973709574606,-2.101846933364868
O=C(c1ccccc1)C(O)c1ccccc1,CCCCO,288.15,-1.7895007604271,-1.7748733758926392
O=C(c1ccccc1)C(O)c1ccccc1,CCCO,288.15,-1.69781844805172,-1.702774167060852
O=C(c1ccccc1)C(O)c1ccccc1,CCO,288.15,-1.58110175648508,-1.544907569885254
O=C(c1ccccc1)C(O)c1ccccc1,CC(C)CO,293.15,-1.77340342323742,-1.809207558631897
O=C(c1ccccc1)C(O)c1ccccc1,CO,288.15,-1.40746628570471,-1.2623246908187866
O=C(c1ccccc1)C(O)c1ccccc1,CC(C)O,298.15,-1.68326165715194,-1.6506941318511963
O=C(c1ccccc1)C(O)c1ccccc1,C1CCCCC1,303.15,-1.7954183351825,-1.9885693788528442
O=C(c1ccccc1)C(O)c1ccccc1,CCCCO,293.15,-1.69192517317625,-1.6628084182739258
O=C(c1ccccc1)C(O)c1ccccc1,CCO,293.15,-1.49587833417889,-1.445412516593933
O=C(c1ccccc1)C(O)c1ccccc1,CCCO,293.15,-1.60279238966891,-1.59810471534729
O=C(c1ccccc1)C(O)c1ccccc1,CC(C)CO,298.15,-1.68044507780936,-1.692447304725647
O=C(c1ccccc1)C(O)c1ccccc1,CO,293.15,-1.31539721350859,-1.1617275476455688
O=C(c1ccccc1)C(O)c1ccccc1,CC(C)O,303.15,-1.58191680719019,-1.5326378345489502
O=C(c1ccccc1)C(O)c1ccccc1,CC#N,273.15,-1.40026596543644,-1.3720237016677856
O=C(c1ccccc1)C(O)c1ccccc1,C1CCCCC1,308.15,-1.69096008000132,-1.8761745691299438
O=C(c1ccccc1)C(O)c1ccccc1,CC(C)CO,303.15,-1.60236413327093,-1.5617486238479614
O=C(c1ccccc1)C(O)c1ccccc1,CCCCO,298.15,-1.5920602025671,-1.5465681552886963
O=C(c1ccccc1)C(O)c1ccccc1,CCCO,298.15,-1.50487134958976,-1.488112449645996
O=C(c1ccccc1)C(O)c1ccccc1,CCO,298.15,-1.38672114298,-1.3414051532745361
O=C(c1ccccc1)C(O)c1ccccc1,CC(C)O,308.15,-1.50577319702332,-1.4056092500686646
O=C(c1ccccc1)C(O)c1ccccc1,CO,298.15,-1.21975936863244,-1.0663762092590332
O=C(c1ccccc1)C(O)c1ccccc1,CC#N,278.15,-1.2969445559828,-1.2836503982543945
O=C(c1ccccc1)C(O)c1ccccc1,Cc1ccccc1,273.15,-1.59352266334634,-2.005154609680176
O=C(c1ccccc1)C(O)c1ccccc1,CCCCO,303.15,-1.5271080928237,-1.4186246395111084
O=C(c1ccccc1)C(O)c1ccccc1,CCCO,303.15,-1.43428441006501,-1.3657246828079224
O=C(c1ccccc1)C(O)c1ccccc1,C1CCCCC1,313.15,-1.59790675855053,-1.7636646032333374
O=C(c1ccccc1)C(O)c1ccccc1,CCO,303.15,-1.32219308388796,-1.2303786277770996
O=C(c1ccccc1)C(O)c1ccccc1,CC(C)CO,308.15,-1.52080829143471,-1.4339830875396729
O=C(c1ccccc1)C(O)c1ccccc1,CC(C)O,313.15,-1.42969707396049,-1.2738457918167114
O=C(c1ccccc1)C(O)c1ccccc1,CO,303.15,-1.14387711184682,-0.9672815799713135
O=C(c1ccccc1)C(O)c1ccccc1,Cc1ccccc1,278.15,-1.52607444464645,-1.9262895584106445
O=C(c1ccccc1)C(O)c1ccccc1,CCCCO,308.15,-1.45232451815988,-1.2892571687698364
O=C(c1ccccc1)C(O)c1ccccc1,CCCO,308.15,-1.36106418128769,-1.2400784492492676
O=C(c1ccccc1)C(O)c1ccccc1,CC#N,283.15,-1.19323190895348,-1.19485604763031
O=C(c1ccccc1)C(O)c1ccccc1,CC(C)CO,313.15,-1.434157752803,-1.3091646432876587
O=C(c1ccccc1)C(O)c1ccccc1,CCO,308.15,-1.23198248754529,-1.1187515258789062
O=C(c1ccccc1)C(O)c1ccccc1,CO,308.15,-1.06940390024951,-0.8685030341148376
O=C(c1ccccc1)C(O)c1ccccc1,Cc1ccccc1,283.15,-1.46886345365773,-1.8354270458221436
O=C(c1ccccc1)C(O)c1ccccc1,CCCCO,313.15,-1.37023403362185,-1.1617555618286133
O=C(c1ccccc1)C(O)c1ccccc1,CCCO,313.15,-1.28064529242359,-1.126765251159668
O=C(c1ccccc1)C(O)c1ccccc1,Cc1ccccc1,288.15,-1.41945055075424,-1.7367197275161743
O=C(c1ccccc1)C(O)c1ccccc1,CCO,313.15,-1.16961240030327,-1.0095270872116089
O=C(c1ccccc1)C(O)c1ccccc1,CC#N,288.15,-1.10599648546736,-1.1094564199447632
O=C(c1ccccc1)C(O)c1ccccc1,CO,313.15,-0.992507220557517,-0.7693150043487549
O=C(c1ccccc1)C(O)c1ccccc1,CCCCOC(C)=O,273.15,-1.45670260886343,-1.5196980237960815
O=C(c1ccccc1)C(O)c1ccccc1,CC(C)=O,273.15,-1.18425083034958,-1.026251196861267
O=C(c1ccccc1)C(O)c1ccccc1,Cc1ccccc1,293.15,-1.35504984629229,-1.6198222637176514
O=C(c1ccccc1)C(O)c1ccccc1,CC#N,293.15,-1.01232566186722,-1.0176764726638794
O=C(c1ccccc1)C(O)c1ccccc1,Cc1ccccc1,298.15,-1.28329058876151,-1.500964641571045
O=C(c1ccccc1)C(O)c1ccccc1,CCCCOC(C)=O,278.15,-1.36101427701783,-1.4386094808578491
O=C(c1ccccc1)C(O)c1ccccc1,CC(C)=O,278.15,-1.09425252746236,-0.9570422172546387
O=C(c1ccccc1)C(O)c1ccccc1,Cc1ccccc1,303.15,-1.22547990702406,-1.3868374824523926
O=C(c1ccccc1)C(O)c1ccccc1,CCCCOC(C)=O,283.15,-1.30512037296117,-1.3593722581863403
O=C(c1ccccc1)C(O)c1ccccc1,CC#N,298.15,-0.890282538145683,-0.9256627559661865
O=C(c1ccccc1)C(O)c1ccccc1,CC(C)=O,283.15,-1.01729828339436,-0.8853415846824646
O=C(c1ccccc1)C(O)c1ccccc1,Cc1ccccc1,308.15,-1.15520966685408,-1.2765803337097168
O=C(c1ccccc1)C(O)c1ccccc1,CC#N,303.15,-0.825919712250457,-0.8319590091705322
O=C(c1ccccc1)C(O)c1ccccc1,CCCCOC(C)=O,288.15,-1.21727269379329,-1.281818151473999
O=C(c1ccccc1)C(O)c1ccccc1,CC(C)=O,288.15,-0.924360744644253,-0.8171180486679077
O=C(c1ccccc1)C(O)c1ccccc1,Cc1ccccc1,313.15,-1.09621622759359,-1.1663756370544434
O=C(c1ccccc1)C(O)c1ccccc1,CCCCOC(C)=O,293.15,-1.14769743967519,-1.1963647603988647
O=C(c1ccccc1)C(O)c1ccccc1,CC#N,308.15,-0.749394764046381,-0.7495569586753845
O=C(c1ccccc1)C(O)c1ccccc1,CCCCOC(C)=O,298.15,-1.0838591124374,-1.1143407821655273
O=C(c1ccccc1)C(O)c1ccccc1,CC(C)=O,293.15,-0.828101761770262,-0.7438883185386658
O=C(c1ccccc1)C(O)c1ccccc1,CC#N,313.15,-0.675294837155557,-0.6779484152793884
O=C(c1ccccc1)C(O)c1ccccc1,CC(C)=O,298.15,-0.761111012999244,-0.6707724928855896
O=C(c1ccccc1)C(O)c1ccccc1,CCCCOC(C)=O,303.15,-1.01353446162914,-1.0383187532424927
O=C(c1ccccc1)C(O)c1ccccc1,CC(C)=O,303.15,-0.699895987573542,-0.5994437336921692
O=C(c1ccccc1)C(O)c1ccccc1,CCCCOC(C)=O,308.15,-0.945630669392119,-0.9628766775131226
O=C(c1ccccc1)C(O)c1ccccc1,CC(C)=O,308.15,-0.633677422715117,-0.5323681831359863
O=C(c1ccccc1)C(O)c1ccccc1,CCCCOC(C)=O,313.15,-0.87735432335986,-0.8806961178779602
O=C(c1ccccc1)C(O)c1ccccc1,CC(C)=O,313.15,-0.580421634780436,-0.4698229730129242
NS(=O)(=O)c1cc2c(cc1Cl)NCNS2(=O)=O,O,283.25,-2.893876372116,-2.9356276988983154
NS(=O)(=O)c1cc2c(cc1Cl)NCNS2(=O)=O,O,287.95,-2.80609169651804,-2.858064651489258
NS(=O)(=O)c1cc2c(cc1Cl)NCNS2(=O)=O,O,292.95,-2.71210036479904,-2.7681703567504883
NS(=O)(=O)c1cc2c(cc1Cl)NCNS2(=O)=O,O,298.15,-2.63356463997726,-2.6764514446258545
NS(=O)(=O)c1cc2c(cc1Cl)NCNS2(=O)=O,CCCCCO,282.94,-3.38601748604048,-2.9129083156585693
NS(=O)(=O)c1cc2c(cc1Cl)NCNS2(=O)=O,O,303.15,-2.54139034192578,-2.586564779281616
NS(=O)(=O)c1cc2c(cc1Cl)NCNS2(=O)=O,CCCCCO,288.39,-3.2611889647949,-2.8040599822998047
NS(=O)(=O)c1cc2c(cc1Cl)NCNS2(=O)=O,O,308.15,-2.44584647586339,-2.4973931312561035
NS(=O)(=O)c1cc2c(cc1Cl)NCNS2(=O)=O,CC(C)CO,282.85,-3.14179634511495,-2.725933074951172
NS(=O)(=O)c1cc2c(cc1Cl)NCNS2(=O)=O,CCCCCO,293.37,-3.14767083662834,-2.687016248703003
NS(=O)(=O)c1cc2c(cc1Cl)NCNS2(=O)=O,O,312.85,-2.36685653360391,-2.4069972038269043
NS(=O)(=O)c1cc2c(cc1Cl)NCNS2(=O)=O,CC(C)CO,288.0,-3.02890861536052,-2.619626760482788
NS(=O)(=O)c1cc2c(cc1Cl)NCNS2(=O)=O,O,318.15,-2.27924940393181,-2.2985994815826416
NS(=O)(=O)c1cc2c(cc1Cl)NCNS2(=O)=O,CCCCCO,297.82,-3.04360432064728,-2.5880961418151855
NS(=O)(=O)c1cc2c(cc1Cl)NCNS2(=O)=O,O,323.05,-2.21540359241605,-2.202521562576294
NS(=O)(=O)c1cc2c(cc1Cl)NCNS2(=O)=O,CC(C)CO,293.57,-2.897466515545,-2.494783878326416
NS(=O)(=O)c1cc2c(cc1Cl)NCNS2(=O)=O,CCC(C)O,283.3,-2.86563565614188,-2.689113140106201
NS(=O)(=O)c1cc2c(cc1Cl)NCNS2(=O)=O,CCCCCO,302.63,-2.93498556006505,-2.4812793731689453
NS(=O)(=O)c1cc2c(cc1Cl)NCNS2(=O)=O,CC(C)CO,298.4,-2.78114039600332,-2.3942158222198486
NS(=O)(=O)c1cc2c(cc1Cl)NCNS2(=O)=O,CCC(C)O,288.24,-2.7597043381023,-2.578073024749756
NS(=O)(=O)c1cc2c(cc1Cl)NCNS2(=O)=O,CCCCCO,307.76,-2.82121651639192,-2.376145839691162
NS(=O)(=O)c1cc2c(cc1Cl)NCNS2(=O)=O,CC(C)CO,302.64,-2.68601842155368,-2.3083786964416504
NS(=O)(=O)c1cc2c(cc1Cl)NCNS2(=O)=O,CCC(C)O,293.17,-2.65784903739748,-2.464937448501587
NS(=O)(=O)c1cc2c(cc1Cl)NCNS2(=O)=O,CCCCCO,312.95,-2.70959761765075,-2.260150194168091
NS(=O)(=O)c1cc2c(cc1Cl)NCNS2(=O)=O,CC(C)O,283.33,-2.53373381734889,-2.27933406829834
NS(=O)(=O)c1cc2c(cc1Cl)NCNS2(=O)=O,CC(C)CO,308.22,-2.55996133652438,-2.2074663639068604
NS(=O)(=O)c1cc2c(cc1Cl)NCNS2(=O)=O,CCC(C)O,298.2,-2.54562799975528,-2.3569960594177246
NS(=O)(=O)c1cc2c(cc1Cl)NCNS2(=O)=O,CCCCCO,317.7,-2.60826148798419,-2.1521477699279785
NS(=O)(=O)c1cc2c(cc1Cl)NCNS2(=O)=O,CC(C)O,288.3,-2.42114240679444,-2.1758220195770264
NS(=O)(=O)c1cc2c(cc1Cl)NCNS2(=O)=O,CCCO,283.25,-2.39929122098856,-2.1452536582946777
NS(=O)(=O)c1cc2c(cc1Cl)NCNS2(=O)=O,CC(C)CO,312.94,-2.45367025524647,-2.113905429840088
NS(=O)(=O)c1cc2c(cc1Cl)NCNS2(=O)=O,CCCCCO,322.05,-2.52711776825615,-2.0686705112457275
NS(=O)(=O)c1cc2c(cc1Cl)NCNS2(=O)=O,CCC(C)O,303.04,-2.44379367677898,-2.259338617324829
NS(=O)(=O)c1cc2c(cc1Cl)NCNS2(=O)=O,CCCO,288.75,-2.3188005808249,-2.0581231117248535
NS(=O)(=O)c1cc2c(cc1Cl)NCNS2(=O)=O,CC(C)O,293.38,-2.32800494476784,-2.0610320568084717
NS(=O)(=O)c1cc2c(cc1Cl)NCNS2(=O)=O,CCC(C)O,307.85,-2.34444857370852,-2.165613889694214
NS(=O)(=O)c1cc2c(cc1Cl)NCNS2(=O)=O,CC(C)CO,317.83,-2.34607714238172,-2.014441728591919
NS(=O)(=O)c1cc2c(cc1Cl)NCNS2(=O)=O,CCCO,293.95,-2.23124527319806,-1.9654239416122437
NS(=O)(=O)c1cc2c(cc1Cl)NCNS2(=O)=O,CC(C)O,298.49,-2.22250051271073,-1.960205078125
NS(=O)(=O)c1cc2c(cc1Cl)NCNS2(=O)=O,CCCO,298.65,-2.17224900151093,-1.885912299156189
NS(=O)(=O)c1cc2c(cc1Cl)NCNS2(=O)=O,CC(C)CO,322.6,-2.25975812982528,-1.9265267848968506
NS(=O)(=O)c1cc2c(cc1Cl)NCNS2(=O)=O,CCC(C)O,312.91,-2.24215621470468,-2.06412672996521
NS(=O)(=O)c1cc2c(cc1Cl)NCNS2(=O)=O,CC(C)O,302.85,-2.1380205815985,-1.877160668373108
NS(=O)(=O)c1cc2c(cc1Cl)NCNS2(=O)=O,CCCO,303.65,-2.09954256608248,-1.8029893636703491
NS(=O)(=O)c1cc2c(cc1Cl)NCNS2(=O)=O,CCC(C)O,318.03,-2.14273714647675,-1.9576612710952759
NS(=O)(=O)c1cc2c(cc1Cl)NCNS2(=O)=O,CCCO,308.65,-2.0252326758852,-1.715917706489563
NS(=O)(=O)c1cc2c(cc1Cl)NCNS2(=O)=O,CC(C)O,307.9,-2.02586787899321,-1.7850608825683594
NS(=O)(=O)c1cc2c(cc1Cl)NCNS2(=O)=O,CCCO,313.35,-1.95973626603723,-1.621797800064087
NS(=O)(=O)c1cc2c(cc1Cl)NCNS2(=O)=O,CCOC(C)=O,283.15,-2.06016893136205,-2.279867172241211
NS(=O)(=O)c1cc2c(cc1Cl)NCNS2(=O)=O,CCC(C)O,323.13,-2.04720018711816,-1.862727403640747
NS(=O)(=O)c1cc2c(cc1Cl)NCNS2(=O)=O,CCOC(C)=O,288.25,-2.0329891823277,-2.218130350112915
NS(=O)(=O)c1cc2c(cc1Cl)NCNS2(=O)=O,CC(C)O,312.9,-1.92466804024716,-1.6902358531951904
NS(=O)(=O)c1cc2c(cc1Cl)NCNS2(=O)=O,CCOC(C)=O,293.05,-2.00266472224558,-2.1407222747802734
NS(=O)(=O)c1cc2c(cc1Cl)NCNS2(=O)=O,CCCO,317.85,-1.89430906545511,-1.5329734086990356
NS(=O)(=O)c1cc2c(cc1Cl)NCNS2(=O)=O,CCOC(C)=O,299.25,-1.96644707456163,-2.0486907958984375
NS(=O)(=O)c1cc2c(cc1Cl)NCNS2(=O)=O,CCOC(C)=O,303.25,-1.9429629217796,-1.9920463562011719
NS(=O)(=O)c1cc2c(cc1Cl)NCNS2(=O)=O,CC(C)O,318.16,-1.82980606818378,-1.586635947227478
NS(=O)(=O)c1cc2c(cc1Cl)NCNS2(=O)=O,CCCO,325.15,-1.80865523720332,-1.4137479066848755
NS(=O)(=O)c1cc2c(cc1Cl)NCNS2(=O)=O,CCOC(C)=O,308.65,-1.91065357512506,-1.9197595119476318
NS(=O)(=O)c1cc2c(cc1Cl)NCNS2(=O)=O,CCOC(C)=O,313.25,-1.89126057980069,-1.8477139472961426
NS(=O)(=O)c1cc2c(cc1Cl)NCNS2(=O)=O,CCOC(C)=O,318.15,-1.86678516626287,-1.7696239948272705
NS(=O)(=O)c1cc2c(cc1Cl)NCNS2(=O)=O,CC(C)O,323.35,-1.74710297556304,-1.4876093864440918
NS(=O)(=O)c1cc2c(cc1Cl)NCNS2(=O)=O,CCOC(C)=O,323.05,-1.85487020585802,-1.6981892585754395
NS(=O)(=O)c1cc2c(cc1Cl)NCNS2(=O)=O,CCO,279.95,-1.57218847623144,-1.7038662433624268
NS(=O)(=O)c1cc2c(cc1Cl)NCNS2(=O)=O,CCO,285.86,-1.53858791756111,-1.6026337146759033
NS(=O)(=O)c1cc2c(cc1Cl)NCNS2(=O)=O,CCO,291.46,-1.49764137352615,-1.5129109621047974
NS(=O)(=O)c1cc2c(cc1Cl)NCNS2(=O)=O,CCO,296.34,-1.4637899214271,-1.4398672580718994
NS(=O)(=O)c1cc2c(cc1Cl)NCNS2(=O)=O,CCO,301.7,-1.43599384750007,-1.3531687259674072
NS(=O)(=O)c1cc2c(cc1Cl)NCNS2(=O)=O,CCO,307.17,-1.42102089980362,-1.261358618736267
NS(=O)(=O)c1cc2c(cc1Cl)NCNS2(=O)=O,CCO,311.9,-1.39311859571533,-1.1760311126708984
NS(=O)(=O)c1cc2c(cc1Cl)NCNS2(=O)=O,CCO,316.15,-1.38045530418061,-1.1050667762756348
NS(=O)(=O)c1cc2c(cc1Cl)NCNS2(=O)=O,CCO,323.7,-1.34278170473286,-0.9932184815406799
NS(=O)(=O)c1cc2c(cc1Cl)NCNS2(=O)=O,CC#N,283.15,-1.2387674355606,-1.257363200187683
NS(=O)(=O)c1cc2c(cc1Cl)NCNS2(=O)=O,CC#N,288.15,-1.21076849120533,-1.1973145008087158
NS(=O)(=O)c1cc2c(cc1Cl)NCNS2(=O)=O,CC#N,293.25,-1.18405558899127,-1.133887529373169
NS(=O)(=O)c1cc2c(cc1Cl)NCNS2(=O)=O,CO,283.05,-1.04701997411753,-0.9824406504631042
NS(=O)(=O)c1cc2c(cc1Cl)NCNS2(=O)=O,CC#N,298.15,-1.1619584250763,-1.076509952545166
NS(=O)(=O)c1cc2c(cc1Cl)NCNS2(=O)=O,CO,288.15,-1.02472766869414,-0.9098436236381531
NS(=O)(=O)c1cc2c(cc1Cl)NCNS2(=O)=O,CC#N,303.15,-1.14142490728265,-1.0178948640823364
NS(=O)(=O)c1cc2c(cc1Cl)NCNS2(=O)=O,CO,293.15,-1.00554902564285,-0.8413641452789307
NS(=O)(=O)c1cc2c(cc1Cl)NCNS2(=O)=O,CC#N,308.05,-1.12042535709187,-0.956926167011261
NS(=O)(=O)c1cc2c(cc1Cl)NCNS2(=O)=O,CO,297.65,-0.977077165698692,-0.784799337387085
NS(=O)(=O)c1cc2c(cc1Cl)NCNS2(=O)=O,CC#N,313.65,-1.10179541536852,-0.8698804378509521
NS(=O)(=O)c1cc2c(cc1Cl)NCNS2(=O)=O,CO,303.45,-0.958065089543456,-0.7126052975654602
NS(=O)(=O)c1cc2c(cc1Cl)NCNS2(=O)=O,CC#N,318.25,-1.07165872729977,-0.7939963340759277
NS(=O)(=O)c1cc2c(cc1Cl)NCNS2(=O)=O,CO,308.05,-0.937155927345352,-0.6526943445205688
NS(=O)(=O)c1cc2c(cc1Cl)NCNS2(=O)=O,CC#N,323.45,-1.05213379206513,-0.717724084854126
NS(=O)(=O)c1cc2c(cc1Cl)NCNS2(=O)=O,CO,313.15,-0.915062710369433,-0.5884856581687927
NS(=O)(=O)c1cc2c(cc1Cl)NCNS2(=O)=O,CO,318.65,-0.888365604217024,-0.5184141397476196
NS(=O)(=O)c1cc2c(cc1Cl)NCNS2(=O)=O,CO,323.35,-0.861811965396323,-0.46136564016342163
O=C(O)[C@@H]1CCCN1,CC#N,283.15,-3.29885645340751,-3.1509411334991455
O=C(O)[C@@H]1CCCN1,CC#N,293.15,-3.24163126058574,-2.993044376373291
O=C(O)[C@@H]1CCCN1,CC#N,303.15,-2.83336421591501,-2.8369014263153076
O=C(O)[C@@H]1CCCN1,CC(C)=O,283.15,-2.86385630751696,-3.0188167095184326
O=C(O)[C@@H]1CCCN1,CC#N,313.15,-2.68598967494739,-2.6826870441436768
O=C(O)[C@@H]1CCCN1,CC#N,323.15,-2.47291493680727,-2.52388072013855
O=C(O)[C@@H]1CCCN1,CC(C)=O,293.15,-2.55784342565639,-2.851101875305176
O=C(O)[C@@H]1CCCN1,CC(C)=O,303.15,-2.42116938120013,-2.660867691040039
O=C(O)[C@@H]1CCCN1,CC(C)=O,313.15,-2.29792283653662,-2.4917566776275635
O=C(O)[C@@H]1CCCN1,CC(C)=O,323.15,-2.212159906777,-2.3168418407440186
O=C(O)[C@@H]1CCCN1,CCO,283.15,-1.26981538508755,-1.1027714014053345
O=C(O)[C@@H]1CCCN1,CCO,293.15,-1.11753544382492,-0.9803801774978638
O=C(O)[C@@H]1CCCN1,CCO,303.15,-1.05413910645119,-0.8625029921531677
O=C(O)[C@@H]1CCCN1,CCO,313.15,-0.923969528183863,-0.7262269854545593
O=C(O)[C@@H]1CCCN1,CCO,323.15,-0.813780961663324,-0.5489926934242249
O=C(O)[C@@H]1CCCN1,CO,283.15,0.090047652966372,-0.30026596784591675
O=C(O)[C@@H]1CCCN1,CO,293.15,0.170564651045101,-0.21409554779529572
O=C(O)[C@@H]1CCCN1,CO,303.15,0.261922695378652,-0.12448608875274658
O=C(O)[C@@H]1CCCN1,CO,313.15,0.355930168375502,-0.022012919187545776
O=C(O)[C@@H]1CCCN1,CO,323.15,0.442809603409461,0.11345861107110977
O=C(O)[C@@H]1CCCN1,O,283.15,1.10776851440807,0.7195146679878235
O=C(O)[C@@H]1CCCN1,O,293.15,1.15258016009736,0.8278760313987732
O=C(O)[C@@H]1CCCN1,O,303.15,1.20377662078876,0.9240767359733582
O=C(O)[C@@H]1CCCN1,O,313.15,1.24188466178551,1.0180240869522095
O=C(O)[C@@H]1CCCN1,O,323.15,1.28576284598346,1.0985887050628662
c1cc2ccc3cccc4ccc(c1)c2c34,CC#N,299.15,-0.930628624652743,-1.0564881563186646
NC(=O)CN1CCCC1=O,CC(C)=O,298.0,-1.37170851566089,-0.5717589855194092
NC(=O)CN1CCCC1=O,CCO,283.0,-0.938802091587771,-0.5565581321716309
NC(=O)CN1CCCC1=O,C1COCCO1,293.0,-1.67366518073549,-0.8065534830093384
NC(=O)CN1CCCC1=O,CO,288.0,-0.173858032269388,0.08995324373245239
NC(=O)CN1CCCC1=O,CC(C)=O,283.0,-1.62497252802307,-0.8006832599639893
NC(=O)CN1CCCC1=O,CO,298.0,0.001723590891214,0.25398558378219604
NC(=O)CN1CCCC1=O,CC(C)=O,293.0,-1.45477322049538,-0.6558079719543457
NC(=O)CN1CCCC1=O,CO,293.0,-0.082837743972639,0.17467328906059265
NC(=O)CN1CCCC1=O,CC(C)O,293.0,-1.08092415005982,-0.8868143558502197
NC(=O)CN1CCCC1=O,CC(C)=O,323.0,-0.97210840397782,-0.15622349083423615
NC(=O)CN1CCCC1=O,CO,283.0,-0.260929256641699,0.007471460849046707
NC(=O)CN1CCCC1=O,CC(C)=O,278.0,-1.66556228543119,-0.8599640727043152
NC(=O)CN1CCCC1=O,CO,303.0,0.075800036029141,0.33614644408226013
NC(=O)CN1CCCC1=O,CCO,278.0,-1.0414500823448,-0.6518377661705017
NC(=O)CN1CCCC1=O,CC(C)O,283.0,-1.29297023341732,-1.0743999481201172
NC(=O)CN1CCCC1=O,CCO,293.0,-0.744700680007495,-0.36550673842430115
NC(=O)CN1CCCC1=O,CC(C)O,323.0,-0.45998877915932,-0.2764236032962799
NC(=O)CN1CCCC1=O,CC(C)=O,288.0,-1.54356855044448,-0.7356072664260864
NC(=O)CN1CCCC1=O,CC(C)O,308.0,-0.770546558616454,-0.58697110414505
NC(=O)CN1CCCC1=O,C1COCCO1,323.0,-1.13380744187536,-0.30464163422584534
NC(=O)CN1CCCC1=O,CO,323.0,0.412101463737777,0.6333452463150024
NC(=O)CN1CCCC1=O,CC(C)=O,308.0,-1.19890133502378,-0.38855689764022827
NC(=O)CN1CCCC1=O,CCO,308.0,-0.462333298403846,-0.0801321342587471
NC(=O)CN1CCCC1=O,C1COCCO1,298.0,-1.60230193693933,-0.7199990749359131
NC(=O)CN1CCCC1=O,C1COCCO1,308.0,-1.42429402181812,-0.5480589270591736
NC(=O)CN1CCCC1=O,CC(C)O,298.0,-0.979722701760375,-0.7881137728691101
NC(=O)CN1CCCC1=O,CC(C)=O,313.0,-1.11733032020252,-0.30490991473197937
NC(=O)CN1CCCC1=O,C1COCCO1,313.0,-1.31904411586422,-0.46409761905670166
NC(=O)CN1CCCC1=O,CCO,298.0,-0.647040811344632,-0.27346205711364746
NC(=O)CN1CCCC1=O,CC(C)O,313.0,-0.665020584990609,-0.47695469856262207
NC(=O)CN1CCCC1=O,CO,308.0,0.157786925284914,0.41962242126464844
NC(=O)CN1CCCC1=O,CC(C)O,278.0,-1.38628163983832,-1.186779499053955
NC(=O)CN1CCCC1=O,CO,283.0,-0.258256666780373,0.007471386343240738
NC(=O)CN1CCCC1=O,CO,318.0,0.328214932363293,0.5677760243415833
NC(=O)CN1CCCC1=O,CO,318.0,0.329096077949666,0.5677760243415833
NC(=O)CN1CCCC1=O,C1COCCO1,288.0,-1.72678706324504,-0.8935085535049438
NC(=O)CN1CCCC1=O,CC(C)O,318.0,-0.560010028330359,-0.3697006404399872
NC(=O)CN1CCCC1=O,CC(C)O,288.0,-1.17527838064175,-0.9829670786857605
NC(=O)CN1CCCC1=O,CO,278.0,-0.345601395208862,-0.07467614114284515
NC(=O)CN1CCCC1=O,C1COCCO1,303.0,-1.51650737210536,-0.6298962831497192
NC(=O)CN1CCCC1=O,CCO,313.0,-0.366049076547622,0.011547133326530457
NC(=O)CN1CCCC1=O,CCO,323.0,-0.176350858788207,0.19354230165481567
NC(=O)CN1CCCC1=O,C1COCCO1,318.0,-1.22810839499314,-0.379175066947937
NC(=O)CN1CCCC1=O,CC(C)=O,303.0,-1.28709801520762,-0.48142561316490173
NC(=O)CN1CCCC1=O,CCO,318.0,-0.277469651845685,0.10640010982751846
NC(=O)CN1CCCC1=O,CCO,288.0,-0.837929351617366,-0.46383288502693176
NC(=O)CN1CCCC1=O,CCO,303.0,-0.551582410480864,-0.17531783878803253
NC(=O)CN1CCCC1=O,CO,278.0,-0.344511571595802,-0.07467606663703918
NC(=O)CN1CCCC1=O,CC(C)O,303.0,-0.872855544547795,-0.6884000897407532
NC(=O)CN1CCCC1=O,CC(C)=O,318.0,-1.0497005738536,-0.22343376278877258
NC(=O)CN1CCCC1=O,CO,313.0,0.244940062731151,0.494098961353302
O=C(O)c1ccccc1,CCO,278.15,0.4077149476603,0.24931028485298157
O=C(O)c1ccccc1,CCO,283.15,0.446752775435097,0.33256950974464417
O=C(O)c1ccccc1,CCO,293.15,0.532976208643306,0.4750399887561798
O=C(O)c1ccccc1,CCO,303.15,0.61627566421409,0.6048057675361633
O=C(O)c1ccccc1,CCO,313.15,0.709507734892822,0.7188871502876282
O=C(O)c1ccccc1,CCO,323.15,0.797875847811446,0.8343653678894043
CC(C(=O)O)c1cccc(C(=O)c2ccccc2)c1,CCO,303.15,0.054664565410516,-0.08926855027675629
CC(C(=O)O)c1cccc(C(=O)c2ccccc2)c1,CCO,293.15,-0.266747417664171,-0.2759755849838257
CC(C(=O)O)c1cccc(C(=O)c2ccccc2)c1,CCO,298.15,-0.104312448394917,-0.1852758824825287
CC(C(=O)O)c1cccc(C(=O)c2ccccc2)c1,CCO,308.15,0.215731876084718,0.011631190776824951
CC(C(=O)O)c1cccc(C(=O)c2ccccc2)c1,CCO,313.15,0.42339095658858,0.11619555950164795
Clc1cc(Cl)c(-c2c(Cl)cc(Cl)cc2Cl)c(Cl)c1,O,278.15,-8.55369424488663,-5.266430854797363
Clc1cc(Cl)c(-c2c(Cl)cc(Cl)cc2Cl)c(Cl)c1,O,288.15,-8.32324532350835,-5.068857192993164
Clc1cc(Cl)c(-c2c(Cl)cc(Cl)cc2Cl)c(Cl)c1,O,298.15,-8.10653621354441,-4.842841148376465
Clc1cc(-c2ccccc2)c(Cl)c(Cl)c1Cl,O,278.15,-7.71409368557606,-4.88761043548584
Clc1cc(Cl)c(-c2c(Cl)cc(Cl)cc2Cl)c(Cl)c1,O,308.15,-7.92022578930704,-4.654836177825928
Clc1cc(-c2ccccc2)c(Cl)c(Cl)c1Cl,O,298.15,-7.2691571142278,-4.4539875984191895
Clc1cc(-c2ccccc2)c(Cl)c(Cl)c1Cl,O,288.15,-7.45368154082034,-4.687104225158691
Clc1cc(Cl)c(-c2c(Cl)cc(Cl)cc2Cl)c(Cl)c1,O,318.15,-7.74751427090274,-4.482598781585693
Clc1ccc(-c2ccc(Cl)cc2)cc1,O,278.15,-7.02413427758722,-4.302295684814453
Clc1cc(-c2ccccc2)c(Cl)c(Cl)c1Cl,O,308.15,-7.00743685257375,-4.230599403381348
Clc1cc(Cl)c(-c2ccccc2)cc1Cl,O,288.15,-6.57438998902096,-4.662282466888428
Clc1ccc(-c2ccc(Cl)cc2)cc1,O,288.15,-6.80727747352836,-4.123623371124268
Clc1ccc(-c2ccc(Cl)cc2)cc1,O,318.15,-6.07684062810322,-3.619154453277588
Clc1ccc(-c2ccccc2)cc1,O,278.15,-5.35937675737823,-4.229786396026611
Clc1ccc(-c2ccc(Cl)cc2)cc1,O,298.15,-6.59047871664865,-3.916060447692871
Clc1cc(-c2ccccc2)c(Cl)c(Cl)c1Cl,O,318.15,-6.71409368557606,-4.031882286071777
Clc1cc(Cl)c(-c2ccccc2)cc1Cl,O,278.15,-6.79222431202103,-4.860537052154541
Clc1ccc(-c2ccccc2)cc1,O,288.15,-5.24486479723307,-4.0435309410095215
Clc1ccc(-c2ccc(Cl)cc2)cc1,O,308.15,-6.32104770705637,-3.7654590606689453
Clc1cc(Cl)c(-c2ccccc2)cc1Cl,O,298.15,-6.38286849841266,-4.433050155639648
Clc1cc(Cl)c(Cl)c(Cl)c1Cl,O,288.15,-5.98935886605505,-2.8563601970672607
Clc1cc(Cl)c(Cl)c(Cl)c1Cl,O,278.15,-6.23282458044001,-3.083293914794922
Clc1cc(Cl)c(-c2ccccc2)cc1Cl,O,308.15,-6.10067832576422,-4.230169296264648
Clc1cc(Cl)c(-c2ccccc2)cc1Cl,O,318.15,-5.88966042379955,-4.0393853187561035
Clc1cc(Cl)c(Cl)c(Cl)c1,O,278.15,-5.09974371296742,-3.2053956985473633
Clc1cc(Cl)c(Cl)c(Cl)c1Cl,O,308.15,-5.60320410758617,-2.3757517337799072
Clc1cc(Cl)c(Cl)c(Cl)c1Cl,O,298.15,-5.77197855970869,-2.602353572845459
Clc1cc(Cl)c(Cl)c(Cl)c1,O,288.15,-4.94458636074738,-2.9666383266448975
Clc1cc(Cl)c(Cl)c(Cl)c1Cl,O,318.15,-5.46171881799784,-2.1741480827331543
Clc1ccc(-c2ccccc2)cc1,O,308.15,-4.93778884106975,-3.602161169052124
Clc1ccc(-c2ccccc2)cc1,O,298.15,-5.13752800776188,-3.8144772052764893
c1ccc2c(c1)oc1ccccc12,O,278.15,-4.9435160037527,-1.1992356777191162
c1ccc2c(c1)oc1ccccc12,O,288.15,-4.74201328909499,-0.9683512449264526
Clc1cccc(Cl)c1Cl,O,278.15,-4.37087489030338,-2.4786489009857178
Clc1ccc(-c2ccccc2)cc1,O,318.15,-4.79137499130953,-3.3773038387298584
Clc1cc(Cl)c(Cl)c(Cl)c1,O,298.15,-4.79363419177416,-2.71821928024292
Clc1cc(Cl)c(Cl)c(Cl)c1,O,308.15,-4.62432892206177,-2.5099854469299316
Clc1cc(Cl)cc(Cl)c1,O,278.15,-4.59046168437986,-2.9074883460998535
c1ccc2c(c1)oc1ccccc12,O,298.15,-4.54876432756866,-0.7359784841537476
Clc1cc(Cl)c(Cl)c(Cl)c1,O,318.15,-4.48323730932587,-2.3043599128723145
c1ccc2c(c1)oc1ccccc12,O,308.15,-4.34693614169232,-0.5097558498382568
Clc1cccc(Cl)c1Cl,O,298.15,-3.96932138615659,-2.0211541652679443
Clc1cc(Cl)cc(Cl)c1,O,298.15,-4.32773329689696,-2.4313807487487793
Clc1cc(Cl)cc(Cl)c1,O,288.15,-4.45645301449072,-2.6828157901763916
c1ccc2c(c1)oc1ccccc12,O,318.15,-4.15727207544737,-0.2856026589870453
Clc1cc(Cl)cc(Cl)c1,O,308.15,-4.20821846909828,-2.2251622676849365
Clc1cc(Cl)cc(Cl)c1,O,318.15,-4.06337326657313,-2.0266382694244385
CC(=O)Nc1ccc(O)cc1,Cc1ccccc1,303.0,-2.71433965913913,-2.4964306354522705
CC(=O)Nc1ccc(O)cc1,Cc1ccccc1,298.0,-2.67411195707872,-2.593226432800293
CC(=O)Nc1ccc(O)cc1,Cc1ccccc1,293.0,-2.67292320093328,-2.6912899017333984
CC(=O)Nc1ccc(O)cc1,O,303.0,-0.940656818003192,-0.8162822723388672
CC(=O)Nc1ccc(O)cc1,Cc1ccccc1,273.0,-2.88951837728761,-2.9381985664367676
CC(=O)Nc1ccc(O)cc1,O,298.0,-1.00727762298329,-0.9112861752510071
CC(=O)Nc1ccc(O)cc1,CC(C)O,268.0,-0.462595562823597,-0.6810498833656311
CC(=O)Nc1ccc(O)cc1,CCOC(C)=O,293.0,-1.29425502947304,-0.9298973083496094
CC(=O)Nc1ccc(O)cc1,O,293.0,-1.07331492382429,-1.0088456869125366
CC(=O)Nc1ccc(O)cc1,CC(C)O,283.0,-0.335804365373481,-0.4119005799293518
CC(=O)Nc1ccc(O)cc1,CCOC(C)=O,283.0,-1.41161489754222,-1.0776203870773315
CC(=O)Nc1ccc(O)cc1,O,273.0,-1.31499741961103,-1.3658432960510254
CC(=O)Nc1ccc(O)cc1,O,283.0,-1.2040524449833,-1.200698971748352
CC(=O)Nc1ccc(O)cc1,CC#N,293.0,-0.921197771579794,-1.002403974533081
CC(=O)Nc1ccc(O)cc1,O,288.0,-1.13666105964762,-1.1084457635879517
CC(=O)Nc1ccc(O)cc1,CCOC(C)=O,303.0,-1.19981880837459,-0.7836570143699646
CC(=O)Nc1ccc(O)cc1,CC#N,273.0,-1.22518040122497,-1.2108449935913086
CC(=O)Nc1ccc(O)cc1,CC#N,283.0,-1.07600797874868,-1.1384141445159912
CC(=O)Nc1ccc(O)cc1,O,278.0,-1.26201505824997,-1.2879374027252197
CC(=O)Nc1ccc(O)cc1,CCCCO,273.0,-0.546946476991171,-0.5185341835021973
CC(=O)Nc1ccc(O)cc1,CC#N,303.0,-0.775180866749187,-0.8398482203483582
CC(=O)Nc1ccc(O)cc1,CC(C)O,273.0,-0.421462401868586,-0.6043744683265686
CC(=O)Nc1ccc(O)cc1,CCOC(C)=O,273.0,-1.49195856427955,-1.1783031225204468
CC(=O)Nc1ccc(O)cc1,CCCO,303.0,-0.155173307374929,0.02036488801240921
CC(=O)Nc1ccc(O)cc1,CC(C)=O,278.0,-0.477362183572895,-0.5277715921401978
CC(=O)Nc1ccc(O)cc1,CCCCCO,303.0,-0.441121510084068,-0.2546466290950775
CC(=O)Nc1ccc(O)cc1,CCCCCCCO,303.0,-0.694616453495573,-0.4993895888328552
CC(=O)Nc1ccc(O)cc1,CCCO,273.0,-0.406540693543636,-0.3690193295478821
CC(=O)Nc1ccc(O)cc1,CCCCCCCCO,303.0,-0.827138468696219,-0.628506600856781
CC(=O)Nc1ccc(O)cc1,CC(C)O,293.0,-0.247110100825756,-0.24315759539604187
CC(=O)Nc1ccc(O)cc1,CCCCO,303.0,-0.303544937511314,-0.11096786707639694
CC(=O)Nc1ccc(O)cc1,CC(C)O,303.0,-0.158299437836526,-0.09944620728492737
CC(=O)Nc1ccc(O)cc1,CCO,303.0,0.080242632848397,0.179706871509552
CC(=O)Nc1ccc(O)cc1,CC(C)=O,273.0,-0.524001087456426,-0.5478623509407043
CC(=O)Nc1ccc(O)cc1,CC(C)=O,293.0,-0.335830906152151,-0.40420711040496826
CC(=O)Nc1ccc(O)cc1,CC(C)=O,303.0,-0.239010887589267,-0.27105388045310974
CC(=O)Nc1ccc(O)cc1,CCC(C)=O,303.0,-0.433848805470452,-0.40144577622413635
CC(=O)Nc1ccc(O)cc1,CC(C)=O,283.0,-0.432069169434797,-0.49957066774368286
CC(=O)Nc1ccc(O)cc1,CCO,293.0,-0.001743755049292,0.060744572430849075
CC(=O)Nc1ccc(O)cc1,CCCCO,293.0,-0.383863741574041,-0.243627667427063
CC(=O)Nc1ccc(O)cc1,C1COCCO1,303.0,-0.937003619316827,-0.46763134002685547
CC(=O)Nc1ccc(O)cc1,CCCO,293.0,-0.24007427288503,-0.09293137490749359
CC(=O)Nc1ccc(O)cc1,CC(C)=O,288.0,-0.383023478359929,-0.46173179149627686
CC(=O)Nc1ccc(O)cc1,CC(=O)CC(C)C,303.0,-1.02929862211322,-0.6772832870483398
CC(=O)Nc1ccc(O)cc1,CCO,283.0,-0.083685523804263,-0.0630468875169754
CC(=O)Nc1ccc(O)cc1,CCCO,283.0,-0.324148299088403,-0.2169821560382843
CC(=O)Nc1ccc(O)cc1,CC(C)=O,298.0,-0.28558191590968,-0.33995428681373596
CC(=O)Nc1ccc(O)cc1,CO,303.0,0.284789931002831,0.33097365498542786
CC(=O)Nc1ccc(O)cc1,CC(C)=O,268.0,-0.564024224705742,-0.5628181099891663
CC(=O)Nc1ccc(O)cc1,CO,283.0,0.104247545959894,0.06963470578193665
CC(=O)Nc1ccc(O)cc1,CCCCCCO,303.0,-0.572715562354238,-0.3894553482532501
CC(=O)Nc1ccc(O)cc1,CO,293.0,0.193609582793823,0.20112428069114685
CC(=O)Nc1ccc(O)cc1,CCO,273.0,-0.159879096407711,-0.21321344375610352
CC(=O)Nc1ccc(O)cc1,CO,268.0,-0.026431673307025,-0.11539386957883835
CC(=O)Nc1ccc(O)cc1,CC(=O)O,303.0,-0.244682253128377,0.036534689366817474
CC(=O)Nc1ccc(O)cc1,C1CCOC1,303.0,-0.04515394053787,-0.2592804729938507
CC(=O)Nc1ccc(O)cc1,OCCO,303.0,0.024027299003738,0.3522610664367676
CC(=O)Nc1ccc(O)cc1,CO,273.0,0.01162092722793,-0.06539219617843628
CC(=O)Nc1ccc(O)cc1,CCNCC,303.0,0.783738667972405,-0.8960893154144287
CC(=O)Nc1ccc(O)cc1,CN(C)C=O,303.0,0.798778881232803,0.5804372429847717
CC(=O)Nc1ccc(O)cc1,CS(C)=O,303.0,0.916294854505561,0.6359804272651672
CC(=O)Nc1ccc(O)cc1,Cc1ccccc1,278.0,-2.80284895552015,-2.899259328842163
CC(=O)Nc1ccc(O)cc1,Cc1ccccc1,283.0,-2.73135130372007,-2.8483898639678955
CC(=O)Nc1ccc(O)cc1,ClCCl,303.0,-2.55767367690222,-1.051265001296997
CC(=O)Nc1ccc(O)cc1,Cc1ccccc1,288.0,-2.68249946737928,-2.7813358306884766
CC(=O)Nc1ccc(O)cc1,ClC(Cl)(Cl)Cl,303.0,-2.03232858371066,-1.5359959602355957
CC(=O)Nc1ccc(O)cc1,ClC(Cl)Cl,303.0,-1.82421760298249,-1.2833985090255737
CC(=O)Nc1ccc(O)cc1,CCOC(C)=O,268.0,-1.56179912738234,-1.2140241861343384
CC(=O)Nc1ccc(O)cc1,CCOC(C)=O,278.0,-1.45451155030187,-1.133651852607727
CC(=O)Nc1ccc(O)cc1,CCOC(C)=O,288.0,-1.35443395794493,-1.0088074207305908
CC(=O)Nc1ccc(O)cc1,CC#N,268.0,-1.29549298210383,-1.2328922748565674
CC(=O)Nc1ccc(O)cc1,CCOC(C)=O,298.0,-1.24852070365601,-0.8586469888687134
CC(=O)Nc1ccc(O)cc1,CC#N,278.0,-1.14834347268038,-1.1820003986358643
CC(=O)Nc1ccc(O)cc1,CC#N,288.0,-0.995124968074842,-1.0793205499649048
CC(=O)Nc1ccc(O)cc1,CC#N,298.0,-0.843772567746906,-0.9232975244522095
CC(=O)Nc1ccc(O)cc1,CCCCO,268.0,-0.583501149421786,-0.586229681968689
CC(=O)Nc1ccc(O)cc1,CCCCO,278.0,-0.507132403423917,-0.4374961853027344
CC(=O)Nc1ccc(O)cc1,CCCCO,283.0,-0.46514585339511,-0.3738347887992859
CC(=O)Nc1ccc(O)cc1,CCCO,268.0,-0.445723885294559,-0.4340190291404724
CC(=O)Nc1ccc(O)cc1,CCCCO,288.0,-0.427992149878195,-0.31095069646835327
CC(=O)Nc1ccc(O)cc1,CC(C)O,278.0,-0.378511220802758,-0.51041179895401
CC(=O)Nc1ccc(O)cc1,CCCO,278.0,-0.366462684707685,-0.2904093861579895
CC(=O)Nc1ccc(O)cc1,CCCCO,298.0,-0.350185466170272,-0.17628411948680878
CC(=O)Nc1ccc(O)cc1,CCCO,288.0,-0.286146718596002,-0.15221792459487915
CC(=O)Nc1ccc(O)cc1,CC(C)O,288.0,-0.292633602668906,-0.32335931062698364
CC(=O)Nc1ccc(O)cc1,CCO,268.0,-0.196457123314363,-0.27282339334487915
CC(=O)Nc1ccc(O)cc1,CCCO,298.0,-0.198797023526617,-0.037093404680490494
CC(=O)Nc1ccc(O)cc1,CC(C)O,298.0,-0.201796630429085,-0.17271478474140167
CC(=O)Nc1ccc(O)cc1,CCO,278.0,-0.123182223527537,-0.13246941566467285
CC(=O)Nc1ccc(O)cc1,CCO,288.0,-0.045535628190411,0.0007792860269546509
CC(=O)Nc1ccc(O)cc1,CCO,298.0,0.037688408007885,0.11810996383428574
CC(=O)Nc1ccc(O)cc1,CO,278.0,0.059462010429703,0.0023370571434497833
CC(=O)Nc1ccc(O)cc1,CO,288.0,0.14608032332406,0.13516317307949066
CC(=O)Nc1ccc(O)cc1,CO,298.0,0.240848084503949,0.26037341356277466
CC(=O)Nc1ccc(O)cc1,O,303.15,-0.940748407727211,-0.8136717081069946
CC(=O)Nc1ccc(O)cc1,O,298.15,-1.00727762298329,-0.9083933234214783
CC(=O)Nc1ccc(O)cc1,O,293.15,-1.07340627960031,-1.0058965682983398
CC(=O)Nc1ccc(O)cc1,O,273.15,-1.32089818621065,-1.3636952638626099
CC(=O)Nc1ccc(O)cc1,O,283.15,-1.20429998665614,-1.1977448463439941
CC(=O)Nc1ccc(O)cc1,O,289.15,-1.12370437179156,-1.0876520872116089
CC(=O)Nc1ccc(O)cc1,O,288.15,-1.13675179104685,-1.105823040008545
CC(=O)Nc1ccc(O)cc1,O,278.15,-1.26192445214359,-1.2855381965637207
CC(=O)Nc1ccc(O)cc1,O,296.15,-1.03376915364055,-0.9489487409591675
NC(=O)N1c2ccccc2C=Cc2ccccc21,CCO,278.0,-1.27851567835896,-1.8499274253845215
NC(=O)N1c2ccccc2C=Cc2ccccc21,CO,283.0,-0.669826390266992,-1.5501148700714111
NC(=O)N1c2ccccc2C=Cc2ccccc21,CO,288.0,-0.613862090986715,-1.4868988990783691
NC(=O)N1c2ccccc2C=Cc2ccccc21,CO,293.0,-0.553091315130809,-1.4157644510269165
NC(=O)N1c2ccccc2C=Cc2ccccc21,CCO,293.0,-1.06251734428545,-1.6255961656570435
NC(=O)N1c2ccccc2C=Cc2ccccc21,CCO,283.0,-1.20630954778659,-1.7741689682006836
NC(=O)N1c2ccccc2C=Cc2ccccc21,CCO,288.0,-1.13701438389225,-1.7007126808166504
NC(=O)N1c2ccccc2C=Cc2ccccc21,CCO,303.0,-0.920668103732063,-1.4747180938720703
NC(=O)N1c2ccccc2C=Cc2ccccc21,CCO,308.0,-0.846446179447214,-1.4036891460418701
NC(=O)N1c2ccccc2C=Cc2ccccc21,CCO,298.0,-0.991134017109925,-1.55106520652771
NC(=O)N1c2ccccc2C=Cc2ccccc21,CO,278.0,-0.727513536649038,-1.615053653717041
NC(=O)N1c2ccccc2C=Cc2ccccc21,CO,298.0,-0.487589805814674,-1.3449126482009888
NC(=O)N1c2ccccc2C=Cc2ccccc21,CO,303.0,-0.427686742759062,-1.2705612182617188
NC(=O)N1c2ccccc2C=Cc2ccccc21,CO,308.0,-0.356923385040616,-1.1965036392211914
CC(=O)Oc1ccccc1C(=O)O,CCCCOCCCC,298.15,-1.37386124278824,-0.44897234439849854
CC(=O)Oc1ccccc1C(=O)O,CC(C)OC(C)C,298.15,-1.0555767451253,-0.5359711647033691
CC(=O)Oc1ccccc1C(=O)O,CCCCCOC(C)=O,298.15,-0.732700299125533,-0.6294694542884827
CC(=O)Oc1ccccc1C(=O)O,CCCC(=O)OC,298.15,-0.571095195852956,-0.29503899812698364
CC(=O)Oc1ccccc1C(=O)O,CCCCC(CC)CO,298.15,-0.698503217805257,-0.7242608666419983
CC(=O)Oc1ccccc1C(=O)O,CC(C)CCCC(C)CCO,298.15,-0.784952105720752,-1.0551830530166626
CC(=O)Oc1ccccc1C(=O)O,CC1COC(=O)O1,298.15,-0.417963505310075,-0.44311001896858215
CC(=O)Oc1ccccc1C(=O)O,CC(C)CO,298.15,-0.4481789254443,-0.27445894479751587
CC(=O)Oc1ccccc1C(=O)O,CCCC(C)CO,298.15,-0.572089577356507,-0.5033698081970215
CC(=O)Oc1ccccc1C(=O)O,CCCCOC(C)=O,298.15,-0.581605740224662,-0.5256990790367126
CC(=O)Oc1ccccc1C(=O)O,CCCCCCCCO,298.15,-0.651332959832661,-0.627985954284668
CC(=O)Oc1ccccc1C(=O)O,CCC(C)CO,298.15,-0.48147928230875,-0.4017471671104431
CC(=O)Oc1ccccc1C(=O)O,CCOCC,298.15,-0.453316493391069,-0.08408361673355103
CC(=O)Oc1ccccc1C(=O)O,CCCCCCCCO,298.15,-0.629313474674475,-0.6279860138893127
CC(=O)Oc1ccccc1C(=O)O,CCCCCCCCCCO,298.15,-0.702371430272323,-0.8468769788742065
CC(=O)Oc1ccccc1C(=O)O,CC(C)CCO,298.15,-0.438403751637515,-0.4017471373081207
CC(=O)Oc1ccccc1C(=O)O,CCCCCCCO,298.15,-0.548046436889141,-0.539232611656189
CC(=O)Oc1ccccc1C(=O)O,CCCCCCCO,298.15,-0.544316331882633,-0.5392326712608337
CC(=O)Oc1ccccc1C(=O)O,CCCCCCO,298.15,-0.486418208074812,-0.43641650676727295
CC(=O)Oc1ccccc1C(=O)O,CC(C)CC(C)O,298.15,-0.4897135998478,-0.5907167196273804
CC(=O)Oc1ccccc1C(=O)O,CCCCCO,298.15,-0.421051126610084,-0.3359125852584839
CC(=O)Oc1ccccc1C(=O)O,CCCCCO,298.15,-0.4192231616069,-0.3359125852584839
CC(=O)Oc1ccccc1C(=O)O,CCCCCCO,298.15,-0.481497763882351,-0.43641650676727295
CC(=O)Oc1ccccc1C(=O)O,COC(C)(C)C,298.15,-0.454432306652929,-0.32199826836586
CC(=O)Oc1ccccc1C(=O)O,CCCO,298.15,-0.235198460790315,-0.052090615034103394
CC(=O)Oc1ccccc1C(=O)O,CCCC(C)O,298.15,-0.378082633788677,-0.39607852697372437
CC(=O)Oc1ccccc1C(=O)O,CCOC(C)=O,298.15,-0.318351105537151,-0.2538427412509918
CC(=O)Oc1ccccc1C(=O)O,CCCCO,298.15,-0.284944602914897,-0.21459972858428955
CC(=O)Oc1ccccc1C(=O)O,CCOC(C)=O,298.15,-0.308010706316809,-0.2538427412509918
CC(=O)Oc1ccccc1C(=O)O,CCCCO,298.15,-0.276385613161628,-0.21459980309009552
CC(=O)Oc1ccccc1C(=O)O,CCCO,298.15,-0.155871512293408,-0.05209053307771683
CC(=O)Oc1ccccc1C(=O)O,C1COCCO1,298.15,-0.19668891546567,0.2581799328327179
CC(=O)Oc1ccccc1C(=O)O,CC(C)O,298.15,-0.142522336709849,-0.07925169169902802
CC(=O)Oc1ccccc1C(=O)O,COC(C)=O,298.15,-0.154314313235711,-0.12674270570278168
CC(=O)Oc1ccccc1C(=O)O,CCC(C)O,298.15,-0.210953033064848,-0.23683853447437286
CC(=O)Oc1ccccc1C(=O)O,CC(C)(C)O,298.15,-0.110910698706155,-0.2305305451154709
CC(=O)Oc1ccccc1C(=O)O,CCC(C)(C)O,298.15,-0.08417848364387,-0.4006953537464142
CC(=O)Oc1ccccc1C(=O)O,C1COCCO1,298.15,0.227693943056838,0.25818002223968506
CC(=O)Oc1ccccc1C(=O)O,C1CCOC1,298.15,0.462618925452895,0.39361771941185
Cc1ccccc1C(=O)O,CC1COC(=O)O1,298.15,-0.298886098096855,0.1517866849899292
Cc1ccccc1C(=O)O,CCCCOCCCC,298.15,-0.212416483030195,0.12188940495252609
Cc1ccccc1C(=O)O,CC(C)OC(C)C,298.15,-0.035806244991191,0.09122928977012634
Cc1ccccc1C(=O)O,CC(C)CO,298.15,0.181016238920735,0.4291761517524719
Cc1ccccc1C(=O)O,COC(C)=O,298.15,0.27560951039371,0.5573369264602661
Cc1ccccc1C(=O)O,CCC(C)CO,298.15,0.170973638835397,0.33581221103668213
Cc1ccccc1C(=O)O,CCO,298.15,0.443651610080941,0.6392533183097839
Cc1ccccc1C(=O)O,CCCO,298.15,0.354483311463578,0.5547638535499573
Cc1ccccc1C(=O)O,CC(C)CCO,298.15,0.200970734966379,0.33581215143203735
Cc1ccccc1C(=O)O,CCCCCOC(C)=O,298.15,0.072492036464097,-0.04676276445388794
Cc1ccccc1C(=O)O,CCOC(C)=O,298.15,0.260195593144759,0.4097743034362793
Cc1ccccc1C(=O)O,CCCCOC(C)=O,298.15,0.130645310569763,0.0934925377368927
Cc1ccccc1C(=O)O,CCCCO,298.15,0.302630605339172,0.45809829235076904
Cc1ccccc1C(=O)O,CC(C)O,298.15,0.399178258946574,0.5892959833145142
Cc1ccccc1C(=O)O,CCCCCO,298.15,0.259384506908317,0.3835791051387787
Cc1ccccc1C(=O)O,CCC(C)O,298.15,0.347327737864456,0.4577332139015198
Cc1ccccc1C(=O)O,CCCCCCO,298.15,0.215298887983836,0.32123589515686035
Cc1ccccc1C(=O)O,CCOCC,298.15,0.300316561939254,0.5423833727836609
Cc1ccccc1C(=O)O,CC(C)CC(C)O,298.15,0.220423247625093,0.17613396048545837
Cc1ccccc1C(=O)O,CCCCCCCO,298.15,0.176356837053037,0.23129962384700775
Cc1ccccc1C(=O)O,CCCCCCCCO,298.15,0.129831087791437,0.13287121057510376
Cc1ccccc1C(=O)O,CCCCCCCCCCO,298.15,0.07581820783682,-0.10425067692995071
Cc1ccccc1C(=O)O,CCCC(C)O,298.15,0.322375468359734,0.34178951382637024
Cc1ccccc1C(=O)O,CC(C)(C)O,298.15,0.457464794024513,0.4737975001335144
Cc1ccccc1C(=O)O,C1COCCO1,298.15,0.598371553170406,0.7457578182220459
Cc1ccccc1C(=O)O,C1CCOC1,298.15,0.643486655806782,0.9613788723945618
CC(C(=O)O)c1cccc(C(=O)c2ccccc2)c1,CO,298.15,0.043660649228208,-0.13237535953521729
CC(C(=O)O)c1cccc(C(=O)c2ccccc2)c1,CCO,298.15,0.10894319399909,-0.18527574837207794
CC(C(=O)O)c1cccc(C(=O)c2ccccc2)c1,CCCCCO,298.15,-0.110208426067286,-0.6222094297409058
CC(C(=O)O)c1cccc(C(=O)c2ccccc2)c1,CCCCCCCCCCO,298.15,-0.323780444116908,-1.038145899772644
CC(C(=O)O)c1cccc(C(=O)c2ccccc2)c1,CCCO,298.15,0.091961264764541,-0.35355043411254883
CC(C(=O)O)c1cccc(C(=O)c2ccccc2)c1,CC(C)CO,298.15,0.084596635614291,-0.7072305679321289
CC(C(=O)O)c1cccc(C(=O)c2ccccc2)c1,CCOCC,298.15,0.080729369923617,-0.43962007761001587
CC(C(=O)O)c1cccc(C(=O)c2ccccc2)c1,CC(C)O,298.15,0.277869277145611,-0.5818941593170166
CC(C(=O)O)c1cccc(C(=O)c2ccccc2)c1,CCC(C)O,298.15,0.275779029490514,-0.6937842965126038
CC(C(=O)O)c1cccc(C(=O)c2ccccc2)c1,CCOC(C)=O,298.15,0.267273214736891,-0.8513280153274536
Nc1ccc(C(=O)O)cc1,CCCCCCCCCCO,298.15,-1.03390421317078,-1.8139575719833374
Nc1ccc(C(=O)O)cc1,CC(C)CO,298.15,-0.714528525598765,-1.2668864727020264
Nc1ccc(C(=O)O)cc1,CC(C)CCO,298.15,-0.729075786065201,-1.361291527748108
Nc1ccc(C(=O)O)cc1,CCCCCCCCO,298.15,-0.8702606002042,-1.602578043937683
Nc1ccc(C(=O)O)cc1,CCCCCCCO,298.15,-0.784363384072687,-1.5199099779129028
Nc1ccc(C(=O)O)cc1,CCCC(C)O,298.15,-0.658725201201275,-1.344496726989746
Nc1ccc(C(=O)O)cc1,CCCCCO,298.15,-0.603620274555377,-1.3413774967193604
Nc1ccc(C(=O)O)cc1,CCCCCCO,298.15,-0.660962242295035,-1.4403090476989746
Nc1ccc(C(=O)O)cc1,CCC(C)O,298.15,-0.503276506733404,-1.2362780570983887
Nc1ccc(C(=O)O)cc1,CCCCO,298.15,-0.450533515084228,-1.2290139198303223
Nc1ccc(C(=O)O)cc1,CC(C)O,298.15,-0.362736909526852,-1.0620248317718506
Nc1ccc(C(=O)O)cc1,CCCO,298.15,-0.339658663856661,-1.0592198371887207
Nc1ccc(C(=O)O)cc1,CCO,298.15,-0.041456513899678,-0.8167686462402344
Nc1ccc(C(=O)O)cc1,C1COCCO1,298.15,-0.055865421759631,-0.5270012021064758
O=C(O)c1ccc(Cl)c([N+](=O)[O-])c1,CCCCOCCCC,298.15,-1.28403821813765,-0.45823222398757935
O=C(O)c1ccc(Cl)c([N+](=O)[O-])c1,CC(C)OC(C)C,298.15,-1.0328193620312,-0.5721402168273926
O=C(O)c1ccc(Cl)c([N+](=O)[O-])c1,CC1COC(=O)O1,298.15,-0.793799942941405,-0.7036195993423462
O=C(O)c1cc([N+](=O)[O-])ccc1Cl,CCCCOCCCC,298.15,-1.00858101187653,-0.4434485137462616
O=C(O)c1ccc(Cl)c([N+](=O)[O-])c1,CC(C)CO,298.15,-0.715539447719604,-0.48600074648857117
O=C(O)c1ccc(Cl)c([N+](=O)[O-])c1,CCCC(C)CO,298.15,-0.709534962976711,-0.613744854927063
O=C(O)c1ccc(Cl)c([N+](=O)[O-])c1,CCCCC(CC)CO,298.15,-0.803175688071764,-0.7165729403495789
O=C(O)c1ccc(Cl)c([N+](=O)[O-])c1,CCCC(=O)OC,298.15,-0.664333889216095,-0.2992714047431946
O=C(O)c1ccc(Cl)c([N+](=O)[O-])c1,CCCCCOC(C)=O,298.15,-0.777678630433095,-0.6349691152572632
O=C(O)c1ccc(Cl)c([N+](=O)[O-])c1,CCOCC,298.15,-0.615000046359339,-0.05503107234835625
O=C(O)c1ccc(Cl)c([N+](=O)[O-])c1,CC(C)CCO,298.15,-0.60899354031744,-0.5564045906066895
O=C(O)c1cc([N+](=O)[O-])ccc1Cl,CC(C)OC(C)C,298.15,-0.718705017246949,-0.5509077906608582
O=C(O)c1ccc(Cl)c([N+](=O)[O-])c1,CCCO,298.15,-0.413515904709069,-0.3215070068836212
O=C(O)c1ccc(Cl)c([N+](=O)[O-])c1,CCCCO,298.15,-0.490024621851028,-0.41010892391204834
O=C(O)c1ccc(Cl)c([N+](=O)[O-])c1,CC(C)CC(C)O,298.15,-0.627999484960021,-0.7306893467903137
O=C(O)c1ccc(Cl)c([N+](=O)[O-])c1,CCC(C)O,298.15,-0.479399873884496,-0.4752785563468933
O=C(O)c1ccc(Cl)c([N+](=O)[O-])c1,CCCOC(C)=O,298.15,-0.576513023904933,-0.39694029092788696
O=C(O)c1ccc(Cl)c([N+](=O)[O-])c1,CCCCCO,298.15,-0.544652114594445,-0.4770306646823883
O=C(O)c1ccc(Cl)c([N+](=O)[O-])c1,CCCCOC(C)=O,298.15,-0.626120138065748,-0.5077822804450989
O=C(O)c1ccc(Cl)c([N+](=O)[O-])c1,CC(C)O,298.15,-0.388837112397429,-0.3368898928165436
O=C(O)c1ccc(Cl)c([N+](=O)[O-])c1,CCCC(C)O,298.15,-0.503640223870039,-0.5508564710617065
O=C(O)c1ccc(Cl)c([N+](=O)[O-])c1,CCCCCCO,298.15,-0.562421525780153,-0.5190964937210083
O=C(O)c1ccc(Cl)c([N+](=O)[O-])c1,CCO,298.15,-0.228763972158778,-0.16842186450958252
O=C(O)c1ccc(Cl)c([N+](=O)[O-])c1,CCCCCCCO,298.15,-0.594638414169011,-0.5622425079345703
O=C(O)c1ccc(Cl)c([N+](=O)[O-])c1,CCCCCCCCCCO,298.15,-0.720619538264399,-0.8109060525894165
O=C(O)c1ccc(Cl)c([N+](=O)[O-])c1,CC(C)(C)O,298.15,-0.416313306455079,-0.5130428075790405
O=C(O)c1ccc(Cl)c([N+](=O)[O-])c1,COC(C)=O,298.15,-0.339008662008472,-0.3469994068145752
O=C(O)c1ccc(Cl)c([N+](=O)[O-])c1,CCOC(C)=O,298.15,-0.425642531288206,-0.3147182762622833
O=C(O)c1ccc(Cl)c([N+](=O)[O-])c1,CCCCCCCCO,298.15,-0.628308301924447,-0.6285495758056641
O=C(O)c1cc([N+](=O)[O-])ccc1Cl,CCOCC,298.15,-0.223078152604586,-0.04617537558078766
O=C(O)c1cc([N+](=O)[O-])ccc1Cl,CC(C)CO,298.15,-0.164561247217017,-0.47854745388031006
O=C(O)c1cc([N+](=O)[O-])ccc1Cl,CCCOC(C)=O,298.15,-0.257661736310862,-0.40257418155670166
O=C(O)c1cc([N+](=O)[O-])ccc1Cl,CCCCOC(C)=O,298.15,-0.296128153137456,-0.5155826210975647
O=C(O)c1cc([N+](=O)[O-])ccc1Cl,COC(C)=O,298.15,-0.018134836897419,-0.3506265878677368
O=C(O)c1cc([N+](=O)[O-])ccc1Cl,CCCCCCCCCCO,298.15,-0.387325467023589,-0.8039759397506714
O=C(O)c1cc([N+](=O)[O-])ccc1Cl,CCCCO,298.15,-0.061733966933548,-0.40257084369659424
O=C(O)c1cc([N+](=O)[O-])ccc1Cl,CCCCCCCCO,298.15,-0.295964352559057,-0.6228615045547485
O=C(O)c1cc([N+](=O)[O-])ccc1Cl,CC(C)CCO,298.15,-0.128581545358539,-0.5499124526977539
O=C(O)c1cc([N+](=O)[O-])ccc1Cl,CCCO,298.15,0.037121460090772,-0.31246259808540344
O=C(O)c1cc([N+](=O)[O-])ccc1Cl,CCOC(C)=O,298.15,-0.076810806346531,-0.31915584206581116
O=C(O)c1cc([N+](=O)[O-])ccc1Cl,CCCCCCCO,298.15,-0.237578466655766,-0.5564111471176147
O=C(O)c1cc([N+](=O)[O-])ccc1Cl,CCCCCCO,298.15,-0.160102305326624,-0.5121806263923645
O=C(O)c1cc([N+](=O)[O-])ccc1Cl,CCCCCO,298.15,-0.0894565303641,-0.47071921825408936
O=C(O)c1cc([N+](=O)[O-])ccc1Cl,CCCC(C)O,298.15,-0.075867485368656,-0.5435299277305603
O=C(O)c1cc([N+](=O)[O-])ccc1Cl,CCC(C)O,298.15,0.014184608194877,-0.46711504459381104
O=C(O)c1cc([N+](=O)[O-])ccc1Cl,CC(C)O,298.15,0.114634967252209,-0.3264525830745697
O=C(O)c1cc([N+](=O)[O-])ccc1Cl,CCO,298.15,0.234234886999361,-0.15831001102924347
O=C(O)c1cc([N+](=O)[O-])ccc1Cl,CC(C)(C)O,298.15,0.140148181457386,-0.5011076927185059
O=C(O)c1ccc(Cl)c([N+](=O)[O-])c1,C1COCCO1,298.15,0.256865466624895,-0.08065900951623917
O=C(O)c1ccc(Cl)c([N+](=O)[O-])c1,C1CCOC1,298.15,0.405664060742043,0.2133529782295227
O=C(O)c1cc([N+](=O)[O-])ccc1Cl,C1CCOC1,298.15,0.668909313882838,0.22397048771381378
O=C1c2ccccc2C(=O)c2c(Cl)cccc21,CO,298.15,-2.23192914384238,-2.26790452003479
O=C1c2ccccc2C(=O)c2c(Cl)cccc21,CC(C)CC(C)(C)C,298.15,-2.75308232988848,-2.3037407398223877
O=C1c2ccccc2C(=O)c2c(Cl)cccc21,CCCCCC,298.15,-2.63710319349365,-2.2412376403808594
O=C1c2ccccc2C(=O)c2c(Cl)cccc21,CC(C)O,298.15,-2.36851204106077,-2.5038681030273438
O=C1c2ccccc2C(=O)c2c(Cl)cccc21,CCO,298.15,-2.20707908063727,-2.317379951477051
O=C1c2ccccc2C(=O)c2c(Cl)cccc21,C1CCCCC1,298.15,-2.45213656501246,-2.3667168617248535
O=C1c2ccccc2C(=O)c2c(Cl)cccc21,CC(C)CO,298.15,-2.35892967742457,-2.3639636039733887
O=C1c2ccccc2C(=O)c2c(Cl)cccc21,CCCCCCC,298.15,-2.55785634898967,-2.31888484954834
O=C1c2ccccc2C(=O)c2c(Cl)cccc21,CC(C)(C)O,298.15,-2.32071488537701,-2.5854713916778564
O=C1c2ccccc2C(=O)c2c(Cl)cccc21,CC1CCCCC1,298.15,-2.43570081708437,-2.2733778953552246
O=C1c2ccccc2C(=O)c2c(Cl)cccc21,CCCCCCCC,298.15,-2.52903603078785,-2.4478163719177246
O=C1c2ccccc2C(=O)c2c(Cl)cccc21,CCCO,298.15,-2.19346882726958,-2.2667346000671387
O=C1c2ccccc2C(=O)c2c(Cl)cccc21,CCC(C)O,298.15,-2.25625136835483,-2.3985047340393066
O=C1c2ccccc2C(=O)c2c(Cl)cccc21,CC(C)CCO,298.15,-2.25585647819177,-2.3596153259277344
O=C1c2ccccc2C(=O)c2c(Cl)cccc21,CCCCO,298.15,-2.17772349449698,-2.2235801219940186
O=C1c2ccccc2C(=O)c2c(Cl)cccc21,CCCCCCCCCC,298.15,-2.46507606813678,-2.7326576709747314
O=C1c2ccccc2C(=O)c2c(Cl)cccc21,CCCC(C)O,298.15,-2.21094913354505,-2.3729515075683594
O=C1c2ccccc2C(=O)c2c(Cl)cccc21,CC(C)CC(C)O,298.15,-2.26185512500167,-2.489799737930298
O=C1c2ccccc2C(=O)c2c(Cl)cccc21,CCCC(C)CO,298.15,-2.19851818284382,-2.3461029529571533
O=C1c2ccccc2C(=O)c2c(Cl)cccc21,CCC(C)(C)O,298.15,-2.13414543956481,-2.5300328731536865
O=C1c2ccccc2C(=O)c2c(Cl)cccc21,CCCCCO,298.15,-2.09028583348705,-2.2254748344421387
O=C1c2ccccc2C(=O)c2c(Cl)cccc21,CC(C)OC(C)C,298.15,-2.14008977208392,-1.6684659719467163
O=C1c2ccccc2C(=O)c2c(Cl)cccc21,CCCCCCCCCCCCCCCC,298.15,-2.41414076244455,-3.273697853088379
O=C1c2ccccc2C(=O)c2c(Cl)cccc21,CCCCC(CC)CO,298.15,-2.1100812761882,-2.3829939365386963
O=C1c2ccccc2C(=O)c2c(Cl)cccc21,CCCCCCO,298.15,-2.01062072945825,-2.223410129547119
O=C1c2ccccc2C(=O)c2c(Cl)cccc21,CCCCCCCO,298.15,-1.99093288651412,-2.2083542346954346
O=C1c2ccccc2C(=O)c2c(Cl)cccc21,CCCCOCCCC,298.15,-1.99877013755993,-1.1882864236831665
O=C1c2ccccc2C(=O)c2c(Cl)cccc21,CCCCCCCCO,298.15,-1.96796732249257,-2.216562509536743
O=C1c2ccccc2C(=O)c2c(Cl)cccc21,CC#N,298.15,-1.47508850509595,-1.8175894021987915
O=C1c2ccccc2C(=O)c2c(Cl)cccc21,CCOCC,298.15,-1.7112044222107,-1.384232997894287
O=C1c2ccccc2C(=O)c2c(Cl)cccc21,COC(C)(C)C,298.15,-1.74130485904702,-1.5629825592041016
O=C1c2ccccc2C(=O)c2c(Cl)cccc21,CCCCCCCCCCO,298.15,-1.94065808219963,-2.224688768386841
O=C1c2ccccc2C(=O)c2c(Cl)cccc21,CCC#N,298.15,-1.29451603215139,-1.6437182426452637
O=C1c2ccccc2C(=O)c2c(Cl)cccc21,CCCCCl,298.15,-1.43009558562425,-1.0030152797698975
O=C1c2ccccc2C(=O)c2c(Cl)cccc21,ClC1CCCCC1,298.15,-1.38136092766832,-0.8387222290039062
O=C1c2ccccc2C(=O)c2c(Cl)cccc21,CCCC#N,298.15,-1.22209214569923,-1.5495964288711548
O=C1c2ccccc2C(=O)c2c(Cl)cccc21,CC(C)=O,298.15,-1.13630020683014,-1.297561764717102
O=C1c2ccccc2C(=O)c2c(Cl)cccc21,CCCCCOC(C)=O,298.15,-1.36078091574448,-1.1238585710525513
O=C1c2ccccc2C(=O)c2c(Cl)cccc21,CCC(C)=O,298.15,-1.12192391531751,-1.1614623069763184
O=C1c2ccccc2C(=O)c2c(Cl)cccc21,CCCOC(C)=O,298.15,-1.22925600451288,-1.1586041450500488
O=C1c2ccccc2C(=O)c2c(Cl)cccc21,COC(C)=O,298.15,-1.06647857682713,-1.2547597885131836
O=C1c2ccccc2C(=O)c2c(Cl)cccc21,CCOC(C)=O,298.15,-1.14920241498529,-1.213664174079895
O=C1c2ccccc2C(=O)c2c(Cl)cccc21,CCCCOC(C)=O,298.15,-1.27406812175083,-1.1219499111175537
O=C1c2ccccc2C(=O)c2c(Cl)cccc21,c1ccccc1,298.15,-0.857696395915313,-1.0526890754699707
O=C1c2ccccc2C(=O)c2c(Cl)cccc21,O=C1CCCCC1,298.15,-0.872190977646737,-0.7055758237838745
O=C1c2ccccc2C(=O)c2c(Cl)cccc21,Cc1ccccc1,298.15,-0.849607895950756,-1.0511409044265747
O=C1c2ccccc2C(=O)c2c(Cl)cccc21,C1CCOC1,298.15,-0.615675124902892,-0.8294313549995422
O=C1c2ccccc2C(=O)c2c(Cl)cccc21,Clc1ccccc1,298.15,-0.705986015256344,-0.8462759256362915
c1ccc2c(c1)Nc1ccccc1S2,CC(C)CC(C)(C)C,298.15,-2.49244927540496,-1.4798790216445923
c1ccc2c(c1)Nc1ccccc1S2,CCCCCC,298.15,-2.35126743046777,-1.2322556972503662
c1ccc2c(c1)Nc1ccccc1S2,CCCCCCC,298.15,-2.3225756832883,-1.3454617261886597
c1ccc2c(c1)Nc1ccccc1S2,CCCCCCCC,298.15,-2.27662570709984,-1.4441437721252441
c1ccc2c(c1)Nc1ccccc1S2,C1CCCCC1,298.15,-2.04201896405533,-1.2774280309677124
c1ccc2c(c1)Nc1ccccc1S2,CC1CCCCC1,298.15,-2.09320386732709,-1.2900495529174805
c1ccc2c(c1)Nc1ccccc1S2,CCCCCCCCCC,298.15,-2.26536889763216,-1.6696265935897827
c1ccc2c(c1)Nc1ccccc1S2,C1CCCCCCC1,298.15,-1.93002006573307,-1.5632420778274536
c1ccc2c(c1)Nc1ccccc1S2,CCCCCCCCCCCCCCCC,298.15,-2.24700323706279,-2.4660985469818115
c1ccc2c(c1)Nc1ccccc1S2,OCCO,298.15,-1.46546260214879,-1.0206235647201538
c1ccc2c(c1)Nc1ccccc1S2,CO,298.15,-0.895281169230831,-0.7409221529960632
c1ccc2c(c1)Nc1ccccc1S2,CC(C)CO,298.15,-1.23561992917905,-1.0291169881820679
c1ccc2c(c1)Nc1ccccc1S2,CC(C)(C)O,298.15,-1.20880196636787,-1.175171136856079
c1ccc2c(c1)Nc1ccccc1S2,CC(C)O,298.15,-1.10376349074286,-1.0160629749298096
c1ccc2c(c1)Nc1ccccc1S2,CCC(C)CO,298.15,-1.16966205938431,-1.094038963317871
c1ccc2c(c1)Nc1ccccc1S2,CC(C)CC(C)O,298.15,-1.23632876583558,-1.2687339782714844
c1ccc2c(c1)Nc1ccccc1S2,CCC(C)O,298.15,-1.09634128210782,-1.048895239830017
c1ccc2c(c1)Nc1ccccc1S2,CCCC(C)CO,298.15,-1.15076942509613,-1.1496957540512085
c1ccc2c(c1)Nc1ccccc1S2,CCCC(C)O,298.15,-1.09154730861895,-1.103486180305481
c1ccc2c(c1)Nc1ccccc1S2,CCCO,298.15,-0.924114690650652,-0.8893483877182007
c1ccc2c(c1)Nc1ccccc1S2,CCO,298.15,-0.815066045748239,-0.8105837106704712
c1ccc2c(c1)Nc1ccccc1S2,CC(C)CCO,298.15,-1.08021892290752,-1.094038963317871
c1ccc2c(c1)Nc1ccccc1S2,CCCCC(CC)CO,298.15,-1.18545621390654,-1.2206933498382568
c1ccc2c(c1)Nc1ccccc1S2,CCCCO,298.15,-0.915378872762868,-0.9247082471847534
c1ccc2c(c1)Nc1ccccc1S2,CCCCOCCCC,298.15,-1.16448295410248,-0.583467960357666
c1ccc2c(c1)Nc1ccccc1S2,CC#N,298.15,-0.644721120790725,-0.7468082904815674
c1ccc2c(c1)Nc1ccccc1S2,CC(C)OC(C)C,298.15,-1.06981125243177,-1.032774567604065
c1ccc2c(c1)Nc1ccccc1S2,CCCCCO,298.15,-0.902515789061327,-0.9793422818183899
c1ccc2c(c1)Nc1ccccc1S2,CCCCCCO,298.15,-0.897704719611612,-1.0340224504470825
c1ccc2c(c1)Nc1ccccc1S2,CCCCCCCO,298.15,-0.900014912225497,-1.0467807054519653
c1ccc2c(c1)Nc1ccccc1S2,CCCCCCCCO,298.15,-0.922679438160726,-1.0648345947265625
c1ccc2c(c1)Nc1ccccc1S2,CCCCCCCCCCO,298.15,-0.974814802479754,-1.162393569946289
c1ccc2c(c1)Nc1ccccc1S2,OC1CCCC1,298.15,-0.622169000945763,-0.7800722718238831
c1ccc2c(c1)Nc1ccccc1S2,COC(C)(C)C,298.15,-0.696379993161539,-0.8241842985153198
c1ccc2c(c1)Nc1ccccc1S2,CCOCC,298.15,-0.593427034098421,-0.5068406462669373
c1ccc2c(c1)Nc1ccccc1S2,CCC#N,298.15,-0.236885153833381,-0.6234868168830872
c1ccc2c(c1)Nc1ccccc1S2,CCCC#N,298.15,-0.154181200780503,-0.4859251379966736
c1ccc2c(c1)Nc1ccccc1S2,C1COCCO1,298.15,0.125814223792011,-0.10464225709438324
NC(=O)c1ccccc1O,CCCCOCCCC,298.15,-1.62837744608476,-0.9928016066551208
NC(=O)c1ccccc1O,CCCCCCCCCCO,298.15,-0.953441304313984,-1.0981972217559814
NC(=O)c1ccccc1O,CC(C)CO,298.15,-0.594620632154357,-0.5474858283996582
NC(=O)c1ccccc1O,CCCCC(CC)CO,298.15,-0.801324636832033,-0.9200758337974548
NC(=O)c1ccccc1O,CCCCCCCCO,298.15,-0.78596352146762,-0.8472380638122559
NC(=O)c1ccccc1O,CC(C)CCO,298.15,-0.616758988645275,-0.6367697715759277
NC(=O)c1ccccc1O,CC(C)(C)O,298.15,-0.495855042742751,-0.5337627530097961
NC(=O)c1ccccc1O,CCCCCCCO,298.15,-0.657516009913172,-0.7400554418563843
NC(=O)c1ccccc1O,CCCCO,298.15,-0.465337134388164,-0.48029446601867676
NC(=O)c1ccccc1O,CCCCCO,298.15,-0.519394629068958,-0.5722439289093018
NC(=O)c1ccccc1O,CCCCCCO,298.15,-0.569236402861635,-0.6503945589065552
NC(=O)c1ccccc1O,CCCO,298.15,-0.340879416004541,-0.35515666007995605
NC(=O)c1ccccc1O,CC(C)O,298.15,-0.350217641395462,-0.38757115602493286
NC(=O)c1ccccc1O,CCCC(C)O,298.15,-0.497403459041335,-0.621654748916626
NC(=O)c1ccccc1O,CCC(C)O,298.15,-0.400278226435679,-0.5243400931358337
NC(=O)c1ccccc1O,CCO,298.15,-0.166179228842011,-0.21341490745544434
NC(=O)c1ccccc1O,CO,298.15,0.022303363222801,0.016228077933192253
NC(=O)c1ccccc1O,CCCCOC(C)=O,298.15,-0.310012458628767,-0.6973621845245361
NC(=O)c1ccccc1O,CCCOC(C)=O,298.15,-0.216382129800918,-0.4713570177555084
NC(=O)c1ccccc1O,CCOC(C)=O,298.15,-0.083880945842179,-0.24625861644744873
NC(=O)c1ccccc1O,COC(C)=O,298.15,0.059969977031133,-0.17728087306022644
NC(=O)c1ccccc1O,C1COCCO1,298.15,0.269463667412144,-0.06912727653980255
NC(=O)c1ccccc1O,C1CCOC1,298.15,0.42200472374997,0.20947931706905365
CCc1ccc2c(c1)C(=O)c1ccccc1C2=O,CO,298.15,-1.48893983544436,-1.520479679107666
CCc1ccc2c(c1)C(=O)c1ccccc1C2=O,CCO,298.15,-1.38347094387272,-1.4851521253585815
CCc1ccc2c(c1)C(=O)c1ccccc1C2=O,CC(C)CC(C)(C)C,298.15,-1.81609566967522,-1.9860754013061523
CCc1ccc2c(c1)C(=O)c1ccccc1C2=O,CC(C)O,298.15,-1.47517517201409,-1.6178227663040161
CCc1ccc2c(c1)C(=O)c1ccccc1C2=O,CCCO,298.15,-1.45052029411349,-1.422780990600586
CCc1ccc2c(c1)C(=O)c1ccccc1C2=O,CC(C)CO,298.15,-1.49143830979372,-1.4500410556793213
CCc1ccc2c(c1)C(=O)c1ccccc1C2=O,CCCCCC,298.15,-1.59217529722174,-1.740950345993042
CCc1ccc2c(c1)C(=O)c1ccccc1C2=O,CCCCCCC,298.15,-1.56827657522502,-1.9383188486099243
CCc1ccc2c(c1)C(=O)c1ccccc1C2=O,C1CCCCC1,298.15,-1.42725160289395,-1.692199945449829
CCc1ccc2c(c1)C(=O)c1ccccc1C2=O,CCC(C)O,298.15,-1.34209224169271,-1.4941608905792236
CCc1ccc2c(c1)C(=O)c1ccccc1C2=O,CC(C)CCO,298.15,-1.40928669725888,-1.3683629035949707
CCc1ccc2c(c1)C(=O)c1ccccc1C2=O,CCCCO,298.15,-1.30892271112636,-1.3536649942398071
CCc1ccc2c(c1)C(=O)c1ccccc1C2=O,CC1CCCCC1,298.15,-1.44140987440922,-1.7866829633712769
CCc1ccc2c(c1)C(=O)c1ccccc1C2=O,CCCCCCCC,298.15,-1.53820265737519,-2.1273913383483887
CCc1ccc2c(c1)C(=O)c1ccccc1C2=O,CCCC(C)O,298.15,-1.28865470750372,-1.3980176448822021
CCc1ccc2c(c1)C(=O)c1ccccc1C2=O,CCCCCCCCCC,298.15,-1.51606973527749,-2.455040454864502
CCc1ccc2c(c1)C(=O)c1ccccc1C2=O,CCCCCO,298.15,-1.2543859870525,-1.3136111497879028
CCc1ccc2c(c1)C(=O)c1ccccc1C2=O,CCCCCCO,298.15,-1.2181453794955,-1.285804271697998
CCc1ccc2c(c1)C(=O)c1ccccc1C2=O,CC(C)OC(C)C,298.15,-1.20690587948129,-1.1187241077423096
CCc1ccc2c(c1)C(=O)c1ccccc1C2=O,CCCCC(CC)CO,298.15,-1.24393911374256,-1.2957849502563477
CCc1ccc2c(c1)C(=O)c1ccccc1C2=O,CCCCCCCO,298.15,-1.16253681798454,-1.276440978050232
CCc1ccc2c(c1)C(=O)c1ccccc1C2=O,CCCCCCCCO,298.15,-1.16798064564326,-1.242379069328308
CCc1ccc2c(c1)C(=O)c1ccccc1C2=O,CCCCOCCCC,298.15,-1.10794140083049,-0.661640465259552
CCc1ccc2c(c1)C(=O)c1ccccc1C2=O,CCCCCCCCCl,298.15,-0.670686381264385,-0.7288651466369629
CCc1ccc2c(c1)C(=O)c1ccccc1C2=O,ClC1CCCCC1,298.15,-0.506411747102187,-0.4839944541454315
CCc1ccc2c(c1)C(=O)c1ccccc1C2=O,CCCCCl,298.15,-0.421813997910997,-0.5687605738639832
CCc1ccc2c(c1)C(=O)c1ccccc1C2=O,CCOC(C)=O,298.15,-0.38386632142224,-0.5468260049819946
CCc1ccc2c(c1)C(=O)c1ccccc1C2=O,COC(C)=O,298.15,-0.241954762145768,-0.5210478901863098
CCc1ccc2c(c1)C(=O)c1ccccc1C2=O,CCCCOC(C)=O,298.15,-0.459333968832021,-0.5771000981330872
CCc1ccc2c(c1)C(=O)c1ccccc1C2=O,CCCCCOC(C)=O,298.15,-0.487737627045969,-0.5915992259979248
O=C(c1ccccc1)C(O)c1ccccc1,CC(C)O,298.15,-1.67083238940824,-1.6506942510604858
O=C(c1ccccc1)C(O)c1ccccc1,CC(C)CO,298.15,-1.73225625743116,-1.692447543144226
O=C(c1ccccc1)C(O)c1ccccc1,CCCCOCCCC,298.15,-1.97891756629924,-1.2747219800949097
O=C(c1ccccc1)C(O)c1ccccc1,CCC(C)O,298.15,-1.66960491428057,-1.7009614706039429
O=C(c1ccccc1)C(O)c1ccccc1,CCCC(C)O,298.15,-1.73608412170285,-1.7088161706924438
O=C(c1ccccc1)C(O)c1ccccc1,CC(C)(C)O,298.15,-1.67467546517775,-1.818081021308899
O=C(c1ccccc1)C(O)c1ccccc1,CC(C)CCO,298.15,-1.7126821932053,-1.698502779006958
O=C(c1ccccc1)C(O)c1ccccc1,CC(C)CC(C)O,298.15,-1.73928419205084,-1.7637603282928467
O=C(c1ccccc1)C(O)c1ccccc1,CCCO,298.15,-1.50449928707606,-1.488112449645996
O=C(c1ccccc1)C(O)c1ccccc1,CCCCO,298.15,-1.58705331365527,-1.5465681552886963
O=C(c1ccccc1)C(O)c1ccccc1,CCO,298.15,-1.38744670864124,-1.3414053916931152
O=C(c1ccccc1)C(O)c1ccccc1,CCCCCCO,298.15,-1.68989146786484,-1.6467514038085938
O=C(c1ccccc1)C(O)c1ccccc1,CCCCCO,298.15,-1.60813133273745,-1.593026041984558
O=C(c1ccccc1)C(O)c1ccccc1,CCCCCCCO,298.15,-1.71151781134593,-1.6888142824172974
O=C(c1ccccc1)C(O)c1ccccc1,CCCCCCCCO,298.15,-1.73444580832924,-1.6909772157669067
O=C(c1ccccc1)C(O)c1ccccc1,CCCCCCCCCCO,298.15,-1.75860842202928,-1.7640479803085327
O=C(c1ccccc1)C(O)c1ccccc1,COC(C)(C)C,298.15,-1.51360309621642,-1.4155619144439697
O=C(c1ccccc1)C(O)c1ccccc1,CCc1ccccc1,298.15,-1.43781152146229,-1.6980432271957397
O=C(c1ccccc1)C(O)c1ccccc1,Cc1ccc(C)cc1,298.15,-1.42643245965911,-1.6568113565444946
O=C(c1ccccc1)C(O)c1ccccc1,Cc1ccccc1,298.15,-1.29023425804041,-1.500964641571045
O=C(c1ccccc1)C(O)c1ccccc1,Cc1ccccc1C,298.15,-1.31312995429749,-1.6568114757537842
O=C(c1ccccc1)C(O)c1ccccc1,c1ccccc1,298.15,-0.971375813446523,-1.3344327211380005
O=C(c1ccccc1)C(O)c1ccccc1,CCCCCOC(C)=O,298.15,-1.15607947353356,-1.1928033828735352
O=C(c1ccccc1)C(O)c1ccccc1,CC(C)OCCO,298.15,-1.04436144111829,-1.1225087642669678
O=C(c1ccccc1)C(O)c1ccccc1,CCCCOC(C)=O,298.15,-1.08836590086329,-1.114340901374817
O=C(c1ccccc1)C(O)c1ccccc1,CCCCOCCO,298.15,-1.08272022422775,-0.7774574756622314
O=C(c1ccccc1)C(O)c1ccccc1,CCCOCCO,298.15,-1.00792999922837,-0.6484801173210144
O=C(c1ccccc1)C(O)c1ccccc1,CCCOC(C)=O,298.15,-1.00961578656106,-1.0066074132919312
O=C(c1ccccc1)C(O)c1ccccc1,COC(C)CCO,298.15,-0.996117632984029,-0.6484800577163696
O=C(c1ccccc1)C(O)c1ccccc1,CCOC(C)=O,298.15,-0.875014827938365,-0.8951345682144165
O=C(c1ccccc1)C(O)c1ccccc1,CCOCCO,298.15,-0.844598914796047,-0.6107118725776672
O=C(c1ccccc1)C(O)c1ccccc1,COC(C)=O,298.15,-0.734924845874771,-0.7916380167007446
O=C(c1ccccc1)C(O)c1ccccc1,ClCCCl,298.15,-0.562953375714089,-0.6402238607406616
O=C(c1ccccc1)C(O)c1ccccc1,C1COCCO1,298.15,-0.280212888822169,-0.49817484617233276
O=C(O)c1ccc(Cl)c(Cl)c1,CCCCOCCCC,298.15,-1.23735333235254,-0.3912868797779083
O=C(O)c1ccc(Cl)c(Cl)c1,COC(C)=O,298.15,-0.819629883995402,-0.36911138892173767
O=C(O)c1ccc(Cl)c(Cl)c1,CC(C)OC(C)C,298.15,-1.04422780438074,-0.4505634307861328
O=C(O)c1ccc(Cl)c(Cl)c1,CC(C)CO,298.15,-0.816709650161333,-0.19619035720825195
O=C(O)c1ccc(Cl)c(Cl)c1,CCCC(=O)OC,298.15,-0.895354332878848,-0.33345359563827515
O=C(O)c1ccc(Cl)c(Cl)c1,CCOC(C)=O,298.15,-0.767240329384474,-0.33685535192489624
O=C(O)c1ccc(Cl)c(Cl)c1,CCO,298.15,-0.522202805735721,0.084675133228302
O=C(O)c1ccc(Cl)c(Cl)c1,CCCOC(C)=O,298.15,-0.808284813129261,-0.4137682318687439
O=C(O)c1ccc(Cl)c(Cl)c1,CC(C)O,298.15,-0.629549214666844,-0.06727861613035202
O=C(O)c1ccc(Cl)c(Cl)c1,CCC(C)CO,298.15,-0.762324922722767,-0.31044453382492065
O=C(O)c1ccc(Cl)c(Cl)c1,CCCO,298.15,-0.600594882143458,-0.011669822037220001
O=C(O)c1ccc(Cl)c(Cl)c1,CCC(C)O,298.15,-0.677424744454041,-0.175860196352005
O=C(O)c1ccc(Cl)c(Cl)c1,CCCCO,298.15,-0.645647280758945,-0.09541130810976028
O=C(O)c1ccc(Cl)c(Cl)c1,CCCCOC(C)=O,298.15,-0.798732263325333,-0.4957430958747864
O=C(O)c1ccc(Cl)c(Cl)c1,CCCCCOC(C)=O,298.15,-0.829018625081489,-0.5937083959579468
O=C(O)c1ccc(Cl)c(Cl)c1,CC(C)CCO,298.15,-0.693115364084697,-0.31044453382492065
O=C(O)c1ccc(Cl)c(Cl)c1,CCCCCO,298.15,-0.687122017919491,-0.19963645935058594
O=C(O)c1ccc(Cl)c(Cl)c1,CCCCCCO,298.15,-0.711933129702946,-0.28769946098327637
O=C(O)c1ccc(Cl)c(Cl)c1,CCCC(C)CO,298.15,-0.703533575838102,-0.39796745777130127
O=C(O)c1ccc(Cl)c(Cl)c1,CCCCCCCCO,298.15,-0.804884568799873,-0.42538249492645264
O=C(O)c1ccc(Cl)c(Cl)c1,CCCC(C)O,298.15,-0.630545784516008,-0.2936834394931793
O=C(O)c1ccc(Cl)c(Cl)c1,CCCCCCCO,298.15,-0.741726446172036,-0.3509174883365631
O=C(O)c1ccc(Cl)c(Cl)c1,CC(C)CC(C)O,298.15,-0.683002029066531,-0.5240800380706787
O=C(O)c1ccc(Cl)c(Cl)c1,CCOCC,298.15,-0.514870723274581,-0.016041632741689682
O=C(O)c1ccc(Cl)c(Cl)c1,CC(C)(C)O,298.15,-0.424073449219219,-0.2633378505706787
O=C(O)c1ccc(Cl)c(Cl)c1,COC(C)(C)C,298.15,-0.505595854226284,-0.23079752922058105
O=C(O)c1ccc(Cl)c(Cl)c1,CCCCOCCO,298.15,-0.499235325521593,0.116986945271492
O=C(O)c1ccc(Cl)c(Cl)c1,CCOCCO,298.15,-0.318991996144844,0.21792063117027283
O=C(O)c1ccc(Cl)c(Cl)c1,CCCOCCO,298.15,-0.366142400409737,0.1936180144548416
O=C(O)c1ccc(Cl)c(Cl)c1,CC(C)OCCO,298.15,-0.356153564004559,-0.13107140362262726
O=C(O)c1ccc(Cl)c(Cl)c1,C1COCCO1,298.15,-0.217450994986678,0.037991948425769806
O=C(O)c1ccc(Cl)c(Cl)c1,COC(C)CCO,298.15,-0.325580658148253,0.1936180144548416
O=C(O)c1ccc(Cl)c(Cl)c1,C1CCOC1,298.15,0.140347358040321,0.3015749752521515
c1ccc2cc3ccccc3cc2c1,Cc1ccccc1,298.15,-1.15584597408156,0.2902332544326782
c1ccc2cc3ccccc3cc2c1,CCc1ccccc1,298.15,-1.23672265750747,0.2170785367488861
O=[N+]([O-])c1cc(Cl)ccc1Cl,CCC(C)O,298.15,-0.372210860541871,-0.37427520751953125
O=[N+]([O-])c1cc(Cl)ccc1Cl,CC(C)CC(C)(C)C,298.15,-0.592065694396748,-1.2228941917419434
O=[N+]([O-])c1cc(Cl)ccc1Cl,CCCCCC,298.15,-0.487712183615004,-0.7471039891242981
O=[N+]([O-])c1cc(Cl)ccc1Cl,CC(C)O,298.15,-0.251359166057673,-0.37598925828933716
O=[N+]([O-])c1cc(Cl)ccc1Cl,CC(C)CO,298.15,-0.300431289792996,-0.35467350482940674
O=[N+]([O-])c1cc(Cl)ccc1Cl,CCCCCCC,298.15,-0.487251833169275,-0.9268525242805481
O=[N+]([O-])c1cc(Cl)ccc1Cl,Cc1ccccc1,298.15,-0.337150581027383,0.7648335695266724
O=[N+]([O-])c1cc(Cl)ccc1Cl,CCO,298.15,-0.058190595863788,-0.17077307403087616
O=[N+]([O-])c1cc(Cl)ccc1Cl,CCCCCCCC,298.15,-0.499403102112401,-1.1071902513504028
O=[N+]([O-])c1cc(Cl)ccc1Cl,CCCO,298.15,-0.125265193005221,-0.21727827191352844
O=[N+]([O-])c1cc(Cl)ccc1Cl,CCCCCCCCCC,298.15,-0.509747129498175,-1.4527935981750488
O=[N+]([O-])c1cc(Cl)ccc1Cl,C1CCCCC1,298.15,-0.224368448199081,-0.46191343665122986
O=[N+]([O-])c1cc(Cl)ccc1Cl,CCCCCCCCCCCC,298.15,-0.531257713630882,-1.7476218938827515
O=[N+]([O-])c1cc(Cl)ccc1Cl,CC(C)CCO,298.15,-0.204440038269124,-0.35285305976867676
O=[N+]([O-])c1cc(Cl)ccc1Cl,CCCCO,298.15,-0.12554730012025,-0.20926305651664734
O=[N+]([O-])c1cc(Cl)ccc1Cl,CC1CCCCC1,298.15,-0.260268588909729,-0.5919229388237
O=[N+]([O-])c1cc(Cl)ccc1Cl,CCCCCO,298.15,-0.127484879272952,-0.20896276831626892
O=[N+]([O-])c1cc(Cl)ccc1Cl,CCCCCCO,298.15,-0.139805197691874,-0.21988515555858612
O=[N+]([O-])c1cc(Cl)ccc1Cl,CCCCCCCO,298.15,-0.160253501455565,-0.23438385128974915
O=[N+]([O-])c1cc(Cl)ccc1Cl,CCCCCCCCO,298.15,-0.171054361103242,-0.27861079573631287
O=[N+]([O-])c1cc(Cl)ccc1Cl,CCCCCCCCCCO,298.15,-0.210308561329249,-0.4253113865852356
O=[N+]([O-])c1cc(Cl)ccc1Cl,CC#N,298.15,1.00854030240815,1.0222325325012207
O=[N+]([O-])c1cc(Cl)ccc1Cl,COC(C)=O,298.15,1.03099812951238,1.2005820274353027
O=[N+]([O-])c1cc(Cl)ccc1Cl,Cc1ccc(C)cc1,298.15,0.862775773356953,0.6452052593231201
COc1ccc2cc([C@H](C)C(=O)O)ccc2c1,CO,298.15,-0.552670864918123,-0.453088641166687
CC(C(=O)O)c1cccc(C(=O)c2ccccc2)c1,CO,298.15,0.85360586723241,-0.1323748230934143
O=C(O)c1cccc(C(=O)O)c1,CC(C)CO,298.15,-1.5860494258508,-1.5417301654815674
O=C(O)c1cccc(C(=O)O)c1,CCCCCCCCCCO,298.15,-1.8673064344389,-1.899882197380066
O=C(O)c1cccc(C(=O)O)c1,CCCCCCCCO,298.15,-1.75218152570845,-1.7378824949264526
O=C(O)c1cccc(C(=O)O)c1,CC(C)CCO,298.15,-1.56978290246101,-1.645341157913208
O=C(O)c1cccc(C(=O)O)c1,CCCCCCCO,298.15,-1.68284498965693,-1.6883050203323364
O=C(O)c1cccc(C(=O)O)c1,CCCCCCO,298.15,-1.61402711805051,-1.6337108612060547
O=C(O)c1cccc(C(=O)O)c1,CCCCCO,298.15,-1.53340041683684,-1.5590169429779053
O=C(O)c1cccc(C(=O)O)c1,CCCC(C)O,298.15,-1.5234103297418,-1.6260979175567627
O=C(O)c1cccc(C(=O)O)c1,CCCCO,298.15,-1.43233862698224,-1.4438142776489258
O=C(O)c1cccc(C(=O)O)c1,CCCO,298.15,-1.31729200762447,-1.284528136253357
O=C(O)c1cccc(C(=O)O)c1,CCC(C)O,298.15,-1.3994462138934,-1.5050370693206787
O=C(O)c1cccc(C(=O)O)c1,CO,298.15,-1.02134634039852,-1.0300110578536987
O=C(O)c1cccc(C(=O)O)c1,CC(C)O,298.15,-1.26331020415192,-1.3179080486297607
O=C(O)c1cccc(C(=O)O)c1,CCO,298.15,-1.09689536686698,-1.0745007991790771
O=C(O)c1cccc(C(=O)O)c1,CCCCOCCO,298.15,-1.19992169565042,-1.0980522632598877
O=C(O)c1cccc(C(=O)O)c1,CCOCCO,298.15,-0.820833057581258,-0.9146567583084106
O=C(O)c1cccc(C(=O)O)c1,COCCO,298.15,-0.710125759448791,-0.5190915465354919
COc1cc(C(=O)O)cc(OC)c1OC,CC(C)OC(C)C,298.15,-1.73765603095026,-1.3130974769592285
COc1cc(C(=O)O)cc(OC)c1OC,OCCO,298.15,-0.981372030281999,-0.6273273229598999
COc1cc(C(=O)O)cc(OC)c1OC,CCOCC,298.15,-1.19085202220213,-0.8337100744247437
COc1cc(C(=O)O)cc(OC)c1OC,CC(C)CO,298.15,-1.00151275729439,-1.0510315895080566
COc1cc(C(=O)O)cc(OC)c1OC,CCCCCCCCCCO,298.15,-1.27232944564115,-1.5901049375534058
COc1cc(C(=O)O)cc(OC)c1OC,CCC(C)CO,298.15,-1.00382919979502,-1.1727020740509033
COc1cc(C(=O)O)cc(OC)c1OC,CC(C)CCO,298.15,-1.00650178965634,-1.1727021932601929
COc1cc(C(=O)O)cc(OC)c1OC,CC1COC(=O)O1,298.15,-0.88960840267916,-0.941669762134552
COc1cc(C(=O)O)cc(OC)c1OC,CCCCCCCCO,298.15,-1.13343400605383,-1.3992825746536255
COc1cc(C(=O)O)cc(OC)c1OC,CCCCCOC(C)=O,298.15,-1.1026079301404,-1.1537761688232422
COc1cc(C(=O)O)cc(OC)c1OC,CCCCO,298.15,-0.884138724610099,-0.9813374876976013
COc1cc(C(=O)O)cc(OC)c1OC,CCCOC(C)=O,298.15,-0.977335934611968,-0.8854962587356567
COc1cc(C(=O)O)cc(OC)c1OC,CCCCCO,298.15,-0.947078468153952,-1.113538384437561
COc1cc(C(=O)O)cc(OC)c1OC,CCCCOC(C)=O,298.15,-1.03270515227881,-1.0182490348815918
COc1cc(C(=O)O)cc(OC)c1OC,CCCO,298.15,-0.783227767194005,-0.824383020401001
COc1cc(C(=O)O)cc(OC)c1OC,CCCC(C)CO,298.15,-1.00037387819932,-1.275668978691101
COc1cc(C(=O)O)cc(OC)c1OC,CCCCCCCO,298.15,-1.05288901986593,-1.3284187316894531
COc1cc(C(=O)O)cc(OC)c1OC,CCCCCCO,298.15,-0.995850059039018,-1.2383809089660645
COc1cc(C(=O)O)cc(OC)c1OC,CCCC(=O)OC,298.15,-0.954572705079889,-0.7787514328956604
COc1cc(C(=O)O)cc(OC)c1OC,CC(C)CC(C)O,298.15,-0.995755951360282,-1.337012767791748
COc1cc(C(=O)O)cc(OC)c1OC,CC(C)O,298.15,-0.77172353377049,-0.8370316624641418
COc1cc(C(=O)O)cc(OC)c1OC,CCCC(C)O,298.15,-0.892653204497632,-1.1572630405426025
COc1cc(C(=O)O)cc(OC)c1OC,CCC(C)O,298.15,-0.814949249684935,-0.9994196891784668
COc1cc(C(=O)O)cc(OC)c1OC,CCO,298.15,-0.609839045691512,-0.6143487691879272
COc1cc(C(=O)O)cc(OC)c1OC,CO,298.15,-0.430043117615672,-0.29721739888191223
COc1cc(C(=O)O)cc(OC)c1OC,CCOC(C)=O,298.15,-0.778409921525418,-0.7356624007225037
COc1cc(C(=O)O)cc(OC)c1OC,COC(C)=O,298.15,-0.676404450731977,-0.6188060641288757
COc1cc(C(=O)O)cc(OC)c1OC,CC(C)(C)O,298.15,-0.641367967115176,-0.969598650932312
COc1cc(C(=O)O)cc(OC)c1OC,CCCOCCO,298.15,-0.46628153879048,-0.5159030556678772
COc1cc(C(=O)O)cc(OC)c1OC,CC(C)OCCO,298.15,-0.431835678542462,-0.9273434281349182
COc1cc(C(=O)O)cc(OC)c1OC,CCCCOCCO,298.15,-0.422100131546551,-0.7044203877449036
COc1cc(C(=O)O)cc(OC)c1OC,CCOCCO,298.15,-0.267300512222066,-0.3830648958683014
COc1cc(C(=O)O)cc(OC)c1OC,C1COCCO1,298.15,-0.158310196620332,-0.31643325090408325
COc1cc(C(=O)O)cc(OC)c1OC,C1CCOC1,298.15,-0.001111545333958,-0.29065507650375366
Cc1cnc(C(=O)O)c[n+]1[O-],CC#N,298.15,-1.651,-1.973536491394043
Cc1cnc(C(=O)O)c[n+]1[O-],CC(C)=O,298.15,-1.523,-1.6050599813461304
Cc1cnc(C(=O)O)c[n+]1[O-],CO,298.15,-1.097,-1.2949458360671997
Cc1cnc(C(=O)O)c[n+]1[O-],CO,283.15,-1.27645648855857,-1.5255000591278076
Cc1cnc(C(=O)O)c[n+]1[O-],CO,288.15,-1.21516136741451,-1.4431772232055664
Cc1cnc(C(=O)O)c[n+]1[O-],CO,293.15,-1.15125293812426,-1.365105390548706
Cc1cnc(C(=O)O)c[n+]1[O-],CO,298.15,-1.09014447695006,-1.2949460744857788
Cc1cnc(C(=O)O)c[n+]1[O-],CO,303.15,-1.02913886594927,-1.2295703887939453
Cc1cnc(C(=O)O)c[n+]1[O-],CO,308.15,-0.966683058702492,-1.1612263917922974
Cc1cnc(C(=O)O)c[n+]1[O-],CO,313.15,-0.901765051342214,-1.090882658958435
Cc1cnc(C(=O)O)c[n+]1[O-],CO,318.15,-0.840811000155987,-1.0231618881225586
CC(C)(C)c1ccc(C(=O)O)cc1,CC#N,298.15,-0.685230805950664,-0.22421817481517792
CC(C)(C)c1ccc(C(=O)O)cc1,CCC#N,298.15,-0.579301241218833,-0.19689276814460754
CC(C)(C)c1ccc(C(=O)O)cc1,CC(C)CO,298.15,-0.290864678925455,0.19922208786010742
CC(C)(C)c1ccc(C(=O)O)cc1,CC(C)O,298.15,-0.201318899751713,0.3085949122905731
CC(C)(C)c1ccc(C(=O)O)cc1,CCCCCOC(C)=O,298.15,-0.395071108227344,-0.3151293992996216
CC(C)(C)c1ccc(C(=O)O)cc1,CC(C)CCO,298.15,-0.249129724567025,0.12836800515651703
CC(C)(C)c1ccc(C(=O)O)cc1,CCC(C)O,298.15,-0.163661620566611,0.23057357966899872
CC(C)(C)c1ccc(C(=O)O)cc1,COC(C)=O,298.15,-0.099645529082059,-0.12453444302082062
CC(C)(C)c1ccc(C(=O)O)cc1,CCO,298.15,0.053490464197867,0.29406777024269104
CC(C)(C)c1ccc(C(=O)O)cc1,CCCOC(C)=O,298.15,-0.225119180700932,-0.18206392228603363
CC(C)(C)c1ccc(C(=O)O)cc1,CC(C)(C)O,298.15,-0.133908691088177,0.19310304522514343
CC(C)(C)c1ccc(C(=O)O)cc1,CCCO,298.15,-0.019281524443736,0.2812480628490448
CC(C)(C)c1ccc(C(=O)O)cc1,CCCCOC(C)=O,298.15,-0.25878216086261,-0.25685304403305054
CC(C)(C)c1ccc(C(=O)O)cc1,CCOC(C)=O,298.15,-0.116467886088194,-0.12344866245985031
CC(C)(C)c1ccc(C(=O)O)cc1,CCCCO,298.15,-0.065896328904324,0.21546617150306702
CC(C)(C)c1ccc(C(=O)O)cc1,CCCCCO,298.15,-0.134117049376016,0.17186301946640015
CC(C)(C)c1ccc(C(=O)O)cc1,CCCCCCO,298.15,-0.182834029741404,0.11862896382808685
CC(C)(C)c1ccc(C(=O)O)cc1,CCCCCCCO,298.15,-0.192118870736501,0.04242458939552307
CC(C)(C)c1ccc(C(=O)O)cc1,CCCCOCCO,298.15,-0.034045314309809,0.16771474480628967
CC(C)(C)c1ccc(C(=O)O)cc1,CCCOCCO,298.15,0.069083914679589,0.21136634051799774
CC(C)(C)c1ccc(C(=O)O)cc1,CCOCCO,298.15,0.18985628658588,0.29741889238357544
CC(C)(C)c1ccc(C(=O)O)cc1,C1COCCO1,298.15,0.31056703544993,0.4667551517486572
CC(=O)CC(=O)Nc1ccccc1,CCCCOCCCC,298.15,-1.61621904124215,-0.8642746806144714
CC(=O)CC(=O)Nc1ccccc1,CC(C)OC(C)C,298.15,-1.5216610378784,-0.929412305355072
CC(=O)CC(=O)Nc1ccccc1,CC(C)O,298.15,-0.851705115933243,-0.4716910123825073
CC(=O)CC(=O)Nc1ccccc1,CC(C)CO,298.15,-0.916107932752751,-0.4679701030254364
CC(=O)CC(=O)Nc1ccccc1,COC(C)(C)C,298.15,-1.01111548399821,-0.7790219783782959
CC(=O)CC(=O)Nc1ccccc1,CC(C)CC(C)O,298.15,-1.0313511943527,-0.7113633751869202
CC(=O)CC(=O)Nc1ccccc1,CC(C)CCO,298.15,-0.931257027306541,-0.5185576677322388
CC(=O)CC(=O)Nc1ccccc1,CCCCCCO,298.15,-0.973883148770927,-0.5579657554626465
CC(=O)CC(=O)Nc1ccccc1,CC(C)(C)O,298.15,-0.844046180125491,-0.6022822260856628
CC(=O)CC(=O)Nc1ccccc1,CCC(C)O,298.15,-0.830751022459268,-0.4814998507499695
CC(=O)CC(=O)Nc1ccccc1,CCC(C)(C)O,298.15,-0.885938503850555,-0.6196529269218445
CC(=O)CC(=O)Nc1ccccc1,CCCCCCCO,298.15,-0.984322273734255,-0.6639760732650757
CC(=O)CC(=O)Nc1ccccc1,CCCCCO,298.15,-0.862302444999702,-0.4529792070388794
CC(=O)CC(=O)Nc1ccccc1,CCCCO,298.15,-0.741580177781321,-0.3531390428543091
CC(=O)CC(=O)Nc1ccccc1,CCO,298.15,-0.493057151788875,-0.18739555776119232
CC(=O)CC(=O)Nc1ccccc1,CCCO,298.15,-0.587135513756255,-0.3008946180343628
CC(=O)CC(=O)Nc1ccccc1,CCCCCOC(C)=O,298.15,-0.457422426523346,-0.9728107452392578
CC(=O)CC(=O)Nc1ccccc1,CCCCOC(C)=O,298.15,-0.331320964119685,-0.919342041015625
CC(=O)CC(=O)Nc1ccccc1,CCCOC(C)=O,298.15,-0.233130355305181,-0.8106686472892761
CC(=O)CC(=O)Nc1ccccc1,CCCC(=O)OC,298.15,-0.224585420623746,-0.6704768538475037
CC(=O)CC(=O)Nc1ccccc1,CCOC(C)=O,298.15,-0.044949050241465,-0.6792272925376892
CC(=O)CC(=O)Nc1ccccc1,COC(C)=O,298.15,0.097206503508948,-0.524048924446106
CC(=O)CC(=O)Nc1ccccc1,CCC#N,298.15,0.272210532709764,-0.6251389384269714
O=c1c2ccccc2oc2ccccc12,CCC(C)O,298.15,-1.59139806489716,-1.2338438034057617
O=c1c2ccccc2oc2ccccc12,CCO,298.15,-1.37245754027414,-1.0450364351272583
O=c1c2ccccc2oc2ccccc12,CC(C)O,298.15,-1.45279758359252,-1.2363744974136353
O=c1c2ccccc2oc2ccccc12,CCCO,298.15,-1.38347508776543,-1.0525662899017334
O=c1c2ccccc2oc2ccccc12,CC(C)OC(C)C,298.15,-1.5895081637096,-1.1709589958190918
O=c1c2ccccc2oc2ccccc12,CC(C)CO,298.15,-1.39993689066024,-1.2132885456085205
O=c1c2ccccc2oc2ccccc12,CC(C)(C)O,298.15,-1.38604056208851,-1.3890936374664307
O=c1c2ccccc2oc2ccccc12,CCCCO,298.15,-1.32451926109796,-1.059802532196045
O=c1c2ccccc2oc2ccccc12,CC(C)CCO,298.15,-1.38653111216712,-1.1775685548782349
O=c1c2ccccc2oc2ccccc12,CCC(C)(C)O,298.15,-1.37118991783018,-1.331365942955017
O=c1c2ccccc2oc2ccccc12,CC(C)CC(C)O,298.15,-1.42517465604883,-1.2378305196762085
O=c1c2ccccc2oc2ccccc12,CCCCCO,298.15,-1.30799082708087,-1.0810738801956177
O=c1c2ccccc2oc2ccccc12,CCCCC(CC)CO,298.15,-1.41936818408204,-1.1227169036865234
O=c1c2ccccc2oc2ccccc12,CCCCCCO,298.15,-1.28368968087251,-1.0632820129394531
O=c1c2ccccc2oc2ccccc12,CCOCCO,298.15,-1.11677358992137,-0.3850246071815491
O=c1c2ccccc2oc2ccccc12,CCCCCCCO,298.15,-1.24362167362201,-1.0348913669586182
O=c1c2ccccc2oc2ccccc12,CCCCCCCCO,298.15,-1.24519388437978,-1.0154794454574585
O=c1c2ccccc2oc2ccccc12,COC(C)=O,298.15,-0.850152836861908,-0.7607130408287048
O=c1c2ccccc2oc2ccccc12,CCOC(C)=O,298.15,-0.906210786810424,-0.7804474830627441
O=c1c2ccccc2oc2ccccc12,CCCOC(C)=O,298.15,-0.962919632169624,-0.7822808623313904
O=c1c2ccccc2oc2ccccc12,CCCCOC(C)=O,298.15,-1.00352696488784,-0.7978843450546265
O=c1c2ccccc2oc2ccccc12,CCCCCOC(C)=O,298.15,-0.954980321977598,-0.8257656097412109
Nc1ccc(S(=O)(=O)Nc2ncccn2)cc1,CC#N,293.15,-1.99262280589619,-1.3141493797302246
Nc1ccc(S(=O)(=O)Nc2ncccn2)cc1,CC#N,298.15,-1.93778442698851,-1.2458102703094482
Nc1ccc(S(=O)(=O)Nc2ncccn2)cc1,CC#N,303.15,-1.90172912924127,-1.1851619482040405
Nc1ccc(S(=O)(=O)Nc2ncccn2)cc1,CC#N,308.15,-1.83880111381297,-1.145356297492981
Nc1ccc(S(=O)(=O)Nc2ncccn2)cc1,CC#N,313.15,-1.7939689283368,-1.109573245048523
CC(=O)Nc1ccc(O)cc1,CCCO,293.15,-0.251086150231694,-0.09116368740797043
CC(=O)Nc1ccc(O)cc1,CCCO,298.15,-0.218368484765975,-0.03539416939020157
CC(=O)Nc1ccc(O)cc1,CCCO,303.15,-0.184358540083413,0.02200646698474884
CC(=O)Nc1ccc(O)cc1,CCCO,308.15,-0.134897625566599,0.08410705626010895
CC(=O)Nc1ccc(O)cc1,CCCO,313.15,-0.10302672318145,0.15054726600646973
COC(=O)c1ccc(O)cc1,CC#N,278.15,-0.450989561246887,-0.06177382171154022
COC(=O)c1ccc(O)cc1,CC#N,293.15,-0.058047610126409,0.15186284482479095
COC(=O)c1ccc(O)cc1,CC#N,283.15,-0.308483104965763,0.004579711705446243
COC(=O)c1ccc(O)cc1,CC#N,313.15,0.476287793409345,0.5410417914390564
COC(=O)c1ccc(O)cc1,CC#N,288.15,-0.169035070821225,0.07380658388137817
COC(=O)c1ccc(O)cc1,CC#N,298.15,0.125886449760661,0.22489675879478455
COC(=O)c1ccc(O)cc1,CC#N,303.15,0.254648158626138,0.3239750862121582
COC(=O)c1ccc(O)cc1,CC#N,308.15,0.3773648628962,0.42944279313087463
COC(=O)c1ccc(O)cc1,CC#N,318.15,0.625681379049249,0.6524314284324646
Cc1ccc(C(=O)O)cc1[N+](=O)[O-],CC#N,298.15,-0.799559030834718,-1.1673861742019653
Cc1ccc(C(=O)O)cc1[N+](=O)[O-],CC(C)OC(C)C,298.15,-1.10853914494426,-1.0193878412246704
Cc1ccc(C(=O)O)cc1[N+](=O)[O-],CCC(C)CO,298.15,-0.776537813625264,-0.992820680141449
Cc1ccc(C(=O)O)cc1[N+](=O)[O-],CC(C)CO,298.15,-0.674227243130083,-0.9439096450805664
Cc1ccc(C(=O)O)cc1[N+](=O)[O-],CC(C)CCO,298.15,-0.686374892959067,-0.9928207993507385
Cc1ccc(C(=O)O)cc1[N+](=O)[O-],CCOCC,298.15,-0.629533217653601,-0.7191003561019897
Cc1ccc(C(=O)O)cc1[N+](=O)[O-],CCCCC(CC)CO,298.15,-0.803546801300666,-1.1392515897750854
Cc1ccc(C(=O)O)cc1[N+](=O)[O-],CCCCO,298.15,-0.541847328786746,-0.9038137197494507
Cc1ccc(C(=O)O)cc1[N+](=O)[O-],CC(C)O,298.15,-0.462248454751865,-0.8239425420761108
Cc1ccc(C(=O)O)cc1[N+](=O)[O-],CCCO,298.15,-0.437657850589683,-0.8062726855278015
Cc1ccc(C(=O)O)cc1[N+](=O)[O-],CO,298.15,-0.166847736073556,-0.5695168972015381
Cc1ccc(C(=O)O)cc1[N+](=O)[O-],CCCCCOC(C)=O,298.15,-0.731534920868598,-1.0191612243652344
Cc1ccc(C(=O)O)cc1[N+](=O)[O-],CCCCCO,298.15,-0.588933891230917,-0.9739404320716858
Cc1ccc(C(=O)O)cc1[N+](=O)[O-],CCCCCCO,298.15,-0.651677625643037,-1.0161880254745483
Cc1ccc(C(=O)O)cc1[N+](=O)[O-],CCC(C)O,298.15,-0.511302711801908,-0.9078114628791809
Cc1ccc(C(=O)O)cc1[N+](=O)[O-],CC(C)CC(C)O,298.15,-0.644862382398852,-1.043533444404602
Cc1ccc(C(=O)O)cc1[N+](=O)[O-],CCO,298.15,-0.302822630954864,-0.6750955581665039
Cc1ccc(C(=O)O)cc1[N+](=O)[O-],CCCC(C)O,298.15,-0.566866009507548,-0.9864615201950073
Cc1ccc(C(=O)O)cc1[N+](=O)[O-],CCCCCCCO,298.15,-0.678095735133956,-1.0622469186782837
Cc1ccc(C(=O)O)cc1[N+](=O)[O-],CCCCCCCCO,298.15,-0.725057276451329,-1.1261646747589111
Cc1ccc(C(=O)O)cc1[N+](=O)[O-],CCCCOC(C)=O,298.15,-0.640537081497804,-0.969498872756958
Cc1ccc(C(=O)O)cc1[N+](=O)[O-],COC(C)=O,298.15,-0.40586557983863,-0.7734974026679993
Cc1ccc(C(=O)O)cc1[N+](=O)[O-],CCCCCCCCCCO,298.15,-0.781841084076596,-1.3109095096588135
Cc1ccc(C(=O)O)cc1[N+](=O)[O-],CCOC(C)=O,298.15,-0.489292683784961,-0.7996433973312378
Cc1ccc(C(=O)O)cc1[N+](=O)[O-],C1COCCO1,298.15,0.123450698740325,-0.20367439091205597
Cc1ccc(C(=O)O)cc1[N+](=O)[O-],C1CCOC1,298.15,0.325509151206122,-0.17621059715747833
Nc1ccc(O)c(C(=O)O)c1,CCO,298.15,-2.98799507536885,-2.0019173622131348
Nc1ccc(O)c(C(=O)O)c1,CCO,303.15,-2.94526918535336,-1.920831561088562
Nc1ccc(O)c(C(=O)O)c1,CCO,308.15,-2.88880534075873,-1.8446677923202515
Nc1ccc(O)c(C(=O)O)c1,CCO,313.15,-2.85375661229779,-1.7604256868362427
Nc1ccc(O)c(C(=O)O)c1,CCO,293.15,-3.04578372429422,-2.0858232975006104
c1ccc2cc3ccccc3cc2c1,CCOC(=O)OCC,298.15,-1.34273973923007,-0.020087286829948425
COc1ccc(C(=O)O)cc1,CCOC(=O)OCC,298.15,-1.30234431142496,-1.046902060508728
COc1cc(C(=O)O)cc(OC)c1OC,CCOC(=O)OCC,298.15,-1.2362117503149,-0.8919641375541687
O=C1c2ccccc2C(=O)c2c(Cl)cccc21,CCOC(=O)OCC,298.15,-1.19042858248418,-1.1666415929794312
O=C(O)c1ccc(Cl)c(Cl)c1,CCOC(=O)OCC,298.15,-1.17163292444861,-0.601720929145813
Cc1ccc(C(=O)O)cc1[N+](=O)[O-],CCOC(=O)OCC,298.15,-0.987829119740499,-0.9741448163986206
O=C(O)c1ccc(Cl)c([N+](=O)[O-])c1,CCOC(=O)OCC,298.15,-0.953442664646524,-0.5786465406417847
CC(=O)Oc1ccccc1C(=O)O,CCOC(=O)OCC,298.15,-0.719073072956045,-0.4824196696281433
O=C(O)c1cc([N+](=O)[O-])ccc1Cl,CCOC(=O)OCC,298.15,-0.579519291556731,-0.585193395614624
CC(C)(C)c1ccc(C(=O)O)cc1,CCOC(=O)OCC,298.15,-0.547307735442869,-0.31231367588043213
NC(=O)c1ccccc1O,CCOC(=O)OCC,298.15,-0.505904585088542,-0.6665099263191223
c1ccc2c(c1)Nc1ccccc1S2,CCOC(=O)OCC,298.15,-0.49127694681542,-0.5516698360443115
c1cc2ccc3cccc4ccc(c1)c2c34,CCOC(=O)OCC,298.15,-0.408890528873998,-0.4492396116256714
Cc1cccc(C(=O)O)c1,CCOC(=O)OCC,298.15,-0.061529248687056,-0.25040388107299805
Cc1ccccc1C(=O)O,CCOC(=O)OCC,298.15,-0.039285325316077,0.16325145959854126
O=C(c1ccccc1)C(O)c1ccccc1,CCOC(=O)OCC,298.15,0.004439616492456,-1.0427669286727905
O=C(O)c1ccccc1,CCOC(=O)OCC,298.15,0.017695879480288,0.006058306433260441
O=C(C(=O)c1ccccc1)c1ccccc1,CCOC(=O)OCC,298.15,0.102723366079583,-0.08386850357055664
c1ccc(-c2ccccc2)cc1,CCOC(=O)OCC,298.15,0.401877910366246,0.3756909966468811
O=[N+]([O-])c1cc(Cl)ccc1Cl,CCOC(=O)OCC,298.15,0.808628617523746,1.003067135810852
c1ccc2cc3ccccc3cc2c1,COC(=O)OC,298.15,-1.42685493410834,-0.17673249542713165
O=C(O)c1ccc(Cl)c(Cl)c1,COC(=O)OC,298.15,-1.23170363561459,-0.4665728509426117
COc1ccc(C(=O)O)cc1,COC(=O)OC,298.15,-1.12543091850565,-0.9968774318695068
O=C1c2ccccc2C(=O)c2c(Cl)cccc21,COC(=O)OC,298.15,-1.0204078254963,-0.9555636048316956
COc1cc(C(=O)O)cc(OC)c1OC,COC(=O)OC,298.15,-0.968110627639747,-0.9045681953430176
O=C(c1ccccc1)C(O)c1ccccc1,COC(=O)OC,298.15,-0.838759562951529,-0.8327979445457458
O=C(O)c1ccc(Cl)c([N+](=O)[O-])c1,COC(=O)OC,298.15,-0.772131736299153,-0.4356311559677124
c1cc2ccc3cccc4ccc(c1)c2c34,COC(=O)OC,298.15,-0.535364013503575,-0.5626433491706848
c1ccc2c(c1)Nc1ccccc1S2,COC(=O)OC,298.15,-0.52671120493536,-0.31294283270835876
CC(C)(C)c1ccc(C(=O)O)cc1,COC(=O)OC,298.15,-0.392060293963925,-0.33145275712013245
NC(=O)c1ccccc1O,COC(=O)OC,298.15,-0.302066727754537,-0.5594230890274048
O=C(O)c1ccccc1O,COC(=O)OC,298.15,-0.161503326945604,-0.09688897430896759
c1cc2c3c(cccc3c1)CC2,COC(=O)OC,298.15,-0.103033764352537,-0.17349639534950256
Cc1cccc(C(=O)O)c1,COC(=O)OC,298.15,-0.036007707217121,-0.19857169687747955
c1ccc2c(c1)Cc1ccccc1O2,COC(=O)OC,298.15,-0.027038674938732,0.04177989065647125
Cc1ccccc1C(=O)O,COC(=O)OC,298.15,-0.024423068030494,0.14785024523735046
O=C(O)c1ccccc1,COC(=O)OC,298.15,0.105179121993246,0.08747022598981857
O=C(C(=O)c1ccccc1)c1ccccc1,COC(=O)OC,298.15,0.254763895900926,0.010795285925269127
c1ccc(-c2ccccc2)cc1,COC(=O)OC,298.15,0.693693716377895,0.2233782559633255
CC(=O)N1CCN(c2ccc(OC[C@H]3CO[C@](Cn4ccnc4)(c4ccc(Cl)cc4Cl)O3)cc2)CC1,CC#N,293.15,-1.80725384127953,-1.3240644931793213
CC(=O)N1CCN(c2ccc(OC[C@H]3CO[C@](Cn4ccnc4)(c4ccc(Cl)cc4Cl)O3)cc2)CC1,CC#N,298.15,-1.69599689440258,-1.2105146646499634
CC(=O)N1CCN(c2ccc(OC[C@H]3CO[C@](Cn4ccnc4)(c4ccc(Cl)cc4Cl)O3)cc2)CC1,CC#N,303.15,-1.58817673636338,-1.0877574682235718
CC(=O)N1CCN(c2ccc(OC[C@H]3CO[C@](Cn4ccnc4)(c4ccc(Cl)cc4Cl)O3)cc2)CC1,CC#N,308.15,-1.50499717582486,-0.9682610630989075
CC(=O)N1CCN(c2ccc(OC[C@H]3CO[C@](Cn4ccnc4)(c4ccc(Cl)cc4Cl)O3)cc2)CC1,CC#N,313.15,-1.43164267960118,-0.8604018688201904
Nc1ccc(O)c(C(=O)O)c1,CC#N,293.15,-3.73064847836108,-2.3586556911468506
Nc1ccc(O)c(C(=O)O)c1,CC#N,298.15,-3.62072700052806,-2.26606822013855
Nc1ccc(O)c(C(=O)O)c1,CC#N,303.15,-3.5436425056252,-2.173936367034912
Nc1ccc(O)c(C(=O)O)c1,CC#N,308.15,-3.45427351095755,-2.0819129943847656
Nc1ccc(O)c(C(=O)O)c1,CC#N,313.15,-3.37916857325007,-1.9847420454025269
Nc1ccc(S(=O)(=O)Nc2ncccn2)cc1,CCOCCOCCO,313.15,-1.34172529668004,-1.0396515130996704
Nc1ccc(S(=O)(=O)Nc2ncccn2)cc1,CCOCCOCCO,278.15,-1.32303978811957,-1.4473202228546143
Nc1ccc(S(=O)(=O)Nc2ncccn2)cc1,CCOCCOCCO,303.15,-1.32428951902065,-1.1753283739089966
Nc1ccc(S(=O)(=O)Nc2ncccn2)cc1,CCOCCOCCO,298.15,-1.29451473621234,-1.2325046062469482
Nc1ccc(S(=O)(=O)Nc2ncccn2)cc1,CCOCCOCCO,283.15,-1.31354488389273,-1.399061679840088
Nc1ccc(S(=O)(=O)Nc2ncccn2)cc1,CCOCCOCCO,293.15,-1.31564859291288,-1.285545825958252
Nc1ccc(S(=O)(=O)Nc2ncccn2)cc1,CCOCCOCCO,288.15,-1.30433377243896,-1.342734694480896
Nc1ccc(S(=O)(=O)Nc2ncccn2)cc1,CCOCCOCCO,308.15,-1.30739890171588,-1.1145492792129517
CC(=O)N1CCN(c2ccc(OC[C@H]3CO[C@](Cn4ccnc4)(c4ccc(Cl)cc4Cl)O3)cc2)CC1,CCO,293.15,-0.156467264746628,-1.3562045097351074
CC(=O)N1CCN(c2ccc(OC[C@H]3CO[C@](Cn4ccnc4)(c4ccc(Cl)cc4Cl)O3)cc2)CC1,CCO,298.15,-0.05912711178798,-1.2353492975234985
CC(=O)N1CCN(c2ccc(OC[C@H]3CO[C@](Cn4ccnc4)(c4ccc(Cl)cc4Cl)O3)cc2)CC1,CCO,303.15,-0.020209526484739,-1.1154168844223022
CC(=O)N1CCN(c2ccc(OC[C@H]3CO[C@](Cn4ccnc4)(c4ccc(Cl)cc4Cl)O3)cc2)CC1,CCO,308.15,0.073303630984497,-1.0032364130020142
Nc1nnc(-c2cccc(Cl)c2Cl)c(N)n1,CCOCCOCCO,303.15,-0.343227870431524,-0.21665817499160767
Nc1nnc(-c2cccc(Cl)c2Cl)c(N)n1,CCOCCOCCO,293.15,-0.491134439039942,-0.2850179374217987
Nc1nnc(-c2cccc(Cl)c2Cl)c(N)n1,CCOCCOCCO,298.15,-0.397207839900212,-0.24969640374183655
Nc1nnc(-c2cccc(Cl)c2Cl)c(N)n1,CCOCCOCCO,308.15,-0.279101861054279,-0.1905808299779892
Nc1nnc(-c2cccc(Cl)c2Cl)c(N)n1,CCOCCOCCO,313.15,-0.218429122330235,-0.1711110919713974
O=S1(=O)c2ccccc2-c2ccccc21,O=C1CCCO1,320.3,-0.29631181218963,-0.45664823055267334
O=S1(=O)c2ccccc2-c2ccccc21,O=C1CCCO1,334.8,-0.163197548110162,-0.2875540554523468
O=S1(=O)c2ccccc2-c2ccccc21,O=C1CCCO1,346.9,-0.058409001437046,-0.12464559078216553
O=S1(=O)c2ccccc2-c2ccccc21,O=C1CCCO1,351.6,0.01198712155371,-0.11508934199810028
O=S1(=O)c2ccccc2-c2ccccc21,O=C1CCCO1,352.7,0.023780855894372,-0.11746317893266678
O=S1(=O)c2ccccc2-c2ccccc21,O=C1CCCO1,355.9,0.064219781889647,-0.13627701997756958
O=S1(=O)c2ccccc2-c2ccccc21,O=C1CCCO1,358.2,0.09907461865686,-0.16129982471466064
O=S1(=O)c2ccccc2-c2ccccc21,O=C1CCCO1,360.8,0.143794793456717,-0.20210644602775574
O=S1(=O)c2ccccc2-c2ccccc21,O=C1CCCO1,363.2,0.199126483075079,-0.25001269578933716
O=S1(=O)c2ccccc2-c2ccccc21,O=C1CCCO1,363.7,0.212435213491903,-0.26044899225234985
c1ccc2c(c1)sc1ccccc12,CCCCCCCCCCCCCC,278.2,-1.03685251251114,-2.2884366512298584
c1ccc2c(c1)sc1ccccc12,CCCCCCCCCCCCCC,283.9,-0.920644220917544,-2.135148763656616
c1ccc2c(c1)sc1ccccc12,CCCCCCCCCCCCCC,291.0,-0.794070352868649,-1.8942272663116455
c1ccc2c(c1)sc1ccccc12,CCCCCCCCCCCCCC,298.3,-0.673192024603113,-1.6100075244903564
c1ccc2c(c1)sc1ccccc12,CCCCCCCCCCCCCC,316.1,-0.398367526969151,-1.0120238065719604
c1ccc2c(c1)sc1ccccc12,CCCCCCCCCCCCCC,337.2,-0.025646200113905,-0.5065323710441589
c1ccc2c(c1)sc1ccccc12,CCCCCCCCCCCCCC,346.7,0.195269441699595,-0.275429368019104
c1ccc2c(c1)sc1ccccc12,CCCCCCCCCCCCCC,352.6,0.383635556086342,-0.27274033427238464
c1ccc2c(c1)sc1ccccc12,CCCCCCCCCCCCCC,356.2,0.55238026929189,-0.3199554979801178
c1ccc2c(c1)sc1ccccc12,CCCCCCCCCCCCCCCC,291.1,-1.67734175821615,-2.156399965286255
c1ccc2c(c1)sc1ccccc12,CCCCCCCCCCCCCCCC,290.9,-1.19237278416729,-2.1647961139678955
c1ccc2c(c1)sc1ccccc12,CCCCCCCCCCCCCCCC,290.8,-0.967464812265226,-2.169001579284668
c1ccc2c(c1)sc1ccccc12,CCCCCCCCCCCCCCCC,290.6,-0.815758594187814,-2.1773624420166016
c1ccc2c(c1)sc1ccccc12,CCCCCCCCCCCCCCCC,290.6,-0.803177208250939,-2.1773619651794434
c1ccc2c(c1)sc1ccccc12,CCCCCCCCCCCCCCCC,290.7,-0.7909589739408,-2.1732003688812256
c1ccc2c(c1)sc1ccccc12,CCCCCCCCCCCCCCCC,291.0,-0.779120468402598,-2.1605887413024902
c1ccc2c(c1)sc1ccccc12,CCCCCCCCCCCCCCCC,292.2,-0.767920776682425,-2.1113977432250977
c1ccc2c(c1)sc1ccccc12,CCCCCCCCCCCCCCCC,293.0,-0.756840949313734,-2.077755928039551
c1ccc2c(c1)sc1ccccc12,CCCCCCCCCCCCCCCC,293.7,-0.741443338413618,-2.049625873565674
c1ccc2c(c1)sc1ccccc12,CCCCCCCCCCCCCCCC,304.4,-0.576749447743569,-1.6162484884262085
c1ccc2c(c1)sc1ccccc12,CCCCCCCCCCCCCCCC,315.0,-0.424933631204844,-1.233194351196289
c1ccc2c(c1)sc1ccccc12,CCCCCCCCCCCCCCCC,319.9,-0.341355724597588,-1.0817874670028687
c1ccc2c(c1)sc1ccccc12,CCCCCCCCCCCCCCCC,331.5,-0.144790978791607,-0.8221404552459717
c1ccc2c(c1)sc1ccccc12,CCCCCCCCCCCCCCCC,334.7,-0.084406542491216,-0.7355600595474243
c1ccc2c(c1)sc1ccccc12,CCCCCCCCCCCCCCCC,341.5,0.052717926901623,-0.48983797430992126
c1ccc2c(c1)sc1ccccc12,CCCCCCCCCCCCCCCC,350.9,0.286817348676942,-0.3387836813926697
c1ccc2c(c1)sc1ccccc12,CC#N,303.7,-0.418399759574827,-1.0935696363449097
c1ccc2c(c1)sc1ccccc12,CC#N,323.1,0.003129545037776,-0.7956827282905579
c1ccc2c(c1)sc1ccccc12,CC#N,332.0,0.311641595514413,-0.6485105156898499
c1ccc2c(c1)sc1ccccc12,CC#N,338.1,0.645742090638741,-0.5419340133666992
c1ccc2c(c1)sc1ccccc12,CC#N,341.8,0.900662872236144,-0.4736568331718445
c1ccc2c(c1)sc1ccccc12,CC#N,344.8,1.06301311462362,-0.4378998875617981
c1ccc2c(c1)sc1ccccc12,CC#N,347.1,1.17731084637514,-0.42287981510162354
c1ccc2c(c1)sc1ccccc12,O=C1CCCO1,281.3,-0.073515095615807,-0.294055700302124
c1ccc2c(c1)sc1ccccc12,O=C1CCCO1,289.7,0.035834606869223,-0.16256211698055267
c1ccc2c(c1)sc1ccccc12,O=C1CCCO1,300.1,0.18339130559034,-0.001761898398399353
c1ccc2c(c1)sc1ccccc12,O=C1CCCO1,307.9,0.306171743254238,0.11992141604423523
c1ccc2c(c1)sc1ccccc12,O=C1CCCO1,314.6,0.412511878602742,0.23039942979812622
c1ccc2c(c1)sc1ccccc12,O=C1CCCO1,320.2,0.509204577520921,0.3222030997276306
c1ccc2c(c1)sc1ccccc12,O=C1CCCO1,325.2,0.599423501731165,0.38689136505126953
c1ccc2c(c1)sc1ccccc12,O=C1CCCO1,329.4,0.682908021325358,0.4419984519481659
c1ccc2c(c1)sc1ccccc12,O=C1CCCO1,337.6,0.856800885411315,0.5707935690879822
c1ccc2c(c1)sc1ccccc12,O=C1CCCO1,344.6,1.03470862370714,0.6720384955406189
c1ccc2c(c1)sc1ccccc12,C1CCCCC1,309.3,-0.324499674585984,-0.4939255118370056
c1ccc2c(c1)sc1ccccc12,C1CCCCC1,321.1,-0.068951707566094,-0.20211562514305115
c1ccc2c(c1)sc1ccccc12,C1CCCCC1,328.8,0.118052324305385,-0.060663871467113495
c1ccc2c(c1)sc1ccccc12,C1CCCCC1,335.6,0.338181065645314,0.07285851240158081
c1ccc2c(c1)sc1ccccc12,C1CCCCC1,349.6,0.921674513658384,0.2625090777873993
Nc1nc(N)nc(N)n1,OCCO,311.23,-0.676948454999274,-0.8044902682304382
Nc1nc(N)nc(N)n1,OCCO,319.3,-0.669559907412485,-0.6583119630813599
Nc1nc(N)nc(N)n1,OCCO,326.3,-0.66246407395117,-0.5701805949211121
Nc1nc(N)nc(N)n1,OCCO,339.65,-0.640822558884949,-0.40267664194107056
Nc1nc(N)nc(N)n1,OCCO,341.75,-0.635703526953046,-0.37582460045814514
Nc1nc(N)nc(N)n1,OCCO,346.53,-0.620022034402393,-0.344812273979187
Nc1nc(N)nc(N)n1,OCCO,347.15,-0.61795557925974,-0.34272390604019165
Nc1nc(N)nc(N)n1,OCCO,347.7,-0.616835296525719,-0.3412138819694519
Nc1nc(N)nc(N)n1,OCCO,350.97,-0.609252385922229,-0.3383222818374634
Nc1nc(N)nc(N)n1,OCCO,351.44,-0.597926373177034,-0.33872243762016296
Nc1nc(N)nc(N)n1,OCCO,353.4,-0.592737854443729,-0.34245964884757996
Nc1nc(N)nc(N)n1,CN(C)C=O,303.25,-2.07780307070093,-1.0867642164230347
Nc1nc(N)nc(N)n1,CN(C)C=O,320.6,-1.89199874673166,-0.8843516111373901
Nc1nc(N)nc(N)n1,CN(C)C=O,324.86,-1.85553626537374,-0.775808572769165
Nc1nc(N)nc(N)n1,CN(C)C=O,325.25,-1.85256914494985,-0.7656965851783752
Nc1nc(N)nc(N)n1,CN(C)C=O,332.4,-1.79278684575801,-0.6067836880683899
Nc1nc(N)nc(N)n1,CN(C)C=O,335.25,-1.76716401165405,-0.5534493923187256
Nc1nc(N)nc(N)n1,CN(C)C=O,338.13,-1.74159776811831,-0.49706101417541504
Nc1nc(N)nc(N)n1,CN(C)C=O,340.85,-1.7167688107666,-0.446476548910141
Nc1nc(N)nc(N)n1,CN(C)C=O,351.55,-1.61740051244273,-0.40697938203811646
Nc1nc(N)nc(N)n1,CN(C)C=O,351.63,-1.61547257770784,-0.40732240676879883
Nc1nc(N)nc(N)n1,CN(C)C=O,354.75,-1.58871651121146,-0.4286254346370697
Nc1nc(N)nc(N)n1,CN(C)C=O,356.8,-1.56918619210764,-0.44984710216522217
Nc1nc(N)nc(N)n1,CN(C)C=O,363.35,-1.50819255685094,-0.5890480875968933
Nc1nc(N)nc(N)n1,CC(=O)N(C)C,322.75,-2.31023653915319,-0.7588109374046326
Nc1nc(N)nc(N)n1,CC(=O)N(C)C,325.25,-2.25626064017703,-0.7325736284255981
Nc1nc(N)nc(N)n1,CC(=O)N(C)C,329.45,-2.16472348274143,-0.6897443532943726
Nc1nc(N)nc(N)n1,CC(=O)N(C)C,333.77,-2.08012022153167,-0.6353912353515625
Nc1nc(N)nc(N)n1,CC(=O)N(C)C,337.45,-2.00815194380279,-0.5898938775062561
Nc1nc(N)nc(N)n1,CC(=O)N(C)C,340.55,-1.94780310626012,-0.5516672730445862
Nc1nc(N)nc(N)n1,CC(=O)N(C)C,342.39,-1.91246524194143,-0.5314841270446777
Nc1nc(N)nc(N)n1,CC(=O)N(C)C,343.8,-1.88513953552511,-0.5161499381065369
Nc1nc(N)nc(N)n1,CC(=O)N(C)C,344.95,-1.86292374133398,-0.5052004456520081
Nc1nc(N)nc(N)n1,CC(=O)N(C)C,348.4,-1.79618868041757,-0.48602500557899475
Nc1nc(N)nc(N)n1,CC(=O)N(C)C,350.76,-1.75080809872329,-0.48193496465682983
Nc1nc(N)nc(N)n1,CC(=O)N(C)C,353.63,-1.69582231232091,-0.4848378896713257
Nc1nc(N)nc(N)n1,CC(=O)N(C)C,355.03,-1.66896042042322,-0.4900316596031189
Nc1nc(N)nc(N)n1,CC(=O)N(C)C,357.05,-1.63040392866972,-0.5070033073425293
Nc1nc(N)nc(N)n1,CC(=O)N(C)C,361.55,-1.54470457913079,-0.5601939558982849
N[C@@H](CCC(=O)O)C(=O)O,CCO,278.15,-3.48987447415096,-2.905972480773926
N[C@@H](CCC(=O)O)C(=O)O,CCO,283.23,-3.31104342638173,-2.8313684463500977
N[C@@H](CCC(=O)O)C(=O)O,CCO,293.37,-3.1270208517962,-2.66365385055542
N[C@@H](CCC(=O)O)C(=O)O,CCO,298.63,-2.91115923161463,-2.5754945278167725
N[C@@H](CCC(=O)O)C(=O)O,CCO,303.27,-2.72184213375823,-2.495234966278076
N[C@@H](CCC(=O)O)C(=O)O,CCO,308.25,-2.5983432045804,-2.4057705402374268
N[C@@H](CCC(=O)O)C(=O)O,CCO,313.23,-2.39062271545371,-2.3070743083953857
N[C@@H](CCC(=O)O)C(=O)O,CCO,317.84,-2.21469994010044,-2.219351053237915
N[C@@H](CCC(=O)O)C(=O)O,CCO,322.77,-3.06914643246502,-2.127897262573242
N[C@@H](CCC(=O)O)C(=O)O,CCO,328.2,-2.96909126584475,-2.043358087539673
N[C@@H](CCC(=O)O)C(=O)O,CCO,332.96,-2.80125116291079,-1.9536327123641968
N[C@@H](CCC(=O)O)C(=O)O,CCO,337.55,-2.59451250253727,-1.8686238527297974
N[C@@H](CCC(=O)O)C(=O)O,CCO,342.04,-2.46578844154672,-1.7765167951583862
N[C@@H](CCC(=O)O)C(=O)O,CCO,347.2,-2.27008257905929,-1.7187658548355103
N[C@@H](CCC(=O)O)C(=O)O,CS(C)=O,306.25,-3.74323416205835,0.011037901043891907
N[C@@H](CCC(=O)O)C(=O)O,CS(C)=O,320.85,-3.44591394569082,0.11001071333885193
N[C@@H](CCC(=O)O)C(=O)O,CS(C)=O,334.25,-3.13740628359047,0.1577814668416977
N[C@@H](CCC(=O)O)C(=O)O,CS(C)=O,341.75,-2.88450135436038,0.10261304676532745
N[C@@H](CCC(=O)O)C(=O)O,CS(C)=O,343.85,-2.80135594207547,0.0830477625131607
N[C@@H](CCC(=O)O)C(=O)O,CS(C)=O,351.15,-2.63624564749875,0.037617482244968414
N[C@@H](CCC(=O)O)C(=O)O,CS(C)=O,355.05,-2.50476744237566,0.033348679542541504
N[C@@H](CCC(=O)O)C(=O)O,CC(C)=O,278.15,-3.34627705598813,-2.819878339767456
N[C@@H](CCC(=O)O)C(=O)O,CC(C)=O,283.16,-3.12364202098448,-2.749722480773926
N[C@@H](CCC(=O)O)C(=O)O,CC(C)=O,288.6,-2.8846693839521,-2.6662404537200928
N[C@@H](CCC(=O)O)C(=O)O,CC(C)=O,295.4,-2.54717679312942,-2.5498669147491455
N[C@@H](CCC(=O)O)C(=O)O,CC(C)=O,298.15,-2.44085399617247,-2.5026276111602783
N[C@@H](CCC(=O)O)C(=O)O,CC(C)=O,303.55,-2.1719387545948,-2.414484739303589
N[C@@H](CCC(=O)O)C(=O)O,CC(C)=O,308.35,-2.01381099615918,-2.3378822803497314
N[C@@H](CCC(=O)O)C(=O)O,CC(C)=O,313.15,-1.79294611179378,-2.259976863861084
N[C@@H](CCC(=O)O)C(=O)O,CC(C)=O,317.98,-1.58900820226439,-2.1803817749023438
N[C@@H](CCC(=O)O)C(=O)O,CC(C)=O,323.05,-1.44874448506192,-2.1018078327178955
N[C@@H](CCC(=O)O)C(=O)O,CC(C)=O,328.05,-1.22461044526599,-2.0263290405273438
N[C@@H](CCC(=O)O)C(=O)O,CCCO,294.13,-3.14669714690829,-2.9625415802001953
N[C@@H](CCC(=O)O)C(=O)O,CCCO,298.63,-2.94703393802709,-2.8828346729278564
N[C@@H](CCC(=O)O)C(=O)O,CCCO,303.45,-2.69786647551967,-2.786914348602295
N[C@@H](CCC(=O)O)C(=O)O,CCCO,308.95,-2.36111712719786,-2.6757097244262695
N[C@@H](CCC(=O)O)C(=O)O,CCCO,313.15,-2.21417208000413,-2.587190866470337
N[C@@H](CCC(=O)O)C(=O)O,CCCO,318.15,-1.99493135418877,-2.4841361045837402
N[C@@H](CCC(=O)O)C(=O)O,CCCO,323.15,-1.76057538199257,-2.382272720336914
N[C@@H](CCC(=O)O)C(=O)O,CCCO,327.71,-1.54924629449839,-2.304978370666504
N[C@@H](CCC(=O)O)C(=O)O,CCCO,332.15,-1.42382086891618,-2.2176947593688965
N[C@@H](CCC(=O)O)C(=O)O,O=CO,293.73,0.670365364121239,-0.46140432357788086
N[C@@H](CCC(=O)O)C(=O)O,O=CO,298.15,0.135238262770458,-0.4279002845287323
N[C@@H](CCC(=O)O)C(=O)O,O=CO,303.15,0.244173649880239,-0.3894003927707672
N[C@@H](CCC(=O)O)C(=O)O,O=CO,308.24,0.276589295696801,-0.3472793996334076
N[C@@H](CCC(=O)O)C(=O)O,O=CO,313.04,0.317915988094501,-0.3113417327404022
N[C@@H](CCC(=O)O)C(=O)O,O=CO,317.87,0.355960558883181,-0.2772238850593567
N[C@@H](CCC(=O)O)C(=O)O,O=CO,321.76,0.386813027906111,-0.256493479013443
N[C@@H](CCC(=O)O)C(=O)O,O=CO,327.96,0.435637577941814,-0.23694108426570892
N[C@@H](CCC(=O)O)C(=O)O,O=CO,333.06,0.492487259005809,-0.22396278381347656
N[C@@H](CCC(=O)O)C(=O)O,O=CO,338.13,0.545503773926868,-0.20577073097229004
N[C@@H](CCC(=O)O)C(=O)O,CO,278.15,-3.47739992577688,-2.2615556716918945
N[C@@H](CCC(=O)O)C(=O)O,CO,283.25,-3.34909850605407,-2.199385404586792
N[C@@H](CCC(=O)O)C(=O)O,CO,288.26,-3.19014845001577,-2.1403791904449463
N[C@@H](CCC(=O)O)C(=O)O,CO,296.15,-3.01322099024281,-2.0442116260528564
N[C@@H](CCC(=O)O)C(=O)O,CO,299.43,-2.94936880473213,-2.001868724822998
N[C@@H](CCC(=O)O)C(=O)O,CO,303.6,-2.86739996467688,-1.9488407373428345
N[C@@H](CCC(=O)O)C(=O)O,CO,308.44,-2.78117421580272,-1.8873264789581299
N[C@@H](CCC(=O)O)C(=O)O,CO,313.15,-2.62410066194882,-1.8217592239379883
N[C@@H](CCC(=O)O)C(=O)O,CO,317.97,-2.55797451784592,-1.7499874830245972
N[C@@H](CCC(=O)O)C(=O)O,CO,323.15,-2.46968855260426,-1.6784533262252808
N[C@@H](CCC(=O)O)C(=O)O,CO,332.99,-2.36257592396401,-1.5436848402023315
N[C@@H](CCC(=O)O)C(=O)O,CO,333.15,-2.36370231211511,-1.5413963794708252
O=C(O)c1ccccc1,CC(=O)O,298.3,0.331377982861062,0.21877267956733704
O=C(O)c1ccccc1,CC(=O)O,308.4,0.414712916113797,0.3482770025730133
O=C(O)c1ccccc1,CC(=O)O,318.3,0.50350175473713,0.4911087155342102
O=C(O)c1ccccc1,CC(=O)O,328.2,0.568438012609714,0.6161829233169556
O=C(O)c1ccccc1,CC(=O)O,338.0,0.638938694492795,0.7677583694458008
O=C(O)c1ccccc1,CC(=O)O,348.3,0.685433695168223,0.8622806072235107
O=C(O)c1ccccc1,CC(=O)O,358.6,0.746329651363465,0.7956397533416748
O=Cc1ccc(C(=O)O)cc1,ClC(Cl)Cl,293.15,-1.98645627393957,-1.8873188495635986
O=Cc1ccc(C(=O)O)cc1,ClC(Cl)Cl,298.15,-1.93111473732339,-1.7905453443527222
O=Cc1ccc(C(=O)O)cc1,ClC(Cl)Cl,303.15,-1.87851122960137,-1.7044878005981445
O=Cc1ccc(C(=O)O)cc1,ClC(Cl)Cl,308.15,-1.8184676544971,-1.6277302503585815
O=Cc1ccc(C(=O)O)cc1,ClC(Cl)Cl,313.15,-1.75193582792273,-1.5456713438034058
O=Cc1ccc(C(=O)O)cc1,ClC(Cl)Cl,318.15,-1.69089092707636,-1.4548267126083374
O=Cc1ccc(C(=O)O)cc1,ClC(Cl)Cl,323.15,-1.62741568361302,-1.3700705766677856
O=Cc1ccc(C(=O)O)cc1,ClC(Cl)Cl,328.15,-1.55618679840732,-1.3009179830551147
O=Cc1ccc(C(=O)O)cc1,ClC(Cl)Cl,332.15,-1.49524836004251,-1.2301838397979736
O=C(O)c1ccc(C(=O)O)cc1,CC(=O)N(C)C,303.2,-0.760148143577537,-0.26908060908317566
O=C(O)c1ccc(C(=O)O)cc1,CC(=O)N(C)C,313.2,-0.641824160436407,-0.20659726858139038
O=C(O)c1ccc(C(=O)O)cc1,CC(=O)N(C)C,323.2,-0.538290035802324,-0.11061491072177887
O=C(O)c1ccc(C(=O)O)cc1,CC(=O)N(C)C,333.2,-0.449254238713742,-0.023901522159576416
O=C(O)c1ccc(C(=O)O)cc1,CC(=O)N(C)C,343.2,-0.386031105380317,0.017175257205963135
O=C(O)c1ccc(C(=O)O)cc1,CC(=O)N(C)C,353.2,-0.318113662885755,0.0022254139184951782
O=C(O)c1ccc(C(=O)O)cc1,CC(=O)N(C)C,363.2,-0.254937543421534,-0.030205808579921722
O=C(O)c1cccc(C(=O)O)c1,CCCOC(C)=O,303.2,-2.16840641666868,-2.190418243408203
O=C(O)c1cccc(C(=O)O)c1,CCCOC(C)=O,313.2,-2.10082501618122,-2.0847926139831543
O=C(O)c1cccc(C(=O)O)c1,CCCOC(C)=O,323.2,-2.04255669790294,-1.9506608247756958
O=C(O)c1cccc(C(=O)O)c1,CCCOC(C)=O,333.2,-1.96216285119521,-1.825183391571045
O=C(O)c1cccc(C(=O)O)c1,CCCOC(C)=O,343.2,-1.94859260595443,-1.657091736793518
O=C(O)c1cccc(C(=O)O)c1,CCCOC(C)=O,353.2,-1.83860439360575,-1.590144157409668
O=C(O)c1cccc(C(=O)O)c1,CCCOC(C)=O,363.2,-1.76681363152372,-1.6985050439834595
O=C(O)c1cccc(C(=O)O)c1,CN1CCCC1=O,296.35,0.008095542896202,-0.1856008619070053
O=C(O)c1cccc(C(=O)O)c1,CN1CCCC1=O,298.85,0.033517629956905,-0.17534255981445312
O=C(O)c1cccc(C(=O)O)c1,CN1CCCC1=O,303.55,0.077146898963655,-0.1552371233701706
O=C(O)c1cccc(C(=O)O)c1,CN1CCCC1=O,307.05,0.111103533073495,-0.13586997985839844
O=C(O)c1cccc(C(=O)O)c1,CN1CCCC1=O,310.25,0.138912974126555,-0.11196984350681305
O=C(O)c1cccc(C(=O)O)c1,CN1CCCC1=O,313.65,0.171864072865356,-0.07510429620742798
O=C(O)c1cccc(C(=O)O)c1,CN1CCCC1=O,316.95,0.200609747754666,-0.03604847937822342
O=C(O)c1cccc(C(=O)O)c1,CN1CCCC1=O,320.45,0.232132047645396,0.005679905414581299
O=C(O)c1cccc(C(=O)O)c1,CN1CCCC1=O,323.55,0.258879018338041,0.044091396033763885
O=C(O)c1cccc(C(=O)O)c1,CN1CCCC1=O,326.55,0.287361749259967,0.07837711274623871
O=C(O)c1cccc(C(=O)O)c1,CN1CCCC1=O,331.25,0.331503523055346,0.11648482084274292
O=C(O)c1cccc(C(=O)O)c1,CN1CCCC1=O,336.25,0.378464032942258,0.14332324266433716
O=C(O)c1cccc(C(=O)O)c1,CN1CCCC1=O,340.75,0.422710070062835,0.16264882683753967
O=C(O)c1cccc(C(=O)O)c1,CN1CCCC1=O,343.55,0.451953578810355,0.1645861566066742
O=C(O)c1cccc(C(=O)O)c1,CN1CCCC1=O,345.25,0.467501270429729,0.1629466712474823
O=C(O)c1cccc(C(=O)O)c1,CN1CCCC1=O,346.55,0.48216171369394,0.1603143960237503
O=C(O)c1ccc(C(=O)O)c(C(=O)O)c1,CC(=O)O,313.2,-1.54018705337602,-1.3523590564727783
O=C(O)c1ccc(C(=O)O)c(C(=O)O)c1,CC(=O)O,323.2,-1.27692557858725,-1.2624708414077759
O=C(O)c1ccc(C(=O)O)c(C(=O)O)c1,CC(=O)O,333.2,-1.09263441200525,-1.1893808841705322
O=C(O)c1ccc(C(=O)O)c(C(=O)O)c1,CC(=O)O,343.2,-0.948134526566464,-1.0857536792755127
O=C(O)c1ccc(C(=O)O)c(C(=O)O)c1,CC(=O)O,353.2,-0.842909487657474,-1.0382288694381714
O=C(O)c1ccc(C(=O)O)c(C(=O)O)c1,CC(=O)O,363.2,-0.761634289002018,-1.081202507019043
O=C(O)c1cc(C(=O)O)cc(C(=O)O)c1,CC(=O)O,313.2,-1.68661629860265,-1.7640653848648071
O=C(O)c1cc(C(=O)O)cc(C(=O)O)c1,CC(=O)O,323.2,-1.6433522566982,-1.632705807685852
O=C(O)c1cc(C(=O)O)cc(C(=O)O)c1,CC(=O)O,333.2,-1.54693295690208,-1.5341321229934692
O=C(O)c1cc(C(=O)O)cc(C(=O)O)c1,CC(=O)O,343.2,-1.47913423905282,-1.4101588726043701
O=C(O)c1cc(C(=O)O)cc(C(=O)O)c1,CC(=O)O,353.2,-1.38910877109082,-1.372961163520813
O=C(O)c1cc(C(=O)O)cc(C(=O)O)c1,CC(=O)O,363.2,-1.28871015989784,-1.4493249654769897
NC(N)=O,CN(C)C=O,304.15,0.481001756250564,0.6773234009742737
NC(N)=O,CN(C)C=O,308.15,0.542940377294598,0.7156977653503418
NC(N)=O,CN(C)C=O,312.94,0.611690806110736,0.7620692253112793
NC(N)=O,CN(C)C=O,318.25,0.690891915328332,0.8029422760009766
NC(N)=O,CN(C)C=O,323.05,0.766454574369986,0.8292521238327026
NC(N)=O,CN(C)C=O,332.65,0.912788274360049,0.8931261301040649
NC(N)=O,CN(C)C=O,337.55,0.996309715903032,0.9246641397476196
NC(N)=O,CC(O)CO,300.75,0.703165141099712,0.09469401836395264
NC(N)=O,CC(O)CO,305.05,0.724789175739963,0.1803814172744751
NC(N)=O,CC(O)CO,308.67,0.750715772320233,0.2506527900695801
NC(N)=O,CC(O)CO,311.23,0.781591984492417,0.30438539385795593
NC(N)=O,CC(O)CO,316.0,0.817401651325154,0.39885634183883667
NC(N)=O,CC(O)CO,321.3,0.8519572726664,0.4905412197113037
NC(N)=O,CC(O)CO,325.7,0.884964706644104,0.5456148386001587
NC(N)=O,CC(O)CO,329.95,0.920227096363392,0.5995107889175415
NC(N)=O,CC(O)CO,335.05,0.960621957561959,0.6714563369750977
NC(N)=O,CC(O)CO,342.1,1.03273620485966,0.7967034578323364
NC(N)=O,O=S1(=O)CCCC1,312.15,-0.054670964081355,0.6833705306053162
NC(N)=O,O=S1(=O)CCCC1,318.53,0.074238342400401,0.7521454095840454
NC(N)=O,O=S1(=O)CCCC1,322.57,0.160659321126835,0.8023187518119812
NC(N)=O,O=S1(=O)CCCC1,328.25,0.251760312011292,0.8701817393302917
NC(N)=O,O=S1(=O)CCCC1,332.26,0.335421170195004,0.9085235595703125
NC(N)=O,O=S1(=O)CCCC1,336.95,0.420275946143807,0.9463467001914978
NC(N)=O,O=S1(=O)CCCC1,341.0,0.497188752074546,0.9742082953453064
NC(N)=O,O=S1(=O)CCCC1,345.35,0.588522566882857,0.9841113090515137
NC(N)=O,O=S1(=O)CCCC1,349.54,0.678178949575314,0.9801226854324341
NC(N)=O,O=S1(=O)CCCC1,353.05,0.74935991172622,0.971699595451355
NC(N)=O,CC(=O)N(C)C,312.32,-0.728367916143088,0.5841543674468994
NC(N)=O,CC(=O)N(C)C,316.94,-0.585605402931654,0.6239738464355469
NC(N)=O,CC(=O)N(C)C,322.18,-0.441907357158483,0.6622829437255859
NC(N)=O,CC(=O)N(C)C,327.8,-0.296779579877027,0.6985294818878174
NC(N)=O,CC(=O)N(C)C,332.0,-0.189318250206962,0.7261492013931274
NC(N)=O,CC(=O)N(C)C,336.15,-0.095173344340646,0.7512081265449524
NC(N)=O,CC(=O)N(C)C,340.95,0.036612568321735,0.787702202796936
NC(N)=O,CC(=O)N(C)C,345.65,0.143021029836181,0.8136517405509949
NC(N)=O,CC(=O)N(C)C,349.65,0.253934028995812,0.8208014369010925
NC(N)=O,CC(=O)N(C)C,354.51,0.39348355867751,0.8014206886291504
NC(N)=O,CN1CCCC1=O,305.35,0.199782181762762,0.5489846467971802
NC(N)=O,CN1CCCC1=O,316.55,0.326923670679683,0.6753988265991211
NC(N)=O,CN1CCCC1=O,321.49,0.381380267823716,0.7319431304931641
NC(N)=O,CN1CCCC1=O,326.85,0.433593188896268,0.7768534421920776
NC(N)=O,CN1CCCC1=O,332.29,0.485060029735157,0.8138190507888794
NC(N)=O,CN1CCCC1=O,337.75,0.546751915208817,0.8598911762237549
NC(N)=O,CN1CCCC1=O,341.76,0.591632795616912,0.8978232145309448
NC(N)=O,CN1CCCC1=O,345.6,0.64129338257532,0.9203329682350159
NC(N)=O,CN1CCCC1=O,349.84,0.695579535688386,0.9226938486099243
NC(N)=O,CN1CCCC1=O,354.55,0.756201877369725,0.9034270644187927
NC(N)=O,OC1CCCCC1,314.7,-0.679785422124319,-0.5229625105857849
NC(N)=O,OC1CCCCC1,319.15,-0.620254284259086,-0.4399872124195099
NC(N)=O,OC1CCCCC1,324.7,-0.520290552393521,-0.35784873366355896
NC(N)=O,OC1CCCCC1,328.95,-0.456673157365271,-0.3111708164215088
NC(N)=O,OC1CCCCC1,333.55,-0.369658977491604,-0.2472447156906128
NC(N)=O,OC1CCCCC1,338.45,-0.28791063929369,-0.15901833772659302
NC(N)=O,OC1CCCCC1,342.5,-0.227519346920044,-0.07536931335926056
NC(N)=O,OC1CCCCC1,347.6,-0.162923732054708,-0.004837390035390854
NC(N)=O,OC1CCCCC1,350.96,-0.114054176197732,0.016678187996149063
NC(N)=O,OC1CCCCC1,354.85,-0.060625193282124,0.011241242289543152
NC(N)=O,NC=O,302.46,0.979023083621877,1.0767650604248047
NC(N)=O,NC=O,307.64,1.02039448545182,1.1494370698928833
NC(N)=O,NC=O,309.7,1.03879304885562,1.1755828857421875
NC(N)=O,NC=O,313.75,1.07302352666757,1.226959466934204
NC(N)=O,NC=O,317.39,1.09951401348804,1.271044373512268
NC(N)=O,NC=O,320.18,1.12713046988823,1.3018113374710083
NC(N)=O,NC=O,326.75,1.18263407480005,1.344147801399231
NC(N)=O,NC=O,330.93,1.21547739341739,1.3707692623138428
NC(N)=O,NC=O,335.8,1.26125357593122,1.415911078453064
NC(N)=O,NC=O,340.75,1.3071335985478,1.4720745086669922
CCCCOC(=O)c1ccc(O)cc1,O,298.0,-3.00155184865212,-3.3284103870391846
c1ccc2c(c1)oc1ccccc12,O,313.2,-4.296575881517,-0.3984390199184418
c1ccc2c(c1)oc1ccccc12,O,323.2,-4.10547328938409,-0.17567452788352966
c1ccc2c(c1)oc1ccccc12,O,333.2,-3.91073730294631,0.049134984612464905
c1ccc2c(c1)oc1ccccc12,O,343.2,-3.64938763732628,0.3062397539615631
c1ccc2c(c1)oc1ccccc12,O,353.2,-3.42047304659038,0.36949849128723145
c1ccc2c(c1)Oc1ccccc1S2,O,313.2,-4.81490069878328,-2.7364320755004883
c1ccc2c(c1)Oc1ccccc1S2,O,318.2,-4.67384239080919,-2.640814781188965
c1ccc2c(c1)Oc1ccccc1S2,O,323.2,-4.51262167767953,-2.554277181625366
c1ccc2c(c1)Oc1ccccc1S2,O,328.2,-4.3889580077443,-2.4756369590759277
c1ccc2c(c1)sc1ccccc12,O,313.2,-4.94507830560142,-3.0120368003845215
c1ccc2c(c1)sc1ccccc12,O,323.2,-4.72173369883201,-2.7977194786071777
c1ccc2c(c1)sc1ccccc12,O,333.2,-4.47122988037287,-2.536752462387085
c1ccc2c(c1)sc1ccccc12,O,343.2,-4.23595524024204,-2.2103497982025146
c1ccc2c(c1)sc1ccccc12,O,353.2,-3.98024619071407,-2.1015326976776123
c1ccc2c(c1)sc1ccccc12,O,363.2,-3.7280785740467,-2.3239057064056396
c1ccc2c(c1)Cc1ccccc1O2,O,313.0,-4.85755371982483,-1.2957046031951904
c1ccc2c(c1)Cc1ccccc1O2,O,323.0,-4.58776246044847,-1.0386583805084229
c1ccc2c(c1)Cc1ccccc1O2,O,333.0,-4.33969465280052,-0.7729469537734985
c1ccc2c(c1)Cc1ccccc1O2,O,343.0,-4.10410858017614,-0.4580642879009247
c1ccc2c(c1)Cc1ccccc1O2,O,353.0,-3.85811005374817,-0.3579712510108948
c1ccc2c(c1)Cc1ccccc1O2,O,363.0,-3.64513970663103,-0.5983675122261047
c1ccc2c(c1)cnc1ccccc12,O,313.2,-3.46029223826909,-2.680793523788452
c1ccc2c(c1)cnc1ccccc12,O,333.2,-3.08393729303199,-2.2637593746185303
c1ccc2c(c1)cnc1ccccc12,O,353.2,-2.6814446944141,-1.9086610078811646
c1ccc2c(c1)cnc1ccccc12,O,363.2,-2.49855809897897,-2.095958709716797
Cc1ccc(C(=O)O)cc1,CN(C)C=O,295.65,0.241145152451247,0.4212258756160736
Cc1ccc(C(=O)O)cc1,CN(C)C=O,298.75,0.289039587085285,0.4694293141365051
Cc1ccc(C(=O)O)cc1,CN(C)C=O,303.05,0.352683557933643,0.5267834663391113
Cc1ccc(C(=O)O)cc1,CN(C)C=O,307.55,0.415425287016077,0.5847259163856506
Cc1ccc(C(=O)O)cc1,CN(C)C=O,311.05,0.467314492749841,0.6259781122207642
Cc1ccc(C(=O)O)cc1,CN(C)C=O,315.55,0.529680233670712,0.6718384027481079
Cc1ccc(C(=O)O)cc1,CN(C)C=O,320.45,0.602888858325366,0.7191227674484253
Cc1ccc(C(=O)O)cc1,CN(C)C=O,324.55,0.662086311875136,0.7547689080238342
Cc1ccc(C(=O)O)cc1,CN(C)C=O,326.85,0.700856645755975,0.7706354260444641
Cc1ccc(C(=O)O)cc1,CN(C)C=O,328.95,0.731970976988849,0.7836963534355164
Cc1ccc(C(=O)O)cc1,CN(C)C=O,331.65,0.777211911693911,0.7997933030128479
Cc1ccc(C(=O)O)cc1,CN(C)C=O,333.05,0.801684511508211,0.8075869679450989
Cc1ccc(C(=O)O)cc1,CN(C)C=O,335.05,0.838156237866772,0.8181207180023193
Cc1ccc(C(=O)O)cc1,CN(C)C=O,335.55,0.851342900621617,0.8208608031272888
Nc1ccc(S(=O)(=O)Nc2ncccn2)cc1,O,293.15,-3.67663,-3.5420515537261963
Nc1ccc(S(=O)(=O)Nc2ncccn2)cc1,O,298.15,-3.56901,-3.441852569580078
Nc1ccc(S(=O)(=O)Nc2ncccn2)cc1,O,303.15,-3.40615,-3.342005968093872
Nc1ccc(S(=O)(=O)Nc2ncccn2)cc1,O,308.15,-3.29927,-3.2456560134887695
Nc1ccc(S(=O)(=O)Nc2ncccn2)cc1,O,313.15,-3.20201,-3.1488187313079834
Nc1ccc(S(=O)(=O)Nc2ncccn2)cc1,O,298.0,-2.62305,-3.444911479949951
Nc1ccc(S(=O)(=O)Nc2ncccn2)cc1,O,343.0,-2.50958,-2.518857955932617
Nc1ccc(S(=O)(=O)Nc2ncccn2)cc1,O,353.0,-2.28123,-2.4583773612976074
Nc1ccc(S(=O)(=O)Nc2ncccn2)cc1,O,363.0,-2.0796,-2.6400537490844727
Nc1ccc(S(=O)(=O)Nc2ncccn2)cc1,O,373.0,-1.90117,-2.916372776031494
Nc1ccc(S(=O)(=O)Nc2ncccn2)cc1,O,383.0,-1.75599,-2.994190216064453
Nc1ccc(S(=O)(=O)Nc2ncccn2)cc1,O,393.0,-1.61565,-3.0018389225006104
Nc1ccc(S(=O)(=O)Nc2ncccn2)cc1,O,403.0,-1.49026,-3.002113103866577
O=C(O)CCCCCCCCC(=O)O,O,321.95,-2.70199,-2.463738203048706
O=C(O)CCCCCCCCC(=O)O,O,327.45,-2.46007,-2.3599348068237305
O=C(O)CCCCCCCCC(=O)O,O,329.44,-2.32129,-2.3215270042419434
O=C(O)CCCCCCCCC(=O)O,O,331.61,-2.2931,-2.2771716117858887
O=C(O)CCCCCCCCC(=O)O,O,334.01,-2.17996,-2.2262778282165527
O=C(O)CCCCCCCCC(=O)O,O,336.96,-2.08265,-2.158353328704834
O=C(O)CCCCCCCCC(=O)O,O,339.68,-2.03314,-2.092348575592041
O=C(O)CCCCCCCCC(=O)O,O,341.72,-1.94566,-2.048131227493286
O=C(O)CCCCCCCCC(=O)O,O,343.83,-1.89082,-2.0112144947052
O=C(O)CCCCCCCCC(=O)O,O,347.4,-1.85393,-1.970761775970459
O=C(O)CCCCCCCCC(=O)O,O,350.2,-1.76847,-1.9594587087631226
O=C(O)CCCCCCCCC(=O)O,O,298.0,-2.9092,-2.928626775741577
O=C(O)CCCCCCCCC(=O)O,O,313.0,-1.4708,-2.644840955734253
O=C(O)CCCCCCCCC(=O)O,O,373.0,-0.05028,-2.4199626445770264
CC(C)(C)c1ccc(C(=O)O)cc1,O,423.15,0.32624,-2.1485559940338135
CC(C)(C)c1ccc(C(=O)O)cc1,O,413.15,0.19169,-2.1485562324523926
CC(C)(C)c1ccc(C(=O)O)cc1,O,403.15,0.04571,-2.1485538482666016
CC(C)(C)c1ccc(C(=O)O)cc1,O,393.15,-0.08904,-2.1483676433563232
CC(C)(C)c1ccc(C(=O)O)cc1,O,383.15,-0.25885,-2.14311146736145
CC(C)(C)c1ccc(C(=O)O)cc1,O,373.15,-0.31041,-2.086318254470825
CC(C)(C)c1ccc(C(=O)O)cc1,O,363.15,-0.52366,-1.8738442659378052
CC(C)(C)c1ccc(C(=O)O)cc1,O,353.15,-0.67632,-1.74001944065094
CC(C)(C)c1ccc(C(=O)O)cc1,O,343.15,-0.86628,-1.8181978464126587
CC(C)(C)c1ccc(C(=O)O)cc1,O,333.15,-1.05019,-2.0446534156799316
CC(C)(C)c1ccc(C(=O)O)cc1,O,323.15,-1.0754,-2.223806142807007
CC(C)(C)c1ccc(C(=O)O)cc1,O,313.15,-1.35549,-2.378941059112549
CC(C)(C)c1ccc(C(=O)O)cc1,O,303.15,-1.55823,-2.5109407901763916
c1ccc2nc3ccccc3nc2c1,O,313.2,-3.40342,-3.0098748207092285
c1ccc2nc3ccccc3nc2c1,O,333.2,-3.06701,-2.6258418560028076
c1ccc2nc3ccccc3nc2c1,O,353.2,-2.74299,-2.2612738609313965
c1ccc2nc3ccccc3nc2c1,O,373.2,-2.4099,-2.6919491291046143
c1ccc2nc3ccccc3nc2c1,O,393.2,-2.06862,-2.7698616981506348
c1ccc2nc3ccccc3nc2c1,O,412.2,-1.72161,-2.770101308822632
c1ccc2nc3ccccc3nc2c1,O,433.2,-1.38435,-2.7701010704040527
c1ccc2c(c1)Sc1ccccc1S2,O,313.2,-6.08285,-3.7398242950439453
c1ccc2c(c1)Sc1ccccc1S2,O,333.2,-5.53053,-3.335801601409912
c1ccc2c(c1)Sc1ccccc1S2,O,353.2,-4.96702,-2.9823782444000244
c1ccc2c(c1)Sc1ccccc1S2,O,373.2,-4.40875,-3.5366852283477783
c1ccc2c(c1)Sc1ccccc1S2,O,393.2,-3.8865,-3.6173689365386963
c1ccc2c(c1)Sc1ccccc1S2,O,413.2,-3.35786,-3.617609977722168
c1ccc2c(c1)Sc1ccccc1S2,O,423.2,-3.09112,-3.617609739303589
c1ccc2c(c1)[nH]c1ccccc12,O,298.0,-5.21515,-3.2985103130340576
c1ccc2c(c1)[nH]c1ccccc12,O,323.0,-4.60757,-2.8612678050994873
c1ccc2c(c1)[nH]c1ccccc12,O,373.0,-3.27854,-2.791013240814209
c1ccc2c(c1)[nH]c1ccccc12,O,423.0,-2.08828,-2.867434024810791
c1ccc2c(c1)[nH]c1ccccc12,O,473.0,-1.04168,-2.86743426322937
c1ccc2c(c1)[nH]c1ccccc12,O,313.2,-4.82438,-3.033850908279419
c1ccc2c(c1)[nH]c1ccccc12,O,333.2,-4.39604,-2.6985902786254883
c1ccc2c(c1)[nH]c1ccccc12,O,353.2,-3.83348,-2.4393553733825684
c1ccc2c(c1)[nH]c1ccccc12,O,373.2,-3.38795,-2.793823719024658
c1ccc2c(c1)[nH]c1ccccc12,O,393.2,-2.93592,-2.86720871925354
c1ccc2c(c1)[nH]c1ccccc12,O,413.2,-2.5121,-2.867433786392212
c1ccc2c(c1)[nH]c1ccccc12,O,433.2,-2.07683,-2.86743426322937
c1ccc2c(c1)Nc1ccccc1S2,O,298.2,-5.06342,-3.605393171310425
c1ccc2c(c1)Nc1ccccc1S2,O,308.2,-4.96214,-3.4155898094177246
c1ccc2c(c1)Nc1ccccc1S2,O,318.2,-4.86015,-3.214109182357788
c1ccc2c(c1)Nc1ccccc1S2,O,328.2,-4.71072,-3.0221502780914307
c1ccc2c(c1)Nc1ccccc1S2,O,338.2,-4.57554,-2.7759757041931152
c1ccc2c(c1)Nc1ccccc1S2,O,313.2,-4.79356,-3.3168106079101562
c1ccc2c(c1)Nc1ccccc1S2,O,333.2,-4.34019,-2.9015591144561768
c1ccc2c(c1)Nc1ccccc1S2,O,353.2,-3.90256,-2.58111834526062
c1ccc2c(c1)Nc1ccccc1S2,O,373.2,-3.44642,-3.08524227142334
c1ccc2c(c1)Nc1ccccc1S2,O,393.2,-2.96395,-3.164447069168091
c1ccc2c(c1)Nc1ccccc1S2,O,413.2,-2.53951,-3.1646907329559326
c1ccc2c(c1)Nc1ccccc1S2,O,433.2,-2.08204,-3.1646902561187744
c1ccc2c(c1)Nc1ccccc1S2,O,453.2,-1.67665,-3.1646909713745117
OC(Cn1cncn1)(Cn1cncn1)c1ccc(F)cc1F,O,298.0,-2.35342,-2.6135196685791016
OC(Cn1cncn1)(Cn1cncn1)c1ccc(F)cc1F,O,323.0,-1.52816,-2.1139609813690186
OC(Cn1cncn1)(Cn1cncn1)c1ccc(F)cc1F,O,348.0,-1.16633,-1.63661527633667
OC(Cn1cncn1)(Cn1cncn1)c1ccc(F)cc1F,O,373.0,-1.04814,-2.0800087451934814
OC(Cn1cncn1)(Cn1cncn1)c1ccc(F)cc1F,O,398.0,-0.73743,-2.1688122749328613
O=c1c2ccccc2oc2ccccc12,O,313.0,-4.40831,-1.9485032558441162
O=c1c2ccccc2oc2ccccc12,O,333.0,-3.98048,-1.5838563442230225
O=c1c2ccccc2oc2ccccc12,O,353.0,-3.53244,-1.3089146614074707
O=c1c2ccccc2oc2ccccc12,O,373.0,-3.16359,-1.7585093975067139
O=c1c2ccccc2oc2ccccc12,O,393.0,-2.71788,-1.836107611656189
O=c1c2ccccc2oc2ccccc12,O,413.0,-2.33329,-1.836349606513977
O=c1c2ccccc2oc2ccccc12,O,433.0,-1.86904,-1.8363492488861084
c1ccc2cc3ccccc3cc2c1,CCO,298.2,-2.06483,-0.9370934367179871
c1ccc2cc3ccccc3cc2c1,CCO,308.2,-1.94998,-0.7301858067512512
c1ccc2cc3ccccc3cc2c1,CCO,318.2,-1.8879,-0.5365925431251526
c1ccc2cc3ccccc3cc2c1,CCO,393.0,-0.61019,-0.5716289281845093
c1ccc2cc3ccccc3cc2c1,CCO,413.0,-0.39194,-0.5718836784362793
c1ccc2cc3ccccc3cc2c1,CCO,423.0,-0.34028,-0.5718836188316345
c1ccc2cc3ccccc3cc2c1,CCO,433.0,-0.21126,-0.5718836784362793
c1ccc2cc3ccccc3cc2c1,CCO,443.0,-0.0171,-0.5718836188316345
c1ccc2cc3ccccc3cc2c1,O,298.0,-6.34806,-1.662020206451416
c1ccc2cc3ccccc3cc2c1,O,313.0,-6.18341,-1.4004735946655273
c1ccc2cc3ccccc3cc2c1,O,333.0,-5.64072,-1.0428762435913086
c1ccc2cc3ccccc3cc2c1,O,353.0,-5.13132,-0.7195246815681458
c1ccc2cc3ccccc3cc2c1,O,373.0,-4.61427,-1.170680046081543
c1ccc2cc3ccccc3cc2c1,O,393.0,-4.09858,-1.2563509941101074
c1ccc2cc3ccccc3cc2c1,O,433.0,-3.10073,-1.2565979957580566
c1ccc2cc3ccccc3cc2c1,O,453.0,-2.62636,-1.256597638130188
c1ccc2cc3ccccc3cc2c1,O,473.0,-2.20726,-1.2565981149673462
c1ccc2cc3ccccc3cc2c1,O,483.0,-1.98415,-1.2565973997116089
c1ccc2cc3ccccc3cc2c1,O,298.0,-6.38731,-1.662019968032837
c1ccc2cc3ccccc3cc2c1,O,298.0,-6.34806,-1.6620204448699951
c1ccc2cc3ccccc3cc2c1,O,323.0,-6.03033,-1.224530816078186
c1ccc2cc3ccccc3cc2c1,O,373.0,-4.76903,-1.1706804037094116
c1ccc2cc3ccccc3cc2c1,O,423.0,-3.33408,-1.2565972805023193
c1ccc2cc3ccccc3cc2c1,O,473.0,-1.99895,-1.2565983533859253
O=C1c2ccccc2Cc2ccccc21,O,313.0,-4.72114,-3.4052600860595703
O=C1c2ccccc2Cc2ccccc21,O,333.0,-4.24073,-3.0389645099639893
O=C1c2ccccc2Cc2ccccc21,O,353.0,-3.76562,-2.633026123046875
O=C1c2ccccc2Cc2ccccc21,O,373.0,-3.29691,-3.0299763679504395
O=C1c2ccccc2Cc2ccccc21,O,393.0,-2.84049,-3.10662841796875
O=C1c2ccccc2Cc2ccccc21,O,413.0,-2.29856,-3.106894016265869
O=C1c2ccccc2Cc2ccccc21,O,423.0,-2.19744,-3.106894016265869
C1C2CC3C4CC5CC(C14)C(C2)C3C5,O,313.2,-7.29895,-2.166762351989746
C1C2CC3C4CC5CC(C14)C(C2)C3C5,O,333.2,-6.86325,-1.805290937423706
C1C2CC3C4CC5CC(C14)C(C2)C3C5,O,353.2,-6.21883,-1.477774977684021
C1C2CC3C4CC5CC(C14)C(C2)C3C5,O,373.2,-5.58248,-1.881767988204956
C1C2CC3C4CC5CC(C14)C(C2)C3C5,O,393.2,-5.04813,-1.956006646156311
C1C2CC3C4CC5CC(C14)C(C2)C3C5,O,413.2,-4.56068,-1.956235408782959
C1C2CC3C4CC5CC(C14)C(C2)C3C5,O,433.2,-4.0327,-1.9562351703643799
C1C2CC3C4CC5CC(C14)C(C2)C3C5,O,453.2,-3.5639,-1.956235408782959
C1C2CC3C4CC5CC(C14)C(C2)C3C5,O,473.2,-3.157,-1.9562355279922485
C1C2CC3C4CC5CC(C14)C(C2)C3C5,O,493.2,-2.75618,-1.956235408782959
O=C1c2ccccc2C(=O)c2ccccc21,O,298.15,-5.18784,-2.0478804111480713
O=C1c2ccccc2C(=O)c2ccccc21,O,298.15,-4.72489,-2.0478789806365967
O=C1c2ccccc2C(=O)c2ccccc21,O,313.0,-5.39862,-1.7837159633636475
O=C1c2ccccc2C(=O)c2ccccc21,O,333.0,-4.95428,-1.432214379310608
O=C1c2ccccc2C(=O)c2ccccc21,O,353.0,-4.49572,-1.1548988819122314
O=C1c2ccccc2C(=O)c2ccccc21,O,373.0,-4.08106,-1.5874998569488525
O=C1c2ccccc2C(=O)c2ccccc21,O,393.0,-3.67332,-1.6622225046157837
O=C1c2ccccc2C(=O)c2ccccc21,O,413.0,-3.26849,-1.6624614000320435
O=C1c2ccccc2C(=O)c2ccccc21,O,433.0,-2.83083,-1.6624608039855957
Cc1ccc2cc3ccccc3cc2c1,O,273.45,-7.52993,-3.2327067852020264
Cc1ccc2cc3ccccc3cc2c1,O,278.15,-7.41546,-3.1641430854797363
Cc1ccc2cc3ccccc3cc2c1,O,283.15,-7.25821,-3.0903592109680176
Cc1ccc2cc3ccccc3cc2c1,O,288.15,-7.13123,-3.020897626876831
Cc1ccc2cc3ccccc3cc2c1,O,293.15,-7.00021,-2.9372618198394775
Cc1ccc2cc3ccccc3cc2c1,O,298.15,-6.86521,-2.849747657775879
Cc1ccc2cc3ccccc3cc2c1,O,303.15,-6.73697,-2.763795852661133
Cc1ccc2cc3ccccc3cc2c1,O,308.15,-6.60227,-2.6882708072662354
Cc1ccc2cc3ccccc3cc2c1,O,313.15,-6.45485,-2.599851369857788
Cc1ccc2cc3ccccc3cc2c1,O,318.15,-6.309,-2.5064258575439453
Cc1ccc2cc3ccccc3cc2c1,O,323.15,-6.1866,-2.4194233417510986
Cc1ccc2cc3ccccc3cc2c1,O,313.2,-6.54044,-2.598982095718384
Cc1ccc2cc3ccccc3cc2c1,O,333.2,-5.99341,-2.2150814533233643
Cc1ccc2cc3ccccc3cc2c1,O,353.2,-5.45984,-1.8135004043579102
Cc1ccc2cc3ccccc3cc2c1,O,373.2,-4.8662,-2.236886501312256
Cc1ccc2cc3ccccc3cc2c1,O,393.2,-4.36553,-2.319371461868286
Cc1ccc2cc3ccccc3cc2c1,O,413.2,-3.90471,-2.3196234703063965
Cc1ccc2cc3ccccc3cc2c1,O,433.2,-3.41403,-2.3196234703063965
Cc1ccc2cc3ccccc3cc2c1,O,453.2,-2.82558,-2.3196237087249756
OCc1c2ccccc2cc2ccccc12,O,373.0,-3.92394,-2.2880711555480957
OCc1c2ccccc2cc2ccccc12,O,393.0,-3.09576,-2.3545331954956055
OCc1c2ccccc2cc2ccccc12,O,413.0,-2.71975,-2.3547472953796387
OCc1c2ccccc2cc2ccccc12,O,423.0,-2.4478,-2.3547472953796387
OCc1c2ccccc2cc2ccccc12,O,433.0,-2.30909,-2.3547472953796387
O=C1/C(=C/c2ccco2)CC/C1=C\c1ccco1,C1CCOC1,308.15,-0.41881,0.07131721824407578
O=C1/C(=C/c2ccco2)CC/C1=C\c1ccco1,C1CCOC1,313.15,-0.35701,0.12910717725753784
O=C1/C(=C/c2ccco2)CC/C1=C\c1ccco1,C1CCOC1,318.15,-0.2702,0.18398994207382202
O=C1/C(=C/c2ccco2)CC/C1=C\c1ccco1,C1CCOC1,323.15,-0.23873,0.22491595149040222
O=C1/C(=C/c2ccco2)CC/C1=C\c1ccco1,C1CCOC1,333.15,-0.13454,0.30089423060417175
O=C1/C(=C/c2ccco2)CC/C1=C\c1ccco1,C1CCOC1,343.15,-0.05302,0.4186823070049286
O=C1/C(=C/c2ccco2)CC/C1=C\c1ccco1,C1CCOC1,353.15,0.00437,0.45236435532569885
O=C1/C(=C/c2ccco2)CC/C1=C\c1ccco1,C1CCOC1,363.15,0.07033,0.3519764840602875
O=C1/C(=C/c2ccco2)CC/C1=C\c1ccco1,C1CCOC1,373.15,0.12063,0.2228003442287445
O=C1/C(=C/c2ccco2)CC/C1=C\c1ccco1,C1CCOC1,383.15,0.19062,0.1847267895936966
O=C1/C(=C/c2ccco2)CC/C1=C\c1ccco1,C1CCOC1,393.15,0.2483,0.18110837042331696
O=C1/C(=C/c2ccco2)CC/C1=C\c1ccco1,C1CCOC1,403.15,0.31984,0.1809806525707245
O=C1/C(=C/c2ccco2)CC/C1=C\c1ccco1,CO,323.14,-1.64627,-0.06481996923685074
O=C1/C(=C/c2ccco2)CC/C1=C\c1ccco1,CO,333.14,-1.55676,0.1392475962638855
O=C1/C(=C/c2ccco2)CC/C1=C\c1ccco1,CO,343.14,-1.48732,0.36346155405044556
O=C1/C(=C/c2ccco2)CC/C1=C\c1ccco1,CO,353.14,-1.42725,0.40065476298332214
O=C1/C(=C/c2ccco2)CC/C1=C\c1ccco1,CO,363.14,-1.35488,0.19854141771793365
O=C1/C(=C/c2ccco2)CC/C1=C\c1ccco1,CO,373.14,-1.32033,-0.06508748978376389
O=C1/C(=C/c2ccco2)CC/C1=C\c1ccco1,CO,383.14,-1.24713,-0.13770198822021484
O=C1/C(=C/c2ccco2)CC/C1=C\c1ccco1,CO,393.14,-1.18495,-0.14480333030223846
O=C1/C(=C/c2ccco2)CC/C1=C\c1ccco1,CO,403.14,-1.12833,-0.14505445957183838
O=C1/C(=C/c2ccco2)CC/C1=C\c1ccco1,O,353.15,-3.42286,-2.9341633319854736
O=C1/C(=C/c2ccco2)CC/C1=C\c1ccco1,O,363.15,-3.19197,-3.162196397781372
O=C1/C(=C/c2ccco2)CC/C1=C\c1ccco1,O,373.15,-2.97334,-3.4881293773651123
O=C1/C(=C/c2ccco2)CC/C1=C\c1ccco1,O,383.15,-2.70272,-3.575437545776367
O=C1/C(=C/c2ccco2)CC/C1=C\c1ccco1,O,393.15,-2.49374,-3.5836503505706787
O=C1/C(=C/c2ccco2)CC/C1=C\c1ccco1,O,398.15,-2.37951,-3.583906412124634
O=C1/C(=C/c2ccco2)CC/C1=C\c1ccco1,O,403.15,-2.24456,-3.5839407444000244
O.Oc1cc(O)c2c(c1)O[C@H](c1ccc(O)c(O)c1)[C@@H](O)C2,O,277.6,-1.90261,-2.764695405960083
O.Oc1cc(O)c2c(c1)O[C@H](c1ccc(O)c(O)c1)[C@@H](O)C2,O,282.7,-2.08899,-2.6962318420410156
O.Oc1cc(O)c2c(c1)O[C@H](c1ccc(O)c(O)c1)[C@@H](O)C2,O,297.7,-1.80549,-2.482785701751709
O.Oc1cc(O)c2c(c1)O[C@H](c1ccc(O)c(O)c1)[C@@H](O)C2,O,308.4,-1.42414,-2.310612678527832
O.Oc1cc(O)c2c(c1)O[C@H](c1ccc(O)c(O)c1)[C@@H](O)C2,O,324.9,-0.94825,-2.0364999771118164
O.Oc1cc(O)c2c(c1)O[C@H](c1ccc(O)c(O)c1)[C@@H](O)C2,O,331.2,-0.79974,-1.941280722618103
O.Oc1cc(O)c2c(c1)O[C@H](c1ccc(O)c(O)c1)[C@@H](O)C2,O,298.75,-2.13457,-2.4660372734069824
O.Oc1cc(O)c2c(c1)O[C@H](c1ccc(O)c(O)c1)[C@@H](O)C2,O,314.65,-1.78711,-2.2028841972351074
O.Oc1cc(O)c2c(c1)O[C@H](c1ccc(O)c(O)c1)[C@@H](O)C2,O,334.95,-0.84129,-1.8806949853897095
O.Oc1cc(O)c2c(c1)O[C@H](c1ccc(O)c(O)c1)[C@@H](O)C2,O,355.25,-0.38147,-1.7128664255142212
O.Oc1cc(O)c2c(c1)O[C@H](c1ccc(O)c(O)c1)[C@@H](O)C2,O,375.35,-0.06872,-2.0685062408447266
O.Oc1cc(O)c2c(c1)O[C@H](c1ccc(O)c(O)c1)[C@@H](O)C2,O,395.65,0.13766,-2.1106393337249756
O.Oc1cc(O)c2c(c1)O[C@H](c1ccc(O)c(O)c1)[C@@H](O)C2,O,415.85,0.27175,-2.1107141971588135
c1cc2ccc3cccc4ccc(c1)c2c34,O,298.0,-6.17736,-2.644345283508301
c1cc2ccc3cccc4ccc(c1)c2c34,O,298.0,-6.22716,-2.64434552192688
c1cc2ccc3cccc4ccc(c1)c2c34,O,323.0,-5.681,-2.1361658573150635
c1cc2ccc3cccc4ccc(c1)c2c34,O,373.0,-4.31994,-2.0673558712005615
c1cc2ccc3cccc4ccc(c1)c2c34,O,373.0,-4.38209,-2.0673556327819824
c1cc2ccc3cccc4ccc(c1)c2c34,O,373.0,-5.27418,-2.0673558712005615
COC1=CC(=O)C[C@@H](C)[C@]12Oc1c(Cl)c(OC)cc(OC)c1C2=O,O,413.0,-2.08961,-3.7584168910980225
COC1=CC(=O)C[C@@H](C)[C@]12Oc1c(Cl)c(OC)cc(OC)c1C2=O,O,423.0,-1.94366,-3.7584168910980225
COC1=CC(=O)C[C@@H](C)[C@]12Oc1c(Cl)c(OC)cc(OC)c1C2=O,O,428.0,-1.83151,-3.7584173679351807
COC1=CC(=O)C[C@@H](C)[C@]12Oc1c(Cl)c(OC)cc(OC)c1C2=O,O,433.0,-1.72447,-3.7584168910980225
COC1=CC(=O)C[C@@H](C)[C@]12Oc1c(Cl)c(OC)cc(OC)c1C2=O,O,443.0,-1.58371,-3.7584171295166016
COC1=CC(=O)C[C@@H](C)[C@]12Oc1c(Cl)c(OC)cc(OC)c1C2=O,O,298.0,-4.47121,-4.25452995300293
c1ccc2c(c1)c1ccccc1c1ccccc21,O,298.15,-6.72465,-2.3021063804626465
c1ccc2c(c1)c1ccccc1c1ccccc21,O,313.0,-6.99888,-2.003549098968506
c1ccc2c(c1)c1ccccc1c1ccccc21,O,333.0,-6.48285,-1.6512831449508667
c1ccc2c(c1)c1ccccc1c1ccccc21,O,353.0,-5.90632,-1.3938647508621216
c1ccc2c(c1)c1ccccc1c1ccccc21,O,373.0,-5.32042,-1.8020097017288208
c1ccc2c(c1)c1ccccc1c1ccccc21,O,393.0,-4.73833,-1.8807165622711182
c1ccc2c(c1)c1ccccc1c1ccccc21,O,413.0,-4.19343,-1.8809703588485718
c1ccc2c(c1)c1ccccc1c1ccccc21,O,433.0,-3.72579,-1.8809707164764404
c1ccc2c(c1)c1ccccc1c1ccccc21,O,453.0,-3.22131,-1.8809700012207031
c1ccc2c(c1)c1ccccc1c1ccccc21,O,463.0,-2.95438,-1.8809707164764404
c1ccc2c(c1)c1ccccc1c1ccccc21,O,468.0,-2.86684,-1.8809705972671509
c1ccc(-c2ccc(-c3ccccc3)cc2)cc1,CCO,393.0,-1.01312,-1.054574966430664
c1ccc(-c2ccc(-c3ccccc3)cc2)cc1,CCO,413.0,-0.66425,-1.0548486709594727
c1ccc(-c2ccc(-c3ccccc3)cc2)cc1,CCO,423.0,-0.45062,-1.0548487901687622
c1ccc(-c2ccc(-c3ccccc3)cc2)cc1,CCO,433.0,-0.21126,-1.0548487901687622
c1ccc(-c2ccc(-c3ccccc3)cc2)cc1,CCO,443.0,0.14153,-1.0548486709594727
c1ccc(-c2ccc(-c3ccccc3)cc2)cc1,O,333.0,-7.33713,-1.323449730873108
c1ccc(-c2ccc(-c3ccccc3)cc2)cc1,O,353.0,-6.68258,-1.0398809909820557
c1ccc(-c2ccc(-c3ccccc3)cc2)cc1,O,373.0,-5.93374,-1.4851981401443481
c1ccc(-c2ccc(-c3ccccc3)cc2)cc1,O,393.0,-5.33186,-1.5618492364883423
c1ccc(-c2ccc(-c3ccccc3)cc2)cc1,O,413.0,-4.72325,-1.5620938539505005
c1ccc(-c2ccc(-c3ccccc3)cc2)cc1,O,433.0,-4.11461,-1.5620938539505005
c1ccc(-c2ccc(-c3ccccc3)cc2)cc1,O,453.0,-3.51465,-1.5620934963226318
c1ccc(-c2ccc(-c3ccccc3)cc2)cc1,O,473.0,-2.93923,-1.5620940923690796
c1ccc(-c2ccc(-c3ccccc3)cc2)cc1,O,483.0,-2.73226,-1.5620938539505005
CC(O)(CS(=O)(=O)c1ccc(F)cc1)C(=O)Nc1ccc(C#N)c(C(F)(F)F)c1,O,383.15,-3.38489,-3.352159023284912
CC(O)(CS(=O)(=O)c1ccc(F)cc1)C(=O)Nc1ccc(C#N)c(C(F)(F)F)c1,O,393.15,-2.97652,-3.359381675720215
CC(O)(CS(=O)(=O)c1ccc(F)cc1)C(=O)Nc1ccc(C#N)c(C(F)(F)F)c1,O,403.15,-2.78886,-3.359637498855591
CC(O)(CS(=O)(=O)c1ccc(F)cc1)C(=O)Nc1ccc(C#N)c(C(F)(F)F)c1,O,413.15,-2.41016,-3.3596410751342773
CC(O)(CS(=O)(=O)c1ccc(F)cc1)C(=O)Nc1ccc(C#N)c(C(F)(F)F)c1,O,423.15,-1.95129,-3.35964035987854
CC(O)(CS(=O)(=O)c1ccc(F)cc1)C(=O)Nc1ccc(C#N)c(C(F)(F)F)c1,O,433.15,-1.73678,-3.3596408367156982
CC(O)(CS(=O)(=O)c1ccc(F)cc1)C(=O)Nc1ccc(C#N)c(C(F)(F)F)c1,O,443.15,-1.51154,-3.35964035987854
c1cc2cccc3c4cccc5cccc(c(c1)c23)c54,O,298.0,-8.77942,-3.1369760036468506
c1cc2cccc3c4cccc5cccc(c(c1)c23)c54,O,323.0,-7.79839,-2.619821310043335
c1cc2cccc3c4cccc5cccc(c(c1)c23)c54,O,373.0,-6.95197,-2.598407030105591
c1cc2cccc3c4cccc5cccc(c(c1)c23)c54,O,423.0,-5.21869,-2.684751033782959
c1cc2cccc3c4cccc5cccc(c(c1)c23)c54,O,473.0,-3.62228,-2.684751033782959
O=c1c2ccccc2[nH]c2cc3c(=O)c4ccccc4[nH]c3cc12,O,453.4,-5.0265,-5.66669225692749
O=c1c2ccccc2[nH]c2cc3c(=O)c4ccccc4[nH]c3cc12,O,462.9,-4.85914,-5.666691780090332
O=c1c2ccccc2[nH]c2cc3c(=O)c4ccccc4[nH]c3cc12,O,473.9,-4.73579,-5.666691303253174
O=c1c2ccccc2[nH]c2cc3c(=O)c4ccccc4[nH]c3cc12,O,498.6,-4.3874,-5.666691780090332
O=c1c2ccccc2[nH]c2cc3c(=O)c4ccccc4[nH]c3cc12,O,508.2,-4.11691,-5.666691303253174
O=c1c2ccccc2[nH]c2cc3c(=O)c4ccccc4[nH]c3cc12,O,522.5,-3.71518,-5.666691780090332
O=c1c2ccccc2[nH]c2cc3c(=O)c4ccccc4[nH]c3cc12,O,549.0,-3.38905,-5.666691780090332
O=c1c2ccccc2[nH]c2cc3c(=O)c4ccccc4[nH]c3cc12,O,563.5,-3.08336,-5.666691780090332
O=c1c2ccccc2[nH]c2cc3c(=O)c4ccccc4[nH]c3cc12,O,573.0,-2.86333,-5.666691303253174
O=c1c2ccccc2[nH]c2cc3c(=O)c4ccccc4[nH]c3cc12,O,583.5,-2.67221,-5.66669225692749
O=c1c2ccccc2[nH]c2cc3c(=O)c4ccccc4[nH]c3cc12,O,592.9,-2.39866,-5.666691780090332
c1ccc(-c2c3ccccc3cc3ccccc23)cc1,O,313.2,-7.37985,-2.1111602783203125
c1ccc(-c2c3ccccc3cc3ccccc23)cc1,O,333.2,-6.72636,-1.7657605409622192
c1ccc(-c2c3ccccc3cc3ccccc23)cc1,O,353.2,-6.20359,-1.5133780241012573
c1ccc(-c2c3ccccc3cc3ccccc23)cc1,O,373.2,-5.66485,-1.9265116453170776
c1ccc(-c2c3ccccc3cc3ccccc23)cc1,O,393.2,-5.05318,-2.0021698474884033
c1ccc(-c2c3ccccc3cc3ccccc23)cc1,O,413.2,-4.46716,-2.002408027648926
c1ccc(-c2c3ccccc3cc3ccccc23)cc1,O,423.2,-4.21877,-2.002408027648926
CN(C)CCC[C@@]1(c2ccc(F)cc2)OCc2cc(C#N)ccc21,O,298.0,-1.22265,-4.067415714263916
CN(C)CCC[C@@]1(c2ccc(F)cc2)OCc2cc(C#N)ccc21,O,323.0,-0.75835,-3.549102783203125
CN(C)CCC[C@@]1(c2ccc(F)cc2)OCc2cc(C#N)ccc21,O,348.0,-0.36411,-3.0137906074523926
CN(C)CCC[C@@]1(c2ccc(F)cc2)OCc2cc(C#N)ccc21,O,373.0,-0.06223,-3.4656717777252197
CN(C)CCC[C@@]1(c2ccc(F)cc2)OCc2cc(C#N)ccc21,O,398.0,0.06673,-3.551952362060547
CC(=O)O[C@]1(C(C)=O)CC[C@H]2[C@@H]3C=C(C)C4=CC(=O)CC[C@]4(C)[C@H]3CC[C@@]21C,O,383.15,-3.85116,-2.6552321910858154
CC(=O)O[C@]1(C(C)=O)CC[C@H]2[C@@H]3C=C(C)C4=CC(=O)CC[C@]4(C)[C@H]3CC[C@@]21C,O,393.15,-3.71795,-2.660477876663208
CC(=O)O[C@]1(C(C)=O)CC[C@H]2[C@@H]3C=C(C)C4=CC(=O)CC[C@]4(C)[C@H]3CC[C@@]21C,O,403.15,-3.24071,-2.660663366317749
CC(=O)O[C@]1(C(C)=O)CC[C@H]2[C@@H]3C=C(C)C4=CC(=O)CC[C@]4(C)[C@H]3CC[C@@]21C,O,413.15,-3.00604,-2.6606662273406982
CC(=O)O[C@]1(C(C)=O)CC[C@H]2[C@@H]3C=C(C)C4=CC(=O)CC[C@]4(C)[C@H]3CC[C@@]21C,O,423.15,-2.74892,-2.660665988922119
CC(=O)O[C@]1(C(C)=O)CC[C@H]2[C@@H]3C=C(C)C4=CC(=O)CC[C@]4(C)[C@H]3CC[C@@]21C,O,433.15,-2.50214,-2.6606662273406982
CC(=O)O[C@]1(C(C)=O)CC[C@H]2[C@@H]3C=C(C)C4=CC(=O)CC[C@]4(C)[C@H]3CC[C@@]21C,O,443.15,-2.31097,-2.660665512084961
CCCC1O[C@@H]2C[C@H]3[C@@H]4CCC5=CC(=O)C=C[C@]5(C)[C@H]4[C@@H](O)C[C@]3(C)[C@]2(C(=O)CO)O1,O,293.2,-4.44129,-3.3149056434631348
CCCC1O[C@@H]2C[C@H]3[C@@H]4CCC5=CC(=O)C=C[C@]5(C)[C@H]4[C@@H](O)C[C@]3(C)[C@]2(C(=O)CO)O1,O,298.2,-4.38722,-3.238523244857788
CCCC1O[C@@H]2C[C@H]3[C@@H]4CCC5=CC(=O)C=C[C@]5(C)[C@H]4[C@@H](O)C[C@]3(C)[C@]2(C(=O)CO)O1,O,303.2,-4.284,-3.1669857501983643
CCCC1O[C@@H]2C[C@H]3[C@@H]4CCC5=CC(=O)C=C[C@]5(C)[C@H]4[C@@H](O)C[C@]3(C)[C@]2(C(=O)CO)O1,O,308.2,-4.22695,-3.0962650775909424
CCCC1O[C@@H]2C[C@H]3[C@@H]4CCC5=CC(=O)C=C[C@]5(C)[C@H]4[C@@H](O)C[C@]3(C)[C@]2(C(=O)CO)O1,O,313.2,-4.17198,-3.0234758853912354
CCCC1O[C@@H]2C[C@H]3[C@@H]4CCC5=CC(=O)C=C[C@]5(C)[C@H]4[C@@H](O)C[C@]3(C)[C@]2(C(=O)CO)O1,O,298.0,-4.18709,-3.241466999053955
CCCC1O[C@@H]2C[C@H]3[C@@H]4CCC5=CC(=O)C=C[C@]5(C)[C@H]4[C@@H](O)C[C@]3(C)[C@]2(C(=O)CO)O1,O,373.0,-3.52221,-2.8379666805267334
CCCC1O[C@@H]2C[C@H]3[C@@H]4CCC5=CC(=O)C=C[C@]5(C)[C@H]4[C@@H](O)C[C@]3(C)[C@]2(C(=O)CO)O1,O,403.0,-3.09759,-2.900207757949829
CCCC1O[C@@H]2C[C@H]3[C@@H]4CCC5=CC(=O)C=C[C@]5(C)[C@H]4[C@@H](O)C[C@]3(C)[C@]2(C(=O)CO)O1,O,413.0,-2.96549,-2.900210380554199
CCCC1O[C@@H]2C[C@H]3[C@@H]4CCC5=CC(=O)C=C[C@]5(C)[C@H]4[C@@H](O)C[C@]3(C)[C@]2(C(=O)CO)O1,O,423.0,-2.82892,-2.9002108573913574
CCCC1O[C@@H]2C[C@H]3[C@@H]4CCC5=CC(=O)C=C[C@]5(C)[C@H]4[C@@H](O)C[C@]3(C)[C@]2(C(=O)CO)O1,O,433.0,-2.56553,-2.9002108573913574
CCCC1O[C@@H]2C[C@H]3[C@@H]4CCC5=CC(=O)C=C[C@]5(C)[C@H]4[C@@H](O)C[C@]3(C)[C@]2(C(=O)CO)O1,O,443.0,-2.52084,-2.9002108573913574
CCCC1O[C@@H]2C[C@H]3[C@@H]4CCC5=CC(=O)C=C[C@]5(C)[C@H]4[C@@H](O)C[C@]3(C)[C@]2(C(=O)CO)O1,O,453.0,-2.48133,-2.9002106189727783
CCCC1O[C@@H]2C[C@H]3[C@@H]4CCC5=CC(=O)C=C[C@]5(C)[C@H]4[C@@H](O)C[C@]3(C)[C@]2(C(=O)CO)O1,O,473.0,-2.32469,-2.9002106189727783
CCC(=O)OCC(=O)[C@@]1(OC(=O)CC)[C@@H](C)C[C@H]2[C@@H]3CCC4=CC(=O)C=C[C@]4(C)[C@@]3(Cl)[C@@H](O)C[C@@]21C,O,383.15,-3.98149,-3.24883770942688
CCC(=O)OCC(=O)[C@@]1(OC(=O)CC)[C@@H](C)C[C@H]2[C@@H]3CCC4=CC(=O)C=C[C@]4(C)[C@@]3(Cl)[C@@H](O)C[C@@]21C,O,393.15,-3.92443,-3.2557647228240967
CCC(=O)OCC(=O)[C@@]1(OC(=O)CC)[C@@H](C)C[C@H]2[C@@H]3CCC4=CC(=O)C=C[C@]4(C)[C@@]3(Cl)[C@@H](O)C[C@@]21C,O,403.15,-3.78478,-3.256009340286255
CCC(=O)OCC(=O)[C@@]1(OC(=O)CC)[C@@H](C)C[C@H]2[C@@H]3CCC4=CC(=O)C=C[C@]4(C)[C@@]3(Cl)[C@@H](O)C[C@@]21C,O,413.15,-3.64064,-3.2560129165649414
CCC(=O)OCC(=O)[C@@]1(OC(=O)CC)[C@@H](C)C[C@H]2[C@@H]3CCC4=CC(=O)C=C[C@]4(C)[C@@]3(Cl)[C@@H](O)C[C@@]21C,O,423.15,-3.37365,-3.2560131549835205
CCC(=O)OCC(=O)[C@@]1(OC(=O)CC)[C@@H](C)C[C@H]2[C@@H]3CCC4=CC(=O)C=C[C@]4(C)[C@@]3(Cl)[C@@H](O)C[C@@]21C,O,433.15,-3.15918,-3.2560129165649414
CCC(=O)OCC(=O)[C@@]1(OC(=O)CC)[C@@H](C)C[C@H]2[C@@H]3CCC4=CC(=O)C=C[C@]4(C)[C@@]3(Cl)[C@@H](O)C[C@@]21C,O,443.15,-2.97826,-3.2560126781463623
CC[C@H]1OC(=O)[C@H](C)[C@@H](O[C@H]2C[C@@](C)(OC)[C@@H](O)[C@H](C)O2)[C@H](C)[C@@H](O[C@@H]2O[C@H](C)C[C@H](N(C)C)[C@H]2O)[C@](C)(OC)C[C@@H](C)C(=O)[C@H](C)[C@@H](O)[C@]1(C)O,O,383.15,-1.73043,-0.7849186062812805
CC[C@H]1OC(=O)[C@H](C)[C@@H](O[C@H]2C[C@@](C)(OC)[C@@H](O)[C@H](C)O2)[C@H](C)[C@@H](O[C@@H]2O[C@H](C)C[C@H](N(C)C)[C@H]2O)[C@](C)(OC)C[C@@H](C)C(=O)[C@H](C)[C@@H](O)[C@]1(C)O,O,393.15,-1.6378,-0.7901681661605835
CC[C@H]1OC(=O)[C@H](C)[C@@H](O[C@H]2C[C@@](C)(OC)[C@@H](O)[C@H](C)O2)[C@H](C)[C@@H](O[C@@H]2O[C@H](C)C[C@H](N(C)C)[C@H]2O)[C@](C)(OC)C[C@@H](C)C(=O)[C@H](C)[C@@H](O)[C@]1(C)O,O,403.15,-1.58919,-0.7903532385826111
CC[C@H]1OC(=O)[C@H](C)[C@@H](O[C@H]2C[C@@](C)(OC)[C@@H](O)[C@H](C)O2)[C@H](C)[C@@H](O[C@@H]2O[C@H](C)C[C@H](N(C)C)[C@H]2O)[C@](C)(OC)C[C@@H](C)C(=O)[C@H](C)[C@@H](O)[C@]1(C)O,O,413.15,-1.49638,-0.7903565764427185
CC[C@H]1OC(=O)[C@H](C)[C@@H](O[C@H]2C[C@@](C)(OC)[C@@H](O)[C@H](C)O2)[C@H](C)[C@@H](O[C@@H]2O[C@H](C)C[C@H](N(C)C)[C@H]2O)[C@](C)(OC)C[C@@H](C)C(=O)[C@H](C)[C@@H](O)[C@]1(C)O,O,423.15,-6.32218,-0.7903562188148499
CC[C@H]1OC(=O)[C@H](C)[C@@H](O[C@H]2C[C@@](C)(OC)[C@@H](O)[C@H](C)O2)[C@H](C)[C@@H](O[C@@H]2O[C@H](C)C[C@H](N(C)C)[C@H]2O)[C@](C)(OC)C[C@@H](C)C(=O)[C@H](C)[C@@H](O)[C@]1(C)O,O,433.15,-1.12406,-0.7903562784194946
CC[C@H]1OC(=O)[C@H](C)[C@@H](O[C@H]2C[C@@](C)(OC)[C@@H](O)[C@H](C)O2)[C@H](C)[C@@H](O[C@@H]2O[C@H](C)C[C@H](N(C)C)[C@H]2O)[C@](C)(OC)C[C@@H](C)C(=O)[C@H](C)[C@@H](O)[C@]1(C)O,O,443.15,-0.94759,-0.7903558611869812
CC1=C(/C=C/C(C)=C/C=C/C(C)=C/C=C/C=C(C)/C=C/C=C(C)/C=C/C2=C(C)CCCC2(C)C)C(C)(C)CCC1,O,298.15,-6.22151,-4.227631092071533
CC1=C(/C=C/C(C)=C/C=C/C(C)=C/C=C/C=C(C)/C=C/C=C(C)/C=C/C2=C(C)CCCC2(C)C)C(C)(C)CCC1,O,363.15,-4.8999,-3.6643807888031006
CC1=C(/C=C/C(C)=C/C=C/C(C)=C/C=C/C=C(C)/C=C/C=C(C)/C=C/C2=C(C)CCCC2(C)C)C(C)(C)CCC1,O,373.15,-4.68032,-3.850532054901123
CC1=C(/C=C/C(C)=C/C=C/C(C)=C/C=C/C=C(C)/C=C/C=C(C)/C=C/C2=C(C)CCCC2(C)C)C(C)(C)CCC1,O,383.15,-4.48873,-3.903416872024536
CC1=C(/C=C/C(C)=C/C=C/C(C)=C/C=C/C=C(C)/C=C/C=C(C)/C=C/C2=C(C)CCCC2(C)C)C(C)(C)CCC1,O,393.15,-4.25799,-3.9084115028381348
CC1=C(/C=C/C(C)=C/C=C/C(C)=C/C=C/C=C(C)/C=C/C=C(C)/C=C/C2=C(C)CCCC2(C)C)C(C)(C)CCC1,O,403.15,-4.20895,-3.9085869789123535
CC(C)(C)c1cc2c(O)c(c1)Cc1cc(C(C)(C)C)cc(c1O)Cc1cc(C(C)(C)C)cc(c1O)Cc1cc(C(C)(C)C)cc(c1O)C2,O,433.2,-6.65581,-4.197497844696045
CC(C)(C)c1cc2c(O)c(c1)Cc1cc(C(C)(C)C)cc(c1O)Cc1cc(C(C)(C)C)cc(c1O)Cc1cc(C(C)(C)C)cc(c1O)C2,O,453.2,-6.08601,-4.1974992752075195
CC(C)(C)c1cc2c(O)c(c1)Cc1cc(C(C)(C)C)cc(c1O)Cc1cc(C(C)(C)C)cc(c1O)Cc1cc(C(C)(C)C)cc(c1O)C2,O,473.2,-5.45567,-4.197498321533203
CC(C)(C)c1cc2c(O)c(c1)Cc1cc(C(C)(C)C)cc(c1O)Cc1cc(C(C)(C)C)cc(c1O)Cc1cc(C(C)(C)C)cc(c1O)C2,O,493.2,-4.67262,-4.197498798370361
CC(C)(C)c1cc2c(O)c(c1)Cc1cc(C(C)(C)C)cc(c1O)Cc1cc(C(C)(C)C)cc(c1O)Cc1cc(C(C)(C)C)cc(c1O)C2,O,513.2,-3.94202,-4.1974992752075195
O=c1[nH]cc(F)c(=O)[nH]1,O,298.0,-1.02792,-0.9222250580787659
O=c1[nH]cc(F)c(=O)[nH]1,O,323.0,-0.79863,-0.5109513401985168
O=c1[nH]cc(F)c(=O)[nH]1,O,373.0,-0.4798,-0.4700063169002533
O=c1[nH]cc(F)c(=O)[nH]1,O,423.0,-0.19903,-0.543076753616333
O=c1[nH]cc(F)c(=O)[nH]1,O,448.0,-0.10052,-0.5430765151977539
O=c1[nH]cc(F)c(=O)[nH]1,O,473.0,-0.00485,-0.5430765748023987
O=C(O)CCCCC(=O)O,CC(=O)O,297.93,-0.45625,0.1599365919828415
O=C(O)CCCCC(=O)O,CC(=O)O,302.7,-0.35955,0.22878025472164154
O=C(O)CCCCC(=O)O,CC(=O)O,306.65,-0.30365,0.2901468276977539
O=C(O)CCCCC(=O)O,CC(=O)O,311.67,-0.22298,0.37753602862358093
O=C(O)CCCCC(=O)O,CC(=O)O,315.2,-0.16349,0.4407096803188324
O=C(O)CCCCC(=O)O,CC(=O)O,319.33,-0.1041,0.5190174579620361
O=C(O)CCCCC(=O)O,CC(=O)O,323.49,-0.03908,0.5858280658721924
O=C(O)CCCCC(=O)O,CC(=O)O,326.57,0.00706,0.6295439004898071
O=C(O)CCCCC(=O)O,CC(=O)O,329.3,0.04765,0.6687567830085754
O=C(O)CCCCC(=O)O,CC(=O)O,332.85,0.09681,0.7261802554130554
O=C(O)CCCCC(=O)O,CC(=O)O,335.77,0.16204,0.7761174440383911
O=C(O)CCCCC(=O)O,CC(=O)O,339.55,0.2171,0.8498560190200806
O=C(O)CCCCC(=O)O,CC(=O)O,344.53,0.27171,0.9345435500144958
O=C(O)CCCCC(=O)O,CC(=O)O,347.65,0.31705,0.9659508466720581
O=C(O)CCCCC(=O)O,CC(=O)O,303.0,-0.33502,0.2329540252685547
O=C(O)CCCCC(=O)O,CC(=O)O,313.0,-0.18156,0.4005126357078552
O=C(O)CCCCC(=O)O,CC(=O)O,323.0,0.02632,0.5780897736549377
O=C(O)CCCCC(=O)O,CC(=O)O,333.0,0.19213,0.728561520576477
O=C(O)CCCCC(=O)O,CC(=O)O,343.0,0.33708,0.9138028621673584
O=C(O)CCCCC(=O)O,CC(=O)O,353.0,0.45025,0.9764971137046814
O=C(O)CCCCC(=O)O,CC(=O)O,363.0,0.62524,0.8466932773590088
O=C(O)CCCCC(=O)O,CC(=O)O,373.0,0.75553,0.6399723291397095
O=C(O)CCCCC(=O)O,CC(=O)O,383.0,0.874,0.5752120614051819
O=C(O)CCCCC(=O)O,O=C1CCCCC1,292.75,-0.99296,-0.7878075838088989
O=C(O)CCCCC(=O)O,O=C1CCCCC1,294.55,-0.97006,-0.7578453421592712
O=C(O)CCCCC(=O)O,O=C1CCCCC1,297.23,-0.86451,-0.7053921222686768
O=C(O)CCCCC(=O)O,O=C1CCCCC1,298.75,-0.84072,-0.6720519065856934
O=C(O)CCCCC(=O)O,O=C1CCCCC1,302.35,-0.79998,-0.5892463326454163
O=C(O)CCCCC(=O)O,O=C1CCCCC1,304.09,-0.77672,-0.5473890900611877
O=C(O)CCCCC(=O)O,O=C1CCCCC1,312.55,-0.6306,-0.3418155312538147
O=C(O)CCCCC(=O)O,O=C1CCCCC1,318.4,-0.47607,-0.20509523153305054
O=C(O)CCCCC(=O)O,O=C1CCCCC1,327.55,-0.35414,-0.02868136763572693
O=C(O)CCCCC(=O)O,O=C1CCCCC1,339.05,-0.17248,0.19677650928497314
O=C(O)CCCCC(=O)O,O=C1CCCCC1,349.85,0.0163,0.4194125831127167
O=C(O)CCCCC(=O)O,O=C1CCCCC1,355.15,0.12637,0.3945758640766144
O=C(O)CCCCC(=O)O,O=C1CCCCC1,303.0,-0.89967,-0.5741862058639526
O=C(O)CCCCC(=O)O,O=C1CCCCC1,313.0,-0.73391,-0.3322303295135498
O=C(O)CCCCC(=O)O,O=C1CCCCC1,323.0,-0.50811,-0.10524705052375793
O=C(O)CCCCC(=O)O,O=C1CCCCC1,333.0,-0.31951,0.06136079877614975
O=C(O)CCCCC(=O)O,O=C1CCCCC1,343.0,-0.13334,0.3067004680633545
O=C(O)CCCCC(=O)O,O=C1CCCCC1,353.0,0.00527,0.41773197054862976
O=C(O)CCCCC(=O)O,O=C1CCCCC1,363.0,0.15186,0.23394930362701416
O=C(O)CCCCC(=O)O,O=C1CCCCC1,373.0,0.28565,-0.0849168449640274
O=C(O)CCCCC(=O)O,O=C1CCCCC1,383.0,0.38031,-0.17276591062545776
O=C(O)CCCCC(=O)O,O=C1CCCCC1,393.0,0.46798,-0.1810297667980194
O=C(O)CCCCC(=O)O,OC1CCCCC1,298.8,-1.79332,-0.523281991481781
O=C(O)CCCCC(=O)O,OC1CCCCC1,301.35,-0.99138,-0.4710278809070587
O=C(O)CCCCC(=O)O,OC1CCCCC1,306.43,-0.75682,-0.3651093542575836
O=C(O)CCCCC(=O)O,OC1CCCCC1,308.75,-0.58822,-0.3110194802284241
O=C(O)CCCCC(=O)O,OC1CCCCC1,311.95,-0.42448,-0.23548755049705505
O=C(O)CCCCC(=O)O,OC1CCCCC1,317.65,-0.27408,-0.11395438015460968
O=C(O)CCCCC(=O)O,OC1CCCCC1,322.9,-0.176,-0.020921722054481506
O=C(O)CCCCC(=O)O,OC1CCCCC1,329.45,-0.07101,0.05608973279595375
O=C(O)CCCCC(=O)O,OC1CCCCC1,334.75,-0.00105,0.14451178908348083
O=C(O)CCCCC(=O)O,OC1CCCCC1,340.1,0.06519,0.2528330385684967
O=C(O)CCCCC(=O)O,OC1CCCCC1,344.9,0.12732,0.3465350270271301
O=C(O)CCCCC(=O)O,OC1CCCCC1,352.47,0.21582,0.3857305645942688
O=C(O)CCCCC(=O)O,OC1CCCCC1,303.0,-0.84338,-0.4385051131248474
O=C(O)CCCCC(=O)O,OC1CCCCC1,313.0,-0.48322,-0.21267835795879364
O=C(O)CCCCC(=O)O,OC1CCCCC1,323.0,-0.20225,-0.019775383174419403
O=C(O)CCCCC(=O)O,OC1CCCCC1,333.0,-0.0618,0.11613502353429794
O=C(O)CCCCC(=O)O,OC1CCCCC1,343.0,0.11043,0.31526148319244385
O=C(O)CCCCC(=O)O,OC1CCCCC1,353.0,0.21196,0.382917582988739
O=C(O)CCCCC(=O)O,OC1CCCCC1,363.0,0.32665,0.19981487095355988
O=C(O)CCCCC(=O)O,OC1CCCCC1,373.0,0.43627,-0.03984558582305908
O=C(O)CCCCC(=O)O,OC1CCCCC1,383.0,0.54482,-0.101178839802742
O=C(O)CCCCC(=O)O,OC1CCCCC1,393.0,0.63033,-0.10712125897407532
O=C(O)CCCCC(=O)O,O,278.15,-1.1622,-1.012699007987976
O=C(O)CCCCC(=O)O,O,283.15,-1.09968,-0.9067011475563049
O=C(O)CCCCC(=O)O,O,288.15,-0.96468,-0.8060161471366882
O=C(O)CCCCC(=O)O,O,293.15,-0.87687,-0.7081535458564758
O=C(O)CCCCC(=O)O,O,298.15,-0.76807,-0.6187591552734375
O=C(O)CCCCC(=O)O,O,303.15,-0.67483,-0.5237904191017151
O=C(O)CCCCC(=O)O,O,308.15,-0.57911,-0.4343562126159668
O=C(O)CCCCC(=O)O,O,313.15,-0.46454,-0.33961671590805054
O=C(O)CCCCC(=O)O,O,318.15,-0.33206,-0.22611142694950104
O=C(O)CCCCC(=O)O,O,323.15,-0.22262,-0.10589492321014404
O=C(O)CCCCC(=O)O,O,328.15,-0.07667,-0.0005308240652084351
O=C(O)CCCCC(=O)O,O,333.15,0.07569,0.12513896822929382
O=C(O)CCCCC(=O)O,O,338.15,0.13099,0.24721170961856842
O=C(O)CCCCC(=O)O,O,303.0,-0.65352,-0.5265025496482849
O=C(O)CCCCC(=O)O,O,313.0,-0.47819,-0.3425430655479431
O=C(O)CCCCC(=O)O,O,323.0,-0.30261,-0.10928463935852051
O=C(O)CCCCC(=O)O,O,333.0,-0.08338,0.12160027772188187
O=C(O)CCCCC(=O)O,O,343.0,0.08661,0.3518028259277344
O=C(O)CCCCC(=O)O,O,353.0,0.23699,0.40003371238708496
O=C(O)CCCCC(=O)O,O,363.0,0.34422,0.23419804871082306
O=C(O)CCCCC(=O)O,O,373.0,0.42842,-0.05493858456611633
O=C(O)CCCCC(=O)O,O,383.0,0.5069,-0.14802969992160797
O=C(O)CCCCC(=O)O,O,393.0,0.57699,-0.15699045360088348
O=C(O)CCCCC(=O)O,O,403.0,0.66109,-0.15731181204319
CCNc1nc(Cl)nc(NCC)n1,O,323.0,-4.07292,-2.0503146648406982
CCNc1nc(Cl)nc(NCC)n1,O,348.0,-3.58736,-1.4911248683929443
CCNc1nc(Cl)nc(NCC)n1,O,373.0,-2.92315,-1.9156205654144287
O=C(O)c1ccccc1,CN(C)C=O,294.75,1.051,0.7612472772598267
O=C(O)c1ccccc1,CN(C)C=O,298.75,1.0637,0.8001301884651184
O=C(O)c1ccccc1,CN(C)C=O,301.05,1.07125,0.8188064098358154
O=C(O)c1ccccc1,CN(C)C=O,302.15,1.07726,0.8277271389961243
O=C(O)c1ccccc1,CN(C)C=O,306.35,1.08732,0.8645204901695251
O=C(O)c1ccccc1,CN(C)C=O,310.05,1.09884,0.9031216502189636
O=C(O)c1ccccc1,CN(C)C=O,312.15,1.10602,0.9244730472564697
O=C(O)c1ccccc1,CN(C)C=O,316.55,1.1214,0.9685477018356323
O=C(O)c1ccccc1,CN(C)C=O,319.35,1.13267,0.9977657794952393
O=C(O)c1ccccc1,CN(C)C=O,323.35,1.14893,1.036988615989685
O=C(O)c1ccccc1,CN(C)C=O,325.65,1.15792,1.0641542673110962
O=C(O)c1ccccc1,CN(C)C=O,329.05,1.17216,1.1006114482879639
O=C(O)c1ccccc1,CN(C)C=O,331.85,1.18698,1.1330575942993164
O=C(O)c1ccccc1,CN(C)C=O,336.45,1.21012,1.1802326440811157
O=C(O)c1ccccc1,CN(C)C=O,340.05,1.22795,1.2150979042053223
O=C(O)c1ccccc1,CN(C)C=O,343.35,1.24903,1.2392938137054443
O=C(O)c1ccccc1,CN(C)C=O,346.05,1.26855,1.2496271133422852
O=C(O)c1ccccc1,CN(C)C=O,348.75,1.28917,1.252363920211792
O=C(O)c1ccccc1,CN(C)C=O,351.25,1.30759,1.2484023571014404
O=C(O)c1ccccc1,CN(C)C=O,355.55,1.34878,1.2277528047561646
O=C(O)c1ccccc1,CN(C)C=O,358.05,1.3731,1.206794023513794
O=C(O)c1ccccc1,CN(C)C=O,362.85,1.42314,1.1374931335449219
O=C(O)c1ccccc1,CN(C)C=O,366.85,1.47426,1.0574588775634766
O=C(O)c1ccccc1,CN(C)C=O,369.65,1.51825,1.0112950801849365
O=C(O)c1ccccc1,O,281.15,-1.75875,-1.516801118850708
O=C(O)c1ccccc1,O,295.65,-1.52701,-1.2635220289230347
O=C(O)c1ccccc1,O,300.15,-1.47002,-1.180254340171814
O=C(O)c1ccccc1,O,305.15,-1.40256,-1.0921671390533447
O=C(O)c1ccccc1,O,309.65,-1.39408,-1.0139744281768799
O=C(O)c1ccccc1,O,318.15,-1.23225,-0.8597918152809143
O=C(O)c1ccccc1,O,333.15,-1.01811,-0.5749136805534363
O=C(O)c1ccccc1,O,337.15,-0.92753,-0.48829665780067444
O=C(O)c1ccccc1,O,297.75,-1.56171,-1.224392294883728
O=C(O)c1ccccc1,O,315.55,-1.29052,-0.9087477922439575
O=C(O)c1ccccc1,O,330.95,-1.05244,-0.6230708956718445
O=C(O)c1ccccc1,O,347.25,-0.77629,-0.33456364274024963
O=C(O)c1ccccc1,O,356.25,-0.59496,-0.34627842903137207
O=C(O)c1ccccc1,O,361.45,-0.48058,-0.41964244842529297
O=C(O)c1ccccc1,O,366.35,-0.3308,-0.5568609237670898
O=C(O)c1ccccc1,O,298.0,-0.90922,-1.219754934310913
O=C(O)c1ccccc1,O,323.0,-0.57113,-0.7755035758018494
O=C(O)c1ccccc1,O,348.0,-0.22449,-0.33023422956466675
O=C(O)c1ccccc1,O,373.0,0.35011,-0.7167921662330627
O=C(O)c1ccccc1,O,393.15,-0.08904,-0.7934806942939758
O=C(O)c1ccccc1,O,383.15,-0.25885,-0.7868239879608154
O=C(O)c1ccccc1,O,373.15,-0.30993,-0.7188740968704224
O=C(O)c1ccccc1,O,363.15,-0.46907,-0.4601968228816986
O=C(O)c1ccccc1,O,353.15,-0.64393,-0.3264694809913635
O=C(O)c1ccccc1,O,343.15,-0.83601,-0.37530753016471863
O=C(O)c1ccccc1,O,333.15,-1.00462,-0.5749135613441467
O=C(O)c1ccccc1,O,323.15,-1.1048,-0.7730028629302979
O=C(O)c1ccccc1,O,313.15,-1.30915,-0.9525177478790283
O=C(O)c1ccccc1,O,303.15,-1.46476,-1.1269583702087402
O=C(O)c1ccccc1,O,299.35,-1.45919,-1.1952953338623047
O=C(O)c1ccccc1,O,304.75,-1.41783,-1.0996150970458984
O=C(O)c1ccccc1,O,310.05,-1.37029,-1.0068082809448242
O=C(O)c1ccccc1,O,316.95,-1.29456,-0.8820003271102905
O=C(O)c1ccccc1,O,321.25,-1.25502,-0.8032958507537842
O=C(O)c1ccccc1,O,326.85,-1.16953,-0.707746148109436
O=C(O)c1ccccc1,O,332.45,-1.06242,-0.5898190140724182
O=C(O)c1ccccc1,O,337.75,-0.95684,-0.4762682020664215
O=C(O)c1ccccc1,O,343.25,-0.85013,-0.3740120232105255
O=C(O)c1ccccc1,O,349.15,-0.73368,-0.3255538046360016
O=C(O)c1ccccc1,O,355.35,-0.60086,-0.33875903487205505
O=C(O)c1ccccc1,O,360.65,-0.47949,-0.404776930809021
O=C(O)c1ccccc1O,O,283.15,-2.06245,-2.0517568588256836
O=C(O)c1ccccc1O,O,288.15,-2.00283,-1.967480182647705
O=C(O)c1ccccc1O,O,293.15,-1.93815,-1.8839945793151855
O=C(O)c1ccccc1O,O,298.15,-1.86374,-1.812671422958374
O=C(O)c1ccccc1O,O,303.15,-1.77441,-1.7408086061477661
O=C(O)c1ccccc1O,O,308.15,-1.69278,-1.6576756238937378
O=C(O)c1ccccc1O,O,313.15,-1.60359,-1.5626249313354492
O=C(O)c1ccccc1O,O,318.15,-1.5186,-1.45265793800354
O=C(O)c1ccccc1O,O,323.15,-1.42668,-1.3445883989334106
O=C(O)c1ccccc1O,O,298.0,-1.58516,-1.8148443698883057
O=C(O)c1ccccc1O,O,323.0,-0.45045,-1.347639799118042
O=C(O)c1ccccc1O,O,348.0,-0.14102,-0.9110189080238342
O=C(O)c1ccccc1O,O,373.0,0.02213,-1.3237366676330566
O=C(O)c1ccccc1O,O,398.0,0.6693,-1.4128395318984985
O=C(O)c1ccccc1O,O,423.0,0.75746,-1.4128775596618652
O=C(O)c1ccc(O)c(O)c1,O,293.15,-0.92843,-1.3541938066482544
O=C(O)c1ccc(O)c(O)c1,O,298.15,-0.90785,-1.261834979057312
O=C(O)c1ccc(O)c(O)c1,O,303.15,-0.89733,-1.1770849227905273
O=C(O)c1ccc(O)c(O)c1,O,308.15,-0.88065,-1.0958786010742188
O=C(O)c1ccc(O)c(O)c1,O,313.15,-0.87012,-1.0118637084960938
O=C(O)c1ccc(O)c(O)c1,O,318.15,-0.85279,-0.9351360201835632
O=C(O)c1ccc(O)c(O)c1,O,298.75,-0.71925,-1.2504695653915405
O=C(O)c1ccc(O)c(O)c1,O,314.65,-0.54119,-0.9892747402191162
O=C(O)c1ccc(O)c(O)c1,O,334.95,-0.2085,-0.6936861276626587
O=C(O)c1ccc(O)c(O)c1,O,355.25,0.05544,-0.5338577032089233
O=C(O)c1ccc(O)c(O)c1,O,375.35,0.2967,-0.8708851933479309
O=C(O)c1ccc(O)c(O)c1,O,395.65,0.70058,-0.9112934470176697
O=C(O)c1ccc(O)c(O)c1,O,415.85,0.88429,-0.9113653898239136
O.O=C(O)c1cc(O)c(O)c(O)c1,O,298.75,-1.16029,-0.4697747528553009
O.O=C(O)c1cc(O)c(O)c(O)c1,O,314.65,-0.87629,-0.21797363460063934
O.O=C(O)c1cc(O)c(O)c(O)c1,O,334.95,-0.35151,0.14646053314208984
O.O=C(O)c1cc(O)c(O)c(O)c1,O,355.25,0.05005,0.3744463622570038
O.O=C(O)c1cc(O)c(O)c(O)c1,O,375.35,0.45168,-0.056475795805454254
O.O=C(O)c1cc(O)c(O)c(O)c1,O,395.65,0.72577,-0.1028030663728714
O.O=C(O)c1cc(O)c(O)c(O)c1,O,415.85,1.18365,-0.10288417339324951
N#Cc1c(Cl)c(Cl)c(Cl)c(C#N)c1Cl,O,298.0,-8.00127,-3.715888261795044
N#Cc1c(Cl)c(Cl)c(Cl)c(C#N)c1Cl,O,323.0,-7.35769,-3.2205233573913574
N#Cc1c(Cl)c(Cl)c(Cl)c(C#N)c1Cl,O,373.0,-5.82703,-3.193331480026245
N#Cc1c(Cl)c(Cl)c(Cl)c(C#N)c1Cl,O,423.0,-4.32014,-3.288156509399414
N#Cc1c(Cl)c(Cl)c(Cl)c(C#N)c1Cl,O,473.0,-2.95203,-3.288156270980835
CCNc1nc(Cl)nc(NC(C)C)n1,O,323.0,-4.48753,-2.363839626312256
CCNc1nc(Cl)nc(NC(C)C)n1,O,348.0,-3.01041,-1.8655269145965576
CCNc1nc(Cl)nc(NC(C)C)n1,O,373.0,-2.63366,-2.278858184814453
CCNc1nc(Cl)nc(NC(C)C)n1,O,398.0,-2.08221,-2.3503048419952393
CCNc1nc(Cl)nc(NC(C)C)n1,O,398.0,-2.08465,-2.3503048419952393
O=Cc1ccc(C(=O)O)cc1,CC(=O)O,293.15,-1.76439,-1.120266079902649
O=Cc1ccc(C(=O)O)cc1,CC(=O)O,298.15,-1.71163,-1.0670291185379028
O=Cc1ccc(C(=O)O)cc1,CC(=O)O,303.15,-1.6597,-1.0136266946792603
O=Cc1ccc(C(=O)O)cc1,CC(=O)O,308.15,-1.60542,-0.9559558033943176
O=Cc1ccc(C(=O)O)cc1,CC(=O)O,313.15,-1.53569,-0.897979736328125
O=Cc1ccc(C(=O)O)cc1,CC(=O)O,318.15,-1.45805,-0.8390741348266602
O=Cc1ccc(C(=O)O)cc1,CC(=O)O,323.15,-1.38002,-0.7841625809669495
O=Cc1ccc(C(=O)O)cc1,CC(=O)O,328.15,-1.28825,-0.732726514339447
O=Cc1ccc(C(=O)O)cc1,CC(=O)O,333.15,-1.20721,-0.6755693554878235
O=Cc1ccc(C(=O)O)cc1,CC(=O)O,338.15,-1.12557,-0.6155465841293335
O=Cc1ccc(C(=O)O)cc1,CC(=O)O,343.15,-1.04343,-0.5664423704147339
O=Cc1ccc(C(=O)O)cc1,CC(=O)O,348.15,-0.95409,-0.5419082045555115
O=Cc1ccc(C(=O)O)cc1,CC(=O)O,353.15,-0.87552,-0.5453522205352783
O=Cc1ccc(C(=O)O)cc1,CC(=O)O,358.15,-0.79526,-0.578027606010437
O=Cc1ccc(C(=O)O)cc1,CC(=O)O,363.15,-0.71477,-0.6428395509719849
O=Cc1ccc(C(=O)O)cc1,CC(=O)O,368.15,-0.62855,-0.7310956716537476
O=Cc1ccc(C(=O)O)cc1,CC(=O)O,370.65,-0.57496,-0.7669718861579895
O=Cc1ccc(C(=O)O)cc1,CC(=O)O,303.2,-1.36353,-1.013117790222168
O=Cc1ccc(C(=O)O)cc1,CC(=O)O,323.2,-1.14814,-0.7835996150970459
O=Cc1ccc(C(=O)O)cc1,CC(=O)O,333.2,-1.06799,-0.6750314235687256
O=Cc1ccc(C(=O)O)cc1,CC(=O)O,343.2,-0.97724,-0.5660552978515625
O=Cc1ccc(C(=O)O)cc1,CC(=O)O,353.2,-0.89922,-0.5455279350280762
O=Cc1ccc(C(=O)O)cc1,CC(=O)O,363.2,-0.80833,-0.6437038779258728
O=Cc1ccc(C(=O)O)cc1,CC(=O)O,373.2,-0.67355,-0.7941799759864807
O=Cc1ccc(C(=O)O)cc1,CC(=O)O,403.2,-0.59784,-0.8398058414459229
O=Cc1ccc(C(=O)O)cc1,CC(=O)O,423.2,-0.5035,-0.8398076295852661
O=Cc1ccc(C(=O)O)cc1,CC(=O)O,433.2,-0.45536,-0.8398076891899109
O=Cc1ccc(C(=O)O)cc1,CC(=O)O,443.2,-0.42708,-0.8398078083992004
O=Cc1ccc(C(=O)O)cc1,CC(=O)O,453.2,-0.34537,-0.8398076295852661
O=Cc1ccc(C(=O)O)cc1,CC(=O)O,463.2,-0.28369,-0.8398076295852661
O=Cc1ccc(C(=O)O)cc1,CC(=O)O,473.2,-0.19594,-0.8398076295852661
O=Cc1ccc(C(=O)O)cc1,CN(C)C=O,313.45,0.56485,0.23317350447177887
O=Cc1ccc(C(=O)O)cc1,CN(C)C=O,316.55,0.57068,0.2715299725532532
O=Cc1ccc(C(=O)O)cc1,CN(C)C=O,319.35,0.57658,0.30632397532463074
O=Cc1ccc(C(=O)O)cc1,CN(C)C=O,322.55,0.58286,0.34522831439971924
O=Cc1ccc(C(=O)O)cc1,CN(C)C=O,327.55,0.59581,0.40090686082839966
O=Cc1ccc(C(=O)O)cc1,CN(C)C=O,330.85,0.60353,0.4332521855831146
O=Cc1ccc(C(=O)O)cc1,CN(C)C=O,334.05,0.61095,0.458027720451355
O=Cc1ccc(C(=O)O)cc1,CN(C)C=O,336.35,0.61631,0.4692860245704651
O=Cc1ccc(C(=O)O)cc1,CN(C)C=O,338.95,0.62216,0.4805453419685364
O=Cc1ccc(C(=O)O)cc1,CN(C)C=O,344.55,0.63459,0.49732714891433716
O=Cc1ccc(C(=O)O)cc1,CN(C)C=O,349.45,0.64781,0.4950554370880127
O=Cc1ccc(C(=O)O)cc1,CN(C)C=O,351.25,0.65022,0.49109047651290894
O=Cc1ccc(C(=O)O)cc1,CN(C)C=O,354.75,0.65834,0.48060232400894165
O=Cc1ccc(C(=O)O)cc1,CN(C)C=O,358.25,0.66666,0.4638628661632538
O=Cc1ccc(C(=O)O)cc1,CN(C)C=O,359.85,0.67109,0.45525217056274414
O=Cc1ccc(C(=O)O)cc1,CN(C)C=O,364.35,0.68078,0.4274476170539856
O=Cc1ccc(C(=O)O)cc1,CN(C)C=O,367.75,0.68934,0.39871707558631897
O=Cc1ccc(C(=O)O)cc1,CN(C)C=O,370.35,0.69586,0.3740774989128113
O=Cc1ccc(C(=O)O)cc1,CN(C)C=O,298.15,0.53497,0.07993249595165253
O=Cc1ccc(C(=O)O)cc1,CN(C)C=O,303.15,0.54256,0.12606769800186157
O=Cc1ccc(C(=O)O)cc1,CN(C)C=O,308.15,0.5543,0.17539918422698975
O=Cc1ccc(C(=O)O)cc1,CN(C)C=O,313.15,0.56432,0.22950990498065948
O=Cc1ccc(C(=O)O)cc1,CN(C)C=O,318.15,0.57352,0.29091015458106995
O=Cc1ccc(C(=O)O)cc1,CN(C)C=O,323.15,0.58475,0.3521508574485779
O=Cc1ccc(C(=O)O)cc1,CN(C)C=O,328.15,0.59777,0.4064931273460388
O=Cc1ccc(C(=O)O)cc1,CN(C)C=O,333.15,0.60835,0.4516012668609619
O=Cc1ccc(C(=O)O)cc1,CN(C)C=O,338.15,0.62054,0.47711095213890076
O=Cc1ccc(C(=O)O)cc1,CN(C)C=O,343.15,0.63078,0.49470362067222595
O=Cc1ccc(C(=O)O)cc1,CN(C)C=O,348.15,0.64426,0.497514009475708
O=Cc1ccc(C(=O)O)cc1,CN(C)C=O,353.15,0.65455,0.4861571192741394
O=Cc1ccc(C(=O)O)cc1,CN(C)C=O,358.15,0.66659,0.4644118547439575
O=Cc1ccc(C(=O)O)cc1,CN(C)C=O,363.15,0.67663,0.43592238426208496
O=Cc1ccc(C(=O)O)cc1,CN(C)C=O,368.15,0.68945,0.39496248960494995
O=Cc1ccc(C(=O)O)cc1,CN(C)C=O,370.35,0.69595,0.37407734990119934
O=Cc1ccc(C(=O)O)cc1,CN1CCCC1=O,296.25,0.10465,0.11321081221103668
O=Cc1ccc(C(=O)O)cc1,CN1CCCC1=O,300.15,0.15761,0.1481172740459442
O=Cc1ccc(C(=O)O)cc1,CN1CCCC1=O,306.35,0.23334,0.2023927867412567
O=Cc1ccc(C(=O)O)cc1,CN1CCCC1=O,308.85,0.27234,0.22820529341697693
O=Cc1ccc(C(=O)O)cc1,CN1CCCC1=O,312.65,0.31525,0.2714858055114746
O=Cc1ccc(C(=O)O)cc1,CN1CCCC1=O,317.85,0.38338,0.33943843841552734
O=Cc1ccc(C(=O)O)cc1,CN1CCCC1=O,321.65,0.42775,0.38474756479263306
O=Cc1ccc(C(=O)O)cc1,CN1CCCC1=O,322.45,0.43578,0.3924344778060913
O=Cc1ccc(C(=O)O)cc1,CN1CCCC1=O,326.05,0.48331,0.42936021089553833
O=Cc1ccc(C(=O)O)cc1,CN1CCCC1=O,329.15,0.52016,0.4592389464378357
O=Cc1ccc(C(=O)O)cc1,CN1CCCC1=O,331.95,0.55331,0.4813406467437744
O=Cc1ccc(C(=O)O)cc1,CN1CCCC1=O,335.05,0.59233,0.49894559383392334
O=Cc1ccc(C(=O)O)cc1,CN1CCCC1=O,337.45,0.62107,0.5108258128166199
O=Cc1ccc(C(=O)O)cc1,CN1CCCC1=O,338.65,0.63689,0.5157548189163208
O=Cc1ccc(C(=O)O)cc1,CN1CCCC1=O,340.95,0.66699,0.5216542482376099
O=Cc1ccc(C(=O)O)cc1,CN1CCCC1=O,341.75,0.67624,0.5229017734527588
O=Cc1ccc(C(=O)O)cc1,CN1CCCC1=O,353.2,0.62881,0.5093613266944885
O=Cc1ccc(C(=O)O)cc1,CN1CCCC1=O,357.2,0.65279,0.49640315771102905
O=Cc1ccc(C(=O)O)cc1,CN1CCCC1=O,361.2,0.68104,0.4783423840999603
O=Cc1ccc(C(=O)O)cc1,CN1CCCC1=O,365.2,0.70302,0.4444366991519928
O=Cc1ccc(C(=O)O)cc1,CN1CCCC1=O,369.2,0.73201,0.40653955936431885
O=Cc1ccc(C(=O)O)cc1,CN1CCCC1=O,373.2,0.75864,0.3793901801109314
O=Cc1ccc(C(=O)O)cc1,CN1CCCC1=O,377.2,0.78313,0.3633628487586975
O=Cc1ccc(C(=O)O)cc1,CN1CCCC1=O,381.2,0.8167,0.3548871874809265
O=Cc1ccc(C(=O)O)cc1,CN1CCCC1=O,385.2,0.84352,0.3515355885028839
O=Cc1ccc(C(=O)O)cc1,CN1CCCC1=O,389.2,0.86793,0.35043197870254517
O=Cc1ccc(C(=O)O)cc1,CN1CCCC1=O,393.2,0.89638,0.35012027621269226
O=Cc1ccc(C(=O)O)cc1,CN1CCCC1=O,397.2,0.91792,0.3500446677207947
O=Cc1ccc(C(=O)O)cc1,CN1CCCC1=O,401.2,0.95007,0.350028932094574
O=Cc1ccc(C(=O)O)cc1,CN1CCCC1=O,405.2,0.977,0.35002613067626953
O=Cc1ccc(C(=O)O)cc1,CN1CCCC1=O,409.2,1.00273,0.3500256836414337
O=Cc1ccc(C(=O)O)cc1,CN1CCCC1=O,413.2,1.03168,0.35002559423446655
O=Cc1ccc(C(=O)O)cc1,CN1CCCC1=O,417.2,1.05952,0.3500255048274994
O=Cc1ccc(C(=O)O)cc1,CN1CCCC1=O,421.2,1.08671,0.3500255346298218
O=Cc1ccc(C(=O)O)cc1,CN1CCCC1=O,293.15,0.06492,0.08396633714437485
O=Cc1ccc(C(=O)O)cc1,CN1CCCC1=O,298.15,0.13014,0.13053971529006958
O=Cc1ccc(C(=O)O)cc1,CN1CCCC1=O,303.15,0.19434,0.17289447784423828
O=Cc1ccc(C(=O)O)cc1,CN1CCCC1=O,308.15,0.2628,0.221003919839859
O=Cc1ccc(C(=O)O)cc1,CN1CCCC1=O,313.15,0.3245,0.2778097987174988
O=Cc1ccc(C(=O)O)cc1,CN1CCCC1=O,318.15,0.38432,0.34331417083740234
O=Cc1ccc(C(=O)O)cc1,CN1CCCC1=O,323.15,0.44479,0.399324893951416
O=Cc1ccc(C(=O)O)cc1,CN1CCCC1=O,328.15,0.50877,0.4490499198436737
O=Cc1ccc(C(=O)O)cc1,CN1CCCC1=O,333.15,0.56778,0.4891139268875122
O=Cc1ccc(C(=O)O)cc1,CN1CCCC1=O,338.15,0.63149,0.5138722658157349
O=Cc1ccc(C(=O)O)cc1,CN1CCCC1=O,341.75,0.67628,0.5229017734527588
O=Cc1ccc(C(=O)O)cc1,O,473.15,-0.79483,-2.1472392082214355
O=Cc1ccc(C(=O)O)cc1,O,463.15,-0.85858,-2.1472392082214355
O=Cc1ccc(C(=O)O)cc1,O,453.15,-0.92642,-2.1472389698028564
O=Cc1ccc(C(=O)O)cc1,O,443.15,-0.99827,-2.1472387313842773
O=Cc1ccc(C(=O)O)cc1,O,433.15,-1.07358,-2.1472394466400146
O=Cc1ccc(C(=O)O)cc1,O,423.15,-1.12998,-2.1472392082214355
O=Cc1ccc(C(=O)O)cc1,O,413.15,-1.21415,-2.1472392082214355
O=Cc1ccc(C(=O)O)cc1,O,403.15,-1.28089,-2.147235155105591
O=Cc1ccc(C(=O)O)cc1,O,393.15,-1.45979,-2.1469452381134033
O=Cc1ccc(C(=O)O)cc1,O,383.15,-1.5663,-2.138740301132202
O=Cc1ccc(C(=O)O)cc1,O,373.15,-1.61142,-2.0510287284851074
O=Cc1ccc(C(=O)O)cc1,O,363.15,-1.7147,-1.743708848953247
O=Cc1ccc(C(=O)O)cc1,O,353.15,-1.74931,-1.5274114608764648
O=Cc1ccc(C(=O)O)cc1,O,343.15,-1.86726,-1.57807457447052
O=Cc1ccc(C(=O)O)cc1,O,333.15,-1.90126,-1.8267065286636353
O=Cc1ccc(C(=O)O)cc1,O,323.15,-2.03023,-2.05206298828125
O=Cc1ccc(C(=O)O)cc1,O,313.15,-2.21748,-2.289137840270996
O=Cc1ccc(C(=O)O)cc1,O,303.15,-2.35429,-2.4890692234039307
O=Cc1ccc(C(=O)O)cc1,O,293.15,-2.63289,-2.6822710037231445
O=Cc1ccc(C(=O)O)cc1,O,298.15,-2.56441,-2.582939863204956
O=Cc1ccc(C(=O)O)cc1,O,303.15,-2.4538,-2.4890694618225098
O=Cc1ccc(C(=O)O)cc1,O,308.15,-2.36653,-2.3939621448516846
O=Cc1ccc(C(=O)O)cc1,O,313.15,-2.28748,-2.289137840270996
O=Cc1ccc(C(=O)O)cc1,O,318.15,-2.19099,-2.1718525886535645
O=Cc1ccc(C(=O)O)cc1,O,323.15,-2.09863,-2.05206298828125
O=Cc1ccc(C(=O)O)cc1,O,328.15,-2.01792,-1.9448285102844238
O=Cc1ccc(C(=O)O)cc1,O,333.15,-1.92129,-1.8267066478729248
O=Cc1ccc(C(=O)O)cc1,O,338.15,-1.8274,-1.7008237838745117
O=Cc1ccc(C(=O)O)cc1,O,343.15,-1.72808,-1.5780751705169678
O=Cc1ccc(C(=O)O)cc1,O,348.15,-1.64596,-1.520452857017517
O=Cc1ccc(C(=O)O)cc1,O,353.15,-1.54814,-1.5274112224578857
O=Cc1ccc(C(=O)O)cc1,O,358.15,-1.45983,-1.6012932062149048
O=Cc1ccc(C(=O)O)cc1,O,363.15,-1.35486,-1.7437087297439575
O=Cc1ccc(C(=O)O)cc1,O,368.15,-1.25941,-1.9217720031738281
O=Cc1ccc(C(=O)O)cc1,O,371.15,-1.19537,-2.007615566253662
O=Cc1ccc(C(=O)O)cc1,O,303.2,-2.41466,-2.4882006645202637
O=Cc1ccc(C(=O)O)cc1,O,323.2,-2.01711,-2.050886631011963
O=Cc1ccc(C(=O)O)cc1,O,333.2,-1.84115,-1.8255363702774048
O=Cc1ccc(C(=O)O)cc1,O,343.2,-1.76604,-1.5771617889404297
O=Cc1ccc(C(=O)O)cc1,O,353.2,-1.71014,-1.5277916193008423
O=Cc1ccc(C(=O)O)cc1,O,403.2,-1.20586,-2.147235155105591
O=Cc1ccc(C(=O)O)cc1,O,423.2,-1.07936,-2.1472392082214355
O=Cc1ccc(C(=O)O)cc1,O,433.2,-1.03733,-2.1472392082214355
O=Cc1ccc(C(=O)O)cc1,O,443.2,-0.99995,-2.1472392082214355
O=Cc1ccc(C(=O)O)cc1,O,453.2,-0.96857,-2.1472396850585938
O=Cc1ccc(C(=O)O)cc1,O,463.2,-0.90383,-2.1472392082214355
O=Cc1ccc(C(=O)O)cc1,O,473.2,-0.84915,-2.1472392082214355
O=C(O)c1ccc(C(=O)O)cc1,CC(=O)O,298.0,-3.08728,-1.5954020023345947
O=C(O)c1ccc(C(=O)O)cc1,CC(=O)O,423.0,-1.68938,-1.3587576150894165
O=C(O)c1ccc(C(=O)O)cc1,CC(=O)O,473.0,-1.13011,-1.3587576150894165
O=C(O)c1ccc(C(=O)O)cc1,CC(=O)O,523.0,-0.59973,-1.3587579727172852
O=C(O)c1ccc(C(=O)O)cc1,CN(C)C=O,296.05,-0.43127,-0.11738987267017365
O=C(O)c1ccc(C(=O)O)cc1,CN(C)C=O,298.85,-0.4246,-0.0983244925737381
O=C(O)c1ccc(C(=O)O)cc1,CN(C)C=O,301.25,-0.41628,-0.08058532327413559
O=C(O)c1ccc(C(=O)O)cc1,CN(C)C=O,304.65,-0.40703,-0.05003724247217178
O=C(O)c1ccc(C(=O)O)cc1,CN(C)C=O,307.35,-0.39766,-0.019278183579444885
O=C(O)c1ccc(C(=O)O)cc1,CN(C)C=O,311.85,-0.3809,0.033639028668403625
O=C(O)c1ccc(C(=O)O)cc1,CN(C)C=O,314.45,-0.37646,0.06778374314308167
O=C(O)c1ccc(C(=O)O)cc1,CN(C)C=O,318.05,-0.36561,0.1220671609044075
O=C(O)c1ccc(C(=O)O)cc1,CN(C)C=O,320.25,-0.36117,0.1537678837776184
O=C(O)c1ccc(C(=O)O)cc1,CN(C)C=O,325.75,-0.34396,0.21667301654815674
O=C(O)c1ccc(C(=O)O)cc1,CN(C)C=O,328.25,-0.33481,0.24211683869361877
O=C(O)c1ccc(C(=O)O)cc1,CN(C)C=O,331.55,-0.3251,0.25966280698776245
O=C(O)c1ccc(C(=O)O)cc1,CN(C)C=O,336.95,-0.31069,0.2615661323070526
O=C(O)c1ccc(C(=O)O)cc1,CN(C)C=O,340.25,-0.30053,0.2553898096084595
O=C(O)c1ccc(C(=O)O)cc1,CN(C)C=O,343.15,-0.29301,0.2453269511461258
O=C(O)c1ccc(C(=O)O)cc1,CN(C)C=O,345.55,-0.28574,0.23244956135749817
O=C(O)c1ccc(C(=O)O)cc1,CN(C)C=O,351.65,-0.27027,0.2043001800775528
O=C(O)c1ccc(C(=O)O)cc1,CN(C)C=O,353.75,-0.26285,0.19969522953033447
O=C(O)c1ccc(C(=O)O)cc1,CN(C)C=O,356.65,-0.25433,0.19519014656543732
O=C(O)c1ccc(C(=O)O)cc1,CN(C)C=O,359.95,-0.24667,0.19295330345630646
O=C(O)c1ccc(C(=O)O)cc1,CN(C)C=O,365.65,-0.23049,0.19176849722862244
O=C(O)c1ccc(C(=O)O)cc1,CN(C)C=O,370.45,-0.2164,0.16370582580566406
O=C(O)c1ccc(C(=O)O)cc1,CN1CCCC1=O,303.2,-0.8541,-0.22062458097934723
O=C(O)c1ccc(C(=O)O)cc1,CN1CCCC1=O,313.2,-0.79232,-0.1494021713733673
O=C(O)c1ccc(C(=O)O)cc1,CN1CCCC1=O,323.2,-0.70925,-0.03585774451494217
O=C(O)c1ccc(C(=O)O)cc1,CN1CCCC1=O,333.2,-0.65271,0.06007567420601845
O=C(O)c1ccc(C(=O)O)cc1,CN1CCCC1=O,343.2,-0.5822,0.09739403426647186
O=C(O)c1ccc(C(=O)O)cc1,CN1CCCC1=O,353.2,-0.53482,0.07414454221725464
O=C(O)c1ccc(C(=O)O)cc1,CN1CCCC1=O,363.2,-0.47823,0.017033778131008148
O=C(O)c1ccc(C(=O)O)cc1,CN1CCCC1=O,296.35,-0.49154,-0.24930506944656372
O=C(O)c1ccc(C(=O)O)cc1,CN1CCCC1=O,299.55,-0.43679,-0.23631303012371063
O=C(O)c1ccc(C(=O)O)cc1,CN1CCCC1=O,303.75,-0.36531,-0.2184199094772339
O=C(O)c1ccc(C(=O)O)cc1,CN1CCCC1=O,307.05,-0.3133,-0.20059441030025482
O=C(O)c1ccc(C(=O)O)cc1,CN1CCCC1=O,309.75,-0.27723,-0.18211807310581207
O=C(O)c1ccc(C(=O)O)cc1,CN1CCCC1=O,312.75,-0.234,-0.1542389690876007
O=C(O)c1ccc(C(=O)O)cc1,CN1CCCC1=O,316.25,-0.18221,-0.11233693361282349
O=C(O)c1ccc(C(=O)O)cc1,CN1CCCC1=O,319.65,-0.13759,-0.06953568011522293
O=C(O)c1ccc(C(=O)O)cc1,CN1CCCC1=O,324.05,-0.08081,-0.028126224875450134
O=C(O)c1ccc(C(=O)O)cc1,CN1CCCC1=O,328.45,-0.02734,0.020334817469120026
O=C(O)c1ccc(C(=O)O)cc1,CN1CCCC1=O,331.55,0.00974,0.04860995337367058
O=C(O)c1ccc(C(=O)O)cc1,CN1CCCC1=O,332.65,0.02126,0.056651435792446136
O=C(O)c1ccc(C(=O)O)cc1,CN1CCCC1=O,343.2,-0.18834,0.09739408642053604
O=C(O)c1ccc(C(=O)O)cc1,CN1CCCC1=O,348.2,-0.13439,0.09025803208351135
O=C(O)c1ccc(C(=O)O)cc1,CN1CCCC1=O,353.2,-0.10558,0.07414407283067703
O=C(O)c1ccc(C(=O)O)cc1,CN1CCCC1=O,358.2,-0.05441,0.04865872487425804
O=C(O)c1ccc(C(=O)O)cc1,CN1CCCC1=O,363.2,-0.03088,0.0170338973402977
O=C(O)c1ccc(C(=O)O)cc1,CN1CCCC1=O,368.2,-0.00286,-0.022919923067092896
O=C(O)c1ccc(C(=O)O)cc1,CN1CCCC1=O,373.2,0.01276,-0.0576743558049202
O=C(O)c1ccc(C(=O)O)cc1,CN1CCCC1=O,378.2,0.05175,-0.07050029933452606
O=C(O)c1ccc(C(=O)O)cc1,CN1CCCC1=O,383.2,0.09008,-0.07514062523841858
O=C(O)c1ccc(C(=O)O)cc1,CN1CCCC1=O,388.2,0.12126,-0.07643117755651474
O=C(O)c1ccc(C(=O)O)cc1,CN1CCCC1=O,393.2,0.16872,-0.07671322673559189
O=C(O)c1ccc(C(=O)O)cc1,CN1CCCC1=O,398.2,0.18805,-0.07676190882921219
O=C(O)c1ccc(C(=O)O)cc1,CN1CCCC1=O,403.2,0.23141,-0.07676836103200912
O=C(O)c1ccc(C(=O)O)cc1,CN1CCCC1=O,408.2,0.27689,-0.07676926255226135
O=C(O)c1ccc(C(=O)O)cc1,CN1CCCC1=O,413.2,0.29491,-0.07676947116851807
O=C(O)c1ccc(C(=O)O)cc1,CN1CCCC1=O,418.2,0.34159,-0.07676912844181061
O=C(O)c1ccc(C(=O)O)cc1,CN1CCCC1=O,423.2,0.37326,-0.0767691507935524
O=C(O)c1ccc(C(=O)O)cc1,CN1CCCC1=O,428.2,0.41093,-0.07676931470632553
O=C(O)c1ccc(C(=O)O)cc1,CN1CCCC1=O,433.2,0.42981,-0.07676932215690613
O=C(O)c1ccc(C(=O)O)cc1,CN1CCCC1=O,438.2,0.48126,-0.07676950842142105
O=C(O)c1ccc(C(=O)O)cc1,CN1CCCC1=O,443.2,0.52212,-0.07676929980516434
O=C(O)c1ccc(C(=O)O)cc1,CN1CCCC1=O,448.2,0.55123,-0.07676934450864792
O=C(O)c1ccc(C(=O)O)cc1,CN1CCCC1=O,453.2,0.59333,-0.076769158244133
O=C(O)c1ccc(C(=O)O)cc1,CN1CCCC1=O,458.2,0.64406,-0.07676925510168076
O=C(O)c1ccc(C(=O)O)cc1,CN1CCCC1=O,463.2,0.6895,-0.0767693892121315
O=C(O)c1ccc(C(=O)O)cc1,CN1CCCC1=O,468.2,0.73476,-0.07676935940980911
O=C(O)c1ccc(C(=O)O)cc1,CO,298.0,-2.32145,-1.1183594465255737
O=C(O)c1ccc(C(=O)O)cc1,CO,423.0,-0.92,-0.9374895095825195
O=C(O)c1ccc(C(=O)O)cc1,O,298.0,-3.99074,-1.7363009452819824
O=C(O)c1ccc(C(=O)O)cc1,O,423.0,-1.88231,-1.3444913625717163
O=C(O)c1ccc(C(=O)O)cc1,O,473.0,-1.05546,-1.3444914817810059
O=C(O)c1ccc(C(=O)O)cc1,O,523.0,-0.21629,-1.3444913625717163
O=C(O)c1ccc(C(=O)O)cc1,O,348.8,-3.17335,-0.9304736256599426
O=C(O)c1ccc(C(=O)O)cc1,O,373.4,-2.78473,-1.275285243988037
O=C(O)c1ccc(C(=O)O)cc1,O,398.8,-2.33544,-1.3444687128067017
O=C(O)c1ccc(C(=O)O)cc1,O,422.8,-1.92111,-1.3444913625717163
O=C(O)c1ccc(C(=O)O)cc1,O,447.1,-1.52286,-1.3444912433624268
O=C(O)c1ccc(C(=O)O)cc1,O,473.2,-1.07262,-1.3444912433624268
O=C(O)c1ccc(C(=O)O)cc1,O,497.9,-0.6612,-1.3444912433624268
O=C(O)c1ccc(C(=O)O)cc1,O,523.7,-0.25015,-1.3444914817810059
O=C(O)c1ccc(C(=O)O)cc1,O,547.4,0.11733,-1.3444913625717163
O=C(O)c1ccc(C(=O)O)cc1,O,423.8,-1.8967,-1.3444913625717163
O=C(O)c1ccc(C(=O)O)cc1,O,472.9,-1.08492,-1.3444912433624268
O=C(O)c1ccc(C(=O)O)cc1,O,523.2,-0.26773,-1.3444914817810059
O=C(O)c1ccc(C(=O)O)cc1,O,473.15,-3.10914,-1.3444914817810059
O=C(O)c1ccc(C(=O)O)cc1,O,463.15,-3.20898,-1.3444911241531372
O=C(O)c1ccc(C(=O)O)cc1,O,453.15,-3.33816,-1.3444912433624268
O=C(O)c1ccc(C(=O)O)cc1,O,443.15,-3.40901,-1.3444913625717163
O=C(O)c1ccc(C(=O)O)cc1,O,433.15,-3.46335,-1.3444911241531372
O=C(O)c1ccc(C(=O)O)cc1,O,423.15,-3.70687,-1.3444912433624268
O=C(O)c1ccc(C(=O)O)cc1,O,413.15,-3.7887,-1.3444912433624268
O=C(O)c1ccc(C(=O)O)cc1,O,403.15,-3.87496,-1.344488263130188
O=C(O)c1ccc(C(=O)O)cc1,O,393.15,-4.0074,-1.3442634344100952
O=C(O)c1ccc(C(=O)O)cc1,O,383.15,-4.16858,-1.3379080295562744
O=C(O)c1ccc(C(=O)O)cc1,O,373.15,-4.37129,-1.2723283767700195
O=C(O)c1ccc(C(=O)O)cc1,O,363.15,-4.42606,-1.058335304260254
O=C(O)c1ccc(C(=O)O)cc1,O,353.15,-4.48981,-0.9344934821128845
O=C(O)c1ccc(C(=O)O)cc1,O,343.15,-4.56634,-0.9674103856086731
O=C(O)c1ccc(C(=O)O)cc1,O,333.15,-4.66102,-1.1267503499984741
O=C(O)c1ccc(C(=O)O)cc1,O,323.15,-4.78364,-1.2943174839019775
O=C(O)c1ccc(C(=O)O)cc1,O,313.15,-4.95789,-1.4676772356033325
O=C(O)c1ccc(C(=O)O)cc1,O,303.15,-4.95639,-1.6425048112869263
O=C(O)c1ccc(C(=O)O)cc1,O,301.45,-3.55438,-1.6718769073486328
O=C(O)c1ccc(C(=O)O)cc1,O,308.15,-3.51176,-1.554710030555725
O=C(O)c1ccc(C(=O)O)cc1,O,318.35,-3.41482,-1.3736740350723267
O=C(O)c1ccc(C(=O)O)cc1,O,328.15,-3.31876,-1.2172530889511108
O=C(O)c1ccc(C(=O)O)cc1,O,338.15,-3.19802,-1.0419845581054688
O=C(O)c1ccc(C(=O)O)cc1,O,348.15,-3.09077,-0.9322047233581543
O=C(O)c1ccc(C(=O)O)cc1,O,358.15,-2.99293,-0.9756083488464355
O=C(O)c1ccc(C(=O)O)cc1,O,368.15,-2.8558,-1.181764841079712
O=C(O)c1ccc(C(=O)O)cc1,O,383.15,-2.7481,-1.3379082679748535
O=C(O)c1ccc(C(=O)O)cc1,O,408.15,-2.51901,-1.3444911241531372
O=C(O)c1ccc(C(=O)O)cc1,O,420.15,-2.39761,-1.3444912433624268
O=C(O)c1ccc(C(=O)O)cc1,O,436.15,-2.13407,-1.3444913625717163
O=C(O)c1ccc(C(=O)O)cc1,O,449.15,-1.99651,-1.3444912433624268
O=C(O)c1ccc(C(=O)O)cc1,O,453.15,-1.89905,-1.3444911241531372
O=C(O)c1ccc(C(=O)O)cc1,O,463.15,-1.78176,-1.3444913625717163
O=C(O)c1ccc(C(=O)O)cc1,O,483.15,-1.68281,-1.3444912433624268
O=C(O)c1cccc(C(=O)O)c1,CC(=O)O,298.0,-1.8395,-1.5371729135513306
O=C(O)c1cccc(C(=O)O)c1,CC(=O)O,423.0,-0.6357,-1.3140779733657837
O=C(O)c1cccc(C(=O)O)c1,CC(=O)O,473.0,-0.16633,-1.3140779733657837
O=C(O)c1cccc(C(=O)O)c1,CC(=O)O,523.0,0.29276,-1.314078450202942
O=C(O)c1cccc(C(=O)O)c1,CC(=O)O,292.55,-1.97508,-1.5837355852127075
O=C(O)c1cccc(C(=O)O)c1,CC(=O)O,301.85,-1.87183,-1.506117582321167
O=C(O)c1cccc(C(=O)O)c1,CC(=O)O,311.55,-1.75513,-1.4204142093658447
O=C(O)c1cccc(C(=O)O)c1,CC(=O)O,321.55,-1.6481,-1.3121806383132935
O=C(O)c1cccc(C(=O)O)c1,CC(=O)O,331.35,-1.5315,-1.21964693069458
O=C(O)c1cccc(C(=O)O)c1,CC(=O)O,342.5,-1.39707,-1.1070805788040161
O=C(O)c1cccc(C(=O)O)c1,CC(=O)O,352.5,-1.28798,-1.0734041929244995
O=C(O)c1cccc(C(=O)O)c1,CC(=O)O,362.05,-1.17947,-1.1419909000396729
O=C(O)c1cccc(C(=O)O)c1,CC(=O)O,372.1,-1.07895,-1.2687573432922363
O=C(O)c1cccc(C(=O)O)c1,CC(=O)O,300.55,-1.85654,-1.5166019201278687
O=C(O)c1cccc(C(=O)O)c1,CC(=O)O,316.55,-1.68812,-1.3654297590255737
O=C(O)c1cccc(C(=O)O)c1,CC(=O)O,330.25,-1.53873,-1.2306625843048096
O=C(O)c1cccc(C(=O)O)c1,CC(=O)O,338.0,-1.454,-1.1540074348449707
O=C(O)c1cccc(C(=O)O)c1,CC(=O)O,347.85,-1.33087,-1.0769717693328857
O=C(O)c1cccc(C(=O)O)c1,CC(=O)O,355.35,-1.20696,-1.0821954011917114
O=C(O)c1cccc(C(=O)O)c1,CC(=O)O,364.03,-1.11399,-1.169400930404663
O=C(O)c1cccc(C(=O)O)c1,CC(=O)O,370.13,-1.06878,-1.2494279146194458
O=C(O)c1cccc(C(=O)O)c1,CC(=O)O,373.2,-0.98852,-1.277605652809143
O=C(O)c1cccc(C(=O)O)c1,CC(=O)O,383.2,-0.90616,-1.3108879327774048
O=C(O)c1cccc(C(=O)O)c1,CC(=O)O,393.2,-0.80486,-1.3139671087265015
O=C(O)c1cccc(C(=O)O)c1,CC(=O)O,403.2,-0.68598,-1.3140767812728882
O=C(O)c1cccc(C(=O)O)c1,CC(=O)O,413.2,-0.58609,-1.3140780925750732
O=C(O)c1cccc(C(=O)O)c1,CC(=O)O,423.2,-0.48468,-1.3140783309936523
O=C(O)c1cccc(C(=O)O)c1,CC(=O)O,433.2,-0.39411,-1.3140780925750732
O=C(O)c1cccc(C(=O)O)c1,CC(=O)O,443.2,-0.29545,-1.3140783309936523
O=C(O)c1cccc(C(=O)O)c1,CC(=O)O,453.2,-0.19324,-1.3140780925750732
O=C(O)c1cccc(C(=O)O)c1,CC(=O)O,463.2,-0.1124,-1.3140780925750732
O=C(O)c1cccc(C(=O)O)c1,CC(=O)O,473.2,-0.02785,-1.3140783309936523
O=C(O)c1cccc(C(=O)O)c1,CC(=O)O,373.2,-1.00374,-1.277605652809143
O=C(O)c1cccc(C(=O)O)c1,CC(=O)O,383.2,-0.96592,-1.3108881711959839
O=C(O)c1cccc(C(=O)O)c1,CC(=O)O,393.2,-0.94036,-1.3139671087265015
O=C(O)c1cccc(C(=O)O)c1,CC(=O)O,403.2,-0.76105,-1.3140766620635986
O=C(O)c1cccc(C(=O)O)c1,CC(=O)O,413.2,-0.74965,-1.3140783309936523
O=C(O)c1cccc(C(=O)O)c1,CC(=O)O,423.2,-0.62592,-1.3140783309936523
O=C(O)c1cccc(C(=O)O)c1,CC(=O)O,433.2,-0.5264,-1.3140782117843628
O=C(O)c1cccc(C(=O)O)c1,CC(=O)O,443.2,-0.45557,-1.3140783309936523
O=C(O)c1cccc(C(=O)O)c1,CC(=O)O,453.2,-0.38641,-1.3140782117843628
O=C(O)c1cccc(C(=O)O)c1,CC(=O)O,313.2,-1.69329,-1.4032464027404785
O=C(O)c1cccc(C(=O)O)c1,CC(=O)O,323.2,-1.61325,-1.2957016229629517
O=C(O)c1cccc(C(=O)O)c1,CC(=O)O,333.2,-1.50806,-1.202097773551941
O=C(O)c1cccc(C(=O)O)c1,CC(=O)O,343.2,-1.3733,-1.1015185117721558
O=C(O)c1cccc(C(=O)O)c1,CC(=O)O,353.2,-1.28718,-1.0746939182281494
O=C(O)c1cccc(C(=O)O)c1,CC(=O)O,363.2,-1.16385,-1.1570550203323364
O=C(O)c1cccc(C(=O)O)c1,CN(C)C=O,295.85,0.36532,-0.03517525643110275
O=C(O)c1cccc(C(=O)O)c1,CN(C)C=O,299.65,0.36538,-0.0071785300970077515
O=C(O)c1cccc(C(=O)O)c1,CN(C)C=O,303.55,0.3654,0.019835487008094788
O=C(O)c1cccc(C(=O)O)c1,CN(C)C=O,309.65,0.36631,0.06550037860870361
O=C(O)c1cccc(C(=O)O)c1,CN(C)C=O,313.35,0.3669,0.10856221616268158
O=C(O)c1cccc(C(=O)O)c1,CN(C)C=O,317.25,0.36782,0.16671492159366608
O=C(O)c1cccc(C(=O)O)c1,CN(C)C=O,322.55,0.3693,0.24596796929836273
O=C(O)c1cccc(C(=O)O)c1,CN(C)C=O,329.15,0.37125,0.3141254782676697
O=C(O)c1cccc(C(=O)O)c1,CN(C)C=O,332.55,0.3726,0.3275810480117798
O=C(O)c1cccc(C(=O)O)c1,CN(C)C=O,337.15,0.37462,0.331000417470932
O=C(O)c1cccc(C(=O)O)c1,CN(C)C=O,341.35,0.37696,0.31516438722610474
O=C(O)c1cccc(C(=O)O)c1,CN(C)C=O,345.75,0.37998,0.29762333631515503
O=C(O)c1cccc(C(=O)O)c1,CN(C)C=O,349.75,0.38257,0.282151997089386
O=C(O)c1cccc(C(=O)O)c1,CN(C)C=O,351.95,0.38362,0.27582138776779175
O=C(O)c1cccc(C(=O)O)c1,CN(C)C=O,354.55,0.3857,0.2691536545753479
O=C(O)c1cccc(C(=O)O)c1,CN(C)C=O,357.95,0.38868,0.26345759630203247
O=C(O)c1cccc(C(=O)O)c1,CN(C)C=O,362.75,0.39264,0.25707411766052246
O=C(O)c1cccc(C(=O)O)c1,CN(C)C=O,365.05,0.39476,0.2511956989765167
O=C(O)c1cccc(C(=O)O)c1,CN(C)C=O,370.25,0.40001,0.2224498689174652
O=C(O)c1cccc(C(=O)O)c1,CO,298.15,-1.02135,-1.0300110578536987
O=C(O)c1cccc(C(=O)O)c1,CO,298.0,-1.29615,-1.0314393043518066
O=C(O)c1cccc(C(=O)O)c1,CO,423.0,-0.50287,-0.8587435483932495
O=C(O)c1cccc(C(=O)O)c1,O,298.0,-3.14201,-1.7297354936599731
O=C(O)c1cccc(C(=O)O)c1,O,423.0,-0.81536,-1.3376379013061523
O=C(O)c1cccc(C(=O)O)c1,O,473.0,0.11549,-1.3376379013061523
O=C(O)c1cccc(C(=O)O)c1,O,301.45,-2.96423,-1.669732928276062
O=C(O)c1cccc(C(=O)O)c1,O,314.15,-2.78495,-1.452409029006958
O=C(O)c1cccc(C(=O)O)c1,O,325.15,-2.60387,-1.2463734149932861
O=C(O)c1cccc(C(=O)O)c1,O,338.15,-2.40664,-1.0234111547470093
O=C(O)c1cccc(C(=O)O)c1,O,349.65,-2.21746,-0.9131776094436646
O=C(O)c1cccc(C(=O)O)c1,O,356.65,-2.09848,-0.9426909685134888
O=C(O)c1cccc(C(=O)O)c1,O,359.63,-2.04342,-0.9791926145553589
O=C(O)c1cccc(C(=O)O)c1,O,366.58,-1.90863,-1.12892484664917
O=C(O)c1cccc(C(=O)O)c1,O,300.15,-2.96787,-1.6916656494140625
O=C(O)c1cccc(C(=O)O)c1,O,308.55,-2.89265,-1.5530437231063843
O=C(O)c1cccc(C(=O)O)c1,O,318.15,-2.75302,-1.3763048648834229
O=C(O)c1cccc(C(=O)O)c1,O,328.25,-2.5728,-1.1969661712646484
O=C(O)c1cccc(C(=O)O)c1,O,338.15,-2.4067,-1.0234112739562988
O=C(O)c1cccc(C(=O)O)c1,O,348.25,-2.24767,-0.9157841205596924
O=C(O)c1cccc(C(=O)O)c1,O,358.05,-2.05533,-0.9579640030860901
O=C(O)c1cccc(C(=O)O)c1,O,368.15,-1.87737,-1.167634129524231
O=C(O)c1cccc(C(=O)O)c1,O,381.15,-1.515,-1.3267768621444702
O=C(O)c1cccc(C(=O)O)c1,O,393.15,-1.31485,-1.337424874305725
O=C(O)c1cccc(C(=O)O)c1,O,408.15,-1.09668,-1.3376376628875732
O=C(O)c1cccc(C(=O)O)c1,O,423.15,-0.86379,-1.3376379013061523
O=C(O)c1cccc(C(=O)O)c1,O,438.15,-0.66321,-1.337638020515442
O=C(O)c1cccc(C(=O)O)c1,O,453.15,-0.51157,-1.337638020515442
O=C(O)c1cccc(C(=O)O)c1,O,373.2,-1.52309,-1.2664068937301636
O=C(O)c1cccc(C(=O)O)c1,O,383.2,-1.38387,-1.3315807580947876
O=C(O)c1cccc(C(=O)O)c1,O,393.2,-1.24651,-1.337429165840149
O=C(O)c1cccc(C(=O)O)c1,O,403.2,-1.08142,-1.3376350402832031
O=C(O)c1cccc(C(=O)O)c1,O,413.2,-0.98207,-1.3376376628875732
O=C(O)c1cccc(C(=O)O)c1,O,423.2,-0.79871,-1.3376381397247314
O=C(O)c1cccc(C(=O)O)c1,O,433.2,-0.6758,-1.3376379013061523
O=C(O)c1cccc(C(=O)O)c1,O,443.2,-0.51392,-1.3376377820968628
O=C(O)c1cccc(C(=O)O)c1,O,453.2,-0.37017,-1.3376379013061523
O=C(O)c1cccc(C(=O)O)c1,O,463.2,-0.2301,-1.3376379013061523
O=C(O)c1cccc(C(=O)O)c1,O,473.2,-0.11312,-1.337638020515442
O=C(O)c1cccc(C(=O)O)c1,O,373.2,-1.72651,-1.266406774520874
O=C(O)c1cccc(C(=O)O)c1,O,383.2,-1.56381,-1.3315807580947876
O=C(O)c1cccc(C(=O)O)c1,O,393.2,-1.37042,-1.337429165840149
O=C(O)c1cccc(C(=O)O)c1,O,403.2,-1.19042,-1.3376350402832031
O=C(O)c1cccc(C(=O)O)c1,O,413.2,-1.06269,-1.3376381397247314
O=C(O)c1cccc(C(=O)O)c1,O,423.2,-0.84401,-1.3376381397247314
O=C(O)c1cccc(C(=O)O)c1,O,433.2,-0.74739,-1.3376381397247314
O=C(O)c1cccc(C(=O)O)c1,O,443.2,-0.57951,-1.3376379013061523
O=C(O)c1cccc(C(=O)O)c1,O,453.2,-0.43089,-1.337638020515442
O=C(O)c1cccc(C(=O)O)c1,O,463.2,-0.32585,-1.3376379013061523
O=C(O)c1ccccc1C(=O)O,O,298.15,-1.37988,-1.4983326196670532
O=C(O)c1ccccc1C(=O)O,O,308.15,-1.22975,-1.344844102859497
O=C(O)c1ccccc1C(=O)O,O,318.15,-1.07877,-1.188307523727417
O=C(O)c1ccccc1C(=O)O,O,328.15,-0.9047,-1.0483683347702026
O=C(O)c1ccccc1C(=O)O,O,338.15,-0.72274,-0.8796183466911316
O=C(O)c1ccccc1C(=O)O,O,348.15,-0.54452,-0.7900802493095398
O=C(O)c1ccccc1C(=O)O,O,358.15,-0.35344,-0.833311140537262
O=C(O)c1ccccc1C(=O)O,O,368.15,-0.17375,-1.0400625467300415
O=C(O)c1ccccc1C(=O)O,O,378.15,0.12245,-1.155701994895935
O=C(O)c1ccccc1C(=O)O,O,403.15,0.77804,-1.1753219366073608
O=C(O)c1ccccc1C(=O)O,O,428.15,1.08833,-1.1753243207931519
Cc1ccc(C(=O)O)cc1,O,443.15,0.40472,-1.2231694459915161
Cc1ccc(C(=O)O)cc1,O,433.15,0.31555,-1.2231690883636475
Cc1ccc(C(=O)O)cc1,O,423.15,-0.16235,-1.2231693267822266
Cc1ccc(C(=O)O)cc1,O,413.15,-0.23857,-1.223169207572937
Cc1ccc(C(=O)O)cc1,O,403.15,-0.43313,-1.223166823387146
Cc1ccc(C(=O)O)cc1,O,393.15,-0.62617,-1.2229907512664795
Cc1ccc(C(=O)O)cc1,O,383.15,-0.83884,-1.2180216312408447
Cc1ccc(C(=O)O)cc1,O,373.15,-1.01113,-1.1653640270233154
Cc1ccc(C(=O)O)cc1,O,363.15,-1.41959,-0.9631683826446533
Cc1ccc(C(=O)O)cc1,O,353.15,-1.56017,-0.8357734680175781
Cc1ccc(C(=O)O)cc1,O,343.15,-1.70885,-0.9033057689666748
Cc1ccc(C(=O)O)cc1,O,333.15,-1.98425,-1.1220686435699463
Cc1ccc(C(=O)O)cc1,O,323.15,-2.11457,-1.2983773946762085
Cc1ccc(C(=O)O)cc1,O,313.15,-2.25888,-1.4342073202133179
Cc1ccc(C(=O)O)cc1,O,303.15,-2.47924,-1.5696136951446533
Cc1ccc(C(=O)O)cc1,O,298.15,-2.55755,-1.6345608234405518
Cc1cccc(C(=O)O)c1,CC(=O)O,313.2,0.66937,0.3858441114425659
Cc1cccc(C(=O)O)c1,CC(=O)O,323.2,0.77426,0.5240784883499146
Cc1cccc(C(=O)O)c1,CC(=O)O,333.2,0.95287,0.617546796798706
Cc1cccc(C(=O)O)c1,CC(=O)O,343.2,1.0722,0.689793586730957
Cc1cccc(C(=O)O)c1,CC(=O)O,353.2,1.27138,0.7024244070053101
Cc1cccc(C(=O)O)c1,CC(=O)O,363.2,1.60544,0.6232782602310181
Cc1cccc(C(=O)O)c1,CC(=O)O,373.2,1.82578,0.47941043972969055
Cc1cccc(C(=O)O)c1,CC(=O)O,383.2,2.01435,0.4315817952156067
Cc1cccc(C(=O)O)c1,O,313.2,-1.92844,-1.273064374923706
Cc1cccc(C(=O)O)c1,O,321.2,-1.6244,-1.145804762840271
Cc1cccc(C(=O)O)c1,O,333.2,-1.43012,-0.9470254182815552
Cc1cccc(C(=O)O)c1,O,343.2,-1.14091,-0.750697672367096
Cc1cccc(C(=O)O)c1,O,353.2,-0.89744,-0.6899365782737732
Cc1cccc(C(=O)O)c1,O,363.2,-0.77567,-0.8032569885253906
Cc1cccc(C(=O)O)c1,O,373.2,-0.56133,-0.9992483258247375
Cc1cccc(C(=O)O)c1,O,383.2,-0.55893,-1.061729907989502
COC(=O)c1ccc(O)cc1,O,278.15,-2.28458,-2.7347209453582764
COC(=O)c1ccc(O)cc1,O,283.15,-2.15763,-2.6624505519866943
COC(=O)c1ccc(O)cc1,O,288.15,-2.03054,-2.5773844718933105
COC(=O)c1ccc(O)cc1,O,293.15,-1.88366,-2.4759881496429443
COC(=O)c1ccc(O)cc1,O,298.15,-1.80157,-2.3815886974334717
COC(=O)c1ccc(O)cc1,O,298.0,-1.85849,-2.384399175643921
COC(=O)c1ccc(O)cc1,O,373.0,-1.12745,-1.8071620464324951
CC(=O)Nc1ccc(O)cc1,O,303.0,-0.94066,-0.8162824511528015
CC(=O)Nc1ccc(O)cc1,O,298.0,-1.00698,-0.9112861752510071
CC(=O)Nc1ccc(O)cc1,O,293.0,-1.07332,-1.008845567703247
CC(=O)Nc1ccc(O)cc1,O,273.0,-1.315,-1.3658431768417358
CC(=O)Nc1ccc(O)cc1,O,283.0,-1.20405,-1.2006990909576416
CC(=O)Nc1ccc(O)cc1,O,288.0,-1.13666,-1.108445644378662
CC(=O)Nc1ccc(O)cc1,O,278.0,-1.26202,-1.2879374027252197
CC(=O)Nc1ccc(O)cc1,O,303.15,-0.94075,-0.8136717081069946
CC(=O)Nc1ccc(O)cc1,O,298.15,-1.00698,-0.9083933234214783
CC(=O)Nc1ccc(O)cc1,O,293.15,-1.07341,-1.0058966875076294
CC(=O)Nc1ccc(O)cc1,O,273.15,-1.3209,-1.3636956214904785
CC(=O)Nc1ccc(O)cc1,O,283.15,-1.2043,-1.197744607925415
CC(=O)Nc1ccc(O)cc1,O,289.15,-1.1237,-1.0876522064208984
CC(=O)Nc1ccc(O)cc1,O,288.15,-1.13675,-1.1058229207992554
CC(=O)Nc1ccc(O)cc1,O,278.15,-1.26192,-1.2855381965637207
CC(=O)Nc1ccc(O)cc1,O,296.15,-1.03356,-0.9489486813545227
CC(=O)Nc1ccc(O)cc1,O,293.0,-1.07371,-1.0088456869125366
CC(=O)Nc1ccc(O)cc1,O,298.0,-1.0078,-0.9112861156463623
CC(=O)Nc1ccc(O)cc1,O,303.0,-0.94256,-0.8162825107574463
CC(=O)Nc1ccc(O)cc1,O,373.0,-0.25856,-0.4129621982574463
CC(=O)Nc1ccc(O)cc1,O,383.0,-0.23948,-0.4855358600616455
CC(=O)Nc1ccc(O)cc1,O,393.0,-0.22538,-0.4925806522369385
CC(=O)Nc1ccc(O)cc1,O,403.0,-0.11673,-0.4928332567214966
CCOC(=O)c1ccc(O)cc1,O,278.15,-2.83432,-2.805527925491333
CCOC(=O)c1ccc(O)cc1,O,283.15,-2.69452,-2.7201602458953857
CCOC(=O)c1ccc(O)cc1,O,288.15,-2.53314,-2.6292474269866943
CCOC(=O)c1ccc(O)cc1,O,293.15,-2.38005,-2.526514768600464
CCOC(=O)c1ccc(O)cc1,O,298.15,-2.26973,-2.422868013381958
CCOC(=O)c1ccc(O)cc1,O,303.15,-2.18036,-2.321131706237793
CCOC(=O)c1ccc(O)cc1,O,308.15,-2.09586,-2.23388934135437
CCOC(=O)c1ccc(O)cc1,O,313.15,-2.02994,-2.1441071033477783
CCOC(=O)c1ccc(O)cc1,O,318.15,-1.97818,-2.0483458042144775
CCOC(=O)c1ccc(O)cc1,O,298.0,-2.38728,-2.4260165691375732
CCOC(=O)c1ccc(O)cc1,O,373.0,-1.40463,-1.855622410774231
CCNc1nc(Cl)nc(NC(C)(C)C#N)n1,O,283.15,-3.32358,-2.944734811782837
CCNc1nc(Cl)nc(NC(C)(C)C#N)n1,O,293.15,-3.22581,-2.783029556274414
CCNc1nc(Cl)nc(NC(C)(C)C#N)n1,O,303.15,-3.1058,-2.6219794750213623
CCNc1nc(Cl)nc(NC(C)(C)C#N)n1,O,323.0,-2.91797,-2.2412936687469482
CCNc1nc(Cl)nc(NC(C)(C)C#N)n1,O,348.0,-2.40265,-1.6493775844573975
CCNc1nc(Cl)nc(NC(C)(C)C#N)n1,O,373.0,-1.94262,-2.1474592685699463
O=S1OC[C@@H]2[C@H](CO1)[C@]1(Cl)C(Cl)=C(Cl)[C@@]2(Cl)C1(Cl)Cl,O,298.0,-7.82518,-3.2021243572235107
O=S1OC[C@@H]2[C@H](CO1)[C@]1(Cl)C(Cl)=C(Cl)[C@@]2(Cl)C1(Cl)Cl,O,323.0,-7.21939,-2.6913979053497314
O=S1OC[C@@H]2[C@H](CO1)[C@]1(Cl)C(Cl)=C(Cl)[C@@]2(Cl)C1(Cl)Cl,O,373.0,-5.79706,-2.6463475227355957
CC(=O)c1ccc(C(=O)O)cc1,CC(C)(C)c1ccccc1,453.15,-0.1538,-1.2951751947402954
CC(=O)c1ccc(C(=O)O)cc1,CC(C)(C)c1ccccc1,443.15,-0.27798,-1.295175313949585
CC(=O)c1ccc(C(=O)O)cc1,CC(C)(C)c1ccccc1,433.15,-0.39309,-1.2951751947402954
CC(=O)c1ccc(C(=O)O)cc1,CC(C)(C)c1ccccc1,423.15,-0.51038,-1.2951751947402954
CC(=O)c1ccc(C(=O)O)cc1,CC(C)(C)c1ccccc1,413.15,-0.62483,-1.2951750755310059
CC(=O)c1ccc(C(=O)O)cc1,CC(C)(C)c1ccccc1,403.15,-0.73474,-1.2951712608337402
CC(=O)c1ccc(C(=O)O)cc1,CC(C)(C)c1ccccc1,393.15,-0.8461,-1.2948968410491943
CC(=O)c1ccc(C(=O)O)cc1,CC(C)(C)c1ccccc1,383.15,-0.96106,-1.28713858127594
CC(=O)c1ccc(C(=O)O)cc1,CC(C)(C)c1ccccc1,373.15,-1.07762,-1.2062016725540161
CC(=O)c1ccc(C(=O)O)cc1,CC(C)(C)c1ccccc1,363.15,-1.18908,-0.9551497101783752
CC(=O)c1ccc(C(=O)O)cc1,CC(C)(C)c1ccccc1,353.15,-1.29992,-0.792637825012207
CC(=O)c1ccc(C(=O)O)cc1,CC(C)(C)c1ccccc1,343.15,-1.41781,-0.8715872168540955
CC(=O)c1ccc(C(=O)O)cc1,CC(C)(C)c1ccccc1,333.15,-1.52988,-1.079313039779663
CC(=O)c1ccc(C(=O)O)cc1,CC(C)(C)c1ccccc1,323.15,-1.6487,-1.2239190340042114
CC(=O)c1ccc(C(=O)O)cc1,CC(C)(C)c1ccccc1,313.15,-1.76408,-1.4396778345108032
CC(=O)c1ccc(C(=O)O)cc1,CC(C)(C)c1ccccc1,303.15,-1.88025,-1.6673226356506348
CC(=O)c1ccc(C(=O)O)cc1,Cc1ccc(C(C)C)cc1,453.15,-0.1317,-1.2851924896240234
CC(=O)c1ccc(C(=O)O)cc1,Cc1ccc(C(C)C)cc1,443.15,-0.25839,-1.2851927280426025
CC(=O)c1ccc(C(=O)O)cc1,Cc1ccc(C(C)C)cc1,433.15,-0.38088,-1.285192608833313
CC(=O)c1ccc(C(=O)O)cc1,Cc1ccc(C(C)C)cc1,423.15,-0.49675,-1.2851927280426025
CC(=O)c1ccc(C(=O)O)cc1,Cc1ccc(C(C)C)cc1,413.15,-0.61704,-1.2851927280426025
CC(=O)c1ccc(C(=O)O)cc1,Cc1ccc(C(C)C)cc1,403.15,-0.73466,-1.2851886749267578
CC(=O)c1ccc(C(=O)O)cc1,Cc1ccc(C(C)C)cc1,393.15,-0.84603,-1.2849153280258179
CC(=O)c1ccc(C(=O)O)cc1,Cc1ccc(C(C)C)cc1,383.15,-0.96518,-1.2771888971328735
CC(=O)c1ccc(C(=O)O)cc1,Cc1ccc(C(C)C)cc1,373.15,-1.0774,-1.1962554454803467
CC(=O)c1ccc(C(=O)O)cc1,Cc1ccc(C(C)C)cc1,363.15,-1.19947,-0.9480152130126953
CC(=O)c1ccc(C(=O)O)cc1,Cc1ccc(C(C)C)cc1,353.15,-1.31244,-0.7860100269317627
CC(=O)c1ccc(C(=O)O)cc1,Cc1ccc(C(C)C)cc1,343.15,-1.43551,-0.8643084168434143
CC(=O)c1ccc(C(=O)O)cc1,Cc1ccc(C(C)C)cc1,333.15,-1.55511,-1.0688295364379883
CC(=O)c1ccc(C(=O)O)cc1,Cc1ccc(C(C)C)cc1,323.15,-1.66783,-1.210302710533142
CC(=O)c1ccc(C(=O)O)cc1,Cc1ccc(C(C)C)cc1,313.15,-1.78626,-1.428279995918274
CC(=O)c1ccc(C(=O)O)cc1,Cc1ccc(C(C)C)cc1,303.15,-1.89897,-1.6553955078125
CC(=O)c1ccc(C(=O)O)cc1,CC(=O)O,453.15,-0.0566,-0.61617511510849
CC(=O)c1ccc(C(=O)O)cc1,CC(=O)O,443.15,-0.14519,-0.6161751747131348
CC(=O)c1ccc(C(=O)O)cc1,CC(=O)O,433.15,-0.23807,-0.6161749958992004
CC(=O)c1ccc(C(=O)O)cc1,CC(=O)O,423.15,-0.33005,-0.61617511510849
CC(=O)c1ccc(C(=O)O)cc1,CC(=O)O,413.15,-0.42047,-0.6161750555038452
CC(=O)c1ccc(C(=O)O)cc1,CC(=O)O,403.15,-0.51546,-0.6161730885505676
CC(=O)c1ccc(C(=O)O)cc1,CC(=O)O,393.15,-0.60663,-0.6160340905189514
CC(=O)c1ccc(C(=O)O)cc1,CC(=O)O,383.15,-0.69931,-0.612105131149292
CC(=O)c1ccc(C(=O)O)cc1,CC(=O)O,373.15,-0.79048,-0.5697702169418335
CC(=O)c1ccc(C(=O)O)cc1,CC(=O)O,363.15,-0.88129,-0.419379860162735
CC(=O)c1ccc(C(=O)O)cc1,CC(=O)O,353.15,-0.97476,-0.32260292768478394
CC(=O)c1ccc(C(=O)O)cc1,CC(=O)O,343.15,-1.06685,-0.3364561200141907
CC(=O)c1ccc(C(=O)O)cc1,CC(=O)O,333.15,-1.1552,-0.4366489052772522
CC(=O)c1ccc(C(=O)O)cc1,CC(=O)O,323.15,-1.24867,-0.5435692071914673
CC(=O)c1ccc(C(=O)O)cc1,CC(=O)O,313.15,-1.33458,-0.6690268516540527
CC(=O)c1ccc(C(=O)O)cc1,CC(=O)O,303.15,-1.42238,-0.7776974439620972
CC(=O)c1ccc(C(=O)O)cc1,O,473.15,-0.28696,-1.6136878728866577
CC(=O)c1ccc(C(=O)O)cc1,O,463.15,-0.39236,-1.613687515258789
CC(=O)c1ccc(C(=O)O)cc1,O,453.15,-0.49237,-1.6136877536773682
CC(=O)c1ccc(C(=O)O)cc1,O,443.15,-0.60058,-1.6136876344680786
CC(=O)c1ccc(C(=O)O)cc1,O,433.15,-0.70292,-1.613687515258789
CC(=O)c1ccc(C(=O)O)cc1,O,423.15,-0.80731,-1.6136878728866577
CC(=O)c1ccc(C(=O)O)cc1,O,413.15,-0.91573,-1.6136878728866577
CC(=O)c1ccc(C(=O)O)cc1,O,403.15,-1.03667,-1.6136841773986816
CC(=O)c1ccc(C(=O)O)cc1,O,393.15,-1.14141,-1.613440990447998
CC(=O)c1ccc(C(=O)O)cc1,O,383.15,-1.24403,-1.6065624952316284
CC(=O)c1ccc(C(=O)O)cc1,O,373.15,-1.36319,-1.532362461090088
CC(=O)c1ccc(C(=O)O)cc1,O,363.15,-1.46729,-1.2560529708862305
CC(=O)c1ccc(C(=O)O)cc1,O,353.15,-1.58933,-1.082977533340454
CC(=O)c1ccc(C(=O)O)cc1,O,343.15,-1.70191,-1.144026279449463
CC(=O)c1ccc(C(=O)O)cc1,O,333.15,-1.82379,-1.388455867767334
CC(=O)c1ccc(C(=O)O)cc1,O,323.15,-1.92843,-1.6010522842407227
CC(=O)c1ccc(C(=O)O)cc1,O,313.15,-2.05365,-1.7875014543533325
CC(=O)c1ccc(C(=O)O)cc1,O,303.15,-2.16887,-1.931078553199768
CC(=O)c1ccc(C(=O)O)cc1,O,473.15,-0.29976,-1.6136879920959473
CC(=O)c1ccc(C(=O)O)cc1,O,463.15,-0.39297,-1.6136877536773682
CC(=O)c1ccc(C(=O)O)cc1,O,453.15,-0.50921,-1.6136876344680786
CC(=O)c1ccc(C(=O)O)cc1,O,443.15,-0.64283,-1.6136876344680786
CC(=O)c1ccc(C(=O)O)cc1,O,433.15,-0.69298,-1.613687515258789
CC(=O)c1ccc(C(=O)O)cc1,O,423.15,-0.80804,-1.6136877536773682
CC(=O)c1ccc(C(=O)O)cc1,O,413.15,-0.91624,-1.613687515258789
CC(=O)c1ccc(C(=O)O)cc1,O,403.15,-1.03874,-1.6136842966079712
CC(=O)c1ccc(C(=O)O)cc1,O,393.15,-1.15203,-1.613440990447998
CC(=O)c1ccc(C(=O)O)cc1,O,383.15,-1.26504,-1.6065623760223389
CC(=O)c1ccc(C(=O)O)cc1,O,373.15,-1.37094,-1.5323622226715088
CC(=O)c1ccc(C(=O)O)cc1,O,363.15,-1.48556,-1.2560529708862305
CC(=O)c1ccc(C(=O)O)cc1,O,353.15,-1.60501,-1.082977533340454
CC(=O)c1ccc(C(=O)O)cc1,O,343.15,-1.72109,-1.1440263986587524
CC(=O)c1ccc(C(=O)O)cc1,O,333.15,-1.8316,-1.3884556293487549
CC(=O)c1ccc(C(=O)O)cc1,O,323.15,-1.95964,-1.6010522842407227
CC(=O)c1ccc(C(=O)O)cc1,O,313.15,-2.05473,-1.7875014543533325
CC(=O)c1ccc(C(=O)O)cc1,O,303.15,-2.17818,-1.9310786724090576
O=S1(=O)c2ccccc2-c2ccccc21,CC#N,330.2,-0.64708,-0.7517892718315125
O=S1(=O)c2ccccc2-c2ccccc21,CC#N,338.3,-0.56009,-0.622285783290863
O=S1(=O)c2ccccc2-c2ccccc21,CC#N,342.6,-0.50542,-0.5521928071975708
O=S1(=O)c2ccccc2-c2ccccc21,CC#N,348.8,-0.43255,-0.5078446865081787
O=S1(=O)c2ccccc2-c2ccccc21,CC#N,352.5,-0.39369,-0.5126162171363831
O=S1(=O)c2ccccc2-c2ccccc21,CC#N,357.3,-0.34158,-0.5509368181228638
O=S1(=O)c2ccccc2-c2ccccc21,CC#N,361.4,-0.29828,-0.6190131306648254
O=S1(=O)c2ccccc2-c2ccccc21,CC#N,366.1,-0.25256,-0.7139319777488708
O=S1(=O)c2ccccc2-c2ccccc21,CC#N,368.5,-0.22959,-0.7623934149742126
O=S1(=O)c2ccccc2-c2ccccc21,CN(C)C=O,319.5,-0.12806,0.08478270471096039
O=S1(=O)c2ccccc2-c2ccccc21,CN(C)C=O,329.7,-0.05137,0.16852909326553345
O=S1(=O)c2ccccc2-c2ccccc21,CN(C)C=O,338.8,0.01686,0.2574528157711029
O=S1(=O)c2ccccc2-c2ccccc21,CN(C)C=O,346.2,0.07145,0.3011699318885803
O=S1(=O)c2ccccc2-c2ccccc21,CN(C)C=O,352.0,0.13853,0.3003506660461426
O=S1(=O)c2ccccc2-c2ccccc21,CN(C)C=O,357.3,0.18655,0.2764912545681
O=S1(=O)c2ccccc2-c2ccccc21,CN(C)C=O,361.5,0.23085,0.24088148772716522
O=S1(=O)c2ccccc2-c2ccccc21,CN(C)C=O,363.8,0.25628,0.21787098050117493
O=S1(=O)c2ccccc2-c2ccccc21,CN(C)C=O,366.7,0.29197,0.18304362893104553
O=S1(=O)c2ccccc2-c2ccccc21,CN(C)C=O,369.4,0.32602,0.14734192192554474
O=S1(=O)c2ccccc2-c2ccccc21,CCCO,344.0,-1.30479,-0.4955241084098816
O=S1(=O)c2ccccc2-c2ccccc21,CCCO,349.0,-1.21684,-0.4489288032054901
O=S1(=O)c2ccccc2-c2ccccc21,CCCO,353.0,-1.15164,-0.4608546197414398
O=S1(=O)c2ccccc2-c2ccccc21,CCCO,356.6,-1.09522,-0.5084738731384277
O=S1(=O)c2ccccc2-c2ccccc21,CCCO,361.2,-1.02258,-0.6176702380180359
O=S1(=O)c2ccccc2-c2ccccc21,CCCO,363.6,-0.98542,-0.6939935684204102
O=S1(=O)c2ccccc2-c2ccccc21,CCCO,364.9,-0.96558,-0.7411895990371704
O=S1(=O)c2ccccc2-c2ccccc21,CCCO,366.7,-0.93742,-0.8038551807403564
O=S1(=O)c2ccccc2-c2ccccc21,CCCO,367.0,-0.93291,-0.8140260577201843
O=S1(=O)c2ccccc2-c2ccccc21,CCOCCO,323.4,-0.96959,-0.36927270889282227
O=S1(=O)c2ccccc2-c2ccccc21,CCOCCO,332.1,-0.89416,-0.27603504061698914
O=S1(=O)c2ccccc2-c2ccccc21,CCOCCO,340.5,-0.79912,-0.15404203534126282
O=S1(=O)c2ccccc2-c2ccccc21,CCOCCO,343.8,-0.77118,-0.10644687712192535
O=S1(=O)c2ccccc2-c2ccccc21,CCOCCO,350.3,-0.70244,-0.0635521337389946
O=S1(=O)c2ccccc2-c2ccccc21,CCOCCO,353.8,-0.6721,-0.06836733222007751
O=S1(=O)c2ccccc2-c2ccccc21,CCOCCO,355.5,-0.65673,-0.07784373313188553
O=S1(=O)c2ccccc2-c2ccccc21,CCOCCO,357.4,-0.64009,-0.09395618736743927
O=S1(=O)c2ccccc2-c2ccccc21,CCOCCO,361.9,-0.60202,-0.15256452560424805
O=S1(=O)c2ccccc2-c2ccccc21,CCOCCO,368.3,-0.55229,-0.2595881223678589
O=C(O)c1ccccc1,CN1CCCC1=O,296.35,1.04477,0.6998112201690674
O=C(O)c1ccccc1,CN1CCCC1=O,301.15,1.05562,0.7402499318122864
O=C(O)c1ccccc1,CN1CCCC1=O,305.05,1.06586,0.7754004001617432
O=C(O)c1ccccc1,CN1CCCC1=O,307.95,1.07357,0.8031038045883179
O=C(O)c1ccccc1,CN1CCCC1=O,311.05,1.08215,0.8314917683601379
O=C(O)c1ccccc1,CN1CCCC1=O,314.25,1.09156,0.8602029085159302
O=C(O)c1ccccc1,CN1CCCC1=O,318.35,1.10135,0.9086769223213196
O=C(O)c1ccccc1,CN1CCCC1=O,321.95,1.11267,0.9519774317741394
O=C(O)c1ccccc1,CN1CCCC1=O,327.35,1.13484,1.0074466466903687
O=C(O)c1ccccc1,CN1CCCC1=O,333.55,1.1626,1.0734009742736816
O=C(O)c1ccccc1,CN1CCCC1=O,338.85,1.19115,1.1416869163513184
O=C(O)c1ccccc1,CN1CCCC1=O,343.25,1.21623,1.18917715549469
O=C(O)c1ccccc1,CN1CCCC1=O,347.75,1.24601,1.2097604274749756
O=C(O)c1ccccc1,CN1CCCC1=O,351.15,1.27093,1.2077137231826782
O=C(O)c1ccccc1,CN1CCCC1=O,355.05,1.29966,1.1873362064361572
O=C(O)c1ccccc1,CN1CCCC1=O,359.85,1.3462,1.1358755826950073
O=C(O)c1ccccc1,CN1CCCC1=O,364.55,1.39752,1.0518778562545776
O=C(O)c1ccccc1,CN1CCCC1=O,369.05,1.45297,0.970516562461853
O=C(O)c1ccccc1,CN1CCCC1=O,371.35,1.4858,0.9402607083320618
O=C(O)c1ccccc1C(=O)O,CC(=O)O,298.3,-0.73,-1.1544123888015747
O=C(O)c1ccccc1C(=O)O,CC(=O)O,308.4,-0.58052,-1.0517624616622925
O=C(O)c1ccccc1C(=O)O,CC(=O)O,318.3,-0.41189,-0.9386240839958191
O=C(O)c1ccccc1C(=O)O,CC(=O)O,328.2,-0.27187,-0.863966703414917
O=C(O)c1ccccc1C(=O)O,CC(=O)O,338.0,-0.13962,-0.7850438952445984
O=C(O)c1ccccc1C(=O)O,CC(=O)O,348.3,-0.01255,-0.7199071049690247
O=C(O)c1ccccc1C(=O)O,CC(=O)O,358.6,0.10208,-0.7414262294769287
O=C(O)c1ccccc1C(=O)O,CC(=O)O,367.9,0.20364,-0.8397610783576965
Cc1ccc(C(=O)O)cc1,CN1CCCC1=O,295.65,-0.1207,0.3944477438926697
Cc1ccc(C(=O)O)cc1,CN1CCCC1=O,298.65,-0.07796,0.4322209656238556
Cc1ccc(C(=O)O)cc1,CN1CCCC1=O,303.35,-0.00933,0.4903010129928589
Cc1ccc(C(=O)O)cc1,CN1CCCC1=O,308.55,0.06479,0.5510896444320679
Cc1ccc(C(=O)O)cc1,CN1CCCC1=O,313.75,0.13415,0.6000161170959473
Cc1ccc(C(=O)O)cc1,CN1CCCC1=O,319.55,0.21494,0.6490232348442078
Cc1ccc(C(=O)O)cc1,CN1CCCC1=O,323.45,0.26696,0.6795588731765747
Cc1ccc(C(=O)O)cc1,CN1CCCC1=O,328.75,0.33059,0.7209876775741577
Cc1ccc(C(=O)O)cc1,CN1CCCC1=O,334.85,0.4099,0.7669767141342163
Cc1ccc(C(=O)O)cc1,CN1CCCC1=O,340.25,0.4751,0.8045996427536011
Cc1ccc(C(=O)O)cc1,CN1CCCC1=O,343.35,0.51525,0.8215216398239136
Cc1ccc(C(=O)O)cc1,CN1CCCC1=O,346.65,0.55699,0.830438494682312
Cc1ccc(C(=O)O)cc1,CN1CCCC1=O,351.45,0.62024,0.8278780579566956
Cc1ccc(C(=O)O)cc1,CN1CCCC1=O,355.75,0.6819,0.8105618953704834
Cc1ccc(C(=O)O)cc1,CN1CCCC1=O,360.65,0.76147,0.7734274864196777
Cc1ccc(C(=O)O)cc1,CN1CCCC1=O,364.05,0.83356,0.7345349192619324
Cc1ccc(C(=O)O)cc1,CN1CCCC1=O,366.55,0.89523,0.7062524557113647
Cc1ccc(C(=O)O)cc1,CN1CCCC1=O,369.25,0.96207,0.6807284951210022
Cc1ccc(C(=O)O)cc1,CN1CCCC1=O,370.05,0.98851,0.674461305141449
Cc1c(C(=O)O)cc([N+](=O)[O-])cc1[N+](=O)[O-],C1COCCO1,298.15,0.410287511690034,-0.20569220185279846
Cc1c(C(=O)O)cc([N+](=O)[O-])cc1[N+](=O)[O-],C1CCOC1,298.15,0.450111020228878,0.0614163801074028
COc1ccccc1C(=O)O,CC(O)COC(C)(C)C,298.15,-0.261831359938447,-0.8544021844863892
COc1ccccc1C(=O)O,CC(C)OCCO,298.15,-0.093697263910609,-0.3805769979953766
COc1ccccc1C(=O)O,CCCOCCO,298.15,0.013377696055468,0.0006446242332458496
COc1ccccc1C(=O)O,COC(C)CCO,298.15,0.038607560353621,0.000644756481051445
COc1ccccc1C(=O)O,CCOCCO,298.15,0.144180707573244,0.052690450102090836
COc1ccccc1C(=O)O,CCCCOCCO,298.15,0.056802858651285,-0.12841446697711945
CC(=O)Nc1ccc(OC(=O)c2ccccc2OC(C)=O)cc1,Cc1ccccc1,278.15,-3.90525693299735,-3.6788485050201416
CC(=O)Nc1ccc(OC(=O)c2ccccc2OC(C)=O)cc1,Cc1ccccc1,283.15,-3.7662145357747,-3.6099705696105957
CC(=O)Nc1ccc(OC(=O)c2ccccc2OC(C)=O)cc1,Cc1ccccc1,288.15,-3.62584504677965,-3.529062032699585
CC(=O)Nc1ccc(OC(=O)c2ccccc2OC(C)=O)cc1,Cc1ccccc1,293.15,-3.49462556064602,-3.4294166564941406
CC(=O)Nc1ccc(OC(=O)c2ccccc2OC(C)=O)cc1,Cc1ccccc1,298.15,-3.39375073792751,-3.322413682937622
CC(=O)Nc1ccc(OC(=O)c2ccccc2OC(C)=O)cc1,Cc1ccccc1,303.15,-3.29042708090659,-3.203282117843628
CC(=O)Nc1ccc(OC(=O)c2ccccc2OC(C)=O)cc1,Cc1ccccc1,308.15,-3.20065176899168,-3.079740285873413
CC(=O)Nc1ccc(OC(=O)c2ccccc2OC(C)=O)cc1,CC(C)O,278.15,-2.99488056177507,-2.747166395187378
CC(=O)Nc1ccc(OC(=O)c2ccccc2OC(C)=O)cc1,Cc1ccccc1,313.15,-3.10104916683403,-2.936161994934082
CC(=O)Nc1ccc(OC(=O)c2ccccc2OC(C)=O)cc1,CCCO,278.15,-2.92243614791669,-2.517843246459961
CC(=O)Nc1ccc(OC(=O)c2ccccc2OC(C)=O)cc1,CC(C)O,283.15,-2.84870443025917,-2.6296424865722656
CC(=O)Nc1ccc(OC(=O)c2ccccc2OC(C)=O)cc1,Cc1ccccc1,318.15,-3.00453778594461,-2.7844765186309814
CC(=O)Nc1ccc(OC(=O)c2ccccc2OC(C)=O)cc1,CCCO,283.15,-2.76192765091833,-2.411614179611206
CC(=O)Nc1ccc(OC(=O)c2ccccc2OC(C)=O)cc1,CC(C)O,288.15,-2.73750791088019,-2.51069974899292
CC(=O)Nc1ccc(OC(=O)c2ccccc2OC(C)=O)cc1,CO,278.15,-2.44419291208861,-1.8966197967529297
CC(=O)Nc1ccc(OC(=O)c2ccccc2OC(C)=O)cc1,CCO,278.15,-2.560252826151,-2.3488779067993164
CC(=O)Nc1ccc(OC(=O)c2ccccc2OC(C)=O)cc1,CCCO,288.15,-2.63323904963369,-2.3035545349121094
CC(=O)Nc1ccc(OC(=O)c2ccccc2OC(C)=O)cc1,CC(C)O,293.15,-2.63264749788681,-2.3833720684051514
CC(=O)Nc1ccc(OC(=O)c2ccccc2OC(C)=O)cc1,CCCCO,278.15,-2.70223358968668,-2.586280584335327
CC(=O)Nc1ccc(OC(=O)c2ccccc2OC(C)=O)cc1,CO,283.15,-2.34150583656194,-1.813316822052002
CC(=O)Nc1ccc(OC(=O)c2ccccc2OC(C)=O)cc1,CCO,283.15,-2.43894836721269,-2.249551296234131
CC(=O)Nc1ccc(OC(=O)c2ccccc2OC(C)=O)cc1,CCCO,293.15,-2.54307475412022,-2.1884028911590576
CC(=O)Nc1ccc(OC(=O)c2ccccc2OC(C)=O)cc1,CC(C)O,298.15,-2.54797437075136,-2.2600419521331787
CC(=O)Nc1ccc(OC(=O)c2ccccc2OC(C)=O)cc1,CO,288.15,-2.24629140643378,-1.726322889328003
CC(=O)Nc1ccc(OC(=O)c2ccccc2OC(C)=O)cc1,CCCCO,283.15,-2.58600851894355,-2.4775164127349854
CC(=O)Nc1ccc(OC(=O)c2ccccc2OC(C)=O)cc1,CC(C)O,303.15,-2.46973124735042,-2.133518934249878
CC(=O)Nc1ccc(OC(=O)c2ccccc2OC(C)=O)cc1,CCCO,298.15,-2.45319998029321,-2.0741021633148193
CC(=O)Nc1ccc(OC(=O)c2ccccc2OC(C)=O)cc1,CCO,288.15,-2.34024499702193,-2.1499264240264893
CC(=O)Nc1ccc(OC(=O)c2ccccc2OC(C)=O)cc1,CO,293.15,-2.16256005157407,-1.6333945989608765
CC(=O)Nc1ccc(OC(=O)c2ccccc2OC(C)=O)cc1,CCCCO,288.15,-2.48197704749581,-2.3639585971832275
CC(=O)Nc1ccc(OC(=O)c2ccccc2OC(C)=O)cc1,CC(C)O,308.15,-2.38147786610762,-2.0110485553741455
CC(=O)Nc1ccc(OC(=O)c2ccccc2OC(C)=O)cc1,CCO,293.15,-2.25260662560741,-2.0411534309387207
CC(=O)Nc1ccc(OC(=O)c2ccccc2OC(C)=O)cc1,CCCO,303.15,-2.36296449961586,-1.960081934928894
CC(=O)Nc1ccc(OC(=O)c2ccccc2OC(C)=O)cc1,CO,298.15,-2.07900414706509,-1.5419893264770508
CC(=O)Nc1ccc(OC(=O)c2ccccc2OC(C)=O)cc1,CCCCO,293.15,-2.38711578585686,-2.241704225540161
CC(=O)Nc1ccc(OC(=O)c2ccccc2OC(C)=O)cc1,CCOC(C)=O,278.15,-2.38864579361402,-2.14016056060791
CC(=O)Nc1ccc(OC(=O)c2ccccc2OC(C)=O)cc1,CC(C)O,313.15,-2.29753876993292,-1.8826134204864502
CC(=O)Nc1ccc(OC(=O)c2ccccc2OC(C)=O)cc1,CCCO,308.15,-2.27582002890649,-1.8433098793029785
CC(=O)Nc1ccc(OC(=O)c2ccccc2OC(C)=O)cc1,CO,303.15,-2.0062415616679,-1.446244239807129
CC(=O)Nc1ccc(OC(=O)c2ccccc2OC(C)=O)cc1,CCO,298.15,-2.1628584741624,-1.935786485671997
CC(=O)Nc1ccc(OC(=O)c2ccccc2OC(C)=O)cc1,CCCCO,298.15,-2.29916380989557,-2.1278798580169678
CC(=O)Nc1ccc(OC(=O)c2ccccc2OC(C)=O)cc1,CO,308.15,-1.92866849954369,-1.345557689666748
CC(=O)Nc1ccc(OC(=O)c2ccccc2OC(C)=O)cc1,CCO,303.15,-2.0838769707075,-1.8241817951202393
CC(=O)Nc1ccc(OC(=O)c2ccccc2OC(C)=O)cc1,CC(C)O,318.15,-2.203198087657,-1.7508689165115356
CC(=O)Nc1ccc(OC(=O)c2ccccc2OC(C)=O)cc1,CCCO,313.15,-2.18634400005166,-1.7311147451400757
CC(=O)Nc1ccc(OC(=O)c2ccccc2OC(C)=O)cc1,CCOC(C)=O,283.15,-2.26942036289788,-2.0581870079040527
CC(=O)Nc1ccc(OC(=O)c2ccccc2OC(C)=O)cc1,CCCCO,303.15,-2.21947601929685,-2.0198416709899902
CC(=O)Nc1ccc(OC(=O)c2ccccc2OC(C)=O)cc1,CCO,308.15,-2.00269620902336,-1.7091104984283447
CC(=O)Nc1ccc(OC(=O)c2ccccc2OC(C)=O)cc1,CO,313.15,-1.83803327218665,-1.242103099822998
CC(=O)Nc1ccc(OC(=O)c2ccccc2OC(C)=O)cc1,CCCO,318.15,-2.07357586524412,-1.6170239448547363
CC(=O)Nc1ccc(OC(=O)c2ccccc2OC(C)=O)cc1,CCOC(C)=O,288.15,-2.17370140654401,-1.9687862396240234
CC(=O)Nc1ccc(OC(=O)c2ccccc2OC(C)=O)cc1,CC#N,278.15,-1.87725464951021,-1.6262166500091553
CC(=O)Nc1ccc(OC(=O)c2ccccc2OC(C)=O)cc1,CCCCO,308.15,-2.13304399749509,-1.9179474115371704
CC(=O)Nc1ccc(OC(=O)c2ccccc2OC(C)=O)cc1,CCO,313.15,-1.91005692366049,-1.5899748802185059
CC(=O)Nc1ccc(OC(=O)c2ccccc2OC(C)=O)cc1,CO,318.15,-1.74778321731823,-1.141046166419983
CC(=O)Nc1ccc(OC(=O)c2ccccc2OC(C)=O)cc1,CCOC(C)=O,293.15,-2.09293912025499,-1.8752408027648926
CC(=O)Nc1ccc(OC(=O)c2ccccc2OC(C)=O)cc1,CCCCO,313.15,-2.03917286301953,-1.8092366456985474
CC(=O)Nc1ccc(OC(=O)c2ccccc2OC(C)=O)cc1,CC#N,283.15,-1.78150349784085,-1.5414094924926758
CC(=O)Nc1ccc(OC(=O)c2ccccc2OC(C)=O)cc1,CCO,318.15,-1.82230836515608,-1.4719102382659912
CC(=O)Nc1ccc(OC(=O)c2ccccc2OC(C)=O)cc1,CCOC(C)=O,298.15,-1.99655416647756,-1.7971845865249634
CC(=O)Nc1ccc(OC(=O)c2ccccc2OC(C)=O)cc1,CCCCO,318.15,-1.95601340791065,-1.703090786933899
CC(=O)Nc1ccc(OC(=O)c2ccccc2OC(C)=O)cc1,CC#N,288.15,-1.69223826278555,-1.4537358283996582
CC(=O)Nc1ccc(OC(=O)c2ccccc2OC(C)=O)cc1,CCOC(C)=O,303.15,-1.92039026114269,-1.7239784002304077
CC(=O)Nc1ccc(OC(=O)c2ccccc2OC(C)=O)cc1,CC#N,293.15,-1.592053096839,-1.3603087663650513
CC(=O)Nc1ccc(OC(=O)c2ccccc2OC(C)=O)cc1,CCOC(C)=O,308.15,-1.84950328369406,-1.6547757387161255
CC(=O)Nc1ccc(OC(=O)c2ccccc2OC(C)=O)cc1,CC#N,298.15,-1.5010260613831,-1.2786428928375244
CC(=O)Nc1ccc(OC(=O)c2ccccc2OC(C)=O)cc1,CCOC(C)=O,313.15,-1.77390309200072,-1.585438847541809
CC(=O)Nc1ccc(OC(=O)c2ccccc2OC(C)=O)cc1,C1COCCO1,293.15,-1.70046690085154,-1.5275437831878662
CC(=O)Nc1ccc(OC(=O)c2ccccc2OC(C)=O)cc1,CCOC(C)=O,318.15,-1.70730673335046,-1.5144715309143066
CC(=O)Nc1ccc(OC(=O)c2ccccc2OC(C)=O)cc1,CC#N,303.15,-1.42490069318903,-1.1967378854751587
CC(=O)Nc1ccc(OC(=O)c2ccccc2OC(C)=O)cc1,C1COCCO1,298.15,-1.62225689682603,-1.463850975036621
CC(=O)Nc1ccc(OC(=O)c2ccccc2OC(C)=O)cc1,CC#N,308.15,-1.35450137575737,-1.1135421991348267
CC(=O)Nc1ccc(OC(=O)c2ccccc2OC(C)=O)cc1,CCC(C)=O,278.15,-1.54450478621108,-1.7452315092086792
CC(=O)Nc1ccc(OC(=O)c2ccccc2OC(C)=O)cc1,C1COCCO1,303.15,-1.53613587818415,-1.404790997505188
CC(=O)Nc1ccc(OC(=O)c2ccccc2OC(C)=O)cc1,CCC(C)=O,283.15,-1.51843585095865,-1.6594423055648804
CC(=O)Nc1ccc(OC(=O)c2ccccc2OC(C)=O)cc1,CC#N,313.15,-1.27788218621131,-1.029441237449646
CC(=O)Nc1ccc(OC(=O)c2ccccc2OC(C)=O)cc1,CCC(C)=O,288.15,-1.49035883763519,-1.5733438730239868
CC(=O)Nc1ccc(OC(=O)c2ccccc2OC(C)=O)cc1,C1COCCO1,308.15,-1.46149454700093,-1.3513216972351074
CC(=O)Nc1ccc(OC(=O)c2ccccc2OC(C)=O)cc1,CCC(C)=O,293.15,-1.46220583543875,-1.4826624393463135
CC(=O)Nc1ccc(OC(=O)c2ccccc2OC(C)=O)cc1,CCC(C)=O,298.15,-1.42989218286966,-1.403432011604309
CC(=O)Nc1ccc(OC(=O)c2ccccc2OC(C)=O)cc1,CC#N,318.15,-1.20252196648986,-0.9526678919792175
CC(=O)Nc1ccc(OC(=O)c2ccccc2OC(C)=O)cc1,C1COCCO1,313.15,-1.39429212726109,-1.2946761846542358
CC(=O)Nc1ccc(OC(=O)c2ccccc2OC(C)=O)cc1,CCC(C)=O,303.15,-1.39901873250589,-1.329209327697754
CC(=O)Nc1ccc(OC(=O)c2ccccc2OC(C)=O)cc1,CCC(C)=O,308.15,-1.36516791678444,-1.2528177499771118
CC(=O)Nc1ccc(OC(=O)c2ccccc2OC(C)=O)cc1,C1COCCO1,318.15,-1.30992382663927,-1.2225306034088135
CC(=O)Nc1ccc(OC(=O)c2ccccc2OC(C)=O)cc1,CCC(C)=O,313.15,-1.3285658328674,-1.178730845451355
CC(=O)Nc1ccc(OC(=O)c2ccccc2OC(C)=O)cc1,CCC(C)=O,318.15,-1.29638430471174,-1.1044645309448242
CC(=O)Nc1ccc(OC(=O)c2ccccc2OC(C)=O)cc1,CN(C)C=O,278.15,-0.635429283455845,-0.6047481894493103
CC(=O)Nc1ccc(OC(=O)c2ccccc2OC(C)=O)cc1,CN(C)C=O,283.15,-0.613197817215061,-0.5340309143066406
CC(=O)Nc1ccc(OC(=O)c2ccccc2OC(C)=O)cc1,CN(C)C=O,288.15,-0.592633279864539,-0.4608483612537384
CC(=O)Nc1ccc(OC(=O)c2ccccc2OC(C)=O)cc1,CN(C)C=O,293.15,-0.569094866414265,-0.3889857828617096
CC(=O)Nc1ccc(OC(=O)c2ccccc2OC(C)=O)cc1,CN1CCCC1=O,278.15,-0.646759548816977,-0.4959017038345337
CC(=O)Nc1ccc(OC(=O)c2ccccc2OC(C)=O)cc1,CN(C)C=O,298.15,-0.546580638390894,-0.3281451463699341
CC(=O)Nc1ccc(OC(=O)c2ccccc2OC(C)=O)cc1,CN(C)C=O,303.15,-0.522824787936481,-0.27703744173049927
CC(=O)Nc1ccc(OC(=O)c2ccccc2OC(C)=O)cc1,CN1CCCC1=O,283.15,-0.588021155698553,-0.4297104775905609
CC(=O)Nc1ccc(OC(=O)c2ccccc2OC(C)=O)cc1,CN(C)C=O,308.15,-0.498370488398153,-0.22908902168273926
CC(=O)Nc1ccc(OC(=O)c2ccccc2OC(C)=O)cc1,CN(C)C=O,313.15,-0.47218212219344,-0.1731298565864563
CC(=O)Nc1ccc(OC(=O)c2ccccc2OC(C)=O)cc1,CN1CCCC1=O,288.15,-0.533673935851723,-0.3643757700920105
CC(=O)Nc1ccc(OC(=O)c2ccccc2OC(C)=O)cc1,CN(C)C=O,318.15,-0.445614500376329,-0.11177375167608261
CC(=O)Nc1ccc(OC(=O)c2ccccc2OC(C)=O)cc1,CN1CCCC1=O,293.15,-0.485902975862575,-0.2944785952568054
CC(=O)Nc1ccc(OC(=O)c2ccccc2OC(C)=O)cc1,CN1CCCC1=O,298.15,-0.435178111783765,-0.2328394204378128
CC(=O)Nc1ccc(OC(=O)c2ccccc2OC(C)=O)cc1,CN1CCCC1=O,303.15,-0.391105150233589,-0.17689646780490875
CC(=O)Nc1ccc(OC(=O)c2ccccc2OC(C)=O)cc1,CN1CCCC1=O,308.15,-0.349687080706524,-0.12177389860153198
CC(=O)Nc1ccc(OC(=O)c2ccccc2OC(C)=O)cc1,CN1CCCC1=O,313.15,-0.302639204581486,-0.058439042419195175
CC(=O)Nc1ccc(OC(=O)c2ccccc2OC(C)=O)cc1,CN1CCCC1=O,318.15,-0.260062110651911,-0.005815029144287109
CCn1c2ccccc2c2cc(N3C=C(c4ccccc4)NN3)ccc21,CC(C)O,279.4,-2.53777389143607,-2.652470350265503
CCn1c2ccccc2c2cc(N3C=C(c4ccccc4)NN3)ccc21,CCC(C)O,279.9,-2.49973007006423,-2.5459177494049072
CCn1c2ccccc2c2cc(N3C=C(c4ccccc4)NN3)ccc21,CC(C)O,290.4,-2.33503154453745,-2.46169376373291
CCn1c2ccccc2c2cc(N3C=C(c4ccccc4)NN3)ccc21,CCC(C)O,283.2,-2.39543377887946,-2.4896233081817627
CCn1c2ccccc2c2cc(N3C=C(c4ccccc4)NN3)ccc21,CCO,279.2,-2.15078546611119,-2.339242696762085
CCn1c2ccccc2c2cc(N3C=C(c4ccccc4)NN3)ccc21,CO,279.3,-1.98833238718399,-2.2146847248077393
CCn1c2ccccc2c2cc(N3C=C(c4ccccc4)NN3)ccc21,CCO,281.5,-2.12867215918272,-2.303600549697876
CCn1c2ccccc2c2cc(N3C=C(c4ccccc4)NN3)ccc21,CC(C)O,294.2,-2.21411710503905,-2.393402576446533
CCn1c2ccccc2c2cc(N3C=C(c4ccccc4)NN3)ccc21,CO,281.9,-1.93060059648557,-2.1759796142578125
CCn1c2ccccc2c2cc(N3C=C(c4ccccc4)NN3)ccc21,CCO,285.8,-2.03883816566976,-2.2355990409851074
CCn1c2ccccc2c2cc(N3C=C(c4ccccc4)NN3)ccc21,CCCO,283.0,-2.12380733389045,-2.28786563873291
CCn1c2ccccc2c2cc(N3C=C(c4ccccc4)NN3)ccc21,CC(C)O,298.4,-2.12657018155713,-2.3184826374053955
CCn1c2ccccc2c2cc(N3C=C(c4ccccc4)NN3)ccc21,CCCCO,280.1,-2.18853768703074,-2.3102781772613525
CCn1c2ccccc2c2cc(N3C=C(c4ccccc4)NN3)ccc21,CO,288.2,-1.83251922897824,-2.07649827003479
CCn1c2ccccc2c2cc(N3C=C(c4ccccc4)NN3)ccc21,CCC(C)O,291.7,-2.1900793423225,-2.350480556488037
CCn1c2ccccc2c2cc(N3C=C(c4ccccc4)NN3)ccc21,CCO,288.8,-1.98694613211901,-2.1890320777893066
CCn1c2ccccc2c2cc(N3C=C(c4ccccc4)NN3)ccc21,CCCO,285.1,-2.04367356996637,-2.2566049098968506
CCn1c2ccccc2c2cc(N3C=C(c4ccccc4)NN3)ccc21,CCCCO,283.7,-2.12205369076283,-2.2536518573760986
CCn1c2ccccc2c2cc(N3C=C(c4ccccc4)NN3)ccc21,CC(C)O,300.9,-2.05119745134559,-2.2768847942352295
CCn1c2ccccc2c2cc(N3C=C(c4ccccc4)NN3)ccc21,CCO,291.9,-1.92937275824994,-2.1350767612457275
CCn1c2ccccc2c2cc(N3C=C(c4ccccc4)NN3)ccc21,CCC(C)O,294.6,-2.09965890806061,-2.3059651851654053
CCn1c2ccccc2c2cc(N3C=C(c4ccccc4)NN3)ccc21,CCCO,288.8,-1.98256815641674,-2.2045891284942627
CCn1c2ccccc2c2cc(N3C=C(c4ccccc4)NN3)ccc21,CC(C)O,304.6,-1.98875848848286,-2.222731590270996
CCn1c2ccccc2c2cc(N3C=C(c4ccccc4)NN3)ccc21,CCO,297.2,-1.83961157492335,-2.0540404319763184
CCn1c2ccccc2c2cc(N3C=C(c4ccccc4)NN3)ccc21,CCCCO,288.6,-2.03065117866211,-2.1867518424987793
CCn1c2ccccc2c2cc(N3C=C(c4ccccc4)NN3)ccc21,CCC(C)O,298.4,-2.01484243139394,-2.2489256858825684
CCn1c2ccccc2c2cc(N3C=C(c4ccccc4)NN3)ccc21,CC(C)O,307.7,-1.9297226999638,-2.175994873046875
CCn1c2ccccc2c2cc(N3C=C(c4ccccc4)NN3)ccc21,CO,300.7,-1.63276380978207,-1.901391863822937
CCn1c2ccccc2c2cc(N3C=C(c4ccccc4)NN3)ccc21,CCCCO,292.7,-1.91531695566268,-2.1271414756774902
CCn1c2ccccc2c2cc(N3C=C(c4ccccc4)NN3)ccc21,CCCO,297.1,-1.82943868656372,-2.090833902359009
CCn1c2ccccc2c2cc(N3C=C(c4ccccc4)NN3)ccc21,CC(C)O,311.0,-1.83860869388258,-2.1222457885742188
CCn1c2ccccc2c2cc(N3C=C(c4ccccc4)NN3)ccc21,CO,306.1,-1.54830420479197,-1.827728033065796
CCn1c2ccccc2c2cc(N3C=C(c4ccccc4)NN3)ccc21,CCO,307.8,-1.63878083253188,-1.8988209962844849
CCn1c2ccccc2c2cc(N3C=C(c4ccccc4)NN3)ccc21,CCCCO,298.2,-1.82069705566051,-2.0522234439849854
CCn1c2ccccc2c2cc(N3C=C(c4ccccc4)NN3)ccc21,CCC(C)O,306.7,-1.79556919304539,-2.1271746158599854
CCn1c2ccccc2c2cc(N3C=C(c4ccccc4)NN3)ccc21,CO,314.8,-1.39984473385915,-1.7101826667785645
CCn1c2ccccc2c2cc(N3C=C(c4ccccc4)NN3)ccc21,CCO,313.0,-1.54422400969329,-1.8202120065689087
CCn1c2ccccc2c2cc(N3C=C(c4ccccc4)NN3)ccc21,CCCO,307.0,-1.63096794279269,-1.9495155811309814
CCn1c2ccccc2c2cc(N3C=C(c4ccccc4)NN3)ccc21,CC(C)O,319.5,-1.63854046299773,-1.9722270965576172
CCn1c2ccccc2c2cc(N3C=C(c4ccccc4)NN3)ccc21,CC#N,281.7,-1.43688230721935,-1.7611315250396729
CCn1c2ccccc2c2cc(N3C=C(c4ccccc4)NN3)ccc21,CCCCO,307.4,-1.62207636735401,-1.9321314096450806
CCn1c2ccccc2c2cc(N3C=C(c4ccccc4)NN3)ccc21,CCO,318.9,-1.43343542798963,-1.7299970388412476
CCn1c2ccccc2c2cc(N3C=C(c4ccccc4)NN3)ccc21,CO,320.7,-1.2738736255394,-1.6298778057098389
CCn1c2ccccc2c2cc(N3C=C(c4ccccc4)NN3)ccc21,CCCO,312.2,-1.53271160882568,-1.8701492547988892
CCn1c2ccccc2c2cc(N3C=C(c4ccccc4)NN3)ccc21,CC(C)O,324.1,-1.54393889445589,-1.9017703533172607
CCn1c2ccccc2c2cc(N3C=C(c4ccccc4)NN3)ccc21,CCC(C)O,315.7,-1.59249207378097,-1.9863648414611816
CCn1c2ccccc2c2cc(N3C=C(c4ccccc4)NN3)ccc21,CC#N,287.8,-1.31813931618827,-1.676637887954712
CCn1c2ccccc2c2cc(N3C=C(c4ccccc4)NN3)ccc21,CCO,323.2,-1.34438114098806,-1.6740702390670776
CCn1c2ccccc2c2cc(N3C=C(c4ccccc4)NN3)ccc21,CCCCO,312.6,-1.5276270948484,-1.8599990606307983
CCn1c2ccccc2c2cc(N3C=C(c4ccccc4)NN3)ccc21,CO,325.0,-1.17680716032434,-1.5832282304763794
CCn1c2ccccc2c2cc(N3C=C(c4ccccc4)NN3)ccc21,CCC(C)O,319.1,-1.50433948232459,-1.9322515726089478
CCn1c2ccccc2c2cc(N3C=C(c4ccccc4)NN3)ccc21,CCCO,319.4,-1.38703180570126,-1.7622483968734741
CCn1c2ccccc2c2cc(N3C=C(c4ccccc4)NN3)ccc21,CC(C)O,330.2,-1.38381484746802,-1.8179839849472046
CCn1c2ccccc2c2cc(N3C=C(c4ccccc4)NN3)ccc21,CC#N,295.4,-1.19326169770508,-1.5788625478744507
CCn1c2ccccc2c2cc(N3C=C(c4ccccc4)NN3)ccc21,CCC(C)O,321.3,-1.44360720093803,-1.8999507427215576
CCn1c2ccccc2c2cc(N3C=C(c4ccccc4)NN3)ccc21,CCO,329.0,-1.21003034973914,-1.6093114614486694
CCn1c2ccccc2c2cc(N3C=C(c4ccccc4)NN3)ccc21,CCCCO,320.4,-1.3683830947907,-1.7438253164291382
CCn1c2ccccc2c2cc(N3C=C(c4ccccc4)NN3)ccc21,CCOC(C)=O,278.9,-1.37544584780029,-1.7999800443649292
CCn1c2ccccc2c2cc(N3C=C(c4ccccc4)NN3)ccc21,CCCO,325.2,-1.26502236471894,-1.6907241344451904
CCn1c2ccccc2c2cc(N3C=C(c4ccccc4)NN3)ccc21,CCOC(C)=O,282.5,-1.34107562163259,-1.768019199371338
CCn1c2ccccc2c2cc(N3C=C(c4ccccc4)NN3)ccc21,CC#N,304.8,-1.03911041930809,-1.4528224468231201
CCn1c2ccccc2c2cc(N3C=C(c4ccccc4)NN3)ccc21,CCC(C)O,329.5,-1.25428008212573,-1.799004316329956
CCn1c2ccccc2c2cc(N3C=C(c4ccccc4)NN3)ccc21,CCOC(C)=O,288.6,-1.26040775161613,-1.712107539176941
CCn1c2ccccc2c2cc(N3C=C(c4ccccc4)NN3)ccc21,CCCO,330.2,-1.14435868358721,-1.6316699981689453
CCn1c2ccccc2c2cc(N3C=C(c4ccccc4)NN3)ccc21,CCOC(C)=O,293.8,-1.19563299423348,-1.6591689586639404
CCn1c2ccccc2c2cc(N3C=C(c4ccccc4)NN3)ccc21,CC#N,312.3,-0.908143438781434,-1.3451751470565796
CCn1c2ccccc2c2cc(N3C=C(c4ccccc4)NN3)ccc21,CCOC(C)=O,296.6,-1.15522450881543,-1.6328011751174927
CCn1c2ccccc2c2cc(N3C=C(c4ccccc4)NN3)ccc21,CCCCO,331.5,-1.13788810207776,-1.633264183998108
CCn1c2ccccc2c2cc(N3C=C(c4ccccc4)NN3)ccc21,CCOC(C)=O,301.9,-1.09263022571859,-1.5789024829864502
CCn1c2ccccc2c2cc(N3C=C(c4ccccc4)NN3)ccc21,CCOC(C)=O,306.3,-1.03830334624506,-1.5347944498062134
CCn1c2ccccc2c2cc(N3C=C(c4ccccc4)NN3)ccc21,CC#N,319.4,-0.761585521573746,-1.2436810731887817
CCn1c2ccccc2c2cc(N3C=C(c4ccccc4)NN3)ccc21,CCOC(C)=O,310.5,-0.983940793918907,-1.4882941246032715
CCn1c2ccccc2c2cc(N3C=C(c4ccccc4)NN3)ccc21,CC#N,325.0,-0.63747148144375,-1.1754156351089478
CCn1c2ccccc2c2cc(N3C=C(c4ccccc4)NN3)ccc21,CCOC(C)=O,318.0,-0.887707028750611,-1.404490351676941
CCn1c2ccccc2c2cc(N3C=C(c4ccccc4)NN3)ccc21,CCOC(C)=O,322.8,-0.814525308446467,-1.3552966117858887
CCn1c2ccccc2c2cc(N3C=C(c4ccccc4)NN3)ccc21,CCOC(C)=O,326.9,-0.742943563824629,-1.315238118171692
CC(=O)N1CCC[C@H]1C(=O)O,CCOC(C)=O,283.15,-1.41736420779749,-1.3658647537231445
CC(=O)N1CCC[C@H]1C(=O)O,COC(C)=O,283.15,-1.11085576518811,-1.089563250541687
CC(=O)N1CCC[C@H]1C(=O)O,CCOC(C)=O,293.15,-1.18550746673166,-1.1774682998657227
CC(=O)N1CCC[C@H]1C(=O)O,CCOC(C)=O,303.15,-1.009628197766,-0.9680256247520447
CC(=O)N1CCC[C@H]1C(=O)O,COC(C)=O,293.15,-0.899358462434054,-0.8827810883522034
CC(=O)N1CCC[C@H]1C(=O)O,CCC(C)=O,283.15,-0.887092737835906,-0.8537329435348511
CC(=O)N1CCC[C@H]1C(=O)O,O,283.15,-0.144902374104565,-0.4287458658218384
CC(=O)N1CCC[C@H]1C(=O)O,CCOC(C)=O,313.15,-0.87102093512681,-0.7906884551048279
CC(=O)N1CCC[C@H]1C(=O)O,COC(C)=O,303.15,-0.736462183188093,-0.6671961545944214
CC(=O)N1CCC[C@H]1C(=O)O,CC(C)=O,283.15,-0.654799404558799,-0.4466884136199951
CC(=O)N1CCC[C@H]1C(=O)O,CC#N,283.15,-0.506316637371883,-0.477262020111084
CC(=O)N1CCC[C@H]1C(=O)O,CCC(C)=O,293.15,-0.737390365842879,-0.6771130561828613
CC(=O)N1CCC[C@H]1C(=O)O,O,293.15,0.027035650756057,-0.22183260321617126
CC(=O)N1CCC[C@H]1C(=O)O,CCOC(C)=O,323.15,-0.696569070919692,-0.622572660446167
CC(=O)N1CCC[C@H]1C(=O)O,COC(C)=O,313.15,-0.573325539988021,-0.48313477635383606
CC(=O)N1CCC[C@H]1C(=O)O,CCC(C)=O,303.15,-0.571764667795269,-0.5001226663589478
CC(=O)N1CCC[C@H]1C(=O)O,C1COCCO1,288.15,-0.541412943320982,-0.3564833104610443
CC(=O)N1CCC[C@H]1C(=O)O,CC(C)=O,293.15,-0.462229608926821,-0.3451901078224182
CC(=O)N1CCC[C@H]1C(=O)O,O,303.15,0.184841701734335,-0.05011835694313049
CC(=O)N1CCC[C@H]1C(=O)O,C1COCCO1,293.15,-0.453141254721411,-0.29832813143730164
CC(=O)N1CCC[C@H]1C(=O)O,COC(C)=O,323.15,-0.401031035290714,-0.3157893121242523
CC(=O)N1CCC[C@H]1C(=O)O,CC#N,293.15,-0.179325170561705,-0.32331961393356323
CC(=O)N1CCC[C@H]1C(=O)O,ClCCl,283.15,-0.254567247574259,-0.6037892699241638
CC(=O)N1CCC[C@H]1C(=O)O,CCC(C)=O,313.15,-0.4178539965855,-0.3169787526130676
CC(=O)N1CCC[C@H]1C(=O)O,CC(C)=O,303.15,-0.314967098763986,-0.20958787202835083
CC(=O)N1CCC[C@H]1C(=O)O,CCCCCO,283.15,-0.436798156320351,-0.4324054419994354
CC(=O)N1CCC[C@H]1C(=O)O,CCCCO,283.15,-0.324229194523106,-0.267933189868927
CC(=O)N1CCC[C@H]1C(=O)O,C1COCCO1,303.15,-0.297834365359175,-0.12915629148483276
CC(=O)N1CCC[C@H]1C(=O)O,O,313.15,0.382744128897915,0.1166524589061737
CC(=O)N1CCC[C@H]1C(=O)O,CCC(C)O,283.15,-0.307129627903623,-0.34593459963798523
CC(=O)N1CCC[C@H]1C(=O)O,CC(C)CO,283.15,-0.290308635371409,-0.37612029910087585
CC(=O)N1CCC[C@H]1C(=O)O,CC(C)O,283.15,-0.206748048163241,-0.12658867239952087
CC(=O)N1CCC[C@H]1C(=O)O,ClCCl,288.15,-0.127433232529984,-0.5079957842826843
CC(=O)N1CCC[C@H]1C(=O)O,CC(C)=O,313.15,-0.171574871487592,-0.04661725461483002
CC(=O)N1CCC[C@H]1C(=O)O,CCCCCO,293.15,-0.283945380809162,-0.21124941110610962
CC(=O)N1CCC[C@H]1C(=O)O,CCC(C)=O,323.15,-0.201687778055198,-0.16889077425003052
CC(=O)N1CCC[C@H]1C(=O)O,CC#N,303.15,0.045830154911324,-0.1484304964542389
CC(=O)N1CCC[C@H]1C(=O)O,CCCCO,293.15,-0.164360553720079,-0.05925064906477928
CC(=O)N1CCC[C@H]1C(=O)O,ClCCl,293.15,0.010443146014356,-0.39505770802497864
CC(=O)N1CCC[C@H]1C(=O)O,CCC(C)O,293.15,-0.143024620193416,-0.10694573819637299
CC(=O)N1CCC[C@H]1C(=O)O,CC(C)CO,293.15,-0.128527701339887,-0.14462873339653015
CC(=O)N1CCC[C@H]1C(=O)O,C1COCCO1,313.15,-0.08152676393552,0.08999660611152649
CC(=O)N1CCC[C@H]1C(=O)O,CC(C)=O,323.15,-0.025912170154237,0.08061377704143524
CC(=O)N1CCC[C@H]1C(=O)O,CC(C)O,293.15,0.01463624324927,0.07988563179969788
CC(=O)N1CCC[C@H]1C(=O)O,O,323.15,0.640721444316659,0.27888697385787964
CC(=O)N1CCC[C@H]1C(=O)O,CCCCCO,303.15,-0.129199107165592,0.011999782174825668
CC(=O)N1CCC[C@H]1C(=O)O,CCO,283.15,0.14990933929717,0.20061348378658295
CC(=O)N1CCC[C@H]1C(=O)O,ClCCl,298.15,0.130187899577092,-0.28946632146835327
CC(=O)N1CCC[C@H]1C(=O)O,CCCCO,303.15,0.017288734610507,0.14623384177684784
CC(=O)N1CCC[C@H]1C(=O)O,CCC(C)O,303.15,0.03515293584603,0.13071277737617493
CC(=O)N1CCC[C@H]1C(=O)O,CCCO,283.15,0.157409787457599,-0.05386187881231308
CC(=O)N1CCC[C@H]1C(=O)O,ClCCl,303.15,0.225472138417511,-0.19732658565044403
CC(=O)N1CCC[C@H]1C(=O)O,CC(C)O,303.15,0.152666679593114,0.289365291595459
CC(=O)N1CCC[C@H]1C(=O)O,CC(C)CO,303.15,0.105822197137916,0.07378622889518738
CC(=O)N1CCC[C@H]1C(=O)O,CCO,293.15,0.328868745689332,0.36551764607429504
CC(=O)N1CCC[C@H]1C(=O)O,CCCCCO,313.15,0.054153137947806,0.21087895333766937
CC(=O)N1CCC[C@H]1C(=O)O,CO,283.15,0.542504997018237,0.5159053802490234
CC(=O)N1CCC[C@H]1C(=O)O,C1COCCO1,323.15,0.228196845505268,0.27157676219940186
CC(=O)N1CCC[C@H]1C(=O)O,CC#N,313.15,0.447195776084943,0.027745187282562256
CC(=O)N1CCC[C@H]1C(=O)O,CCC(C)O,313.15,0.210370336343672,0.3206111192703247
CC(=O)N1CCC[C@H]1C(=O)O,CCCCO,313.15,0.216264055852605,0.31703120470046997
CC(=O)N1CCC[C@H]1C(=O)O,CCCO,293.15,0.336712002898532,0.13033616542816162
CC(=O)N1CCC[C@H]1C(=O)O,CC(C)O,313.15,0.327942995567479,0.48540401458740234
CC(=O)N1CCC[C@H]1C(=O)O,CC(C)CO,313.15,0.258397892510601,0.2639804184436798
CC(=O)N1CCC[C@H]1C(=O)O,CCO,303.15,0.497375819262446,0.5271245241165161
CC(=O)N1CCC[C@H]1C(=O)O,CCCCCO,323.15,0.227345248374393,0.36610811948776245
CC(=O)N1CCC[C@H]1C(=O)O,CO,293.15,0.69130608111313,0.6769865155220032
CC(=O)N1CCC[C@H]1C(=O)O,CC(C)O,323.15,0.435350040899068,0.6405269503593445
CC(=O)N1CCC[C@H]1C(=O)O,CCC(C)O,323.15,0.389079800846966,0.46067357063293457
CC(=O)N1CCC[C@H]1C(=O)O,CCCO,303.15,0.505892443056741,0.3133699297904968
CC(=O)N1CCC[C@H]1C(=O)O,CCCCO,323.15,0.419511212425812,0.47224709391593933
CC(=O)N1CCC[C@H]1C(=O)O,CC(C)CO,323.15,0.420436133028338,0.4132310450077057
CC(=O)N1CCC[C@H]1C(=O)O,CO,303.15,0.811953745349755,0.8472488522529602
CC(=O)N1CCC[C@H]1C(=O)O,CCO,313.15,0.671144832833896,0.6869669556617737
CC(=O)N1CCC[C@H]1C(=O)O,CC#N,323.15,0.797530856656402,0.214177206158638
CC(=O)N1CCC[C@H]1C(=O)O,CCCO,313.15,0.680053801681716,0.49119505286216736
CC(=O)N1CCC[C@H]1C(=O)O,CCO,323.15,0.801390368344663,0.850863516330719
CC(=O)N1CCC[C@H]1C(=O)O,CO,313.15,0.997066783810717,1.004488468170166
CC(=O)N1CCC[C@H]1C(=O)O,CCCO,323.15,0.813682334950104,0.6439365148544312
CC(=O)N1CCC[C@H]1C(=O)O,CO,323.15,1.21126186544053,1.1463700532913208
Clc1cc(Cl)c(Cl)cc1Cl,O,278.15,-6.01212929938293,-3.3816335201263428
Clc1cc(Cl)c(Cl)cc1Cl,O,288.15,-5.82233676264986,-3.1488564014434814
Clc1cc(Cl)c(Cl)cc1Cl,O,298.15,-5.60755871181188,-2.9006259441375732
Clc1cc(Cl)c(Cl)cc1Cl,O,308.15,-5.46154819595087,-2.698385715484619
Clc1cc(Cl)c(Cl)cc1Cl,O,318.15,-5.27826871829959,-2.4911105632781982
Clc1ccc(Cl)cc1,O,278.15,-3.47762437984727,-2.2764933109283447
Clc1ccc(Cl)cc1,O,298.15,-3.25363624422036,-1.852766752243042
Clc1ccc(Cl)cc1,O,308.15,-3.14514435866249,-1.6609618663787842
Clc1ccc(Cl)cc1,O,288.15,-3.36492009965598,-2.071655511856079
Clc1ccc(Cl)cc1,O,318.15,-3.05031729680272,-1.4766578674316406
Cc1c(C(=O)O)cc([N+](=O)[O-])cc1[N+](=O)[O-],CC(C)CO,298.15,-1.04703006158125,-0.8737001419067383
Cc1c(C(=O)O)cc([N+](=O)[O-])cc1[N+](=O)[O-],CCCCCCCCCCO,298.15,-1.33124694025684,-1.2586838006973267
Cc1c(C(=O)O)cc([N+](=O)[O-])cc1[N+](=O)[O-],CC(C)CCO,298.15,-0.952011447432955,-0.9582774639129639
Cc1c(C(=O)O)cc([N+](=O)[O-])cc1[N+](=O)[O-],CCCCCCCCO,298.15,-1.09678226404819,-1.098499059677124
Cc1c(C(=O)O)cc([N+](=O)[O-])cc1[N+](=O)[O-],CCCCCCO,298.15,-0.96198628884178,-0.9726448655128479
Cc1c(C(=O)O)cc([N+](=O)[O-])cc1[N+](=O)[O-],CC(C)CC(C)O,298.15,-0.952539532141525,-1.0717402696609497
Cc1c(C(=O)O)cc([N+](=O)[O-])cc1[N+](=O)[O-],CC(C)(C)O,298.15,-0.812348070089276,-0.8350496888160706
Cc1c(C(=O)O)cc([N+](=O)[O-])cc1[N+](=O)[O-],CCCC(C)O,298.15,-0.852709709972356,-0.9509154558181763
Cc1c(C(=O)O)cc([N+](=O)[O-])cc1[N+](=O)[O-],CC(C)O,298.15,-0.698943546885025,-0.7205603122711182
Cc1c(C(=O)O)cc([N+](=O)[O-])cc1[N+](=O)[O-],CCCCO,298.15,-0.772680334341314,-0.8006820678710938
Cc1c(C(=O)O)cc([N+](=O)[O-])cc1[N+](=O)[O-],CCC(C)O,298.15,-0.77265559823962,-0.8424023389816284
Cc1c(C(=O)O)cc([N+](=O)[O-])cc1[N+](=O)[O-],CCCCCO,298.15,-0.813125525057814,-0.8944169282913208
Cc1c(C(=O)O)cc([N+](=O)[O-])cc1[N+](=O)[O-],CCCO,298.15,-0.647540691957312,-0.6636419296264648
Cc1c(C(=O)O)cc([N+](=O)[O-])cc1[N+](=O)[O-],CCCCCCCO,298.15,-0.919062211920803,-1.0355132818222046
Cc1c(C(=O)O)cc([N+](=O)[O-])cc1[N+](=O)[O-],CCCCCOC(C)=O,298.15,-0.759648162368421,-0.8809540271759033
Cc1c(C(=O)O)cc([N+](=O)[O-])cc1[N+](=O)[O-],CCCCOC(C)=O,298.15,-0.68924695868024,-0.7626859545707703
Cc1c(C(=O)O)cc([N+](=O)[O-])cc1[N+](=O)[O-],CCCOC(C)=O,298.15,-0.581977645341977,-0.6391845345497131
Cc1c(C(=O)O)cc([N+](=O)[O-])cc1[N+](=O)[O-],CCOC(C)=O,298.15,-0.474485475385511,-0.5081131458282471
Cc1c(C(=O)O)cc([N+](=O)[O-])cc1[N+](=O)[O-],COC(C)=O,298.15,-0.315321307781272,-0.4155239760875702
COc1ccccc1C(=O)O,CCOC(=O)OCC,298.15,-0.503434733995297,-0.713186502456665
Cc1cc(C(=O)O)ccc1[N+](=O)[O-],COC(=O)OC,298.15,-1.08245892276044,-0.8750407695770264
O=c1[nH]c(=O)[nH]c(=O)[nH]1,OCCO,308.25,-2.14793843350462,-1.1904414892196655
O=c1[nH]c(=O)[nH]c(=O)[nH]1,OCCO,318.05,-2.0400242764449,-1.0059226751327515
O=c1[nH]c(=O)[nH]c(=O)[nH]1,OCCO,324.45,-1.97053737800371,-0.9134004712104797
O=c1[nH]c(=O)[nH]c(=O)[nH]1,OCCO,329.05,-1.92193968392698,-0.8576682806015015
O=c1[nH]c(=O)[nH]c(=O)[nH]1,OCCO,331.15,-1.90079685112403,-0.826044499874115
O=c1[nH]c(=O)[nH]c(=O)[nH]1,OCCO,336.15,-1.84977291366707,-0.748724639415741
O=c1[nH]c(=O)[nH]c(=O)[nH]1,OCCO,338.85,-1.82247395543728,-0.7031514644622803
O=c1[nH]c(=O)[nH]c(=O)[nH]1,OCCO,345.55,-1.7577978354459,-0.6262887120246887
O=c1[nH]c(=O)[nH]c(=O)[nH]1,OCCO,348.24,-1.73259750444467,-0.6177990436553955
O=c1[nH]c(=O)[nH]c(=O)[nH]1,OCCO,351.45,-1.70139465656746,-0.6205180287361145
O=c1[nH]c(=O)[nH]c(=O)[nH]1,CN(C)C=O,307.07,-0.243165685625515,-0.8881748914718628
O=c1[nH]c(=O)[nH]c(=O)[nH]1,CN(C)C=O,310.61,-0.231777799143442,-0.8629127144813538
O=c1[nH]c(=O)[nH]c(=O)[nH]1,CN(C)C=O,314.84,-0.215475797761772,-0.8139504194259644
O=c1[nH]c(=O)[nH]c(=O)[nH]1,CN(C)C=O,319.71,-0.197950626026117,-0.7293021082878113
O=c1[nH]c(=O)[nH]c(=O)[nH]1,CN(C)C=O,324.55,-0.180740272475717,-0.6364617347717285
O=c1[nH]c(=O)[nH]c(=O)[nH]1,CN(C)C=O,329.55,-0.162793626028408,-0.543185830116272
O=c1[nH]c(=O)[nH]c(=O)[nH]1,CN(C)C=O,334.45,-0.141435098431569,-0.4643060863018036
O=c1[nH]c(=O)[nH]c(=O)[nH]1,CN(C)C=O,338.54,-0.126436528108872,-0.41182616353034973
O=c1[nH]c(=O)[nH]c(=O)[nH]1,CN(C)C=O,344.14,-0.105329422047805,-0.37594136595726013
O=c1[nH]c(=O)[nH]c(=O)[nH]1,CN(C)C=O,348.74,-0.079862511430664,-0.38122981786727905
O=c1[nH]c(=O)[nH]c(=O)[nH]1,CN(C)C=O,305.15,-2.16863997814774,-0.9047423601150513
O=c1[nH]c(=O)[nH]c(=O)[nH]1,CN(C)C=O,309.35,-2.08151696040491,-0.8729603290557861
O=c1[nH]c(=O)[nH]c(=O)[nH]1,CN(C)C=O,313.93,-1.9920618465042,-0.8271347880363464
O=c1[nH]c(=O)[nH]c(=O)[nH]1,CN(C)C=O,314.93,-1.97233551268001,-0.8125414848327637
O=c1[nH]c(=O)[nH]c(=O)[nH]1,CN(C)C=O,316.33,-1.9463061394836,-0.7898793816566467
O=c1[nH]c(=O)[nH]c(=O)[nH]1,CN(C)C=O,318.05,-1.91464695950693,-0.7600855827331543
O=c1[nH]c(=O)[nH]c(=O)[nH]1,CN(C)C=O,319.7,-1.88478801876489,-0.7294880747795105
O=c1[nH]c(=O)[nH]c(=O)[nH]1,CN(C)C=O,321.15,-1.85922936528343,-0.7019000053405762
O=c1[nH]c(=O)[nH]c(=O)[nH]1,CN(C)C=O,325.1,-1.79119524157181,-0.625554084777832
O=c1[nH]c(=O)[nH]c(=O)[nH]1,CN(C)C=O,328.97,-1.72762553941555,-0.5539783239364624
O=c1[nH]c(=O)[nH]c(=O)[nH]1,CN(C)C=O,334.3,-1.64514841785237,-0.4662396311759949
O=c1[nH]c(=O)[nH]c(=O)[nH]1,CN(C)C=O,337.46,-1.59815262891065,-0.4252324402332306
O=c1[nH]c(=O)[nH]c(=O)[nH]1,O=S1(=O)CCCC1,316.84,-1.68383374471318,0.46446365118026733
O=c1[nH]c(=O)[nH]c(=O)[nH]1,O=S1(=O)CCCC1,319.99,-1.64482288795532,0.5043536424636841
O=c1[nH]c(=O)[nH]c(=O)[nH]1,O=S1(=O)CCCC1,324.55,-1.5820024455575,0.5591736435890198
O=c1[nH]c(=O)[nH]c(=O)[nH]1,O=S1(=O)CCCC1,329.73,-1.5141698395209,0.624207079410553
O=c1[nH]c(=O)[nH]c(=O)[nH]1,O=S1(=O)CCCC1,336.34,-1.43723674119953,0.7020243406295776
O=c1[nH]c(=O)[nH]c(=O)[nH]1,O=S1(=O)CCCC1,340.84,-1.37695677673324,0.7364373207092285
O=c1[nH]c(=O)[nH]c(=O)[nH]1,O=S1(=O)CCCC1,346.14,-1.32635721856139,0.7465311884880066
O=c1[nH]c(=O)[nH]c(=O)[nH]1,O=S1(=O)CCCC1,350.04,-1.27809742411915,0.739423930644989
O=c1[nH]c(=O)[nH]c(=O)[nH]1,O=S1(=O)CCCC1,355.26,-1.23123758273518,0.714527428150177
O=c1[nH]c(=O)[nH]c(=O)[nH]1,O=S1(=O)CCCC1,360.96,-1.17405898321703,0.6669759750366211
O=c1[nH]c(=O)[nH]c(=O)[nH]1,CC(=O)N(C)C,314.35,-0.647287129957808,-1.124313235282898
O=c1[nH]c(=O)[nH]c(=O)[nH]1,CC(=O)N(C)C,318.85,-0.628858280637151,-1.0716407299041748
O=c1[nH]c(=O)[nH]c(=O)[nH]1,CC(=O)N(C)C,323.5,-0.60934602603459,-1.004225492477417
O=c1[nH]c(=O)[nH]c(=O)[nH]1,CC(=O)N(C)C,332.8,-0.567490493356066,-0.8817657828330994
O=c1[nH]c(=O)[nH]c(=O)[nH]1,CC(=O)N(C)C,335.65,-0.548060811010309,-0.8474411964416504
O=c1[nH]c(=O)[nH]c(=O)[nH]1,CC(=O)N(C)C,339.2,-0.527484336947889,-0.8009846806526184
O=c1[nH]c(=O)[nH]c(=O)[nH]1,CC(=O)N(C)C,344.82,-0.497859372566758,-0.7475727796554565
O=c1[nH]c(=O)[nH]c(=O)[nH]1,CC(=O)N(C)C,349.61,-0.470820013663786,-0.7362433075904846
O=c1[nH]c(=O)[nH]c(=O)[nH]1,CC(=O)N(C)C,353.9,-0.445028663666058,-0.7415462732315063
O=c1[nH]c(=O)[nH]c(=O)[nH]1,CC(=O)N(C)C,358.95,-0.419149489514296,-0.7685014605522156
O=c1[nH]c(=O)[nH]c(=O)[nH]1,CC(=O)N(C)C,301.07,-1.75907936151625,-1.1860475540161133
O=c1[nH]c(=O)[nH]c(=O)[nH]1,CC(=O)N(C)C,304.98,-1.71897859971335,-1.1720008850097656
O=c1[nH]c(=O)[nH]c(=O)[nH]1,CC(=O)N(C)C,308.2,-1.67821288721151,-1.1596786975860596
O=c1[nH]c(=O)[nH]c(=O)[nH]1,CC(=O)N(C)C,311.0,-1.64433107077891,-1.1452715396881104
O=c1[nH]c(=O)[nH]c(=O)[nH]1,CC(=O)N(C)C,314.13,-1.60820486079465,-1.1259475946426392
O=c1[nH]c(=O)[nH]c(=O)[nH]1,CC(=O)N(C)C,317.3,-1.57307648491247,-1.0939970016479492
O=c1[nH]c(=O)[nH]c(=O)[nH]1,CC(=O)N(C)C,321.95,-1.52421298315693,-1.0254557132720947
O=c1[nH]c(=O)[nH]c(=O)[nH]1,CC(=O)N(C)C,327.37,-1.47080187054093,-0.9526677131652832
O=c1[nH]c(=O)[nH]c(=O)[nH]1,CC(=O)N(C)C,330.94,-1.43787522234311,-0.9066973328590393
O=c1[nH]c(=O)[nH]c(=O)[nH]1,CC(=O)N(C)C,337.75,-1.37978303637956,-0.820496141910553
O=c1[nH]c(=O)[nH]c(=O)[nH]1,CC(=O)N(C)C,343.45,-1.33591342794818,-0.7568010091781616
O=c1[nH]c(=O)[nH]c(=O)[nH]1,OC1CCCCC1,312.45,-2.65507516719304,-3.1476542949676514
O=c1[nH]c(=O)[nH]c(=O)[nH]1,OC1CCCCC1,316.75,-2.57581222849412,-3.0851454734802246
O=c1[nH]c(=O)[nH]c(=O)[nH]1,OC1CCCCC1,320.25,-2.50623343645874,-3.0414552688598633
O=c1[nH]c(=O)[nH]c(=O)[nH]1,OC1CCCCC1,325.8,-2.4120108179233,-2.9932076930999756
O=c1[nH]c(=O)[nH]c(=O)[nH]1,OC1CCCCC1,330.85,-2.29752393358383,-2.946218729019165
O=c1[nH]c(=O)[nH]c(=O)[nH]1,OC1CCCCC1,337.15,-2.17527826722345,-2.8662359714508057
O=c1[nH]c(=O)[nH]c(=O)[nH]1,OC1CCCCC1,344.25,-2.07471530658745,-2.726546287536621
O=c1[nH]c(=O)[nH]c(=O)[nH]1,OC1CCCCC1,351.5,-1.96918719428644,-2.663283109664917
O=c1[nH]c(=O)[nH]c(=O)[nH]1,OC1CCCCC1,355.15,-1.92637084603159,-2.6740190982818604
O=c1[nH]c(=O)[nH]c(=O)[nH]1,OC1CCCCC1,358.65,-1.88215084017553,-2.714218854904175
O=c1[nH]c(=O)[nH]c(=O)[nH]1,NC=O,312.37,-1.23628963973188,-0.7393184900283813
O=c1[nH]c(=O)[nH]c(=O)[nH]1,NC=O,322.17,-1.1152710338789,-0.6356668472290039
O=c1[nH]c(=O)[nH]c(=O)[nH]1,NC=O,326.16,-1.07026530500477,-0.6005862951278687
O=c1[nH]c(=O)[nH]c(=O)[nH]1,NC=O,328.9,-1.04094170121047,-0.5780220627784729
O=c1[nH]c(=O)[nH]c(=O)[nH]1,NC=O,333.48,-0.995494673896081,-0.536811351776123
O=c1[nH]c(=O)[nH]c(=O)[nH]1,NC=O,335.5,-0.966514584714827,-0.5203430652618408
O=c1[nH]c(=O)[nH]c(=O)[nH]1,NC=O,337.9,-0.938339206150729,-0.5016118288040161
O=c1[nH]c(=O)[nH]c(=O)[nH]1,NC=O,342.14,-0.886737009645239,-0.4766261875629425
O=c1[nH]c(=O)[nH]c(=O)[nH]1,NC=O,344.46,-0.860485571957518,-0.4716508686542511
O=c1[nH]c(=O)[nH]c(=O)[nH]1,NC=O,346.7,-0.836942732568086,-0.4722808301448822
c1ccc(-n2c(-c3cc(-c4nc5ccccc5n4-c4ccccc4)cc(-c4nc5ccccc5n4-c4ccccc4)c3)nc3ccccc32)cc1,CC#N,283.15,-2.65688672945198,-3.3236069679260254
c1ccc(-n2c(-c3cc(-c4nc5ccccc5n4-c4ccccc4)cc(-c4nc5ccccc5n4-c4ccccc4)c3)nc3ccccc32)cc1,CC#N,293.15,-2.58837314212737,-3.1495139598846436
c1ccc(-n2c(-c3cc(-c4nc5ccccc5n4-c4ccccc4)cc(-c4nc5ccccc5n4-c4ccccc4)c3)nc3ccccc32)cc1,CC#N,303.15,-2.55224171178483,-2.9809510707855225
c1ccc(-n2c(-c3cc(-c4nc5ccccc5n4-c4ccccc4)cc(-c4nc5ccccc5n4-c4ccccc4)c3)nc3ccccc32)cc1,CC#N,313.15,-2.45712135879511,-2.792621612548828
c1ccc(-n2c(-c3cc(-c4nc5ccccc5n4-c4ccccc4)cc(-c4nc5ccccc5n4-c4ccccc4)c3)nc3ccccc32)cc1,CC#N,323.15,-2.37222392445388,-2.5833206176757812
c1ccc(-n2c(-c3cc(-c4nc5ccccc5n4-c4ccccc4)cc(-c4nc5ccccc5n4-c4ccccc4)c3)nc3ccccc32)cc1,CCO,283.15,-2.20843558644132,-3.188544511795044
c1ccc(-n2c(-c3cc(-c4nc5ccccc5n4-c4ccccc4)cc(-c4nc5ccccc5n4-c4ccccc4)c3)nc3ccccc32)cc1,CCO,293.15,-2.12529456361952,-3.009742498397827
c1ccc(-n2c(-c3cc(-c4nc5ccccc5n4-c4ccccc4)cc(-c4nc5ccccc5n4-c4ccccc4)c3)nc3ccccc32)cc1,CCO,303.15,-2.03648962043325,-2.823403835296631
c1ccc(-n2c(-c3cc(-c4nc5ccccc5n4-c4ccccc4)cc(-c4nc5ccccc5n4-c4ccccc4)c3)nc3ccccc32)cc1,CCO,313.15,-1.92025526435282,-2.6260690689086914
c1ccc(-n2c(-c3cc(-c4nc5ccccc5n4-c4ccccc4)cc(-c4nc5ccccc5n4-c4ccccc4)c3)nc3ccccc32)cc1,CCO,323.15,-1.81347380450893,-2.4445698261260986
c1ccc(-n2c(-c3cc(-c4nc5ccccc5n4-c4ccccc4)cc(-c4nc5ccccc5n4-c4ccccc4)c3)nc3ccccc32)cc1,CS(C)=O,293.15,-1.77471542392984,-2.611128091812134
c1ccc(-n2c(-c3cc(-c4nc5ccccc5n4-c4ccccc4)cc(-c4nc5ccccc5n4-c4ccccc4)c3)nc3ccccc32)cc1,CS(C)=O,303.15,-1.67114627592496,-2.444519519805908
c1ccc(-n2c(-c3cc(-c4nc5ccccc5n4-c4ccccc4)cc(-c4nc5ccccc5n4-c4ccccc4)c3)nc3ccccc32)cc1,CS(C)=O,313.15,-1.49884460289522,-2.285503625869751
c1ccc(-n2c(-c3cc(-c4nc5ccccc5n4-c4ccccc4)cc(-c4nc5ccccc5n4-c4ccccc4)c3)nc3ccccc32)cc1,CS(C)=O,323.15,-1.38025196993589,-2.120187759399414
c1ccc(-n2c(-c3cc(-c4nc5ccccc5n4-c4ccccc4)cc(-c4nc5ccccc5n4-c4ccccc4)c3)nc3ccccc32)cc1,CC(C)O,283.15,-3.83280688045807,-3.3329715728759766
c1ccc(-n2c(-c3cc(-c4nc5ccccc5n4-c4ccccc4)cc(-c4nc5ccccc5n4-c4ccccc4)c3)nc3ccccc32)cc1,CC(C)O,293.15,-3.54467885016688,-3.1348040103912354
c1ccc(-n2c(-c3cc(-c4nc5ccccc5n4-c4ccccc4)cc(-c4nc5ccccc5n4-c4ccccc4)c3)nc3ccccc32)cc1,CC(C)O,303.15,-3.4052595523712,-2.94376540184021
c1ccc(-n2c(-c3cc(-c4nc5ccccc5n4-c4ccccc4)cc(-c4nc5ccccc5n4-c4ccccc4)c3)nc3ccccc32)cc1,CC(C)O,313.15,-3.2390100085015,-2.7670273780822754
c1ccc(-n2c(-c3cc(-c4nc5ccccc5n4-c4ccccc4)cc(-c4nc5ccccc5n4-c4ccccc4)c3)nc3ccccc32)cc1,CC(C)O,323.15,-3.06070726291455,-2.588768482208252
c1ccc(-n2c(-c3cc(-c4nc5ccccc5n4-c4ccccc4)cc(-c4nc5ccccc5n4-c4ccccc4)c3)nc3ccccc32)cc1,CCCCO,283.15,-1.88848416863746,-2.9323391914367676
c1ccc(-n2c(-c3cc(-c4nc5ccccc5n4-c4ccccc4)cc(-c4nc5ccccc5n4-c4ccccc4)c3)nc3ccccc32)cc1,CCCCO,293.15,-1.84016236594666,-2.7457659244537354
c1ccc(-n2c(-c3cc(-c4nc5ccccc5n4-c4ccccc4)cc(-c4nc5ccccc5n4-c4ccccc4)c3)nc3ccccc32)cc1,CCCCO,303.15,-1.77456780703854,-2.5662903785705566
c1ccc(-n2c(-c3cc(-c4nc5ccccc5n4-c4ccccc4)cc(-c4nc5ccccc5n4-c4ccccc4)c3)nc3ccccc32)cc1,CCCCO,313.15,-1.74654028519307,-2.3891451358795166
c1ccc(-n2c(-c3cc(-c4nc5ccccc5n4-c4ccccc4)cc(-c4nc5ccccc5n4-c4ccccc4)c3)nc3ccccc32)cc1,CCCCO,323.15,-3.69122726075973,-2.2241835594177246
c1ccc(-n2c(-c3cc(-c4nc5ccccc5n4-c4ccccc4)cc(-c4nc5ccccc5n4-c4ccccc4)c3)nc3ccccc32)cc1,C1CCOC1,283.15,-1.7024114769052,-1.7500221729278564
c1ccc(-n2c(-c3cc(-c4nc5ccccc5n4-c4ccccc4)cc(-c4nc5ccccc5n4-c4ccccc4)c3)nc3ccccc32)cc1,C1CCOC1,293.15,-1.60352612869563,-1.6307944059371948
c1ccc(-n2c(-c3cc(-c4nc5ccccc5n4-c4ccccc4)cc(-c4nc5ccccc5n4-c4ccccc4)c3)nc3ccccc32)cc1,C1CCOC1,303.15,-1.47144116572423,-1.5165477991104126
c1ccc(-n2c(-c3cc(-c4nc5ccccc5n4-c4ccccc4)cc(-c4nc5ccccc5n4-c4ccccc4)c3)nc3ccccc32)cc1,C1CCOC1,313.15,-1.2955458400404,-1.3892909288406372
c1ccc(-n2c(-c3cc(-c4nc5ccccc5n4-c4ccccc4)cc(-c4nc5ccccc5n4-c4ccccc4)c3)nc3ccccc32)cc1,C1CCOC1,323.15,-1.27011736863555,-1.2524371147155762
c1ccc(-n2c(-c3cc(-c4nc5ccccc5n4-c4ccccc4)cc(-c4nc5ccccc5n4-c4ccccc4)c3)nc3ccccc32)cc1,CCOC(C)=O,283.15,-2.13263468416274,-2.6862289905548096
c1ccc(-n2c(-c3cc(-c4nc5ccccc5n4-c4ccccc4)cc(-c4nc5ccccc5n4-c4ccccc4)c3)nc3ccccc32)cc1,CCOC(C)=O,293.15,-2.09960032028111,-2.539410352706909
c1ccc(-n2c(-c3cc(-c4nc5ccccc5n4-c4ccccc4)cc(-c4nc5ccccc5n4-c4ccccc4)c3)nc3ccccc32)cc1,CCOC(C)=O,303.15,-2.03142899940848,-2.4117586612701416
c1ccc(-n2c(-c3cc(-c4nc5ccccc5n4-c4ccccc4)cc(-c4nc5ccccc5n4-c4ccccc4)c3)nc3ccccc32)cc1,CCOC(C)=O,313.15,-1.92230653043184,-2.253876209259033
c1ccc(-n2c(-c3cc(-c4nc5ccccc5n4-c4ccccc4)cc(-c4nc5ccccc5n4-c4ccccc4)c3)nc3ccccc32)cc1,CCOC(C)=O,323.15,-1.76683657887835,-2.0594677925109863
c1ccc(-n2c(-c3cc(-c4nc5ccccc5n4-c4ccccc4)cc(-c4nc5ccccc5n4-c4ccccc4)c3)nc3ccccc32)cc1,C1CCCCC1,283.15,-5.71452531402377,-5.3665971755981445
c1ccc(-n2c(-c3cc(-c4nc5ccccc5n4-c4ccccc4)cc(-c4nc5ccccc5n4-c4ccccc4)c3)nc3ccccc32)cc1,C1CCCCC1,293.15,-5.46061737906105,-5.201172828674316
c1ccc(-n2c(-c3cc(-c4nc5ccccc5n4-c4ccccc4)cc(-c4nc5ccccc5n4-c4ccccc4)c3)nc3ccccc32)cc1,C1CCCCC1,303.15,-5.26420235036988,-5.050746440887451
c1ccc(-n2c(-c3cc(-c4nc5ccccc5n4-c4ccccc4)cc(-c4nc5ccccc5n4-c4ccccc4)c3)nc3ccccc32)cc1,C1CCCCC1,313.15,-4.99102056941818,-4.880191326141357
c1ccc(-n2c(-c3cc(-c4nc5ccccc5n4-c4ccccc4)cc(-c4nc5ccccc5n4-c4ccccc4)c3)nc3ccccc32)cc1,C1CCCCC1,323.15,-4.77317691585189,-4.705770492553711
c1ccc(-n2c(-c3cc(-c4nc5ccccc5n4-c4ccccc4)cc(-c4nc5ccccc5n4-c4ccccc4)c3)nc3ccccc32)cc1,CCCCCC,283.15,-4.52251670618262,-5.448774337768555
c1ccc(-n2c(-c3cc(-c4nc5ccccc5n4-c4ccccc4)cc(-c4nc5ccccc5n4-c4ccccc4)c3)nc3ccccc32)cc1,CCCCCC,293.15,-4.35390617338416,-5.276246070861816
c1ccc(-n2c(-c3cc(-c4nc5ccccc5n4-c4ccccc4)cc(-c4nc5ccccc5n4-c4ccccc4)c3)nc3ccccc32)cc1,CCCCCC,303.15,-4.14302943229496,-5.121486186981201
c1ccc(-n2c(-c3cc(-c4nc5ccccc5n4-c4ccccc4)cc(-c4nc5ccccc5n4-c4ccccc4)c3)nc3ccccc32)cc1,CCCCCC,313.15,-3.96315709731742,-4.957699298858643
c1ccc(-n2c(-c3cc(-c4nc5ccccc5n4-c4ccccc4)cc(-c4nc5ccccc5n4-c4ccccc4)c3)nc3ccccc32)cc1,CCCCCC,323.15,-3.78814345542933,-4.810543060302734
c1ccc(-n2c(-c3cc(-c4nc5ccccc5n4-c4ccccc4)cc(-c4nc5ccccc5n4-c4ccccc4)c3)nc3ccccc32)cc1,Clc1ccccc1,293.15,-1.1500544155056,-1.5358060598373413
c1ccc(-n2c(-c3cc(-c4nc5ccccc5n4-c4ccccc4)cc(-c4nc5ccccc5n4-c4ccccc4)c3)nc3ccccc32)cc1,Clc1ccccc1,303.15,-1.0728385293271,-1.382788062095642
c1ccc(-n2c(-c3cc(-c4nc5ccccc5n4-c4ccccc4)cc(-c4nc5ccccc5n4-c4ccccc4)c3)nc3ccccc32)cc1,Clc1ccccc1,313.15,-1.03194089081907,-1.2199277877807617
c1ccc(-n2c(-c3cc(-c4nc5ccccc5n4-c4ccccc4)cc(-c4nc5ccccc5n4-c4ccccc4)c3)nc3ccccc32)cc1,Clc1ccccc1,323.15,-0.962150186763702,-1.0679404735565186
c1ccc(-n2c(-c3cc(-c4nc5ccccc5n4-c4ccccc4)cc(-c4nc5ccccc5n4-c4ccccc4)c3)nc3ccccc32)cc1,CO,283.15,-2.2286417647724,-3.172539472579956
c1ccc(-n2c(-c3cc(-c4nc5ccccc5n4-c4ccccc4)cc(-c4nc5ccccc5n4-c4ccccc4)c3)nc3ccccc32)cc1,CO,293.15,-2.1933133372222,-3.0079433917999268
c1ccc(-n2c(-c3cc(-c4nc5ccccc5n4-c4ccccc4)cc(-c4nc5ccccc5n4-c4ccccc4)c3)nc3ccccc32)cc1,CO,303.15,-2.14919770219704,-2.8278400897979736
c1ccc(-n2c(-c3cc(-c4nc5ccccc5n4-c4ccccc4)cc(-c4nc5ccccc5n4-c4ccccc4)c3)nc3ccccc32)cc1,CO,313.15,-2.12989710928502,-2.640561103820801
c1ccc(-n2c(-c3cc(-c4nc5ccccc5n4-c4ccccc4)cc(-c4nc5ccccc5n4-c4ccccc4)c3)nc3ccccc32)cc1,CO,323.15,-2.06491312363266,-2.465265989303589
c1ccc(-n2c(-c3cc(-c4nc5ccccc5n4-c4ccccc4)cc(-c4nc5ccccc5n4-c4ccccc4)c3)nc3ccccc32)cc1,ClC(Cl)Cl,283.15,-1.00839563824674,-1.2759959697723389
c1ccc(-n2c(-c3cc(-c4nc5ccccc5n4-c4ccccc4)cc(-c4nc5ccccc5n4-c4ccccc4)c3)nc3ccccc32)cc1,ClC(Cl)Cl,293.15,-0.971452320284954,-1.1396868228912354
c1ccc(-n2c(-c3cc(-c4nc5ccccc5n4-c4ccccc4)cc(-c4nc5ccccc5n4-c4ccccc4)c3)nc3ccccc32)cc1,ClC(Cl)Cl,303.15,-0.936426938731638,-1.033077597618103
c1ccc(-n2c(-c3cc(-c4nc5ccccc5n4-c4ccccc4)cc(-c4nc5ccccc5n4-c4ccccc4)c3)nc3ccccc32)cc1,ClC(Cl)Cl,313.15,-0.905405882317721,-0.9079229235649109
c1ccc(-n2c(-c3cc(-c4nc5ccccc5n4-c4ccccc4)cc(-c4nc5ccccc5n4-c4ccccc4)c3)nc3ccccc32)cc1,ClC(Cl)Cl,323.15,-0.857482497612422,-0.7767401337623596
Cc1cccc2c1sc1c(C)cccc12,O,313.2,-6.75789,-3.408848762512207
Cc1cccc2c1sc1c(C)cccc12,O,333.2,-6.1695,-2.9895732402801514
Cc1cccc2c1sc1c(C)cccc12,O,353.2,-5.61387,-2.600221633911133
Cc1cccc2c1sc1c(C)cccc12,O,373.2,-4.97778,-3.0993354320526123
Cc1cccc2c1sc1c(C)cccc12,O,393.2,-4.4337,-3.1856367588043213
Cc1cccc2c1sc1c(C)cccc12,O,413.2,-3.84983,-3.1858901977539062
Cc1cccc2c1sc1c(C)cccc12,O,423.2,-3.58614,-3.185889959335327
Cc1c2ccccc2c(C)c2ccccc12,O,273.45,-7.83553,-2.9579758644104004
Cc1c2ccccc2c(C)c2ccccc12,O,278.15,-7.73203,-2.901230812072754
Cc1c2ccccc2c(C)c2ccccc12,O,283.15,-7.58656,-2.836209774017334
Cc1c2ccccc2c(C)c2ccccc12,O,288.15,-7.47024,-2.7714879512786865
Cc1c2ccccc2c(C)c2ccccc12,O,293.15,-7.34468,-2.6971089839935303
Cc1c2ccccc2c(C)c2ccccc12,O,298.15,-7.20351,-2.6247875690460205
Cc1c2ccccc2c(C)c2ccccc12,O,303.15,-7.04459,-2.550746440887451
Cc1c2ccccc2c(C)c2ccccc12,O,308.15,-6.9127,-2.483717441558838
Cc1c2ccccc2c(C)c2ccccc12,O,313.15,-6.76879,-2.4053173065185547
Cc1c2ccccc2c(C)c2ccccc12,O,318.15,-6.61426,-2.322115659713745
Cc1c2ccccc2c(C)c2ccccc12,O,323.15,-6.45197,-2.2412517070770264
Cc1c2ccccc2c(C)c2ccccc12,O,313.2,-6.7444,-2.4045238494873047
Cc1c2ccccc2c(C)c2ccccc12,O,333.2,-6.23354,-2.054720640182495
Cc1c2ccccc2c(C)c2ccccc12,O,353.2,-5.65526,-1.6772276163101196
Cc1c2ccccc2c(C)c2ccccc12,O,373.2,-5.13456,-2.0581161975860596
Cc1c2ccccc2c(C)c2ccccc12,O,393.2,-4.58117,-2.1345129013061523
Cc1c2ccccc2c(C)c2ccccc12,O,413.2,-4.06088,-2.134748697280884
Cc1c2ccccc2c(C)c2ccccc12,O,433.2,-3.57958,-2.1347482204437256
Cc1c2ccccc2c(C)c2ccccc12,O,448.2,-3.21554,-2.134748935699463
c1ccc2cc3c(ccc4ccccc43)cc2c1,O,298.15,-7.21199,-2.5497562885284424
c1ccc2cc3c(ccc4ccccc43)cc2c1,O,313.0,-6.73132,-2.246856451034546
c1ccc2cc3c(ccc4ccccc43)cc2c1,O,333.0,-6.33867,-1.8850314617156982
c1ccc2cc3c(ccc4ccccc43)cc2c1,O,353.0,-5.79822,-1.6186041831970215
c1ccc2cc3c(ccc4ccccc43)cc2c1,O,373.0,-5.22111,-2.0356197357177734
c1ccc2cc3c(ccc4ccccc43)cc2c1,O,393.0,-4.66493,-2.115689992904663
c1ccc2cc3c(ccc4ccccc43)cc2c1,O,413.0,-4.08968,-2.1159486770629883
c1ccc2cc3c(ccc4ccccc43)cc2c1,O,423.0,-3.82657,-2.115948438644409
C[C@]12C=CC(=O)C=C1CC[C@@H]1[C@@H]2[C@@H](O)C[C@@]2(C)[C@H]1CC[C@]2(O)C(=O)CO,O,298.15,-3.2241,-3.2149150371551514
C[C@]12C=CC(=O)C=C1CC[C@@H]1[C@@H]2[C@@H](O)C[C@@]2(C)[C@H]1CC[C@]2(O)C(=O)CO,O,298.2,-3.12148,-3.214226484298706
C[C@]12C=CC(=O)C=C1CC[C@@H]1[C@@H]2[C@@H](O)C[C@@]2(C)[C@H]1CC[C@]2(O)C(=O)CO,O,383.15,-2.07,-2.8809382915496826
C[C@]12C=CC(=O)C=C1CC[C@@H]1[C@@H]2[C@@H](O)C[C@@]2(C)[C@H]1CC[C@]2(O)C(=O)CO,O,393.15,-1.92546,-2.8861279487609863
C[C@]12C=CC(=O)C=C1CC[C@@H]1[C@@H]2[C@@H](O)C[C@@]2(C)[C@H]1CC[C@]2(O)C(=O)CO,O,403.15,-1.69207,-2.8863112926483154
C[C@]12C=CC(=O)C=C1CC[C@@H]1[C@@H]2[C@@H](O)C[C@@]2(C)[C@H]1CC[C@]2(O)C(=O)CO,O,413.15,-1.45553,-2.8863136768341064
C[C@]12C=CC(=O)C=C1CC[C@@H]1[C@@H]2[C@@H](O)C[C@@]2(C)[C@H]1CC[C@]2(O)C(=O)CO,O,423.15,-1.14195,-2.8863139152526855
C[C@]12C=CC(=O)C=C1CC[C@@H]1[C@@H]2[C@@H](O)C[C@@]2(C)[C@H]1CC[C@]2(O)C(=O)CO,O,433.15,-0.85836,-2.8863141536712646
C[C@]12C=CC(=O)C=C1CC[C@@H]1[C@@H]2[C@@H](O)C[C@@]2(C)[C@H]1CC[C@]2(O)C(=O)CO,O,443.15,-0.53545,-2.8863143920898438
Oc1c2cccc1Cc1cccc(c1O)Cc1cccc(c1O)Cc1cccc(c1O)Cc1cccc(c1O)Cc1cccc(c1O)C2,O,433.2,-4.35137,-3.1776928901672363
Oc1c2cccc1Cc1cccc(c1O)Cc1cccc(c1O)Cc1cccc(c1O)Cc1cccc(c1O)Cc1cccc(c1O)C2,O,453.2,-3.97486,-3.177692413330078
Oc1c2cccc1Cc1cccc(c1O)Cc1cccc(c1O)Cc1cccc(c1O)Cc1cccc(c1O)Cc1cccc(c1O)C2,O,473.2,-3.64193,-3.17769193649292
Oc1c2cccc1Cc1cccc(c1O)Cc1cccc(c1O)Cc1cccc(c1O)Cc1cccc(c1O)Cc1cccc(c1O)C2,O,493.2,-3.23562,-3.1776914596557617
Oc1c2cccc1Cc1cccc(c1O)Cc1cccc(c1O)Cc1cccc(c1O)Cc1cccc(c1O)Cc1cccc(c1O)C2,O,513.2,-2.89029,-3.17769193649292
Oc1c2cccc1Cc1cccc(c1O)Cc1cccc(c1O)Cc1cccc(c1O)Cc1cccc(c1O)Cc1cccc(c1O)C2,O,533.2,-2.58514,-3.177692413330078
CC(C)Nc1nc(Cl)nc(NC(C)C)n1,O,298.0,-6.4572,-2.8452372550964355
CC(C)Nc1nc(Cl)nc(NC(C)C)n1,O,323.0,-6.12406,-2.4173152446746826
CC(C)Nc1nc(Cl)nc(NC(C)C)n1,O,373.0,-5.24888,-2.3514156341552734
CC(C)Nc1nc(Cl)nc(NC(C)C)n1,O,423.0,-3.88963,-2.4278485774993896
CC(C)Nc1nc(Cl)nc(NC(C)C)n1,O,473.0,-2.89311,-2.4278488159179688
O=c1[nH]c(=O)[nH]c(=O)[nH]1,CC(O)CO,305.11,-1.27071,-1.874952793121338
O=c1[nH]c(=O)[nH]c(=O)[nH]1,CC(O)CO,310.75,-1.22029,-1.7404720783233643
O=c1[nH]c(=O)[nH]c(=O)[nH]1,CC(O)CO,316.8,-1.17427,-1.609823226928711
O=c1[nH]c(=O)[nH]c(=O)[nH]1,CC(O)CO,326.83,-1.10071,-1.4419962167739868
O=c1[nH]c(=O)[nH]c(=O)[nH]1,CC(O)CO,333.85,-1.04296,-1.3426945209503174
O=c1[nH]c(=O)[nH]c(=O)[nH]1,CC(O)CO,340.55,-1.00972,-1.2029258012771606
O=c1[nH]c(=O)[nH]c(=O)[nH]1,CC(O)CO,346.05,-0.96627,-1.1182814836502075
O=c1[nH]c(=O)[nH]c(=O)[nH]1,CC(O)CO,351.6,-0.93841,-1.0860377550125122
O=c1[nH]c(=O)[nH]c(=O)[nH]1,CC(O)CO,358.14,-0.9018,-1.1188081502914429
O=c1[nH]c(=O)[nH]c(=O)[nH]1,CC(O)CO,369.45,-0.84511,-1.3678514957427979
O=c1c2ccccc2sc2ccccc12,C1COCCO1,298.15,-1.1350747656091,-1.117129921913147
O=c1c2ccccc2sc2ccccc12,C1CCOC1,298.15,-0.939596159355037,-0.9604568481445312
O=C(O)c1ccc([N+](=O)[O-])cc1,CCCOCCO,298.15,-0.653353339293784,-0.3569639027118683
O=C(O)c1ccc([N+](=O)[O-])cc1,CCCCOCCO,298.15,-0.70906971409327,-0.5404608249664307
O=C(O)c1ccc([N+](=O)[O-])cc1,COC(C)CCO,298.15,-0.621708728148482,-0.3569639325141907
O=C(O)c1ccc([N+](=O)[O-])cc1,CC(C)OCCO,298.15,-0.600610357778858,-0.714847207069397
O=C(O)c1ccc([N+](=O)[O-])cc1,CCOCCO,298.15,-0.495792203491257,-0.25525736808776855
O=C(O)c1ccc([N+](=O)[O-])cc1,CC(O)COC(C)(C)C,298.15,-0.654591643752229,-1.2399953603744507
Cc1nc2n(c(=O)c1CCN1CCC(c3noc4cc(F)ccc34)CC1)CCCC2,CCO,313.15,-1.15552011110427,-1.0762335062026978
Cc1nc2n(c(=O)c1CCN1CCC(c3noc4cc(F)ccc34)CC1)CCCC2,CCOC(C)=O,288.15,-1.7630821410807,-1.915955662727356
Cc1nc2n(c(=O)c1CCN1CCC(c3noc4cc(F)ccc34)CC1)CCCC2,CCCO,298.15,-1.38943496500197,-1.34414803981781
Cc1nc2n(c(=O)c1CCN1CCC(c3noc4cc(F)ccc34)CC1)CCCC2,CC(C)O,323.15,-1.24558471265391,-1.1398838758468628
Cc1nc2n(c(=O)c1CCN1CCC(c3noc4cc(F)ccc34)CC1)CCCC2,CCOC(C)=O,313.15,-1.40105205530663,-1.5640486478805542
Cc1nc2n(c(=O)c1CCN1CCC(c3noc4cc(F)ccc34)CC1)CCCC2,CCO,298.15,-1.46448526429402,-1.3422383069992065
Cc1nc2n(c(=O)c1CCN1CCC(c3noc4cc(F)ccc34)CC1)CCCC2,CO,293.15,-1.08876121844517,-0.9873319268226624
Cc1nc2n(c(=O)c1CCN1CCC(c3noc4cc(F)ccc34)CC1)CCCC2,CCCO,293.15,-1.49633564398116,-1.446527361869812
Cc1nc2n(c(=O)c1CCN1CCC(c3noc4cc(F)ccc34)CC1)CCCC2,CCCCO,303.15,-1.31753677191653,-1.2146072387695312
Cc1nc2n(c(=O)c1CCN1CCC(c3noc4cc(F)ccc34)CC1)CCCC2,CCOC(C)=O,303.15,-1.57532061000845,-1.704452395439148
Cc1nc2n(c(=O)c1CCN1CCC(c3noc4cc(F)ccc34)CC1)CCCC2,CC(C)=O,298.15,-1.62463328424958,-1.6494802236557007
Cc1nc2n(c(=O)c1CCN1CCC(c3noc4cc(F)ccc34)CC1)CCCC2,CCCO,303.15,-1.29507149198404,-1.245415449142456
Cc1nc2n(c(=O)c1CCN1CCC(c3noc4cc(F)ccc34)CC1)CCCC2,Cc1ccccc1,288.15,-1.30468960057971,-1.4579778909683228
Cc1nc2n(c(=O)c1CCN1CCC(c3noc4cc(F)ccc34)CC1)CCCC2,CCO,323.15,-0.949755828093003,-0.8899908661842346
Cc1nc2n(c(=O)c1CCN1CCC(c3noc4cc(F)ccc34)CC1)CCCC2,CCCO,278.15,-1.72333815013963,-1.755686640739441
Cc1nc2n(c(=O)c1CCN1CCC(c3noc4cc(F)ccc34)CC1)CCCC2,CC(C)=O,293.15,-1.7094701112567,-1.748741865158081
Cc1nc2n(c(=O)c1CCN1CCC(c3noc4cc(F)ccc34)CC1)CCCC2,CO,283.15,-1.2389284095371,-1.1329542398452759
Cc1nc2n(c(=O)c1CCN1CCC(c3noc4cc(F)ccc34)CC1)CCCC2,CCO,303.15,-1.375194289498,-1.2560310363769531
Cc1nc2n(c(=O)c1CCN1CCC(c3noc4cc(F)ccc34)CC1)CCCC2,CCCCO,298.15,-1.4193367850072,-1.31850266456604
Cc1nc2n(c(=O)c1CCN1CCC(c3noc4cc(F)ccc34)CC1)CCCC2,CC(C)c1ccccc1,298.15,-1.72893366471679,-1.5546891689300537
Cc1nc2n(c(=O)c1CCN1CCC(c3noc4cc(F)ccc34)CC1)CCCC2,CO,303.15,-0.922072521578624,-0.8432143330574036
Cc1nc2n(c(=O)c1CCN1CCC(c3noc4cc(F)ccc34)CC1)CCCC2,CC(C)=O,323.15,-1.17724649805903,-1.195143461227417
Cc1nc2n(c(=O)c1CCN1CCC(c3noc4cc(F)ccc34)CC1)CCCC2,CC(C)=O,303.15,-1.53014471509665,-1.5502896308898926
Cc1nc2n(c(=O)c1CCN1CCC(c3noc4cc(F)ccc34)CC1)CCCC2,CO,313.15,-0.727321099821243,-0.6822503209114075
Cc1nc2n(c(=O)c1CCN1CCC(c3noc4cc(F)ccc34)CC1)CCCC2,CO,298.15,-1.00736202353699,-0.917738676071167
Cc1nc2n(c(=O)c1CCN1CCC(c3noc4cc(F)ccc34)CC1)CCCC2,CCCCO,318.15,-0.984413950581014,-0.9207087755203247
Cc1nc2n(c(=O)c1CCN1CCC(c3noc4cc(F)ccc34)CC1)CCCC2,CCO,283.15,-1.72736582637489,-1.6117159128189087
Cc1nc2n(c(=O)c1CCN1CCC(c3noc4cc(F)ccc34)CC1)CCCC2,CC(C)O,278.15,-2.31926828676098,-2.095214605331421
Cc1nc2n(c(=O)c1CCN1CCC(c3noc4cc(F)ccc34)CC1)CCCC2,CCCO,283.15,-1.67818783696473,-1.6542117595672607
Cc1nc2n(c(=O)c1CCN1CCC(c3noc4cc(F)ccc34)CC1)CCCC2,CCO,278.15,-1.77629018106174,-1.7052674293518066
Cc1nc2n(c(=O)c1CCN1CCC(c3noc4cc(F)ccc34)CC1)CCCC2,CCCCO,313.15,-1.08990504614938,-1.0055431127548218
Cc1nc2n(c(=O)c1CCN1CCC(c3noc4cc(F)ccc34)CC1)CCCC2,CCO,293.15,-1.58060941854504,-1.4297616481781006
Cc1nc2n(c(=O)c1CCN1CCC(c3noc4cc(F)ccc34)CC1)CCCC2,CC(C)=O,313.15,-1.35007053256078,-1.349739909172058
Cc1nc2n(c(=O)c1CCN1CCC(c3noc4cc(F)ccc34)CC1)CCCC2,Cc1ccccc1,283.15,-1.39849942085009,-1.5381591320037842
Cc1nc2n(c(=O)c1CCN1CCC(c3noc4cc(F)ccc34)CC1)CCCC2,CO,308.15,-0.823066648344419,-0.7608110904693604
Cc1nc2n(c(=O)c1CCN1CCC(c3noc4cc(F)ccc34)CC1)CCCC2,CC(C)O,298.15,-1.87124357817784,-1.6752477884292603
Cc1nc2n(c(=O)c1CCN1CCC(c3noc4cc(F)ccc34)CC1)CCCC2,CC(C)O,308.15,-1.58244213644961,-1.4670988321304321
Cc1nc2n(c(=O)c1CCN1CCC(c3noc4cc(F)ccc34)CC1)CCCC2,CC(C)c1ccccc1,293.15,-1.80303075200281,-1.653706669807434
Cc1nc2n(c(=O)c1CCN1CCC(c3noc4cc(F)ccc34)CC1)CCCC2,CC(C)O,303.15,-1.75401638786722,-1.5721765756607056
Cc1nc2n(c(=O)c1CCN1CCC(c3noc4cc(F)ccc34)CC1)CCCC2,CCOC(C)=O,298.15,-1.65414196393473,-1.7734999656677246
Cc1nc2n(c(=O)c1CCN1CCC(c3noc4cc(F)ccc34)CC1)CCCC2,CO,288.15,-1.16857348937973,-1.0595499277114868
Cc1nc2n(c(=O)c1CCN1CCC(c3noc4cc(F)ccc34)CC1)CCCC2,CCCCO,323.15,-0.875341730262789,-0.8616698980331421
Cc1nc2n(c(=O)c1CCN1CCC(c3noc4cc(F)ccc34)CC1)CCCC2,CC(C)O,293.15,-2.03774265889098,-1.7859078645706177
Cc1nc2n(c(=O)c1CCN1CCC(c3noc4cc(F)ccc34)CC1)CCCC2,CC(C)=O,278.15,-1.92686437924842,-2.0042967796325684
Cc1nc2n(c(=O)c1CCN1CCC(c3noc4cc(F)ccc34)CC1)CCCC2,CC(C)c1ccccc1,283.15,-1.97206544804948,-1.85272216796875
Cc1nc2n(c(=O)c1CCN1CCC(c3noc4cc(F)ccc34)CC1)CCCC2,CCOC(C)=O,323.15,-1.24218792299811,-1.448474407196045
Cc1nc2n(c(=O)c1CCN1CCC(c3noc4cc(F)ccc34)CC1)CCCC2,CC(C)O,283.15,-2.21517702683453,-1.9941306114196777
Cc1nc2n(c(=O)c1CCN1CCC(c3noc4cc(F)ccc34)CC1)CCCC2,CC(C)c1ccccc1,288.15,-1.82531336684249,-1.7596288919448853
Cc1nc2n(c(=O)c1CCN1CCC(c3noc4cc(F)ccc34)CC1)CCCC2,CC(C)c1ccccc1,308.15,-1.57441391323889,-1.3735237121582031
Cc1nc2n(c(=O)c1CCN1CCC(c3noc4cc(F)ccc34)CC1)CCCC2,CCCO,318.15,-0.957340162361221,-0.9499343633651733
Cc1nc2n(c(=O)c1CCN1CCC(c3noc4cc(F)ccc34)CC1)CCCC2,Cc1ccccc1,313.15,-0.961162568981992,-1.0295937061309814
Cc1nc2n(c(=O)c1CCN1CCC(c3noc4cc(F)ccc34)CC1)CCCC2,CC(C)c1ccccc1,303.15,-1.65765141307765,-1.4624478816986084
Cc1nc2n(c(=O)c1CCN1CCC(c3noc4cc(F)ccc34)CC1)CCCC2,CO,318.15,-0.620307025951653,-0.6026864647865295
Cc1nc2n(c(=O)c1CCN1CCC(c3noc4cc(F)ccc34)CC1)CCCC2,CC(C)=O,308.15,-1.42012719395923,-1.449792742729187
Cc1nc2n(c(=O)c1CCN1CCC(c3noc4cc(F)ccc34)CC1)CCCC2,CCOC(C)=O,278.15,-1.91714007420241,-2.037990093231201
Cc1nc2n(c(=O)c1CCN1CCC(c3noc4cc(F)ccc34)CC1)CCCC2,CCCO,313.15,-1.06562365154124,-1.0428907871246338
Cc1nc2n(c(=O)c1CCN1CCC(c3noc4cc(F)ccc34)CC1)CCCC2,CC(C)=O,283.15,-1.88139811825037,-1.9260776042938232
Cc1nc2n(c(=O)c1CCN1CCC(c3noc4cc(F)ccc34)CC1)CCCC2,CC(C)=O,288.15,-1.75810181714835,-1.842742681503296
Cc1nc2n(c(=O)c1CCN1CCC(c3noc4cc(F)ccc34)CC1)CCCC2,CCCO,308.15,-1.16447903371897,-1.1449000835418701
Cc1nc2n(c(=O)c1CCN1CCC(c3noc4cc(F)ccc34)CC1)CCCC2,CCO,318.15,-1.07051899082298,-0.9796896576881409
Cc1nc2n(c(=O)c1CCN1CCC(c3noc4cc(F)ccc34)CC1)CCCC2,CCO,288.15,-1.6457653798491,-1.5229417085647583
Cc1nc2n(c(=O)c1CCN1CCC(c3noc4cc(F)ccc34)CC1)CCCC2,CO,323.15,-0.508742426499779,-0.5293563008308411
Cc1nc2n(c(=O)c1CCN1CCC(c3noc4cc(F)ccc34)CC1)CCCC2,CC(C)c1ccccc1,313.15,-1.4683994709488,-1.2830055952072144
Cc1nc2n(c(=O)c1CCN1CCC(c3noc4cc(F)ccc34)CC1)CCCC2,CC(C)O,313.15,-1.48898545900066,-1.3549977540969849
Cc1nc2n(c(=O)c1CCN1CCC(c3noc4cc(F)ccc34)CC1)CCCC2,Cc1ccccc1,323.15,-0.810949530133915,-0.8909816741943359
Cc1nc2n(c(=O)c1CCN1CCC(c3noc4cc(F)ccc34)CC1)CCCC2,CCCO,288.15,-1.57603766208152,-1.5538666248321533
Cc1nc2n(c(=O)c1CCN1CCC(c3noc4cc(F)ccc34)CC1)CCCC2,CCCCO,278.15,-1.77266014857406,-1.7462879419326782
Cc1nc2n(c(=O)c1CCN1CCC(c3noc4cc(F)ccc34)CC1)CCCC2,CCOC(C)=O,293.15,-1.72238299976166,-1.8425977230072021
Cc1nc2n(c(=O)c1CCN1CCC(c3noc4cc(F)ccc34)CC1)CCCC2,CCCO,323.15,-0.844689467732754,-0.8706251978874207
Cc1nc2n(c(=O)c1CCN1CCC(c3noc4cc(F)ccc34)CC1)CCCC2,CCCCO,293.15,-1.54021049695766,-1.4212595224380493
Cc1nc2n(c(=O)c1CCN1CCC(c3noc4cc(F)ccc34)CC1)CCCC2,CC(C)c1ccccc1,318.15,-1.41149879411904,-1.201014757156372
Cc1nc2n(c(=O)c1CCN1CCC(c3noc4cc(F)ccc34)CC1)CCCC2,Cc1ccccc1,298.15,-1.20020558664491,-1.2778874635696411
Cc1nc2n(c(=O)c1CCN1CCC(c3noc4cc(F)ccc34)CC1)CCCC2,CCO,308.15,-1.25311789700589,-1.169999599456787
Cc1nc2n(c(=O)c1CCN1CCC(c3noc4cc(F)ccc34)CC1)CCCC2,CCOC(C)=O,308.15,-1.47775873637146,-1.6328471899032593
Cc1nc2n(c(=O)c1CCN1CCC(c3noc4cc(F)ccc34)CC1)CCCC2,CCOC(C)=O,283.15,-1.87704695543106,-1.9808706045150757
Cc1nc2n(c(=O)c1CCN1CCC(c3noc4cc(F)ccc34)CC1)CCCC2,CC(C)=O,318.15,-1.2591862901735,-1.2620787620544434
Cc1nc2n(c(=O)c1CCN1CCC(c3noc4cc(F)ccc34)CC1)CCCC2,CCOC(C)=O,318.15,-1.31719920828777,-1.5003893375396729
Cc1nc2n(c(=O)c1CCN1CCC(c3noc4cc(F)ccc34)CC1)CCCC2,CCCCO,283.15,-1.71838036917938,-1.6396381855010986
Cc1nc2n(c(=O)c1CCN1CCC(c3noc4cc(F)ccc34)CC1)CCCC2,CC(C)c1ccccc1,278.15,-2.05090590756942,-1.9393439292907715
Cc1nc2n(c(=O)c1CCN1CCC(c3noc4cc(F)ccc34)CC1)CCCC2,Cc1ccccc1,293.15,-1.27627291907916,-1.3686021566390991
Cc1nc2n(c(=O)c1CCN1CCC(c3noc4cc(F)ccc34)CC1)CCCC2,CO,278.15,-1.29336152656276,-1.2155975103378296
Cc1nc2n(c(=O)c1CCN1CCC(c3noc4cc(F)ccc34)CC1)CCCC2,CCCCO,308.15,-1.19212369972535,-1.107169508934021
Cc1nc2n(c(=O)c1CCN1CCC(c3noc4cc(F)ccc34)CC1)CCCC2,Cc1ccccc1,308.15,-1.02970364157427,-1.112738847732544
Cc1nc2n(c(=O)c1CCN1CCC(c3noc4cc(F)ccc34)CC1)CCCC2,CC(C)O,318.15,-1.38971721790377,-1.2391338348388672
Cc1nc2n(c(=O)c1CCN1CCC(c3noc4cc(F)ccc34)CC1)CCCC2,CC(C)c1ccccc1,323.15,-1.33574248957129,-1.1375211477279663
Cc1nc2n(c(=O)c1CCN1CCC(c3noc4cc(F)ccc34)CC1)CCCC2,CC(C)O,288.15,-2.10217117698609,-1.8958548307418823
Cc1nc2n(c(=O)c1CCN1CCC(c3noc4cc(F)ccc34)CC1)CCCC2,Cc1ccccc1,303.15,-1.12423534241647,-1.1925275325775146
Cc1nc2n(c(=O)c1CCN1CCC(c3noc4cc(F)ccc34)CC1)CCCC2,Cc1ccccc1,318.15,-0.885757327031568,-0.9523646831512451
Cc1nc2n(c(=O)c1CCN1CCC(c3noc4cc(F)ccc34)CC1)CCCC2,CCCCO,288.15,-1.61584942888816,-1.5315295457839966
Cc1nc2n(c(=O)c1CCN1CCC(c3noc4cc(F)ccc34)CC1)CCCC2,Cc1ccccc1,278.15,-1.4377688719487,-1.6163023710250854
c1ccc2[nH]c(-c3cscn3)nc2c1,CC#N,283.15,-2.66535073279379,-2.6157753467559814
c1ccc2[nH]c(-c3cscn3)nc2c1,CC#N,288.15,-2.63630349693536,-2.559854507446289
c1ccc2[nH]c(-c3cscn3)nc2c1,CC#N,293.15,-2.55823416625764,-2.500600576400757
c1ccc2[nH]c(-c3cscn3)nc2c1,CC#N,298.15,-2.54439145913963,-2.4378795623779297
c1ccc2[nH]c(-c3cscn3)nc2c1,CC#N,303.15,-2.40608778752658,-2.367805004119873
c1ccc2[nH]c(-c3cscn3)nc2c1,CC#N,308.15,-2.32452285031939,-2.2950258255004883
c1ccc2[nH]c(-c3cscn3)nc2c1,CC#N,313.15,-2.24112759685841,-2.2228574752807617
c1ccc2[nH]c(-c3cscn3)nc2c1,CC#N,318.15,-2.20436263436363,-2.1503305435180664
c1ccc2[nH]c(-c3cscn3)nc2c1,COC(C)=O,283.15,-2.31484431504174,-2.232844114303589
c1ccc2[nH]c(-c3cscn3)nc2c1,CC#N,323.15,-2.13222477980176,-2.080303430557251
c1ccc2[nH]c(-c3cscn3)nc2c1,CCOC(C)=O,283.15,-2.34583542138999,-2.2848174571990967
c1ccc2[nH]c(-c3cscn3)nc2c1,CCCCOC(C)=O,283.15,-2.46895309912621,-2.3628673553466797
c1ccc2[nH]c(-c3cscn3)nc2c1,COC(C)=O,288.15,-2.18718882807792,-2.1846837997436523
c1ccc2[nH]c(-c3cscn3)nc2c1,CCOC(C)=O,288.15,-2.26891941907879,-2.239285945892334
c1ccc2[nH]c(-c3cscn3)nc2c1,CCCCOC(C)=O,288.15,-2.38115992152365,-2.318770170211792
c1ccc2[nH]c(-c3cscn3)nc2c1,CC(C)=O,283.15,-2.07751629706921,-2.0240325927734375
c1ccc2[nH]c(-c3cscn3)nc2c1,COC(C)=O,293.15,-2.11823755528691,-2.125756025314331
c1ccc2[nH]c(-c3cscn3)nc2c1,COC(C)=O,298.15,-2.09710738672466,-2.0673043727874756
c1ccc2[nH]c(-c3cscn3)nc2c1,CCOC(C)=O,293.15,-2.18526107003379,-2.186241388320923
c1ccc2[nH]c(-c3cscn3)nc2c1,CCCCOC(C)=O,293.15,-2.30949554878074,-2.263089418411255
c1ccc2[nH]c(-c3cscn3)nc2c1,CC(C)O,283.15,-2.0336025944872,-2.065385103225708
c1ccc2[nH]c(-c3cscn3)nc2c1,CCOC(C)=O,298.15,-2.14147113599007,-2.1357460021972656
c1ccc2[nH]c(-c3cscn3)nc2c1,CC(C)=O,288.15,-2.01040121721616,-1.9712880849838257
c1ccc2[nH]c(-c3cscn3)nc2c1,CCCCOC(C)=O,298.15,-2.26042438696864,-2.213388442993164
c1ccc2[nH]c(-c3cscn3)nc2c1,COC(C)=O,303.15,-2.02878222188207,-2.0038952827453613
c1ccc2[nH]c(-c3cscn3)nc2c1,CC(C)O,288.15,-1.99841114231882,-2.00273060798645
c1ccc2[nH]c(-c3cscn3)nc2c1,CC(C)=O,293.15,-1.96433257056148,-1.9142392873764038
c1ccc2[nH]c(-c3cscn3)nc2c1,COC(C)=O,308.15,-1.99718159733413,-1.9374208450317383
c1ccc2[nH]c(-c3cscn3)nc2c1,CCOC(C)=O,303.15,-2.07917105207304,-2.083573818206787
c1ccc2[nH]c(-c3cscn3)nc2c1,CCCCOC(C)=O,303.15,-2.18014572530666,-2.1631646156311035
c1ccc2[nH]c(-c3cscn3)nc2c1,CC(C)O,293.15,-1.93317279210182,-1.9315439462661743
c1ccc2[nH]c(-c3cscn3)nc2c1,COC(C)=O,313.15,-1.95773781889513,-1.8705521821975708
c1ccc2[nH]c(-c3cscn3)nc2c1,CC(C)CO,283.15,-2.00445054191654,-2.022576093673706
c1ccc2[nH]c(-c3cscn3)nc2c1,CC(C)=O,298.15,-1.89778920083824,-1.8611150979995728
c1ccc2[nH]c(-c3cscn3)nc2c1,COC(C)=O,318.15,-1.93964077655955,-1.804502248764038
c1ccc2[nH]c(-c3cscn3)nc2c1,CC(C)O,298.15,-1.90474777352598,-1.8651453256607056
c1ccc2[nH]c(-c3cscn3)nc2c1,CCOC(C)=O,308.15,-2.01806241882033,-2.0334079265594482
c1ccc2[nH]c(-c3cscn3)nc2c1,CCCCOC(C)=O,308.15,-2.13868666290379,-2.110234498977661
c1ccc2[nH]c(-c3cscn3)nc2c1,CC(C)CO,288.15,-1.94686071392323,-1.9624686241149902
c1ccc2[nH]c(-c3cscn3)nc2c1,CC(C)=O,303.15,-1.85113935162861,-1.8069828748703003
c1ccc2[nH]c(-c3cscn3)nc2c1,CCOC(C)=O,313.15,-1.96291413737781,-1.980440378189087
c1ccc2[nH]c(-c3cscn3)nc2c1,CCCCOC(C)=O,313.15,-2.07382146044263,-2.0500972270965576
c1ccc2[nH]c(-c3cscn3)nc2c1,CCOC(C)=O,318.15,-1.94121627097326,-1.9238618612289429
c1ccc2[nH]c(-c3cscn3)nc2c1,COC(C)=O,323.15,-1.85310660488576,-1.750484585762024
c1ccc2[nH]c(-c3cscn3)nc2c1,CC(C)O,303.15,-1.81575156134423,-1.7982341051101685
c1ccc2[nH]c(-c3cscn3)nc2c1,CC(C)=O,308.15,-1.7975218187929,-1.7513610124588013
c1ccc2[nH]c(-c3cscn3)nc2c1,CCC(C)=O,283.15,-1.86838409395706,-1.941678762435913
c1ccc2[nH]c(-c3cscn3)nc2c1,CCCCOC(C)=O,318.15,-2.04797233814148,-1.9901862144470215
c1ccc2[nH]c(-c3cscn3)nc2c1,CC(C)CO,293.15,-1.87332621351126,-1.8987549543380737
c1ccc2[nH]c(-c3cscn3)nc2c1,CCOC(C)=O,323.15,-1.90550190194886,-1.874218463897705
c1ccc2[nH]c(-c3cscn3)nc2c1,CCO,283.15,-1.65349265070271,-1.7795265913009644
c1ccc2[nH]c(-c3cscn3)nc2c1,CO,283.15,-1.47853649264198,-1.5340783596038818
c1ccc2[nH]c(-c3cscn3)nc2c1,CC(C)O,308.15,-1.75605166837108,-1.7391873598098755
c1ccc2[nH]c(-c3cscn3)nc2c1,CCCCOC(C)=O,323.15,-2.00020802510533,-1.942782998085022
c1ccc2[nH]c(-c3cscn3)nc2c1,CCC(C)=O,288.15,-1.81171748263004,-1.8971384763717651
c1ccc2[nH]c(-c3cscn3)nc2c1,CCCO,283.15,-1.73092598053188,-1.823392629623413
c1ccc2[nH]c(-c3cscn3)nc2c1,CC(C)=O,313.15,-1.73331498602845,-1.694110631942749
c1ccc2[nH]c(-c3cscn3)nc2c1,CCO,288.15,-1.61593856022703,-1.723507285118103
c1ccc2[nH]c(-c3cscn3)nc2c1,CO,288.15,-1.45203278640725,-1.4709606170654297
c1ccc2[nH]c(-c3cscn3)nc2c1,CC(C)CO,298.15,-1.80649820609887,-1.842692255973816
c1ccc2[nH]c(-c3cscn3)nc2c1,CCCO,288.15,-1.69957460442034,-1.7671706676483154
c1ccc2[nH]c(-c3cscn3)nc2c1,CCC(C)=O,293.15,-1.771316757689,-1.8436092138290405
c1ccc2[nH]c(-c3cscn3)nc2c1,CC(C)=O,318.15,-1.69663442804369,-1.637170672416687
c1ccc2[nH]c(-c3cscn3)nc2c1,CCO,293.15,-1.58032522370419,-1.6681406497955322
c1ccc2[nH]c(-c3cscn3)nc2c1,CO,293.15,-1.40738178324935,-1.4127403497695923
c1ccc2[nH]c(-c3cscn3)nc2c1,CC(C)O,313.15,-1.68920709867159,-1.6809929609298706
c1ccc2[nH]c(-c3cscn3)nc2c1,CCCCO,283.15,-1.7523630420948,-1.8507044315338135
c1ccc2[nH]c(-c3cscn3)nc2c1,CCC(C)=O,298.15,-1.74600591198983,-1.7932363748550415
c1ccc2[nH]c(-c3cscn3)nc2c1,CCO,298.15,-1.55597656813717,-1.6126559972763062
c1ccc2[nH]c(-c3cscn3)nc2c1,CO,298.15,-1.38464248903881,-1.3530129194259644
c1ccc2[nH]c(-c3cscn3)nc2c1,CCCO,293.15,-1.63553846390216,-1.7089524269104004
c1ccc2[nH]c(-c3cscn3)nc2c1,CC(C)=O,323.15,-1.64566384786908,-1.5886619091033936
c1ccc2[nH]c(-c3cscn3)nc2c1,CC(C)CO,303.15,-1.72283892608146,-1.7799288034439087
c1ccc2[nH]c(-c3cscn3)nc2c1,CCCCO,288.15,-1.70220790211741,-1.797507882118225
c1ccc2[nH]c(-c3cscn3)nc2c1,CCCO,298.15,-1.61621290537906,-1.6540024280548096
c1ccc2[nH]c(-c3cscn3)nc2c1,CC(C)O,318.15,-1.6351576499176,-1.6214790344238281
c1ccc2[nH]c(-c3cscn3)nc2c1,CCC(C)=O,303.15,-1.68646976189899,-1.7415766716003418
c1ccc2[nH]c(-c3cscn3)nc2c1,CCO,303.15,-1.48636191147914,-1.5552749633789062
c1ccc2[nH]c(-c3cscn3)nc2c1,CCCCO,293.15,-1.6746882374013,-1.7378911972045898
c1ccc2[nH]c(-c3cscn3)nc2c1,CC(C)O,323.15,-1.60057991543986,-1.5667208433151245
c1ccc2[nH]c(-c3cscn3)nc2c1,CC(C)CO,308.15,-1.66479028996225,-1.7205067873001099
c1ccc2[nH]c(-c3cscn3)nc2c1,CCC(C)=O,308.15,-1.63891098209461,-1.6896291971206665
c1ccc2[nH]c(-c3cscn3)nc2c1,CO,303.15,-1.28672818975433,-1.290900707244873
c1ccc2[nH]c(-c3cscn3)nc2c1,CCO,308.15,-1.44396611858284,-1.4983257055282593
c1ccc2[nH]c(-c3cscn3)nc2c1,CCCO,303.15,-1.53944956605453,-1.5963594913482666
c1ccc2[nH]c(-c3cscn3)nc2c1,CO,308.15,-1.2724304099335,-1.2305371761322021
c1ccc2[nH]c(-c3cscn3)nc2c1,CCCCO,298.15,-1.61799458785702,-1.685930609703064
c1ccc2[nH]c(-c3cscn3)nc2c1,CCC(C)=O,313.15,-1.61480377173126,-1.6380263566970825
c1ccc2[nH]c(-c3cscn3)nc2c1,CC(C)CO,313.15,-1.61024607424162,-1.6519471406936646
c1ccc2[nH]c(-c3cscn3)nc2c1,CCO,313.15,-1.40543212643125,-1.4396861791610718
c1ccc2[nH]c(-c3cscn3)nc2c1,CCC(C)=O,318.15,-1.58389481359588,-1.5850260257720947
c1ccc2[nH]c(-c3cscn3)nc2c1,CO,313.15,-1.22836132986453,-1.170248031616211
c1ccc2[nH]c(-c3cscn3)nc2c1,CCCO,308.15,-1.48839292942769,-1.5406993627548218
c1ccc2[nH]c(-c3cscn3)nc2c1,CCC(C)=O,323.15,-1.57017501404746,-1.535689353942871
c1ccc2[nH]c(-c3cscn3)nc2c1,CC(C)CO,318.15,-1.5628944905161,-1.5839163064956665
c1ccc2[nH]c(-c3cscn3)nc2c1,CCCCO,303.15,-1.53937111138838,-1.6299024820327759
c1ccc2[nH]c(-c3cscn3)nc2c1,CCO,318.15,-1.34120866490877,-1.379347324371338
c1ccc2[nH]c(-c3cscn3)nc2c1,CCCO,313.15,-1.44278121849534,-1.482877492904663
c1ccc2[nH]c(-c3cscn3)nc2c1,CO,318.15,-1.17360170622997,-1.1100455522537231
c1ccc2[nH]c(-c3cscn3)nc2c1,CCCCO,308.15,-1.50365179940009,-1.572292447090149
c1ccc2[nH]c(-c3cscn3)nc2c1,CC(C)CO,323.15,-1.50885076826891,-1.5290865898132324
c1ccc2[nH]c(-c3cscn3)nc2c1,CCO,323.15,-1.31248499785744,-1.3229339122772217
c1ccc2[nH]c(-c3cscn3)nc2c1,CO,323.15,-1.14284618429425,-1.0585699081420898
c1ccc2[nH]c(-c3cscn3)nc2c1,CCCO,318.15,-1.40214447773942,-1.4234883785247803
c1ccc2[nH]c(-c3cscn3)nc2c1,CCCCO,313.15,-1.44114537902187,-1.5119833946228027
c1ccc2[nH]c(-c3cscn3)nc2c1,CCCO,323.15,-1.34488491508698,-1.3713698387145996
c1ccc2[nH]c(-c3cscn3)nc2c1,CCCCO,318.15,-1.40172486123565,-1.4546736478805542
c1ccc2[nH]c(-c3cscn3)nc2c1,CCCCO,323.15,-1.35342344654106,-1.4079312086105347
O=C(O)[C@@H]1CSCN1,ClCCl,283.15,-3.61991924985438,-2.736734628677368
O=C(O)[C@@H]1CSCN1,CC#N,283.15,-3.37140885777574,-3.266979932785034
O=C(O)[C@@H]1CSCN1,CCOC(C)=O,283.15,-3.62307535318814,-3.1359407901763916
O=C(O)[C@@H]1CSCN1,CC#N,293.15,-3.24163126058574,-3.1157026290893555
O=C(O)[C@@H]1CSCN1,CC(C)O,283.15,-3.30991688668013,-3.165663242340088
O=C(O)[C@@H]1CSCN1,CC#N,303.15,-3.04423061088523,-2.9646685123443604
O=C(O)[C@@H]1CSCN1,ClCCl,288.15,-3.09132897204542,-2.6437435150146484
O=C(O)[C@@H]1CSCN1,CO,283.15,-2.86126969698873,-2.0099456310272217
O=C(O)[C@@H]1CSCN1,CC(C)O,293.15,-3.05060636575925,-3.024705410003662
O=C(O)[C@@H]1CSCN1,CC#N,313.15,-2.89882241736206,-2.7892537117004395
O=C(O)[C@@H]1CSCN1,CCOC(C)=O,293.15,-3.13299515030079,-2.9571609497070312
O=C(O)[C@@H]1CSCN1,CO,293.15,-2.73746173943144,-1.8783894777297974
O=C(O)[C@@H]1CSCN1,CCO,283.15,-2.80697727566365,-2.8157119750976562
O=C(O)[C@@H]1CSCN1,CC#N,323.15,-2.77873176243687,-2.601827383041382
O=C(O)[C@@H]1CSCN1,CC(C)O,303.15,-2.89687770009555,-2.8676164150238037
O=C(O)[C@@H]1CSCN1,CO,303.15,-2.56245499738511,-1.7902882099151611
O=C(O)[C@@H]1CSCN1,CCO,293.15,-2.66900152554751,-2.678041934967041
O=C(O)[C@@H]1CSCN1,CC(C)O,313.15,-2.78934725764447,-2.679652214050293
O=C(O)[C@@H]1CSCN1,ClCCl,293.15,-2.674678849193,-2.531643867492676
O=C(O)[C@@H]1CSCN1,CCOC(C)=O,303.15,-2.79736308822553,-2.7739548683166504
O=C(O)[C@@H]1CSCN1,CCO,303.15,-2.51537367324747,-2.544886589050293
O=C(O)[C@@H]1CSCN1,CC(C)=O,283.15,-2.60418381425016,-2.713813543319702
O=C(O)[C@@H]1CSCN1,CC(C)O,323.15,-2.61948945689392,-2.4412755966186523
O=C(O)[C@@H]1CSCN1,ClCCl,298.15,-2.48203274000211,-2.428258180618286
O=C(O)[C@@H]1CSCN1,CO,313.15,-2.29693177049395,-1.6995981931686401
O=C(O)[C@@H]1CSCN1,CCO,313.15,-2.37053531145453,-2.387394428253174
O=C(O)[C@@H]1CSCN1,ClCCl,303.15,-2.34227937053439,-2.340155601501465
O=C(O)[C@@H]1CSCN1,CCOC(C)=O,313.15,-2.52912378886368,-2.60408878326416
O=C(O)[C@@H]1CSCN1,CC(C)=O,293.15,-2.39108193117982,-2.5758960247039795
O=C(O)[C@@H]1CSCN1,CO,323.15,-2.12412975604958,-1.5742135047912598
O=C(O)[C@@H]1CSCN1,CCO,323.15,-2.24156426332684,-2.1973817348480225
O=C(O)[C@@H]1CSCN1,C1COCCO1,288.15,-2.38310808845225,-2.7289834022521973
O=C(O)[C@@H]1CSCN1,C1COCCO1,293.15,-2.34536171714333,-2.649468183517456
O=C(O)[C@@H]1CSCN1,CCOC(C)=O,323.15,-2.33491664974091,-2.422797679901123
O=C(O)[C@@H]1CSCN1,C1COCCO1,303.15,-2.25643739556641,-2.5230202674865723
O=C(O)[C@@H]1CSCN1,CC(C)=O,303.15,-2.14133341335775,-2.434641122817993
O=C(O)[C@@H]1CSCN1,C1COCCO1,313.15,-2.16963620121021,-2.388672113418579
O=C(O)[C@@H]1CSCN1,C1COCCO1,323.15,-2.09488717862227,-2.235300064086914
O=C(O)[C@@H]1CSCN1,CC(C)=O,313.15,-1.74824148239746,-2.285728931427002
O=C(O)[C@@H]1CSCN1,O,283.15,-0.782913999725349,-0.6439851522445679
O=C(O)[C@@H]1CSCN1,CC(C)=O,323.15,-1.34754858661108,-2.13761830329895
O=C(O)[C@@H]1CSCN1,O,293.15,-0.670871323708548,-0.5208734273910522
O=C(O)[C@@H]1CSCN1,O,303.15,-0.554613861384851,-0.414364218711853
O=C(O)[C@@H]1CSCN1,O,313.15,-0.463831032585177,-0.29510363936424255
O=C(O)[C@@H]1CSCN1,O,323.15,-0.36926418957292,-0.17288616299629211
O=c1[nH]c2ccccc2c(=O)o1,CC(C)O,288.15,-1.86477316454634,-1.875491976737976
O=c1[nH]c2ccccc2c(=O)o1,CCCO,288.15,-1.80564922053623,-1.8199536800384521
O=c1[nH]c2ccccc2c(=O)o1,CC(C)O,293.15,-1.79911550751695,-1.7829900979995728
O=c1[nH]c2ccccc2c(=O)o1,CCCO,293.15,-1.74980627503369,-1.7423062324523926
O=c1[nH]c2ccccc2c(=O)o1,CCO,288.15,-1.63527024379601,-1.631576418876648
O=c1[nH]c2ccccc2c(=O)o1,CC(C)O,298.15,-1.72644705859212,-1.6957576274871826
O=c1[nH]c2ccccc2c(=O)o1,CO,288.15,-1.42932536526692,-1.3996890783309937
O=c1[nH]c2ccccc2c(=O)o1,CCO,293.15,-1.58922263891005,-1.5532804727554321
O=c1[nH]c2ccccc2c(=O)o1,CCCO,298.15,-1.69155673801993,-1.6610922813415527
O=c1[nH]c2ccccc2c(=O)o1,CO,293.15,-1.36868258561096,-1.3280298709869385
O=c1[nH]c2ccccc2c(=O)o1,CCO,298.15,-1.52404292317765,-1.475003719329834
O=c1[nH]c2ccccc2c(=O)o1,CC(C)O,303.15,-1.64186863920502,-1.6063346862792969
O=c1[nH]c2ccccc2c(=O)o1,CCCO,303.15,-1.6187084410226,-1.577402114868164
O=c1[nH]c2ccccc2c(=O)o1,CC(=O)OC(C)C,288.15,-1.79830192955486,-1.8150616884231567
O=c1[nH]c2ccccc2c(=O)o1,CCO,303.15,-1.46557332168295,-1.3972581624984741
O=c1[nH]c2ccccc2c(=O)o1,CO,298.15,-1.29669025488286,-1.2565525770187378
O=c1[nH]c2ccccc2c(=O)o1,CC(=O)OC(C)C,293.15,-1.7518888946113,-1.7336734533309937
O=c1[nH]c2ccccc2c(=O)o1,CCCO,308.15,-1.56146237604902,-1.494664192199707
O=c1[nH]c2ccccc2c(=O)o1,CC(C)O,308.15,-1.55502503746433,-1.516897439956665
O=c1[nH]c2ccccc2c(=O)o1,CCCOC(C)=O,288.15,-1.69736476541123,-1.706404685974121
O=c1[nH]c2ccccc2c(=O)o1,CC(=O)OC(C)C,298.15,-1.6992433538915,-1.6645150184631348
O=c1[nH]c2ccccc2c(=O)o1,CCO,308.15,-1.39326612647736,-1.321012020111084
O=c1[nH]c2ccccc2c(=O)o1,CO,303.15,-1.22487964966064,-1.1823369264602661
O=c1[nH]c2ccccc2c(=O)o1,CCCO,313.15,-1.48336248112992,-1.4087783098220825
O=c1[nH]c2ccccc2c(=O)o1,CCCOC(C)=O,293.15,-1.65384639153779,-1.630401849746704
O=c1[nH]c2ccccc2c(=O)o1,CC(=O)OC(C)C,303.15,-1.66335401071544,-1.6116290092468262
O=c1[nH]c2ccccc2c(=O)o1,CC(C)O,313.15,-1.46815106918377,-1.4268492460250854
O=c1[nH]c2ccccc2c(=O)o1,CCO,313.15,-1.33148059099527,-1.2448314428329468
O=c1[nH]c2ccccc2c(=O)o1,CCCOC(C)=O,298.15,-1.60628757605299,-1.5595593452453613
O=c1[nH]c2ccccc2c(=O)o1,CCCO,318.15,-1.41930334427381,-1.3211302757263184
O=c1[nH]c2ccccc2c(=O)o1,CC(=O)OC(C)C,308.15,-1.61066164057986,-1.5602965354919434
O=c1[nH]c2ccccc2c(=O)o1,CO,308.15,-1.14322063558372,-1.1091903448104858
O=c1[nH]c2ccccc2c(=O)o1,CC#N,288.15,-1.23696558873329,-1.4042459726333618
O=c1[nH]c2ccccc2c(=O)o1,CC(C)O,318.15,-1.39464640590749,-1.3366215229034424
O=c1[nH]c2ccccc2c(=O)o1,CCCOC(C)=O,303.15,-1.56309136738387,-1.5018835067749023
O=c1[nH]c2ccccc2c(=O)o1,CCOC(C)=O,288.15,-1.48156821431148,-1.5211308002471924
O=c1[nH]c2ccccc2c(=O)o1,CC(=O)OC(C)C,313.15,-1.56740201569939,-1.5026264190673828
O=c1[nH]c2ccccc2c(=O)o1,CCO,318.15,-1.26261071897453,-1.16704261302948
O=c1[nH]c2ccccc2c(=O)o1,CC#N,293.15,-1.19868404253331,-1.3394527435302734
O=c1[nH]c2ccccc2c(=O)o1,CCCO,323.15,-1.35261845366692,-1.2427775859832764
O=c1[nH]c2ccccc2c(=O)o1,CCCOC(C)=O,308.15,-1.52229979112829,-1.4511059522628784
O=c1[nH]c2ccccc2c(=O)o1,CCOC(C)=O,293.15,-1.44228484013438,-1.4606027603149414
O=c1[nH]c2ccccc2c(=O)o1,CO,313.15,-1.06601028481953,-1.0396405458450317
O=c1[nH]c2ccccc2c(=O)o1,CC(=O)OC(C)C,318.15,-1.52533528450534,-1.4457658529281616
O=c1[nH]c2ccccc2c(=O)o1,CC#N,298.15,-1.14337671073152,-1.2715781927108765
O=c1[nH]c2ccccc2c(=O)o1,CC(C)O,323.15,-1.3174625185532,-1.2519726753234863
O=c1[nH]c2ccccc2c(=O)o1,CCO,323.15,-1.20025441338477,-1.0967334508895874
O=c1[nH]c2ccccc2c(=O)o1,CCOC(C)=O,298.15,-1.39766840219712,-1.4082444906234741
O=c1[nH]c2ccccc2c(=O)o1,CCCO,328.15,-1.29224967531649,-1.179428219795227
O=c1[nH]c2ccccc2c(=O)o1,CCCOC(C)=O,313.15,-1.47414095897526,-1.3909353017807007
O=c1[nH]c2ccccc2c(=O)o1,CC(=O)OC(C)C,323.15,-1.48618551605135,-1.4016367197036743
O=c1[nH]c2ccccc2c(=O)o1,COC(C)=O,288.15,-1.27892291363537,-1.3278963565826416
O=c1[nH]c2ccccc2c(=O)o1,CO,318.15,-0.990435229877908,-0.9705540537834167
O=c1[nH]c2ccccc2c(=O)o1,CC#N,303.15,-1.08994992363219,-1.2023916244506836
O=c1[nH]c2ccccc2c(=O)o1,CC(=O)OC(C)C,328.15,-1.45025890412914,-1.3687951564788818
O=c1[nH]c2ccccc2c(=O)o1,CCOC(C)=O,303.15,-1.35691118380285,-1.3549730777740479
O=c1[nH]c2ccccc2c(=O)o1,CCCOC(C)=O,318.15,-1.43583674329124,-1.3354594707489014
O=c1[nH]c2ccccc2c(=O)o1,CCO,328.15,-1.14235146002648,-1.0377084016799927
O=c1[nH]c2ccccc2c(=O)o1,CC(C)O,328.15,-1.24008419908209,-1.1822786331176758
O=c1[nH]c2ccccc2c(=O)o1,COC(C)=O,293.15,-1.23386746935242,-1.2727969884872437
O=c1[nH]c2ccccc2c(=O)o1,CCCOC(C)=O,323.15,-1.39642544043195,-1.2858673334121704
O=c1[nH]c2ccccc2c(=O)o1,CCOC(C)=O,308.15,-1.31406234584077,-1.3018702268600464
O=c1[nH]c2ccccc2c(=O)o1,CC#N,308.15,-1.04103647303847,-1.1358219385147095
O=c1[nH]c2ccccc2c(=O)o1,CO,323.15,-0.915103488600131,-0.9061610698699951
O=c1[nH]c2ccccc2c(=O)o1,COC(C)=O,298.15,-1.18554127214449,-1.2170482873916626
O=c1[nH]c2ccccc2c(=O)o1,CCOC(C)=O,313.15,-1.27263350444507,-1.244727611541748
O=c1[nH]c2ccccc2c(=O)o1,CCCOC(C)=O,328.15,-1.350929755037,-1.2467368841171265
O=c1[nH]c2ccccc2c(=O)o1,CC#N,313.15,-0.985911647824319,-1.0700958967208862
O=c1[nH]c2ccccc2c(=O)o1,COC(C)=O,303.15,-1.1479787695701,-1.154443621635437
O=c1[nH]c2ccccc2c(=O)o1,CCOC(C)=O,318.15,-1.23751938558035,-1.1898541450500488
O=c1[nH]c2ccccc2c(=O)o1,CO,328.15,-0.840290029751034,-0.8501200675964355
O=c1[nH]c2ccccc2c(=O)o1,CC#N,318.15,-0.936772190654432,-1.009224772453308
O=c1[nH]c2ccccc2c(=O)o1,COC(C)=O,308.15,-1.10750622085509,-1.0941851139068604
O=c1[nH]c2ccccc2c(=O)o1,CCOC(C)=O,323.15,-1.20170798945243,-1.1445167064666748
O=c1[nH]c2ccccc2c(=O)o1,CCOC(C)=O,328.15,-1.16709965753734,-1.1119239330291748
O=c1[nH]c2ccccc2c(=O)o1,COC(C)=O,313.15,-1.06417689870762,-1.0323913097381592
O=c1[nH]c2ccccc2c(=O)o1,CC#N,323.15,-0.882168016782384,-0.9621875882148743
O=c1[nH]c2ccccc2c(=O)o1,CCC(C)=O,288.15,-1.075867050959,-1.1673492193222046
O=c1[nH]c2ccccc2c(=O)o1,COC(C)=O,318.15,-1.03062066913134,-0.9715453386306763
O=c1[nH]c2ccccc2c(=O)o1,CC(C)=O,288.15,-0.959064623531647,-1.024423360824585
O=c1[nH]c2ccccc2c(=O)o1,CC#N,328.15,-0.836707964962664,-0.9241324067115784
O=c1[nH]c2ccccc2c(=O)o1,CCC(C)=O,293.15,-1.04239841075632,-1.1135283708572388
O=c1[nH]c2ccccc2c(=O)o1,C1COCCO1,288.15,-1.00001151443012,-1.0020383596420288
O=c1[nH]c2ccccc2c(=O)o1,COC(C)=O,323.15,-0.992623861943429,-0.9207639098167419
O=c1[nH]c2ccccc2c(=O)o1,CC(C)=O,293.15,-0.920404657032467,-0.9679463505744934
O=c1[nH]c2ccccc2c(=O)o1,CCC(C)=O,298.15,-1.00643614299152,-1.0639649629592896
O=c1[nH]c2ccccc2c(=O)o1,COC(C)=O,328.15,-0.950031322147334,-0.8806134462356567
O=c1[nH]c2ccccc2c(=O)o1,C1COCCO1,293.15,-0.950582797145207,-0.9449533820152283
O=c1[nH]c2ccccc2c(=O)o1,CCC(C)=O,303.15,-0.969254011427695,-1.0167186260223389
O=c1[nH]c2ccccc2c(=O)o1,CC(C)=O,298.15,-0.880504951965282,-0.9187951683998108
O=c1[nH]c2ccccc2c(=O)o1,CCC(C)=O,308.15,-0.927558917214606,-0.9775316715240479
O=c1[nH]c2ccccc2c(=O)o1,C1COCCO1,298.15,-0.899112607916717,-0.8949400782585144
O=c1[nH]c2ccccc2c(=O)o1,CC(C)=O,303.15,-0.829757690724482,-0.8697547912597656
O=c1[nH]c2ccccc2c(=O)o1,CCC(C)=O,313.15,-0.889624254738671,-0.9339796304702759
O=c1[nH]c2ccccc2c(=O)o1,C1COCCO1,303.15,-0.855156231554414,-0.8410184383392334
O=c1[nH]c2ccccc2c(=O)o1,CC(C)=O,308.15,-0.784072318225342,-0.8223608732223511
O=c1[nH]c2ccccc2c(=O)o1,CCC(C)=O,318.15,-0.850690696369837,-0.8817322850227356
O=c1[nH]c2ccccc2c(=O)o1,C1COCCO1,308.15,-0.806602930251915,-0.7796815633773804
O=c1[nH]c2ccccc2c(=O)o1,CC(C)=O,313.15,-0.742287498474035,-0.7705342173576355
O=c1[nH]c2ccccc2c(=O)o1,CCC(C)=O,323.15,-0.817895840814772,-0.8338128328323364
O=c1[nH]c2ccccc2c(=O)o1,C1COCCO1,313.15,-0.767760267042997,-0.7129901051521301
O=c1[nH]c2ccccc2c(=O)o1,CC(C)=O,318.15,-0.700839818195458,-0.7145469784736633
O=c1[nH]c2ccccc2c(=O)o1,CCC(C)=O,328.15,-0.781394381679741,-0.7924101948738098
O=c1[nH]c2ccccc2c(=O)o1,C1COCCO1,318.15,-0.72628288097334,-0.6454036235809326
O=c1[nH]c2ccccc2c(=O)o1,CC(C)=O,323.15,-0.658416217656374,-0.666398286819458
O=c1[nH]c2ccccc2c(=O)o1,C1COCCO1,323.15,-0.685025066398227,-0.5844280123710632
O=c1[nH]c2ccccc2c(=O)o1,CC(C)=O,328.15,-0.61521007234211,-0.6231339573860168
O=c1[nH]c2ccccc2c(=O)o1,C1COCCO1,328.15,-0.642911235315117,-0.5389261245727539
Clc1c(Cl)c(Cl)c(Cl)c(Cl)c1Cl,O,288.15,-7.90589315772544,-2.7132484912872314
Clc1c(Cl)c(Cl)c(Cl)c(Cl)c1Cl,O,278.15,-8.10753852125351,-2.925997495651245
Clc1c(Cl)c(Cl)c(Cl)c(Cl)c1Cl,O,298.15,-7.71436230237753,-2.4681966304779053
Clc1c(Cl)c(Cl)c(Cl)c(Cl)c1Cl,O,308.15,-7.51901217090819,-2.2345268726348877
Clc1c(Cl)c(Cl)c(Cl)c(Cl)c1Cl,O,318.15,-7.30383316639748,-1.9992599487304688
O=C(O)c1ccc([N+](=O)[O-])cc1,CCCCOCCCC,298.15,-1.77859793493947,-1.0004578828811646
O=C(O)c1ccc([N+](=O)[O-])cc1,CC(C)OC(C)C,298.15,-1.58830276861352,-1.0394545793533325
O=C(O)c1ccc([N+](=O)[O-])cc1,CC1COC(=O)O1,298.15,-1.2398948592157,-1.0896265506744385
O=C(O)c1ccc([N+](=O)[O-])cc1,CCC(C)CO,298.15,-1.26056341566539,-1.019004464149475
O=C(O)c1ccc([N+](=O)[O-])cc1,CC(C)CO,298.15,-1.17800110414326,-0.9534134268760681
O=C(O)c1ccc([N+](=O)[O-])cc1,CCCC(C)CO,298.15,-1.2790175255819,-1.0625168085098267
O=C(O)c1ccc([N+](=O)[O-])cc1,CC(C)CCO,298.15,-1.17083077693906,-1.0190045833587646
O=C(O)c1ccc([N+](=O)[O-])cc1,CCCCCOC(C)=O,298.15,-1.29561480328729,-1.1618506908416748
O=C(O)c1ccc([N+](=O)[O-])cc1,CO,298.15,-0.706762869193395,-0.3830389082431793
O=C(O)c1ccc([N+](=O)[O-])cc1,CCCCO,298.15,-1.05607761077792,-0.8648602962493896
O=C(O)c1ccc([N+](=O)[O-])cc1,CCCO,298.15,-0.968887846829912,-0.7370227575302124
O=C(O)c1ccc([N+](=O)[O-])cc1,CC(C)CC(C)O,298.15,-1.16783776447674,-1.092795729637146
O=C(O)c1ccc([N+](=O)[O-])cc1,CCO,298.15,-0.832950781909257,-0.5542585253715515
O=C(O)c1ccc([N+](=O)[O-])cc1,CC(C)O,298.15,-0.948833059108518,-0.795354425907135
O=C(O)c1ccc([N+](=O)[O-])cc1,CCC(C)O,298.15,-1.01086904225095,-0.9217866659164429
O=C(O)c1ccc([N+](=O)[O-])cc1,CCCC(C)O,298.15,-1.07880568489075,-1.0098390579223633
O=C(O)c1ccc([N+](=O)[O-])cc1,CCCCCO,298.15,-1.06180946816581,-0.9607185125350952
O=C(O)c1ccc([N+](=O)[O-])cc1,CCCCCCCCO,298.15,-1.2055357014793,-1.0981885194778442
O=C(O)c1ccc([N+](=O)[O-])cc1,CCOCC,298.15,-1.01834657960557,-0.6414199471473694
O=C(O)c1ccc([N+](=O)[O-])cc1,CCCCOC(C)=O,298.15,-1.11335255243131,-1.0652321577072144
O=C(O)c1ccc([N+](=O)[O-])cc1,CCCCCCCCCCO,298.15,-1.26714727336051,-1.25996732711792
O=C(O)c1ccc([N+](=O)[O-])cc1,CCCCCCO,298.15,-1.07203166121094,-1.0187842845916748
O=C(O)c1ccc([N+](=O)[O-])cc1,CCCCCCCO,298.15,-1.1172637720747,-1.0536861419677734
O=C(O)c1ccc([N+](=O)[O-])cc1,COC(C)=O,298.15,-0.828568771907765,-0.7900092601776123
O=C(O)c1ccc([N+](=O)[O-])cc1,CCOC(C)=O,298.15,-0.891759379600879,-0.8207526803016663
O=C(O)c1ccc([N+](=O)[O-])cc1,CC(C)(C)O,298.15,-0.815418586453576,-0.9176231622695923
O=C(O)c1ccc([N+](=O)[O-])cc1,CCC(C)(C)O,298.15,-0.767175443970284,-1.0193543434143066
O=C(O)c1ccc([N+](=O)[O-])cc1,C1COCCO1,298.15,-0.290139590610922,-0.30656054615974426
O=C(O)c1ccc([N+](=O)[O-])cc1,C1CCOC1,298.15,-0.074381141477812,-0.12217190116643906
CC(C)Cc1ccc(C(C)C(=O)O)cc1,CO,298.15,0.199012392557808,0.8358109593391418
CC(C)Cc1ccc(C(C)C(=O)O)cc1,CC(C)CO,298.15,0.435433116480826,0.5342673659324646
CC(C)Cc1ccc(C(C)C(=O)O)cc1,CCC(C)O,298.15,0.444674008550486,0.5744579434394836
CC(C)Cc1ccc(C(C)C(=O)O)cc1,CC(C)O,298.15,0.599003680061826,0.6650023460388184
CC(C)Cc1ccc(C(C)C(=O)O)cc1,CO,298.15,0.20230732769256,0.8358109593391418
CC(C)Cc1ccc(C(C)C(=O)O)cc1,CCO,298.15,0.190079193800839,0.6990281343460083
CC(C)Cc1ccc(C(C)C(=O)O)cc1,CCO,298.15,0.193593497268933,0.6990280747413635
CC(C)Cc1ccc(C(C)C(=O)O)cc1,CCCO,298.15,0.342812161679311,0.6246173977851868
CC(C)Cc1ccc(C(C)C(=O)O)cc1,CCCCCO,298.15,0.204671267589425,0.4994186758995056
CC(C)Cc1ccc(C(C)C(=O)O)cc1,CCCCO,298.15,0.325095113549528,0.5550355911254883
CC(C)Cc1ccc(C(C)C(=O)O)cc1,CCCCCO,298.15,0.315949056334882,0.49941888451576233
CC(C)Cc1ccc(C(C)C(=O)O)cc1,CCCCCCCCO,298.15,0.193335649219621,0.2662566900253296
CC(C)Cc1ccc(C(C)C(=O)O)cc1,CCCCCCCCO,298.15,0.19688229743557,0.2662566304206848
CC(C)Cc1ccc(C(C)C(=O)O)cc1,CCCCCCCCCCO,298.15,0.16061538990602,0.14478765428066254
CC(C)Cc1ccc(C(C)C(=O)O)cc1,CO,298.15,0.737614243265202,0.8358111381530762
O=c1c2ccccc2sc2ccccc12,CCOC(=O)OCC,298.15,-1.57250161353802,-1.624173879623413
COc1ccc(C(=O)O)cc1OC,CCOC(=O)OCC,298.15,-1.47821978280656,-0.9682307243347168
O=C(O)c1ccc([N+](=O)[O-])cc1,CCOC(=O)OCC,298.15,-1.29226601812252,-1.053305983543396
O=c1c2ccccc2sc2ccccc12,COC(=O)OC,298.15,-1.52096309302223,-1.268033742904663
O=C(O)c1ccc([N+](=O)[O-])cc1,COC(=O)OC,298.15,-1.29313412983873,-0.876190721988678
COc1ccc(C(=O)O)cc1OC,COC(=O)OC,298.15,-1.23375241046574,-0.9910149574279785
c1ccc2ccccc2c1,O,313.0,-3.41884527026362,-0.09712663292884827
c1ccc2ccccc2c1,O,318.0,-3.32708656815123,0.05409134924411774
c1ccc2ccccc2c1,O,323.0,-3.20387376980832,0.19488370418548584
c1ccc2ccccc2c1,O,328.0,-3.07419776103966,0.3161824643611908
c1ccc2ccccc2c1,O,333.0,-2.95005813052513,0.4655540883541107
c1ccc2ccccc2c1,O,338.0,-2.84485832678166,0.6296554207801819
c1ccc2ccccc2c1,O,343.0,-2.72388285448104,0.8007289171218872
c1ccc2ccccc2c1,O,348.0,-2.63218144607935,0.8903706669807434
c1ccc2ccccc2c1,O,298.0,-3.55111981497299,-0.4735645651817322
c1ccc2ccccc2c1,O,298.0,-3.51635770871378,-0.4735642969608307
c1ccc2ccccc2c1,O,308.0,-3.29450895909742,-0.23405338823795319
c1ccc2ccccc2c1,O,323.0,-3.02824106969265,0.1948835253715515
c1ccc2ccccc2c1,O,338.0,-2.78520302100636,0.6296557188034058
c1ccc2nc3ccccc3cc2c1,O,313.2,-3.29990027101638,-2.308929920196533
c1ccc2nc3ccccc3cc2c1,O,333.2,-2.97511064289645,-1.9334843158721924
c1ccc2nc3ccccc3cc2c1,O,353.2,-2.65418909143032,-1.5830683708190918
c1ccc2nc3ccccc3cc2c1,O,363.2,-2.48626177472406,-1.7710124254226685
c1ccc2c(c1)ccc1ccccc12,O,313.2,-4.9224857873448,-1.4006284475326538
c1ccc2c(c1)ccc1ccccc12,O,333.2,-4.4473427658684,-1.042333960533142
c1ccc2c(c1)ccc1ccccc12,O,343.2,-4.22001602176879,-0.8035462498664856
c1ccc2c(c1)ccc1ccccc12,O,353.2,-3.98024619071407,-0.7244505286216736
c1ccc2c(c1)ccc1ccccc12,O,363.2,-3.75635634389071,-0.9126493334770203
CC(C)Cc1ccc(C(C)C(=O)O)cc1,O,298.0,-2.95579348948598,-2.1620378494262695
CC(C)Cc1ccc(C(C)C(=O)O)cc1,O,323.0,-1.35734601050425,-1.7754106521606445
CC(C)Cc1ccc(C(C)C(=O)O)cc1,O,348.0,-0.798110466209489,-1.250031590461731
C1C2CC3CC1CC(C2)C3,O,313.2,-5.8041,-2.2059812545776367
C1C2CC3CC1CC(C2)C3,O,333.2,-5.50552,-1.8390806913375854
C1C2CC3CC1CC(C2)C3,O,353.2,-5.11271,-1.5236345529556274
C1C2CC3CC1CC(C2)C3,O,373.2,-4.66485,-1.9269307851791382
C1C2CC3CC1CC(C2)C3,O,393.2,-4.24875,-2.004009962081909
C1C2CC3CC1CC(C2)C3,O,413.2,-3.79145,-2.004246711730957
C1C2CC3CC1CC(C2)C3,O,433.2,-3.28102,-2.004246473312378
C1C2CC3CC1CC(C2)C3,O,453.2,-2.91337,-2.004246473312378
C1C2CC3CC1CC(C2)C3,O,473.2,-2.50377,-2.004246950149536
C1C2CC3CC1CC(C2)C3,O,493.2,-2.10201,-2.0042474269866943
O=c1c2ccccc2sc2ccccc12,O,313.0,-5.18707,-2.795057535171509
O=c1c2ccccc2sc2ccccc12,O,333.0,-4.77049,-2.392756938934326
O=c1c2ccccc2sc2ccccc12,O,353.0,-4.32406,-2.0785973072052
O=c1c2ccccc2sc2ccccc12,O,373.0,-3.92783,-2.53114914894104
O=c1c2ccccc2sc2ccccc12,O,393.0,-3.47721,-2.6135776042938232
O=c1c2ccccc2sc2ccccc12,O,413.0,-2.99712,-2.6138412952423096
O=c1c2ccccc2sc2ccccc12,O,433.0,-2.56174,-2.6138412952423096
O=c1c2ccccc2sc2ccccc12,O,453.0,-2.18083,-2.6138415336608887
[2H]c1c([2H])c([2H])c2c([2H])c3c([2H])c([2H])c([2H])c([2H])c3c([2H])c2c1[2H],O,323.0,-6.1816,-1.224531650543213
[2H]c1c([2H])c([2H])c2c([2H])c3c([2H])c([2H])c([2H])c([2H])c3c([2H])c2c1[2H],O,373.0,-4.85921,-1.1706806421279907
[2H]c1c([2H])c([2H])c2c([2H])c3c([2H])c([2H])c([2H])c([2H])c3c([2H])c2c1[2H],O,423.0,-3.28083,-1.2565984725952148
[2H]c1c([2H])c([2H])c2c([2H])c3c([2H])c([2H])c([2H])c([2H])c3c([2H])c2c1[2H],O,473.0,-1.9847,-1.2565984725952148
O=C1C(=O)c2ccccc2-c2ccccc21,O,298.15,-4.44311,-2.1599228382110596
O=C1C(=O)c2ccccc2-c2ccccc21,O,298.15,-3.98171,-2.1599228382110596
O=C1C(=O)c2ccccc2-c2ccccc21,O,313.0,-4.51859,-1.8860557079315186
O=C1C(=O)c2ccccc2-c2ccccc21,O,333.0,-4.05385,-1.5230295658111572
O=C1C(=O)c2ccccc2-c2ccccc21,O,353.0,-3.64687,-1.2747206687927246
O=C1C(=O)c2ccccc2-c2ccccc21,O,373.0,-3.24887,-1.6667265892028809
O=C1C(=O)c2ccccc2-c2ccccc21,O,393.0,-2.69059,-1.7452430725097656
O=C1C(=O)c2ccccc2-c2ccccc21,O,413.0,-2.36639,-1.745489478111267
O=C1C(=O)c2ccccc2-c2ccccc21,O,433.0,-1.89548,-1.7454895973205566
O=C1C(=O)c2ccccc2-c2ccccc21,O,453.0,-1.38554,-1.7454898357391357
O=C1C(=O)c2ccccc2-c2ccccc21,O,473.0,-1.05801,-1.7454895973205566
c1ccc2c(c1)ccc1c3ccccc3ccc21,O,298.0,-8.05242,-2.554685354232788
c1ccc2c(c1)ccc1c3ccccc3ccc21,O,298.0,-7.58444,-2.554685354232788
c1ccc2c(c1)ccc1c3ccccc3ccc21,O,298.0,-7.4572,-2.5546858310699463
c1ccc2c(c1)ccc1c3ccccc3ccc21,O,323.0,-7.26078,-2.0634613037109375
c1ccc2c(c1)ccc1c3ccccc3ccc21,O,373.0,-6.16024,-2.03731632232666
c1ccc2c(c1)ccc1c3ccccc3ccc21,O,423.0,-4.51972,-2.117635488510132
c1ccc2c(c1)ccc1c3ccccc3ccc21,O,473.0,-3.12259,-2.1176350116729736
c1ccc2c(c1)ccc1c3ccccc3ccc21,O,498.0,-2.4557,-2.117635726928711
c1ccc2c(c1)C1c3ccccc3C2c2ccccc21,O,313.2,-6.37985,-2.655569076538086
c1ccc2c(c1)C1c3ccccc3C2c2ccccc21,O,333.2,-5.95542,-2.304124355316162
c1ccc2c(c1)C1c3ccccc3C2c2ccccc21,O,353.2,-5.48845,-1.9973303079605103
c1ccc2c(c1)C1c3ccccc3C2c2ccccc21,O,373.2,-5.02159,-2.3998310565948486
c1ccc2c(c1)C1c3ccccc3C2c2ccccc21,O,393.2,-4.56519,-2.4762375354766846
c1ccc2c(c1)C1c3ccccc3C2c2ccccc21,O,413.2,-4.0459,-2.4764716625213623
c1ccc2c(c1)C1c3ccccc3C2c2ccccc21,O,433.2,-3.54029,-2.4764716625213623
c1ccc2c(c1)C1c3ccccc3C2c2ccccc21,O,453.2,-3.05363,-2.476471185684204
c1ccc2c(c1)C1c3ccccc3C2c2ccccc21,O,473.2,-2.54975,-2.4764716625213623
c1ccc2c(c1)C1c3ccccc3C2c2ccccc21,O,493.2,-2.09191,-2.476471424102783
c1ccc2c(c1)C1c3ccccc3C2c2ccccc21,O,513.2,-1.61332,-2.4764716625213623
