solute_smiles,solvent_smiles,temperature,y_true,y_pred
CC(C(=O)O)c1cccc(C(=O)c2ccccc2)c1,Cc1ccccc1,278.15,-1.13392896293359,-0.7647647
CC(C(=O)O)c1cccc(C(=O)c2ccccc2)c1,CC#N,298.15,-0.184418900827674,-0.69186664
CC(C(=O)O)c1cccc(C(=O)c2ccccc2)c1,CC#N,278.15,-0.622625231830459,-1.1511071
CC(C(=O)O)c1cccc(C(=O)c2ccccc2)c1,CC#N,288.15,-0.428452267875106,-0.9190307
CC(C(=O)O)c1cccc(C(=O)c2ccccc2)c1,CC(C)O,293.15,0.092612840082728,-1.019068
CC(C(=O)O)c1cccc(C(=O)c2ccccc2)c1,CC#N,273.15,-0.721110729592785,-1.2688195
CC(C(=O)O)c1cccc(C(=O)c2ccccc2)c1,Cc1ccccc1,288.15,-0.887559234042659,-0.5580931
CC(C(=O)O)c1cccc(C(=O)c2ccccc2)c1,CC#N,283.15,-0.543100795336107,-1.0351009
CC(C(=O)O)c1cccc(C(=O)c2ccccc2)c1,Cc1ccccc1,293.15,-0.750837819484697,-0.4601632
CC(C(=O)O)c1cccc(C(=O)c2ccccc2)c1,CCO,288.15,0.195380223480674,-0.65685606
CC(C(=O)O)c1cccc(C(=O)c2ccccc2)c1,CCOC(C)=O,298.15,0.034059994637913,-0.48607728
CC(C(=O)O)c1cccc(C(=O)c2ccccc2)c1,CCOC(C)=O,298.15,0.034059994637913,-0.48607728
CC(C(=O)O)c1cccc(C(=O)c2ccccc2)c1,CCOC(C)=O,298.15,0.034059994637913,-0.48607728
CC(C(=O)O)c1cccc(C(=O)c2ccccc2)c1,CC(C)O,303.15,0.374665129233712,-0.79954493
CC(C(=O)O)c1cccc(C(=O)c2ccccc2)c1,Cc1ccccc1,273.15,-1.23616904348388,-0.87510496
CC(C(=O)O)c1cccc(C(=O)c2ccccc2)c1,CC#N,293.15,-0.311615353677783,-0.8046295
CC(C(=O)O)c1cccc(C(=O)c2ccccc2)c1,CCO,298.15,0.440035845918325,-0.44071463
CC(C(=O)O)c1cccc(C(=O)c2ccccc2)c1,CCO,298.15,0.440035845918325,-0.44071463
CC(C(=O)O)c1cccc(C(=O)c2ccccc2)c1,CCO,298.15,0.440035845918325,-0.44071463
CC(C(=O)O)c1cccc(C(=O)c2ccccc2)c1,CCO,298.15,0.440035845918325,-0.44071463
CC(C(=O)O)c1cccc(C(=O)c2ccccc2)c1,CCO,298.15,0.440035845918325,-0.44071463
CC(C(=O)O)c1cccc(C(=O)c2ccccc2)c1,CCO,298.15,0.440035845918325,-0.44071463
CC(C(=O)O)c1cccc(C(=O)c2ccccc2)c1,CCO,298.15,0.440035845918325,-0.44071463
CC(C(=O)O)c1cccc(C(=O)c2ccccc2)c1,CO,303.15,0.764168204167601,-0.17542043
CC(C(=O)O)c1cccc(C(=O)c2ccccc2)c1,Cc1ccccc1,298.15,-0.611230558996677,-0.365829
CC(C(=O)O)c1cccc(C(=O)c2ccccc2)c1,CC#N,303.15,-0.070830114725695,-0.5811513
CC(C(=O)O)c1cccc(C(=O)c2ccccc2)c1,CCO,283.15,0.069276231070328,-0.7696532
CC(C(=O)O)c1cccc(C(=O)c2ccccc2)c1,Cc1ccccc1,283.15,-0.98743908964124,-0.6588287
CC(C(=O)O)c1cccc(C(=O)c2ccccc2)c1,CCCCO,288.15,-0.145050268888196,-0.96677136
CC(C(=O)O)c1cccc(C(=O)c2ccccc2)c1,CCO,303.15,0.538488389249764,-0.33561146
CC(C(=O)O)c1cccc(C(=O)c2ccccc2)c1,CCO,303.15,0.538488389249764,-0.33561146
CC(C(=O)O)c1cccc(C(=O)c2ccccc2)c1,CCO,303.15,0.538488389249764,-0.33561146
CC(C(=O)O)c1cccc(C(=O)c2ccccc2)c1,CC(C)O,273.15,-0.501526654261669,-1.4736063
CC(C(=O)O)c1cccc(C(=O)c2ccccc2)c1,CC(C)O,288.15,-0.061890035785486,-1.1296552
CC(C(=O)O)c1cccc(C(=O)c2ccccc2)c1,CO,283.15,0.300330280856691,-0.6099323
CC(C(=O)O)c1cccc(C(=O)c2ccccc2)c1,CCCCO,273.15,-0.462825848333396,-1.314127
CC(C(=O)O)c1cccc(C(=O)c2ccccc2)c1,Cc1ccccc1,303.15,-0.484311866627474,-0.27631527
CC(C(=O)O)c1cccc(C(=O)c2ccccc2)c1,CC(C)O,278.15,-0.291151724748331,-1.3571486
CC(C(=O)O)c1cccc(C(=O)c2ccccc2)c1,CCO,273.15,-0.136921353233738,-1.0046924
CC(C(=O)O)c1cccc(C(=O)c2ccccc2)c1,CO,273.15,0.066081411624599,-0.844911
CC(C(=O)O)c1cccc(C(=O)c2ccccc2)c1,CCOC(C)=O,283.15,-0.219882297108705,-0.7308073
CC(C(=O)O)c1cccc(C(=O)c2ccccc2)c1,CCOC(C)=O,288.15,-0.138368153575321,-0.6478489
CC(C(=O)O)c1cccc(C(=O)c2ccccc2)c1,CCCCO,293.15,-0.010338773376787,-0.8514266
CC(C(=O)O)c1cccc(C(=O)c2ccccc2)c1,CCO,293.15,0.321582965144738,-0.5478296
CC(C(=O)O)c1cccc(C(=O)c2ccccc2)c1,CCO,293.15,0.321582965144738,-0.5478296
CC(C(=O)O)c1cccc(C(=O)c2ccccc2)c1,CCO,293.15,0.321582965144738,-0.5478296
CC(C(=O)O)c1cccc(C(=O)c2ccccc2)c1,CC(C)O,298.15,0.250170217168264,-0.90902454
CC(C(=O)O)c1cccc(C(=O)c2ccccc2)c1,CC(C)O,298.15,0.250170217168264,-0.90902454
CC(C(=O)O)c1cccc(C(=O)c2ccccc2)c1,CC(C)O,298.15,0.250170217168264,-0.90902454
CC(C(=O)O)c1cccc(C(=O)c2ccccc2)c1,CO,293.15,0.563845957148354,-0.38680118
CC(C(=O)O)c1cccc(C(=O)c2ccccc2)c1,CCCCO,278.15,-0.313280585017926,-1.1963307
CC(C(=O)O)c1cccc(C(=O)c2ccccc2)c1,CC(C)O,283.15,-0.215139895730147,-1.2420328
CC(C(=O)O)c1cccc(C(=O)c2ccccc2)c1,CCOC(C)=O,273.15,-0.306222292829015,-0.9078758
CC(C(=O)O)c1cccc(C(=O)c2ccccc2)c1,CCCCO,283.15,-0.254574163421259,-1.0812275
CC(C(=O)O)c1cccc(C(=O)c2ccccc2)c1,CCOC(C)=O,278.15,-0.260855738400649,-0.81817293
CC(C(=O)O)c1cccc(C(=O)c2ccccc2)c1,CO,278.15,0.197671330109434,-0.7263033
CC(C(=O)O)c1cccc(C(=O)c2ccccc2)c1,CCOC(C)=O,303.15,0.104716257762051,-0.40683404
CC(C(=O)O)c1cccc(C(=O)c2ccccc2)c1,C1COCCO1,273.15,0.409772879586309,-1.020859
CC(C(=O)O)c1cccc(C(=O)c2ccccc2)c1,C1COCCO1,288.15,0.52552665353461,-0.8196677
CC(C(=O)O)c1cccc(C(=O)c2ccccc2)c1,CCO,278.15,0.014237495653131,-0.88560903
CC(C(=O)O)c1cccc(C(=O)c2ccccc2)c1,CCOC(C)=O,293.15,-0.051056757414111,-0.5662415
CC(C(=O)O)c1cccc(C(=O)c2ccccc2)c1,CO,288.15,0.441432206694671,-0.49627972
CC(C(=O)O)c1cccc(C(=O)c2ccccc2)c1,CCCCO,303.15,0.224013722455722,-0.62837267
CC(C(=O)O)c1cccc(C(=O)c2ccccc2)c1,C1COCCO1,283.15,0.483909993928883,-0.8863999
CC(C(=O)O)c1cccc(C(=O)c2ccccc2)c1,C1COCCO1,293.15,0.588374097614797,-0.752876
CC(C(=O)O)c1cccc(C(=O)c2ccccc2)c1,CCCCO,298.15,0.135245335453617,-0.73891616
CC(C(=O)O)c1cccc(C(=O)c2ccccc2)c1,CCCCO,298.15,0.135245335453617,-0.73891616
CC(C(=O)O)c1cccc(C(=O)c2ccccc2)c1,C1COCCO1,278.15,0.447963858597497,-0.95329475
CC(C(=O)O)c1cccc(C(=O)c2ccccc2)c1,CO,298.15,0.698405525591575,-0.27943993
CC(C(=O)O)c1cccc(C(=O)c2ccccc2)c1,CO,298.15,0.698405525591575,-0.27943993
CC(C(=O)O)c1cccc(C(=O)c2ccccc2)c1,CO,298.15,0.698405525591575,-0.27943993
CC(C(=O)O)c1cccc(C(=O)c2ccccc2)c1,CO,298.15,0.698405525591575,-0.27943993
CC(C(=O)O)c1cccc(C(=O)c2ccccc2)c1,CO,298.15,0.698405525591575,-0.27943993
CC(C(=O)O)c1cccc(C(=O)c2ccccc2)c1,CO,298.15,0.698405525591575,-0.27943993
CC(C(=O)O)c1cccc(C(=O)c2ccccc2)c1,CO,298.15,0.698405525591575,-0.27943993
CC(C(=O)O)c1cccc(C(=O)c2ccccc2)c1,C1COCCO1,303.15,0.643831704761868,-0.61477757
CC(C(=O)O)c1cccc(C(=O)c2ccccc2)c1,C1COCCO1,298.15,0.613394556453111,-0.68398523
CC(C(=O)O)c1cccc(C(=O)c2ccccc2)c1,CCO,298.15,-0.642995145026669,-0.44071463
CC(C(=O)O)c1cccc(C(=O)c2ccccc2)c1,CCO,298.15,-0.642995145026669,-0.44071463
CC(C(=O)O)c1cccc(C(=O)c2ccccc2)c1,CCO,298.15,-0.642995145026669,-0.44071463
CC(C(=O)O)c1cccc(C(=O)c2ccccc2)c1,CCO,298.15,-0.642995145026669,-0.44071463
CC(C(=O)O)c1cccc(C(=O)c2ccccc2)c1,CCO,298.15,-0.642995145026669,-0.44071463
CC(C(=O)O)c1cccc(C(=O)c2ccccc2)c1,CCO,298.15,-0.642995145026669,-0.44071463
CC(C(=O)O)c1cccc(C(=O)c2ccccc2)c1,CCO,298.15,-0.642995145026669,-0.44071463
CC(C(=O)O)c1cccc(C(=O)c2ccccc2)c1,CCO,293.15,-0.266747417664171,-0.5478296
CC(C(=O)O)c1cccc(C(=O)c2ccccc2)c1,CCO,293.15,-0.266747417664171,-0.5478296
CC(C(=O)O)c1cccc(C(=O)c2ccccc2)c1,CCO,293.15,-0.266747417664171,-0.5478296
CC(C(=O)O)c1cccc(C(=O)c2ccccc2)c1,CO,298.15,0.008462604696959,-0.27943993
CC(C(=O)O)c1cccc(C(=O)c2ccccc2)c1,CO,298.15,0.008462604696959,-0.27943993
CC(C(=O)O)c1cccc(C(=O)c2ccccc2)c1,CO,298.15,0.008462604696959,-0.27943993
CC(C(=O)O)c1cccc(C(=O)c2ccccc2)c1,CO,298.15,0.008462604696959,-0.27943993
CC(C(=O)O)c1cccc(C(=O)c2ccccc2)c1,CO,298.15,0.008462604696959,-0.27943993
CC(C(=O)O)c1cccc(C(=O)c2ccccc2)c1,CO,298.15,0.008462604696959,-0.27943993
CC(C(=O)O)c1cccc(C(=O)c2ccccc2)c1,CO,298.15,0.008462604696959,-0.27943993
CC(C(=O)O)c1cccc(C(=O)c2ccccc2)c1,CO,298.15,0.043660649228208,-0.27943993
CC(C(=O)O)c1cccc(C(=O)c2ccccc2)c1,CO,298.15,0.043660649228208,-0.27943993
CC(C(=O)O)c1cccc(C(=O)c2ccccc2)c1,CO,298.15,0.043660649228208,-0.27943993
CC(C(=O)O)c1cccc(C(=O)c2ccccc2)c1,CO,298.15,0.043660649228208,-0.27943993
CC(C(=O)O)c1cccc(C(=O)c2ccccc2)c1,CO,298.15,0.043660649228208,-0.27943993
CC(C(=O)O)c1cccc(C(=O)c2ccccc2)c1,CO,298.15,0.043660649228208,-0.27943993
CC(C(=O)O)c1cccc(C(=O)c2ccccc2)c1,CO,298.15,0.043660649228208,-0.27943993
CC(C(=O)O)c1cccc(C(=O)c2ccccc2)c1,CCO,298.15,-0.104312448394917,-0.44071463
CC(C(=O)O)c1cccc(C(=O)c2ccccc2)c1,CCO,298.15,-0.104312448394917,-0.44071463
CC(C(=O)O)c1cccc(C(=O)c2ccccc2)c1,CCO,298.15,-0.104312448394917,-0.44071463
CC(C(=O)O)c1cccc(C(=O)c2ccccc2)c1,CCO,298.15,-0.104312448394917,-0.44071463
CC(C(=O)O)c1cccc(C(=O)c2ccccc2)c1,CCO,298.15,-0.104312448394917,-0.44071463
CC(C(=O)O)c1cccc(C(=O)c2ccccc2)c1,CCO,298.15,-0.104312448394917,-0.44071463
CC(C(=O)O)c1cccc(C(=O)c2ccccc2)c1,CCO,298.15,-0.104312448394917,-0.44071463
CC(C(=O)O)c1cccc(C(=O)c2ccccc2)c1,CCO,303.15,0.054664565410516,-0.33561146
CC(C(=O)O)c1cccc(C(=O)c2ccccc2)c1,CCO,303.15,0.054664565410516,-0.33561146
CC(C(=O)O)c1cccc(C(=O)c2ccccc2)c1,CCO,303.15,0.054664565410516,-0.33561146
CC(C(=O)O)c1cccc(C(=O)c2ccccc2)c1,CCO,298.15,0.066565548989918,-0.44071463
CC(C(=O)O)c1cccc(C(=O)c2ccccc2)c1,CCO,298.15,0.066565548989918,-0.44071463
CC(C(=O)O)c1cccc(C(=O)c2ccccc2)c1,CCO,298.15,0.066565548989918,-0.44071463
CC(C(=O)O)c1cccc(C(=O)c2ccccc2)c1,CCO,298.15,0.066565548989918,-0.44071463
CC(C(=O)O)c1cccc(C(=O)c2ccccc2)c1,CCO,298.15,0.066565548989918,-0.44071463
CC(C(=O)O)c1cccc(C(=O)c2ccccc2)c1,CCO,298.15,0.066565548989918,-0.44071463
CC(C(=O)O)c1cccc(C(=O)c2ccccc2)c1,CCO,298.15,0.066565548989918,-0.44071463
CC(C(=O)O)c1cccc(C(=O)c2ccccc2)c1,CCO,298.15,0.10894319399909,-0.44071463
CC(C(=O)O)c1cccc(C(=O)c2ccccc2)c1,CCO,298.15,0.10894319399909,-0.44071463
CC(C(=O)O)c1cccc(C(=O)c2ccccc2)c1,CCO,298.15,0.10894319399909,-0.44071463
CC(C(=O)O)c1cccc(C(=O)c2ccccc2)c1,CCO,298.15,0.10894319399909,-0.44071463
CC(C(=O)O)c1cccc(C(=O)c2ccccc2)c1,CCO,298.15,0.10894319399909,-0.44071463
CC(C(=O)O)c1cccc(C(=O)c2ccccc2)c1,CCO,298.15,0.10894319399909,-0.44071463
CC(C(=O)O)c1cccc(C(=O)c2ccccc2)c1,CCO,298.15,0.10894319399909,-0.44071463
CC(C(=O)O)c1cccc(C(=O)c2ccccc2)c1,CCCCO,298.15,0.016777939995468,-0.73891616
CC(C(=O)O)c1cccc(C(=O)c2ccccc2)c1,CCCCO,298.15,0.016777939995468,-0.73891616
CC(C(=O)O)c1cccc(C(=O)c2ccccc2)c1,CC(C)O,298.15,0.277869277145611,-0.90902454
CC(C(=O)O)c1cccc(C(=O)c2ccccc2)c1,CC(C)O,298.15,0.277869277145611,-0.90902454
CC(C(=O)O)c1cccc(C(=O)c2ccccc2)c1,CC(C)O,298.15,0.277869277145611,-0.90902454
CC(C(=O)O)c1cccc(C(=O)c2ccccc2)c1,CCOC(C)=O,298.15,0.267273214736891,-0.48607728
CC(C(=O)O)c1cccc(C(=O)c2ccccc2)c1,CCOC(C)=O,298.15,0.267273214736891,-0.48607728
CC(C(=O)O)c1cccc(C(=O)c2ccccc2)c1,CCOC(C)=O,298.15,0.267273214736891,-0.48607728
CC(C(=O)O)c1cccc(C(=O)c2ccccc2)c1,CO,298.15,0.658680938174487,-0.27943993
CC(C(=O)O)c1cccc(C(=O)c2ccccc2)c1,CO,298.15,0.658680938174487,-0.27943993
CC(C(=O)O)c1cccc(C(=O)c2ccccc2)c1,CO,298.15,0.658680938174487,-0.27943993
CC(C(=O)O)c1cccc(C(=O)c2ccccc2)c1,CO,298.15,0.658680938174487,-0.27943993
CC(C(=O)O)c1cccc(C(=O)c2ccccc2)c1,CO,298.15,0.658680938174487,-0.27943993
CC(C(=O)O)c1cccc(C(=O)c2ccccc2)c1,CO,298.15,0.658680938174487,-0.27943993
CC(C(=O)O)c1cccc(C(=O)c2ccccc2)c1,CO,298.15,0.658680938174487,-0.27943993
CC(C(=O)O)c1cccc(C(=O)c2ccccc2)c1,CO,298.15,0.85360586723241,-0.27943993
CC(C(=O)O)c1cccc(C(=O)c2ccccc2)c1,CO,298.15,0.85360586723241,-0.27943993
CC(C(=O)O)c1cccc(C(=O)c2ccccc2)c1,CO,298.15,0.85360586723241,-0.27943993
CC(C(=O)O)c1cccc(C(=O)c2ccccc2)c1,CO,298.15,0.85360586723241,-0.27943993
CC(C(=O)O)c1cccc(C(=O)c2ccccc2)c1,CO,298.15,0.85360586723241,-0.27943993
CC(C(=O)O)c1cccc(C(=O)c2ccccc2)c1,CO,298.15,0.85360586723241,-0.27943993
CC(C(=O)O)c1cccc(C(=O)c2ccccc2)c1,CO,298.15,0.85360586723241,-0.27943993
CC(=O)NCC(=O)O,CC#N,278.15,-1.20144106047347,-1.3627124
CC(=O)NCC(=O)O,CO,278.15,-1.01358893274034,-0.41096506
CC(=O)NCC(=O)O,CO,278.15,-1.01358893274034,-0.41096506
CC(=O)NCC(=O)O,CC#N,283.15,-1.12219879188122,-1.2905906
CC(=O)NCC(=O)O,CC#N,283.15,-1.12219879188122,-1.2905906
CC(=O)NCC(=O)O,CC#N,288.15,-1.05363138663296,-1.219436
CC(=O)NCC(=O)O,CC#N,288.15,-1.05363138663296,-1.219436
CC(=O)NCC(=O)O,CO,283.15,-0.924736046111536,-0.34488535
CC(=O)NCC(=O)O,CO,283.15,-0.924736046111536,-0.34488535
CC(=O)NCC(=O)O,CC#N,293.15,-0.987266675283721,-1.1497772
CC(=O)NCC(=O)O,CC#N,293.15,-0.987266675283721,-1.1497772
CC(=O)NCC(=O)O,CO,288.15,-0.839124847200427,-0.2804739
CC(=O)NCC(=O)O,CO,288.15,-0.839124847200427,-0.2804739
CC(=O)NCC(=O)O,CC#N,298.15,-0.910042088111829,-1.0810412
CC(=O)NCC(=O)O,CC#N,298.15,-0.910042088111829,-1.0810412
CC(=O)NCC(=O)O,CO,293.15,-0.755463861297961,-0.21726552
CC(=O)NCC(=O)O,CO,293.15,-0.755463861297961,-0.21726552
CC(=O)NCC(=O)O,CO,293.15,-0.755463861297961,-0.21726552
CC(=O)NCC(=O)O,CC#N,303.15,-0.852444382434004,-1.0136439
CC(=O)NCC(=O)O,CC#N,303.15,-0.852444382434004,-1.0136439
CC(=O)NCC(=O)O,CO,298.15,-0.670573101854603,-0.15512095
CC(=O)NCC(=O)O,CO,298.15,-0.670573101854603,-0.15512095
CC(=O)NCC(=O)O,CC#N,308.15,-0.782114237888694,-0.9480463
CC(=O)NCC(=O)O,CC#N,308.15,-0.782114237888694,-0.9480463
CC(=O)NCC(=O)O,CO,303.15,-0.592687142342976,-0.09434517
CC(=O)NCC(=O)O,CO,303.15,-0.592687142342976,-0.09434517
CC(=O)NCC(=O)O,CC#N,313.15,-0.704752143673926,-0.88310647
CC(=O)NCC(=O)O,CC#N,313.15,-0.704752143673926,-0.88310647
CC(=O)NCC(=O)O,CC#N,318.15,-0.645526524701657,-0.818468
CC(=O)NCC(=O)O,CC#N,318.15,-0.645526524701657,-0.818468
CC(=O)NCC(=O)O,CO,308.15,-0.514010663968744,-0.036272928
CC(=O)NCC(=O)O,CO,308.15,-0.514010663968744,-0.036272928
CC(=O)NCC(=O)O,CC#N,323.15,-0.590623970206856,-0.7542578
CC(=O)NCC(=O)O,CC#N,323.15,-0.590623970206856,-0.7542578
CC(=O)NCC(=O)O,CO,313.15,-0.436871512215176,0.020466119
CC(=O)NCC(=O)O,CO,313.15,-0.436871512215176,0.020466119
CC(=O)NCC(=O)O,CC#N,328.15,-0.51087325390144,-0.69117856
CC(=O)NCC(=O)O,CC#N,328.15,-0.51087325390144,-0.69117856
CC(=O)NCC(=O)O,CO,318.15,-0.361546546741888,0.07683991
CC(=O)NCC(=O)O,CO,318.15,-0.361546546741888,0.07683991
CC(=O)NCC(=O)O,CO,323.15,-0.334561488886642,0.13229086
CC(=O)NCC(=O)O,CO,323.15,-0.334561488886642,0.13229086
CC(=O)NCC(=O)O,CC#N,333.15,-0.439511039011634,-0.62813956
CC(=O)NCC(=O)O,CC#N,333.15,-0.439511039011634,-0.62813956
CC(=O)NCC(=O)O,CO,328.15,-0.213841444406527,0.18612866
CC(=O)NCC(=O)O,CO,328.15,-0.213841444406527,0.18612866
CC(=O)NCC(=O)O,CO,333.15,-0.141819036129891,0.23896946
CC(=O)NCC(=O)O,CO,333.15,-0.141819036129891,0.23896946
CCc1ccc2c(c1)C(=O)c1ccccc1C2=O,C1COCCO1,298.15,0.109924890579254,-0.33741528
CCc1ccc2c(c1)C(=O)c1ccccc1C2=O,C1CCOC1,298.15,0.303573053749814,-0.26851714
O=C(O)c1cccc(Cl)c1,C1COCCO1,298.15,0.30919472956788,0.10372399
c1ccc2c(c1)Cc1ccccc1O2,C1COCCO1,298.15,0.315006134127923,0.12135251
c1ccc2c(c1)Nc1ccccc1S2,C1CCOC1,298.15,0.374929096575928,-0.101177335
c1ccc2c(c1)Cc1ccccc1O2,C1CCOC1,298.15,0.450111020228878,-0.25083077
CC(=O)NCC(=O)O,CCCCO,278.15,-1.79617603947884,-1.147519
CC(=O)NCC(=O)O,CCCO,278.15,-1.67876698980863,-0.9048651
CC(=O)NCC(=O)O,CCCCO,282.15,-1.72379408444191,-1.0821863
CC(=O)NCC(=O)O,CC(C)O,278.15,-1.61558240353031,-0.8323924
CC(=O)NCC(=O)O,CCCO,282.15,-1.59329556629719,-0.8394136
CC(=O)NCC(=O)O,CCCCO,286.15,-1.65045779113283,-1.0174806
CC(=O)NCC(=O)O,CC(C)O,282.15,-1.54326464487597,-0.7689202
CC(=O)NCC(=O)O,CCCO,286.15,-1.52989481832581,-0.77555764
CC(=O)NCC(=O)O,CCO,278.15,-1.41068113990399,-0.6387198
CC(=O)NCC(=O)O,CCCCO,290.15,-1.59243568257106,-0.95459723
CC(=O)NCC(=O)O,CCCO,290.15,-1.45679873318559,-0.71280694
CC(=O)NCC(=O)O,CC(C)O,286.15,-1.46366448803578,-0.7073674
CC(=O)NCC(=O)O,CCCCO,293.15,-1.53938344869495,-0.9079616
CC(=O)NCC(=O)O,CCCCO,293.15,-1.53938344869495,-0.9079616
CC(=O)NCC(=O)O,CCO,282.15,-1.33087387449231,-0.58026636
CC(=O)NCC(=O)O,CCCO,293.15,-1.41233190550853,-0.66626126
CC(=O)NCC(=O)O,CCCO,293.15,-1.41233190550853,-0.66626126
CC(=O)NCC(=O)O,CCCCO,297.15,-1.47665223256482,-0.8467753
CC(=O)NCC(=O)O,CC(C)O,290.15,-1.39568843277187,-0.647527
CC(=O)NCC(=O)O,CCO,286.15,-1.26010095602601,-0.5236194
CC(=O)NCC(=O)O,CC(C)O,293.15,-1.35859818060103,-0.6029085
CC(=O)NCC(=O)O,CC(C)O,293.15,-1.35859818060103,-0.6029085
CC(=O)NCC(=O)O,CCCO,297.15,-1.34906716167208,-0.6052096
CC(=O)NCC(=O)O,CCCCO,302.15,-1.40506256073381,-0.7713199
CC(=O)NCC(=O)O,CCO,290.15,-1.19970214482298,-0.4681828
CC(=O)NCC(=O)O,CO,278.15,-1.01941778566241,-0.41096506
CC(=O)NCC(=O)O,CO,278.15,-1.01941778566241,-0.41096506
CC(=O)NCC(=O)O,CC(C)O,297.15,-1.2863273124206,-0.5441538
CC(=O)NCC(=O)O,CCCO,302.15,-1.2745300836842,-0.5317396
CC(=O)NCC(=O)O,CCO,293.15,-1.15406484997764,-0.42707172
CC(=O)NCC(=O)O,CCO,293.15,-1.15406484997764,-0.42707172
CC(=O)NCC(=O)O,CCCCO,307.15,-1.33769827585645,-0.69721365
CC(=O)NCC(=O)O,CO,282.15,-0.937643387388639,-0.35787636
CC(=O)NCC(=O)O,CCCO,307.15,-1.20092309820408,-0.45992044
CC(=O)NCC(=O)O,CCO,297.15,-1.08624079582903,-0.37329394
CC(=O)NCC(=O)O,CC(C)O,302.15,-1.20551294798109,-0.471617
CC(=O)NCC(=O)O,CCCCO,311.15,-1.2853918579375,-0.6384915
CC(=O)NCC(=O)O,CCCO,311.15,-1.14614451676453,-0.40298098
CC(=O)NCC(=O)O,CCCCO,315.15,-1.23243161936879,-0.58067596
CC(=O)NCC(=O)O,CO,286.15,-0.860358587483847,-0.305983
CC(=O)NCC(=O)O,CCO,302.15,-1.01602407429151,-0.30679026
CC(=O)NCC(=O)O,CC(C)O,307.15,-1.13393182723458,-0.40250945
CC(=O)NCC(=O)O,CO,290.15,-0.810663523888319,-0.25517932
CC(=O)NCC(=O)O,CCCO,315.15,-1.08551809037686,-0.347358
CC(=O)NCC(=O)O,CCCCO,319.15,-1.17409662942536,-0.5242454
CC(=O)NCC(=O)O,CC(C)O,311.15,-1.0763715454105,-0.34878284
CC(=O)NCC(=O)O,CCO,307.15,-0.938113531267216,-0.24143021
CC(=O)NCC(=O)O,CO,293.15,-0.747471671185068,-0.21726552
CC(=O)NCC(=O)O,CO,293.15,-0.747471671185068,-0.21726552
CC(=O)NCC(=O)O,CO,293.15,-0.747471671185068,-0.21726552
CC(=O)NCC(=O)O,CCCO,319.15,-1.02050741759807,-0.2928171
CC(=O)NCC(=O)O,CC(C)O,315.15,-1.01856135654591,-0.29603213
CC(=O)NCC(=O)O,CCO,311.15,-0.888042793063911,-0.19017646
CC(=O)NCC(=O)O,CO,297.15,-0.678985823928658,-0.16733709
CC(=O)NCC(=O)O,CC(C)O,319.15,-0.956428164721119,-0.24416748
CC(=O)NCC(=O)O,CCO,315.15,-0.820229525431342,-0.13959892
CC(=O)NCC(=O)O,CO,302.15,-0.599095283599961,-0.10627282
CC(=O)NCC(=O)O,CCO,319.15,-0.758226526216731,-0.08972983
CC(=O)NCC(=O)O,CO,307.15,-0.523281543772243,-0.047713324
CC(=O)NCC(=O)O,CO,311.15,-0.468644583088443,-0.002196893
CC(=O)NCC(=O)O,CO,315.15,-0.404319492859752,0.042960882
CC(=O)NCC(=O)O,CO,319.15,-0.338831324384647,0.08805102
COc1ccc(C(=O)O)cc1,CC(O)COC(C)(C)C,298.15,-0.731257063103725,-0.61032057
O=C(O)c1ccc(Cl)cc1,CCCCOCCO,298.15,-0.629150423327878,0.12963915
O=C(O)c1ccc(Cl)cc1,CCCOCCO,298.15,-0.553322182483099,0.29515702
COc1ccc(C(=O)O)cc1,CCCOCCO,298.15,-0.519759553424229,-0.11664386
O=C(O)c1ccc(Cl)cc1,CCOCCO,298.15,-0.445113818421897,0.3192168
O=C(O)c1ccc(Cl)cc1,CC(C)OCCO,298.15,-0.49703909111853,0.10192034
COc1ccc(C(=O)O)cc1,CC(C)OCCO,298.15,-0.488219873923976,-0.23249741
COc1ccc(C(=O)O)cc1,COC(C)CCO,298.15,-0.464042146743842,-0.113009885
COc1ccc(C(=O)O)cc1,CCCCOCCO,298.15,-0.516668337357905,-0.35563904
COc1ccc(C(=O)O)cc1,CCOCCO,298.15,-0.354462549082363,0.046132997
CC(=O)Nc1ccc(O)cc1,CC(O)COC(C)(C)C,298.15,-0.542984814770987,-1.0348871
CC(=O)Nc1ccc(O)cc1,CCCCOCCO,298.15,-0.303071450414212,-0.78281045
CC(=O)Nc1ccc(O)cc1,COC(C)CCO,298.15,-0.191561782191975,-0.62509096
CC(=O)Nc1ccc(O)cc1,CCCOCCO,298.15,-0.114667921543888,-0.5875964
NC(=O)c1ccccc1O,COC(C)CCO,298.15,-0.082395734759931,-0.06482959
CC(=O)Nc1ccc(O)cc1,CC(C)OCCO,298.15,-0.077207261736701,-0.7012696
NC(=O)c1ccccc1O,CCCCOCCO,298.15,-0.129205852359214,-0.17264687
NC(=O)c1ccccc1O,CC(O)COC(C)(C)C,298.15,-0.137557499622091,-0.5975063
NC(=O)c1ccccc1O,CC(C)OCCO,298.15,0.002563974674933,-0.1661303
NC(=O)c1ccccc1O,CCCOCCO,298.15,0.031530361669057,0.08705543
CC(=O)Nc1ccc(O)cc1,CCOCCO,298.15,0.167667153408725,-0.4913031
NC(=O)c1ccccc1O,CCOCCO,298.15,0.195936702007644,0.110141054
c1ccc(-c2ccccc2)cc1,CCOCCO,298.15,0.227952671259205,0.15562184
c1ccc(-c2ccccc2)cc1,COC(C)CCO,298.15,0.184451800652862,0.13997419
c1ccc(-c2ccccc2)cc1,CCCCOCCO,298.15,0.145801380635228,0.2927009
c1ccc(-c2ccccc2)cc1,CC(C)OCCO,298.15,0.222332628813049,0.064430416
c1ccc(-c2ccccc2)cc1,CCCOCCO,298.15,0.249205346154776,0.5760721
Cc1cccc(C(=O)O)c1,COC(C)CCO,298.15,0.362883055015592,0.1668885
Cc1cccc(C(=O)O)c1,CCOCCO,298.15,0.43852950503609,0.25134343
Cc1cccc(C(=O)O)c1,CCCOCCO,298.15,0.369249176452311,0.30138856
Cc1cccc(C(=O)O)c1,CCCCOCCO,298.15,0.323413792818004,0.07489632
Cc1cccc(C(=O)O)c1,CC(O)COC(C)(C)C,298.15,0.285181505545232,-0.24150075
Cc1cccc(C(=O)O)c1,CC(C)OCCO,298.15,0.407140660984461,0.04678446
CCCCOC(=O)c1ccc(N)cc1,Cc1ccccc1,268.15,-0.495399091061913,-1.1738375
CCCCOC(=O)c1ccc(N)cc1,Cc1ccccc1,268.15,-0.495399091061913,-1.1738375
CCCCOC(=O)c1ccc(N)cc1,CC(C)O,268.15,-0.31148628654615,-0.9020326
CCCCOC(=O)c1ccc(N)cc1,CC(C)O,268.15,-0.31148628654615,-0.9020326
CCCCOC(=O)c1ccc(N)cc1,CO,268.15,0.036361390705293,-0.42327514
CCCCOC(=O)c1ccc(N)cc1,CO,268.15,0.036361390705293,-0.42327514
CCCCOC(=O)c1ccc(N)cc1,CCCCO,268.15,-0.320245909291246,-0.70902926
CCCCOC(=O)c1ccc(N)cc1,CCCCO,268.15,-0.320245909291246,-0.70902926
CCCCOC(=O)c1ccc(N)cc1,CCCO,268.15,-0.211366267311664,-0.7274866
CCCCOC(=O)c1ccc(N)cc1,CCCO,268.15,-0.211366267311664,-0.7274866
CCCCOC(=O)c1ccc(N)cc1,CC(C)O,273.15,-0.180354969263098,-0.78430223
CCCCOC(=O)c1ccc(N)cc1,CC(C)O,273.15,-0.180354969263098,-0.78430223
CCCCOC(=O)c1ccc(N)cc1,Cc1ccccc1,273.15,-0.323928952172816,-1.0595201
CCCCOC(=O)c1ccc(N)cc1,Cc1ccccc1,273.15,-0.323928952172816,-1.0595201
CCCCOC(=O)c1ccc(N)cc1,CCCCO,273.15,-0.205249478189298,-0.60380733
CCCCOC(=O)c1ccc(N)cc1,CCCCO,273.15,-0.205249478189298,-0.60380733
CCCCOC(=O)c1ccc(N)cc1,CO,273.15,0.176302660122643,-0.32651573
CCCCOC(=O)c1ccc(N)cc1,CO,273.15,0.176302660122643,-0.32651573
CCCCOC(=O)c1ccc(N)cc1,CCCO,273.15,-0.091908369966274,-0.61783874
CCCCOC(=O)c1ccc(N)cc1,CCCO,273.15,-0.091908369966274,-0.61783874
CCCCOC(=O)c1ccc(N)cc1,CC(C)O,278.15,-0.033625415920453,-0.6682799
CCCCOC(=O)c1ccc(N)cc1,CC(C)O,278.15,-0.033625415920453,-0.6682799
CCCCOC(=O)c1ccc(N)cc1,Cc1ccccc1,278.15,-0.156112930816894,-0.9467367
CCCCOC(=O)c1ccc(N)cc1,Cc1ccccc1,278.15,-0.156112930816894,-0.9467367
CCCCOC(=O)c1ccc(N)cc1,CCCCO,278.15,-0.071921731611849,-0.50145555
CCCCOC(=O)c1ccc(N)cc1,CCCCO,278.15,-0.071921731611849,-0.50145555
CCCCOC(=O)c1ccc(N)cc1,CO,278.15,0.315550562955232,-0.23179983
CCCCOC(=O)c1ccc(N)cc1,CO,278.15,0.315550562955232,-0.23179983
CCCCOC(=O)c1ccc(N)cc1,CCCO,278.15,0.054331984483622,-0.5116391
CCCCOC(=O)c1ccc(N)cc1,CCCO,278.15,0.054331984483622,-0.5116391
CCCCOC(=O)c1ccc(N)cc1,CC(C)O,283.15,0.122342829158892,-0.55466115
CCCCOC(=O)c1ccc(N)cc1,CC(C)O,283.15,0.122342829158892,-0.55466115
CCCCOC(=O)c1ccc(N)cc1,CCCCO,283.15,0.063896573671273,-0.40281838
CCCCOC(=O)c1ccc(N)cc1,CCCCO,283.15,0.063896573671273,-0.40281838
CCCCOC(=O)c1ccc(N)cc1,CCCO,283.15,0.186130621276686,-0.40921623
CCCCOC(=O)c1ccc(N)cc1,CCCO,283.15,0.186130621276686,-0.40921623
CCCCOC(=O)c1ccc(N)cc1,CO,283.15,0.463069056300279,-0.14127386
CCCCOC(=O)c1ccc(N)cc1,CO,283.15,0.463069056300279,-0.14127386
CCCCOC(=O)c1ccc(N)cc1,Cc1ccccc1,283.15,0.061564042861787,-0.83622956
CCCCOC(=O)c1ccc(N)cc1,Cc1ccccc1,283.15,0.061564042861787,-0.83622956
CCCCOC(=O)c1ccc(N)cc1,CC(C)O,288.15,0.286110402452139,-0.44509763
CCCCOC(=O)c1ccc(N)cc1,CC(C)O,288.15,0.286110402452139,-0.44509763
CCCCOC(=O)c1ccc(N)cc1,CCCCO,288.15,0.226603933383674,-0.30843878
CCCCOC(=O)c1ccc(N)cc1,CCCCO,288.15,0.226603933383674,-0.30843878
CCCCOC(=O)c1ccc(N)cc1,CCCO,288.15,0.318226614139853,-0.30975515
CCCCOC(=O)c1ccc(N)cc1,CCCO,288.15,0.318226614139853,-0.30975515
CCCCOC(=O)c1ccc(N)cc1,CO,288.15,0.614475772668347,-0.053228185
CCCCOC(=O)c1ccc(N)cc1,CO,288.15,0.614475772668347,-0.053228185
CCCCOC(=O)c1ccc(N)cc1,Cc1ccccc1,288.15,0.219460795378231,-0.7285339
CCCCOC(=O)c1ccc(N)cc1,Cc1ccccc1,288.15,0.219460795378231,-0.7285339
CCCCOC(=O)c1ccc(N)cc1,CCCCO,293.15,0.388919088638752,-0.21985854
CCCCOC(=O)c1ccc(N)cc1,CCCCO,293.15,0.388919088638752,-0.21985854
CCCCOC(=O)c1ccc(N)cc1,CC(C)O,293.15,0.472869308168644,-0.34163177
CCCCOC(=O)c1ccc(N)cc1,CC(C)O,293.15,0.472869308168644,-0.34163177
CCCCOC(=O)c1ccc(N)cc1,CCCO,293.15,0.485307062894278,-0.21480018
CCCCOC(=O)c1ccc(N)cc1,CCCO,293.15,0.485307062894278,-0.21480018
CCCCOC(=O)c1ccc(N)cc1,CO,293.15,0.785765223834136,0.032562613
CCCCOC(=O)c1ccc(N)cc1,CO,293.15,0.785765223834136,0.032562613
CCCCOC(=O)c1ccc(N)cc1,Cc1ccccc1,293.15,0.429254133509264,-0.6234349
CCCCOC(=O)c1ccc(N)cc1,Cc1ccccc1,293.15,0.429254133509264,-0.6234349
CCCCOC(=O)c1ccc(N)cc1,CCCCO,298.15,0.550043250372518,-0.13368684
CCCCOC(=O)c1ccc(N)cc1,CCCCO,298.15,0.550043250372518,-0.13368684
CCCCOC(=O)c1ccc(N)cc1,CCCO,298.15,0.657176313104045,-0.12379892
CCCCOC(=O)c1ccc(N)cc1,CCCO,298.15,0.657176313104045,-0.12379892
CCCCOC(=O)c1ccc(N)cc1,CC(C)O,298.15,0.663467712214264,-0.24365345
CCCCOC(=O)c1ccc(N)cc1,CC(C)O,298.15,0.663467712214264,-0.24365345
CCCCOC(=O)c1ccc(N)cc1,CO,298.15,0.967847806338154,0.11546746
CCCCOC(=O)c1ccc(N)cc1,CO,298.15,0.967847806338154,0.11546746
CCCCOC(=O)c1ccc(N)cc1,Cc1ccccc1,298.15,0.594395030415425,-0.5201123
CCCCOC(=O)c1ccc(N)cc1,Cc1ccccc1,298.15,0.594395030415425,-0.5201123
CCCCOC(=O)c1ccc(N)cc1,Cc1ccccc1,273.15,-0.320996788728757,-1.0595201
CCCCOC(=O)c1ccc(N)cc1,Cc1ccccc1,273.15,-0.320996788728757,-1.0595201
CCCCOC(=O)c1ccc(N)cc1,CCCO,298.15,0.658050018390129,-0.12379892
CCCCOC(=O)c1ccc(N)cc1,CCCO,298.15,0.658050018390129,-0.12379892
CCCCOC(=O)c1ccc(N)cc1,CCCCO,268.15,-0.316975892012543,-0.70902926
CCCCOC(=O)c1ccc(N)cc1,CCCCO,268.15,-0.316975892012543,-0.70902926
CCCCOC(=O)c1ccc(N)cc1,CC(C)O,298.15,0.662348510640036,-0.24365345
CCCCOC(=O)c1ccc(N)cc1,CC(C)O,298.15,0.662348510640036,-0.24365345
CCCCOC(=O)c1ccc(N)cc1,CC(C)O,268.15,-0.307857728953871,-0.9020326
CCCCOC(=O)c1ccc(N)cc1,CC(C)O,268.15,-0.307857728953871,-0.9020326
CCCCOC(=O)c1ccc(N)cc1,CCCO,268.15,-0.210992525297253,-0.7274866
CCCCOC(=O)c1ccc(N)cc1,CCCO,268.15,-0.210992525297253,-0.7274866
CCCCOC(=O)c1ccc(N)cc1,CCCCO,273.15,-0.20645686489857,-0.60380733
CCCCOC(=O)c1ccc(N)cc1,CCCCO,273.15,-0.20645686489857,-0.60380733
CCCCOC(=O)c1ccc(N)cc1,CO,293.15,0.786597880312748,0.032562613
CCCCOC(=O)c1ccc(N)cc1,CO,293.15,0.786597880312748,0.032562613
CCCCOC(=O)c1ccc(N)cc1,Cc1ccccc1,278.15,-0.153971749246051,-0.9467367
CCCCOC(=O)c1ccc(N)cc1,Cc1ccccc1,278.15,-0.153971749246051,-0.9467367
CCCCOC(=O)c1ccc(N)cc1,CC(C)O,273.15,-0.178845896923595,-0.78430223
CCCCOC(=O)c1ccc(N)cc1,CC(C)O,273.15,-0.178845896923595,-0.78430223
CCCCOC(=O)c1ccc(N)cc1,CCCO,273.15,-0.093837471078746,-0.61783874
CCCCOC(=O)c1ccc(N)cc1,CCCO,273.15,-0.093837471078746,-0.61783874
CCCCOC(=O)c1ccc(N)cc1,CCCCO,278.15,-0.072455779361258,-0.50145555
CCCCOC(=O)c1ccc(N)cc1,CCCCO,278.15,-0.072455779361258,-0.50145555
CCCCOC(=O)c1ccc(N)cc1,CC(C)O,278.15,-0.035908529465627,-0.6682799
CCCCOC(=O)c1ccc(N)cc1,CC(C)O,278.15,-0.035908529465627,-0.6682799
CCCCOC(=O)c1ccc(N)cc1,CO,298.15,0.967028230061736,0.11546746
CCCCOC(=O)c1ccc(N)cc1,CO,298.15,0.967028230061736,0.11546746
CCCCOC(=O)c1ccc(N)cc1,Cc1ccccc1,283.15,0.0600751333669,-0.83622956
CCCCOC(=O)c1ccc(N)cc1,Cc1ccccc1,283.15,0.0600751333669,-0.83622956
CCCCOC(=O)c1ccc(N)cc1,CO,268.15,0.040069709884938,-0.42327514
CCCCOC(=O)c1ccc(N)cc1,CO,268.15,0.040069709884938,-0.42327514
CCCCOC(=O)c1ccc(N)cc1,CCCO,278.15,0.051990752440205,-0.5116391
CCCCOC(=O)c1ccc(N)cc1,CCCO,278.15,0.051990752440205,-0.5116391
CCCCOC(=O)c1ccc(N)cc1,CCCCO,283.15,0.063316689846607,-0.40281838
CCCCOC(=O)c1ccc(N)cc1,CCCCO,283.15,0.063316689846607,-0.40281838
CCCCOC(=O)c1ccc(N)cc1,CC(C)O,283.15,0.124461295451369,-0.55466115
CCCCOC(=O)c1ccc(N)cc1,CC(C)O,283.15,0.124461295451369,-0.55466115
CCCCOC(=O)c1ccc(N)cc1,CO,273.15,0.173382055661739,-0.32651573
CCCCOC(=O)c1ccc(N)cc1,CO,273.15,0.173382055661739,-0.32651573
CCCCOC(=O)c1ccc(N)cc1,CCCO,283.15,0.184550808626951,-0.40921623
CCCCOC(=O)c1ccc(N)cc1,CCCO,283.15,0.184550808626951,-0.40921623
CCCCOC(=O)c1ccc(N)cc1,Cc1ccccc1,288.15,0.217725634648629,-0.7285339
CCCCOC(=O)c1ccc(N)cc1,Cc1ccccc1,288.15,0.217725634648629,-0.7285339
CCCCOC(=O)c1ccc(N)cc1,CCCCO,288.15,0.225599796145864,-0.30843878
CCCCOC(=O)c1ccc(N)cc1,CCCCO,288.15,0.225599796145864,-0.30843878
CCCCOC(=O)c1ccc(N)cc1,CC(C)O,288.15,0.285844760841182,-0.44509763
CCCCOC(=O)c1ccc(N)cc1,CC(C)O,288.15,0.285844760841182,-0.44509763
CCCCOC(=O)c1ccc(N)cc1,CO,278.15,0.312603570155531,-0.23179983
CCCCOC(=O)c1ccc(N)cc1,CO,278.15,0.312603570155531,-0.23179983
CCCCOC(=O)c1ccc(N)cc1,CCCO,288.15,0.317845437790033,-0.30975515
CCCCOC(=O)c1ccc(N)cc1,CCCO,288.15,0.317845437790033,-0.30975515
CCCCOC(=O)c1ccc(N)cc1,CCCCO,293.15,0.385973559569993,-0.21985854
CCCCOC(=O)c1ccc(N)cc1,CCCCO,293.15,0.385973559569993,-0.21985854
CCCCOC(=O)c1ccc(N)cc1,Cc1ccccc1,293.15,0.428859786494411,-0.6234349
CCCCOC(=O)c1ccc(N)cc1,Cc1ccccc1,293.15,0.428859786494411,-0.6234349
CCCCOC(=O)c1ccc(N)cc1,Cc1ccccc1,268.15,-0.502484150544361,-1.1738375
CCCCOC(=O)c1ccc(N)cc1,Cc1ccccc1,268.15,-0.502484150544361,-1.1738375
CCCCOC(=O)c1ccc(N)cc1,CO,283.15,0.465122809487238,-0.14127386
CCCCOC(=O)c1ccc(N)cc1,CO,283.15,0.465122809487238,-0.14127386
CCCCOC(=O)c1ccc(N)cc1,CC(C)O,293.15,0.473237375634565,-0.34163177
CCCCOC(=O)c1ccc(N)cc1,CC(C)O,293.15,0.473237375634565,-0.34163177
CCCCOC(=O)c1ccc(N)cc1,CCCO,293.15,0.485467829508399,-0.21480018
CCCCOC(=O)c1ccc(N)cc1,CCCO,293.15,0.485467829508399,-0.21480018
CCCCOC(=O)c1ccc(N)cc1,CCCCO,298.15,0.548919149249353,-0.13368684
CCCCOC(=O)c1ccc(N)cc1,CCCCO,298.15,0.548919149249353,-0.13368684
CCCCOC(=O)c1ccc(N)cc1,Cc1ccccc1,298.15,0.594039571252387,-0.5201123
CCCCOC(=O)c1ccc(N)cc1,Cc1ccccc1,298.15,0.594039571252387,-0.5201123
CCCCOC(=O)c1ccc(N)cc1,CO,288.15,0.614505478179266,-0.053228185
CCCCOC(=O)c1ccc(N)cc1,CO,288.15,0.614505478179266,-0.053228185
CCOC(=O)c1ccc(N)cc1,ClC(Cl)Cl,278.15,0.165297351381342,-0.6498401
CCOC(=O)c1ccc(N)cc1,ClC(Cl)Cl,283.15,0.249264889814634,-0.5850806
CCOC(=O)c1ccc(N)cc1,ClC(Cl)Cl,288.15,0.333317551707821,-0.523618
CCOC(=O)c1ccc(N)cc1,ClC(Cl)Cl,293.15,0.410493636465595,-0.46541727
CCOC(=O)c1ccc(N)cc1,ClC(Cl)Cl,298.15,0.496534280204014,-0.41202116
CCOC(=O)c1ccc(N)cc1,ClC(Cl)Cl,298.15,0.496534280204014,-0.41202116
CCOC(=O)c1ccc(N)cc1,ClC(Cl)Cl,298.15,0.499219932375187,-0.41202116
CCOC(=O)c1ccc(N)cc1,ClC(Cl)Cl,298.15,0.499219932375187,-0.41202116
CCOC(=O)c1ccc(N)cc1,ClC(Cl)Cl,303.15,0.579034431573103,-0.3636337
CCOC(=O)c1ccc(N)cc1,ClC(Cl)Cl,303.15,0.579034431573103,-0.3636337
CCOC(=O)c1ccc(N)cc1,ClC(Cl)Cl,303.15,0.582453663032075,-0.3636337
CCOC(=O)c1ccc(N)cc1,ClC(Cl)Cl,303.15,0.582453663032075,-0.3636337
CCOC(=O)c1ccc(N)cc1,ClC(Cl)Cl,308.15,0.65954279712125,-0.31737974
CCOC(=O)c1ccc(N)cc1,ClC(Cl)Cl,313.15,0.742893726507726,-0.27318615
CCOC(=O)c1ccc(N)cc1,ClC(Cl)Cl,318.15,0.835805358942674,-0.23051894
CCOC(=O)c1ccc(N)cc1,ClC(Cl)Cl,323.15,0.922872161679609,-0.19001499
CCOC(=O)c1ccc(N)cc1,C1COCCO1,283.15,0.5418124357179,-0.6862563
CCOC(=O)c1ccc(N)cc1,C1COCCO1,288.15,0.596488563748497,-0.6006829
CCOC(=O)c1ccc(N)cc1,C1COCCO1,293.15,0.650441350150358,-0.5162567
CCOC(=O)c1ccc(N)cc1,C1COCCO1,298.15,0.707475445794792,-0.43367684
CCOC(=O)c1ccc(N)cc1,C1COCCO1,303.15,0.768652318139849,-0.35367268
CCOC(=O)c1ccc(N)cc1,C1COCCO1,308.15,0.824360592839807,-0.27538598
CCOC(=O)c1ccc(N)cc1,C1COCCO1,313.15,0.890463436066021,-0.19966143
CCOC(=O)c1ccc(N)cc1,C1COCCO1,318.15,0.951666563754327,-0.1254464
CCOC(=O)c1ccc(N)cc1,C1COCCO1,323.15,1.02350869980044,-0.052384928
CCOC(=O)c1ccc(N)cc1,CC(C)=O,278.15,0.53880041428746,-0.14588115
CCOC(=O)c1ccc(N)cc1,CC(C)=O,283.15,0.591430154244788,-0.08007468
CCOC(=O)c1ccc(N)cc1,CC(C)=O,288.15,0.639955096305673,-0.018738717
CCOC(=O)c1ccc(N)cc1,CC(C)=O,293.15,0.692989207800543,0.037684336
CCOC(=O)c1ccc(N)cc1,CC(C)=O,298.15,0.746856528807615,0.09039812
CCOC(=O)c1ccc(N)cc1,CC(C)=O,303.15,0.806858924654329,0.1396964
CCOC(=O)c1ccc(N)cc1,CC(C)=O,303.15,0.806858924654329,0.1396964
CCOC(=O)c1ccc(N)cc1,CC(C)=O,303.15,0.810986598346144,0.1396964
CCOC(=O)c1ccc(N)cc1,CC(C)=O,303.15,0.810986598346144,0.1396964
CCOC(=O)c1ccc(N)cc1,CC(C)=O,308.15,0.860308345575113,0.18666859
CCOC(=O)c1ccc(N)cc1,CC(C)=O,313.15,0.926943198085655,0.23151307
CCOC(=O)c1ccc(N)cc1,CC(C)=O,318.15,1.00632639168155,0.2756436
CCOC(=O)c1ccc(N)cc1,CC(C)=O,323.15,1.08767368338535,0.318017
CCOC(=O)c1ccc(N)cc1,CC#N,278.15,0.228612093753754,-0.7696138
CCOC(=O)c1ccc(N)cc1,CC#N,283.15,0.318634416201196,-0.6693952
CCOC(=O)c1ccc(N)cc1,CC#N,288.15,0.414276922063688,-0.57106483
CCOC(=O)c1ccc(N)cc1,CC#N,293.15,0.50757722261361,-0.47517452
CCOC(=O)c1ccc(N)cc1,CC#N,298.15,0.60863194255889,-0.3806113
CCOC(=O)c1ccc(N)cc1,CC#N,298.15,0.60863194255889,-0.3806113
CCOC(=O)c1ccc(N)cc1,CC#N,298.15,0.612201953708871,-0.3806113
CCOC(=O)c1ccc(N)cc1,CC#N,298.15,0.612201953708871,-0.3806113
CCOC(=O)c1ccc(N)cc1,CC#N,303.15,0.705732739564168,-0.28779575
CCOC(=O)c1ccc(N)cc1,CC#N,303.15,0.705732739564168,-0.28779575
CCOC(=O)c1ccc(N)cc1,CC#N,303.15,0.700138905724956,-0.28779575
CCOC(=O)c1ccc(N)cc1,CC#N,303.15,0.700138905724956,-0.28779575
CCOC(=O)c1ccc(N)cc1,CC#N,308.15,0.791626329262412,-0.19829427
CCOC(=O)c1ccc(N)cc1,CC#N,313.15,0.891736101499,-0.112314865
CCOC(=O)c1ccc(N)cc1,CC#N,318.15,0.982664090509059,-0.02658911
CCOC(=O)c1ccc(N)cc1,CC#N,323.15,1.08450831412822,0.057917744
CCOC(=O)c1ccc(N)cc1,Cc1ccccc1,278.15,-0.81226239423916,-1.3035388
CCOC(=O)c1ccc(N)cc1,Cc1ccccc1,283.15,-0.699557634837321,-1.1930414
CCOC(=O)c1ccc(N)cc1,Cc1ccccc1,288.15,-0.586261045460928,-1.0859942
CCOC(=O)c1ccc(N)cc1,Cc1ccccc1,293.15,-0.491361404285384,-0.98163354
CCOC(=O)c1ccc(N)cc1,Cc1ccccc1,298.15,-0.366423907283639,-0.87917876
CCOC(=O)c1ccc(N)cc1,Cc1ccccc1,298.15,-0.366423907283639,-0.87917876
CCOC(=O)c1ccc(N)cc1,Cc1ccccc1,298.15,-0.361083399751408,-0.87917876
CCOC(=O)c1ccc(N)cc1,Cc1ccccc1,298.15,-0.361083399751408,-0.87917876
CCOC(=O)c1ccc(N)cc1,Cc1ccccc1,303.15,-0.232756541407648,-0.77896583
CCOC(=O)c1ccc(N)cc1,Cc1ccccc1,308.15,-0.09450177026179,-0.6812873
CCOC(=O)c1ccc(N)cc1,Cc1ccccc1,313.15,0.080144828513378,-0.58616024
CCOC(=O)c1ccc(N)cc1,Cc1ccccc1,318.15,0.250611967770731,-0.49180806
CCOC(=O)c1ccc(N)cc1,Cc1ccccc1,323.15,0.438693066961426,-0.3993069
CCOC(=O)c1ccc(N)cc1,CCCCO,278.15,-0.483664463256601,-0.7321149
CCOC(=O)c1ccc(N)cc1,CCCCO,283.15,-0.392726875406204,-0.6319806
CCOC(=O)c1ccc(N)cc1,CCCCO,288.15,-0.297031630945673,-0.5343439
CCOC(=O)c1ccc(N)cc1,CCCCO,293.15,-0.197728856458822,-0.44035625
CCOC(=O)c1ccc(N)cc1,CCCCO,298.15,-0.088630612958811,-0.35237044
CCOC(=O)c1ccc(N)cc1,CCCCO,298.15,-0.088630612958811,-0.35237044
CCOC(=O)c1ccc(N)cc1,CCCCO,298.15,-0.083956933512886,-0.35237044
CCOC(=O)c1ccc(N)cc1,CCCCO,298.15,-0.083956933512886,-0.35237044
CCOC(=O)c1ccc(N)cc1,CCCCO,303.15,0.026683367555764,-0.26828825
CCOC(=O)c1ccc(N)cc1,CCCCO,303.15,0.026683367555764,-0.26828825
CCOC(=O)c1ccc(N)cc1,CCCCO,303.15,0.029631179618943,-0.26828825
CCOC(=O)c1ccc(N)cc1,CCCCO,303.15,0.029631179618943,-0.26828825
CCOC(=O)c1ccc(N)cc1,CCCCO,308.15,0.145685219392936,-0.18891042
CCOC(=O)c1ccc(N)cc1,CCCCO,313.15,0.278755074373802,-0.11234696
CCOC(=O)c1ccc(N)cc1,CCCCO,318.15,0.421906128050769,-0.03650239
CCOC(=O)c1ccc(N)cc1,CCCCO,323.15,0.574734373630182,0.03854707
CCOC(=O)c1ccc(N)cc1,CCOC(C)=O,278.15,0.244316924538826,-0.645795
CCOC(=O)c1ccc(N)cc1,CCOC(C)=O,283.15,0.303056108920231,-0.5532869
CCOC(=O)c1ccc(N)cc1,CCOC(C)=O,288.15,0.368002023848918,-0.4657542
CCOC(=O)c1ccc(N)cc1,CCOC(C)=O,293.15,0.424641219302628,-0.38150585
CCOC(=O)c1ccc(N)cc1,CCOC(C)=O,298.15,0.493173943204068,-0.30000895
CCOC(=O)c1ccc(N)cc1,CCOC(C)=O,298.15,0.493173943204068,-0.30000895
CCOC(=O)c1ccc(N)cc1,CCOC(C)=O,298.15,0.495676965689112,-0.30000895
CCOC(=O)c1ccc(N)cc1,CCOC(C)=O,298.15,0.495676965689112,-0.30000895
CCOC(=O)c1ccc(N)cc1,CCOC(C)=O,303.15,0.558421805017358,-0.22099707
CCOC(=O)c1ccc(N)cc1,CCOC(C)=O,303.15,0.558421805017358,-0.22099707
CCOC(=O)c1ccc(N)cc1,CCOC(C)=O,303.15,0.564119362008382,-0.22099707
CCOC(=O)c1ccc(N)cc1,CCOC(C)=O,303.15,0.564119362008382,-0.22099707
CCOC(=O)c1ccc(N)cc1,CCOC(C)=O,308.15,0.624979381855406,-0.14278194
CCOC(=O)c1ccc(N)cc1,CCOC(C)=O,313.15,0.699526689419098,-0.068178535
CCOC(=O)c1ccc(N)cc1,CCOC(C)=O,318.15,0.771148105180361,0.002953887
CCOC(=O)c1ccc(N)cc1,CCOC(C)=O,323.15,0.856653857620979,0.07199156
CCOC(=O)c1ccc(N)cc1,CO,278.15,0.005178087208212,-0.31547916
CCOC(=O)c1ccc(N)cc1,CO,283.15,0.093497473027777,-0.22676311
CCOC(=O)c1ccc(N)cc1,CO,288.15,0.184473829654997,-0.1402672
CCOC(=O)c1ccc(N)cc1,CO,293.15,0.289928649098386,-0.05860722
CCOC(=O)c1ccc(N)cc1,CO,298.15,0.397308101423254,0.020244762
CCOC(=O)c1ccc(N)cc1,CO,298.15,0.397308101423254,0.020244762
CCOC(=O)c1ccc(N)cc1,CO,298.15,0.403994573654913,0.020244762
CCOC(=O)c1ccc(N)cc1,CO,298.15,0.403994573654913,0.020244762
CCOC(=O)c1ccc(N)cc1,CO,303.15,0.515250825840568,0.09551397
CCOC(=O)c1ccc(N)cc1,CO,303.15,0.515250825840568,0.09551397
CCOC(=O)c1ccc(N)cc1,CO,303.15,0.516160611840561,0.09551397
CCOC(=O)c1ccc(N)cc1,CO,303.15,0.516160611840561,0.09551397
CCOC(=O)c1ccc(N)cc1,CO,308.15,0.635440518794841,0.16658251
CCOC(=O)c1ccc(N)cc1,CO,313.15,0.767558144647461,0.23480012
CCOC(=O)c1ccc(N)cc1,CO,318.15,0.900208872697352,0.30375874
CCOC(=O)c1ccc(N)cc1,CO,323.15,1.03501381210256,0.37069535
O=C[C@H](O)[C@H](O)[C@H](O)CO,CCCCCC,283.15,-3.53387162850803,-3.8195457
O=C[C@H](O)[C@H](O)[C@H](O)CO,CCCCCC,293.15,-3.251293649456,-3.5957181
O=C[C@H](O)[C@H](O)[C@H](O)CO,CCCCCC,303.15,-3.11859730897251,-3.3729584
O=C[C@H](O)[C@H](O)[C@H](O)CO,ClCCl,283.15,-2.78567259270428,-3.857921
O=C[C@H](O)[C@H](O)[C@H](O)CO,CCCCCC,313.15,-2.88739103479398,-3.1510859
O=C[C@H](O)[C@H](O)[C@H](O)CO,CCCCCC,323.15,-2.82181641881413,-2.9303555
O=C[C@H](O)[C@H](O)[C@H](O)CO,ClCCl,288.15,-2.38904560887435,-3.7777858
O=C[C@H](O)[C@H](O)[C@H](O)CO,ClCCl,293.15,-2.23760866983823,-3.6990876
O=C[C@H](O)[C@H](O)[C@H](O)CO,ClCCl,298.15,-2.19556964297551,-3.621854
O=C[C@H](O)[C@H](O)[C@H](O)CO,ClCCl,303.15,-2.08385722757231,-3.54614
O=C[C@H](O)[C@H](O)[C@H](O)CO,CCOC(C)=O,283.15,-2.04202771547551,-2.5638309
O=C[C@H](O)[C@H](O)[C@H](O)CO,CCOC(C)=O,293.15,-1.95945505017183,-2.390627
O=C[C@H](O)[C@H](O)[C@H](O)CO,CC#N,283.15,-1.67793988966802,-2.301274
O=C[C@H](O)[C@H](O)[C@H](O)CO,CC#N,293.15,-1.56035144963873,-2.1257477
O=C[C@H](O)[C@H](O)[C@H](O)CO,CCOC(C)=O,303.15,-1.78573541870353,-2.2231424
O=C[C@H](O)[C@H](O)[C@H](O)CO,CC#N,303.15,-1.38290559972604,-1.9555922
O=C[C@H](O)[C@H](O)[C@H](O)CO,CC(C)=O,283.15,-1.48885495530838,-2.5199194
O=C[C@H](O)[C@H](O)[C@H](O)CO,CCOC(C)=O,313.15,-1.59161979072364,-2.0588536
O=C[C@H](O)[C@H](O)[C@H](O)CO,CC(C)=O,293.15,-1.38471337318188,-2.3594942
O=C[C@H](O)[C@H](O)[C@H](O)CO,CC(C)CO,283.15,-1.43591471528482,-2.5705528
O=C[C@H](O)[C@H](O)[C@H](O)CO,CC#N,313.15,-1.17660258849075,-1.7907684
O=C[C@H](O)[C@H](O)[C@H](O)CO,CCOC(C)=O,323.15,-1.45043079936355,-1.8989186
O=C[C@H](O)[C@H](O)[C@H](O)CO,CCCCO,283.15,-1.36670333605584,-2.4447212
O=C[C@H](O)[C@H](O)[C@H](O)CO,CC(C)CO,293.15,-1.33897029340717,-2.3625965
O=C[C@H](O)[C@H](O)[C@H](O)CO,CC(C)O,283.15,-1.21663990947405,-2.6160464
O=C[C@H](O)[C@H](O)[C@H](O)CO,CCC(C)O,283.15,-1.27196482321651,-2.6671484
O=C[C@H](O)[C@H](O)[C@H](O)CO,CCCCO,293.15,-1.27372678140887,-2.2509809
O=C[C@H](O)[C@H](O)[C@H](O)CO,CC(C)=O,303.15,-1.16260699154933,-2.2004035
O=C[C@H](O)[C@H](O)[C@H](O)CO,CCCO,283.15,-1.15534707359303,-2.2725422
O=C[C@H](O)[C@H](O)[C@H](O)CO,CCC(C)O,293.15,-1.20698919404021,-2.4596167
O=C[C@H](O)[C@H](O)[C@H](O)CO,CC#N,323.15,-0.938385469814598,-1.6311429
O=C[C@H](O)[C@H](O)[C@H](O)CO,CC(C)CO,303.15,-1.16724806913599,-2.159675
O=C[C@H](O)[C@H](O)[C@H](O)CO,CCCO,293.15,-1.03100344427976,-2.0786486
O=C[C@H](O)[C@H](O)[C@H](O)CO,CC(C)O,293.15,-1.03317538864717,-2.424704
O=C[C@H](O)[C@H](O)[C@H](O)CO,CC(C)=O,313.15,-0.988239805775702,-2.0473273
O=C[C@H](O)[C@H](O)[C@H](O)CO,CCO,283.15,-0.855551538628366,-2.155938
O=C[C@H](O)[C@H](O)[C@H](O)CO,CCCCO,303.15,-1.05141529286302,-2.058895
O=C[C@H](O)[C@H](O)[C@H](O)CO,CCC(C)O,303.15,-1.01271726939193,-2.2567787
O=C[C@H](O)[C@H](O)[C@H](O)CO,CCO,288.15,-0.770301230315641,-2.071011
O=C[C@H](O)[C@H](O)[C@H](O)CO,CC(C)CO,313.15,-0.96134485580223,-1.9588065
O=C[C@H](O)[C@H](O)[C@H](O)CO,CCCO,303.15,-0.824817127790241,-1.8870203
O=C[C@H](O)[C@H](O)[C@H](O)CO,CC(C)O,303.15,-0.814714081862327,-2.232115
O=C[C@H](O)[C@H](O)[C@H](O)CO,CC(C)=O,323.15,-0.805800176728384,-1.8977515
O=C[C@H](O)[C@H](O)[C@H](O)CO,CCO,293.15,-0.678333274942662,-1.9848883
O=C[C@H](O)[C@H](O)[C@H](O)CO,CCO,293.15,-0.678333274942662,-1.9848883
O=C[C@H](O)[C@H](O)[C@H](O)CO,CCO,293.15,-0.674202950610655,-1.9848883
O=C[C@H](O)[C@H](O)[C@H](O)CO,CCO,293.15,-0.674202950610655,-1.9848883
O=C[C@H](O)[C@H](O)[C@H](O)CO,CCCCO,313.15,-0.871912254046377,-1.8711904
O=C[C@H](O)[C@H](O)[C@H](O)CO,CCC(C)O,313.15,-0.78432045698398,-2.0559263
O=C[C@H](O)[C@H](O)[C@H](O)CO,CC(C)CO,323.15,-0.776755859745744,-1.7631102
O=C[C@H](O)[C@H](O)[C@H](O)CO,CCO,298.15,-0.544993275536525,-1.8999188
O=C[C@H](O)[C@H](O)[C@H](O)CO,CCCO,313.15,-0.621951960475348,-1.6976036
O=C[C@H](O)[C@H](O)[C@H](O)CO,CCCCO,323.15,-0.662266821745193,-1.688364
O=C[C@H](O)[C@H](O)[C@H](O)CO,CC(C)O,313.15,-0.561966033141125,-2.0387363
O=C[C@H](O)[C@H](O)[C@H](O)CO,CCO,303.15,-0.432861030650436,-1.8155794
O=C[C@H](O)[C@H](O)[C@H](O)CO,CCC(C)O,323.15,-0.582802344249413,-1.8576586
O=C[C@H](O)[C@H](O)[C@H](O)CO,CCCO,323.15,-0.38803828152691,-1.5119151
O=C[C@H](O)[C@H](O)[C@H](O)CO,CO,283.15,-0.092445925975286,-1.3917115
O=C[C@H](O)[C@H](O)[C@H](O)CO,CCO,313.15,-0.162147196618869,-1.6434968
O=C[C@H](O)[C@H](O)[C@H](O)CO,CC(C)O,323.15,-0.250472833935013,-1.8511677
O=C[C@H](O)[C@H](O)[C@H](O)CO,CO,288.15,0.076253409146144,-1.3150432
O=C[C@H](O)[C@H](O)[C@H](O)CO,CO,293.15,0.188110555616608,-1.2392278
O=C[C@H](O)[C@H](O)[C@H](O)CO,CCO,323.15,0.076700305498847,-1.4697857
O=C[C@H](O)[C@H](O)[C@H](O)CO,CO,298.15,0.315153480394773,-1.1648823
O=C[C@H](O)[C@H](O)[C@H](O)CO,CO,303.15,0.469573106892165,-1.0896786
CC(C)(Oc1ccc(CCNC(=O)c2ccc(Cl)cc2)cc1)C(=O)O,CO,283.12,-1.23375703101808,-1.2964659
CC(C)(Oc1ccc(CCNC(=O)c2ccc(Cl)cc2)cc1)C(=O)O,CO,288.24,-1.20846251679595,-1.1850154
CC(C)(Oc1ccc(CCNC(=O)c2ccc(Cl)cc2)cc1)C(=O)O,CO,293.26,-1.15539106932195,-1.0754673
CC(C)(Oc1ccc(CCNC(=O)c2ccc(Cl)cc2)cc1)C(=O)O,CO,298.17,-1.08252134324298,-0.9680549
CC(C)(Oc1ccc(CCNC(=O)c2ccc(Cl)cc2)cc1)C(=O)O,CO,303.12,-0.999173133981485,-0.85948473
CC(C)(Oc1ccc(CCNC(=O)c2ccc(Cl)cc2)cc1)C(=O)O,CO,308.14,-0.915413850801849,-0.75053585
CC(C)(Oc1ccc(CCNC(=O)c2ccc(Cl)cc2)cc1)C(=O)O,CO,313.13,-0.826604826228369,-0.6449274
CC(C)(Oc1ccc(CCNC(=O)c2ccc(Cl)cc2)cc1)C(=O)O,CO,318.14,-0.73975009009888,-0.5417338
CC(C)(Oc1ccc(CCNC(=O)c2ccc(Cl)cc2)cc1)C(=O)O,CO,323.12,-0.656261590238577,-0.44129634
CC(C)(Oc1ccc(CCNC(=O)c2ccc(Cl)cc2)cc1)C(=O)O,CC#N,283.24,-2.65920617381595,-1.202549
CC(C)(Oc1ccc(CCNC(=O)c2ccc(Cl)cc2)cc1)C(=O)O,CC#N,288.25,-2.53109596049369,-1.0888054
CC(C)(Oc1ccc(CCNC(=O)c2ccc(Cl)cc2)cc1)C(=O)O,CC#N,293.24,-2.41271503426923,-0.9775364
CC(C)(Oc1ccc(CCNC(=O)c2ccc(Cl)cc2)cc1)C(=O)O,CC#N,298.25,-2.27977286643712,-0.8672316
CC(C)(Oc1ccc(CCNC(=O)c2ccc(Cl)cc2)cc1)C(=O)O,CCCCOC(C)=O,283.17,-2.60278407691805,-1.3052434
CC(C)(Oc1ccc(CCNC(=O)c2ccc(Cl)cc2)cc1)C(=O)O,CC#N,303.24,-2.17506655060884,-0.759099
CC(C)(Oc1ccc(CCNC(=O)c2ccc(Cl)cc2)cc1)C(=O)O,CCCCOC(C)=O,288.19,-2.51404800917101,-1.2289449
CC(C)(Oc1ccc(CCNC(=O)c2ccc(Cl)cc2)cc1)C(=O)O,CCC(=O)OC,283.19,-2.34642879878468,-1.1408148
CC(C)(Oc1ccc(CCNC(=O)c2ccc(Cl)cc2)cc1)C(=O)O,CCCOC(C)=O,283.16,-2.39595550590009,-1.3940575
CC(C)(Oc1ccc(CCNC(=O)c2ccc(Cl)cc2)cc1)C(=O)O,CC#N,308.22,-2.05639041199526,-0.6521545
CC(C)(Oc1ccc(CCNC(=O)c2ccc(Cl)cc2)cc1)C(=O)O,CCCCOC(C)=O,293.2,-2.42566737268613,-1.1550498
CC(C)(Oc1ccc(CCNC(=O)c2ccc(Cl)cc2)cc1)C(=O)O,CCC(=O)OC,288.22,-2.25325240040526,-1.0424904
CC(C)(Oc1ccc(CCNC(=O)c2ccc(Cl)cc2)cc1)C(=O)O,CCCOC(C)=O,288.24,-2.31869112501074,-1.3010634
CC(C)(Oc1ccc(CCNC(=O)c2ccc(Cl)cc2)cc1)C(=O)O,CCOC(C)=O,283.17,-2.23856953958179,-0.9109938
CC(C)(Oc1ccc(CCNC(=O)c2ccc(Cl)cc2)cc1)C(=O)O,CC#N,313.22,-1.93541684797007,-0.5471251
CC(C)(Oc1ccc(CCNC(=O)c2ccc(Cl)cc2)cc1)C(=O)O,CCCCOC(C)=O,298.14,-2.32206095000632,-1.0834973
CC(C)(Oc1ccc(CCNC(=O)c2ccc(Cl)cc2)cc1)C(=O)O,CCC(=O)OC,293.23,-2.16785748431481,-0.9469994
CC(C)(Oc1ccc(CCNC(=O)c2ccc(Cl)cc2)cc1)C(=O)O,CCCOC(C)=O,293.16,-2.23852051375906,-1.2139308
CC(C)(Oc1ccc(CCNC(=O)c2ccc(Cl)cc2)cc1)C(=O)O,CCOC(C)=O,288.17,-2.16446425180539,-0.80971515
CC(C)(Oc1ccc(CCNC(=O)c2ccc(Cl)cc2)cc1)C(=O)O,CCCCOC(C)=O,303.19,-2.23304826076347,-1.0110235
CC(C)(Oc1ccc(CCNC(=O)c2ccc(Cl)cc2)cc1)C(=O)O,CCOC(C)=O,293.16,-2.09294876824188,-0.70955503
CC(C)(Oc1ccc(CCNC(=O)c2ccc(Cl)cc2)cc1)C(=O)O,CC#N,318.23,-1.82620705854492,-0.44556728
CC(C)(Oc1ccc(CCNC(=O)c2ccc(Cl)cc2)cc1)C(=O)O,CCCOC(C)=O,298.18,-2.14822665609742,-1.1274656
CC(C)(Oc1ccc(CCNC(=O)c2ccc(Cl)cc2)cc1)C(=O)O,CCC(=O)OC,298.17,-2.06885015203214,-0.8552379
CC(C)(Oc1ccc(CCNC(=O)c2ccc(Cl)cc2)cc1)C(=O)O,CCCCOC(C)=O,308.16,-2.15329166998046,-0.9425974
CC(C)(Oc1ccc(CCNC(=O)c2ccc(Cl)cc2)cc1)C(=O)O,CCOC(C)=O,298.14,-1.99176025521445,-0.6129949
CC(C)(Oc1ccc(CCNC(=O)c2ccc(Cl)cc2)cc1)C(=O)O,CCCOC(C)=O,303.16,-2.06642872546389,-1.0442382
CC(C)(Oc1ccc(CCNC(=O)c2ccc(Cl)cc2)cc1)C(=O)O,CCC(=O)OC,303.23,-1.98768296466955,-0.76138777
CC(C)(Oc1ccc(CCNC(=O)c2ccc(Cl)cc2)cc1)C(=O)O,CC#N,323.24,-1.72556122824583,-0.34657383
CC(C)(Oc1ccc(CCNC(=O)c2ccc(Cl)cc2)cc1)C(=O)O,CCCCOC(C)=O,313.14,-2.07483797902181,-0.87489474
CC(C)(Oc1ccc(CCNC(=O)c2ccc(Cl)cc2)cc1)C(=O)O,CC(C)CO,282.95,-1.90093324262591,-1.7629068
CC(C)(Oc1ccc(CCNC(=O)c2ccc(Cl)cc2)cc1)C(=O)O,CCC(=O)OC,308.14,-1.91289890134138,-0.6716929
CC(C)(Oc1ccc(CCNC(=O)c2ccc(Cl)cc2)cc1)C(=O)O,CCOC(C)=O,303.17,-1.91477323606371,-0.5168751
CC(C)(Oc1ccc(CCNC(=O)c2ccc(Cl)cc2)cc1)C(=O)O,CCCOC(C)=O,308.16,-1.98449528871549,-0.9607336
CC(C)(Oc1ccc(CCNC(=O)c2ccc(Cl)cc2)cc1)C(=O)O,CCCCOC(C)=O,318.14,-1.99231674123303,-0.8064233
CC(C)(Oc1ccc(CCNC(=O)c2ccc(Cl)cc2)cc1)C(=O)O,CC(C)O,283.06,-1.71393850810984,-1.6414919
CC(C)(Oc1ccc(CCNC(=O)c2ccc(Cl)cc2)cc1)C(=O)O,CCCOC(C)=O,313.18,-1.90654517039332,-0.87855196
CC(C)(Oc1ccc(CCNC(=O)c2ccc(Cl)cc2)cc1)C(=O)O,CCOC(C)=O,308.14,-1.83109507908626,-0.4227985
CC(C)(Oc1ccc(CCNC(=O)c2ccc(Cl)cc2)cc1)C(=O)O,CCC(=O)OC,313.24,-1.82405131228904,-0.581454
CC(C)(Oc1ccc(CCNC(=O)c2ccc(Cl)cc2)cc1)C(=O)O,CC(C)CCO,283.77,-1.85742757790328,-1.5460749
CC(C)(Oc1ccc(CCNC(=O)c2ccc(Cl)cc2)cc1)C(=O)O,CC(C)CO,288.04,-1.78729771279331,-1.6492909
CC(C)(Oc1ccc(CCNC(=O)c2ccc(Cl)cc2)cc1)C(=O)O,CCCCOC(C)=O,323.2,-1.91094821947931,-0.7373282
CC(C)(Oc1ccc(CCNC(=O)c2ccc(Cl)cc2)cc1)C(=O)O,CCCOC(C)=O,318.16,-1.8259179115266,-0.79877466
CC(C)(Oc1ccc(CCNC(=O)c2ccc(Cl)cc2)cc1)C(=O)O,CCOC(C)=O,313.17,-1.7512950200141,-0.33163667
CC(C)(Oc1ccc(CCNC(=O)c2ccc(Cl)cc2)cc1)C(=O)O,CCC(=O)OC,318.16,-1.73708579554351,-0.4979077
CC(C)(Oc1ccc(CCNC(=O)c2ccc(Cl)cc2)cc1)C(=O)O,CCC(C)=O,283.14,-1.66431118667834,-0.9108569
CC(C)(Oc1ccc(CCNC(=O)c2ccc(Cl)cc2)cc1)C(=O)O,CC(C)O,288.14,-1.58933838273217,-1.5237527
CC(C)(Oc1ccc(CCNC(=O)c2ccc(Cl)cc2)cc1)C(=O)O,CC(C)CCO,288.56,-1.74093065988817,-1.4434674
CC(C)(Oc1ccc(CCNC(=O)c2ccc(Cl)cc2)cc1)C(=O)O,CC(C)CO,292.93,-1.65650764741264,-1.5402341
CC(C)(Oc1ccc(CCNC(=O)c2ccc(Cl)cc2)cc1)C(=O)O,CCCOC(C)=O,323.16,-1.74556433732094,-0.7196437
CC(C)(Oc1ccc(CCNC(=O)c2ccc(Cl)cc2)cc1)C(=O)O,CCOC(C)=O,318.16,-1.66070985891868,-0.24406666
CC(C)(Oc1ccc(CCNC(=O)c2ccc(Cl)cc2)cc1)C(=O)O,CCC(=O)OC,323.18,-1.65596132309377,-0.41315335
CC(C)(Oc1ccc(CCNC(=O)c2ccc(Cl)cc2)cc1)C(=O)O,CCC(C)=O,288.16,-1.59296658456753,-0.82355344
CC(C)(Oc1ccc(CCNC(=O)c2ccc(Cl)cc2)cc1)C(=O)O,CCCCO,283.16,-1.60032436920568,-1.4663101
CC(C)(Oc1ccc(CCNC(=O)c2ccc(Cl)cc2)cc1)C(=O)O,CCC(C)O,283.16,-1.59585708323774,-1.6256142
CC(C)(Oc1ccc(CCNC(=O)c2ccc(Cl)cc2)cc1)C(=O)O,CCCCCO,283.23,-1.66123879449596,-1.6270659
CC(C)(Oc1ccc(CCNC(=O)c2ccc(Cl)cc2)cc1)C(=O)O,CCCO,283.13,-1.48987827863586,-1.4606988
CC(C)(Oc1ccc(CCNC(=O)c2ccc(Cl)cc2)cc1)C(=O)O,CC(C)O,293.19,-1.49236171172291,-1.4100974
CC(C)(Oc1ccc(CCNC(=O)c2ccc(Cl)cc2)cc1)C(=O)O,CC(C)CCO,293.5,-1.64017541058505,-1.3397236
CC(C)(Oc1ccc(CCNC(=O)c2ccc(Cl)cc2)cc1)C(=O)O,CCO,283.14,-1.34802264708257,-1.3626702
CC(C)(Oc1ccc(CCNC(=O)c2ccc(Cl)cc2)cc1)C(=O)O,CC(C)CO,298.24,-1.54951654684386,-1.4245098
CC(C)(Oc1ccc(CCNC(=O)c2ccc(Cl)cc2)cc1)C(=O)O,CCOC(C)=O,323.19,-1.58806236913822,-0.15649234
CC(C)(Oc1ccc(CCNC(=O)c2ccc(Cl)cc2)cc1)C(=O)O,CCC(C)=O,293.17,-1.52238303601342,-0.73802507
CC(C)(Oc1ccc(CCNC(=O)c2ccc(Cl)cc2)cc1)C(=O)O,CCCCO,288.17,-1.52690572391269,-1.3496984
CC(C)(Oc1ccc(CCNC(=O)c2ccc(Cl)cc2)cc1)C(=O)O,CCO,288.24,-1.31281787205201,-1.2458911
CC(C)(Oc1ccc(CCNC(=O)c2ccc(Cl)cc2)cc1)C(=O)O,CCCCCO,288.23,-1.5739965420168,-1.5023777
CC(C)(Oc1ccc(CCNC(=O)c2ccc(Cl)cc2)cc1)C(=O)O,CCCO,288.18,-1.40902577426916,-1.34269
CC(C)(Oc1ccc(CCNC(=O)c2ccc(Cl)cc2)cc1)C(=O)O,CCC(C)O,288.17,-1.4915769427174,-1.5025663
CC(C)(Oc1ccc(CCNC(=O)c2ccc(Cl)cc2)cc1)C(=O)O,CC(C)O,298.24,-1.40348200524296,-1.2973642
CC(C)(Oc1ccc(CCNC(=O)c2ccc(Cl)cc2)cc1)C(=O)O,CC(C)CCO,298.59,-1.55292503220604,-1.2330315
CC(C)(Oc1ccc(CCNC(=O)c2ccc(Cl)cc2)cc1)C(=O)O,CCC(C)=O,298.16,-1.45720535953013,-0.6546134
CC(C)(Oc1ccc(CCNC(=O)c2ccc(Cl)cc2)cc1)C(=O)O,CC(C)CO,303.2,-1.46861233683299,-1.3184485
CC(C)(Oc1ccc(CCNC(=O)c2ccc(Cl)cc2)cc1)C(=O)O,CCO,293.3,-1.24688857543092,-1.1320639
CC(C)(Oc1ccc(CCNC(=O)c2ccc(Cl)cc2)cc1)C(=O)O,CCCCO,293.14,-1.43836026621468,-1.2345569
CC(C)(Oc1ccc(CCNC(=O)c2ccc(Cl)cc2)cc1)C(=O)O,CCCCCO,293.29,-1.49604333824216,-1.3801894
CC(C)(Oc1ccc(CCNC(=O)c2ccc(Cl)cc2)cc1)C(=O)O,CCCO,293.27,-1.32683320433544,-1.2255101
CC(C)(Oc1ccc(CCNC(=O)c2ccc(Cl)cc2)cc1)C(=O)O,CC(C)CCO,303.13,-1.47689132913617,-1.138784
CC(C)(Oc1ccc(CCNC(=O)c2ccc(Cl)cc2)cc1)C(=O)O,CCC(C)O,293.14,-1.39928241172616,-1.3823665
CC(C)(Oc1ccc(CCNC(=O)c2ccc(Cl)cc2)cc1)C(=O)O,CCC(C)=O,303.17,-1.38780962725201,-0.57105
CC(C)(Oc1ccc(CCNC(=O)c2ccc(Cl)cc2)cc1)C(=O)O,CC(C)O,303.21,-1.31720348768861,-1.186274
CC(C)(Oc1ccc(CCNC(=O)c2ccc(Cl)cc2)cc1)C(=O)O,CCO,298.28,-1.17482853264809,-1.0215856
CC(C)(Oc1ccc(CCNC(=O)c2ccc(Cl)cc2)cc1)C(=O)O,CC(C)CO,308.22,-1.37263820043015,-1.2128685
CC(C)(Oc1ccc(CCNC(=O)c2ccc(Cl)cc2)cc1)C(=O)O,CCCCO,298.17,-1.35419284084378,-1.1204531
CC(C)(Oc1ccc(CCNC(=O)c2ccc(Cl)cc2)cc1)C(=O)O,CCCCCO,298.5,-1.42387677151276,-1.2590665
CC(C)(Oc1ccc(CCNC(=O)c2ccc(Cl)cc2)cc1)C(=O)O,CCCO,298.53,-1.24925327133804,-1.1055777
CC(C)(Oc1ccc(CCNC(=O)c2ccc(Cl)cc2)cc1)C(=O)O,CCC(C)=O,308.14,-1.31898249895084,-0.49066907
CC(C)(Oc1ccc(CCNC(=O)c2ccc(Cl)cc2)cc1)C(=O)O,CCC(C)O,298.16,-1.31488478874727,-1.2648723
CC(C)(Oc1ccc(CCNC(=O)c2ccc(Cl)cc2)cc1)C(=O)O,CC(C)CCO,308.21,-1.38542136484222,-1.0346966
CC(C)(Oc1ccc(CCNC(=O)c2ccc(Cl)cc2)cc1)C(=O)O,CC(C)O,308.16,-1.22446610697595,-1.0780817
CC(C)(Oc1ccc(CCNC(=O)c2ccc(Cl)cc2)cc1)C(=O)O,CCO,303.24,-1.10118296908956,-0.9109118
CC(C)(Oc1ccc(CCNC(=O)c2ccc(Cl)cc2)cc1)C(=O)O,CC(C)CO,313.23,-1.28265601058049,-1.1079719
CC(C)(Oc1ccc(CCNC(=O)c2ccc(Cl)cc2)cc1)C(=O)O,CCCCO,303.16,-1.27028441980142,-1.0086317
CC(C)(Oc1ccc(CCNC(=O)c2ccc(Cl)cc2)cc1)C(=O)O,O=C1CCCCC1,283.14,-1.31417437402705,-1.0522811
CC(C)(Oc1ccc(CCNC(=O)c2ccc(Cl)cc2)cc1)C(=O)O,CCCCCO,303.24,-1.33980186913757,-1.1514704
CC(C)(Oc1ccc(CCNC(=O)c2ccc(Cl)cc2)cc1)C(=O)O,CCC(C)=O,313.16,-1.25764796917869,-0.4116519
CC(C)(Oc1ccc(CCNC(=O)c2ccc(Cl)cc2)cc1)C(=O)O,CCCO,303.33,-1.16244415295853,-0.99813986
CC(C)(Oc1ccc(CCNC(=O)c2ccc(Cl)cc2)cc1)C(=O)O,CCC(C)O,303.16,-1.24086766848679,-1.1493182
CC(C)(Oc1ccc(CCNC(=O)c2ccc(Cl)cc2)cc1)C(=O)O,CCO,308.22,-1.03962700266055,-0.8001206
CC(C)(Oc1ccc(CCNC(=O)c2ccc(Cl)cc2)cc1)C(=O)O,CC(C)CCO,313.25,-1.29873029852297,-0.9319346
CC(C)(Oc1ccc(CCNC(=O)c2ccc(Cl)cc2)cc1)C(=O)O,CC(C)O,313.14,-1.13521103870768,-0.96988803
CC(C)(Oc1ccc(CCNC(=O)c2ccc(Cl)cc2)cc1)C(=O)O,CCC(C)=O,318.17,-1.20001299791815,-0.33313313
CC(C)(Oc1ccc(CCNC(=O)c2ccc(Cl)cc2)cc1)C(=O)O,CCCCO,308.14,-1.18776367952498,-0.89876175
CC(C)(Oc1ccc(CCNC(=O)c2ccc(Cl)cc2)cc1)C(=O)O,CCCCCO,308.02,-1.26079114370547,-1.0440733
CC(C)(Oc1ccc(CCNC(=O)c2ccc(Cl)cc2)cc1)C(=O)O,CC(C)CO,318.17,-1.19306930078865,-1.0046914
CC(C)(Oc1ccc(CCNC(=O)c2ccc(Cl)cc2)cc1)C(=O)O,O=C1CCCCC1,288.19,-1.22920183100371,-0.9709737
CC(C)(Oc1ccc(CCNC(=O)c2ccc(Cl)cc2)cc1)C(=O)O,CCCO,308.23,-1.08722232360437,-0.8888855
CC(C)(Oc1ccc(CCNC(=O)c2ccc(Cl)cc2)cc1)C(=O)O,CCC(C)O,308.14,-1.15990556690115,-1.0353944
CC(C)(Oc1ccc(CCNC(=O)c2ccc(Cl)cc2)cc1)C(=O)O,CCO,313.13,-0.950301355896652,-0.692226
CC(C)(Oc1ccc(CCNC(=O)c2ccc(Cl)cc2)cc1)C(=O)O,CC(C)CCO,318.17,-1.21760996670249,-0.8337655
CC(C)(Oc1ccc(CCNC(=O)c2ccc(Cl)cc2)cc1)C(=O)O,CCC(C)=O,323.16,-1.13072995040206,-0.25577226
CC(C)(Oc1ccc(CCNC(=O)c2ccc(Cl)cc2)cc1)C(=O)O,CC(C)O,318.22,-1.04485741765427,-0.8585315
CC(C)(Oc1ccc(CCNC(=O)c2ccc(Cl)cc2)cc1)C(=O)O,CCCCCO,313.08,-1.1814586216454,-0.93319094
CC(C)(Oc1ccc(CCNC(=O)c2ccc(Cl)cc2)cc1)C(=O)O,CCCCO,313.17,-1.10498352542847,-0.78853977
CC(C)(Oc1ccc(CCNC(=O)c2ccc(Cl)cc2)cc1)C(=O)O,CCCO,313.37,-1.01617023448349,-0.77614486
CC(C)(Oc1ccc(CCNC(=O)c2ccc(Cl)cc2)cc1)C(=O)O,O=C1CCCCC1,293.24,-1.14711456333228,-0.88868845
CC(C)(Oc1ccc(CCNC(=O)c2ccc(Cl)cc2)cc1)C(=O)O,CC(C)CO,323.2,-1.1040436661448,-0.89977884
CC(C)(Oc1ccc(CCNC(=O)c2ccc(Cl)cc2)cc1)C(=O)O,CCC(C)O,313.17,-1.08479067308553,-0.92192084
CC(C)(Oc1ccc(CCNC(=O)c2ccc(Cl)cc2)cc1)C(=O)O,CCO,318.18,-0.87260621993099,-0.5842533
CC(C)(Oc1ccc(CCNC(=O)c2ccc(Cl)cc2)cc1)C(=O)O,CC(C)CCO,323.25,-1.13432960042512,-0.7324377
CC(C)(Oc1ccc(CCNC(=O)c2ccc(Cl)cc2)cc1)C(=O)O,CC(C)O,323.2,-0.964193995716802,-0.7500841
CC(C)(Oc1ccc(CCNC(=O)c2ccc(Cl)cc2)cc1)C(=O)O,CCCO,318.35,-0.948545423387056,-0.6704828
CC(C)(Oc1ccc(CCNC(=O)c2ccc(Cl)cc2)cc1)C(=O)O,CCCCCO,317.95,-1.10748178914768,-0.8276883
CC(C)(Oc1ccc(CCNC(=O)c2ccc(Cl)cc2)cc1)C(=O)O,CCCCO,318.16,-1.02359839207104,-0.6829152
CC(C)(Oc1ccc(CCNC(=O)c2ccc(Cl)cc2)cc1)C(=O)O,O=C1CCCCC1,298.14,-1.06211091812619,-0.8104621
CC(C)(Oc1ccc(CCNC(=O)c2ccc(Cl)cc2)cc1)C(=O)O,CCC(C)O,318.16,-1.01017830456196,-0.81023717
CC(C)(Oc1ccc(CCNC(=O)c2ccc(Cl)cc2)cc1)C(=O)O,CCO,323.24,-0.79144698095477,-0.47700825
CC(C)(Oc1ccc(CCNC(=O)c2ccc(Cl)cc2)cc1)C(=O)O,CCCCCO,322.74,-1.03139693199861,-0.7285379
CC(C)(Oc1ccc(CCNC(=O)c2ccc(Cl)cc2)cc1)C(=O)O,CCCO,323.26,-0.866137469181592,-0.5680926
CC(C)(Oc1ccc(CCNC(=O)c2ccc(Cl)cc2)cc1)C(=O)O,CCCCO,323.17,-0.952991113306526,-0.58022255
CC(C)(Oc1ccc(CCNC(=O)c2ccc(Cl)cc2)cc1)C(=O)O,CCC(C)O,323.16,-0.947201421616827,-0.6986685
CC(C)(Oc1ccc(CCNC(=O)c2ccc(Cl)cc2)cc1)C(=O)O,O=C1CCCCC1,303.27,-0.986974340263924,-0.72855747
CC(C)(Oc1ccc(CCNC(=O)c2ccc(Cl)cc2)cc1)C(=O)O,O=C1CCCCC1,308.13,-0.91031391684481,-0.65234876
CC(C)(Oc1ccc(CCNC(=O)c2ccc(Cl)cc2)cc1)C(=O)O,O=C1CCCCC1,313.19,-0.83586656483386,-0.573073
CC(C)(Oc1ccc(CCNC(=O)c2ccc(Cl)cc2)cc1)C(=O)O,O=C1CCCCC1,318.22,-0.769958297384351,-0.49333596
CC(C)(Oc1ccc(CCNC(=O)c2ccc(Cl)cc2)cc1)C(=O)O,O=C1CCCCC1,323.22,-0.707828717850624,-0.41442943
N[C@@H](CS)C(=O)O,CC#N,283.15,-3.71383675021512,-3.1425853
N[C@@H](CS)C(=O)O,CC#N,293.15,-3.6048165461635,-2.9729218
N[C@@H](CS)C(=O)O,CC#N,303.15,-3.36375486999072,-2.814517
N[C@@H](CS)C(=O)O,CCOC(C)=O,283.15,-3.60459151318943,-3.5820875
N[C@@H](CS)C(=O)O,CC(C)CO,283.15,-3.54650769581012,-3.5274248
N[C@@H](CS)C(=O)O,CC#N,313.15,-3.28419067133925,-2.666745
N[C@@H](CS)C(=O)O,CCC(C)O,283.15,-3.51188231082841,-3.5861692
N[C@@H](CS)C(=O)O,CCOC(C)=O,293.15,-3.52794832443894,-3.4164357
N[C@@H](CS)C(=O)O,CC#N,323.15,-3.18149454170405,-2.5257316
N[C@@H](CS)C(=O)O,CC(C)CO,293.15,-3.38572975614275,-3.3515868
N[C@@H](CS)C(=O)O,CCCCO,283.15,-3.33391092126317,-3.5306911
N[C@@H](CS)C(=O)O,CCC(C)O,293.15,-3.30051033350388,-3.4076424
N[C@@H](CS)C(=O)O,CC(C)CO,303.15,-3.2883486479814,-3.182849
N[C@@H](CS)C(=O)O,CCC(C)O,303.15,-3.21952186041122,-3.236886
N[C@@H](CS)C(=O)O,CCOC(C)=O,303.15,-3.23263561575613,-3.258097
N[C@@H](CS)C(=O)O,CC(C)CO,313.15,-3.18837399017841,-3.0189595
N[C@@H](CS)C(=O)O,CCC(C)O,313.15,-3.15953774096565,-3.0711136
N[C@@H](CS)C(=O)O,CCOC(C)=O,313.15,-3.17590534139422,-3.1060104
N[C@@H](CS)C(=O)O,CC(C)CO,323.15,-3.13275534192169,-2.854979
N[C@@H](CS)C(=O)O,CCCCO,293.15,-3.09204608584747,-3.3616815
N[C@@H](CS)C(=O)O,CCC(C)O,323.15,-3.10824676462832,-2.9043026
N[C@@H](CS)C(=O)O,CCCCO,303.15,-3.05172371790033,-3.1953292
N[C@@H](CS)C(=O)O,CCOC(C)=O,323.15,-3.05871349718414,-2.9581363
N[C@@H](CS)C(=O)O,CCCCO,313.15,-2.94463073148256,-3.0323744
N[C@@H](CS)C(=O)O,CCCO,283.15,-2.8084454267269,-3.2974734
N[C@@H](CS)C(=O)O,CCCCO,323.15,-2.88457829505122,-2.8666937
N[C@@H](CS)C(=O)O,C1COCCO1,293.15,-2.81585992836019,-3.0931876
N[C@@H](CS)C(=O)O,CC(C)O,283.15,-2.7288543274454,-3.8457584
N[C@@H](CS)C(=O)O,CC(C)O,293.15,-2.72774666547755,-3.6924412
N[C@@H](CS)C(=O)O,CCCO,293.15,-2.7151564414306,-3.131589
N[C@@H](CS)C(=O)O,CC(C)O,303.15,-2.68942062782889,-3.538989
N[C@@H](CS)C(=O)O,C1COCCO1,303.15,-2.73097350716481,-2.9337692
N[C@@H](CS)C(=O)O,CCCO,303.15,-2.67075848672342,-2.9666836
N[C@@H](CS)C(=O)O,C1COCCO1,308.15,-2.67983404864003,-2.856019
N[C@@H](CS)C(=O)O,CCCO,313.15,-2.60320501529985,-2.8044083
N[C@@H](CS)C(=O)O,C1COCCO1,313.15,-2.64106786119769,-2.7783482
N[C@@H](CS)C(=O)O,CC(C)O,313.15,-2.55465495737942,-3.3860269
N[C@@H](CS)C(=O)O,CCCO,323.15,-2.52088400194308,-2.6427014
N[C@@H](CS)C(=O)O,C1COCCO1,323.15,-2.55595552615574,-2.6231365
N[C@@H](CS)C(=O)O,CC(C)O,323.15,-2.49167464198908,-3.2270079
N[C@@H](CS)C(=O)O,CCO,283.15,-2.25191605125695,-3.3157372
N[C@@H](CS)C(=O)O,CCO,293.15,-2.24468353534685,-3.1675901
N[C@@H](CS)C(=O)O,CCO,303.15,-2.22650428436825,-3.0232925
N[C@@H](CS)C(=O)O,CCO,313.15,-2.20128519418232,-2.877731
N[C@@H](CS)C(=O)O,CCO,323.15,-2.18873140640285,-2.7296457
N[C@@H](CS)C(=O)O,CC(C)=O,283.15,-1.83788895154813,-3.6176565
N[C@@H](CS)C(=O)O,CO,283.15,-1.34511818206732,-2.7899027
N[C@@H](CS)C(=O)O,CO,293.15,-1.29471784354034,-2.654593
N[C@@H](CS)C(=O)O,CO,303.15,-1.27012670305448,-2.5202608
N[C@@H](CS)C(=O)O,CO,313.15,-1.24786668533903,-2.384404
N[C@@H](CS)C(=O)O,CO,323.15,-1.18891164911926,-2.2473328
N[C@@H](CS)C(=O)O,CC(C)=O,293.15,-1.229986262703,-3.4727724
N[C@@H](CS)C(=O)O,CC(C)=O,303.15,-0.805247118929906,-3.3349307
N[C@@H](CS)C(=O)O,O,283.15,0.076091986021841,-2.9867065
N[C@@H](CS)C(=O)O,CC(C)=O,313.15,-0.541351416757691,-3.199749
N[C@@H](CS)C(=O)O,O,293.15,0.148693289589735,-2.8302443
N[C@@H](CS)C(=O)O,O,303.15,0.219240728257022,-2.677081
N[C@@H](CS)C(=O)O,CC(C)=O,323.15,-0.402485720797596,-3.064818
N[C@@H](CS)C(=O)O,O,313.15,0.298968210911885,-2.5255756
N[C@@H](CS)C(=O)O,O,323.15,0.358341160796648,-2.378062
c1cnc2[nH]ccc2c1,CCCCCC,278.15,-0.815546168070439,-2.0184162
c1cnc2[nH]ccc2c1,CCCCCC,283.15,-0.797774269060764,-1.9184147
c1cnc2[nH]ccc2c1,CCCCCC,288.15,-0.770789190443806,-1.8198106
c1cnc2[nH]ccc2c1,CCCCCC,293.15,-0.736147381258036,-1.7241341
c1cnc2[nH]ccc2c1,CCCCCC,298.15,-0.698652730927264,-1.6305755
c1cnc2[nH]ccc2c1,CCCCCC,303.15,-0.663137185804663,-1.5384632
c1cnc2[nH]ccc2c1,CCCCCC,308.15,-0.624183115607286,-1.4465824
c1cnc2[nH]ccc2c1,CCCCCC,313.15,-0.584865026436399,-1.3568639
c1cnc2[nH]ccc2c1,CCCCCC,318.15,-0.540082562259923,-1.2677193
c1cnc2[nH]ccc2c1,CCCCCC,323.15,-0.487683006606632,-1.1800637
c1cnc2[nH]ccc2c1,CC#N,278.15,0.382634305156587,-0.6487446
c1cnc2[nH]ccc2c1,CC#N,283.15,0.404587992657866,-0.5723758
c1cnc2[nH]ccc2c1,CC#N,288.15,0.436179793536468,-0.4980303
c1cnc2[nH]ccc2c1,CC#N,293.15,0.471195493872923,-0.4243986
c1cnc2[nH]ccc2c1,CC#N,298.15,0.512809468087813,-0.35223207
c1cnc2[nH]ccc2c1,CCO,278.15,0.495142703147351,-0.20544979
c1cnc2[nH]ccc2c1,CC#N,303.15,0.551757665485193,-0.2810521
c1cnc2[nH]ccc2c1,CCO,283.15,0.556544114369308,-0.13928118
c1cnc2[nH]ccc2c1,CC#N,308.15,0.59633727127917,-0.2106891
c1cnc2[nH]ccc2c1,CCCO,278.15,0.503875700506052,-0.31707263
c1cnc2[nH]ccc2c1,CCO,288.15,0.609759877390433,-0.07599978
c1cnc2[nH]ccc2c1,CC#N,313.15,0.647044017237723,-0.14124316
c1cnc2[nH]ccc2c1,CCCO,283.15,0.534424634624293,-0.24939962
c1cnc2[nH]ccc2c1,CC(C)O,278.15,0.532989937997439,-0.41145906
c1cnc2[nH]ccc2c1,CCOC(C)=O,278.15,0.442490065995658,-0.35916758
c1cnc2[nH]ccc2c1,CCO,293.15,0.660978707598381,-0.015642151
c1cnc2[nH]ccc2c1,CC#N,318.15,0.7014404664314,-0.07238358
c1cnc2[nH]ccc2c1,CCCO,288.15,0.56698008500665,-0.18397298
c1cnc2[nH]ccc2c1,CCOC(C)=O,283.15,0.456861706983769,-0.29701123
c1cnc2[nH]ccc2c1,CC(C)O,283.15,0.56558501624538,-0.34337467
c1cnc2[nH]ccc2c1,CCOC(C)=O,288.15,0.478546744210032,-0.23712145
c1cnc2[nH]ccc2c1,CO,278.15,0.870232864349598,-0.17785992
c1cnc2[nH]ccc2c1,CC(C)O,288.15,0.597591372824841,-0.27813554
c1cnc2[nH]ccc2c1,CCO,298.15,0.712031896611086,0.043207705
c1cnc2[nH]ccc2c1,CCCO,293.15,0.609707799103081,-0.12073153
c1cnc2[nH]ccc2c1,CCOC(C)=O,293.15,0.502345083257757,-0.17964125
c1cnc2[nH]ccc2c1,CO,283.15,0.893683813416695,-0.11361951
c1cnc2[nH]ccc2c1,CC#N,323.15,0.767516428409822,-0.004414931
c1cnc2[nH]ccc2c1,CC(C)O,293.15,0.631822644898071,-0.21602474
c1cnc2[nH]ccc2c1,CO,288.15,0.918785054264458,-0.051015556
c1cnc2[nH]ccc2c1,CCOC(C)=O,298.15,0.535657098031571,-0.12306774
c1cnc2[nH]ccc2c1,CCO,303.15,0.757004954059076,0.0998006
c1cnc2[nH]ccc2c1,CCCO,298.15,0.654421630345087,-0.05996217
c1cnc2[nH]ccc2c1,CC(C)=O,278.15,0.693367680847841,-0.3130659
c1cnc2[nH]ccc2c1,CC(C)O,298.15,0.665941153872458,-0.15653381
c1cnc2[nH]ccc2c1,CO,293.15,0.943968438320049,0.0101064
c1cnc2[nH]ccc2c1,CCOC(C)=O,303.15,0.561538411008423,-0.06771298
c1cnc2[nH]ccc2c1,CCCO,303.15,0.69566012305317,-0.0016577095
c1cnc2[nH]ccc2c1,CCO,308.15,0.806362866271878,0.15493022
c1cnc2[nH]ccc2c1,CO,298.15,0.976994652207311,0.07060614
c1cnc2[nH]ccc2c1,CC(C)O,303.15,0.699738472232182,-0.098425075
c1cnc2[nH]ccc2c1,CC(C)=O,283.15,0.735019056024489,-0.26166356
c1cnc2[nH]ccc2c1,CCOC(C)=O,308.15,0.597454659746984,-0.013650134
c1cnc2[nH]ccc2c1,CCCO,308.15,0.73344695828805,0.054942906
c1cnc2[nH]ccc2c1,CO,303.15,1.00509740058998,0.12994897
c1cnc2[nH]ccc2c1,CC(C)O,308.15,0.736227735759782,-0.04212536
c1cnc2[nH]ccc2c1,CCO,313.15,0.855302310140643,0.20707233
c1cnc2[nH]ccc2c1,CC(C)=O,288.15,0.772044628587846,-0.2116325
c1cnc2[nH]ccc2c1,CCOC(C)=O,313.15,0.633936232216553,0.039640278
c1cnc2[nH]ccc2c1,CO,308.15,1.03829768138155,0.187307
c1cnc2[nH]ccc2c1,CCCO,313.15,0.774929587196159,0.11080648
c1cnc2[nH]ccc2c1,CC(C)O,313.15,0.769816319646132,0.013285339
c1cnc2[nH]ccc2c1,CC(C)=O,293.15,0.811596337282782,-0.16340268
c1cnc2[nH]ccc2c1,CCOC(C)=O,318.15,0.674752514465614,0.09223275
c1cnc2[nH]ccc2c1,CCO,318.15,0.90464321400384,0.2576992
c1cnc2[nH]ccc2c1,CO,313.15,1.07585944111698,0.24389265
c1cnc2[nH]ccc2c1,CCCO,318.15,0.812774817183095,0.16521664
c1cnc2[nH]ccc2c1,CC(C)O,318.15,0.807522653631086,0.06771983
c1cnc2[nH]ccc2c1,CC(C)=O,298.15,0.843863763184144,-0.11631566
c1cnc2[nH]ccc2c1,C1CCOC1,278.15,0.816002062381193,0.01938197
c1cnc2[nH]ccc2c1,CCOC(C)=O,323.15,0.715931848825473,0.14438833
c1cnc2[nH]ccc2c1,CO,318.15,1.11318050599338,0.2994163
c1cnc2[nH]ccc2c1,CCO,323.15,0.96002699188122,0.30750048
c1cnc2[nH]ccc2c1,CCCO,323.15,0.862141070075765,0.21737371
c1cnc2[nH]ccc2c1,CC(C)O,323.15,0.852173891097106,0.120756894
c1cnc2[nH]ccc2c1,CC(C)=O,303.15,0.881030067574989,-0.07057026
c1cnc2[nH]ccc2c1,C1CCOC1,283.15,0.84825955501707,0.059160024
c1cnc2[nH]ccc2c1,CO,323.15,1.14982025080296,0.35243088
c1cnc2[nH]ccc2c1,C1CCOC1,288.15,0.874003532352291,0.097530186
c1cnc2[nH]ccc2c1,CC(C)=O,308.15,0.918416696658335,-0.02606295
c1cnc2[nH]ccc2c1,C1CCOC1,293.15,0.908354670382099,0.13402976
c1cnc2[nH]ccc2c1,CC(C)=O,313.15,0.949472707359365,0.018516555
c1cnc2[nH]ccc2c1,C1CCOC1,298.15,0.948725118835005,0.16973615
c1cnc2[nH]ccc2c1,CC(C)=O,318.15,0.984561177444578,0.062072292
c1cnc2[nH]ccc2c1,C1CCOC1,303.15,0.973788157743144,0.20425062
c1cnc2[nH]ccc2c1,CC(C)=O,323.15,1.01555854782058,0.10429062
c1cnc2[nH]ccc2c1,C1CCOC1,308.15,1.00936045532919,0.23788165
c1cnc2[nH]ccc2c1,C1CCOC1,313.15,1.04270075537698,0.27141035
c1cnc2[nH]ccc2c1,C1CCOC1,318.15,1.07657670658255,0.30510914
O=C1N=c2ccccc2=N1,CCCOC(C)=O,283.15,-2.26617105749406,-0.71969515
O=C1N=c2ccccc2=N1,CCOC(C)=O,283.15,-2.12904314033833,-0.66411513
O=C1N=c2ccccc2=N1,CCC(C)=O,283.15,-2.07930998634149,-0.38866848
O=C1N=c2ccccc2=N1,CCCOC(C)=O,288.15,-2.14023375788714,-0.6588423
O=C1N=c2ccccc2=N1,COC(C)=O,283.15,-1.9190761235209,-0.418831
O=C1N=c2ccccc2=N1,CCOC(C)=O,288.15,-2.00664646711274,-0.5955354
O=C1N=c2ccccc2=N1,CCC(C)=O,288.15,-1.95204691410274,-0.32674813
O=C1N=c2ccccc2=N1,CCCOC(C)=O,293.15,-2.0507505352653,-0.59941757
O=C1N=c2ccccc2=N1,CCOC(C)=O,293.15,-1.91741176879776,-0.5281003
O=C1N=c2ccccc2=N1,COC(C)=O,288.15,-1.82567747374275,-0.3613962
O=C1N=c2ccccc2=N1,CCC(C)=O,293.15,-1.8484860559812,-0.2652281
O=C1N=c2ccccc2=N1,CCCOC(C)=O,298.15,-1.94451757528735,-0.5410742
O=C1N=c2ccccc2=N1,COC(C)=O,293.15,-1.77351899483167,-0.30573842
O=C1N=c2ccccc2=N1,CCOC(C)=O,298.15,-1.83549757509975,-0.46168408
O=C1N=c2ccccc2=N1,CCC(C)=O,298.15,-1.7683884456058,-0.20377347
O=C1N=c2ccccc2=N1,CCCOC(C)=O,303.15,-1.84973004826603,-0.48359603
O=C1N=c2ccccc2=N1,CC(C)CO,283.15,-1.73875388190612,-1.4294318
O=C1N=c2ccccc2=N1,COC(C)=O,298.15,-1.66005855314195,-0.25193536
O=C1N=c2ccccc2=N1,CCOC(C)=O,303.15,-1.72898395040818,-0.3963877
O=C1N=c2ccccc2=N1,CC(C)CO,288.15,-1.69011066680428,-1.3337725
O=C1N=c2ccccc2=N1,CCC(C)=O,303.15,-1.67060042870622,-0.14227858
O=C1N=c2ccccc2=N1,CCCOC(C)=O,308.15,-1.76655752755749,-0.42752624
O=C1N=c2ccccc2=N1,COC(C)=O,303.15,-1.58403720254577,-0.19910398
O=C1N=c2ccccc2=N1,CC(C)CO,293.15,-1.6393617159909,-1.2406646
O=C1N=c2ccccc2=N1,CCCO,283.15,-1.52358412912582,-1.165298
O=C1N=c2ccccc2=N1,CCOC(C)=O,308.15,-1.64922552348195,-0.33258694
O=C1N=c2ccccc2=N1,C1COCCO1,288.15,-1.56008156375642,-0.34456176
O=C1N=c2ccccc2=N1,CCC(C)=O,308.15,-1.59210657403276,-0.08169815
O=C1N=c2ccccc2=N1,CC(C)O,283.15,-1.49270972635556,-1.3254627
O=C1N=c2ccccc2=N1,CCCOC(C)=O,313.15,-1.67915678345148,-0.37279317
O=C1N=c2ccccc2=N1,CC(C)CO,298.15,-1.56611126119195,-1.1488428
O=C1N=c2ccccc2=N1,CO,283.15,-1.20066566119162,-0.7948521
O=C1N=c2ccccc2=N1,COC(C)=O,308.15,-1.50417963047913,-0.14613152
O=C1N=c2ccccc2=N1,CCCO,288.15,-1.45782617524131,-1.0759219
O=C1N=c2ccccc2=N1,CCOC(C)=O,313.15,-1.58014885317309,-0.2695044
O=C1N=c2ccccc2=N1,C1COCCO1,293.15,-1.50243207161675,-0.28103653
O=C1N=c2ccccc2=N1,CC(C)O,288.15,-1.43633302086188,-1.2342801
O=C1N=c2ccccc2=N1,CCCO,293.15,-1.42450634210357,-0.98962116
O=C1N=c2ccccc2=N1,CCC(C)=O,313.15,-1.5098641945671,-0.02195391
O=C1N=c2ccccc2=N1,CCO,283.15,-1.30708894091678,-1.0850747
O=C1N=c2ccccc2=N1,CO,288.15,-1.14304550936507,-0.71130097
O=C1N=c2ccccc2=N1,CC(C)CO,303.15,-1.50246591306603,-1.0580647
O=C1N=c2ccccc2=N1,CCCOC(C)=O,318.15,-1.60658314253413,-0.3183964
O=C1N=c2ccccc2=N1,COC(C)=O,313.15,-1.43895595454123,-0.09305684
O=C1N=c2ccccc2=N1,C1COCCO1,298.15,-1.44163707919505,-0.21810314
O=C1N=c2ccccc2=N1,CC(C)O,293.15,-1.39022396852382,-1.1442037
O=C1N=c2ccccc2=N1,CCOC(C)=O,318.15,-1.51079919231735,-0.20556492
O=C1N=c2ccccc2=N1,CCCCO,283.15,-1.46135965759365,-1.2655071
O=C1N=c2ccccc2=N1,CO,293.15,-1.09957139093473,-0.6305115
O=C1N=c2ccccc2=N1,CCC(C)O,283.15,-1.44910641071969,-1.4289291
O=C1N=c2ccccc2=N1,CCO,288.15,-1.25272870919911,-0.99865454
O=C1N=c2ccccc2=N1,CCCO,298.15,-1.35793684365514,-0.9048234
O=C1N=c2ccccc2=N1,CC(C)CO,308.15,-1.43094574909969,-0.9681047
O=C1N=c2ccccc2=N1,CCCCO,288.15,-1.41718861055551,-1.1779962
O=C1N=c2ccccc2=N1,CCC(C)=O,318.15,-1.42395815707148,0.03798312
O=C1N=c2ccccc2=N1,CCCOC(C)=O,323.15,-1.53187411815959,-0.26393336
O=C1N=c2ccccc2=N1,CC(C)O,298.15,-1.3380916982983,-1.055263
O=C1N=c2ccccc2=N1,COC(C)=O,318.15,-1.3591558397952,-0.04018955
O=C1N=c2ccccc2=N1,C1COCCO1,303.15,-1.37272942498048,-0.1562677
O=C1N=c2ccccc2=N1,CCC(C)O,288.15,-1.39805290296478,-1.3350854
O=C1N=c2ccccc2=N1,CCO,293.15,-1.20171484189347,-0.91358125
O=C1N=c2ccccc2=N1,CO,298.15,-1.03961583363399,-0.5518572
O=C1N=c2ccccc2=N1,CCCO,303.15,-1.30170083346058,-0.8213861
O=C1N=c2ccccc2=N1,CCOC(C)=O,323.15,-1.42399455194285,-0.14169246
O=C1N=c2ccccc2=N1,CCCCO,293.15,-1.37585311951635,-1.0930866
O=C1N=c2ccccc2=N1,CC(C)O,303.15,-1.28261585419023,-0.9666105
O=C1N=c2ccccc2=N1,CC(C)CO,313.15,-1.36690963677248,-0.87918407
O=C1N=c2ccccc2=N1,CCC(C)=O,323.15,-1.36137577232071,0.09791234
O=C1N=c2ccccc2=N1,CO,303.15,-0.991625865056987,-0.47505552
O=C1N=c2ccccc2=N1,CCC(C)O,293.15,-1.34292985463918,-1.2437068
O=C1N=c2ccccc2=N1,CCO,298.15,-1.14489473091826,-0.82923293
O=C1N=c2ccccc2=N1,C1COCCO1,308.15,-1.31070063632776,-0.095376
O=C1N=c2ccccc2=N1,COC(C)=O,323.15,-1.28590711349949,0.013701901
O=C1N=c2ccccc2=N1,CCCO,308.15,-1.24248332045347,-0.7393665
O=C1N=c2ccccc2=N1,CCCCO,298.15,-1.31742705512377,-1.010507
O=C1N=c2ccccc2=N1,CCO,303.15,-1.11150977514457,-0.74582905
O=C1N=c2ccccc2=N1,CC(C)CO,318.15,-1.30050204465618,-0.7914326
O=C1N=c2ccccc2=N1,CO,308.15,-0.938282276651392,-0.39946836
O=C1N=c2ccccc2=N1,CC(C)O,308.15,-1.21374365829841,-0.8794732
O=C1N=c2ccccc2=N1,CCC(C)O,298.15,-1.28224224934823,-1.1540577
O=C1N=c2ccccc2=N1,CCCCO,303.15,-1.27572693535931,-0.928486
O=C1N=c2ccccc2=N1,C1COCCO1,313.15,-1.24744650143908,-0.035846993
O=C1N=c2ccccc2=N1,CCCO,313.15,-1.18687083227902,-0.65840566
O=C1N=c2ccccc2=N1,CCO,308.15,-1.06865903202847,-0.6648959
O=C1N=c2ccccc2=N1,CO,313.15,-0.886224254096998,-0.32399207
O=C1N=c2ccccc2=N1,CCC(C)O,303.15,-1.22208775209064,-1.0659119
O=C1N=c2ccccc2=N1,CCCCO,308.15,-1.2188066649317,-0.84737426
O=C1N=c2ccccc2=N1,CCCO,318.15,-1.13225878134146,-0.5781247
O=C1N=c2ccccc2=N1,CC(C)O,313.15,-1.13454997053679,-0.79478264
O=C1N=c2ccccc2=N1,CCO,313.15,-1.01577533573723,-0.5846066
O=C1N=c2ccccc2=N1,CC(C)CO,323.15,-1.2171420309802,-0.7049051
O=C1N=c2ccccc2=N1,C1COCCO1,318.15,-1.1736394951537,0.021971464
O=C1N=c2ccccc2=N1,CO,318.15,-0.83055304612873,-0.2501116
O=C1N=c2ccccc2=N1,CCC(C)O,308.15,-1.16475285503073,-0.9785667
O=C1N=c2ccccc2=N1,CCCCO,313.15,-1.16409833103368,-0.76748514
O=C1N=c2ccccc2=N1,CCCO,323.15,-1.07486923152166,-0.4976914
O=C1N=c2ccccc2=N1,CCO,318.15,-0.962872764023071,-0.5053833
O=C1N=c2ccccc2=N1,CC(C)O,318.15,-1.06706254853266,-0.71136016
O=C1N=c2ccccc2=N1,C1COCCO1,323.15,-1.10485747766081,0.07788229
O=C1N=c2ccccc2=N1,CO,323.15,-0.772017001328822,-0.17756094
O=C1N=c2ccccc2=N1,CCC(C)O,313.15,-1.11668727113161,-0.89214104
O=C1N=c2ccccc2=N1,CCCCO,318.15,-1.10473224933227,-0.6895747
O=C1N=c2ccccc2=N1,CCO,323.15,-0.901928858827445,-0.42700422
O=C1N=c2ccccc2=N1,CC(C)O,323.15,-0.996290827545746,-0.6288902
O=C1N=c2ccccc2=N1,C1COCCO1,328.15,-1.03977691455571,0.13249432
O=C1N=c2ccccc2=N1,CCC(C)O,318.15,-1.06048762775658,-0.80584097
O=C1N=c2ccccc2=N1,CCCCO,323.15,-1.04621360413194,-0.6120745
O=C1N=c2ccccc2=N1,CCC(C)O,323.15,-0.989904998115673,-0.7195742
CC(C)(c1ccc(O)cc1)c1ccc(O)cc1,CCC(C)O,273.15,-0.406330192654773,-1.831896
CC(C)(c1ccc(O)cc1)c1ccc(O)cc1,CCC(C)O,278.15,-0.340874037143733,-1.7094328
CC(C)(c1ccc(O)cc1)c1ccc(O)cc1,CCC(C)O,283.15,-0.263822631009604,-1.58708
CC(C)(c1ccc(O)cc1)c1ccc(O)cc1,CC(C)O,273.15,-0.14919658610091,-1.7019217
CC(C)(c1ccc(O)cc1)c1ccc(O)cc1,CCC(C)O,288.15,-0.183256494657685,-1.4668477
CC(C)(c1ccc(O)cc1)c1ccc(O)cc1,CC(C)O,278.15,-0.068399076405989,-1.5892322
CC(C)(c1ccc(O)cc1)c1ccc(O)cc1,CCC(C)O,293.15,-0.118265123873864,-1.3517021
CC(C)(c1ccc(O)cc1)c1ccc(O)cc1,CC(C)O,283.15,0.011064515559591,-1.4771333
CC(C)(c1ccc(O)cc1)c1ccc(O)cc1,CCC(C)O,298.15,-0.064346138958376,-1.2409441
CC(C)(c1ccc(O)cc1)c1ccc(O)cc1,CCCCO,273.15,-0.045195717269366,-1.5430138
CC(C)(c1ccc(O)cc1)c1ccc(O)cc1,CCC(C)O,303.15,-0.011196662043055,-1.1323475
CC(C)(c1ccc(O)cc1)c1ccc(O)cc1,CCCCO,278.15,0.003367138863121,-1.4345604
CC(C)(c1ccc(O)cc1)c1ccc(O)cc1,CC(C)O,288.15,0.091696859471233,-1.3674867
CC(C)(c1ccc(O)cc1)c1ccc(O)cc1,CCC(C)O,308.15,0.040943493630402,-1.026736
CC(C)(c1ccc(O)cc1)c1ccc(O)cc1,O=C1CCCCC1,273.15,0.005979498258499,-0.9123403
CC(C)(c1ccc(O)cc1)c1ccc(O)cc1,CCCCO,283.15,0.059891029657025,-1.329108
CC(C)(c1ccc(O)cc1)c1ccc(O)cc1,CC(C)O,293.15,0.147889588087249,-1.26122
CC(C)(c1ccc(O)cc1)c1ccc(O)cc1,CCC(C)O,313.15,0.092711865252395,-0.92542684
CC(C)(c1ccc(O)cc1)c1ccc(O)cc1,CCCCO,288.15,0.122024099611368,-1.2261981
CC(C)(c1ccc(O)cc1)c1ccc(O)cc1,CC(C)O,298.15,0.209687968871994,-1.1593874
CC(C)(c1ccc(O)cc1)c1ccc(O)cc1,O=C1CCCCC1,278.15,0.084795068502768,-0.8359381
CC(C)(c1ccc(O)cc1)c1ccc(O)cc1,CCCCO,293.15,0.173388629338195,-1.1267775
CC(C)(c1ccc(O)cc1)c1ccc(O)cc1,CC(C)O,303.15,0.260367354646396,-1.0608982
CC(C)(c1ccc(O)cc1)c1ccc(O)cc1,O=C1CCCCC1,283.15,0.147424486166515,-0.76230836
CC(C)(c1ccc(O)cc1)c1ccc(O)cc1,CC#N,273.15,0.486489679704053,-1.4664084
CC(C)(c1ccc(O)cc1)c1ccc(O)cc1,CCCCO,298.15,0.235849283528498,-1.029872
CC(C)(c1ccc(O)cc1)c1ccc(O)cc1,CC(C)O,308.15,0.316827968290537,-0.96515775
CC(C)(c1ccc(O)cc1)c1ccc(O)cc1,NC=O,278.15,0.618710646541213,-1.6772995
CC(C)(c1ccc(O)cc1)c1ccc(O)cc1,CC#N,278.15,0.504886794297748,-1.3494658
CC(C)(c1ccc(O)cc1)c1ccc(O)cc1,O=C1CCCCC1,288.15,0.206499193320476,-0.69044966
CC(C)(c1ccc(O)cc1)c1ccc(O)cc1,CCCCO,303.15,0.276998132367148,-0.93463814
CC(C)(c1ccc(O)cc1)c1ccc(O)cc1,CC#N,283.15,0.53214961955069,-1.2347559
CC(C)(c1ccc(O)cc1)c1ccc(O)cc1,NC=O,283.15,0.65446403940166,-1.5789675
CC(C)(c1ccc(O)cc1)c1ccc(O)cc1,CC(C)O,313.15,0.362931269637954,-0.87174577
CC(C)(c1ccc(O)cc1)c1ccc(O)cc1,O=C1CCCCC1,293.15,0.25896948073903,-0.61951834
CC(C)(c1ccc(O)cc1)c1ccc(O)cc1,CC#N,288.15,0.564626889211195,-1.1212109
CC(C)(c1ccc(O)cc1)c1ccc(O)cc1,CCCCO,308.15,0.322018967531014,-0.84512323
CC(C)(c1ccc(O)cc1)c1ccc(O)cc1,NC=O,288.15,0.695425094388298,-1.4820539
CC(C)(c1ccc(O)cc1)c1ccc(O)cc1,CC#N,293.15,0.589210822925346,-1.0125358
CC(C)(c1ccc(O)cc1)c1ccc(O)cc1,CCCO,273.15,0.463262125788504,-1.5065278
CC(C)(c1ccc(O)cc1)c1ccc(O)cc1,CC#N,298.15,0.612541674204561,-0.90642565
CC(C)(c1ccc(O)cc1)c1ccc(O)cc1,O=C1CCCCC1,298.15,0.314916551080186,-0.55113167
CC(C)(c1ccc(O)cc1)c1ccc(O)cc1,NC=O,293.15,0.734479645778544,-1.387399
CC(C)(c1ccc(O)cc1)c1ccc(O)cc1,CCCO,278.15,0.475971208672211,-1.3851739
CC(C)(c1ccc(O)cc1)c1ccc(O)cc1,CCCCO,313.15,0.374412038706312,-0.75771695
CC(C)(c1ccc(O)cc1)c1ccc(O)cc1,CC#N,303.15,0.631672629162228,-0.8014915
CC(C)(c1ccc(O)cc1)c1ccc(O)cc1,CO,273.15,0.765979395975879,-1.075812
CC(C)(c1ccc(O)cc1)c1ccc(O)cc1,CCCO,283.15,0.494554605569075,-1.2676034
CC(C)(c1ccc(O)cc1)c1ccc(O)cc1,CO,278.15,0.770959659793984,-0.97611403
CC(C)(c1ccc(O)cc1)c1ccc(O)cc1,NC=O,298.15,0.779028714985584,-1.2935098
CC(C)(c1ccc(O)cc1)c1ccc(O)cc1,CO,283.15,0.779532614589498,-0.87933517
CC(C)(c1ccc(O)cc1)c1ccc(O)cc1,O=C1CCCCC1,303.15,0.363599298781698,-0.48338193
CC(C)(c1ccc(O)cc1)c1ccc(O)cc1,CCCO,288.15,0.512047960219997,-1.1548891
CC(C)(c1ccc(O)cc1)c1ccc(O)cc1,CC#N,308.15,0.657457263492635,-0.7010729
CC(C)(c1ccc(O)cc1)c1ccc(O)cc1,CO,288.15,0.786796775019566,-0.78442097
CC(C)(c1ccc(O)cc1)c1ccc(O)cc1,CCCO,293.15,0.525443455314691,-1.0455505
CC(C)(c1ccc(O)cc1)c1ccc(O)cc1,CO,293.15,0.795814170798482,-0.6920151
CC(C)(c1ccc(O)cc1)c1ccc(O)cc1,C1COCCO1,288.15,0.48512371606398,-0.6948355
CC(C)(c1ccc(O)cc1)c1ccc(O)cc1,CO,298.15,0.808857691201906,-0.6031965
CC(C)(c1ccc(O)cc1)c1ccc(O)cc1,CC#N,313.15,0.684542159243906,-0.6052228
CC(C)(c1ccc(O)cc1)c1ccc(O)cc1,CCCO,298.15,0.541249252845416,-0.9402644
CC(C)(c1ccc(O)cc1)c1ccc(O)cc1,NC=O,303.15,0.821646927219834,-1.199915
CC(C)(c1ccc(O)cc1)c1ccc(O)cc1,CCO,273.15,0.667620265263849,-1.4728978
CC(C)(c1ccc(O)cc1)c1ccc(O)cc1,CO,303.15,0.8178279654437,-0.5167662
CC(C)(c1ccc(O)cc1)c1ccc(O)cc1,CCCO,303.15,0.556561956701675,-0.8393078
CC(C)(c1ccc(O)cc1)c1ccc(O)cc1,O=C1CCCCC1,308.15,0.418189264353563,-0.41808712
CC(C)(c1ccc(O)cc1)c1ccc(O)cc1,CCO,278.15,0.678590266115352,-1.3632426
CC(C)(c1ccc(O)cc1)c1ccc(O)cc1,CO,308.15,0.829098774120954,-0.4315806
CC(C)(c1ccc(O)cc1)c1ccc(O)cc1,CCCO,308.15,0.569094371581618,-0.74376595
CC(C)(c1ccc(O)cc1)c1ccc(O)cc1,CCO,283.15,0.692352365865766,-1.253414
CC(C)(c1ccc(O)cc1)c1ccc(O)cc1,CO,313.15,0.840464325881814,-0.34946656
CC(C)(c1ccc(O)cc1)c1ccc(O)cc1,C1COCCO1,293.15,0.531525309557679,-0.62219954
CC(C)(c1ccc(O)cc1)c1ccc(O)cc1,CCCO,313.15,0.581835279015778,-0.6525598
CC(C)(c1ccc(O)cc1)c1ccc(O)cc1,CCO,288.15,0.7042403890265,-1.1444633
CC(C)(c1ccc(O)cc1)c1ccc(O)cc1,NC=O,308.15,0.873467754429037,-1.1084836
CC(C)(c1ccc(O)cc1)c1ccc(O)cc1,CCO,293.15,0.715378744317738,-1.0379535
CC(C)(c1ccc(O)cc1)c1ccc(O)cc1,CCOC(C)=O,273.15,0.507491696199706,-0.6245394
CC(C)(c1ccc(O)cc1)c1ccc(O)cc1,O=C1CCCCC1,313.15,0.464985437711163,-0.35443318
CC(C)(c1ccc(O)cc1)c1ccc(O)cc1,COC(C)=O,273.15,0.59936043411757,-1.0654569
CC(C)(c1ccc(O)cc1)c1ccc(O)cc1,CCOC(C)=O,278.15,0.509160447231011,-0.53727514
CC(C)(c1ccc(O)cc1)c1ccc(O)cc1,COC(C)=O,278.15,0.598790509183647,-0.9789363
CC(C)(c1ccc(O)cc1)c1ccc(O)cc1,COC(C)=O,283.15,0.603938633721476,-0.8957032
CC(C)(c1ccc(O)cc1)c1ccc(O)cc1,CCO,298.15,0.730106129268005,-0.93499
CC(C)(c1ccc(O)cc1)c1ccc(O)cc1,CCOC(C)=O,283.15,0.514108135402059,-0.45443714
CC(C)(c1ccc(O)cc1)c1ccc(O)cc1,COC(C)=O,288.15,0.603842271978739,-0.81659555
CC(C)(c1ccc(O)cc1)c1ccc(O)cc1,CCOC(C)=O,288.15,0.518945181211143,-0.376771
CC(C)(c1ccc(O)cc1)c1ccc(O)cc1,C1COCCO1,298.15,0.579810685739278,-0.55163705
CC(C)(c1ccc(O)cc1)c1ccc(O)cc1,COC(C)=O,293.15,0.611158495324894,-0.740208
CC(C)(c1ccc(O)cc1)c1ccc(O)cc1,CCO,303.15,0.743307557087777,-0.8358373
CC(C)(c1ccc(O)cc1)c1ccc(O)cc1,CCOC(C)=O,293.15,0.523906979506814,-0.3033649
CC(C)(c1ccc(O)cc1)c1ccc(O)cc1,COC(C)=O,298.15,0.619213103937858,-0.66640455
CC(C)(c1ccc(O)cc1)c1ccc(O)cc1,CCOC(C)=O,298.15,0.534732572150351,-0.23309053
CC(C)(c1ccc(O)cc1)c1ccc(O)cc1,NC=O,313.15,0.92041838805623,-1.0184485
CC(C)(c1ccc(O)cc1)c1ccc(O)cc1,COC(C)=O,303.15,0.619640145351173,-0.5958924
CC(C)(c1ccc(O)cc1)c1ccc(O)cc1,CCO,308.15,0.756962307096688,-0.741787
CC(C)(c1ccc(O)cc1)c1ccc(O)cc1,CCOC(C)=O,303.15,0.538295108556133,-0.16620837
CC(C)(c1ccc(O)cc1)c1ccc(O)cc1,COC(C)=O,308.15,0.625904064684568,-0.5287994
CC(C)(c1ccc(O)cc1)c1ccc(O)cc1,CCO,313.15,0.769584847362384,-0.6501657
CC(C)(c1ccc(O)cc1)c1ccc(O)cc1,CCOC(C)=O,308.15,0.546940695642107,-0.10318139
CC(C)(c1ccc(O)cc1)c1ccc(O)cc1,COC(C)=O,313.15,0.635882759850229,-0.46384922
CC(C)(c1ccc(O)cc1)c1ccc(O)cc1,C1COCCO1,303.15,0.618668643592595,-0.48316526
CC(C)(c1ccc(O)cc1)c1ccc(O)cc1,CCOC(C)=O,313.15,0.555840751718989,-0.043618575
CC(C)(c1ccc(O)cc1)c1ccc(O)cc1,C1COCCO1,308.15,0.663799718986949,-0.41612288
CC(C)(c1ccc(O)cc1)c1ccc(O)cc1,CC(C)=O,273.15,0.763416749039572,-1.0816057
CC(C)(c1ccc(O)cc1)c1ccc(O)cc1,CN(C)C=O,273.15,0.751599303770596,-1.2134005
CC(C)(c1ccc(O)cc1)c1ccc(O)cc1,CC(C)=O,278.15,0.776817287610105,-1.005283
CC(C)(c1ccc(O)cc1)c1ccc(O)cc1,C1COCCO1,313.15,0.705580942388292,-0.35085374
CC(C)(c1ccc(O)cc1)c1ccc(O)cc1,CN(C)C=O,278.15,0.769943910624633,-1.1313338
CC(C)(c1ccc(O)cc1)c1ccc(O)cc1,CC(C)=O,283.15,0.795411950475434,-0.9301938
CC(C)(c1ccc(O)cc1)c1ccc(O)cc1,CC(C)=O,288.15,0.811579902707789,-0.8584411
CC(C)(c1ccc(O)cc1)c1ccc(O)cc1,CN(C)C=O,283.15,0.798072904932952,-1.0497122
CC(C)(c1ccc(O)cc1)c1ccc(O)cc1,CN(C)C=O,288.15,0.831328554014915,-0.9691437
CC(C)(c1ccc(O)cc1)c1ccc(O)cc1,CN(C)C=O,293.15,0.865824161247125,-0.89003164
CC(C)(c1ccc(O)cc1)c1ccc(O)cc1,CN(C)C=O,298.15,0.904616478186821,-0.8128222
CC(C)(c1ccc(O)cc1)c1ccc(O)cc1,CN(C)C=O,303.15,0.949883336488684,-0.7366007
CC(C)(c1ccc(O)cc1)c1ccc(O)cc1,CN(C)C=O,308.15,0.984414157579647,-0.6620399
CC(C)(c1ccc(O)cc1)c1ccc(O)cc1,CN(C)C=O,313.15,1.02102883633808,-0.59150875
CCCNC(=O)NS(=O)(=O)c1ccc(Cl)cc1,CC(C)CCO,283.2,-1.3075203854472,-1.2653356
CCCNC(=O)NS(=O)(=O)c1ccc(Cl)cc1,CC(C)CO,283.13,-1.2271407937136,-1.3566191
CCCNC(=O)NS(=O)(=O)c1ccc(Cl)cc1,CC(C)O,283.26,-1.10439729084972,-1.1868349
CCCNC(=O)NS(=O)(=O)c1ccc(Cl)cc1,CC(C)CCO,288.12,-1.21214274102593,-1.1819048
CCCNC(=O)NS(=O)(=O)c1ccc(Cl)cc1,CCCCO,283.28,-1.12175937919534,-1.0986792
CCCNC(=O)NS(=O)(=O)c1ccc(Cl)cc1,CCCCCO,283.12,-1.18936852949836,-1.4310565
CCCNC(=O)NS(=O)(=O)c1ccc(Cl)cc1,CCCO,283.13,-1.02771218983869,-1.088862
CCCNC(=O)NS(=O)(=O)c1ccc(Cl)cc1,CCCCOC(C)=O,283.12,-1.26875495339373,-1.2793957
CCCNC(=O)NS(=O)(=O)c1ccc(Cl)cc1,CC(C)CO,288.28,-1.10254042278285,-1.260119
CCCNC(=O)NS(=O)(=O)c1ccc(Cl)cc1,CC(=O)OC(C)C,283.18,-1.19535615675809,-1.2135496
CCCNC(=O)NS(=O)(=O)c1ccc(Cl)cc1,CCCCCOC(C)=O,283.17,-1.29779612861641,-1.306176
CCCNC(=O)NS(=O)(=O)c1ccc(Cl)cc1,CC(C)O,290.23,-0.948976817443926,-1.0608253
CCCNC(=O)NS(=O)(=O)c1ccc(Cl)cc1,CCC(C)O,283.22,-1.02466656125213,-1.3879082
CCCNC(=O)NS(=O)(=O)c1ccc(Cl)cc1,CCCCO,288.25,-1.0222970508577,-1.0148222
CCCNC(=O)NS(=O)(=O)c1ccc(Cl)cc1,CCO,282.98,-0.818826342828094,-0.88318884
CCCNC(=O)NS(=O)(=O)c1ccc(Cl)cc1,CCCO,288.17,-0.928107260702776,-0.9989201
CCCNC(=O)NS(=O)(=O)c1ccc(Cl)cc1,CCCCCOC(C)=O,288.12,-1.21647938688479,-1.2480234
CCCNC(=O)NS(=O)(=O)c1ccc(Cl)cc1,CC(=O)OC(C)C,288.22,-1.11018997625777,-1.1353724
CCCNC(=O)NS(=O)(=O)c1ccc(Cl)cc1,CC(C)CCO,293.28,-1.07166354314411,-1.095875
CCCNC(=O)NS(=O)(=O)c1ccc(Cl)cc1,CCCCCO,289.7,-1.06435184285704,-1.3097134
CCCNC(=O)NS(=O)(=O)c1ccc(Cl)cc1,CC(C)CO,293.17,-0.989806158419643,-1.1696867
CCCNC(=O)NS(=O)(=O)c1ccc(Cl)cc1,CCC(=O)OC,283.02,-0.987137049162744,-0.89818853
CCCNC(=O)NS(=O)(=O)c1ccc(Cl)cc1,CCCOC(C)=O,283.17,-1.06435212137758,-1.4102234
CCCNC(=O)NS(=O)(=O)c1ccc(Cl)cc1,CCCCOC(C)=O,289.9,-1.10253042257784,-1.1933109
CCCNC(=O)NS(=O)(=O)c1ccc(Cl)cc1,CCOC(C)=O,283.17,-0.958923820009022,-1.0112188
CCCNC(=O)NS(=O)(=O)c1ccc(Cl)cc1,CCO,288.2,-0.733362750776276,-0.79890597
CCCNC(=O)NS(=O)(=O)c1ccc(Cl)cc1,CC(C)O,294.18,-0.850273560375115,-0.9931226
CCCNC(=O)NS(=O)(=O)c1ccc(Cl)cc1,CCCCCOC(C)=O,293.18,-1.13269871321914,-1.1893454
CCCNC(=O)NS(=O)(=O)c1ccc(Cl)cc1,CCCCO,293.2,-0.923517081651393,-0.9319978
CCCNC(=O)NS(=O)(=O)c1ccc(Cl)cc1,CC(=O)OC(C)C,293.07,-1.0217139753181,-1.0616894
CCCNC(=O)NS(=O)(=O)c1ccc(Cl)cc1,CCC(C)O,288.06,-0.913185801556175,-1.2882005
CCCNC(=O)NS(=O)(=O)c1ccc(Cl)cc1,CCCCCO,293.1,-0.984833304397225,-1.2489556
CCCNC(=O)NS(=O)(=O)c1ccc(Cl)cc1,CCCO,293.17,-0.822902234807855,-0.9120864
CCCNC(=O)NS(=O)(=O)c1ccc(Cl)cc1,CC(C)CCO,298.06,-0.963213806101433,-1.016623
CCCNC(=O)NS(=O)(=O)c1ccc(Cl)cc1,CCCOC(C)=O,288.1,-0.97858149305598,-1.3357773
CCCNC(=O)NS(=O)(=O)c1ccc(Cl)cc1,CCCCOC(C)=O,293.4,-1.03875400168347,-1.1497551
CCCNC(=O)NS(=O)(=O)c1ccc(Cl)cc1,CCC(=O)OC,288.05,-0.891388581967784,-0.81959075
CCCNC(=O)NS(=O)(=O)c1ccc(Cl)cc1,CC(C)CO,298.17,-0.869135318845051,-1.0783248
CCCNC(=O)NS(=O)(=O)c1ccc(Cl)cc1,CCCCCOC(C)=O,298.1,-1.05723675480977,-1.1334002
CCCNC(=O)NS(=O)(=O)c1ccc(Cl)cc1,CCOC(C)=O,288.12,-0.864850327905048,-0.9327996
CCCNC(=O)NS(=O)(=O)c1ccc(Cl)cc1,CCCO,298.16,-0.739236615087352,-0.8286426
CCCNC(=O)NS(=O)(=O)c1ccc(Cl)cc1,CC(=O)OC(C)C,298.32,-0.93346718409137,-0.98386085
CCCNC(=O)NS(=O)(=O)c1ccc(Cl)cc1,CC(C)O,298.4,-0.74572010968994,-0.92286754
CCCNC(=O)NS(=O)(=O)c1ccc(Cl)cc1,CCO,293.28,-0.621801266552228,-0.7183435
CCCNC(=O)NS(=O)(=O)c1ccc(Cl)cc1,CCCCO,298.0,-0.815453301126646,-0.8549807
CCCNC(=O)NS(=O)(=O)c1ccc(Cl)cc1,CCCCCO,297.95,-0.880828083507958,-1.1635777
CCCNC(=O)NS(=O)(=O)c1ccc(Cl)cc1,CCC(C)O,292.95,-0.808534834442088,-1.1887337
CCCNC(=O)NS(=O)(=O)c1ccc(Cl)cc1,CCCCOC(C)=O,298.2,-0.949313339084964,-1.0906358
CCCNC(=O)NS(=O)(=O)c1ccc(Cl)cc1,CCCOC(C)=O,293.3,-0.875526981368967,-1.2586861
CCCNC(=O)NS(=O)(=O)c1ccc(Cl)cc1,CC(C)CCO,303.18,-0.848844772434364,-0.9330903
CCCNC(=O)NS(=O)(=O)c1ccc(Cl)cc1,CCC(=O)OC,293.23,-0.785050278147284,-0.74146813
CCCNC(=O)NS(=O)(=O)c1ccc(Cl)cc1,CCCCCOC(C)=O,303.23,-0.967443423921997,-1.0761701
CCCNC(=O)NS(=O)(=O)c1ccc(Cl)cc1,CCOC(C)=O,293.08,-0.774039247078465,-0.85607356
CCCNC(=O)NS(=O)(=O)c1ccc(Cl)cc1,CC(C)CO,303.2,-0.752425309031048,-0.9884513
CCCNC(=O)NS(=O)(=O)c1ccc(Cl)cc1,CC(=O)OC(C)C,303.12,-0.847272456957164,-0.9150331
CCCNC(=O)NS(=O)(=O)c1ccc(Cl)cc1,CCO,298.1,-0.521947711190252,-0.64286906
CCCNC(=O)NS(=O)(=O)c1ccc(Cl)cc1,CC(C)O,303.2,-0.634197065555184,-0.84361345
CCCNC(=O)NS(=O)(=O)c1ccc(Cl)cc1,CCCCO,303.1,-0.709123540999094,-0.7755513
CCCNC(=O)NS(=O)(=O)c1ccc(Cl)cc1,CCC(C)O,297.85,-0.697299315969044,-1.0909998
CCCNC(=O)NS(=O)(=O)c1ccc(Cl)cc1,CCCCCO,303.05,-0.771152832845022,-1.0765421
CCCNC(=O)NS(=O)(=O)c1ccc(Cl)cc1,CCCOC(C)=O,299.2,-0.793848532236872,-1.1731875
CCCNC(=O)NS(=O)(=O)c1ccc(Cl)cc1,CCCCOC(C)=O,303.27,-0.853558650244787,-1.028284
CCCNC(=O)NS(=O)(=O)c1ccc(Cl)cc1,CCCO,303.17,-0.602120757665563,-0.7467164
CCCNC(=O)NS(=O)(=O)c1ccc(Cl)cc1,CCC(=O)OC,298.2,-0.706404362964035,-0.6689264
CCCNC(=O)NS(=O)(=O)c1ccc(Cl)cc1,CCCCCOC(C)=O,308.08,-0.880286920165537,-1.023493
CCCNC(=O)NS(=O)(=O)c1ccc(Cl)cc1,CCOC(C)=O,298.1,-0.683066838901802,-0.78048927
CCCNC(=O)NS(=O)(=O)c1ccc(Cl)cc1,CC(C)CCO,308.22,-0.729243424659844,-0.85267544
CCCNC(=O)NS(=O)(=O)c1ccc(Cl)cc1,CC(=O)OC(C)C,308.18,-0.759166377444228,-0.8436283
CCCNC(=O)NS(=O)(=O)c1ccc(Cl)cc1,CC(C)CO,308.07,-0.646085612639842,-0.90509754
CCCNC(=O)NS(=O)(=O)c1ccc(Cl)cc1,CCO,303.22,-0.41637866456383,-0.5642245
CCCNC(=O)NS(=O)(=O)c1ccc(Cl)cc1,CCCOC(C)=O,304.23,-0.711004928524505,-1.102626
CCCNC(=O)NS(=O)(=O)c1ccc(Cl)cc1,CCCCOC(C)=O,308.1,-0.769451786762457,-0.9693686
CCCNC(=O)NS(=O)(=O)c1ccc(Cl)cc1,CCC(=O)OC,303.08,-0.613303931765581,-0.59834653
CCCNC(=O)NS(=O)(=O)c1ccc(Cl)cc1,CCCCO,308.07,-0.589403977238489,-0.69899285
CCCNC(=O)NS(=O)(=O)c1ccc(Cl)cc1,CCCCCO,308.17,-0.659711097756352,-0.99184984
CCCNC(=O)NS(=O)(=O)c1ccc(Cl)cc1,CCCCCOC(C)=O,313.2,-0.796639891729385,-0.96829593
CCCNC(=O)NS(=O)(=O)c1ccc(Cl)cc1,CCC(C)O,303.15,-0.581837728458975,-0.98877853
CCCNC(=O)NS(=O)(=O)c1ccc(Cl)cc1,CC(C)O,307.73,-0.502280913413436,-0.7683565
CCCNC(=O)NS(=O)(=O)c1ccc(Cl)cc1,CCCO,308.14,-0.482224907151384,-0.66584516
CCCNC(=O)NS(=O)(=O)c1ccc(Cl)cc1,CCOC(C)=O,303.12,-0.595808354671578,-0.7068062
CCCNC(=O)NS(=O)(=O)c1ccc(Cl)cc1,CC(=O)OC(C)C,313.22,-0.671977123377745,-0.774211
CCCNC(=O)NS(=O)(=O)c1ccc(Cl)cc1,CC(C)CCO,313.08,-0.616171158977779,-0.7762099
CCCNC(=O)NS(=O)(=O)c1ccc(Cl)cc1,CCCOC(C)=O,308.18,-0.624398462016185,-1.0486908
CCCNC(=O)NS(=O)(=O)c1ccc(Cl)cc1,CC(C)CO,313.28,-0.520732041358281,-0.8180438
CCCNC(=O)NS(=O)(=O)c1ccc(Cl)cc1,CCCCOC(C)=O,313.18,-0.672296257389153,-0.908199
CCCNC(=O)NS(=O)(=O)c1ccc(Cl)cc1,CCO,308.17,-0.310501446850963,-0.48860916
CCCNC(=O)NS(=O)(=O)c1ccc(Cl)cc1,CCC(=O)OC,308.18,-0.511702145243383,-0.526375
CCCNC(=O)NS(=O)(=O)c1ccc(Cl)cc1,CCCCCOC(C)=O,318.17,-0.704322647140691,-0.9157561
CCCNC(=O)NS(=O)(=O)c1ccc(Cl)cc1,CCOC(C)=O,308.08,-0.515292020969579,-0.6353156
CCCNC(=O)NS(=O)(=O)c1ccc(Cl)cc1,CCCCCO,313.17,-0.55296045998058,-0.9103702
CCCNC(=O)NS(=O)(=O)c1ccc(Cl)cc1,CCCCO,313.07,-0.464189569214329,-0.6219813
CCCNC(=O)NS(=O)(=O)c1ccc(Cl)cc1,CC(C)O,313.1,-0.385938842315626,-0.6799586
CCCNC(=O)NS(=O)(=O)c1ccc(Cl)cc1,CCC(C)O,308.1,-0.460661235627805,-0.8958378
CCCNC(=O)NS(=O)(=O)c1ccc(Cl)cc1,CC(=O)OC(C)C,318.27,-0.572641315509753,-0.7061046
CCCNC(=O)NS(=O)(=O)c1ccc(Cl)cc1,CCCO,313.17,-0.35931607416606,-0.58560693
CCCNC(=O)NS(=O)(=O)c1ccc(Cl)cc1,CCCOC(C)=O,313.2,-0.529526803877751,-0.9802335
CCCNC(=O)NS(=O)(=O)c1ccc(Cl)cc1,CC(C)CCO,318.33,-0.490761027214946,-0.6938232
CCCNC(=O)NS(=O)(=O)c1ccc(Cl)cc1,CCCCOC(C)=O,318.2,-0.576719755019252,-0.8480066
CCCNC(=O)NS(=O)(=O)c1ccc(Cl)cc1,CCCCCOC(C)=O,323.18,-0.613760010909094,-0.8643374
CCCNC(=O)NS(=O)(=O)c1ccc(Cl)cc1,CCO,313.27,-0.187987366974775,-0.41161174
CCCNC(=O)NS(=O)(=O)c1ccc(Cl)cc1,CCC(=O)OC,313.2,-0.406085535880177,-0.45720223
CCCNC(=O)NS(=O)(=O)c1ccc(Cl)cc1,CC(C)CO,318.2,-0.384902276087097,-0.7358443
CCCNC(=O)NS(=O)(=O)c1ccc(Cl)cc1,CCOC(C)=O,313.18,-0.409225704389929,-0.56304944
CCCNC(=O)NS(=O)(=O)c1ccc(Cl)cc1,CC(=O)OC(C)C,323.1,-0.479737710568034,-0.6418056
CCCNC(=O)NS(=O)(=O)c1ccc(Cl)cc1,CCCCCO,318.19,-0.42817288918236,-0.8331384
CCCNC(=O)NS(=O)(=O)c1ccc(Cl)cc1,CCC(C)O,313.18,-0.341685248575072,-0.8016921
CCCNC(=O)NS(=O)(=O)c1ccc(Cl)cc1,CC(C)O,318.15,-0.25772242153592,-0.59977424
CCCNC(=O)NS(=O)(=O)c1ccc(Cl)cc1,CCCOC(C)=O,318.32,-0.432802152658274,-0.9111073
CCCNC(=O)NS(=O)(=O)c1ccc(Cl)cc1,CCCCOC(C)=O,323.23,-0.480113695906665,-0.7877951
CCCNC(=O)NS(=O)(=O)c1ccc(Cl)cc1,CCCO,318.13,-0.225710914217808,-0.5077677
CCCNC(=O)NS(=O)(=O)c1ccc(Cl)cc1,CCCCO,318.02,-0.311734134114922,-0.5466004
CCCNC(=O)NS(=O)(=O)c1ccc(Cl)cc1,CCOC(C)=O,318.2,-0.318323371996952,-0.49272302
CCCNC(=O)NS(=O)(=O)c1ccc(Cl)cc1,CCC(=O)OC,318.15,-0.306449793677777,-0.38989753
CCCNC(=O)NS(=O)(=O)c1ccc(Cl)cc1,CCO,318.12,-0.054632142430652,-0.34062314
CCCNC(=O)NS(=O)(=O)c1ccc(Cl)cc1,CCCOC(C)=O,323.23,-0.330545617559489,-0.8471072
CCCNC(=O)NS(=O)(=O)c1ccc(Cl)cc1,CCC(C)O,318.2,-0.194929862782575,-0.7102046
CCCNC(=O)NS(=O)(=O)c1ccc(Cl)cc1,CCOC(C)=O,323.3,-0.216165352030412,-0.42295694
CCCNC(=O)NS(=O)(=O)c1ccc(Cl)cc1,CCC(=O)OC,323.5,-0.189201311276151,-0.3195728
NS(=O)(=O)Cc1noc2ccccc12,Cc1ccccc1,273.15,-3.46595671338566,-3.5050697
NS(=O)(=O)Cc1noc2ccccc12,Cc1ccccc1,278.15,-3.3158066258885,-3.4047213
NS(=O)(=O)Cc1noc2ccccc12,Cc1ccccc1,283.15,-3.19319249982182,-3.3034272
NS(=O)(=O)Cc1noc2ccccc12,Cc1ccccc1,288.15,-3.08453851789096,-3.2020206
NS(=O)(=O)Cc1noc2ccccc12,Cc1ccccc1,293.15,-3.00117728962313,-3.1020603
NS(=O)(=O)Cc1noc2ccccc12,Cc1ccccc1,298.15,-2.90891611587251,-3.0026138
NS(=O)(=O)Cc1noc2ccccc12,Cc1ccccc1,303.15,-2.82743937874826,-2.9027944
NS(=O)(=O)Cc1noc2ccccc12,CCCCO,273.15,-2.72265261107035,-2.6643276
NS(=O)(=O)Cc1noc2ccccc12,Cc1ccccc1,308.15,-2.74687440346019,-2.8038073
NS(=O)(=O)Cc1noc2ccccc12,Cc1ccccc1,313.15,-2.67413513231607,-2.7060022
NS(=O)(=O)Cc1noc2ccccc12,CCCCO,278.15,-2.54007808711947,-2.5753284
NS(=O)(=O)Cc1noc2ccccc12,CCCCO,283.15,-2.37381331179593,-2.4874775
NS(=O)(=O)Cc1noc2ccccc12,CCCO,273.15,-2.25216244870466,-2.6292427
NS(=O)(=O)Cc1noc2ccccc12,CCCCO,288.15,-2.23636531952845,-2.402145
NS(=O)(=O)Cc1noc2ccccc12,CCCO,278.15,-2.12952720741245,-2.534759
NS(=O)(=O)Cc1noc2ccccc12,CC(C)O,273.15,-2.08280672013233,-2.6736922
NS(=O)(=O)Cc1noc2ccccc12,CCCO,283.15,-2.0256576269249,-2.4409337
NS(=O)(=O)Cc1noc2ccccc12,CCCCO,293.15,-2.10306144058205,-2.3178473
NS(=O)(=O)Cc1noc2ccccc12,CC(C)O,278.15,-1.97720701532134,-2.5803046
NS(=O)(=O)Cc1noc2ccccc12,CCCO,288.15,-1.93547850309676,-2.3473089
NS(=O)(=O)Cc1noc2ccccc12,CCCCO,298.15,-1.98303950121658,-2.2346778
NS(=O)(=O)Cc1noc2ccccc12,CC(C)O,283.15,-1.87944256865588,-2.4876323
NS(=O)(=O)Cc1noc2ccccc12,CCCO,293.15,-1.850282877772,-2.2557716
NS(=O)(=O)Cc1noc2ccccc12,CCO,273.15,-1.70739377736222,-2.457019
NS(=O)(=O)Cc1noc2ccccc12,CC(C)O,288.15,-1.79440650088238,-2.395544
NS(=O)(=O)Cc1noc2ccccc12,CCCCO,303.15,-1.878683190484,-2.152545
NS(=O)(=O)Cc1noc2ccccc12,CCCO,298.15,-1.77365549854753,-2.1658015
NS(=O)(=O)Cc1noc2ccccc12,CCO,278.15,-1.62870282096002,-2.3710177
NS(=O)(=O)Cc1noc2ccccc12,CC(C)O,293.15,-1.71875362410486,-2.3049989
NS(=O)(=O)Cc1noc2ccccc12,CCCCO,308.15,-1.79597573786344,-2.0710454
NS(=O)(=O)Cc1noc2ccccc12,CCCO,303.15,-1.70265437119705,-2.07652
NS(=O)(=O)Cc1noc2ccccc12,CCO,283.15,-1.55835071482515,-2.2849755
NS(=O)(=O)Cc1noc2ccccc12,CC(C)O,298.15,-1.64623350857548,-2.2161074
NS(=O)(=O)Cc1noc2ccccc12,CCCO,308.15,-1.63667064791727,-1.9884262
NS(=O)(=O)Cc1noc2ccccc12,CCCCO,313.15,-1.71830033155828,-1.9898695
NS(=O)(=O)Cc1noc2ccccc12,CCO,288.15,-1.48932576488801,-2.1986558
NS(=O)(=O)Cc1noc2ccccc12,CCCO,313.15,-1.58035932237809,-1.900914
NS(=O)(=O)Cc1noc2ccccc12,CC(C)O,303.15,-1.57211784100936,-2.1286104
NS(=O)(=O)Cc1noc2ccccc12,CCO,293.15,-1.42002225612158,-2.1119576
NS(=O)(=O)Cc1noc2ccccc12,CC(C)O,308.15,-1.50739460111541,-2.043492
NS(=O)(=O)Cc1noc2ccccc12,CO,273.15,-1.19200486312463,-2.1121712
NS(=O)(=O)Cc1noc2ccccc12,CCO,298.15,-1.36086031085735,-2.025304
NS(=O)(=O)Cc1noc2ccccc12,CO,278.15,-1.16080786121989,-2.034649
NS(=O)(=O)Cc1noc2ccccc12,CC(C)O,313.15,-1.45394621595338,-1.9601079
NS(=O)(=O)Cc1noc2ccccc12,CCO,303.15,-1.30736556462892,-1.9400175
NS(=O)(=O)Cc1noc2ccccc12,CO,283.15,-1.12541363015278,-1.9576067
NS(=O)(=O)Cc1noc2ccccc12,CO,288.15,-1.08995696252963,-1.8807019
NS(=O)(=O)Cc1noc2ccccc12,CCO,308.15,-1.2533820570392,-1.8549412
NS(=O)(=O)Cc1noc2ccccc12,CO,293.15,-1.05692153788125,-1.8041093
NS(=O)(=O)Cc1noc2ccccc12,CCO,313.15,-1.20179710809603,-1.7711343
NS(=O)(=O)Cc1noc2ccccc12,CO,298.15,-1.01738548457209,-1.7289274
NS(=O)(=O)Cc1noc2ccccc12,CO,303.15,-0.985503746865709,-1.6546052
NS(=O)(=O)Cc1noc2ccccc12,CO,308.15,-0.949576274672312,-1.5815907
NS(=O)(=O)Cc1noc2ccccc12,CCOC(C)=O,273.15,-1.28047234246917,-2.236812
NS(=O)(=O)Cc1noc2ccccc12,CO,313.15,-0.916109214108034,-1.5100193
NS(=O)(=O)Cc1noc2ccccc12,CCOC(C)=O,278.15,-1.23311606311897,-2.1587791
NS(=O)(=O)Cc1noc2ccccc12,CC#N,273.15,-0.955698359568297,-1.9107654
NS(=O)(=O)Cc1noc2ccccc12,CCOC(C)=O,283.15,-1.18600057999788,-2.0812626
NS(=O)(=O)Cc1noc2ccccc12,CC#N,278.15,-0.868081621360291,-1.8324202
NS(=O)(=O)Cc1noc2ccccc12,CCOC(C)=O,288.15,-1.13711072788257,-2.0049517
NS(=O)(=O)Cc1noc2ccccc12,O=C1CCCCC1,273.15,-1.13633950129925,-1.3788636
NS(=O)(=O)Cc1noc2ccccc12,CCOC(C)=O,293.15,-1.08773846796728,-1.9305083
NS(=O)(=O)Cc1noc2ccccc12,CC#N,283.15,-0.796024346273755,-1.755358
NS(=O)(=O)Cc1noc2ccccc12,CCOC(C)=O,298.15,-1.04016907578842,-1.8574746
NS(=O)(=O)Cc1noc2ccccc12,O=C1CCCCC1,278.15,-1.05252263815004,-1.3140812
NS(=O)(=O)Cc1noc2ccccc12,CCOC(C)=O,303.15,-1.00054089333698,-1.7861503
NS(=O)(=O)Cc1noc2ccccc12,CC#N,288.15,-0.71918419007472,-1.6798685
NS(=O)(=O)Cc1noc2ccccc12,CCOC(C)=O,308.15,-0.960074695340595,-1.7163638
NS(=O)(=O)Cc1noc2ccccc12,O=C1CCCCC1,283.15,-0.969642564981428,-1.2499688
NS(=O)(=O)Cc1noc2ccccc12,CC#N,293.15,-0.656111260410737,-1.605732
NS(=O)(=O)Cc1noc2ccccc12,CCOC(C)=O,313.15,-0.923113767433997,-1.6494322
NS(=O)(=O)Cc1noc2ccccc12,O=C1CCCCC1,288.15,-0.896135300046555,-1.1867789
NS(=O)(=O)Cc1noc2ccccc12,CC#N,298.15,-0.59330262327342,-1.5329134
NS(=O)(=O)Cc1noc2ccccc12,CCC(C)=O,273.15,-0.816156090333689,-1.8005672
NS(=O)(=O)Cc1noc2ccccc12,CC#N,303.15,-0.545490961857439,-1.4614192
NS(=O)(=O)Cc1noc2ccccc12,CCC(C)=O,278.15,-0.748984672347999,-1.7274829
NS(=O)(=O)Cc1noc2ccccc12,O=C1CCCCC1,293.15,-0.815838784665492,-1.1258899
NS(=O)(=O)Cc1noc2ccccc12,CC#N,308.15,-0.488728594288565,-1.3919396
NS(=O)(=O)Cc1noc2ccccc12,CCC(C)=O,283.15,-0.685080152911666,-1.6568483
NS(=O)(=O)Cc1noc2ccccc12,O=C1CCCCC1,298.15,-0.742982418479032,-1.0670028
NS(=O)(=O)Cc1noc2ccccc12,CC#N,313.15,-0.443112754606702,-1.3235655
NS(=O)(=O)Cc1noc2ccccc12,CN(C)C=O,273.15,-0.58490524517806,-0.73875266
NS(=O)(=O)Cc1noc2ccccc12,CCC(C)=O,288.15,-0.619502023240191,-1.5885856
NS(=O)(=O)Cc1noc2ccccc12,O=C1CCCCC1,303.15,-0.672041288144644,-1.0088348
NS(=O)(=O)Cc1noc2ccccc12,C1COCCO1,288.15,-0.535640650172142,-1.6276836
NS(=O)(=O)Cc1noc2ccccc12,CCC(C)=O,293.15,-0.552783940648899,-1.5220487
NS(=O)(=O)Cc1noc2ccccc12,O=C1CCCCC1,308.15,-0.588435345811871,-0.9520361
NS(=O)(=O)Cc1noc2ccccc12,CN(C)C=O,278.15,-0.422587590207447,-0.6811836
NS(=O)(=O)Cc1noc2ccccc12,CCC(C)=O,298.15,-0.490113908146181,-1.4561406
NS(=O)(=O)Cc1noc2ccccc12,C1COCCO1,293.15,-0.448248412125388,-1.5563325
NS(=O)(=O)Cc1noc2ccccc12,O=C1CCCCC1,313.15,-0.523239802365425,-0.89602554
NS(=O)(=O)Cc1noc2ccccc12,CCC(C)=O,303.15,-0.43962199908668,-1.3905952
NS(=O)(=O)Cc1noc2ccccc12,C1COCCO1,298.15,-0.368072776329414,-1.485543
NS(=O)(=O)Cc1noc2ccccc12,CCC(C)=O,308.15,-0.390666258513668,-1.326819
NS(=O)(=O)Cc1noc2ccccc12,CN(C)C=O,283.15,-0.292547592649797,-0.6246393
NS(=O)(=O)Cc1noc2ccccc12,CCC(C)=O,313.15,-0.34418706388898,-1.2640676
NS(=O)(=O)Cc1noc2ccccc12,C1COCCO1,303.15,-0.297289782083262,-1.4159849
NS(=O)(=O)Cc1noc2ccccc12,CN(C)C=O,288.15,-0.192344226676133,-0.5705133
NS(=O)(=O)Cc1noc2ccccc12,C1COCCO1,308.15,-0.227443257533182,-1.3484879
NS(=O)(=O)Cc1noc2ccccc12,C1COCCO1,313.15,-0.164741808663531,-1.2825844
NS(=O)(=O)Cc1noc2ccccc12,CN(C)C=O,293.15,-0.100663508383903,-0.5183999
NS(=O)(=O)Cc1noc2ccccc12,CN(C)C=O,298.15,-0.02106911389951,-0.46687564
NS(=O)(=O)Cc1noc2ccccc12,CN(C)C=O,303.15,0.055131086011002,-0.41701692
NS(=O)(=O)Cc1noc2ccccc12,CN(C)C=O,308.15,0.126428388137987,-0.36833823
NS(=O)(=O)Cc1noc2ccccc12,CN(C)C=O,313.15,0.186099006797651,-0.32176125
CC(=O)Oc1ccccc1C(=O)Nc1ncc([N+](=O)[O-])s1,Cc1ccccc1,273.15,-3.13608730955448,-2.3198223
CC(=O)Oc1ccccc1C(=O)Nc1ncc([N+](=O)[O-])s1,Cc1ccccc1,278.15,-3.02352773928949,-2.2334776
CC(=O)Oc1ccccc1C(=O)Nc1ncc([N+](=O)[O-])s1,CO,273.15,-2.58403141324481,-2.0476835
CC(=O)Oc1ccccc1C(=O)Nc1ncc([N+](=O)[O-])s1,CCO,273.15,-2.68847343434883,-2.3411355
CC(=O)Oc1ccccc1C(=O)Nc1ncc([N+](=O)[O-])s1,Cc1ccccc1,283.15,-2.93153632530288,-2.1478784
CC(=O)Oc1ccccc1C(=O)Nc1ncc([N+](=O)[O-])s1,CO,278.15,-2.49916578843545,-1.9699285
CC(=O)Oc1ccccc1C(=O)Nc1ncc([N+](=O)[O-])s1,CCCO,273.15,-2.72518537949893,-2.354378
CC(=O)Oc1ccccc1C(=O)Nc1ncc([N+](=O)[O-])s1,Cc1ccccc1,288.15,-2.8593796455415,-2.0633974
CC(=O)Oc1ccccc1C(=O)Nc1ncc([N+](=O)[O-])s1,CCO,278.15,-2.59159735632519,-2.2582898
CC(=O)Oc1ccccc1C(=O)Nc1ncc([N+](=O)[O-])s1,CO,283.15,-2.42549986522211,-1.8929322
CC(=O)Oc1ccccc1C(=O)Nc1ncc([N+](=O)[O-])s1,CC(C)O,273.15,-2.66377455061236,-2.4015503
CC(=O)Oc1ccccc1C(=O)Nc1ncc([N+](=O)[O-])s1,Cc1ccccc1,293.15,-2.79559648623522,-1.9791735
CC(=O)Oc1ccccc1C(=O)Nc1ncc([N+](=O)[O-])s1,CCCO,278.15,-2.62883579708903,-2.26554
CC(=O)Oc1ccccc1C(=O)Nc1ncc([N+](=O)[O-])s1,CCCCO,273.15,-2.70758625841671,-2.3381634
CC(=O)Oc1ccccc1C(=O)Nc1ncc([N+](=O)[O-])s1,CO,288.15,-2.35627514057709,-1.8167121
CC(=O)Oc1ccccc1C(=O)Nc1ncc([N+](=O)[O-])s1,CCO,283.15,-2.50832809671474,-2.1767392
CC(=O)Oc1ccccc1C(=O)Nc1ncc([N+](=O)[O-])s1,Cc1ccccc1,298.15,-2.73268607796844,-1.8962665
CC(=O)Oc1ccccc1C(=O)Nc1ncc([N+](=O)[O-])s1,CO,293.15,-2.30128649234959,-1.7425575
CC(=O)Oc1ccccc1C(=O)Nc1ncc([N+](=O)[O-])s1,CC(C)O,278.15,-2.57028805589715,-2.3110237
CC(=O)Oc1ccccc1C(=O)Nc1ncc([N+](=O)[O-])s1,CCO,288.15,-2.43923187314595,-2.0950122
CC(=O)Oc1ccccc1C(=O)Nc1ncc([N+](=O)[O-])s1,CCCO,283.15,-2.54481911271558,-2.177972
CC(=O)Oc1ccccc1C(=O)Nc1ncc([N+](=O)[O-])s1,CCCCO,278.15,-2.62465764402307,-2.249822
CC(=O)Oc1ccccc1C(=O)Nc1ncc([N+](=O)[O-])s1,Cc1ccccc1,303.15,-2.67853341188972,-1.8149722
CC(=O)Oc1ccccc1C(=O)Nc1ncc([N+](=O)[O-])s1,CO,298.15,-2.24495269460628,-1.6703308
CC(=O)Oc1ccccc1C(=O)Nc1ncc([N+](=O)[O-])s1,CC(C)O,283.15,-2.49242285995841,-2.2210863
CC(=O)Oc1ccccc1C(=O)Nc1ncc([N+](=O)[O-])s1,CCO,293.15,-2.37492387207005,-2.013878
CC(=O)Oc1ccccc1C(=O)Nc1ncc([N+](=O)[O-])s1,CCCO,288.15,-2.47331169634113,-2.0910783
CC(=O)Oc1ccccc1C(=O)Nc1ncc([N+](=O)[O-])s1,CCCCO,283.15,-2.54713370105441,-2.1629245
CC(=O)Oc1ccccc1C(=O)Nc1ncc([N+](=O)[O-])s1,Cc1ccccc1,308.15,-2.62145844633058,-1.7342639
CC(=O)Oc1ccccc1C(=O)Nc1ncc([N+](=O)[O-])s1,CO,303.15,-2.19496779076844,-1.5983057
CC(=O)Oc1ccccc1C(=O)Nc1ncc([N+](=O)[O-])s1,CCO,298.15,-2.31336992467887,-1.9327137
CC(=O)Oc1ccccc1C(=O)Nc1ncc([N+](=O)[O-])s1,CC(C)O,288.15,-2.42257652512324,-2.1313481
CC(=O)Oc1ccccc1C(=O)Nc1ncc([N+](=O)[O-])s1,CCCO,293.15,-2.41105751487011,-2.0051637
CC(=O)Oc1ccccc1C(=O)Nc1ncc([N+](=O)[O-])s1,Cc1ccccc1,313.15,-2.5715655819372,-1.655077
CC(=O)Oc1ccccc1C(=O)Nc1ncc([N+](=O)[O-])s1,CO,308.15,-2.14027521894542,-1.5258687
CC(=O)Oc1ccccc1C(=O)Nc1ncc([N+](=O)[O-])s1,CCCCO,288.15,-2.47765437043678,-2.0773733
CC(=O)Oc1ccccc1C(=O)Nc1ncc([N+](=O)[O-])s1,CCO,303.15,-2.25075258934859,-1.852263
CC(=O)Oc1ccccc1C(=O)Nc1ncc([N+](=O)[O-])s1,CC(C)O,293.15,-2.36055593384101,-2.0423398
CC(=O)Oc1ccccc1C(=O)Nc1ncc([N+](=O)[O-])s1,CO,313.15,-2.09327728824026,-1.4539449
CC(=O)Oc1ccccc1C(=O)Nc1ncc([N+](=O)[O-])s1,CCCO,298.15,-2.34843335118691,-1.9218642
CC(=O)Oc1ccccc1C(=O)Nc1ncc([N+](=O)[O-])s1,CCCCO,293.15,-2.41215291506843,-1.9921131
CC(=O)Oc1ccccc1C(=O)Nc1ncc([N+](=O)[O-])s1,CC(C)O,298.15,-2.30116321611275,-1.954349
CC(=O)Oc1ccccc1C(=O)Nc1ncc([N+](=O)[O-])s1,CCO,308.15,-2.18743941354389,-1.7725093
CC(=O)Oc1ccccc1C(=O)Nc1ncc([N+](=O)[O-])s1,CCCO,303.15,-2.286420274885,-1.8401574
CC(=O)Oc1ccccc1C(=O)Nc1ncc([N+](=O)[O-])s1,CCCCO,298.15,-2.3503384909673,-1.9084849
CC(=O)Oc1ccccc1C(=O)Nc1ncc([N+](=O)[O-])s1,CC(C)O,303.15,-2.24847045577937,-1.8688204
CC(=O)Oc1ccccc1C(=O)Nc1ncc([N+](=O)[O-])s1,CCO,313.15,-2.122071362607,-1.6934266
CC(=O)Oc1ccccc1C(=O)Nc1ncc([N+](=O)[O-])s1,CCCO,308.15,-2.22392572148679,-1.7596533
CC(=O)Oc1ccccc1C(=O)Nc1ncc([N+](=O)[O-])s1,CCCCO,303.15,-2.29234767587457,-1.8266658
CC(=O)Oc1ccccc1C(=O)Nc1ncc([N+](=O)[O-])s1,CC(C)O,308.15,-2.18989890050078,-1.7845831
CC(=O)Oc1ccccc1C(=O)Nc1ncc([N+](=O)[O-])s1,CCCO,313.15,-2.16165377216312,-1.67962
CC(=O)Oc1ccccc1C(=O)Nc1ncc([N+](=O)[O-])s1,CCCCO,308.15,-2.23432914365163,-1.7463058
CC(=O)Oc1ccccc1C(=O)Nc1ncc([N+](=O)[O-])s1,CC(C)O,313.15,-2.12952618006326,-1.7009006
CC(=O)Oc1ccccc1C(=O)Nc1ncc([N+](=O)[O-])s1,CCCCO,313.15,-2.17942942797429,-1.6670866
CC(=O)Oc1ccccc1C(=O)Nc1ncc([N+](=O)[O-])s1,CC#N,273.15,-1.79340121100776,-1.5279611
CC(=O)Oc1ccccc1C(=O)Nc1ncc([N+](=O)[O-])s1,CC#N,278.15,-1.74462417188457,-1.4505813
CC(=O)Oc1ccccc1C(=O)Nc1ncc([N+](=O)[O-])s1,CC#N,283.15,-1.70013443930947,-1.3742881
CC(=O)Oc1ccccc1C(=O)Nc1ncc([N+](=O)[O-])s1,CC#N,288.15,-1.65547502187647,-1.2998563
CC(=O)Oc1ccccc1C(=O)Nc1ncc([N+](=O)[O-])s1,CC#N,293.15,-1.61338393161385,-1.2270029
CC(=O)Oc1ccccc1C(=O)Nc1ncc([N+](=O)[O-])s1,CC#N,298.15,-1.56657850581975,-1.1552997
CC(=O)Oc1ccccc1C(=O)Nc1ncc([N+](=O)[O-])s1,CC#N,303.15,-1.52725149372681,-1.0855483
CC(=O)Oc1ccccc1C(=O)Nc1ncc([N+](=O)[O-])s1,CC#N,308.15,-1.47675722219007,-1.017472
CC(=O)Oc1ccccc1C(=O)Nc1ncc([N+](=O)[O-])s1,CCOC(C)=O,273.15,-1.71051577591516,-1.3832761
CC(=O)Oc1ccccc1C(=O)Nc1ncc([N+](=O)[O-])s1,CC#N,313.15,-1.42707454694853,-0.9509096
CC(=O)Oc1ccccc1C(=O)Nc1ncc([N+](=O)[O-])s1,CCOC(C)=O,278.15,-1.66733934769245,-1.3157421
CC(=O)Oc1ccccc1C(=O)Nc1ncc([N+](=O)[O-])s1,CCOC(C)=O,283.15,-1.62398202090692,-1.2515817
CC(=O)Oc1ccccc1C(=O)Nc1ncc([N+](=O)[O-])s1,CCOC(C)=O,288.15,-1.58472345647853,-1.1901144
CC(=O)Oc1ccccc1C(=O)Nc1ncc([N+](=O)[O-])s1,CCOC(C)=O,293.15,-1.54824952503447,-1.1303988
CC(=O)Oc1ccccc1C(=O)Nc1ncc([N+](=O)[O-])s1,CCOC(C)=O,298.15,-1.51081840495096,-1.072725
CC(=O)Oc1ccccc1C(=O)Nc1ncc([N+](=O)[O-])s1,CCOC(C)=O,303.15,-1.47640347754589,-1.0168751
CC(=O)Oc1ccccc1C(=O)Nc1ncc([N+](=O)[O-])s1,CCC(C)=O,273.15,-1.41589226547751,-1.167441
CC(=O)Oc1ccccc1C(=O)Nc1ncc([N+](=O)[O-])s1,CCOC(C)=O,308.15,-1.43850231301365,-0.9609003
CC(=O)Oc1ccccc1C(=O)Nc1ncc([N+](=O)[O-])s1,CCOC(C)=O,313.15,-1.39930004590158,-0.9054172
CC(=O)Oc1ccccc1C(=O)Nc1ncc([N+](=O)[O-])s1,CCC(C)=O,278.15,-1.2455389113263,-1.1043841
CC(=O)Oc1ccccc1C(=O)Nc1ncc([N+](=O)[O-])s1,CCC(C)=O,283.15,-1.1235866338315,-1.0435138
CC(=O)Oc1ccccc1C(=O)Nc1ncc([N+](=O)[O-])s1,CCC(C)=O,288.15,-1.01119159185696,-0.984375
CC(=O)Oc1ccccc1C(=O)Nc1ncc([N+](=O)[O-])s1,C1COCCO1,288.15,-0.913845482144646,-0.9458668
CC(=O)Oc1ccccc1C(=O)Nc1ncc([N+](=O)[O-])s1,CCC(C)=O,293.15,-0.917347419158439,-0.9282534
CC(=O)Oc1ccccc1C(=O)Nc1ncc([N+](=O)[O-])s1,C1COCCO1,293.15,-0.807533948700684,-0.89172685
CC(=O)Oc1ccccc1C(=O)Nc1ncc([N+](=O)[O-])s1,CCC(C)=O,298.15,-0.828921479704706,-0.87427926
CC(=O)Oc1ccccc1C(=O)Nc1ncc([N+](=O)[O-])s1,CCC(C)=O,303.15,-0.752477649085135,-0.8220626
CC(=O)Oc1ccccc1C(=O)Nc1ncc([N+](=O)[O-])s1,C1COCCO1,298.15,-0.703375780333851,-0.8383341
CC(=O)Oc1ccccc1C(=O)Nc1ncc([N+](=O)[O-])s1,CCC(C)=O,308.15,-0.670278639783347,-0.77099633
CC(=O)Oc1ccccc1C(=O)Nc1ncc([N+](=O)[O-])s1,C1COCCO1,303.15,-0.610966158433695,-0.7857241
CC(=O)Oc1ccccc1C(=O)Nc1ncc([N+](=O)[O-])s1,CCC(C)=O,313.15,-0.594177314605007,-0.7217331
CC(=O)Oc1ccccc1C(=O)Nc1ncc([N+](=O)[O-])s1,C1COCCO1,308.15,-0.522461961382338,-0.73394275
CC(=O)Oc1ccccc1C(=O)Nc1ncc([N+](=O)[O-])s1,C1COCCO1,313.15,-0.433958520289845,-0.6838701
CC(=O)Oc1ccccc1C(=O)Nc1ncc([N+](=O)[O-])s1,CN(C)C=O,273.15,-0.044374545777687,-0.4327218
CC(=O)Oc1ccccc1C(=O)Nc1ncc([N+](=O)[O-])s1,CN(C)C=O,278.15,-0.022215546111456,-0.38586098
CC(=O)Oc1ccccc1C(=O)Nc1ncc([N+](=O)[O-])s1,CN(C)C=O,283.15,0.002365863053495,-0.34116513
CC(=O)Oc1ccccc1C(=O)Nc1ncc([N+](=O)[O-])s1,CN(C)C=O,288.15,0.025715108450764,-0.29886866
CC(=O)Oc1ccccc1C(=O)Nc1ncc([N+](=O)[O-])s1,CN(C)C=O,293.15,0.050980799162072,-0.2587671
CC(=O)Oc1ccccc1C(=O)Nc1ncc([N+](=O)[O-])s1,CN(C)C=O,298.15,0.07703871540374,-0.21931389
CC(=O)Oc1ccccc1C(=O)Nc1ncc([N+](=O)[O-])s1,CN1CCCC1=O,273.15,0.009507243784764,-0.71715057
CC(=O)Oc1ccccc1C(=O)Nc1ncc([N+](=O)[O-])s1,CN1CCCC1=O,278.15,0.01827393125295,-0.6798028
CC(=O)Oc1ccccc1C(=O)Nc1ncc([N+](=O)[O-])s1,CN(C)C=O,303.15,0.104548126842128,-0.17995122
CC(=O)Oc1ccccc1C(=O)Nc1ncc([N+](=O)[O-])s1,CN1CCCC1=O,283.15,0.029956581826657,-0.6432406
CC(=O)Oc1ccccc1C(=O)Nc1ncc([N+](=O)[O-])s1,CN1CCCC1=O,288.15,0.042167507624666,-0.60663486
CC(=O)Oc1ccccc1C(=O)Nc1ncc([N+](=O)[O-])s1,CN(C)C=O,308.15,0.138159770044782,-0.14147048
CC(=O)Oc1ccccc1C(=O)Nc1ncc([N+](=O)[O-])s1,CN1CCCC1=O,293.15,0.053933866785273,-0.57039523
CC(=O)Oc1ccccc1C(=O)Nc1ncc([N+](=O)[O-])s1,CN1CCCC1=O,298.15,0.06833556801613,-0.5335216
CC(=O)Oc1ccccc1C(=O)Nc1ncc([N+](=O)[O-])s1,CN(C)C=O,313.15,0.170968031291149,-0.102294445
CC(=O)Oc1ccccc1C(=O)Nc1ncc([N+](=O)[O-])s1,CN1CCCC1=O,303.15,0.083348484895308,-0.495318
CC(=O)Oc1ccccc1C(=O)Nc1ncc([N+](=O)[O-])s1,CN1CCCC1=O,308.15,0.098210140113024,-0.45670497
CC(=O)Oc1ccccc1C(=O)Nc1ncc([N+](=O)[O-])s1,CN1CCCC1=O,313.15,0.113866227601216,-0.41903296
NC(=O)c1cnccn1,CCCCO,278.15,-2.15555012513815,-1.8692884
NC(=O)c1cnccn1,CCC(C)O,278.15,-2.12072445680187,-2.0778253
NC(=O)c1cnccn1,O,278.15,-1.39923659673304,-1.8034141
NC(=O)c1cnccn1,CCCO,278.15,-1.99740382304684,-1.7326963
NC(=O)c1cnccn1,CC(C)O,278.15,-2.00617394507468,-1.8652921
NC(=O)c1cnccn1,CC(C)O,283.15,-1.91427798927992,-1.7660409
NC(=O)c1cnccn1,CCC(C)O,283.15,-1.99505397903727,-1.9694812
NC(=O)c1cnccn1,CCO,278.15,-1.77263767279784,-1.5928159
NC(=O)c1cnccn1,CCCCO,283.15,-1.96583718493371,-1.7702688
NC(=O)c1cnccn1,O,283.15,-1.21061903522582,-1.7171017
NC(=O)c1cnccn1,CCCO,283.15,-1.78717763613855,-1.6306437
NC(=O)c1cnccn1,CCC(C)O,288.15,-1.87635093481423,-1.8641236
NC(=O)c1cnccn1,CC#N,278.15,-1.61955152822298,-2.2466059
NC(=O)c1cnccn1,CC(C)O,288.15,-1.74177771422938,-1.6692033
NC(=O)c1cnccn1,CCO,283.15,-1.62232698197174,-1.5001775
NC(=O)c1cnccn1,CCCCO,288.15,-1.80519137945695,-1.6746205
NC(=O)c1cnccn1,CCCO,288.15,-1.70319701275138,-1.5320804
NC(=O)c1cnccn1,O,288.15,-1.07110872962662,-1.632903
NC(=O)c1cnccn1,CCC(C)O,293.15,-1.76016158997276,-1.76211
NC(=O)c1cnccn1,CCCCO,293.15,-1.7421081261863,-1.5816042
NC(=O)c1cnccn1,CCCOC(C)=O,278.15,-1.81856436395076,-2.0880113
NC(=O)c1cnccn1,CC(C)O,293.15,-1.62638947656884,-1.5749283
NC(=O)c1cnccn1,O,293.15,-0.999284705163798,-1.5498657
NC(=O)c1cnccn1,CC#N,283.15,-1.45643467620054,-2.1566582
NC(=O)c1cnccn1,CCO,288.15,-1.49900629931324,-1.4098834
NC(=O)c1cnccn1,COC(C)=O,278.15,-1.62436042919762,-1.7843964
NC(=O)c1cnccn1,CCOC(C)=O,278.15,-1.70740486599683,-2.4376822
NC(=O)c1cnccn1,CO,278.15,-1.30526356416322,-1.1611211
NC(=O)c1cnccn1,CC#N,288.15,-1.4085539675143,-2.068403
NC(=O)c1cnccn1,CCCO,293.15,-1.56524580144519,-1.4374473
NC(=O)c1cnccn1,CCC(C)O,298.15,-1.64161601200921,-1.6634815
NC(=O)c1cnccn1,CCCCO,298.15,-1.63093134142608,-1.4907906
NC(=O)c1cnccn1,CCO,293.15,-1.39984453395716,-1.3219653
NC(=O)c1cnccn1,O,298.15,-0.885298594368171,-1.4685304
NC(=O)c1cnccn1,CCCOC(C)=O,283.15,-1.68163242891319,-2.0020328
NC(=O)c1cnccn1,CC(C)O,298.15,-1.50935608297627,-1.4832458
NC(=O)c1cnccn1,COC(C)=O,283.15,-1.49464002893775,-1.7152689
NC(=O)c1cnccn1,CCOC(C)=O,283.15,-1.58555973334792,-2.3539605
NC(=O)c1cnccn1,CC(C)=O,278.15,-1.45310361411421,-1.6585644
NC(=O)c1cnccn1,CC#N,293.15,-1.31103113343187,-1.9809401
NC(=O)c1cnccn1,CCCO,298.15,-1.45751026259364,-1.3460785
NC(=O)c1cnccn1,CCCOC(C)=O,288.15,-1.63921630031942,-1.9173377
NC(=O)c1cnccn1,CO,283.15,-1.16330257407234,-1.0779886
NC(=O)c1cnccn1,CCOC(C)=O,288.15,-1.54451011416642,-2.273547
NC(=O)c1cnccn1,CCC(C)O,303.15,-1.52340564573677,-1.5665681
NC(=O)c1cnccn1,O,303.15,-0.808418787938759,-1.3876565
NC(=O)c1cnccn1,CCO,298.15,-1.31813128039813,-1.2357007
NC(=O)c1cnccn1,CCCCO,303.15,-1.50874064275123,-1.4033278
NC(=O)c1cnccn1,CC(C)O,303.15,-1.42253890807534,-1.3942957
NC(=O)c1cnccn1,CCCO,303.15,-1.40042046218133,-1.2580847
NC(=O)c1cnccn1,CC#N,298.15,-1.23577417042911,-1.8936999
NC(=O)c1cnccn1,CCCOC(C)=O,293.15,-1.56882750069512,-1.8337824
NC(=O)c1cnccn1,CC(C)=O,283.15,-1.35916277067988,-1.5892764
NC(=O)c1cnccn1,CCOC(C)=O,293.15,-1.48641155527437,-2.1944816
NC(=O)c1cnccn1,CO,288.15,-1.08098237110945,-0.9972501
NC(=O)c1cnccn1,COC(C)=O,288.15,-1.35843936393837,-1.6474121
NC(=O)c1cnccn1,CCC(C)O,308.15,-1.42146808159242,-1.4713564
NC(=O)c1cnccn1,CCO,303.15,-1.21962728632596,-1.1506763
NC(=O)c1cnccn1,CCCOC(C)=O,298.15,-1.50273069265858,-1.7530806
NC(=O)c1cnccn1,CC(C)O,308.15,-1.3298272957058,-1.3075725
NC(=O)c1cnccn1,CCCCO,308.15,-1.40303342011169,-1.318569
NC(=O)c1cnccn1,O,308.15,-0.690156185775558,-1.3085649
NC(=O)c1cnccn1,CC(C)=O,288.15,-1.28797019000355,-1.5225719
NC(=O)c1cnccn1,CCOC(C)=O,298.15,-1.40663173793411,-2.1168911
NC(=O)c1cnccn1,CC#N,303.15,-1.14103735516729,-1.8075258
NC(=O)c1cnccn1,COC(C)=O,293.15,-1.301700507164,-1.5812783
NC(=O)c1cnccn1,CO,293.15,-1.00221695522949,-0.9190166
NC(=O)c1cnccn1,CCCO,308.15,-1.2718654187095,-1.1725531
NC(=O)c1cnccn1,CCC(C)O,313.15,-1.34208680511346,-1.3787557
NC(=O)c1cnccn1,CCO,308.15,-1.13473520000929,-1.067972
NC(=O)c1cnccn1,CCCOC(C)=O,303.15,-1.42591795420382,-1.6745582
NC(=O)c1cnccn1,CC#N,308.15,-1.08138959801411,-1.722311
NC(=O)c1cnccn1,CC(C)=O,293.15,-1.21409280682425,-1.4576058
NC(=O)c1cnccn1,CCOC(C)=O,303.15,-1.34412850728467,-2.040543
NC(=O)c1cnccn1,CC(C)O,313.15,-1.23014702061313,-1.2233093
NC(=O)c1cnccn1,O,313.15,-0.594163534400347,-1.2319036
NC(=O)c1cnccn1,COC(C)=O,298.15,-1.23350816329869,-1.515835
NC(=O)c1cnccn1,CO,298.15,-0.938995553660768,-0.84319216
NC(=O)c1cnccn1,CCCCO,313.15,-1.27513987267869,-1.2358533
NC(=O)c1cnccn1,CC#N,313.15,-1.0205100548972,-1.6384122
NC(=O)c1cnccn1,CCCOC(C)=O,308.15,-1.35351730105386,-1.5974455
NC(=O)c1cnccn1,CCCO,313.15,-1.1637315976477,-1.0893306
NC(=O)c1cnccn1,CC(C)=O,298.15,-1.14081968405391,-1.3947799
NC(=O)c1cnccn1,CCO,313.15,-1.04073404795795,-0.9890367
NC(=O)c1cnccn1,C1COCCO1,288.15,-1.19232417679286,-1.6756825
NC(=O)c1cnccn1,CO,303.15,-0.861492678158528,-0.7678765
NC(=O)c1cnccn1,CCC(C)O,318.15,-1.21875623022016,-1.2885344
NC(=O)c1cnccn1,O,318.15,-0.50136966262383,-1.1578481
NC(=O)c1cnccn1,CCOC(C)=O,308.15,-1.23231988734192,-1.964632
NC(=O)c1cnccn1,CCCOC(C)=O,313.15,-1.30137770196547,-1.5223341
NC(=O)c1cnccn1,CC#N,318.15,-0.959203244449204,-1.5553211
NC(=O)c1cnccn1,COC(C)=O,303.15,-1.13004750154147,-1.4518182
NC(=O)c1cnccn1,CC(C)O,318.15,-1.11666825839535,-1.1422845
NC(=O)c1cnccn1,CC(C)=O,303.15,-1.07256067378314,-1.3340539
NC(=O)c1cnccn1,CO,308.15,-0.814405757597345,-0.69359505
NC(=O)c1cnccn1,CCCO,318.15,-1.07617545595989,-1.0088631
NC(=O)c1cnccn1,COC(C)=O,308.15,-1.09594018268092,-1.3881352
NC(=O)c1cnccn1,CCOC(C)=O,313.15,-1.18428429233343,-1.8897257
NC(=O)c1cnccn1,CCCCO,318.15,-1.14042529929439,-1.156963
NC(=O)c1cnccn1,CCO,318.15,-0.944998323846688,-0.9126316
NC(=O)c1cnccn1,CCCOC(C)=O,318.15,-1.23446982754322,-1.4496257
NC(=O)c1cnccn1,C1COCCO1,293.15,-1.08514190413875,-1.59723
NC(=O)c1cnccn1,CO,313.15,-0.768664053294566,-0.62084436
NC(=O)c1cnccn1,CC(C)=O,308.15,-1.00051779870208,-1.2753553
NC(=O)c1cnccn1,COC(C)=O,313.15,-1.03767222586924,-1.3258684
NC(=O)c1cnccn1,CCOC(C)=O,318.15,-1.12460304601735,-1.816271
NC(=O)c1cnccn1,CC(C)=O,313.15,-0.937974661486281,-1.2170098
NC(=O)c1cnccn1,CO,318.15,-0.678856619449253,-0.5502342
NC(=O)c1cnccn1,C1COCCO1,298.15,-0.976800801590453,-1.5205454
NC(=O)c1cnccn1,COC(C)=O,318.15,-0.938605905160966,-1.2643616
NC(=O)c1cnccn1,CC(C)=O,318.15,-0.879765452637179,-1.1588166
NC(=O)c1cnccn1,C1COCCO1,303.15,-0.896219164113521,-1.4456468
NC(=O)c1cnccn1,C1COCCO1,308.15,-0.804000551987466,-1.3719907
NC(=O)c1cnccn1,C1COCCO1,313.15,-0.745858199243081,-1.2992586
NC(=O)c1cnccn1,C1COCCO1,318.15,-0.66284146819303,-1.2275766
CC1=NN(c2ccccc2)C(=O)C1,O,283.15,-2.07088237772806,-0.7505249
CC1=NN(c2ccccc2)C(=O)C1,O,293.15,-2.04404701297907,-0.5828527
CC1=NN(c2ccccc2)C(=O)C1,O,303.15,-2.01679144736326,-0.42063606
CC1=NN(c2ccccc2)C(=O)C1,O,313.15,-1.9823798360859,-0.2608534
CC1=NN(c2ccccc2)C(=O)C1,O,323.15,-1.93844669181863,-0.10637106
CC1=NN(c2ccccc2)C(=O)C1,CC#N,283.15,-0.813656931194791,-0.51197815
CC1=NN(c2ccccc2)C(=O)C1,CC#N,293.15,-0.613027774596424,-0.3470825
CC1=NN(c2ccccc2)C(=O)C1,CCOC(C)=O,283.15,-0.861781440366372,-0.45753366
CC1=NN(c2ccccc2)C(=O)C1,CC(C)O,283.15,-0.742550681993707,-0.6776464
CC1=NN(c2ccccc2)C(=O)C1,CCCO,283.15,-0.690049792524421,-0.62707734
CC1=NN(c2ccccc2)C(=O)C1,CC(C)CO,283.15,-0.770941586393734,-0.70409167
CC1=NN(c2ccccc2)C(=O)C1,CCC(C)O,283.15,-0.758816792763901,-0.7664976
CC1=NN(c2ccccc2)C(=O)C1,CCOC(C)=O,293.15,-0.780809125968049,-0.32177663
CC1=NN(c2ccccc2)C(=O)C1,CC(C)=O,283.15,-0.628368269080933,-0.07535118
CC1=NN(c2ccccc2)C(=O)C1,CCO,283.15,-0.507858768393162,-0.53690875
CC1=NN(c2ccccc2)C(=O)C1,CC(C)O,293.15,-0.605240066731423,-0.48246282
CC1=NN(c2ccccc2)C(=O)C1,CC#N,303.15,-0.4379190597828,-0.18360306
CC1=NN(c2ccccc2)C(=O)C1,CCCCO,283.15,-0.661119802404147,-0.63158065
CC1=NN(c2ccccc2)C(=O)C1,CO,283.15,-0.30450254047264,-0.3951975
CC1=NN(c2ccccc2)C(=O)C1,CCOC(C)=O,303.15,-0.691096482970445,-0.18872064
CC1=NN(c2ccccc2)C(=O)C1,CC(C)CO,293.15,-0.618397998982435,-0.514909
CC1=NN(c2ccccc2)C(=O)C1,CCC(C)O,293.15,-0.616115475726705,-0.5578828
CC1=NN(c2ccccc2)C(=O)C1,CCO,293.15,-0.374926380791614,-0.37009585
CC1=NN(c2ccccc2)C(=O)C1,CCCCCO,283.15,-0.629741594506509,-0.73320705
CC1=NN(c2ccccc2)C(=O)C1,CCCO,293.15,-0.46389837244921,-0.4499983
CC1=NN(c2ccccc2)C(=O)C1,CC(C)=O,293.15,-0.449385238427721,0.03298658
CC1=NN(c2ccccc2)C(=O)C1,CC(C)O,303.15,-0.44886350451924,-0.2998124
CC1=NN(c2ccccc2)C(=O)C1,C1COCCO1,288.15,-0.484242581625025,-0.11083886
CC1=NN(c2ccccc2)C(=O)C1,CCCCO,293.15,-0.514321661155695,-0.46087864
CC1=NN(c2ccccc2)C(=O)C1,CO,293.15,-0.151224465844051,-0.23968935
CC1=NN(c2ccccc2)C(=O)C1,CC#N,313.15,-0.264853746983434,-0.020103097
CC1=NN(c2ccccc2)C(=O)C1,CCCCCO,293.15,-0.566078960671791,-0.5653858
CC1=NN(c2ccccc2)C(=O)C1,CC(C)CO,303.15,-0.49695278257116,-0.3335775
CC1=NN(c2ccccc2)C(=O)C1,CCC(C)O,303.15,-0.482955023567045,-0.36471498
CC1=NN(c2ccccc2)C(=O)C1,CCOC(C)=O,313.15,-0.46246148167116,-0.057730153
CC1=NN(c2ccccc2)C(=O)C1,CCO,303.15,-0.22593145793508,-0.2124446
CC1=NN(c2ccccc2)C(=O)C1,C1COCCO1,293.15,-0.382235354701659,-0.046995297
CC1=NN(c2ccccc2)C(=O)C1,CCCO,303.15,-0.325618618375225,-0.2825679
CC1=NN(c2ccccc2)C(=O)C1,CC(C)O,313.15,-0.326544926891779,-0.12543924
CC1=NN(c2ccccc2)C(=O)C1,CC(C)=O,303.15,-0.286088776684298,0.13556118
CC1=NN(c2ccccc2)C(=O)C1,CCCCO,303.15,-0.378384475997361,-0.29832858
CC1=NN(c2ccccc2)C(=O)C1,CCCCCO,303.15,-0.440601452541261,-0.40464032
CC1=NN(c2ccccc2)C(=O)C1,CC(C)CO,313.15,-0.356333970474491,-0.16128756
CC1=NN(c2ccccc2)C(=O)C1,CO,303.15,0.010154776093868,-0.08673753
CC1=NN(c2ccccc2)C(=O)C1,CCC(C)O,313.15,-0.347841053710441,-0.1761802
CC1=NN(c2ccccc2)C(=O)C1,CC#N,323.15,-0.076762887427387,0.14198156
CC1=NN(c2ccccc2)C(=O)C1,ClCCl,283.15,-0.126205374058905,-0.5180722
CC1=NN(c2ccccc2)C(=O)C1,CCO,313.15,-0.095467208447678,-0.06115079
CC1=NN(c2ccccc2)C(=O)C1,C1COCCO1,303.15,-0.229357033342035,0.075931
CC1=NN(c2ccccc2)C(=O)C1,CCCO,313.15,-0.166709839999635,-0.1267694
CC1=NN(c2ccccc2)C(=O)C1,ClCCl,288.15,-0.079020801235135,-0.46084714
CC1=NN(c2ccccc2)C(=O)C1,CCCCCO,313.15,-0.320765012497272,-0.2563907
CC1=NN(c2ccccc2)C(=O)C1,CCCCO,313.15,-0.245365109614125,-0.14171533
CC1=NN(c2ccccc2)C(=O)C1,CC(C)O,323.15,-0.164178442612544,0.04211928
CC1=NN(c2ccccc2)C(=O)C1,CCOC(C)=O,323.15,-0.247019653195521,0.068634555
CC1=NN(c2ccccc2)C(=O)C1,CO,313.15,0.157564676281534,0.059888393
CC1=NN(c2ccccc2)C(=O)C1,CC(C)=O,313.15,-0.10253231107968,0.2331929
CC1=NN(c2ccccc2)C(=O)C1,CC(C)CO,323.15,-0.194448510730969,0.0070423335
CC1=NN(c2ccccc2)C(=O)C1,CCC(C)O,323.15,-0.188897217424025,0.0009229928
CC1=NN(c2ccccc2)C(=O)C1,ClCCl,293.15,-0.010671587373808,-0.40568668
CC1=NN(c2ccccc2)C(=O)C1,CCO,323.15,0.019134634922306,0.08930482
CC1=NN(c2ccccc2)C(=O)C1,C1COCCO1,313.15,-0.084300772053608,0.19547285
CC1=NN(c2ccccc2)C(=O)C1,ClCCl,298.15,0.068589479837017,-0.35169137
CC1=NN(c2ccccc2)C(=O)C1,CCCO,323.15,-0.017304020013323,0.021073267
CC1=NN(c2ccccc2)C(=O)C1,CCCCCO,323.15,-0.176397595703173,-0.110608235
CC1=NN(c2ccccc2)C(=O)C1,CCCCO,323.15,-0.09608383586357,0.012505442
CC1=NN(c2ccccc2)C(=O)C1,ClCCl,303.15,0.124610529827964,-0.2995943
CC1=NN(c2ccccc2)C(=O)C1,CO,323.15,0.33601691479864,0.20289175
CC1=NN(c2ccccc2)C(=O)C1,C1COCCO1,323.15,0.101816345663082,0.31138808
CC1=NN(c2ccccc2)C(=O)C1,CC(C)=O,323.15,0.197581712486724,0.32748175
OCc1ccccc1O[C@@H]1O[C@H](CO)[C@@H](O)[C@H](O)[C@H]1O,CCOC(C)=O,283.15,-4.06730407691092,-3.2056067
OCc1ccccc1O[C@@H]1O[C@H](CO)[C@@H](O)[C@H](O)[C@H]1O,CC#N,283.15,-3.6353790722493,-2.9926853
OCc1ccccc1O[C@@H]1O[C@H](CO)[C@@H](O)[C@H](O)[C@H]1O,CCOC(C)=O,293.15,-3.60869197653767,-3.0543633
OCc1ccccc1O[C@@H]1O[C@H](CO)[C@@H](O)[C@H](O)[C@H]1O,CC#N,293.15,-3.17381454747924,-2.8361697
OCc1ccccc1O[C@@H]1O[C@H](CO)[C@@H](O)[C@H](O)[C@H]1O,CCOC(C)=O,303.15,-3.34112295067723,-2.889014
OCc1ccccc1O[C@@H]1O[C@H](CO)[C@@H](O)[C@H](O)[C@H]1O,CCOC(C)=O,313.15,-3.27787427930776,-2.7086728
OCc1ccccc1O[C@@H]1O[C@H](CO)[C@@H](O)[C@H](O)[C@H]1O,CC(C)=O,283.15,-3.05618636249687,-2.7763805
OCc1ccccc1O[C@@H]1O[C@H](CO)[C@@H](O)[C@H](O)[C@H]1O,CC#N,303.15,-2.86089049217992,-2.668015
OCc1ccccc1O[C@@H]1O[C@H](CO)[C@@H](O)[C@H](O)[C@H]1O,CCCCCO,283.15,-3.15979776571175,-3.0991223
OCc1ccccc1O[C@@H]1O[C@H](CO)[C@@H](O)[C@H](O)[C@H]1O,CC(C)CO,283.15,-2.94970815248861,-2.8272214
OCc1ccccc1O[C@@H]1O[C@H](CO)[C@@H](O)[C@H](O)[C@H]1O,CC#N,313.15,-2.71029145512441,-2.4933333
OCc1ccccc1O[C@@H]1O[C@H](CO)[C@@H](O)[C@H](O)[C@H]1O,CC(C)=O,293.15,-2.83187654633002,-2.65725
OCc1ccccc1O[C@@H]1O[C@H](CO)[C@@H](O)[C@H](O)[C@H]1O,CCOC(C)=O,323.15,-2.91800709649509,-2.5117393
OCc1ccccc1O[C@@H]1O[C@H](CO)[C@@H](O)[C@H](O)[C@H]1O,CCCCO,283.15,-2.86447421375731,-2.316702
OCc1ccccc1O[C@@H]1O[C@H](CO)[C@@H](O)[C@H](O)[C@H]1O,CCCCCO,293.15,-2.93123231872901,-2.9213235
OCc1ccccc1O[C@@H]1O[C@H](CO)[C@@H](O)[C@H](O)[C@H]1O,CC(C)CO,293.15,-2.77839376803022,-2.6703274
OCc1ccccc1O[C@@H]1O[C@H](CO)[C@@H](O)[C@H](O)[C@H]1O,CC#N,323.15,-2.53815326511737,-2.3163214
OCc1ccccc1O[C@@H]1O[C@H](CO)[C@@H](O)[C@H](O)[C@H]1O,CC(C)O,283.15,-2.66994580366612,-2.482346
OCc1ccccc1O[C@@H]1O[C@H](CO)[C@@H](O)[C@H](O)[C@H]1O,CCCCO,293.15,-2.71103231267504,-2.1885505
OCc1ccccc1O[C@@H]1O[C@H](CO)[C@@H](O)[C@H](O)[C@H]1O,CC(C)=O,303.15,-2.60633645066988,-2.5340514
OCc1ccccc1O[C@@H]1O[C@H](CO)[C@@H](O)[C@H](O)[C@H]1O,CCCO,283.15,-2.60234047223664,-2.4294887
OCc1ccccc1O[C@@H]1O[C@H](CO)[C@@H](O)[C@H](O)[C@H]1O,CCCCCO,303.15,-2.73124454259176,-2.742692
OCc1ccccc1O[C@@H]1O[C@H](CO)[C@@H](O)[C@H](O)[C@H]1O,CC(C)CO,303.15,-2.63671536727196,-2.5108008
OCc1ccccc1O[C@@H]1O[C@H](CO)[C@@H](O)[C@H](O)[C@H]1O,CC(C)=O,313.15,-2.49627281193371,-2.4076345
OCc1ccccc1O[C@@H]1O[C@H](CO)[C@@H](O)[C@H](O)[C@H]1O,CC(C)O,293.15,-2.49816654872194,-2.3451886
OCc1ccccc1O[C@@H]1O[C@H](CO)[C@@H](O)[C@H](O)[C@H]1O,CCCCO,303.15,-2.56834203426912,-2.0496302
OCc1ccccc1O[C@@H]1O[C@H](CO)[C@@H](O)[C@H](O)[C@H]1O,CCCO,293.15,-2.44366391084001,-2.2923298
OCc1ccccc1O[C@@H]1O[C@H](CO)[C@@H](O)[C@H](O)[C@H]1O,CCCCCO,313.15,-2.59916569746367,-2.5587597
OCc1ccccc1O[C@@H]1O[C@H](CO)[C@@H](O)[C@H](O)[C@H]1O,CCO,283.15,-2.29052893355851,-2.0739133
OCc1ccccc1O[C@@H]1O[C@H](CO)[C@@H](O)[C@H](O)[C@H]1O,CC(C)CO,313.15,-2.48988237515063,-2.3451352
OCc1ccccc1O[C@@H]1O[C@H](CO)[C@@H](O)[C@H](O)[C@H]1O,CC(C)O,303.15,-2.3447960275323,-2.204034
OCc1ccccc1O[C@@H]1O[C@H](CO)[C@@H](O)[C@H](O)[C@H]1O,CC(C)=O,323.15,-2.32336956477664,-2.2806964
OCc1ccccc1O[C@@H]1O[C@H](CO)[C@@H](O)[C@H](O)[C@H]1O,CCCO,303.15,-2.31066784082831,-2.1476784
OCc1ccccc1O[C@@H]1O[C@H](CO)[C@@H](O)[C@H](O)[C@H]1O,CCCCO,313.15,-2.35949679611163,-1.8996196
OCc1ccccc1O[C@@H]1O[C@H](CO)[C@@H](O)[C@H](O)[C@H]1O,CCCCCO,323.15,-2.41143029860926,-2.363419
OCc1ccccc1O[C@@H]1O[C@H](CO)[C@@H](O)[C@H](O)[C@H]1O,CC(C)CO,323.15,-2.30256922046096,-2.171938
OCc1ccccc1O[C@@H]1O[C@H](CO)[C@@H](O)[C@H](O)[C@H]1O,CCO,293.15,-2.03634936483253,-1.9491549
OCc1ccccc1O[C@@H]1O[C@H](CO)[C@@H](O)[C@H](O)[C@H]1O,CC(C)O,313.15,-2.15339529990927,-2.0589738
OCc1ccccc1O[C@@H]1O[C@H](CO)[C@@H](O)[C@H](O)[C@H]1O,CCCO,313.15,-2.10444841826614,-1.9981076
OCc1ccccc1O[C@@H]1O[C@H](CO)[C@@H](O)[C@H](O)[C@H]1O,CCCCO,323.15,-2.17862175997921,-1.743504
OCc1ccccc1O[C@@H]1O[C@H](CO)[C@@H](O)[C@H](O)[C@H]1O,C1COCCO1,283.15,-2.10493693563152,-2.072567
OCc1ccccc1O[C@@H]1O[C@H](CO)[C@@H](O)[C@H](O)[C@H]1O,CCO,303.15,-1.90815731535055,-1.8231361
OCc1ccccc1O[C@@H]1O[C@H](CO)[C@@H](O)[C@H](O)[C@H]1O,C1COCCO1,293.15,-2.06081779395722,-1.9539719
OCc1ccccc1O[C@@H]1O[C@H](CO)[C@@H](O)[C@H](O)[C@H]1O,CC(C)O,323.15,-1.97998274767408,-1.9100134
OCc1ccccc1O[C@@H]1O[C@H](CO)[C@@H](O)[C@H](O)[C@H]1O,CCCO,323.15,-1.9571910722942,-1.8373377
OCc1ccccc1O[C@@H]1O[C@H](CO)[C@@H](O)[C@H](O)[C@H]1O,C1COCCO1,303.15,-1.94753080186941,-1.8345369
OCc1ccccc1O[C@@H]1O[C@H](CO)[C@@H](O)[C@H](O)[C@H]1O,CCO,313.15,-1.72447225391325,-1.6920629
OCc1ccccc1O[C@@H]1O[C@H](CO)[C@@H](O)[C@H](O)[C@H]1O,C1COCCO1,313.15,-1.82168901998955,-1.714315
OCc1ccccc1O[C@@H]1O[C@H](CO)[C@@H](O)[C@H](O)[C@H]1O,CO,283.15,-1.45956690619584,-1.4075915
OCc1ccccc1O[C@@H]1O[C@H](CO)[C@@H](O)[C@H](O)[C@H]1O,CCO,323.15,-1.59565007717467,-1.5558505
OCc1ccccc1O[C@@H]1O[C@H](CO)[C@@H](O)[C@H](O)[C@H]1O,C1COCCO1,323.15,-1.68534674481334,-1.5899138
OCc1ccccc1O[C@@H]1O[C@H](CO)[C@@H](O)[C@H](O)[C@H]1O,CO,293.15,-1.32471388100985,-1.2886937
OCc1ccccc1O[C@@H]1O[C@H](CO)[C@@H](O)[C@H](O)[C@H]1O,O,283.15,-0.953338464539205,-2.1139424
OCc1ccccc1O[C@@H]1O[C@H](CO)[C@@H](O)[C@H](O)[C@H]1O,O,293.15,-0.853304858854194,-1.982857
OCc1ccccc1O[C@@H]1O[C@H](CO)[C@@H](O)[C@H](O)[C@H]1O,CO,303.15,-1.15308200231217,-1.1698895
OCc1ccccc1O[C@@H]1O[C@H](CO)[C@@H](O)[C@H](O)[C@H]1O,O,303.15,-0.733272253549762,-1.853126
OCc1ccccc1O[C@@H]1O[C@H](CO)[C@@H](O)[C@H](O)[C@H]1O,CO,313.15,-1.02223482776732,-1.0510181
OCc1ccccc1O[C@@H]1O[C@H](CO)[C@@H](O)[C@H](O)[C@H]1O,O,313.15,-0.606527118961264,-1.7217867
OCc1ccccc1O[C@@H]1O[C@H](CO)[C@@H](O)[C@H](O)[C@H]1O,CO,323.15,-0.90580566913396,-0.93292165
OCc1ccccc1O[C@@H]1O[C@H](CO)[C@@H](O)[C@H](O)[C@H]1O,O,323.15,-0.464470705610402,-1.5905379
OC[C@H]1O[C@@H](Oc2ccc(O)cc2)[C@H](O)[C@@H](O)[C@@H]1O,ClCCl,283.15,-4.19395529486679,-3.1738827
OC[C@H]1O[C@@H](Oc2ccc(O)cc2)[C@H](O)[C@@H](O)[C@@H]1O,ClCCl,288.15,-3.95382021764048,-3.0968027
OC[C@H]1O[C@@H](Oc2ccc(O)cc2)[C@H](O)[C@@H](O)[C@@H]1O,ClCCl,293.15,-3.8018375039513,-3.0206873
OC[C@H]1O[C@@H](Oc2ccc(O)cc2)[C@H](O)[C@@H](O)[C@@H]1O,ClCCl,298.15,-3.68623741944127,-2.9471047
OC[C@H]1O[C@@H](Oc2ccc(O)cc2)[C@H](O)[C@@H](O)[C@@H]1O,ClCCl,303.15,-3.60366212306675,-2.8755403
OC[C@H]1O[C@@H](Oc2ccc(O)cc2)[C@H](O)[C@@H](O)[C@@H]1O,CC#N,283.15,-3.1697578482585,-1.9747231
OC[C@H]1O[C@@H](Oc2ccc(O)cc2)[C@H](O)[C@@H](O)[C@@H]1O,CC#N,293.15,-2.86140177757559,-1.8074949
OC[C@H]1O[C@@H](Oc2ccc(O)cc2)[C@H](O)[C@@H](O)[C@@H]1O,CC#N,303.15,-2.56406171539546,-1.6485379
OC[C@H]1O[C@@H](Oc2ccc(O)cc2)[C@H](O)[C@@H](O)[C@@H]1O,CCOC(C)=O,283.15,-2.7944141590612,-1.8408899
OC[C@H]1O[C@@H](Oc2ccc(O)cc2)[C@H](O)[C@@H](O)[C@@H]1O,CCOC(C)=O,293.15,-2.78616944172791,-1.6684983
OC[C@H]1O[C@@H](Oc2ccc(O)cc2)[C@H](O)[C@@H](O)[C@@H]1O,CCOC(C)=O,303.15,-2.77590861222111,-1.5087173
OC[C@H]1O[C@@H](Oc2ccc(O)cc2)[C@H](O)[C@@H](O)[C@@H]1O,CCOC(C)=O,313.15,-2.76388800022624,-1.3544505
OC[C@H]1O[C@@H](Oc2ccc(O)cc2)[C@H](O)[C@@H](O)[C@@H]1O,CCOC(C)=O,323.15,-2.75279147261161,-1.2072102
OC[C@H]1O[C@@H](Oc2ccc(O)cc2)[C@H](O)[C@@H](O)[C@@H]1O,CC#N,313.15,-2.35285915336225,-1.495253
OC[C@H]1O[C@@H](Oc2ccc(O)cc2)[C@H](O)[C@@H](O)[C@@H]1O,CCCCCO,283.15,-2.50052602193848,-2.5799153
OC[C@H]1O[C@@H](Oc2ccc(O)cc2)[C@H](O)[C@@H](O)[C@@H]1O,CCC(C)O,283.15,-2.40866994761774,-2.0888555
OC[C@H]1O[C@@H](Oc2ccc(O)cc2)[C@H](O)[C@@H](O)[C@@H]1O,CC#N,323.15,-2.17536126647527,-1.3439968
OC[C@H]1O[C@@H](Oc2ccc(O)cc2)[C@H](O)[C@@H](O)[C@@H]1O,CCCCCO,293.15,-2.36080417110991,-2.360981
OC[C@H]1O[C@@H](Oc2ccc(O)cc2)[C@H](O)[C@@H](O)[C@@H]1O,CC(C)O,283.15,-2.15199194150113,-1.7461889
OC[C@H]1O[C@@H](Oc2ccc(O)cc2)[C@H](O)[C@@H](O)[C@@H]1O,CC(C)=O,283.15,-2.08039893794501,-1.821656
OC[C@H]1O[C@@H](Oc2ccc(O)cc2)[C@H](O)[C@@H](O)[C@@H]1O,CCCCCO,303.15,-2.19947486652526,-2.1454256
OC[C@H]1O[C@@H](Oc2ccc(O)cc2)[C@H](O)[C@@H](O)[C@@H]1O,CCC(C)O,293.15,-2.12350989459846,-1.8881333
OC[C@H]1O[C@@H](Oc2ccc(O)cc2)[C@H](O)[C@@H](O)[C@@H]1O,CC(C)=O,293.15,-1.97243728391104,-1.6906666
OC[C@H]1O[C@@H](Oc2ccc(O)cc2)[C@H](O)[C@@H](O)[C@@H]1O,CCCO,283.15,-1.97287655713673,-1.8589488
OC[C@H]1O[C@@H](Oc2ccc(O)cc2)[C@H](O)[C@@H](O)[C@@H]1O,CC(C)O,293.15,-1.98243228140954,-1.5748525
OC[C@H]1O[C@@H](Oc2ccc(O)cc2)[C@H](O)[C@@H](O)[C@@H]1O,CCCCCO,313.15,-2.11174868028931,-1.932981
OC[C@H]1O[C@@H](Oc2ccc(O)cc2)[C@H](O)[C@@H](O)[C@@H]1O,CC(C)=O,303.15,-1.88794791341906,-1.565275
OC[C@H]1O[C@@H](Oc2ccc(O)cc2)[C@H](O)[C@@H](O)[C@@H]1O,CCC(C)O,303.15,-1.98098939616108,-1.6993392
OC[C@H]1O[C@@H](Oc2ccc(O)cc2)[C@H](O)[C@@H](O)[C@@H]1O,CCCO,293.15,-1.86496452072043,-1.6857752
OC[C@H]1O[C@@H](Oc2ccc(O)cc2)[C@H](O)[C@@H](O)[C@@H]1O,CCCCCO,323.15,-1.97049704819526,-1.7222812
OC[C@H]1O[C@@H](Oc2ccc(O)cc2)[C@H](O)[C@@H](O)[C@@H]1O,CC(C)=O,313.15,-1.77557512702116,-1.4440024
OC[C@H]1O[C@@H](Oc2ccc(O)cc2)[C@H](O)[C@@H](O)[C@@H]1O,CC(C)O,303.15,-1.77970119083227,-1.4119928
OC[C@H]1O[C@@H](Oc2ccc(O)cc2)[C@H](O)[C@@H](O)[C@@H]1O,CCCO,303.15,-1.72597563965218,-1.5166569
OC[C@H]1O[C@@H](Oc2ccc(O)cc2)[C@H](O)[C@@H](O)[C@@H]1O,CC(C)=O,323.15,-1.67693627748212,-1.3315934
OC[C@H]1O[C@@H](Oc2ccc(O)cc2)[C@H](O)[C@@H](O)[C@@H]1O,CCC(C)O,313.15,-1.74825620357826,-1.5186739
OC[C@H]1O[C@@H](Oc2ccc(O)cc2)[C@H](O)[C@@H](O)[C@@H]1O,CC(C)O,313.15,-1.65794296450229,-1.256636
OC[C@H]1O[C@@H](Oc2ccc(O)cc2)[C@H](O)[C@@H](O)[C@@H]1O,CCCO,313.15,-1.61430047508845,-1.3479166
OC[C@H]1O[C@@H](Oc2ccc(O)cc2)[C@H](O)[C@@H](O)[C@@H]1O,CCC(C)O,323.15,-1.6233836372075,-1.3416872
OC[C@H]1O[C@@H](Oc2ccc(O)cc2)[C@H](O)[C@@H](O)[C@@H]1O,CCO,283.15,-1.4015697106846,-1.6314306
OC[C@H]1O[C@@H](Oc2ccc(O)cc2)[C@H](O)[C@@H](O)[C@@H]1O,CCCO,323.15,-1.4912939354811,-1.1787012
OC[C@H]1O[C@@H](Oc2ccc(O)cc2)[C@H](O)[C@@H](O)[C@@H]1O,CC(C)O,323.15,-1.4838995356835,-1.1091126
OC[C@H]1O[C@@H](Oc2ccc(O)cc2)[C@H](O)[C@@H](O)[C@@H]1O,CCO,293.15,-1.32686475761247,-1.4831245
OC[C@H]1O[C@@H](Oc2ccc(O)cc2)[C@H](O)[C@@H](O)[C@@H]1O,CCO,303.15,-1.22376603792026,-1.3348591
OC[C@H]1O[C@@H](Oc2ccc(O)cc2)[C@H](O)[C@@H](O)[C@@H]1O,CCO,313.15,-1.13030988822327,-1.1872926
OC[C@H]1O[C@@H](Oc2ccc(O)cc2)[C@H](O)[C@@H](O)[C@@H]1O,C1COCCO1,283.15,-1.25966768200022,-1.3486362
OC[C@H]1O[C@@H](Oc2ccc(O)cc2)[C@H](O)[C@@H](O)[C@@H]1O,C1COCCO1,293.15,-1.23655173393774,-1.230797
OC[C@H]1O[C@@H](Oc2ccc(O)cc2)[C@H](O)[C@@H](O)[C@@H]1O,O,283.15,-0.53394397806222,-1.8952575
OC[C@H]1O[C@@H](Oc2ccc(O)cc2)[C@H](O)[C@@H](O)[C@@H]1O,C1COCCO1,303.15,-1.17011346075876,-1.1127856
OC[C@H]1O[C@@H](Oc2ccc(O)cc2)[C@H](O)[C@@H](O)[C@@H]1O,CCO,323.15,-1.01553657655405,-1.0388794
OC[C@H]1O[C@@H](Oc2ccc(O)cc2)[C@H](O)[C@@H](O)[C@@H]1O,C1COCCO1,313.15,-1.09436487358111,-0.9934344
OC[C@H]1O[C@@H](Oc2ccc(O)cc2)[C@H](O)[C@@H](O)[C@@H]1O,O,293.15,-0.351646627790299,-1.7441335
OC[C@H]1O[C@@H](Oc2ccc(O)cc2)[C@H](O)[C@@H](O)[C@@H]1O,C1COCCO1,323.15,-1.02997948595837,-0.8716252
OC[C@H]1O[C@@H](Oc2ccc(O)cc2)[C@H](O)[C@@H](O)[C@@H]1O,O,303.15,-0.220457083119074,-1.5976393
OC[C@H]1O[C@@H](Oc2ccc(O)cc2)[C@H](O)[C@@H](O)[C@@H]1O,CO,283.15,-0.546606531804684,-1.1162909
OC[C@H]1O[C@@H](Oc2ccc(O)cc2)[C@H](O)[C@@H](O)[C@@H]1O,CO,293.15,-0.489951674127518,-0.9755796
OC[C@H]1O[C@@H](Oc2ccc(O)cc2)[C@H](O)[C@@H](O)[C@@H]1O,CO,303.15,-0.426779763088946,-0.8393506
OC[C@H]1O[C@@H](Oc2ccc(O)cc2)[C@H](O)[C@@H](O)[C@@H]1O,O,313.15,-0.014372782158028,-1.4534681
OC[C@H]1O[C@@H](Oc2ccc(O)cc2)[C@H](O)[C@@H](O)[C@@H]1O,CO,313.15,-0.352462576534998,-0.70422816
OC[C@H]1O[C@@H](Oc2ccc(O)cc2)[C@H](O)[C@@H](O)[C@@H]1O,CO,323.15,-0.259485733608203,-0.57126325
OC[C@H]1O[C@@H](Oc2ccc(O)cc2)[C@H](O)[C@@H](O)[C@@H]1O,O,323.15,0.203386470282613,-1.3132772
CC(C)OC(=O)C(C)(C)Oc1ccc(C(=O)c2ccc(Cl)cc2)cc1,CO,253.15,-1.794945386426,-2.1776578
CC(C)OC(=O)C(C)(C)Oc1ccc(C(=O)c2ccc(Cl)cc2)cc1,CO,258.15,-1.67039275405535,-2.110032
CC(C)OC(=O)C(C)(C)Oc1ccc(C(=O)c2ccc(Cl)cc2)cc1,CO,263.15,-1.60957577767881,-2.0036469
CC(C)OC(=O)C(C)(C)Oc1ccc(C(=O)c2ccc(Cl)cc2)cc1,CO,268.15,-1.48345354699709,-1.8948883
CC(C)OC(=O)C(C)(C)Oc1ccc(C(=O)c2ccc(Cl)cc2)cc1,CO,273.15,-1.36572552232031,-1.7845719
CC(C)OC(=O)C(C)(C)Oc1ccc(C(=O)c2ccc(Cl)cc2)cc1,CO,278.15,-1.27853614668268,-1.6726656
CC(C)OC(=O)C(C)(C)Oc1ccc(C(=O)c2ccc(Cl)cc2)cc1,CC#N,243.15,-1.33346163124414,-1.2891976
CC(C)OC(=O)C(C)(C)Oc1ccc(C(=O)c2ccc(Cl)cc2)cc1,CO,283.15,-1.14101121289758,-1.557725
CC(C)OC(=O)C(C)(C)Oc1ccc(C(=O)c2ccc(Cl)cc2)cc1,CC#N,248.15,-1.2119501426024,-1.2891976
CC(C)OC(=O)C(C)(C)Oc1ccc(C(=O)c2ccc(Cl)cc2)cc1,CC#N,253.15,-1.1076448109654,-1.2891976
NC(=O)c1ccccc1O,CC#N,243.15,-0.989327533955126,-0.85988647
CC(C)OC(=O)C(C)(C)Oc1ccc(C(=O)c2ccc(Cl)cc2)cc1,CC#N,258.15,-0.988037132076933,-1.2185291
O=C(O)c1ccccc1O,CC#N,243.15,-0.972206890508519,-0.07844348
CC(C)OC(=O)C(C)(C)Oc1ccc(C(=O)c2ccc(Cl)cc2)cc1,CC#N,263.15,-0.950731951748609,-1.108354
NC(=O)c1ccccc1O,CC#N,248.15,-0.911051794093014,-0.85988647
O=C(O)c1ccccc1O,CC#N,248.15,-0.905283494951848,-0.07844348
O=C(O)c1ccccc1O,CC#N,253.15,-0.84234071366565,-0.07844348
NC(=O)c1ccccc1O,CC#N,253.15,-0.841106874724007,-0.85988647
O=C(O)c1ccccc1O,CC#N,258.15,-0.770398362845786,-0.029391676
CC(C)OC(=O)C(C)(C)Oc1ccc(C(=O)c2ccc(Cl)cc2)cc1,CC#N,268.15,-0.766169612708928,-1.0000257
NC(=O)c1ccccc1O,CC#N,258.15,-0.75502698437159,-0.7999187
O=C(O)c1ccccc1O,CC#N,263.15,-0.696994057718771,0.04592544
NC(=O)c1ccccc1O,CC#N,263.15,-0.661596126810181,-0.70885295
CC(C)OC(=O)C(C)(C)Oc1ccc(C(=O)c2ccc(Cl)cc2)cc1,CC#N,273.15,-0.633898836867809,-0.89227617
O=C(O)c1ccccc1O,CC#N,268.15,-0.619994847923367,0.11988674
NC(=O)c1ccccc1O,CC#N,268.15,-0.619994847923367,-0.61748934
NC(=O)c1ccccc1O,CO,253.15,-0.502815963478291,-0.24174054
NC(=O)c1ccccc1O,CO,258.15,-0.450345615744421,-0.19368958
O=C(O)c1ccccc1O,CC#N,273.15,-0.552185084914917,0.19189622
NC(=O)c1ccccc1O,CC#N,273.15,-0.546596691881027,-0.5282599
CC(C)OC(=O)C(C)(C)Oc1ccc(C(=O)c2ccc(Cl)cc2)cc1,CC#N,278.15,-0.526575301318368,-0.78297925
NC(=O)c1ccccc1O,CO,263.15,-0.389491966368554,-0.12158051
O=C(O)c1ccccc1O,CC#N,278.15,-0.503729646974549,0.26241356
NC(=O)c1ccccc1O,CC#N,278.15,-0.472023232227525,-0.4408026
CC(C)OC(=O)C(C)(C)Oc1ccc(C(=O)c2ccc(Cl)cc2)cc1,CC(C)=O,253.15,-0.584709479626086,-1.1350359
NC(=O)c1ccccc1O,CO,268.15,-0.328016143782438,-0.051951125
O=C(O)c1ccccc1O,CC#N,283.15,-0.438559668714665,0.3315403
NC(=O)c1ccccc1O,CC#N,283.15,-0.40581328595027,-0.3541261
NC(=O)c1ccccc1O,CO,273.15,-0.279202108554961,0.014558762
CC(C)OC(=O)C(C)(C)Oc1ccc(C(=O)c2ccc(Cl)cc2)cc1,CC#N,283.15,-0.386649163020378,-0.67580676
CC(C)OC(=O)C(C)(C)Oc1ccc(C(=O)c2ccc(Cl)cc2)cc1,CC(C)=O,258.15,-0.471833773324154,-1.0740445
NC(=O)c1ccccc1O,CO,278.15,-0.222760321265283,0.07774998
NC(=O)c1ccccc1O,CO,283.15,-0.165065978612797,0.13640161
NC(=O)c1ccccc1O,CCOC(C)=O,253.15,-0.471369125652928,-0.49241146
CC(C)OC(=O)C(C)(C)Oc1ccc(C(=O)c2ccc(Cl)cc2)cc1,CC(C)=O,263.15,-0.329019410983609,-0.9810296
CC(C)OC(=O)C(C)(C)Oc1ccc(C(=O)c2ccc(Cl)cc2)cc1,CCOC(C)=O,253.15,-0.434674718041268,-1.0719233
NC(=O)c1ccccc1O,CCOC(C)=O,258.15,-0.431798262829095,-0.44611135
CC(C)OC(=O)C(C)(C)Oc1ccc(C(=O)c2ccc(Cl)cc2)cc1,CC(C)=O,268.15,-0.30321362636836,-0.8884736
NC(=O)c1ccccc1O,CCOC(C)=O,263.15,-0.384536916425324,-0.37807274
CC(C)OC(=O)C(C)(C)Oc1ccc(C(=O)c2ccc(Cl)cc2)cc1,CCOC(C)=O,258.15,-0.363299992143415,-1.0094347
NC(=O)c1ccccc1O,CCOC(C)=O,268.15,-0.350269438410801,-0.3151649
NC(=O)c1ccccc1O,CCOC(C)=O,273.15,-0.310689672150644,-0.2558624
CC(C)OC(=O)C(C)(C)Oc1ccc(C(=O)c2ccc(Cl)cc2)cc1,CCOC(C)=O,263.15,-0.260327935993929,-0.9141615
NC(=O)c1ccccc1O,CCOC(C)=O,278.15,-0.263606477979185,-0.1988072
CC(C)OC(=O)C(C)(C)Oc1ccc(C(=O)c2ccc(Cl)cc2)cc1,CC(C)=O,273.15,-0.114626779101308,-0.7972858
NC(=O)c1ccccc1O,CCOC(C)=O,283.15,-0.22281564034569,-0.1442353
O=C(O)c1ccccc1O,CCOC(C)=O,253.15,-0.200859328097241,0.20615448
NC(=O)c1ccccc1O,CC(C)=O,253.15,-0.044183137100432,-0.04398556
CC(C)OC(=O)C(C)(C)Oc1ccc(C(=O)c2ccc(Cl)cc2)cc1,CCOC(C)=O,268.15,-0.177192208518789,-0.8202446
O=C(O)c1ccccc1O,CO,253.15,0.221252168206973,0.3798012
NC(=O)c1ccccc1O,CC(C)=O,258.15,-0.01141703069753,-0.00737904
CC(C)OC(=O)C(C)(C)Oc1ccc(C(=O)c2ccc(Cl)cc2)cc1,CC(C)=O,278.15,-0.021748487004392,-0.70837224
O=C(O)c1ccccc1O,CO,258.15,0.252270285243375,0.4181195
O=C(O)c1ccccc1O,CCOC(C)=O,258.15,-0.128825382713945,0.23917745
O=C(O)c1ccccc1O,CO,263.15,0.283683397698765,0.47667104
NC(=O)c1ccccc1O,CC(C)=O,263.15,0.030318462065757,0.044556007
CC(C)OC(=O)C(C)(C)Oc1ccc(C(=O)c2ccc(Cl)cc2)cc1,CCOC(C)=O,273.15,-0.0986308781424,-0.72838676
O=C(O)c1ccccc1O,CCOC(C)=O,263.15,-0.065284335052479,0.2887652
O=C(O)c1ccccc1O,CO,268.15,0.314315671808888,0.53342974
NC(=O)c1ccccc1O,CC(C)=O,268.15,0.070253184853125,0.09490095
O=C(O)c1ccccc1O,CO,273.15,0.359795384120565,0.58824486
CC(C)OC(=O)C(C)(C)Oc1ccc(C(=O)c2ccc(Cl)cc2)cc1,CCOC(C)=O,278.15,-0.025393380741767,-0.63788885
NC(=O)c1ccccc1O,CC(C)=O,273.15,0.107997292289272,0.14333719
O=C(O)c1ccccc1O,CCOC(C)=O,268.15,-0.003243502348381,0.33654892
O=C(O)c1ccccc1O,CCOC(C)=O,273.15,0.015769682097619,0.38220352
O=C(O)c1ccccc1O,CO,278.15,0.395610059012778,0.641641
NC(=O)c1ccccc1O,CC(C)=O,278.15,0.144349661299783,0.18839245
O=C(O)c1ccccc1O,CC(C)=O,253.15,0.159120697342386,0.46691853
O=C(O)c1ccccc1O,CC(C)=O,258.15,0.189588028572978,0.49414474
NC(=O)c1ccccc1O,CC(C)=O,283.15,0.179229370118052,0.23071308
O=C(O)c1ccccc1O,CCOC(C)=O,278.15,0.058808266170667,0.42470753
O=C(O)c1ccccc1O,CO,283.15,0.444101217224299,0.69346017
CC(C)OC(=O)C(C)(C)Oc1ccc(C(=O)c2ccc(Cl)cc2)cc1,CCOC(C)=O,283.15,0.068610786600814,-0.54834723
O=C(O)c1ccccc1O,CCOC(C)=O,283.15,0.093719140702978,0.46598488
O=C(O)c1ccccc1O,CC(C)=O,263.15,0.234764869115705,0.5342705
O=C(O)c1ccccc1O,CC(C)=O,268.15,0.258435290155977,0.5725657
O=C(O)c1ccccc1O,CC(C)=O,273.15,0.289043529370605,0.6091126
O=C(O)c1ccccc1O,CC(C)=O,278.15,0.347354008832662,0.643207
O=C(O)c1ccccc1O,CC(C)=O,283.15,0.362820716145245,0.6764311
CN1COCN(Cc2cnc(Cl)s2)/C1=N/[N+](=O)[O-],CCOC(C)=O,278.15,-1.98603677834661,-1.7389526
CN1COCN(Cc2cnc(Cl)s2)/C1=N/[N+](=O)[O-],CCOC(C)=O,283.15,-1.88770796687941,-1.6487124
CN1COCN(Cc2cnc(Cl)s2)/C1=N/[N+](=O)[O-],CCOC(C)=O,288.15,-1.79655983603389,-1.560645
CN1COCN(Cc2cnc(Cl)s2)/C1=N/[N+](=O)[O-],CCOC(C)=O,293.15,-1.72663709055171,-1.4760406
CN1COCN(Cc2cnc(Cl)s2)/C1=N/[N+](=O)[O-],CCOC(C)=O,298.15,-1.64595782754756,-1.3927994
CN1COCN(Cc2cnc(Cl)s2)/C1=N/[N+](=O)[O-],CCOC(C)=O,303.15,-1.58571631522473,-1.3116322
CN1COCN(Cc2cnc(Cl)s2)/C1=N/[N+](=O)[O-],COC(C)=O,278.15,-1.43969525505712,-1.3157668
CN1COCN(Cc2cnc(Cl)s2)/C1=N/[N+](=O)[O-],CCOC(C)=O,308.15,-1.52792155108374,-1.2330506
CN1COCN(Cc2cnc(Cl)s2)/C1=N/[N+](=O)[O-],COC(C)=O,283.15,-1.37180671759546,-1.233475
CN1COCN(Cc2cnc(Cl)s2)/C1=N/[N+](=O)[O-],CCOC(C)=O,313.15,-1.47033478517145,-1.1573478
CN1COCN(Cc2cnc(Cl)s2)/C1=N/[N+](=O)[O-],COC(C)=O,288.15,-1.31515661079103,-1.1549901
CN1COCN(Cc2cnc(Cl)s2)/C1=N/[N+](=O)[O-],CCOC(C)=O,318.15,-1.41905027418381,-1.0830305
CN1COCN(Cc2cnc(Cl)s2)/C1=N/[N+](=O)[O-],CCOC(C)=O,323.15,-1.37381773437984,-1.0117012
CN1COCN(Cc2cnc(Cl)s2)/C1=N/[N+](=O)[O-],COC(C)=O,293.15,-1.25112912151507,-1.0787638
CN1COCN(Cc2cnc(Cl)s2)/C1=N/[N+](=O)[O-],COC(C)=O,298.15,-1.1904681961921,-1.0050279
CN1COCN(Cc2cnc(Cl)s2)/C1=N/[N+](=O)[O-],COC(C)=O,303.15,-1.13043520065652,-0.9330889
CN1COCN(Cc2cnc(Cl)s2)/C1=N/[N+](=O)[O-],CC(C)=O,278.15,-1.05311293363998,-1.1540813
CN1COCN(Cc2cnc(Cl)s2)/C1=N/[N+](=O)[O-],COC(C)=O,308.15,-1.05923867210216,-0.8626729
CN1COCN(Cc2cnc(Cl)s2)/C1=N/[N+](=O)[O-],CC(C)=O,283.15,-0.973913075779768,-1.0730246
CN1COCN(Cc2cnc(Cl)s2)/C1=N/[N+](=O)[O-],COC(C)=O,313.15,-0.991836377567718,-0.79396677
CN1COCN(Cc2cnc(Cl)s2)/C1=N/[N+](=O)[O-],CC(C)=O,288.15,-0.909973379944779,-0.99478674
CN1COCN(Cc2cnc(Cl)s2)/C1=N/[N+](=O)[O-],COC(C)=O,318.15,-0.932641538654835,-0.7281763
CN1COCN(Cc2cnc(Cl)s2)/C1=N/[N+](=O)[O-],CC(C)=O,293.15,-0.855396351223369,-0.9194453
CN1COCN(Cc2cnc(Cl)s2)/C1=N/[N+](=O)[O-],COC(C)=O,323.15,-0.861044783252599,-0.66562355
CN1COCN(Cc2cnc(Cl)s2)/C1=N/[N+](=O)[O-],CC(C)=O,298.15,-0.78208013797367,-0.84707475
CN1COCN(Cc2cnc(Cl)s2)/C1=N/[N+](=O)[O-],ClCCl,278.15,-0.687216068301424,-1.2428944
CN1COCN(Cc2cnc(Cl)s2)/C1=N/[N+](=O)[O-],CC(C)=O,303.15,-0.719289857098022,-0.7777408
CN1COCN(Cc2cnc(Cl)s2)/C1=N/[N+](=O)[O-],ClCCl,283.15,-0.608974479783655,-1.1722687
CN1COCN(Cc2cnc(Cl)s2)/C1=N/[N+](=O)[O-],CC(C)=O,308.15,-0.653733566879704,-0.7104953
CN1COCN(Cc2cnc(Cl)s2)/C1=N/[N+](=O)[O-],ClCCl,288.15,-0.550748809242954,-1.1059114
CN1COCN(Cc2cnc(Cl)s2)/C1=N/[N+](=O)[O-],CC(C)=O,313.15,-0.580877297933306,-0.64526033
CN1COCN(Cc2cnc(Cl)s2)/C1=N/[N+](=O)[O-],ClCCl,293.15,-0.498959563615223,-1.0428711
CN1COCN(Cc2cnc(Cl)s2)/C1=N/[N+](=O)[O-],ClCCl,298.15,-0.444083476090246,-0.9823154
CN1COCN(Cc2cnc(Cl)s2)/C1=N/[N+](=O)[O-],CC(C)=O,318.15,-0.50969056926215,-0.58237463
CN1COCN(Cc2cnc(Cl)s2)/C1=N/[N+](=O)[O-],ClCCl,303.15,-0.400996742509208,-0.9236509
CN1COCN(Cc2cnc(Cl)s2)/C1=N/[N+](=O)[O-],CC(C)=O,323.15,-0.443863669333389,-0.52267313
CN1COCN(Cc2cnc(Cl)s2)/C1=N/[N+](=O)[O-],ClCCl,308.15,-0.355633842099966,-0.86699986
CN1COCN(Cc2cnc(Cl)s2)/C1=N/[N+](=O)[O-],ClCCl,313.15,-0.314348139602743,-0.8124027
CN1COCN(Cc2cnc(Cl)s2)/C1=N/[N+](=O)[O-],CN(C)C=O,278.15,-0.082256685084411,-0.303035
CN1COCN(Cc2cnc(Cl)s2)/C1=N/[N+](=O)[O-],CN(C)C=O,283.15,-0.034228662456796,-0.23433112
CN1COCN(Cc2cnc(Cl)s2)/C1=N/[N+](=O)[O-],CN(C)C=O,288.15,0.01752254799535,-0.16786686
CN1COCN(Cc2cnc(Cl)s2)/C1=N/[N+](=O)[O-],CN(C)C=O,293.15,0.06234579259644,-0.10320829
CN1COCN(Cc2cnc(Cl)s2)/C1=N/[N+](=O)[O-],CN1CCCC1=O,278.15,-0.026725581225131,-0.47024775
CN1COCN(Cc2cnc(Cl)s2)/C1=N/[N+](=O)[O-],CN1CCCC1=O,283.15,0.006755805594011,-0.41533536
CN1COCN(Cc2cnc(Cl)s2)/C1=N/[N+](=O)[O-],CN(C)C=O,298.15,0.102063308007342,-0.04185006
CN1COCN(Cc2cnc(Cl)s2)/C1=N/[N+](=O)[O-],CN1CCCC1=O,288.15,0.04196590715954,-0.36212984
CN1COCN(Cc2cnc(Cl)s2)/C1=N/[N+](=O)[O-],CN(C)C=O,303.15,0.147695037959785,0.0166222
CN1COCN(Cc2cnc(Cl)s2)/C1=N/[N+](=O)[O-],CN1CCCC1=O,293.15,0.074223943890215,-0.31114638
CN1COCN(Cc2cnc(Cl)s2)/C1=N/[N+](=O)[O-],CN(C)C=O,308.15,0.200506881269589,0.07281691
CN1COCN(Cc2cnc(Cl)s2)/C1=N/[N+](=O)[O-],CN1CCCC1=O,298.15,0.111307831561569,-0.26084036
CN1COCN(Cc2cnc(Cl)s2)/C1=N/[N+](=O)[O-],CN1CCCC1=O,303.15,0.145478328748377,-0.21186006
CN1COCN(Cc2cnc(Cl)s2)/C1=N/[N+](=O)[O-],CN(C)C=O,313.15,0.251349068957128,0.12743193
CN1COCN(Cc2cnc(Cl)s2)/C1=N/[N+](=O)[O-],CN1CCCC1=O,308.15,0.179086954631213,-0.16477592
CN1COCN(Cc2cnc(Cl)s2)/C1=N/[N+](=O)[O-],CN(C)C=O,318.15,0.301856403485311,0.18076412
CN1COCN(Cc2cnc(Cl)s2)/C1=N/[N+](=O)[O-],CN1CCCC1=O,313.15,0.213653992127788,-0.11799596
CN1COCN(Cc2cnc(Cl)s2)/C1=N/[N+](=O)[O-],CN1CCCC1=O,318.15,0.251881134591694,-0.0710274
CN1COCN(Cc2cnc(Cl)s2)/C1=N/[N+](=O)[O-],CN(C)C=O,323.15,0.354272416073053,0.2331224
CN1COCN(Cc2cnc(Cl)s2)/C1=N/[N+](=O)[O-],CN1CCCC1=O,323.15,0.289685847543237,-0.023566231
O=Cc1cc(C=O)cc(C=O)c1,O,283.15,-2.64283859752658,-1.3358066
O=Cc1cc(C=O)cc(C=O)c1,O,288.15,-2.46797037057026,-1.2416979
O=Cc1cc(C=O)cc(C=O)c1,O,293.15,-2.31178452140733,-1.1492387
O=Cc1cc(C=O)cc(C=O)c1,O,298.15,-2.22336150930248,-1.0579967
O=Cc1cc(C=O)cc(C=O)c1,O,303.15,-2.13678500759945,-0.9675962
O=Cc1cc(C=O)cc(C=O)c1,O,308.15,-2.07687845684156,-0.87811697
O=Cc1cc(C=O)cc(C=O)c1,O,313.15,-2.02840097195745,-0.78924316
O=Cc1cc(C=O)cc(C=O)c1,O,318.15,-1.99431025092805,-0.7007352
O=Cc1cc(C=O)cc(C=O)c1,O,323.15,-1.96400600888817,-0.61230105
O=Cc1cc(C=O)cc(C=O)c1,CC(C)CO,283.15,-2.62095309983648,-1.3049852
O=Cc1cc(C=O)cc(C=O)c1,CCC(C)O,283.15,-2.49057747082351,-1.328493
O=Cc1cc(C=O)cc(C=O)c1,CC(C)CO,288.15,-2.47482459942935,-1.2029507
O=Cc1cc(C=O)cc(C=O)c1,CCC(C)O,288.15,-2.36546562362934,-1.2218864
O=Cc1cc(C=O)cc(C=O)c1,CC(C)CO,293.15,-2.36766265566194,-1.1026658
O=Cc1cc(C=O)cc(C=O)c1,CC(C)O,283.15,-2.21329201397041,-1.3517584
O=Cc1cc(C=O)cc(C=O)c1,CC(C)CO,298.15,-2.27685472351829,-1.002643
O=Cc1cc(C=O)cc(C=O)c1,CC(C)O,288.15,-2.17109070556931,-1.2514457
O=Cc1cc(C=O)cc(C=O)c1,CCC(C)O,293.15,-2.18415258173952,-1.1164582
O=Cc1cc(C=O)cc(C=O)c1,CC(C)O,293.15,-2.10112660916698,-1.1514549
O=Cc1cc(C=O)cc(C=O)c1,CC(C)O,298.15,-2.04537949936804,-1.0513592
O=Cc1cc(C=O)cc(C=O)c1,CCCCO,283.15,-2.10074207273384,-1.2736228
O=Cc1cc(C=O)cc(C=O)c1,CCCCO,288.15,-2.07523481253009,-1.1775839
O=Cc1cc(C=O)cc(C=O)c1,CCC(C)O,298.15,-2.06662329433224,-1.0130612
O=Cc1cc(C=O)cc(C=O)c1,CC(C)O,303.15,-1.98308191489174,-0.95225716
O=Cc1cc(C=O)cc(C=O)c1,CCCCO,293.15,-2.02442080945503,-1.0815148
O=Cc1cc(C=O)cc(C=O)c1,CCCO,283.15,-1.91023437737846,-1.163295
O=Cc1cc(C=O)cc(C=O)c1,CC(C)CO,303.15,-2.00684296557409,-0.902449
O=Cc1cc(C=O)cc(C=O)c1,CCC(C)O,303.15,-1.96340461799796,-0.91114235
O=Cc1cc(C=O)cc(C=O)c1,CCCO,288.15,-1.85471190689693,-1.0659139
O=Cc1cc(C=O)cc(C=O)c1,CCC(C)O,308.15,-1.86062505031793,-0.810876
O=Cc1cc(C=O)cc(C=O)c1,CCCCO,298.15,-1.84566521194521,-0.9858719
O=Cc1cc(C=O)cc(C=O)c1,CCCO,293.15,-1.75673789470096,-0.97148186
O=Cc1cc(C=O)cc(C=O)c1,CCCCCO,283.15,-1.90092987639805,-1.3974774
O=Cc1cc(C=O)cc(C=O)c1,CC(C)O,308.15,-1.72227312576377,-0.85363805
O=Cc1cc(C=O)cc(C=O)c1,CCCCCO,288.15,-1.84601991932628,-1.298029
O=Cc1cc(C=O)cc(C=O)c1,CCCO,298.15,-1.687011062158,-0.87841165
O=Cc1cc(C=O)cc(C=O)c1,CCC(C)O,313.15,-1.78063288834784,-0.71285784
O=Cc1cc(C=O)cc(C=O)c1,CCO,283.15,-1.50399705726021,-1.1211429
O=Cc1cc(C=O)cc(C=O)c1,CCCCO,303.15,-1.70590759383635,-0.89064544
O=Cc1cc(C=O)cc(C=O)c1,CCCCCO,293.15,-1.7672312952278,-1.2007861
O=Cc1cc(C=O)cc(C=O)c1,CC(C)CO,308.15,-1.68504393319372,-0.803764
O=Cc1cc(C=O)cc(C=O)c1,CCCO,303.15,-1.59013214652023,-0.7847171
O=Cc1cc(C=O)cc(C=O)c1,CCC(C)O,318.15,-1.65977768247986,-0.61622405
O=Cc1cc(C=O)cc(C=O)c1,CCO,288.15,-1.44422010538057,-1.0250155
O=Cc1cc(C=O)cc(C=O)c1,CCCCCO,298.15,-1.70036292297375,-1.1070104
O=Cc1cc(C=O)cc(C=O)c1,CC(C)O,313.15,-1.55801483973809,-0.7566762
O=Cc1cc(C=O)cc(C=O)c1,CCCCO,308.15,-1.58325373341841,-0.7960391
O=Cc1cc(C=O)cc(C=O)c1,CCCO,308.15,-1.49355780997087,-0.6922228
O=Cc1cc(C=O)cc(C=O)c1,CCCCCO,303.15,-1.64882950401115,-1.015112
O=Cc1cc(C=O)cc(C=O)c1,CCO,293.15,-1.36554771788164,-0.9306294
O=Cc1cc(C=O)cc(C=O)c1,CCC(C)O,323.15,-1.5715723954122,-0.52069473
O=Cc1cc(C=O)cc(C=O)c1,CCCCCO,308.15,-1.59793360878217,-0.9256682
O=Cc1cc(C=O)cc(C=O)c1,CC(C)CO,313.15,-1.530045883949,-0.7074028
O=Cc1cc(C=O)cc(C=O)c1,CCCCO,313.15,-1.50873306347655,-0.70283616
O=Cc1cc(C=O)cc(C=O)c1,CC(C)O,318.15,-1.43065173625103,-0.6616087
O=Cc1cc(C=O)cc(C=O)c1,CCCO,313.15,-1.40960919248077,-0.60079193
O=Cc1cc(C=O)cc(C=O)c1,CCO,298.15,-1.29370409586734,-0.83626175
O=Cc1cc(C=O)cc(C=O)c1,CCCCCO,313.15,-1.5074269117554,-0.8371664
O=Cc1cc(C=O)cc(C=O)c1,CCCO,318.15,-1.34317338562529,-0.50970775
O=Cc1cc(C=O)cc(C=O)c1,CO,283.15,-1.05531904968813,-0.9975824
O=Cc1cc(C=O)cc(C=O)c1,CC(C)O,323.15,-1.33707981776271,-0.5663522
O=Cc1cc(C=O)cc(C=O)c1,CCO,303.15,-1.20696285605264,-0.7423444
O=Cc1cc(C=O)cc(C=O)c1,CCCCO,318.15,-1.40278474881738,-0.61174035
O=Cc1cc(C=O)cc(C=O)c1,CC(C)CO,318.15,-1.38618465729793,-0.6138269
O=Cc1cc(C=O)cc(C=O)c1,CCCO,323.15,-1.27725526757327,-0.42156976
O=Cc1cc(C=O)cc(C=O)c1,CCCCCO,318.15,-1.41883203457744,-0.75061584
O=Cc1cc(C=O)cc(C=O)c1,CCO,308.15,-1.13914982538255,-0.6501536
O=Cc1cc(C=O)cc(C=O)c1,CO,288.15,-0.956683199399143,-0.90829176
O=Cc1cc(C=O)cc(C=O)c1,CC#N,283.15,-1.01051719577611,-0.3862219
O=Cc1cc(C=O)cc(C=O)c1,CCO,313.15,-1.05704390849265,-0.55865645
O=Cc1cc(C=O)cc(C=O)c1,CCCCCO,323.15,-1.31298934534827,-0.6659653
O=Cc1cc(C=O)cc(C=O)c1,CO,293.15,-0.853765216521015,-0.8196833
O=Cc1cc(C=O)cc(C=O)c1,CCCCO,323.15,-1.2202596286183,-0.5229846
O=Cc1cc(C=O)cc(C=O)c1,CC(C)CO,323.15,-1.19646403173623,-0.52300245
O=Cc1cc(C=O)cc(C=O)c1,CCO,318.15,-0.989181992970645,-0.46938628
O=Cc1cc(C=O)cc(C=O)c1,CC#N,288.15,-0.923130765707534,-0.3071776
O=Cc1cc(C=O)cc(C=O)c1,CO,298.15,-0.764037914117647,-0.73067296
O=Cc1cc(C=O)cc(C=O)c1,CCO,323.15,-0.933026682213396,-0.38019958
O=Cc1cc(C=O)cc(C=O)c1,CC#N,293.15,-0.863797080278951,-0.2298818
O=Cc1cc(C=O)cc(C=O)c1,CO,303.15,-0.674696319338069,-0.64182854
O=Cc1cc(C=O)cc(C=O)c1,CC#N,298.15,-0.773171599398572,-0.15474184
O=Cc1cc(C=O)cc(C=O)c1,CC(C)=O,283.15,-0.855389088940968,-0.40512368
O=Cc1cc(C=O)cc(C=O)c1,CC#N,303.15,-0.720952451706632,-0.08113538
O=Cc1cc(C=O)cc(C=O)c1,CO,308.15,-0.604113475478365,-0.55434275
O=Cc1cc(C=O)cc(C=O)c1,CC(C)=O,288.15,-0.807799199577207,-0.34128785
O=Cc1cc(C=O)cc(C=O)c1,CC#N,308.15,-0.669571244856127,-0.009221047
O=Cc1cc(C=O)cc(C=O)c1,CO,313.15,-0.526054999611838,-0.46783197
O=Cc1cc(C=O)cc(C=O)c1,CC(C)=O,293.15,-0.739950558560691,-0.2804066
O=Cc1cc(C=O)cc(C=O)c1,C1COCCO1,288.15,-0.790276972205811,-0.21832913
O=Cc1cc(C=O)cc(C=O)c1,CC#N,313.15,-0.590065762068293,0.062489003
O=Cc1cc(C=O)cc(C=O)c1,CO,318.15,-0.463224172557099,-0.3827598
O=Cc1cc(C=O)cc(C=O)c1,CC(C)=O,298.15,-0.680002291368935,-0.22134241
O=Cc1cc(C=O)cc(C=O)c1,CC#N,318.15,-0.543225814374605,0.13324615
O=Cc1cc(C=O)cc(C=O)c1,CO,323.15,-0.417590285176452,-0.29912773
O=Cc1cc(C=O)cc(C=O)c1,C1COCCO1,293.15,-0.707834414638758,-0.16223419
O=Cc1cc(C=O)cc(C=O)c1,CC#N,323.15,-0.480662025137837,0.20385106
O=Cc1cc(C=O)cc(C=O)c1,CC(C)=O,303.15,-0.582294639057965,-0.16398299
O=Cc1cc(C=O)cc(C=O)c1,C1COCCO1,298.15,-0.60894513070371,-0.107646674
O=Cc1cc(C=O)cc(C=O)c1,CC(C)=O,308.15,-0.503814784277808,-0.108393
O=Cc1cc(C=O)cc(C=O)c1,C1COCCO1,303.15,-0.52753009969757,-0.05462247
O=Cc1cc(C=O)cc(C=O)c1,CC(C)=O,313.15,-0.44373662394409,-0.054271802
O=Cc1cc(C=O)cc(C=O)c1,C1COCCO1,308.15,-0.464855757469255,-0.0019812286
O=Cc1cc(C=O)cc(C=O)c1,CC(C)=O,318.15,-0.38067594542796,-0.0009829998
O=Cc1cc(C=O)cc(C=O)c1,C1COCCO1,313.15,-0.39851749529872,0.049742475
O=Cc1cc(C=O)cc(C=O)c1,CC(C)=O,323.15,-0.325036940576242,0.050841257
O=Cc1cc(C=O)cc(C=O)c1,C1COCCO1,318.15,-0.355587388099985,0.10112703
O=Cc1cc(C=O)cc(C=O)c1,C1COCCO1,323.15,-0.313854272394223,0.1515361
O=C(O)[C@@H]1C[C@@H](O)CN1,COC(C)=O,283.15,-3.71697683693432,-2.0440924
O=C(O)[C@@H]1C[C@@H](O)CN1,CC#N,288.15,-3.19700858961572,-2.3355482
O=C(O)[C@@H]1C[C@@H](O)CN1,CC(C)O,283.15,-3.33405143501708,-2.203563
O=C(O)[C@@H]1C[C@@H](O)CN1,CCC(C)O,283.15,-3.37925240246568,-2.3014076
O=C(O)[C@@H]1C[C@@H](O)CN1,COC(C)=O,288.15,-3.29680479196114,-1.9688716
O=C(O)[C@@H]1C[C@@H](O)CN1,CCC(C)=O,283.15,-3.30279950562224,-2.2806368
O=C(O)[C@@H]1C[C@@H](O)CN1,CCCCCO,283.15,-3.23022162769654,-2.2173116
O=C(O)[C@@H]1C[C@@H](O)CN1,CC#N,293.15,-2.90582395763363,-2.245562
O=C(O)[C@@H]1C[C@@H](O)CN1,CCCO,283.15,-3.04962061389432,-2.0222118
O=C(O)[C@@H]1C[C@@H](O)CN1,CC(C)O,288.15,-3.04804463652802,-2.1106498
O=C(O)[C@@H]1C[C@@H](O)CN1,CCC(C)O,288.15,-3.12859454546357,-2.199791
O=C(O)[C@@H]1C[C@@H](O)CN1,CC(C)CO,283.15,-3.12261327749387,-2.202985
O=C(O)[C@@H]1C[C@@H](O)CN1,CCO,283.15,-2.91613043167328,-1.8019919
O=C(O)[C@@H]1C[C@@H](O)CN1,CCC(C)=O,288.15,-3.05137203925314,-2.198155
O=C(O)[C@@H]1C[C@@H](O)CN1,COC(C)=O,293.15,-2.9992805339684,-1.8950641
O=C(O)[C@@H]1C[C@@H](O)CN1,CC(C)CO,288.15,-3.0496596332425,-2.1052814
O=C(O)[C@@H]1C[C@@H](O)CN1,CCCCCO,288.15,-3.10762876560941,-2.1089525
O=C(O)[C@@H]1C[C@@H](O)CN1,CCCCO,283.15,-3.01265756066611,-2.1623302
O=C(O)[C@@H]1C[C@@H](O)CN1,CCC(C)O,293.15,-3.00900654548943,-2.1015682
O=C(O)[C@@H]1C[C@@H](O)CN1,CC(C)CO,293.15,-2.97871599338918,-2.010038
O=C(O)[C@@H]1C[C@@H](O)CN1,CC(C)O,293.15,-2.88746661961473,-2.0172412
O=C(O)[C@@H]1C[C@@H](O)CN1,CCCCO,288.15,-2.95918517848739,-2.0710893
O=C(O)[C@@H]1C[C@@H](O)CN1,CC#N,298.15,-2.70476048291039,-2.1575437
O=C(O)[C@@H]1C[C@@H](O)CN1,CCO,288.15,-2.72613213562903,-1.7184045
O=C(O)[C@@H]1C[C@@H](O)CN1,CCCO,288.15,-2.83388645358834,-1.9296087
O=C(O)[C@@H]1C[C@@H](O)CN1,CC(C)CO,298.15,-2.91235901142448,-1.9154999
O=C(O)[C@@H]1C[C@@H](O)CN1,CCCCCO,293.15,-2.9770753153974,-2.00375
O=C(O)[C@@H]1C[C@@H](O)CN1,COC(C)=O,298.15,-2.83660566038155,-1.8236717
O=C(O)[C@@H]1C[C@@H](O)CN1,CC(C)O,298.15,-2.80892971121805,-1.9267836
O=C(O)[C@@H]1C[C@@H](O)CN1,CCCCO,293.15,-2.87489712672544,-1.9812806
O=C(O)[C@@H]1C[C@@H](O)CN1,CCCO,293.15,-2.77315620676444,-1.8377545
O=C(O)[C@@H]1C[C@@H](O)CN1,CO,283.15,-2.49779739347855,-1.3580029
O=C(O)[C@@H]1C[C@@H](O)CN1,CCC(C)=O,293.15,-2.84454770795241,-2.118221
O=C(O)[C@@H]1C[C@@H](O)CN1,CCC(C)O,298.15,-2.85339735323647,-2.0050352
O=C(O)[C@@H]1C[C@@H](O)CN1,ClCCl,283.15,-2.66885402565132,-3.3646035
O=C(O)[C@@H]1C[C@@H](O)CN1,CCCCCO,298.15,-2.88280083446037,-1.9010241
O=C(O)[C@@H]1C[C@@H](O)CN1,CCCCO,298.15,-2.80882586378437,-1.8930314
O=C(O)[C@@H]1C[C@@H](O)CN1,CC(C)CO,303.15,-2.8142125859756,-1.8221045
O=C(O)[C@@H]1C[C@@H](O)CN1,CCO,293.15,-2.6045348492582,-1.6364495
O=C(O)[C@@H]1C[C@@H](O)CN1,CC#N,303.15,-2.56107642748831,-2.07216
O=C(O)[C@@H]1C[C@@H](O)CN1,CO,288.15,-2.43107430075456,-1.2895403
O=C(O)[C@@H]1C[C@@H](O)CN1,COC(C)=O,303.15,-2.72425215714999,-1.7536322
O=C(O)[C@@H]1C[C@@H](O)CN1,CCCO,298.15,-2.68733096870615,-1.7471236
O=C(O)[C@@H]1C[C@@H](O)CN1,CC(C)O,303.15,-2.70055873139582,-1.8385165
O=C(O)[C@@H]1C[C@@H](O)CN1,CCC(C)O,303.15,-2.74755402168098,-1.9091244
O=C(O)[C@@H]1C[C@@H](O)CN1,CCCCCO,303.15,-2.80747066274618,-1.8016508
O=C(O)[C@@H]1C[C@@H](O)CN1,CO,293.15,-2.37365521704435,-1.2221477
O=C(O)[C@@H]1C[C@@H](O)CN1,CCCCO,303.15,-2.70781599460651,-1.8076197
O=C(O)[C@@H]1C[C@@H](O)CN1,CC#N,308.15,-2.45884579452933,-1.9896734
O=C(O)[C@@H]1C[C@@H](O)CN1,CCO,298.15,-2.49409907195377,-1.5564449
O=C(O)[C@@H]1C[C@@H](O)CN1,CC(C)CO,308.15,-2.69512174676367,-1.7308922
O=C(O)[C@@H]1C[C@@H](O)CN1,CCC(C)=O,298.15,-2.67442517393796,-2.0395358
O=C(O)[C@@H]1C[C@@H](O)CN1,CCCO,303.15,-2.57007008115346,-1.6574727
O=C(O)[C@@H]1C[C@@H](O)CN1,CC(C)O,308.15,-2.58110191567778,-1.7503017
O=C(O)[C@@H]1C[C@@H](O)CN1,CCC(C)O,308.15,-2.6582437047095,-1.8149567
O=C(O)[C@@H]1C[C@@H](O)CN1,CO,298.15,-2.2803524887238,-1.1560292
O=C(O)[C@@H]1C[C@@H](O)CN1,CCCCCO,308.15,-2.70751115753991,-1.7046887
O=C(O)[C@@H]1C[C@@H](O)CN1,CCCCO,308.15,-2.62722218990293,-1.7225516
O=C(O)[C@@H]1C[C@@H](O)CN1,COC(C)=O,308.15,-2.57181843543615,-1.684736
O=C(O)[C@@H]1C[C@@H](O)CN1,ClCCl,288.15,-2.45443303435389,-3.2855437
O=C(O)[C@@H]1C[C@@H](O)CN1,CC(C)CO,313.15,-2.62728091943152,-1.6414351
O=C(O)[C@@H]1C[C@@H](O)CN1,CCO,303.15,-2.41651775760094,-1.4767674
O=C(O)[C@@H]1C[C@@H](O)CN1,CC#N,313.15,-2.37715426230421,-1.9085072
O=C(O)[C@@H]1C[C@@H](O)CN1,CCC(C)O,313.15,-2.58320682811833,-1.7248843
O=C(O)[C@@H]1C[C@@H](O)CN1,CO,303.15,-2.2084912521799,-1.0904199
O=C(O)[C@@H]1C[C@@H](O)CN1,CCCO,308.15,-2.47699029189249,-1.5678859
O=C(O)[C@@H]1C[C@@H](O)CN1,CC(C)O,313.15,-2.4882620960721,-1.664137
O=C(O)[C@@H]1C[C@@H](O)CN1,CC(C)CO,318.15,-2.5557348751902,-1.5532119
O=C(O)[C@@H]1C[C@@H](O)CN1,CCCCO,313.15,-2.54826403865244,-1.6382015
O=C(O)[C@@H]1C[C@@H](O)CN1,CC#N,318.15,-2.30769771799133,-1.8294941
O=C(O)[C@@H]1C[C@@H](O)CN1,CCO,308.15,-2.33678615300181,-1.3980972
O=C(O)[C@@H]1C[C@@H](O)CN1,COC(C)=O,313.15,-2.46772257040229,-1.6181237
O=C(O)[C@@H]1C[C@@H](O)CN1,CCC(C)=O,303.15,-2.51021281119562,-1.961072
O=C(O)[C@@H]1C[C@@H](O)CN1,CO,308.15,-2.14911123810908,-1.0248578
O=C(O)[C@@H]1C[C@@H](O)CN1,CCC(C)O,318.15,-2.50796789591358,-1.6373831
O=C(O)[C@@H]1C[C@@H](O)CN1,CC(C)CO,323.15,-2.49918654570315,-1.4682181
O=C(O)[C@@H]1C[C@@H](O)CN1,CCCO,313.15,-2.39903551084105,-1.479787
O=C(O)[C@@H]1C[C@@H](O)CN1,CC(C)O,318.15,-2.40476282091275,-1.5805087
O=C(O)[C@@H]1C[C@@H](O)CN1,CCO,313.15,-2.27979905988729,-1.3203168
O=C(O)[C@@H]1C[C@@H](O)CN1,ClCCl,293.15,-2.30616155392041,-3.2073267
O=C(O)[C@@H]1C[C@@H](O)CN1,CC#N,323.15,-2.23936529925176,-1.7503862
O=C(O)[C@@H]1C[C@@H](O)CN1,CCCCO,318.15,-2.47241841998968,-1.555584
O=C(O)[C@@H]1C[C@@H](O)CN1,CCCCCO,313.15,-2.5354035190121,-1.6121161
O=C(O)[C@@H]1C[C@@H](O)CN1,CCC(C)O,323.15,-2.47086616002669,-1.5521685
O=C(O)[C@@H]1C[C@@H](O)CN1,CO,313.15,-2.10115251796983,-0.95920503
O=C(O)[C@@H]1C[C@@H](O)CN1,COC(C)=O,318.15,-2.39913037097301,-1.553792
O=C(O)[C@@H]1C[C@@H](O)CN1,CC(C)CO,328.15,-2.44075191674181,-1.3844643
O=C(O)[C@@H]1C[C@@H](O)CN1,CCCO,318.15,-2.334378670413,-1.3957026
O=C(O)[C@@H]1C[C@@H](O)CN1,CC#N,328.15,-2.18765787410965,-1.6720203
O=C(O)[C@@H]1C[C@@H](O)CN1,CC(C)O,323.15,-2.34186670670851,-1.5002358
O=C(O)[C@@H]1C[C@@H](O)CN1,CCCCO,323.15,-2.41567101439905,-1.4750787
O=C(O)[C@@H]1C[C@@H](O)CN1,CCC(C)O,328.15,-2.41767809281857,-1.4685404
O=C(O)[C@@H]1C[C@@H](O)CN1,CCO,318.15,-2.20265374186924,-1.2449937
O=C(O)[C@@H]1C[C@@H](O)CN1,CCC(C)=O,308.15,-2.37815286291169,-1.8840208
O=C(O)[C@@H]1C[C@@H](O)CN1,CC(C)CO,333.15,-2.39871784110806,-1.3011662
O=C(O)[C@@H]1C[C@@H](O)CN1,COC(C)=O,323.15,-2.3203097643303,-1.4909585
O=C(O)[C@@H]1C[C@@H](O)CN1,CO,318.15,-2.01049195697824,-0.89350647
O=C(O)[C@@H]1C[C@@H](O)CN1,CCC(C)O,333.15,-2.37308323727644,-1.385917
O=C(O)[C@@H]1C[C@@H](O)CN1,CCCO,323.15,-2.27457178405836,-1.3142548
O=C(O)[C@@H]1C[C@@H](O)CN1,C1COCCO1,288.15,-2.31436620850819,-1.4612026
O=C(O)[C@@H]1C[C@@H](O)CN1,ClCCl,298.15,-2.18511023538382,-3.1299236
O=C(O)[C@@H]1C[C@@H](O)CN1,CC#N,333.15,-2.12603481769867,-1.5950952
O=C(O)[C@@H]1C[C@@H](O)CN1,CC(C)O,328.15,-2.27930714608383,-1.4211618
O=C(O)[C@@H]1C[C@@H](O)CN1,CCCCO,328.15,-2.35345581572185,-1.3958106
O=C(O)[C@@H]1C[C@@H](O)CN1,CCO,323.15,-2.14863017662511,-1.1721262
O=C(O)[C@@H]1C[C@@H](O)CN1,CCOC(C)=O,283.15,-2.32660413247876,-2.455109
O=C(O)[C@@H]1C[C@@H](O)CN1,CCCO,328.15,-2.23018679404494,-1.2340304
O=C(O)[C@@H]1C[C@@H](O)CN1,COC(C)=O,328.15,-2.24996875690113,-1.4302179
O=C(O)[C@@H]1C[C@@H](O)CN1,CCC(C)=O,313.15,-2.27913980316652,-1.8090932
O=C(O)[C@@H]1C[C@@H](O)CN1,CCCCCO,318.15,-2.35637631881659,-1.5235515
O=C(O)[C@@H]1C[C@@H](O)CN1,CC(C)O,333.15,-2.21044501489052,-1.3422855
O=C(O)[C@@H]1C[C@@H](O)CN1,CCCCO,333.15,-2.28008621410701,-1.3176495
O=C(O)[C@@H]1C[C@@H](O)CN1,CCCO,333.15,-2.19115484464609,-1.1536659
O=C(O)[C@@H]1C[C@@H](O)CN1,ClCCl,303.15,-2.09914617315398,-3.053617
O=C(O)[C@@H]1C[C@@H](O)CN1,CCO,328.15,-2.076836715787,-1.100641
O=C(O)[C@@H]1C[C@@H](O)CN1,CO,323.15,-1.90218976627082,-0.8284713
O=C(O)[C@@H]1C[C@@H](O)CN1,CCO,333.15,-2.03101617229729,-1.031178
O=C(O)[C@@H]1C[C@@H](O)CN1,CCC(C)=O,318.15,-2.18637859291029,-1.7360152
O=C(O)[C@@H]1C[C@@H](O)CN1,ClCCl,308.15,-2.02236171629733,-2.9793751
O=C(O)[C@@H]1C[C@@H](O)CN1,CCCCCO,323.15,-2.24796311983501,-1.437584
O=C(O)[C@@H]1C[C@@H](O)CN1,C1COCCO1,293.15,-2.13024550142064,-1.382831
O=C(O)[C@@H]1C[C@@H](O)CN1,CO,328.15,-1.81042187196199,-0.7638003
O=C(O)[C@@H]1C[C@@H](O)CN1,CCOC(C)=O,288.15,-2.17236834468147,-2.3723443
O=C(O)[C@@H]1C[C@@H](O)CN1,CCC(C)=O,323.15,-2.10974971259186,-1.6643375
O=C(O)[C@@H]1C[C@@H](O)CN1,CO,333.15,-1.7337656716835,-0.69928735
O=C(O)[C@@H]1C[C@@H](O)CN1,CCCCCO,328.15,-2.13016681999335,-1.3530645
O=C(O)[C@@H]1C[C@@H](O)CN1,C1COCCO1,298.15,-2.00255883878498,-1.3063815
O=C(O)[C@@H]1C[C@@H](O)CN1,CCOC(C)=O,293.15,-2.05397316338977,-2.2917647
O=C(O)[C@@H]1C[C@@H](O)CN1,CCC(C)=O,328.15,-2.03481304248048,-1.5932796
O=C(O)[C@@H]1C[C@@H](O)CN1,CC(C)=O,283.15,-1.89440297412374,-2.1996596
O=C(O)[C@@H]1C[C@@H](O)CN1,CCC(C)=O,333.15,-1.97047989663199,-1.5234083
O=C(O)[C@@H]1C[C@@H](O)CN1,CCCCCO,333.15,-2.01041462767027,-1.2714705
O=C(O)[C@@H]1C[C@@H](O)CN1,CCOC(C)=O,298.15,-1.95644762292296,-2.2145648
O=C(O)[C@@H]1C[C@@H](O)CN1,C1COCCO1,303.15,-1.90207579967036,-1.2318057
O=C(O)[C@@H]1C[C@@H](O)CN1,CC(C)=O,288.15,-1.82137798518935,-2.1229315
O=C(O)[C@@H]1C[C@@H](O)CN1,C1COCCO1,308.15,-1.8210805016959,-1.1598833
O=C(O)[C@@H]1C[C@@H](O)CN1,CCOC(C)=O,303.15,-1.87626100191539,-2.139101
O=C(O)[C@@H]1C[C@@H](O)CN1,CC(C)=O,293.15,-1.72180874477574,-2.0483835
O=C(O)[C@@H]1C[C@@H](O)CN1,C1COCCO1,313.15,-1.75436676575487,-1.0904253
O=C(O)[C@@H]1C[C@@H](O)CN1,CC(C)=O,298.15,-1.65466509262094,-1.9761564
O=C(O)[C@@H]1C[C@@H](O)CN1,CCOC(C)=O,308.15,-1.77584484951178,-2.0645838
O=C(O)[C@@H]1C[C@@H](O)CN1,C1COCCO1,318.15,-1.6924035428917,-1.0235054
O=C(O)[C@@H]1C[C@@H](O)CN1,CCOC(C)=O,313.15,-1.72220074640176,-1.9913721
O=C(O)[C@@H]1C[C@@H](O)CN1,C1COCCO1,323.15,-1.63407148786963,-0.9590584
O=C(O)[C@@H]1C[C@@H](O)CN1,CC(C)=O,303.15,-1.55804758032557,-1.9069178
O=C(O)[C@@H]1C[C@@H](O)CN1,CCOC(C)=O,318.15,-1.64746468886611,-1.9191139
O=C(O)[C@@H]1C[C@@H](O)CN1,CC(C)=O,308.15,-1.5029616700291,-1.8400347
O=C(O)[C@@H]1C[C@@H](O)CN1,C1COCCO1,328.15,-1.56947111792098,-0.8965373
O=C(O)[C@@H]1C[C@@H](O)CN1,CCOC(C)=O,323.15,-1.58903404167632,-1.8486481
O=C(O)[C@@H]1C[C@@H](O)CN1,C1COCCO1,333.15,-1.51184402137626,-0.8342416
O=C(O)[C@@H]1C[C@@H](O)CN1,CC(C)=O,313.15,-1.43371565539111,-1.774556
O=C(O)[C@@H]1C[C@@H](O)CN1,CCOC(C)=O,328.15,-1.51286034877748,-1.7785748
O=C(O)[C@@H]1C[C@@H](O)CN1,CC(C)=O,318.15,-1.37445905910059,-1.7118587
O=C(O)[C@@H]1C[C@@H](O)CN1,CCOC(C)=O,333.15,-1.43479288330314,-1.7091837
O=C(O)[C@@H]1C[C@@H](O)CN1,CC(C)=O,323.15,-1.29936901743279,-1.6513317
O=C(O)[C@@H]1C[C@@H](O)CN1,CC(C)=O,328.15,-1.24109927960533,-1.5921391
O=C(O)[C@@H]1C[C@@H](O)CN1,O,283.15,0.425009079338141,-1.9207234
O=C(O)[C@@H]1C[C@@H](O)CN1,O,288.15,0.44296362466558,-1.8435142
O=C(O)[C@@H]1C[C@@H](O)CN1,O,293.15,0.458219950963018,-1.7667391
O=C(O)[C@@H]1C[C@@H](O)CN1,O,298.15,0.474663759767583,-1.6915035
O=C(O)[C@@H]1C[C@@H](O)CN1,O,303.15,0.49077778501906,-1.6183863
O=C(O)[C@@H]1C[C@@H](O)CN1,O,308.15,0.509332657268577,-1.5484992
O=C(O)[C@@H]1C[C@@H](O)CN1,O,313.15,0.523416109075722,-1.4798735
O=C(O)[C@@H]1C[C@@H](O)CN1,O,318.15,0.535786096380729,-1.4112206
O=C(O)[C@@H]1C[C@@H](O)CN1,O,323.15,0.553065746367969,-1.3427477
O=C(O)[C@@H]1C[C@@H](O)CN1,O,328.15,0.564313584003569,-1.274461
O=C(O)[C@@H]1C[C@@H](O)CN1,O,333.15,0.593893334461884,-1.2072188
C[C@H]1[C@H](C)CC[C@]2(C(=O)O)CC[C@]3(C)C(=CC[C@@H]4[C@@]5(C)CC[C@H](O)C(C)(C)[C@@H]5CC[C@]43C)[C@H]12,CC(=O)CC(C)C,278.2,-2.11504203289932,-2.3862934
C[C@H]1[C@H](C)CC[C@]2(C(=O)O)CC[C@]3(C)C(=CC[C@@H]4[C@@]5(C)CC[C@H](O)C(C)(C)[C@@H]5CC[C@]43C)[C@H]12,CC(=O)CC(C)C,283.2,-2.07531386516824,-2.3279645
C[C@H]1[C@H](C)CC[C@]2(C(=O)O)CC[C@]3(C)C(=CC[C@@H]4[C@@]5(C)CC[C@H](O)C(C)(C)[C@@H]5CC[C@]43C)[C@H]12,CC(=O)CC(C)C,288.2,-2.06742171179632,-2.2686405
C[C@H]1[C@H](C)CC[C@]2(C(=O)O)CC[C@]3(C)C(=CC[C@@H]4[C@@]5(C)CC[C@H](O)C(C)(C)[C@@H]5CC[C@]43C)[C@H]12,CC(=O)CC(C)C,293.2,-2.05907702455514,-2.2092988
C[C@H]1[C@H](C)CC[C@]2(C(=O)O)CC[C@]3(C)C(=CC[C@@H]4[C@@]5(C)CC[C@H](O)C(C)(C)[C@@H]5CC[C@]43C)[C@H]12,CC(=O)CC(C)C,298.2,-1.99288396431983,-2.15209
C[C@H]1[C@H](C)CC[C@]2(C(=O)O)CC[C@]3(C)C(=CC[C@@H]4[C@@]5(C)CC[C@H](O)C(C)(C)[C@@H]5CC[C@]43C)[C@H]12,CC(=O)CC(C)C,303.2,-1.99420140963165,-2.094833
C[C@H]1[C@H](C)CC[C@]2(C(=O)O)CC[C@]3(C)C(=CC[C@@H]4[C@@]5(C)CC[C@H](O)C(C)(C)[C@@H]5CC[C@]43C)[C@H]12,CC(=O)CC(C)C,308.2,-1.9285353144117,-2.0382307
C[C@H]1[C@H](C)CC[C@]2(C(=O)O)CC[C@]3(C)C(=CC[C@@H]4[C@@]5(C)CC[C@H](O)C(C)(C)[C@@H]5CC[C@]43C)[C@H]12,CCCCO,278.2,-1.76869343982094,-2.146871
C[C@H]1[C@H](C)CC[C@]2(C(=O)O)CC[C@]3(C)C(=CC[C@@H]4[C@@]5(C)CC[C@H](O)C(C)(C)[C@@H]5CC[C@]43C)[C@H]12,COC(C)(C)C,278.2,-1.84262727913247,-2.6753953
C[C@H]1[C@H](C)CC[C@]2(C(=O)O)CC[C@]3(C)C(=CC[C@@H]4[C@@]5(C)CC[C@H](O)C(C)(C)[C@@H]5CC[C@]43C)[C@H]12,CCCCO,283.2,-1.73167838833896,-2.0860405
C[C@H]1[C@H](C)CC[C@]2(C(=O)O)CC[C@]3(C)C(=CC[C@@H]4[C@@]5(C)CC[C@H](O)C(C)(C)[C@@H]5CC[C@]43C)[C@H]12,CC(=O)CC(C)C,313.2,-1.87707012362016,-1.9819943
CC1(C)CC[C@]2(C(=O)O)CC[C@]3(C)C(=CC[C@@H]4[C@@]5(C)CC[C@H](O)C(C)(C)[C@@H]5CC[C@]43C)[C@@H]2C1,CC(=O)CC(C)C,278.2,-1.85154410307053,-2.5188062
C[C@H]1[C@H](C)CC[C@]2(C(=O)O)CC[C@]3(C)C(=CC[C@@H]4[C@@]5(C)CC[C@H](O)C(C)(C)[C@@H]5CC[C@]43C)[C@H]12,COC(C)(C)C,283.2,-1.82678472628859,-2.619322
C[C@H]1[C@H](C)CC[C@]2(C(=O)O)CC[C@]3(C)C(=CC[C@@H]4[C@@]5(C)CC[C@H](O)C(C)(C)[C@@H]5CC[C@]43C)[C@H]12,CC(=O)CC(C)C,318.2,-1.84322824249233,-1.926323
CC1(C)CC[C@]2(C(=O)O)CC[C@]3(C)C(=CC[C@@H]4[C@@]5(C)CC[C@H](O)C(C)(C)[C@@H]5CC[C@]43C)[C@@H]2C1,CCCCO,278.2,-1.68439643190812,-2.2415423
CC1(C)CC[C@]2(C(=O)O)CC[C@]3(C)C(=CC[C@@H]4[C@@]5(C)CC[C@H](O)C(C)(C)[C@@H]5CC[C@]43C)[C@@H]2C1,CC(=O)CC(C)C,283.2,-1.79075007161494,-2.4526105
C[C@H]1[C@H](C)CC[C@]2(C(=O)O)CC[C@]3(C)C(=CC[C@@H]4[C@@]5(C)CC[C@H](O)C(C)(C)[C@@H]5CC[C@]43C)[C@H]12,COC(C)(C)C,288.2,-1.74958079793063,-2.5646076
CC1(C)CC[C@]2(C(=O)O)CC[C@]3(C)C(=CC[C@@H]4[C@@]5(C)CC[C@H](O)C(C)(C)[C@@H]5CC[C@]43C)[C@@H]2C1,CC(=O)CC(C)C,288.2,-1.76757407345707,-2.3863661
CC1(C)CC[C@]2(C(=O)O)CC[C@]3(C)C(=CC[C@@H]4[C@@]5(C)CC[C@H](O)C(C)(C)[C@@H]5CC[C@]43C)[C@@H]2C1,CC(=O)CC(C)C,293.2,-1.76830570809784,-2.320483
CC1(C)CC[C@]2(C(=O)O)CC[C@]3(C)C(=CC[C@@H]4[C@@]5(C)CC[C@H](O)C(C)(C)[C@@H]5CC[C@]43C)[C@@H]2C1,CCCCO,283.2,-1.61401840856931,-2.174674
CC1(C)CC[C@]2(C(=O)O)CC[C@]3(C)C(=CC[C@@H]4[C@@]5(C)CC[C@H](O)C(C)(C)[C@@H]5CC[C@]43C)[C@@H]2C1,CCCCO,288.2,-1.61153983067474,-2.1110396
C[C@H]1[C@H](C)CC[C@]2(C(=O)O)CC[C@]3(C)C(=CC[C@@H]4[C@@]5(C)CC[C@H](O)C(C)(C)[C@@H]5CC[C@]43C)[C@H]12,CCCCO,288.2,-1.60396634739877,-2.028126
CC1(C)CC[C@]2(C(=O)O)CC[C@]3(C)C(=CC[C@@H]4[C@@]5(C)CC[C@H](O)C(C)(C)[C@@H]5CC[C@]43C)[C@@H]2C1,CC(=O)CC(C)C,298.2,-1.73633147638894,-2.2555914
C[C@H]1[C@H](C)CC[C@]2(C(=O)O)CC[C@]3(C)C(=CC[C@@H]4[C@@]5(C)CC[C@H](O)C(C)(C)[C@@H]5CC[C@]43C)[C@H]12,COC(C)(C)C,293.2,-1.67800415255564,-2.5115547
CC1(C)CC[C@]2(C(=O)O)CC[C@]3(C)C(=CC[C@@H]4[C@@]5(C)CC[C@H](O)C(C)(C)[C@@H]5CC[C@]43C)[C@@H]2C1,CCCCO,293.2,-1.56404930942223,-2.0501626
CC1(C)CC[C@]2(C(=O)O)CC[C@]3(C)C(=CC[C@@H]4[C@@]5(C)CC[C@H](O)C(C)(C)[C@@H]5CC[C@]43C)[C@@H]2C1,CC(=O)CC(C)C,303.2,-1.68151474380511,-2.1930068
CC1(C)CC[C@]2(C(=O)O)CC[C@]3(C)C(=CC[C@@H]4[C@@]5(C)CC[C@H](O)C(C)(C)[C@@H]5CC[C@]43C)[C@@H]2C1,CCCCO,298.2,-1.53891900536903,-1.9906795
C[C@H]1[C@H](C)CC[C@]2(C(=O)O)CC[C@]3(C)C(=CC[C@@H]4[C@@]5(C)CC[C@H](O)C(C)(C)[C@@H]5CC[C@]43C)[C@H]12,CCCCO,293.2,-1.53545673397365,-1.97361
C[C@H]1[C@H](C)CC[C@]2(C(=O)O)CC[C@]3(C)C(=CC[C@@H]4[C@@]5(C)CC[C@H](O)C(C)(C)[C@@H]5CC[C@]43C)[C@H]12,COC(C)(C)C,298.2,-1.61489278153156,-2.4595673
C[C@H]1[C@H](C)CC[C@]2(C(=O)O)CC[C@]3(C)C(=CC[C@@H]4[C@@]5(C)CC[C@H](O)C(C)(C)[C@@H]5CC[C@]43C)[C@H]12,COC(C)(C)C,303.2,-1.6009567963458,-2.4084415
C[C@H]1[C@H](C)CC[C@]2(C(=O)O)CC[C@]3(C)C(=CC[C@@H]4[C@@]5(C)CC[C@H](O)C(C)(C)[C@@H]5CC[C@]43C)[C@H]12,COC(C)(C)C,308.2,-1.60497971833175,-2.359226
C[C@H]1[C@H](C)CC[C@]2(C(=O)O)CC[C@]3(C)C(=CC[C@@H]4[C@@]5(C)CC[C@H](O)C(C)(C)[C@@H]5CC[C@]43C)[C@H]12,COC(C)(C)C,313.2,-1.61125024788132,-2.3102221
CC1(C)CC[C@]2(C(=O)O)CC[C@]3(C)C(=CC[C@@H]4[C@@]5(C)CC[C@H](O)C(C)(C)[C@@H]5CC[C@]43C)[C@@H]2C1,CC(=O)CC(C)C,308.2,-1.59782926456075,-2.131941
C[C@H]1[C@H](C)CC[C@]2(C(=O)O)CC[C@]3(C)C(=CC[C@@H]4[C@@]5(C)CC[C@H](O)C(C)(C)[C@@H]5CC[C@]43C)[C@H]12,CCCCO,298.2,-1.43571559392005,-1.9215015
C[C@H]1[C@H](C)CC[C@]2(C(=O)O)CC[C@]3(C)C(=CC[C@@H]4[C@@]5(C)CC[C@H](O)C(C)(C)[C@@H]5CC[C@]43C)[C@H]12,COC(C)(C)C,318.2,-1.59221007017633,-2.260843
CC1(C)CC[C@]2(C(=O)O)CC[C@]3(C)C(=CC[C@@H]4[C@@]5(C)CC[C@H](O)C(C)(C)[C@@H]5CC[C@]43C)[C@@H]2C1,CC(=O)CC(C)C,313.2,-1.55017097376662,-2.071649
CC1(C)CC[C@]2(C(=O)O)CC[C@]3(C)C(=CC[C@@H]4[C@@]5(C)CC[C@H](O)C(C)(C)[C@@H]5CC[C@]43C)[C@@H]2C1,COC(C)(C)C,278.2,-1.50918830337403,-2.8042538
CC1(C)CC[C@]2(C(=O)O)CC[C@]3(C)C(=CC[C@@H]4[C@@]5(C)CC[C@H](O)C(C)(C)[C@@H]5CC[C@]43C)[C@@H]2C1,CCCCO,303.2,-1.39578325557803,-1.9322056
C[C@H]1[C@H](C)CC[C@]2(C(=O)O)CC[C@]3(C)C(=CC[C@@H]4[C@@]5(C)CC[C@H](O)C(C)(C)[C@@H]5CC[C@]43C)[C@H]12,CCCCO,303.2,-1.3766507633053,-1.8706908
CC1(C)CC[C@]2(C(=O)O)CC[C@]3(C)C(=CC[C@@H]4[C@@]5(C)CC[C@H](O)C(C)(C)[C@@H]5CC[C@]43C)[C@@H]2C1,COC(C)(C)C,283.2,-1.47983107589025,-2.7390707
CC1(C)CC[C@]2(C(=O)O)CC[C@]3(C)C(=CC[C@@H]4[C@@]5(C)CC[C@H](O)C(C)(C)[C@@H]5CC[C@]43C)[C@@H]2C1,CCCCO,308.2,-1.37156958075532,-1.8750885
CC1(C)CC[C@]2(C(=O)O)CC[C@]3(C)C(=CC[C@@H]4[C@@]5(C)CC[C@H](O)C(C)(C)[C@@H]5CC[C@]43C)[C@@H]2C1,COC(C)(C)C,288.2,-1.45943536496507,-2.675384
C[C@H]1[C@H](C)CC[C@]2(C(=O)O)CC[C@]3(C)C(=CC[C@@H]4[C@@]5(C)CC[C@H](O)C(C)(C)[C@@H]5CC[C@]43C)[C@H]12,CCCCO,308.2,-1.3521527501767,-1.8211075
CC1(C)CC[C@]2(C(=O)O)CC[C@]3(C)C(=CC[C@@H]4[C@@]5(C)CC[C@H](O)C(C)(C)[C@@H]5CC[C@]43C)[C@@H]2C1,COC(C)(C)C,293.2,-1.45452176695408,-2.6132202
CC1(C)CC[C@]2(C(=O)O)CC[C@]3(C)C(=CC[C@@H]4[C@@]5(C)CC[C@H](O)C(C)(C)[C@@H]5CC[C@]43C)[C@@H]2C1,COC(C)(C)C,298.2,-1.44812679329909,-2.5533533
CC1(C)CC[C@]2(C(=O)O)CC[C@]3(C)C(=CC[C@@H]4[C@@]5(C)CC[C@H](O)C(C)(C)[C@@H]5CC[C@]43C)[C@@H]2C1,COC(C)(C)C,303.2,-1.45948869922258,-2.4960454
CC1(C)CC[C@]2(C(=O)O)CC[C@]3(C)C(=CC[C@@H]4[C@@]5(C)CC[C@H](O)C(C)(C)[C@@H]5CC[C@]43C)[C@@H]2C1,CC(=O)CC(C)C,318.2,-1.47740931696145,-2.011172
C[C@H]1[C@H](C)CC[C@]2(C(=O)O)CC[C@]3(C)C(=CC[C@@H]4[C@@]5(C)CC[C@H](O)C(C)(C)[C@@H]5CC[C@]43C)[C@H]12,CCCCO,313.2,-1.29996475213246,-1.7720084
CC1(C)CC[C@]2(C(=O)O)CC[C@]3(C)C(=CC[C@@H]4[C@@]5(C)CC[C@H](O)C(C)(C)[C@@H]5CC[C@]43C)[C@@H]2C1,COC(C)(C)C,308.2,-1.41959210077718,-2.4396152
C[C@H]1[C@H](C)CC[C@]2(C(=O)O)CC[C@]3(C)C(=CC[C@@H]4[C@@]5(C)CC[C@H](O)C(C)(C)[C@@H]5CC[C@]43C)[C@H]12,CCCCO,318.2,-1.26763984696064,-1.7226179
CC1(C)CC[C@]2(C(=O)O)CC[C@]3(C)C(=CC[C@@H]4[C@@]5(C)CC[C@H](O)C(C)(C)[C@@H]5CC[C@]43C)[C@@H]2C1,CCCCO,313.2,-1.25867581280592,-1.8189969
CC1(C)CC[C@]2(C(=O)O)CC[C@]3(C)C(=CC[C@@H]4[C@@]5(C)CC[C@H](O)C(C)(C)[C@@H]5CC[C@]43C)[C@@H]2C1,CCCCO,318.2,-1.2283174822762,-1.7632573
CC1(C)CC[C@]2(C(=O)O)CC[C@]3(C)C(=CC[C@@H]4[C@@]5(C)CC[C@H](O)C(C)(C)[C@@H]5CC[C@]43C)[C@@H]2C1,COC(C)(C)C,313.2,-1.34938073494746,-2.383837
CC1(C)CC[C@]2(C(=O)O)CC[C@]3(C)C(=CC[C@@H]4[C@@]5(C)CC[C@H](O)C(C)(C)[C@@H]5CC[C@]43C)[C@@H]2C1,COC(C)(C)C,318.2,-1.32179107193798,-2.3280125
O=C(O)c1ccccc1,O=C(OCc1ccccc1)c1ccccc1,288.15,-0.441320163149635,0.22710167
O=C(O)c1ccccc1,O=C(OCc1ccccc1)c1ccccc1,293.15,-0.33848767228481,0.27044314
O=C(O)c1ccccc1,O=C(OCc1ccccc1)c1ccccc1,298.15,-0.233066209765722,0.31345826
O=C(O)c1ccccc1,CC(=O)OCc1ccccc1,288.15,-0.028094075020083,0.1539341
O=C(O)c1ccccc1,O=C(OCc1ccccc1)c1ccccc1,303.15,-3.13849283421731,0.3556109
O=C(O)c1ccccc1,CC(=O)OCc1ccccc1,293.15,0.025548965415276,0.19929908
O=C(O)c1ccccc1,O=C(OCc1ccccc1)c1ccccc1,308.15,-0.071400043732367,0.3972423
O=C(O)c1ccccc1,OCc1ccccc1,288.15,0.20272718218598,0.25322717
O=C(O)c1ccccc1,CC(=O)OCc1ccccc1,298.15,0.074538557616055,0.24420731
O=C(O)c1ccccc1,CC(=O)OCc1ccccc1,303.15,0.11362257349446,0.28883582
O=C(O)c1ccccc1,OCc1ccccc1,293.15,0.258756436557423,0.30995315
O=C(O)c1ccccc1,O=C(OCc1ccccc1)c1ccccc1,313.15,-0.004700637572574,0.43937808
O=C(O)c1ccccc1,OCc1ccccc1,298.15,0.291664044784231,0.3665337
O=C(O)c1ccccc1,CC(=O)OCc1ccccc1,308.15,0.177160920745374,0.33243483
O=C(O)c1ccccc1,O=C(OCc1ccccc1)c1ccccc1,318.15,0.078527374382836,0.48173678
O=C(O)c1ccccc1,OCc1ccccc1,303.15,0.348692754457901,0.42317015
O=C(O)c1ccccc1,CC(=O)OCc1ccccc1,313.15,0.232157113449581,0.37543237
O=C(O)c1ccccc1,O=C(OCc1ccccc1)c1ccccc1,323.15,0.15199986355614,0.52379173
O=C(O)c1ccccc1,OCc1ccccc1,308.15,0.416666715317457,0.47974217
O=C(O)c1ccccc1,CC(=O)OCc1ccccc1,318.15,0.305435479840567,0.41859645
O=C(O)c1ccccc1,OCc1ccccc1,313.15,0.46434394970005,0.5358752
O=C(O)c1ccccc1,O=C(OCc1ccccc1)c1ccccc1,328.15,0.234951819111746,0.5658353
O=C(O)c1ccccc1,CC(=O)OCc1ccccc1,323.15,0.362996675301431,0.46230602
O=C(O)c1ccccc1,OCc1ccccc1,318.15,0.531720607739493,0.5916293
O=C(O)c1ccccc1,OCc1ccccc1,323.15,0.583715320316793,0.6474498
O=C(O)c1ccccc1,CC(=O)OCc1ccccc1,328.15,0.450844434757871,0.50655234
O=C(O)c1ccccc1,OCc1ccccc1,328.15,0.630983738866527,0.70397764
NC(=O)[C@@H]1CCCN1,CCCCCC,278.15,-3.32885894885814,-3.4238968
NC(=O)[C@@H]1CCCN1,C1CCCCC1,278.15,-3.24771397595765,-3.7268157
NC(=O)[C@@H]1CCCN1,CCCCCC,283.15,-3.15594775422273,-3.2923763
NC(=O)[C@@H]1CCCN1,C1CCCCC1,283.15,-3.0741110261559,-3.6079795
NC(=O)[C@@H]1CCCN1,C1CCCCC1,288.15,-2.88473624817715,-3.4893148
NC(=O)[C@@H]1CCCN1,CCCCCC,288.15,-2.93692309616013,-3.1616137
NC(=O)[C@@H]1CCCN1,C1CCCCC1,293.15,-2.69097090756801,-3.370562
NC(=O)[C@@H]1CCCN1,CCCCCC,293.15,-2.75400878679677,-3.033263
NC(=O)[C@@H]1CCCN1,CCCCCCC,278.15,-2.75900663261804,-2.6332448
NC(=O)[C@@H]1CCCN1,CCCCCC,298.15,-2.61338845836934,-2.9068105
NC(=O)[C@@H]1CCCN1,C1CCCCC1,298.15,-2.52793806362027,-3.2519476
NC(=O)[C@@H]1CCCN1,CCCCCCC,283.15,-2.60337635750124,-2.5124688
NC(=O)[C@@H]1CCCN1,CCCCCCC,288.15,-2.47224944166426,-2.3931634
NC(=O)[C@@H]1CCCN1,CCCCCC,303.15,-2.41387879239967,-2.7814684
NC(=O)[C@@H]1CCCN1,C1CCCCC1,303.15,-2.33092785172081,-3.1325932
NC(=O)[C@@H]1CCCN1,CCCCCCC,293.15,-2.33275281198479,-2.2752442
NC(=O)[C@@H]1CCCN1,CCCCCC,308.15,-2.23832981457772,-2.656591
NC(=O)[C@@H]1CCCN1,C1CCCCC1,308.15,-2.14343372944437,-3.013918
NC(=O)[C@@H]1CCCN1,CCCCCCC,298.15,-2.18279894110344,-2.159947
NC(=O)[C@@H]1CCCN1,CCCCCC,313.15,-2.07781158876462,-2.5334277
NC(=O)[C@@H]1CCCN1,C1CCCCC1,313.15,-1.95013895917298,-2.8949249
NC(=O)[C@@H]1CCCN1,CCCCCCC,303.15,-2.05340546562657,-2.046659
NC(=O)[C@@H]1CCCN1,CCCCCC,318.15,-1.92922612465867,-2.4136043
NC(=O)[C@@H]1CCCN1,C1CCCCC1,318.15,-1.81565845636958,-2.7764814
NC(=O)[C@@H]1CCCN1,CCCCCCC,308.15,-1.91817388847519,-1.9367057
NC(=O)[C@@H]1CCCN1,CCCCCC,323.15,-1.807248528766,-2.2975483
NC(=O)[C@@H]1CCCN1,C1CCCCC1,323.15,-1.68502318019022,-2.6597729
NC(=O)[C@@H]1CCCN1,CCCCCCC,313.15,-1.79768423317878,-1.8291805
NC(=O)[C@@H]1CCCN1,CCCCCCC,318.15,-1.69583739693673,-1.7241216
NC(=O)[C@@H]1CCCN1,CCCCCCC,323.15,-1.57814152000087,-1.6210452
NC(=O)[C@@H]1CCCN1,CCOC(C)=O,278.15,-0.850454397800249,-2.294044
NC(=O)[C@@H]1CCCN1,CCOC(C)=O,283.15,-0.724115858156409,-2.197591
NC(=O)[C@@H]1CCCN1,CCOC(C)=O,288.15,-0.592375608201952,-2.1027763
NC(=O)[C@@H]1CCCN1,CCOC(C)=O,293.15,-0.478432786730053,-2.010828
NC(=O)[C@@H]1CCCN1,CCOC(C)=O,298.15,-0.347974945440083,-1.9212145
NC(=O)[C@@H]1CCCN1,CN(C)C=O,278.15,-0.235588914892274,-1.3409827
NC(=O)[C@@H]1CCCN1,CCCO,278.15,-0.177064896607822,-1.5249658
NC(=O)[C@@H]1CCCN1,CC(C)O,278.15,-0.125901366692142,-2.0150347
NC(=O)[C@@H]1CCCN1,CCOC(C)=O,303.15,-0.23182684318837,-1.8331363
NC(=O)[C@@H]1CCCN1,CC#N,278.15,0.060377754827651,-1.9142447
NC(=O)[C@@H]1CCCN1,CN(C)C=O,283.15,-0.093787802818941,-1.2595508
NC(=O)[C@@H]1CCCN1,CCCO,283.15,-0.066872294706206,-1.4305761
NC(=O)[C@@H]1CCCN1,CC(C)O,283.15,-0.059591462523545,-1.9195166
NC(=O)[C@@H]1CCCN1,C1CCOC1,278.15,-0.080611643577923,-1.5513062
NC(=O)[C@@H]1CCCN1,CC#N,283.15,0.116401374646085,-1.8155661
NC(=O)[C@@H]1CCCN1,CC(C)=O,278.15,-0.01900113670251,-2.0857089
NC(=O)[C@@H]1CCCN1,CCOC(C)=O,308.15,-0.114863029405791,-1.7462174
NC(=O)[C@@H]1CCCN1,CC#N,288.15,0.180577893645487,-1.718922
NC(=O)[C@@H]1CCCN1,C1CCOC1,283.15,0.004294634292636,-1.4717996
NC(=O)[C@@H]1CCCN1,C1CCOC1,283.15,0.004294634292636,-1.4717996
NC(=O)[C@@H]1CCCN1,CCCO,288.15,0.039683252831998,-1.3394343
NC(=O)[C@@H]1CCCN1,CN(C)C=O,288.15,0.030134644596855,-1.179739
NC(=O)[C@@H]1CCCN1,CC(C)=O,283.15,0.067527147951703,-2.0033782
NC(=O)[C@@H]1CCCN1,CC(C)O,288.15,0.055878932444671,-1.8262366
NC(=O)[C@@H]1CCCN1,C1CCOC1,283.15,0.03745102070295,-1.4717996
NC(=O)[C@@H]1CCCN1,C1CCOC1,283.15,0.03745102070295,-1.4717996
NC(=O)[C@@H]1CCCN1,CC#N,293.15,0.242488186854913,-1.623325
NC(=O)[C@@H]1CCCN1,C1CCOC1,288.15,0.079861218620916,-1.3943576
NC(=O)[C@@H]1CCCN1,C1CCOC1,288.15,0.079861218620916,-1.3943576
NC(=O)[C@@H]1CCCN1,C1CCOC1,288.15,0.101650537664627,-1.3943576
NC(=O)[C@@H]1CCCN1,C1CCOC1,288.15,0.101650537664627,-1.3943576
NC(=O)[C@@H]1CCCN1,CCOC(C)=O,313.15,0.007474466350065,-1.6625324
NC(=O)[C@@H]1CCCN1,CCCO,293.15,0.138939217736145,-1.2502433
NC(=O)[C@@H]1CCCN1,CC#N,298.15,0.304139314501432,-1.5302403
NC(=O)[C@@H]1CCCN1,CC(C)=O,288.15,0.161890988812357,-1.921545
NC(=O)[C@@H]1CCCN1,CN(C)C=O,293.15,0.147729599773029,-1.1007806
NC(=O)[C@@H]1CCCN1,CC(C)O,293.15,0.16024302043088,-1.7361355
NC(=O)[C@@H]1CCCN1,CC#N,303.15,0.347420573788668,-1.439368
NC(=O)[C@@H]1CCCN1,C1CCOC1,293.15,0.170138526953765,-1.3186789
NC(=O)[C@@H]1CCCN1,CCCO,298.15,0.222470041477904,-1.163853
NC(=O)[C@@H]1CCCN1,CC(C)=O,293.15,0.239813841376263,-1.8397303
NC(=O)[C@@H]1CCCN1,CC#N,308.15,0.38969324094732,-1.350707
NC(=O)[C@@H]1CCCN1,CCOC(C)=O,318.15,0.135252924630196,-1.5798857
NC(=O)[C@@H]1CCCN1,CN(C)C=O,298.15,0.259447412864609,-1.0231075
NC(=O)[C@@H]1CCCN1,CC(C)O,298.15,0.271801291634649,-1.6499403
NC(=O)[C@@H]1CCCN1,CC#N,313.15,0.431271908454545,-1.2648934
NC(=O)[C@@H]1CCCN1,C1CCOC1,298.15,0.263376643763792,-1.2436367
NC(=O)[C@@H]1CCCN1,C1CCOC1,298.15,0.263376643763792,-1.2436367
NC(=O)[C@@H]1CCCN1,CCCO,303.15,0.29615510149737,-1.0803478
NC(=O)[C@@H]1CCCN1,CC(C)=O,298.15,0.316294249408862,-1.7589202
NC(=O)[C@@H]1CCCN1,C1CCOC1,298.15,0.289392307431307,-1.2436367
NC(=O)[C@@H]1CCCN1,C1CCOC1,298.15,0.289392307431307,-1.2436367
NC(=O)[C@@H]1CCCN1,CC#N,318.15,0.468291879181594,-1.182298
NC(=O)[C@@H]1CCCN1,CC#N,323.15,0.501354705962712,-1.1025885
NC(=O)[C@@H]1CCCN1,CC(C)O,303.15,0.367856859419968,-1.5667849
NC(=O)[C@@H]1CCCN1,CC(C)=O,303.15,0.389908079170948,-1.6793851
NC(=O)[C@@H]1CCCN1,CCOC(C)=O,323.15,0.25350646100353,-1.4999183
NC(=O)[C@@H]1CCCN1,C1CCOC1,303.15,0.351458610605225,-1.1713299
NC(=O)[C@@H]1CCCN1,CN(C)C=O,303.15,0.375778106599138,-0.9457172
NC(=O)[C@@H]1CCCN1,CCCO,308.15,0.399426082218827,-1.0009472
NC(=O)[C@@H]1CCCN1,CC(C)=O,308.15,0.456788744695542,-1.6004095
NC(=O)[C@@H]1CCCN1,C1CCOC1,308.15,0.449018419145755,-1.0993545
NC(=O)[C@@H]1CCCN1,CC(C)O,308.15,0.478120330561152,-1.4868114
NC(=O)[C@@H]1CCCN1,CN(C)C=O,308.15,0.48939116540448,-0.8684049
NC(=O)[C@@H]1CCCN1,CC(C)=O,313.15,0.519145047420877,-1.5231054
NC(=O)[C@@H]1CCCN1,CC(C)=O,313.15,0.519145047420877,-1.5231054
NC(=O)[C@@H]1CCCN1,CCCO,313.15,0.527664854633351,-0.92456377
NC(=O)[C@@H]1CCCN1,CC(C)=O,313.15,0.543677866326788,-1.5231054
NC(=O)[C@@H]1CCCN1,CC(C)=O,313.15,0.543677866326788,-1.5231054
NC(=O)[C@@H]1CCCN1,C1CCOC1,313.15,0.539788272905302,-1.0294089
NC(=O)[C@@H]1CCCN1,C1CCOC1,313.15,0.539788272905302,-1.0294089
NC(=O)[C@@H]1CCCN1,CC(C)=O,318.15,0.580821623872014,-1.4464287
NC(=O)[C@@H]1CCCN1,CC(C)=O,318.15,0.580821623872014,-1.4464287
NC(=O)[C@@H]1CCCN1,C1CCOC1,313.15,0.549941235847776,-1.0294089
NC(=O)[C@@H]1CCCN1,C1CCOC1,313.15,0.549941235847776,-1.0294089
NC(=O)[C@@H]1CCCN1,CC(C)=O,318.15,0.589920271621747,-1.4464287
NC(=O)[C@@H]1CCCN1,CC(C)=O,318.15,0.589920271621747,-1.4464287
NC(=O)[C@@H]1CCCN1,CC(C)O,313.15,0.581000365556703,-1.4091349
NC(=O)[C@@H]1CCCN1,CN(C)C=O,313.15,0.599276684089445,-0.7927393
NC(=O)[C@@H]1CCCN1,CC(C)=O,323.15,0.642737440773419,-1.3710499
NC(=O)[C@@H]1CCCN1,CCCO,318.15,0.659172798143046,-0.85083866
NC(=O)[C@@H]1CCCN1,CC(C)O,318.15,0.693307825517804,-1.3333242
NC(=O)[C@@H]1CCCN1,C1CCOC1,318.15,0.682047993019167,-0.961354
NC(=O)[C@@H]1CCCN1,CN(C)C=O,318.15,0.709381976673135,-0.717115
NC(=O)[C@@H]1CCCN1,CCCO,323.15,0.801243433477627,-0.77797997
NC(=O)[C@@H]1CCCN1,CN(C)C=O,323.15,0.825433297901527,-0.64419085
NC(=O)[C@@H]1CCCN1,CC(C)O,323.15,0.841451346995606,-1.2571572
NC(=O)[C@@H]1CCCN1,C1CCOC1,323.15,0.82838287186831,-0.89539075
CC(=O)NCC(=O)O,CC#N,283.15,-2.36935282980879,-1.2905906
CC(=O)NCC(=O)O,CC#N,283.15,-2.36935282980879,-1.2905906
CC(=O)NCC(=O)O,CC#N,288.15,-2.31748826558151,-1.219436
CC(=O)NCC(=O)O,CC#N,288.15,-2.31748826558151,-1.219436
CC(=O)NCC(=O)O,CC#N,293.15,-2.2415139817239,-1.1497772
CC(=O)NCC(=O)O,CC#N,293.15,-2.2415139817239,-1.1497772
CC(=O)NCC(=O)O,CC#N,298.15,-2.1847399435844,-1.0810412
CC(=O)NCC(=O)O,CC#N,298.15,-2.1847399435844,-1.0810412
CC(=O)NCC(=O)O,CC#N,303.15,-2.11359172411132,-1.0136439
CC(=O)NCC(=O)O,CC#N,303.15,-2.11359172411132,-1.0136439
CC(=O)NCC(=O)O,CC#N,308.15,-2.00475405042999,-0.9480463
CC(=O)NCC(=O)O,CC#N,308.15,-2.00475405042999,-0.9480463
CC(=O)NCC(=O)O,CC#N,313.15,-1.93243696047442,-0.88310647
CC(=O)NCC(=O)O,CC#N,313.15,-1.93243696047442,-0.88310647
CC(=O)NCC(=O)O,CC(C)=O,283.15,-2.00613520713573,-0.8218955
CC(=O)NCC(=O)O,CC#N,318.15,-1.87547408003006,-0.818468
CC(=O)NCC(=O)O,CC#N,318.15,-1.87547408003006,-0.818468
CC(=O)NCC(=O)O,CC(C)=O,288.15,-1.97846364505281,-0.7752659
CC(=O)NCC(=O)O,CC(C)=O,293.15,-1.9382037913762,-0.73076326
CC(=O)NCC(=O)O,CC(C)=O,298.15,-1.90903419902332,-0.687477
CC(=O)NCC(=O)O,CC#N,323.15,-1.75648492075704,-0.7542578
CC(=O)NCC(=O)O,CC#N,323.15,-1.75648492075704,-0.7542578
CC(=O)NCC(=O)O,CC(C)=O,303.15,-1.86764245610391,-0.64456195
CC(=O)NCC(=O)O,CC(C)=O,308.15,-1.82111121134842,-0.6024295
CC(=O)NCC(=O)O,CC#N,328.15,-1.67974333128632,-0.69117856
CC(=O)NCC(=O)O,CC#N,328.15,-1.67974333128632,-0.69117856
CC(=O)NCC(=O)O,C1COCCO1,288.15,-1.83618207398558,-0.32721853
CC(=O)NCC(=O)O,CCCCCO,283.15,-1.91241336556013,-1.2275915
CC(=O)NCC(=O)O,CC(C)=O,313.15,-1.76003090202136,-0.5609881
CC(=O)NCC(=O)O,C1COCCO1,293.15,-1.81135573910752,-0.27126634
CC(=O)NCC(=O)O,CC#N,333.15,-1.60735847989028,-0.62813956
CC(=O)NCC(=O)O,CC#N,333.15,-1.60735847989028,-0.62813956
CC(=O)NCC(=O)O,C1COCCO1,298.15,-1.76026819914512,-0.2160395
CC(=O)NCC(=O)O,CC(C)CO,283.15,-1.7682477238014,-0.9220021
CC(=O)NCC(=O)O,CC(C)=O,318.15,-1.68649882828674,-0.51937443
CC(=O)NCC(=O)O,C1COCCO1,303.15,-1.73554394964377,-0.16221415
CC(=O)NCC(=O)O,CCCCCO,288.15,-1.80798151273244,-1.1455164
CC(=O)NCC(=O)O,C1COCCO1,308.15,-1.69854175489834,-0.10888982
CC(=O)NCC(=O)O,CC(C)CO,288.15,-1.72295425534214,-0.8434213
CC(=O)NCC(=O)O,CCCO,283.15,-1.595841240145,-0.8232745
CC(=O)NCC(=O)O,CC(C)=O,323.15,-1.60810038994349,-0.4779798
CC(=O)NCC(=O)O,C1COCCO1,313.15,-1.65859957504645,-0.05598803
CC(=O)NCC(=O)O,CCCCO,283.15,-1.66053249727803,-1.065881
CC(=O)NCC(=O)O,C1COCCO1,318.15,-1.6374674603558,-0.0036817938
CC(=O)NCC(=O)O,CC(C)CO,293.15,-1.65629465310846,-0.76634586
CC(=O)NCC(=O)O,CCCCO,288.15,-1.63984274123947,-0.9858548
CC(=O)NCC(=O)O,CC(C)O,283.15,-1.55603985130046,-0.75336224
CC(=O)NCC(=O)O,CC(C)=O,328.15,-1.55387275367447,-0.4363476
CC(=O)NCC(=O)O,C1COCCO1,323.15,-1.606623080205,0.047903538
CC(=O)NCC(=O)O,CCCO,288.15,-1.52463069934863,-0.7441325
CC(=O)NCC(=O)O,CCCCCO,293.15,-1.68573228197606,-1.0660417
CC(=O)NCC(=O)O,CCCCO,293.15,-1.59725927517617,-0.9079616
CC(=O)NCC(=O)O,CCCCO,293.15,-1.59725927517617,-0.9079616
CC(=O)NCC(=O)O,CC(C)CO,298.15,-1.59562545679964,-0.6905811
CC(=O)NCC(=O)O,CCC(C)O,283.15,-1.58034459842991,-0.979976
CC(=O)NCC(=O)O,C1COCCO1,328.15,-1.5597201591256,0.09842795
CC(=O)NCC(=O)O,CC(C)O,288.15,-1.48277675578806,-0.6772749
CC(=O)NCC(=O)O,CCC(C)O,288.15,-1.5553662144172,-0.8964623
CC(=O)NCC(=O)O,CCCCCO,298.15,-1.62579766832373,-0.98752964
CC(=O)NCC(=O)O,C1COCCO1,333.15,-1.53369483659511,0.14864346
CC(=O)NCC(=O)O,CCCCO,298.15,-1.54340038461915,-0.83155704
CC(=O)NCC(=O)O,CCCO,293.15,-1.45480613378321,-0.66626126
CC(=O)NCC(=O)O,CCCO,293.15,-1.45480613378321,-0.66626126
CC(=O)NCC(=O)O,CCO,283.15,-1.3183612502761,-0.5660002
CC(=O)NCC(=O)O,CCC(C)O,293.15,-1.51335973795673,-0.81485796
CC(=O)NCC(=O)O,CC(C)O,293.15,-1.42966613460849,-0.6029085
CC(=O)NCC(=O)O,CC(C)O,293.15,-1.42966613460849,-0.6029085
CC(=O)NCC(=O)O,CC(C)CO,303.15,-1.50445210366452,-0.61685103
CC(=O)NCC(=O)O,CCC(C)O,298.15,-1.47984724143968,-0.7339645
CC(=O)NCC(=O)O,CCCCCO,303.15,-1.54881078733756,-0.9102155
CC(=O)NCC(=O)O,CCCO,298.15,-1.37303050799466,-0.5902608
CC(=O)NCC(=O)O,CCCCO,303.15,-1.45067024296395,-0.75642496
CC(=O)NCC(=O)O,CC(C)CO,308.15,-1.44974002983667,-0.54349446
CC(=O)NCC(=O)O,CCO,288.15,-1.23128925734195,-0.49572986
CC(=O)NCC(=O)O,CC(C)O,298.15,-1.34181099282334,-0.52948606
CC(=O)NCC(=O)O,CCCO,303.15,-1.33181457944463,-0.5172619
CC(=O)NCC(=O)O,CCC(C)O,303.15,-1.39957511068427,-0.65507865
CC(=O)NCC(=O)O,CCCCCO,308.15,-1.46976040948349,-0.8342918
CC(=O)NCC(=O)O,O,283.15,-0.663102237990897,-1.1122965
CC(=O)NCC(=O)O,CCCCO,308.15,-1.36287203104597,-0.6824788
CC(=O)NCC(=O)O,CC(C)CO,313.15,-1.35534982099482,-0.4709503
CC(=O)NCC(=O)O,CC(C)O,303.15,-1.2688179120653,-0.4574908
CC(=O)NCC(=O)O,CCO,293.15,-1.14632188095236,-0.42707172
CC(=O)NCC(=O)O,CCO,293.15,-1.14632188095236,-0.42707172
CC(=O)NCC(=O)O,CCCCCO,313.15,-1.42177367340828,-0.7606187
CC(=O)NCC(=O)O,CCC(C)O,308.15,-1.33181487746143,-0.57784337
CC(=O)NCC(=O)O,CCCO,308.15,-1.23813679430676,-0.4455425
CC(=O)NCC(=O)O,CO,283.15,-0.952635592345021,-0.34488535
CC(=O)NCC(=O)O,CO,283.15,-0.952635592345021,-0.34488535
CC(=O)NCC(=O)O,O,288.15,-0.585353470803218,-1.0397967
CC(=O)NCC(=O)O,CC(C)CO,318.15,-1.30380152813814,-0.4006897
CC(=O)NCC(=O)O,CCCCO,313.15,-1.28838254936811,-0.60939753
CC(=O)NCC(=O)O,CCCCCO,318.15,-1.3575251978257,-0.68818474
CC(=O)NCC(=O)O,CCO,298.15,-1.0700819005041,-0.35991752
CC(=O)NCC(=O)O,CC(C)O,308.15,-1.18283107309177,-0.38902205
CC(=O)NCC(=O)O,CCCCO,318.15,-1.24913263469394,-0.53830093
CC(=O)NCC(=O)O,CCC(C)O,313.15,-1.24771166500595,-0.5016682
CC(=O)NCC(=O)O,CO,288.15,-0.878566095835668,-0.2804739
CC(=O)NCC(=O)O,CO,288.15,-0.878566095835668,-0.2804739
CC(=O)NCC(=O)O,CCCO,313.15,-1.15054227099267,-0.3748737
CC(=O)NCC(=O)O,CCCCCO,323.15,-1.30975546400041,-0.6177558
CC(=O)NCC(=O)O,O,293.15,-0.519140938691238,-0.96971816
CC(=O)NCC(=O)O,CC(C)CO,323.15,-1.21998638091455,-0.33300596
CC(=O)NCC(=O)O,CC(C)O,313.15,-1.11712659135104,-0.32230988
CC(=O)NCC(=O)O,CCCCO,323.15,-1.19036270825229,-0.46959874
CC(=O)NCC(=O)O,CCCO,318.15,-1.09285182525437,-0.30641258
CC(=O)NCC(=O)O,CCO,303.15,-0.974575662717723,-0.29365462
CC(=O)NCC(=O)O,CO,293.15,-0.805890822691504,-0.21726552
CC(=O)NCC(=O)O,CO,293.15,-0.805890822691504,-0.21726552
CC(=O)NCC(=O)O,CO,293.15,-0.805890822691504,-0.21726552
CC(=O)NCC(=O)O,O,298.15,-0.449711636799244,-0.900399
CC(=O)NCC(=O)O,CCC(C)O,318.15,-1.16722543375381,-0.4272347
CC(=O)NCC(=O)O,CCCCCO,328.15,-1.22401023607697,-0.54846
CC(=O)NCC(=O)O,CC(C)CO,328.15,-1.14168577722684,-0.26730657
CC(=O)NCC(=O)O,CC(C)O,318.15,-1.05726436826495,-0.2570803
CC(=O)NCC(=O)O,CCO,308.15,-0.92667149447488,-0.22856845
CC(=O)NCC(=O)O,CCCCO,328.15,-1.1242012103709,-0.4026075
CC(=O)NCC(=O)O,CCCO,323.15,-1.02345762981304,-0.23900348
CC(=O)NCC(=O)O,CCC(C)O,323.15,-1.1089132146853,-0.35453153
CC(=O)NCC(=O)O,CO,298.15,-0.730086334020374,-0.15512095
CC(=O)NCC(=O)O,CO,298.15,-0.730086334020374,-0.15512095
CC(=O)NCC(=O)O,O,303.15,-0.364622737623326,-0.8318915
CC(=O)NCC(=O)O,CCCCCO,333.15,-1.12885380353218,-0.48118138
CC(=O)NCC(=O)O,CC(C)O,323.15,-0.986200357369597,-0.19278987
CC(=O)NCC(=O)O,CC(C)CO,333.15,-1.0671565208128,-0.20293966
CC(=O)NCC(=O)O,CCC(C)O,328.15,-1.05896449586927,-0.2835645
CC(=O)NCC(=O)O,CCO,313.15,-0.849941546363224,-0.16476312
CC(=O)NCC(=O)O,O,308.15,-0.315675390085623,-0.7645425
CC(=O)NCC(=O)O,CCCCO,333.15,-1.03580822832489,-0.3367819
CC(=O)NCC(=O)O,CCCO,328.15,-0.945079824580529,-0.17384662
CC(=O)NCC(=O)O,CC(C)O,328.15,-0.929021003490841,-0.12957199
CC(=O)NCC(=O)O,CO,303.15,-0.628838320273599,-0.09434517
CC(=O)NCC(=O)O,CO,303.15,-0.628838320273599,-0.09434517
CC(=O)NCC(=O)O,CCO,318.15,-0.796690236038102,-0.10216868
CC(=O)NCC(=O)O,CCCO,333.15,-0.881828847916807,-0.1111266
CC(=O)NCC(=O)O,CCC(C)O,333.15,-0.971223545420376,-0.21535356
CC(=O)NCC(=O)O,O,313.15,-0.245269182806997,-0.69830346
CC(=O)NCC(=O)O,CO,308.15,-0.573563974281875,-0.036272928
CC(=O)NCC(=O)O,CO,308.15,-0.573563974281875,-0.036272928
CC(=O)NCC(=O)O,CCO,323.15,-0.74014264039288,-0.041414484
CC(=O)NCC(=O)O,CC(C)O,333.15,-0.857669129977967,-0.06810428
CC(=O)NCC(=O)O,O,318.15,-0.183892474037377,-0.6323835
CC(=O)NCC(=O)O,CO,313.15,-0.519820193015531,0.020466119
CC(=O)NCC(=O)O,CO,313.15,-0.519820193015531,0.020466119
CC(=O)NCC(=O)O,CCO,328.15,-0.67576388408839,0.01732716
CC(=O)NCC(=O)O,O,323.15,-0.10967167164129,-0.5679846
CC(=O)NCC(=O)O,CCO,333.15,-0.634721313087864,0.075221494
CC(=O)NCC(=O)O,CO,318.15,-0.454134970668163,0.07683991
CC(=O)NCC(=O)O,CO,318.15,-0.454134970668163,0.07683991
CC(=O)NCC(=O)O,O,328.15,-0.04512019362085,-0.50399196
CC(=O)NCC(=O)O,CO,323.15,-0.38514976785951,0.13229086
CC(=O)NCC(=O)O,CO,323.15,-0.38514976785951,0.13229086
CC(=O)NCC(=O)O,O,333.15,0.022903871601725,-0.43952167
CC(=O)NCC(=O)O,CO,328.15,-0.316280375185295,0.18612866
CC(=O)NCC(=O)O,CO,328.15,-0.316280375185295,0.18612866
CC(=O)NCC(=O)O,CO,333.15,-0.263325798466875,0.23896946
CC(=O)NCC(=O)O,CO,333.15,-0.263325798466875,0.23896946
OC1C(O)C(O)C(O)C(O)C1O,CC(C)=O,283.15,-4.39564024661193,-3.8139746
OC1C(O)C(O)C(O)C(O)C1O,CC(C)=O,288.15,-4.15318525806065,-3.732485
OC1C(O)C(O)C(O)C(O)C1O,CC(C)=O,293.15,-3.91069893030908,-3.6506476
OC1C(O)C(O)C(O)C(O)C1O,CC(C)=O,298.15,-3.74005184893097,-3.569661
OC1C(O)C(O)C(O)C(O)C1O,CC(C)=O,303.15,-3.64751889196869,-3.4889975
OC1C(O)C(O)C(O)C(O)C1O,CC(C)O,283.15,-3.62261314540665,-3.362482
OC1C(O)C(O)C(O)C(O)C1O,CC(C)O,288.15,-3.58987235712125,-3.2837462
OC1C(O)C(O)C(O)C(O)C1O,CO,283.15,-3.27613142020476,-2.7880857
OC1C(O)C(O)C(O)C(O)C1O,CC(C)O,293.15,-3.54408159503323,-3.207231
OC1C(O)C(O)C(O)C(O)C1O,CC(C)=O,308.15,-3.48091929146818,-3.409557
OC1C(O)C(O)C(O)C(O)C1O,CC(C)O,298.15,-3.46176291950076,-3.1334975
OC1C(O)C(O)C(O)C(O)C1O,CO,288.15,-3.15114756154478,-2.7233982
OC1C(O)C(O)C(O)C(O)C1O,CC(C)O,303.15,-3.4095667706784,-3.0610993
OC1C(O)C(O)C(O)C(O)C1O,CC(C)=O,313.15,-3.38259116708889,-3.3329654
OC1C(O)C(O)C(O)C(O)C1O,CC(C)O,308.15,-3.38120094263688,-2.9883847
OC1C(O)C(O)C(O)C(O)C1O,CC(C)O,313.15,-3.35061451278604,-2.9154086
OC1C(O)C(O)C(O)C(O)C1O,CO,293.15,-3.04216195183042,-2.6592114
OC1C(O)C(O)C(O)C(O)C1O,CC(C)=O,318.15,-3.29917089522224,-3.2593458
OC1C(O)C(O)C(O)C(O)C1O,CC(C)O,318.15,-3.30229182090852,-2.8430653
OC1C(O)C(O)C(O)C(O)C1O,CCO,283.15,-3.14592230608011,-2.9673007
OC1C(O)C(O)C(O)C(O)C1O,CCO,288.15,-3.14251545355904,-2.8958335
OC1C(O)C(O)C(O)C(O)C1O,CO,298.15,-2.96124071435421,-2.5960376
OC1C(O)C(O)C(O)C(O)C1O,CCO,293.15,-3.10698118181466,-2.826848
OC1C(O)C(O)C(O)C(O)C1O,CC(C)O,323.15,-3.23197469429116,-2.769493
OC1C(O)C(O)C(O)C(O)C1O,CCO,298.15,-3.07608735963947,-2.759884
OC1C(O)C(O)C(O)C(O)C1O,CO,303.15,-2.91630601827288,-2.5329556
OC1C(O)C(O)C(O)C(O)C1O,CCO,303.15,-3.01383532238087,-2.6948187
OC1C(O)C(O)C(O)C(O)C1O,CO,308.15,-2.8535706195251,-2.4712646
OC1C(O)C(O)C(O)C(O)C1O,CCO,308.15,-2.99279591035384,-2.6317472
OC1C(O)C(O)C(O)C(O)C1O,CO,313.15,-2.8061693297108,-2.411247
OC1C(O)C(O)C(O)C(O)C1O,CCO,313.15,-2.96253776618305,-2.5712314
OC1C(O)C(O)C(O)C(O)C1O,CO,318.15,-2.77259823596828,-2.351349
OC1C(O)C(O)C(O)C(O)C1O,CCO,318.15,-2.92186150982474,-2.51158
OC1C(O)C(O)C(O)C(O)C1O,CO,323.15,-2.74339100628772,-2.290926
OC1C(O)C(O)C(O)C(O)C1O,CCO,323.15,-2.89435178006941,-2.4517663
OC1C(O)C(O)C(O)C(O)C1O,O,283.15,-0.155067799653719,-3.3286052
OC1C(O)C(O)C(O)C(O)C1O,O,288.15,-0.10653209722539,-3.2550116
OC1C(O)C(O)C(O)C(O)C1O,O,293.15,-0.064475654879209,-3.1814384
OC1C(O)C(O)C(O)C(O)C1O,O,298.15,-0.019154344295608,-3.107861
OC1C(O)C(O)C(O)C(O)C1O,O,303.15,0.02698221049361,-3.0348413
OC1C(O)C(O)C(O)C(O)C1O,O,308.15,0.074009646171115,-2.9626536
OC1C(O)C(O)C(O)C(O)C1O,O,313.15,0.120678779418488,-2.8918667
OC1C(O)C(O)C(O)C(O)C1O,O,318.15,0.167097082144544,-2.8227658
OC1C(O)C(O)C(O)C(O)C1O,O,323.15,0.217731607390376,-2.7549043
CCOC(=O)[C@@H]1CSCN1.Cl,COC(C)=O,283.15,-3.3132745103354,-0.8936963
CCOC(=O)[C@@H]1CSCN1.Cl,CC(C)=O,283.15,-3.25745713594194,-0.523619
CCOC(=O)[C@@H]1CSCN1.Cl,CCC(C)=O,283.15,-3.33346962832752,-0.7101823
CCOC(=O)[C@@H]1CSCN1.Cl,COC(C)=O,293.15,-3.05727682421665,-0.7120684
CCOC(=O)[C@@H]1CSCN1.Cl,CCOC(C)=O,283.15,-2.971931218753,-1.2224456
CCOC(=O)[C@@H]1CSCN1.Cl,CCC(C)=O,293.15,-2.92238302117093,-0.5366081
CCOC(=O)[C@@H]1CSCN1.Cl,CC(C)=O,293.15,-2.80091926399008,-0.3538671
CCOC(=O)[C@@H]1CSCN1.Cl,COC(C)=O,303.15,-2.80858477043704,-0.53600407
CCOC(=O)[C@@H]1CSCN1.Cl,CCOC(C)=O,293.15,-2.78346311398779,-1.0214074
CCOC(=O)[C@@H]1CSCN1.Cl,CCC(C)=O,303.15,-2.70214177687383,-0.36955523
CCOC(=O)[C@@H]1CSCN1.Cl,COC(C)=O,313.15,-2.62850349572144,-0.3702811
CCOC(=O)[C@@H]1CSCN1.Cl,CCOC(C)=O,303.15,-2.66355695586124,-0.82764435
CCOC(=O)[C@@H]1CSCN1.Cl,CCOC(C)=O,313.15,-2.56572801717912,-0.6380382
CCOC(=O)[C@@H]1CSCN1.Cl,COC(C)=O,323.15,-2.48151454431718,-0.21225025
CCOC(=O)[C@@H]1CSCN1.Cl,CCC(C)=O,313.15,-2.48895104570793,-0.20563926
CCOC(=O)[C@@H]1CSCN1.Cl,CCOC(C)=O,323.15,-2.47017320523664,-0.45752755
CCOC(=O)[C@@H]1CSCN1.Cl,CC(C)=O,303.15,-2.32981057310526,-0.19394286
CCOC(=O)[C@@H]1CSCN1.Cl,CC#N,283.15,-2.10300370178612,-0.97103834
CCOC(=O)[C@@H]1CSCN1.Cl,CCC(C)=O,323.15,-2.33152386413023,-0.049956843
CCOC(=O)[C@@H]1CSCN1.Cl,C1COCCO1,288.15,-2.24951443636809,-0.583556
CCOC(=O)[C@@H]1CSCN1.Cl,C1COCCO1,293.15,-2.15654743623793,-0.49591774
CCOC(=O)[C@@H]1CSCN1.Cl,CCC(C)O,283.15,-2.07449093590308,-0.8986261
CCOC(=O)[C@@H]1CSCN1.Cl,CC(C)=O,313.15,-1.94350511330873,-0.04363574
CCOC(=O)[C@@H]1CSCN1.Cl,C1COCCO1,303.15,-1.99426762756528,-0.32456455
CCOC(=O)[C@@H]1CSCN1.Cl,CCC(C)O,293.15,-1.94831831161447,-0.6802111
CCOC(=O)[C@@H]1CSCN1.Cl,CC#N,293.15,-1.62235718769093,-0.7709323
CCOC(=O)[C@@H]1CSCN1.Cl,CCCCO,283.15,-1.80827287236262,-0.69594556
CCOC(=O)[C@@H]1CSCN1.Cl,CC(C)CO,283.15,-1.77500025673156,-0.85841775
CCOC(=O)[C@@H]1CSCN1.Cl,C1COCCO1,313.15,-1.74648366220214,-0.16002135
CCOC(=O)[C@@H]1CSCN1.Cl,CCC(C)O,303.15,-1.70591649813866,-0.47517163
CCOC(=O)[C@@H]1CSCN1.Cl,CC(C)=O,323.15,-1.61204017385983,0.10046685
CCOC(=O)[C@@H]1CSCN1.Cl,CC#N,303.15,-1.32351498213366,-0.57629085
CCOC(=O)[C@@H]1CSCN1.Cl,CC(C)CO,293.15,-1.55380199852123,-0.6596974
CCOC(=O)[C@@H]1CSCN1.Cl,C1COCCO1,323.15,-1.51935336132677,-0.0028467327
CCOC(=O)[C@@H]1CSCN1.Cl,CC(C)O,283.15,-1.44318413295276,-0.6974189
CCOC(=O)[C@@H]1CSCN1.Cl,CC(C)O,293.15,-1.3721327582333,-0.4948218
CCOC(=O)[C@@H]1CSCN1.Cl,CCC(C)O,313.15,-1.40800169207877,-0.2788332
CCOC(=O)[C@@H]1CSCN1.Cl,CCCCO,293.15,-1.3291258179435,-0.51726186
CCOC(=O)[C@@H]1CSCN1.Cl,CC#N,313.15,-1.07551151557543,-0.382367
CCOC(=O)[C@@H]1CSCN1.Cl,CCCO,283.15,-1.17793397998704,-0.6148614
CCOC(=O)[C@@H]1CSCN1.Cl,CC(C)O,303.15,-1.19403923345688,-0.29964632
CCOC(=O)[C@@H]1CSCN1.Cl,CC(C)CO,303.15,-1.27276227324652,-0.47057515
CCOC(=O)[C@@H]1CSCN1.Cl,ClCCl,283.15,-0.988553707216395,-1.5099144
CCOC(=O)[C@@H]1CSCN1.Cl,CC#N,323.15,-0.912817114016817,-0.19357724
CCOC(=O)[C@@H]1CSCN1.Cl,CCCO,293.15,-0.978254478037771,-0.43170083
CCOC(=O)[C@@H]1CSCN1.Cl,CC(C)O,313.15,-0.982813628073121,-0.11366357
CCOC(=O)[C@@H]1CSCN1.Cl,CC(C)CO,313.15,-1.06122696721712,-0.28939563
CCOC(=O)[C@@H]1CSCN1.Cl,CCCCO,303.15,-1.04361469912973,-0.34654063
CCOC(=O)[C@@H]1CSCN1.Cl,CCC(C)O,323.15,-1.00233802370692,-0.095936835
CCOC(=O)[C@@H]1CSCN1.Cl,CCO,283.15,-0.785617949439924,-0.39685452
CCOC(=O)[C@@H]1CSCN1.Cl,ClCCl,288.15,-0.794731999591522,-1.4323139
CCOC(=O)[C@@H]1CSCN1.Cl,CC(C)CO,323.15,-0.903049473681936,-0.11451469
CCOC(=O)[C@@H]1CSCN1.Cl,CCCO,303.15,-0.79506530700917,-0.26365602
CCOC(=O)[C@@H]1CSCN1.Cl,CCCCO,313.15,-0.872171661249231,-0.18032373
CCOC(=O)[C@@H]1CSCN1.Cl,CCO,293.15,-0.663276382392647,-0.22272475
CCOC(=O)[C@@H]1CSCN1.Cl,ClCCl,293.15,-0.687458838883105,-1.3559223
CCOC(=O)[C@@H]1CSCN1.Cl,CC(C)O,323.15,-0.774622553776979,0.06220214
CCOC(=O)[C@@H]1CSCN1.Cl,ClCCl,298.15,-0.596824469264885,-1.2804164
CCOC(=O)[C@@H]1CSCN1.Cl,CCCCO,323.15,-0.736355641367774,-0.019790068
CCOC(=O)[C@@H]1CSCN1.Cl,CCCO,313.15,-0.603257423671513,-0.10285224
CCOC(=O)[C@@H]1CSCN1.Cl,ClCCl,303.15,-0.528649485597847,-1.2071412
CCOC(=O)[C@@H]1CSCN1.Cl,CCO,303.15,-0.477598972920351,-0.061794385
CCOC(=O)[C@@H]1CSCN1.Cl,CCCO,323.15,-0.398727372971439,0.057292208
CCOC(=O)[C@@H]1CSCN1.Cl,CCO,313.15,-0.276964226536326,0.09111272
CCOC(=O)[C@@H]1CSCN1.Cl,CO,283.15,0.086211440318241,-0.15868822
CCOC(=O)[C@@H]1CSCN1.Cl,CCO,323.15,-0.087563199957969,0.23957504
CCOC(=O)[C@@H]1CSCN1.Cl,CO,293.15,0.212745830079925,0.0029716939
CCOC(=O)[C@@H]1CSCN1.Cl,O,283.15,0.698213352430064,-0.6705874
CCOC(=O)[C@@H]1CSCN1.Cl,CO,303.15,0.347650710997402,0.1536949
CCOC(=O)[C@@H]1CSCN1.Cl,O,293.15,0.807967650632838,-0.4937157
CCOC(=O)[C@@H]1CSCN1.Cl,CO,313.15,0.483588187495582,0.29748303
CCOC(=O)[C@@H]1CSCN1.Cl,O,303.15,0.893173368560028,-0.3235679
CCOC(=O)[C@@H]1CSCN1.Cl,CO,323.15,0.594967889317892,0.43211007
CCOC(=O)[C@@H]1CSCN1.Cl,O,313.15,0.982446318977052,-0.15523061
CCOC(=O)[C@@H]1CSCN1.Cl,O,323.15,1.10441905931409,0.007774055
CCOC(=O)N1CCC(=C2c3ccc(Cl)cc3CCc3cccnc32)CC1,CC#N,283.2,-1.23528625244654,-1.7457674
CCOC(=O)N1CCC(=C2c3ccc(Cl)cc3CCc3cccnc32)CC1,CC#N,288.25,-1.12922726123967,-1.6635637
CCOC(=O)N1CCC(=C2c3ccc(Cl)cc3CCc3cccnc32)CC1,CC#N,293.15,-1.03826211710113,-1.5837386
CCOC(=O)N1CCC(=C2c3ccc(Cl)cc3CCc3cccnc32)CC1,CC#N,298.15,-0.948162575811474,-1.5025795
CCOC(=O)N1CCC(=C2c3ccc(Cl)cc3CCc3cccnc32)CC1,CC(C)O,283.17,-1.03762245997069,-2.2164521
CCOC(=O)N1CCC(=C2c3ccc(Cl)cc3CCc3cccnc32)CC1,CC#N,303.15,-0.848622952604788,-1.4215422
CCOC(=O)N1CCC(=C2c3ccc(Cl)cc3CCc3cccnc32)CC1,CC(C)O,288.15,-0.932909445145204,-2.1301506
CCOC(=O)N1CCC(=C2c3ccc(Cl)cc3CCc3cccnc32)CC1,CC#N,308.75,-0.744044325728816,-1.3312533
CCOC(=O)N1CCC(=C2c3ccc(Cl)cc3CCc3cccnc32)CC1,CC(C)O,293.16,-0.824747873532118,-2.045034
CCOC(=O)N1CCC(=C2c3ccc(Cl)cc3CCc3cccnc32)CC1,CCO,283.15,-0.680512811267417,-1.9729552
CCOC(=O)N1CCC(=C2c3ccc(Cl)cc3CCc3cccnc32)CC1,CC#N,313.15,-0.643651943783844,-1.2605156
CCOC(=O)N1CCC(=C2c3ccc(Cl)cc3CCc3cccnc32)CC1,CC(C)=O,283.15,-0.750179915454698,-1.4964101
CCOC(=O)N1CCC(=C2c3ccc(Cl)cc3CCc3cccnc32)CC1,CCO,288.45,-0.579615034328969,-1.8839309
CCOC(=O)N1CCC(=C2c3ccc(Cl)cc3CCc3cccnc32)CC1,CC(C)O,298.15,-0.696613444956353,-1.9611152
CCOC(=O)N1CCC(=C2c3ccc(Cl)cc3CCc3cccnc32)CC1,CO,283.14,-0.408824359597585,-2.0538201
CCOC(=O)N1CCC(=C2c3ccc(Cl)cc3CCc3cccnc32)CC1,CC(C)=O,288.13,-0.669332799030773,-1.4329822
CCOC(=O)N1CCC(=C2c3ccc(Cl)cc3CCc3cccnc32)CC1,CC#N,318.15,-0.535504610557729,-1.1799507
CCOC(=O)N1CCC(=C2c3ccc(Cl)cc3CCc3cccnc32)CC1,CCOC(C)=O,283.15,-0.732846514276557,-1.5188601
CCOC(=O)N1CCC(=C2c3ccc(Cl)cc3CCc3cccnc32)CC1,CCCO,283.16,-0.604565770239923,-1.9684935
CCOC(=O)N1CCC(=C2c3ccc(Cl)cc3CCc3cccnc32)CC1,CCO,293.44,-0.489139841007731,-1.8004379
CCOC(=O)N1CCC(=C2c3ccc(Cl)cc3CCc3cccnc32)CC1,CC(C)=O,293.15,-0.583970044055743,-1.3695068
CCOC(=O)N1CCC(=C2c3ccc(Cl)cc3CCc3cccnc32)CC1,CO,288.15,-0.303472515089568,-1.9718671
CCOC(=O)N1CCC(=C2c3ccc(Cl)cc3CCc3cccnc32)CC1,CC#N,323.19,-0.417051680690693,-1.0987386
CCOC(=O)N1CCC(=C2c3ccc(Cl)cc3CCc3cccnc32)CC1,CC(C)O,303.15,-0.566964554856312,-1.8770478
CCOC(=O)N1CCC(=C2c3ccc(Cl)cc3CCc3cccnc32)CC1,CCOC(C)=O,288.15,-0.660160102257393,-1.4454913
CCOC(=O)N1CCC(=C2c3ccc(Cl)cc3CCc3cccnc32)CC1,CN(C)C=O,283.11,-0.552611472345057,-1.265332
CCOC(=O)N1CCC(=C2c3ccc(Cl)cc3CCc3cccnc32)CC1,CCCCO,283.15,-0.619240153531577,-1.9498857
CCOC(=O)N1CCC(=C2c3ccc(Cl)cc3CCc3cccnc32)CC1,CCCCCO,283.12,-0.668496340159348,-1.8904765
CCOC(=O)N1CCC(=C2c3ccc(Cl)cc3CCc3cccnc32)CC1,CC(C)=O,298.15,-0.499334773983309,-1.3058425
CCOC(=O)N1CCC(=C2c3ccc(Cl)cc3CCc3cccnc32)CC1,CCO,298.15,-0.392847924626149,-1.7216783
CCOC(=O)N1CCC(=C2c3ccc(Cl)cc3CCc3cccnc32)CC1,CCCO,288.12,-0.483004778828216,-1.8858693
CCOC(=O)N1CCC(=C2c3ccc(Cl)cc3CCc3cccnc32)CC1,CCOC(C)=O,293.15,-0.587702481753574,-1.3734237
CCOC(=O)N1CCC(=C2c3ccc(Cl)cc3CCc3cccnc32)CC1,CO,293.15,-0.189841937291504,-1.8905913
CCOC(=O)N1CCC(=C2c3ccc(Cl)cc3CCc3cccnc32)CC1,CN(C)C=O,288.15,-0.456792710805651,-1.1963422
CCOC(=O)N1CCC(=C2c3ccc(Cl)cc3CCc3cccnc32)CC1,CCCCO,288.13,-0.51795506897328,-1.8663971
CCOC(=O)N1CCC(=C2c3ccc(Cl)cc3CCc3cccnc32)CC1,CC(C)O,308.15,-0.441493551713067,-1.7931545
CCOC(=O)N1CCC(=C2c3ccc(Cl)cc3CCc3cccnc32)CC1,CC(C)=O,303.15,-0.411570740643502,-1.2423127
CCOC(=O)N1CCC(=C2c3ccc(Cl)cc3CCc3cccnc32)CC1,CCCCCO,288.15,-0.563758873969833,-1.8042765
CCOC(=O)N1CCC(=C2c3ccc(Cl)cc3CCc3cccnc32)CC1,CCO,303.15,-0.292931117444203,-1.6377203
CCOC(=O)N1CCC(=C2c3ccc(Cl)cc3CCc3cccnc32)CC1,CCOC(C)=O,298.15,-0.509294350084111,-1.301674
CCOC(=O)N1CCC(=C2c3ccc(Cl)cc3CCc3cccnc32)CC1,CCCO,293.15,-0.367388386810574,-1.8028119
CCOC(=O)N1CCC(=C2c3ccc(Cl)cc3CCc3cccnc32)CC1,CN(C)C=O,293.15,-0.378449975164114,-1.1276898
CCOC(=O)N1CCC(=C2c3ccc(Cl)cc3CCc3cccnc32)CC1,CCCCO,293.15,-0.424562339714068,-1.7812817
CCOC(=O)N1CCC(=C2c3ccc(Cl)cc3CCc3cccnc32)CC1,CO,298.14,-0.06173543842919,-1.8086542
CCOC(=O)N1CCC(=C2c3ccc(Cl)cc3CCc3cccnc32)CC1,CC(C)=O,308.15,-0.316685524337876,-1.1794171
CCOC(=O)N1CCC(=C2c3ccc(Cl)cc3CCc3cccnc32)CC1,CCOC(C)=O,303.12,-0.428502004719394,-1.2311114
CCOC(=O)N1CCC(=C2c3ccc(Cl)cc3CCc3cccnc32)CC1,CCCCCO,293.13,-0.464811980551371,-1.7205036
CCOC(=O)N1CCC(=C2c3ccc(Cl)cc3CCc3cccnc32)CC1,CC(C)O,313.14,-0.32122536772183,-1.7082818
CCOC(=O)N1CCC(=C2c3ccc(Cl)cc3CCc3cccnc32)CC1,CCO,308.15,-0.180875236565843,-1.5544221
CCOC(=O)N1CCC(=C2c3ccc(Cl)cc3CCc3cccnc32)CC1,CCCO,298.17,-0.269017076804564,-1.7201397
CCOC(=O)N1CCC(=C2c3ccc(Cl)cc3CCc3cccnc32)CC1,CN(C)C=O,298.15,-0.281832249754411,-1.057929
CCOC(=O)N1CCC(=C2c3ccc(Cl)cc3CCc3cccnc32)CC1,CCCCO,298.17,-0.32362935678132,-1.6969986
CCOC(=O)N1CCC(=C2c3ccc(Cl)cc3CCc3cccnc32)CC1,CCOC(C)=O,308.15,-0.34625908469792,-1.1611872
CCOC(=O)N1CCC(=C2c3ccc(Cl)cc3CCc3cccnc32)CC1,CC(C)=O,313.15,-0.217049832443583,-1.1170183
CCOC(=O)N1CCC(=C2c3ccc(Cl)cc3CCc3cccnc32)CC1,CCCCCO,298.15,-0.365288316572859,-1.6359129
CCOC(=O)N1CCC(=C2c3ccc(Cl)cc3CCc3cccnc32)CC1,CO,303.15,0.066313759683224,-1.7254449
CCOC(=O)N1CCC(=C2c3ccc(Cl)cc3CCc3cccnc32)CC1,CN(C)C=O,303.15,-0.194391928571437,-0.9884689
CCOC(=O)N1CCC(=C2c3ccc(Cl)cc3CCc3cccnc32)CC1,CCCO,303.15,-0.180882717291853,-1.6390829
CCOC(=O)N1CCC(=C2c3ccc(Cl)cc3CCc3cccnc32)CC1,CC(C)O,318.2,-0.19084058024754,-1.6229055
CCOC(=O)N1CCC(=C2c3ccc(Cl)cc3CCc3cccnc32)CC1,CCO,313.54,-0.066050115834671,-1.4643396
CCOC(=O)N1CCC(=C2c3ccc(Cl)cc3CCc3cccnc32)CC1,CCOC(C)=O,313.15,-0.26000322278081,-1.091961
CCOC(=O)N1CCC(=C2c3ccc(Cl)cc3CCc3cccnc32)CC1,CCCCO,303.15,-0.221993099125892,-1.614527
CCOC(=O)N1CCC(=C2c3ccc(Cl)cc3CCc3cccnc32)CC1,CC(C)=O,318.17,-0.115549631242769,-1.0549091
CCOC(=O)N1CCC(=C2c3ccc(Cl)cc3CCc3cccnc32)CC1,CCCCCO,303.15,-0.265188326172874,-1.552094
CCOC(=O)N1CCC(=C2c3ccc(Cl)cc3CCc3cccnc32)CC1,CN(C)C=O,308.19,-0.114479119997126,-0.9188538
CCOC(=O)N1CCC(=C2c3ccc(Cl)cc3CCc3cccnc32)CC1,CCCO,308.16,-0.092441453287977,-1.5568995
CCOC(=O)N1CCC(=C2c3ccc(Cl)cc3CCc3cccnc32)CC1,CO,308.15,0.189091691660021,-1.6426978
CCOC(=O)N1CCC(=C2c3ccc(Cl)cc3CCc3cccnc32)CC1,CCOC(C)=O,318.15,-0.174444162857339,-1.0218024
CCOC(=O)N1CCC(=C2c3ccc(Cl)cc3CCc3cccnc32)CC1,CCO,318.37,0.051555136418294,-1.3832699
CCOC(=O)N1CCC(=C2c3ccc(Cl)cc3CCc3cccnc32)CC1,CCCCO,308.15,-0.123235952397013,-1.5316538
CCOC(=O)N1CCC(=C2c3ccc(Cl)cc3CCc3cccnc32)CC1,CC(C)O,323.15,-0.043036410598309,-1.5390967
CCOC(=O)N1CCC(=C2c3ccc(Cl)cc3CCc3cccnc32)CC1,CCCCCO,308.13,-0.17643652502676,-1.4704715
CCOC(=O)N1CCC(=C2c3ccc(Cl)cc3CCc3cccnc32)CC1,CN(C)C=O,313.15,-0.029327081063446,-0.85102975
CCOC(=O)N1CCC(=C2c3ccc(Cl)cc3CCc3cccnc32)CC1,CC(C)=O,323.15,-0.01517134349444,-0.99467456
CCOC(=O)N1CCC(=C2c3ccc(Cl)cc3CCc3cccnc32)CC1,CCCO,313.13,0.010583621385447,-1.4743074
CCOC(=O)N1CCC(=C2c3ccc(Cl)cc3CCc3cccnc32)CC1,CCOC(C)=O,323.2,-0.086577843300237,-0.950956
CCOC(=O)N1CCC(=C2c3ccc(Cl)cc3CCc3cccnc32)CC1,CO,313.15,0.305706522852138,-1.5599287
CCOC(=O)N1CCC(=C2c3ccc(Cl)cc3CCc3cccnc32)CC1,CCCCO,313.15,-0.032039429747814,-1.4486995
CCOC(=O)N1CCC(=C2c3ccc(Cl)cc3CCc3cccnc32)CC1,CCO,323.15,0.167445677376718,-1.302609
CCOC(=O)N1CCC(=C2c3ccc(Cl)cc3CCc3cccnc32)CC1,CN(C)C=O,318.17,0.056570974033211,-0.78242975
CCOC(=O)N1CCC(=C2c3ccc(Cl)cc3CCc3cccnc32)CC1,CCCCCO,313.15,-0.086939381006255,-1.3890126
CCOC(=O)N1CCC(=C2c3ccc(Cl)cc3CCc3cccnc32)CC1,CCCO,318.15,0.116712893217708,-1.3899586
CCOC(=O)N1CCC(=C2c3ccc(Cl)cc3CCc3cccnc32)CC1,CCCCO,318.12,0.054626664682346,-1.3667407
CCOC(=O)N1CCC(=C2c3ccc(Cl)cc3CCc3cccnc32)CC1,CO,318.75,0.417223991195881,-1.4650956
CCOC(=O)N1CCC(=C2c3ccc(Cl)cc3CCc3cccnc32)CC1,CN(C)C=O,323.15,0.145474198125931,-0.7144638
CCOC(=O)N1CCC(=C2c3ccc(Cl)cc3CCc3cccnc32)CC1,CCCCCO,318.17,0.012147214857125,-1.3080454
CCOC(=O)N1CCC(=C2c3ccc(Cl)cc3CCc3cccnc32)CC1,CCCO,323.17,0.213966153040008,-1.3055679
CCOC(=O)N1CCC(=C2c3ccc(Cl)cc3CCc3cccnc32)CC1,CCCCO,323.15,0.141347318985044,-1.2835488
CCOC(=O)N1CCC(=C2c3ccc(Cl)cc3CCc3cccnc32)CC1,CO,323.2,0.502972668719509,-1.3885468
CCOC(=O)N1CCC(=C2c3ccc(Cl)cc3CCc3cccnc32)CC1,CCCCCO,323.15,0.097520528969613,-1.2292818
CCCCC1C(=O)N(c2ccccc2)N(c2ccccc2)C1=O,CC(C)O,283.15,-1.48085259101085,-1.0581238
CCCCC1C(=O)N(c2ccccc2)N(c2ccccc2)C1=O,CC(C)O,288.15,-1.39926258550457,-0.93406665
CCCCC1C(=O)N(c2ccccc2)N(c2ccccc2)C1=O,CCCCCCO,283.15,-1.47683590514352,-1.0911638
CCCCC1C(=O)N(c2ccccc2)N(c2ccccc2)C1=O,CCO,283.13,-1.1618295798931,-0.71582
CCCCC1C(=O)N(c2ccccc2)N(c2ccccc2)C1=O,CC(C)O,293.05,-1.27603629689192,-0.81188464
CCCCC1C(=O)N(c2ccccc2)N(c2ccccc2)C1=O,CCCCO,283.14,-1.34473743075105,-0.71847594
CCCCC1C(=O)N(c2ccccc2)N(c2ccccc2)C1=O,CCCCCO,283.15,-1.41289933316623,-0.9946631
CCCCC1C(=O)N(c2ccccc2)N(c2ccccc2)C1=O,CO,283.12,-0.976562847589922,-0.6665844
CCCCC1C(=O)N(c2ccccc2)N(c2ccccc2)C1=O,CCCCCCO,288.05,-1.40569835756947,-0.9950805
CCCCC1C(=O)N(c2ccccc2)N(c2ccccc2)C1=O,CCO,288.1,-1.08758736064013,-0.60587585
CCCCC1C(=O)N(c2ccccc2)N(c2ccccc2)C1=O,CO,288.03,-0.887652799015495,-0.5627792
CCCCC1C(=O)N(c2ccccc2)N(c2ccccc2)C1=O,CCCCCO,288.15,-1.29800859015161,-0.8922893
CCCCC1C(=O)N(c2ccccc2)N(c2ccccc2)C1=O,CCCCO,288.15,-1.22367543335084,-0.60468733
CCCCC1C(=O)N(c2ccccc2)N(c2ccccc2)C1=O,CC(C)O,298.15,-1.13234442190133,-0.68401986
CCCCC1C(=O)N(c2ccccc2)N(c2ccccc2)C1=O,CCO,293.2,-0.98159700459789,-0.49356258
CCCCC1C(=O)N(c2ccccc2)N(c2ccccc2)C1=O,CCCCCCO,293.05,-1.29202524695448,-0.8958457
CCCCC1C(=O)N(c2ccccc2)N(c2ccccc2)C1=O,CO,293.13,-0.788287269968807,-0.4542624
CCCCC1C(=O)N(c2ccccc2)N(c2ccccc2)C1=O,CCCCCO,293.12,-1.19026564290503,-0.79088795
CCCCC1C(=O)N(c2ccccc2)N(c2ccccc2)C1=O,CCCCO,293.15,-1.11129074715741,-0.49158993
CCCCC1C(=O)N(c2ccccc2)N(c2ccccc2)C1=O,CCO,298.15,-0.876788943559573,-0.38448268
CCCCC1C(=O)N(c2ccccc2)N(c2ccccc2)C1=O,CC(C)O,303.9,-0.971693541369686,-0.54193836
CCCCC1C(=O)N(c2ccccc2)N(c2ccccc2)C1=O,CO,298.16,-0.683555339977833,-0.34572124
CCCCC1C(=O)N(c2ccccc2)N(c2ccccc2)C1=O,CCCCCCO,298.15,-1.1676808776696,-0.79443264
CCCCC1C(=O)N(c2ccccc2)N(c2ccccc2)C1=O,CCCCCO,298.11,-1.08434696764626,-0.689626
CCCCC1C(=O)N(c2ccccc2)N(c2ccccc2)C1=O,CCCCO,298.15,-0.99624198337198,-0.37917328
CCCCC1C(=O)N(c2ccccc2)N(c2ccccc2)C1=O,CCO,303.15,-0.766359552991484,-0.27544308
CCCCC1C(=O)N(c2ccccc2)N(c2ccccc2)C1=O,CO,303.14,-0.576431234695985,-0.23784988
CCCCC1C(=O)N(c2ccccc2)N(c2ccccc2)C1=O,CC(C)O,308.15,-0.847026004507916,-0.43822092
CCCCC1C(=O)N(c2ccccc2)N(c2ccccc2)C1=O,CCCCCO,303.15,-0.949557866590823,-0.58966184
CCCCC1C(=O)N(c2ccccc2)N(c2ccccc2)C1=O,CCCCO,303.15,-0.872802558731289,-0.26813972
CCCCC1C(=O)N(c2ccccc2)N(c2ccccc2)C1=O,CCCCCCO,303.15,-0.996329049554189,-0.69584966
CCCCC1C(=O)N(c2ccccc2)N(c2ccccc2)C1=O,CCO,308.15,-0.646056262124661,-0.16657834
CCCCC1C(=O)N(c2ccccc2)N(c2ccccc2)C1=O,CO,308.15,-0.457986758635871,-0.12926295
CCCCC1C(=O)N(c2ccccc2)N(c2ccccc2)C1=O,CC(C)O,313.13,-0.669557024139785,-0.31831455
CCCCC1C(=O)N(c2ccccc2)N(c2ccccc2)C1=O,CCCCCO,308.15,-0.814264196265377,-0.49310333
CCCCC1C(=O)N(c2ccccc2)N(c2ccccc2)C1=O,CCCCO,308.15,-0.739320642272287,-0.15810032
CCCCC1C(=O)N(c2ccccc2)N(c2ccccc2)C1=O,CCCCCCO,308.15,-0.848211703295042,-0.5982041
CCCCC1C(=O)N(c2ccccc2)N(c2ccccc2)C1=O,CCO,313.2,-0.51798613163721,-0.05741033
CCCCC1C(=O)N(c2ccccc2)N(c2ccccc2)C1=O,CO,313.15,-0.332420305178098,-0.022267371
CCCCC1C(=O)N(c2ccccc2)N(c2ccccc2)C1=O,CCCCCO,313.15,-0.68795015476885,-0.39785707
CCCCC1C(=O)N(c2ccccc2)N(c2ccccc2)C1=O,CCCCO,313.15,-0.586321615947743,-0.04964015
CCCCC1C(=O)N(c2ccccc2)N(c2ccccc2)C1=O,CCCCCCO,313.15,-0.714963277884742,-0.503002
CCCCC1C(=O)N(c2ccccc2)N(c2ccccc2)C1=O,CCO,318.15,-0.369418638950606,0.047969416
CCCCC1C(=O)N(c2ccccc2)N(c2ccccc2)C1=O,CC(C)O,318.65,-0.48035558612075,-0.18657267
CCCCC1C(=O)N(c2ccccc2)N(c2ccccc2)C1=O,CO,318.15,-0.191454104926718,0.08261393
CCCCC1C(=O)N(c2ccccc2)N(c2ccccc2)C1=O,CCCCCO,318.13,-0.524858584254373,-0.30367863
CCCCC1C(=O)N(c2ccccc2)N(c2ccccc2)C1=O,CCCCO,318.15,-0.434685688435753,0.056695864
CCCCC1C(=O)N(c2ccccc2)N(c2ccccc2)C1=O,CC#N,283.12,-0.171652241281112,-0.34678587
CCCCC1C(=O)N(c2ccccc2)N(c2ccccc2)C1=O,CCCCCCO,318.15,-0.555702009798016,-0.4121669
CCCCC1C(=O)N(c2ccccc2)N(c2ccccc2)C1=O,CCO,323.15,-0.197623531686446,0.15454844
CCCCC1C(=O)N(c2ccccc2)N(c2ccccc2)C1=O,CO,323.15,-0.029306909610473,0.18418123
CCCCC1C(=O)N(c2ccccc2)N(c2ccccc2)C1=O,CC(C)O,323.15,-0.280804211197779,-0.08145787
CCCCC1C(=O)N(c2ccccc2)N(c2ccccc2)C1=O,CC#N,288.15,-0.03550479178575,-0.2511163
CCCCC1C(=O)N(c2ccccc2)N(c2ccccc2)C1=O,CCCCCCO,323.15,-0.411597720989395,-0.32332653
CCCCC1C(=O)N(c2ccccc2)N(c2ccccc2)C1=O,CCCCCO,323.16,-0.342240643584575,-0.2094191
CCCCC1C(=O)N(c2ccccc2)N(c2ccccc2)C1=O,CCCCO,323.15,-0.269278762497345,0.1590176
CCCCC1C(=O)N(c2ccccc2)N(c2ccccc2)C1=O,CC#N,293.15,0.110084542909532,-0.15583597
CCCCC1C(=O)N(c2ccccc2)N(c2ccccc2)C1=O,CCOC(C)=O,283.15,-0.151361136163946,-0.2682336
CCCCC1C(=O)N(c2ccccc2)N(c2ccccc2)C1=O,CC(C)=O,283.15,0.02060400760173,-0.119362056
CCCCC1C(=O)N(c2ccccc2)N(c2ccccc2)C1=O,CCOC(C)=O,288.15,-0.069525130349727,-0.18631113
CCCCC1C(=O)N(c2ccccc2)N(c2ccccc2)C1=O,CC(C)=O,288.13,0.09317693345427,-0.04048091
CCCCC1C(=O)N(c2ccccc2)N(c2ccccc2)C1=O,CC#N,298.17,0.27500722093514,-0.060568243
CCCCC1C(=O)N(c2ccccc2)N(c2ccccc2)C1=O,CCOC(C)=O,293.15,0.003089397521057,-0.10700548
CCCCC1C(=O)N(c2ccccc2)N(c2ccccc2)C1=O,CC(C)=O,293.15,0.163868430511174,0.03862156
CCCCC1C(=O)N(c2ccccc2)N(c2ccccc2)C1=O,CCOC(C)=O,298.13,0.075656387169715,-0.027752489
CCCCC1C(=O)N(c2ccccc2)N(c2ccccc2)C1=O,CC#N,303.15,0.375268693295007,0.031325325
CCCCC1C(=O)N(c2ccccc2)N(c2ccccc2)C1=O,CC(C)=O,298.17,0.23663870866145,0.117395386
CCCCC1C(=O)N(c2ccccc2)N(c2ccccc2)C1=O,CN(C)C=O,283.13,0.228693331957618,0.59927845
CCCCC1C(=O)N(c2ccccc2)N(c2ccccc2)C1=O,CCOC(C)=O,303.15,0.145843238552708,0.05214499
CCCCC1C(=O)N(c2ccccc2)N(c2ccccc2)C1=O,CN(C)C=O,288.15,0.292333522329544,0.67111784
CCCCC1C(=O)N(c2ccccc2)N(c2ccccc2)C1=O,CC(C)=O,303.15,0.312707605441948,0.19320042
CCCCC1C(=O)N(c2ccccc2)N(c2ccccc2)C1=O,CC#N,308.13,0.470263519521458,0.124045804
CCCCC1C(=O)N(c2ccccc2)N(c2ccccc2)C1=O,CCOC(C)=O,308.15,0.224496913168585,0.13103528
CCCCC1C(=O)N(c2ccccc2)N(c2ccccc2)C1=O,CN(C)C=O,293.15,0.351381716164358,0.7413574
CCCCC1C(=O)N(c2ccccc2)N(c2ccccc2)C1=O,CC(C)=O,308.13,0.382975806469644,0.26714957
CCCCC1C(=O)N(c2ccccc2)N(c2ccccc2)C1=O,CC#N,313.1,0.561480688681289,0.21621372
CCCCC1C(=O)N(c2ccccc2)N(c2ccccc2)C1=O,CN(C)C=O,298.13,0.411718787489474,0.8102345
CCCCC1C(=O)N(c2ccccc2)N(c2ccccc2)C1=O,CCOC(C)=O,313.37,0.306266314385486,0.2125236
CCCCC1C(=O)N(c2ccccc2)N(c2ccccc2)C1=O,CC(C)=O,313.15,0.452641655545514,0.33883524
CCCCC1C(=O)N(c2ccccc2)N(c2ccccc2)C1=O,CN(C)C=O,303.15,0.470408541960434,0.87793416
CCCCC1C(=O)N(c2ccccc2)N(c2ccccc2)C1=O,CC#N,318.17,0.647513248744392,0.30844492
CCCCC1C(=O)N(c2ccccc2)N(c2ccccc2)C1=O,CCOC(C)=O,318.3,0.378819784708034,0.28763103
CCCCC1C(=O)N(c2ccccc2)N(c2ccccc2)C1=O,CC(C)=O,318.15,0.519971709897488,0.40963525
CCCCC1C(=O)N(c2ccccc2)N(c2ccccc2)C1=O,CN(C)C=O,308.15,0.527672184060648,0.9440846
CCCCC1C(=O)N(c2ccccc2)N(c2ccccc2)C1=O,CCOC(C)=O,323.17,0.44975167358821,0.3617797
CCCCC1C(=O)N(c2ccccc2)N(c2ccccc2)C1=O,CC#N,323.16,0.726063741705906,0.39787108
CCCCC1C(=O)N(c2ccccc2)N(c2ccccc2)C1=O,CC(C)=O,323.15,0.581302689614106,0.47897446
CCCCC1C(=O)N(c2ccccc2)N(c2ccccc2)C1=O,CN(C)C=O,313.15,0.586288215889426,1.0077299
CCCCC1C(=O)N(c2ccccc2)N(c2ccccc2)C1=O,CN(C)C=O,318.6,0.64757041897985,1.0764325
CCCCC1C(=O)N(c2ccccc2)N(c2ccccc2)C1=O,CN(C)C=O,323.17,0.704679390059695,1.1323698
O=C(c1ccccc1)C(O)c1ccccc1,CCCCO,283.15,-2.11177629980895,-0.54510367
O=C(c1ccccc1)C(O)c1ccccc1,CCCCO,283.15,-2.11177629980895,-0.54510367
O=C(c1ccccc1)C(O)c1ccccc1,CCCCO,288.15,-1.96316325100599,-0.43385375
O=C(c1ccccc1)C(O)c1ccccc1,CCCCO,288.15,-1.96316325100599,-0.43385375
O=C(c1ccccc1)C(O)c1ccccc1,CCCCO,293.15,-1.80232161770082,-0.32351267
O=C(c1ccccc1)C(O)c1ccccc1,CCCCO,293.15,-1.80232161770082,-0.32351267
O=C(c1ccccc1)C(O)c1ccccc1,CCCCO,298.15,-1.66364993659769,-0.21540202
O=C(c1ccccc1)C(O)c1ccccc1,CCCCO,298.15,-1.66364993659769,-0.21540202
O=C(c1ccccc1)C(O)c1ccccc1,CCCCO,298.15,-1.66364993659769,-0.21540202
O=C(c1ccccc1)C(O)c1ccccc1,CCCCO,303.15,-1.53790080547851,-0.107837096
O=C(c1ccccc1)C(O)c1ccccc1,CCCCO,303.15,-1.53790080547851,-0.107837096
O=C(c1ccccc1)C(O)c1ccccc1,CCCCO,308.15,-1.42092725400101,-0.0030683875
O=C(c1ccccc1)C(O)c1ccccc1,CCCCO,308.15,-1.42092725400101,-0.0030683875
O=C(c1ccccc1)C(O)c1ccccc1,CCCCO,313.15,-1.30332956913729,0.09981699
O=C(c1ccccc1)C(O)c1ccccc1,CCCCO,313.15,-1.30332956913729,0.09981699
O=C(c1ccccc1)C(O)c1ccccc1,CCCCO,318.15,-1.18211186843963,0.19988288
O=C(c1ccccc1)C(O)c1ccccc1,CCCCO,323.15,-1.09214083251095,0.29723912
O=C(c1ccccc1)C(O)c1ccccc1,CCCO,283.15,-1.99380610735837,-0.50944203
O=C(c1ccccc1)C(O)c1ccccc1,CCCO,283.15,-1.99380610735837,-0.50944203
O=C(c1ccccc1)C(O)c1ccccc1,CCCO,288.15,-1.82555497880077,-0.39292896
O=C(c1ccccc1)C(O)c1ccccc1,CCCO,288.15,-1.82555497880077,-0.39292896
O=C(c1ccccc1)C(O)c1ccccc1,CCCO,293.15,-1.69683828658548,-0.27680093
O=C(c1ccccc1)C(O)c1ccccc1,CCCO,293.15,-1.69683828658548,-0.27680093
O=C(c1ccccc1)C(O)c1ccccc1,CCCO,298.15,-1.56868904450053,-0.16336164
O=C(c1ccccc1)C(O)c1ccccc1,CCCO,298.15,-1.56868904450053,-0.16336164
O=C(c1ccccc1)C(O)c1ccccc1,CCCO,298.15,-1.56868904450053,-0.16336164
O=C(c1ccccc1)C(O)c1ccccc1,CCCO,303.15,-1.4231007986746,-0.051021725
O=C(c1ccccc1)C(O)c1ccccc1,CCCO,303.15,-1.4231007986746,-0.051021725
O=C(c1ccccc1)C(O)c1ccccc1,CCCO,308.15,-1.31753560379578,0.059586167
O=C(c1ccccc1)C(O)c1ccccc1,CCCO,308.15,-1.31753560379578,0.059586167
O=C(c1ccccc1)C(O)c1ccccc1,CCCO,313.15,-1.199620357846,0.16702037
O=C(c1ccccc1)C(O)c1ccccc1,CCCO,313.15,-1.199620357846,0.16702037
O=C(c1ccccc1)C(O)c1ccccc1,CCCO,318.15,-1.06901574018461,0.270554
O=C(c1ccccc1)C(O)c1ccccc1,CCCO,323.15,-0.94771413731857,0.37015873
O=C(c1ccccc1)C(O)c1ccccc1,CC(C)=O,283.15,-0.914210648346804,-0.8252523
O=C(c1ccccc1)C(O)c1ccccc1,CC(C)=O,283.15,-0.914210648346804,-0.8252523
O=C(c1ccccc1)C(O)c1ccccc1,CC(C)=O,288.15,-0.816261049068878,-0.74694526
O=C(c1ccccc1)C(O)c1ccccc1,CC(C)=O,288.15,-0.816261049068878,-0.74694526
O=C(c1ccccc1)C(O)c1ccccc1,CC(C)=O,293.15,-0.747497018727812,-0.66919124
O=C(c1ccccc1)C(O)c1ccccc1,CC(C)=O,293.15,-0.747497018727812,-0.66919124
O=C(c1ccccc1)C(O)c1ccccc1,CC(C)=O,298.15,-0.660512636728959,-0.59099364
O=C(c1ccccc1)C(O)c1ccccc1,CC(C)=O,298.15,-0.660512636728959,-0.59099364
O=C(c1ccccc1)C(O)c1ccccc1,CC(C)=O,303.15,-0.590083387591733,-0.5140341
O=C(c1ccccc1)C(O)c1ccccc1,CC(C)=O,303.15,-0.590083387591733,-0.5140341
O=C(c1ccccc1)C(O)c1ccccc1,CC(C)=O,308.15,-0.496895152706781,-0.43721968
O=C(c1ccccc1)C(O)c1ccccc1,CC(C)=O,308.15,-0.496895152706781,-0.43721968
O=C(c1ccccc1)C(O)c1ccccc1,CC(C)=O,313.15,-0.411883298918031,-0.36090368
O=C(c1ccccc1)C(O)c1ccccc1,CC(C)=O,313.15,-0.411883298918031,-0.36090368
O=C(c1ccccc1)C(O)c1ccccc1,CC(C)=O,318.15,-0.314577251979036,-0.2846324
O=C(c1ccccc1)C(O)c1ccccc1,CC(C)=O,323.15,-0.215618170795869,-0.20973974
O=C(c1ccccc1)C(O)c1ccccc1,CCO,283.15,-1.70385864390029,-0.40211633
O=C(c1ccccc1)C(O)c1ccccc1,CCO,283.15,-1.70385864390029,-0.40211633
O=C(c1ccccc1)C(O)c1ccccc1,CCO,288.15,-1.59564975691789,-0.29604885
O=C(c1ccccc1)C(O)c1ccccc1,CCO,288.15,-1.59564975691789,-0.29604885
O=C(c1ccccc1)C(O)c1ccccc1,CCO,293.15,-1.4640663743824,-0.18996465
O=C(c1ccccc1)C(O)c1ccccc1,CCO,293.15,-1.4640663743824,-0.18996465
O=C(c1ccccc1)C(O)c1ccccc1,CCO,298.15,-1.36931147194261,-0.083583444
O=C(c1ccccc1)C(O)c1ccccc1,CCO,298.15,-1.36931147194261,-0.083583444
O=C(c1ccccc1)C(O)c1ccccc1,CCO,298.15,-1.36931147194261,-0.083583444
O=C(c1ccccc1)C(O)c1ccccc1,CCO,303.15,-1.26146780215207,0.022237256
O=C(c1ccccc1)C(O)c1ccccc1,CCO,303.15,-1.26146780215207,0.022237256
O=C(c1ccccc1)C(O)c1ccccc1,CCO,308.15,-1.18367243335136,0.12512086
O=C(c1ccccc1)C(O)c1ccccc1,CCO,308.15,-1.18367243335136,0.12512086
O=C(c1ccccc1)C(O)c1ccccc1,CCO,313.15,-1.08137224760871,0.22429322
O=C(c1ccccc1)C(O)c1ccccc1,CCO,313.15,-1.08137224760871,0.22429322
O=C(c1ccccc1)C(O)c1ccccc1,CCO,313.15,-1.08137224760871,0.22429322
O=C(c1ccccc1)C(O)c1ccccc1,CCO,318.15,-0.959881637352776,0.32095337
O=C(c1ccccc1)C(O)c1ccccc1,CCO,318.15,-0.959881637352776,0.32095337
O=C(c1ccccc1)C(O)c1ccccc1,CCO,323.15,-0.87946110084553,0.41464627
O=C(c1ccccc1)C(O)c1ccccc1,CCOC(C)=O,273.15,-1.2602413362144,-0.6202969
O=C(c1ccccc1)C(O)c1ccccc1,CCOC(C)=O,278.15,-1.18133693769425,-0.52780235
O=C(c1ccccc1)C(O)c1ccccc1,CCOC(C)=O,283.15,-1.17041478629823,-0.4356909
O=C(c1ccccc1)C(O)c1ccccc1,CCOC(C)=O,283.15,-1.17041478629823,-0.4356909
O=C(c1ccccc1)C(O)c1ccccc1,CCOC(C)=O,283.15,-1.090104129289,-0.4356909
O=C(c1ccccc1)C(O)c1ccccc1,CCOC(C)=O,283.15,-1.090104129289,-0.4356909
O=C(c1ccccc1)C(O)c1ccccc1,CCOC(C)=O,288.15,-1.08871562623721,-0.34686804
O=C(c1ccccc1)C(O)c1ccccc1,CCOC(C)=O,288.15,-1.08871562623721,-0.34686804
O=C(c1ccccc1)C(O)c1ccccc1,CCOC(C)=O,288.15,-1.00726810000875,-0.34686804
O=C(c1ccccc1)C(O)c1ccccc1,CCOC(C)=O,288.15,-1.00726810000875,-0.34686804
O=C(c1ccccc1)C(O)c1ccccc1,CCOC(C)=O,293.15,-0.977306194773719,-0.25875884
O=C(c1ccccc1)C(O)c1ccccc1,CCOC(C)=O,293.15,-0.977306194773719,-0.25875884
O=C(c1ccccc1)C(O)c1ccccc1,CCOC(C)=O,293.15,-0.926552070827334,-0.25875884
O=C(c1ccccc1)C(O)c1ccccc1,CCOC(C)=O,293.15,-0.926552070827334,-0.25875884
O=C(c1ccccc1)C(O)c1ccccc1,CCOC(C)=O,298.15,-0.875014827938365,-0.17115946
O=C(c1ccccc1)C(O)c1ccccc1,CCOC(C)=O,298.15,-0.875014827938365,-0.17115946
O=C(c1ccccc1)C(O)c1ccccc1,CCOC(C)=O,298.15,-0.875014827938365,-0.17115946
O=C(c1ccccc1)C(O)c1ccccc1,CCOC(C)=O,298.15,-0.858216660271285,-0.17115946
O=C(c1ccccc1)C(O)c1ccccc1,CCOC(C)=O,298.15,-0.858216660271285,-0.17115946
O=C(c1ccccc1)C(O)c1ccccc1,CCOC(C)=O,298.15,-0.858216660271285,-0.17115946
O=C(c1ccccc1)C(O)c1ccccc1,CCOC(C)=O,303.15,-0.810503989285362,-0.08414404
O=C(c1ccccc1)C(O)c1ccccc1,CCOC(C)=O,303.15,-0.810503989285362,-0.08414404
O=C(c1ccccc1)C(O)c1ccccc1,CCOC(C)=O,303.15,-0.782762543218592,-0.08414404
O=C(c1ccccc1)C(O)c1ccccc1,CCOC(C)=O,303.15,-0.782762543218592,-0.08414404
O=C(c1ccccc1)C(O)c1ccccc1,CCOC(C)=O,308.15,-0.721359738659063,0.0021856725
O=C(c1ccccc1)C(O)c1ccccc1,CCOC(C)=O,308.15,-0.721359738659063,0.0021856725
O=C(c1ccccc1)C(O)c1ccccc1,CCOC(C)=O,308.15,-0.712641586697113,0.0021856725
O=C(c1ccccc1)C(O)c1ccccc1,CCOC(C)=O,308.15,-0.712641586697113,0.0021856725
O=C(c1ccccc1)C(O)c1ccccc1,CCOC(C)=O,313.15,-0.629789596766051,0.08722021
O=C(c1ccccc1)C(O)c1ccccc1,CCOC(C)=O,313.15,-0.629789596766051,0.08722021
O=C(c1ccccc1)C(O)c1ccccc1,CCOC(C)=O,313.15,-0.642915119941813,0.08722021
O=C(c1ccccc1)C(O)c1ccccc1,CCOC(C)=O,313.15,-0.642915119941813,0.08722021
O=C(c1ccccc1)C(O)c1ccccc1,CCOC(C)=O,318.15,-0.548602560269243,0.16969971
O=C(c1ccccc1)C(O)c1ccccc1,CCOC(C)=O,323.15,-0.449116048610222,0.25089896
O=C(c1ccccc1)C(O)c1ccccc1,CO,283.15,-1.54425604387132,-0.2890239
O=C(c1ccccc1)C(O)c1ccccc1,CO,283.15,-1.54425604387132,-0.2890239
O=C(c1ccccc1)C(O)c1ccccc1,CO,288.15,-1.45758880990686,-0.18346448
O=C(c1ccccc1)C(O)c1ccccc1,CO,288.15,-1.45758880990686,-0.18346448
O=C(c1ccccc1)C(O)c1ccccc1,CO,288.15,-1.45758880990686,-0.18346448
O=C(c1ccccc1)C(O)c1ccccc1,CO,288.15,-1.39950987354843,-0.18346448
O=C(c1ccccc1)C(O)c1ccccc1,CO,288.15,-1.39950987354843,-0.18346448
O=C(c1ccccc1)C(O)c1ccccc1,CO,288.15,-1.39950987354843,-0.18346448
O=C(c1ccccc1)C(O)c1ccccc1,CO,293.15,-1.21649418673887,-0.077606395
O=C(c1ccccc1)C(O)c1ccccc1,CO,293.15,-1.21649418673887,-0.077606395
O=C(c1ccccc1)C(O)c1ccccc1,CO,293.15,-1.21649418673887,-0.077606395
O=C(c1ccccc1)C(O)c1ccccc1,CO,293.15,-1.23463594276133,-0.077606395
O=C(c1ccccc1)C(O)c1ccccc1,CO,293.15,-1.23463594276133,-0.077606395
O=C(c1ccccc1)C(O)c1ccccc1,CO,293.15,-1.23463594276133,-0.077606395
O=C(c1ccccc1)C(O)c1ccccc1,CO,298.15,-1.107099689257,0.027580589
O=C(c1ccccc1)C(O)c1ccccc1,CO,298.15,-1.107099689257,0.027580589
O=C(c1ccccc1)C(O)c1ccccc1,CO,298.15,-1.107099689257,0.027580589
O=C(c1ccccc1)C(O)c1ccccc1,CO,298.15,-1.12115396819799,0.027580589
O=C(c1ccccc1)C(O)c1ccccc1,CO,298.15,-1.12115396819799,0.027580589
O=C(c1ccccc1)C(O)c1ccccc1,CO,298.15,-1.12115396819799,0.027580589
O=C(c1ccccc1)C(O)c1ccccc1,CO,303.15,-1.04664814462855,0.12978262
O=C(c1ccccc1)C(O)c1ccccc1,CO,303.15,-1.04664814462855,0.12978262
O=C(c1ccccc1)C(O)c1ccccc1,CO,308.15,-0.944206462905541,0.2299329
O=C(c1ccccc1)C(O)c1ccccc1,CO,308.15,-0.944206462905541,0.2299329
O=C(c1ccccc1)C(O)c1ccccc1,CCO,313.15,-1.09948263132625,0.22429322
O=C(c1ccccc1)C(O)c1ccccc1,CCO,313.15,-1.09948263132625,0.22429322
O=C(c1ccccc1)C(O)c1ccccc1,CCO,313.15,-1.09948263132625,0.22429322
O=C(c1ccccc1)C(O)c1ccccc1,CO,313.15,-0.861116317486942,0.32914037
O=C(c1ccccc1)C(O)c1ccccc1,CO,313.15,-0.861116317486942,0.32914037
O=C(c1ccccc1)C(O)c1ccccc1,CCO,318.15,-0.987336674350896,0.32095337
O=C(c1ccccc1)C(O)c1ccccc1,CCO,318.15,-0.987336674350896,0.32095337
O=C(c1ccccc1)C(O)c1ccccc1,CO,318.15,-0.75435802845854,0.42694658
O=C(c1ccccc1)C(O)c1ccccc1,CO,323.15,-0.665383216654059,0.5224526
O=C(c1ccccc1)C(O)c1ccccc1,CC(C)O,273.15,-2.232688661421,-0.9885508
O=C(c1ccccc1)C(O)c1ccccc1,CC(C)CO,273.15,-2.19764463250126,-1.104943
O=C(c1ccccc1)C(O)c1ccccc1,CC(C)O,278.15,-2.11219707370501,-0.8657165
O=C(c1ccccc1)C(O)c1ccccc1,C1CCCCC1,283.15,-2.25325215863943,-2.290985
O=C(c1ccccc1)C(O)c1ccccc1,CCCCO,273.15,-2.09722350014552,-0.7631465
O=C(c1ccccc1)C(O)c1ccccc1,CC(C)CO,278.15,-2.09871203400991,-0.97821134
O=C(c1ccccc1)C(O)c1ccccc1,CCCO,273.15,-1.99101405495228,-0.74197114
O=C(c1ccccc1)C(O)c1ccccc1,CCO,273.15,-1.86920803350828,-0.6171799
O=C(c1ccccc1)C(O)c1ccccc1,CC(C)O,283.15,-1.98514432955222,-0.7427079
O=C(c1ccccc1)C(O)c1ccccc1,C1CCCCC1,288.15,-2.12737888073399,-2.1528091
O=C(c1ccccc1)C(O)c1ccccc1,CO,273.15,-1.68721871771152,-0.49941522
O=C(c1ccccc1)C(O)c1ccccc1,CCCCO,278.15,-1.99908427093614,-0.6543695
O=C(c1ccccc1)C(O)c1ccccc1,CC(C)CO,283.15,-1.98735528297722,-0.85188484
O=C(c1ccccc1)C(O)c1ccccc1,CCCO,278.15,-1.89010379160587,-0.62646794
O=C(c1ccccc1)C(O)c1ccccc1,CC(C)O,288.15,-1.89231561867833,-0.6228467
O=C(c1ccccc1)C(O)c1ccccc1,CCO,278.15,-1.76484959051616,-0.5092291
O=C(c1ccccc1)C(O)c1ccccc1,CO,278.15,-1.59785430912143,-0.39490438
O=C(c1ccccc1)C(O)c1ccccc1,C1CCCCC1,293.15,-2.00201817939698,-2.0147963
O=C(c1ccccc1)C(O)c1ccccc1,CCCCO,283.15,-1.89409456815452,-0.54510367
O=C(c1ccccc1)C(O)c1ccccc1,CCCCO,283.15,-1.89409456815452,-0.54510367
O=C(c1ccccc1)C(O)c1ccccc1,CCCO,283.15,-1.79276389934318,-0.50944203
O=C(c1ccccc1)C(O)c1ccccc1,CCCO,283.15,-1.79276389934318,-0.50944203
O=C(c1ccccc1)C(O)c1ccccc1,CCO,283.15,-1.67651263283509,-0.40211633
O=C(c1ccccc1)C(O)c1ccccc1,CCO,283.15,-1.67651263283509,-0.40211633
O=C(c1ccccc1)C(O)c1ccccc1,CC(C)CO,288.15,-1.87165768921148,-0.72375894
O=C(c1ccccc1)C(O)c1ccccc1,CC(C)O,293.15,-1.79023755704491,-0.5032338
O=C(c1ccccc1)C(O)c1ccccc1,CO,283.15,-1.50594588841137,-0.2890239
O=C(c1ccccc1)C(O)c1ccccc1,CO,283.15,-1.50594588841137,-0.2890239
O=C(c1ccccc1)C(O)c1ccccc1,C1CCCCC1,298.15,-1.89973709574606,-1.875555
O=C(c1ccccc1)C(O)c1ccccc1,CCCCO,288.15,-1.7895007604271,-0.43385375
O=C(c1ccccc1)C(O)c1ccccc1,CCCCO,288.15,-1.7895007604271,-0.43385375
O=C(c1ccccc1)C(O)c1ccccc1,CCCO,288.15,-1.69781844805172,-0.39292896
O=C(c1ccccc1)C(O)c1ccccc1,CCCO,288.15,-1.69781844805172,-0.39292896
O=C(c1ccccc1)C(O)c1ccccc1,CCO,288.15,-1.58110175648508,-0.29604885
O=C(c1ccccc1)C(O)c1ccccc1,CCO,288.15,-1.58110175648508,-0.29604885
O=C(c1ccccc1)C(O)c1ccccc1,CC(C)CO,293.15,-1.77340342323742,-0.5977325
O=C(c1ccccc1)C(O)c1ccccc1,CO,288.15,-1.40746628570471,-0.18346448
O=C(c1ccccc1)C(O)c1ccccc1,CO,288.15,-1.40746628570471,-0.18346448
O=C(c1ccccc1)C(O)c1ccccc1,CO,288.15,-1.40746628570471,-0.18346448
O=C(c1ccccc1)C(O)c1ccccc1,CC(C)O,298.15,-1.68326165715194,-0.385715
O=C(c1ccccc1)C(O)c1ccccc1,CC(C)O,298.15,-1.68326165715194,-0.385715
O=C(c1ccccc1)C(O)c1ccccc1,C1CCCCC1,303.15,-1.7954183351825,-1.7347426
O=C(c1ccccc1)C(O)c1ccccc1,CCCCO,293.15,-1.69192517317625,-0.32351267
O=C(c1ccccc1)C(O)c1ccccc1,CCCCO,293.15,-1.69192517317625,-0.32351267
O=C(c1ccccc1)C(O)c1ccccc1,CCO,293.15,-1.49587833417889,-0.18996465
O=C(c1ccccc1)C(O)c1ccccc1,CCO,293.15,-1.49587833417889,-0.18996465
O=C(c1ccccc1)C(O)c1ccccc1,CCCO,293.15,-1.60279238966891,-0.27680093
O=C(c1ccccc1)C(O)c1ccccc1,CCCO,293.15,-1.60279238966891,-0.27680093
O=C(c1ccccc1)C(O)c1ccccc1,CC(C)CO,298.15,-1.68044507780936,-0.47366667
O=C(c1ccccc1)C(O)c1ccccc1,CC(C)CO,298.15,-1.68044507780936,-0.47366667
O=C(c1ccccc1)C(O)c1ccccc1,CO,293.15,-1.31539721350859,-0.077606395
O=C(c1ccccc1)C(O)c1ccccc1,CO,293.15,-1.31539721350859,-0.077606395
O=C(c1ccccc1)C(O)c1ccccc1,CO,293.15,-1.31539721350859,-0.077606395
O=C(c1ccccc1)C(O)c1ccccc1,CC(C)O,303.15,-1.58191680719019,-0.26909393
O=C(c1ccccc1)C(O)c1ccccc1,CC#N,273.15,-1.40026596543644,-0.73911303
O=C(c1ccccc1)C(O)c1ccccc1,C1CCCCC1,308.15,-1.69096008000132,-1.5936183
O=C(c1ccccc1)C(O)c1ccccc1,CC(C)CO,303.15,-1.60236413327093,-0.3528381
O=C(c1ccccc1)C(O)c1ccccc1,CCCCO,298.15,-1.5920602025671,-0.21540202
O=C(c1ccccc1)C(O)c1ccccc1,CCCCO,298.15,-1.5920602025671,-0.21540202
O=C(c1ccccc1)C(O)c1ccccc1,CCCCO,298.15,-1.5920602025671,-0.21540202
O=C(c1ccccc1)C(O)c1ccccc1,CCCO,298.15,-1.50487134958976,-0.16336164
O=C(c1ccccc1)C(O)c1ccccc1,CCCO,298.15,-1.50487134958976,-0.16336164
O=C(c1ccccc1)C(O)c1ccccc1,CCCO,298.15,-1.50487134958976,-0.16336164
O=C(c1ccccc1)C(O)c1ccccc1,CCO,298.15,-1.38672114298,-0.083583444
O=C(c1ccccc1)C(O)c1ccccc1,CCO,298.15,-1.38672114298,-0.083583444
O=C(c1ccccc1)C(O)c1ccccc1,CCO,298.15,-1.38672114298,-0.083583444
O=C(c1ccccc1)C(O)c1ccccc1,CC(C)O,308.15,-1.50577319702332,-0.15427975
O=C(c1ccccc1)C(O)c1ccccc1,CO,298.15,-1.21975936863244,0.027580589
O=C(c1ccccc1)C(O)c1ccccc1,CO,298.15,-1.21975936863244,0.027580589
O=C(c1ccccc1)C(O)c1ccccc1,CO,298.15,-1.21975936863244,0.027580589
O=C(c1ccccc1)C(O)c1ccccc1,CC#N,278.15,-1.2969445559828,-0.6297863
O=C(c1ccccc1)C(O)c1ccccc1,Cc1ccccc1,273.15,-1.59352266334634,-1.049091
O=C(c1ccccc1)C(O)c1ccccc1,CCCCO,303.15,-1.5271080928237,-0.107837096
O=C(c1ccccc1)C(O)c1ccccc1,CCCCO,303.15,-1.5271080928237,-0.107837096
O=C(c1ccccc1)C(O)c1ccccc1,CCCO,303.15,-1.43428441006501,-0.051021725
O=C(c1ccccc1)C(O)c1ccccc1,CCCO,303.15,-1.43428441006501,-0.051021725
O=C(c1ccccc1)C(O)c1ccccc1,C1CCCCC1,313.15,-1.59790675855053,-1.4534311
O=C(c1ccccc1)C(O)c1ccccc1,CCO,303.15,-1.32219308388796,0.022237256
O=C(c1ccccc1)C(O)c1ccccc1,CCO,303.15,-1.32219308388796,0.022237256
O=C(c1ccccc1)C(O)c1ccccc1,CC(C)CO,308.15,-1.52080829143471,-0.23389785
O=C(c1ccccc1)C(O)c1ccccc1,CC(C)O,313.15,-1.42969707396049,-0.04080978
O=C(c1ccccc1)C(O)c1ccccc1,CO,303.15,-1.14387711184682,0.12978262
O=C(c1ccccc1)C(O)c1ccccc1,CO,303.15,-1.14387711184682,0.12978262
O=C(c1ccccc1)C(O)c1ccccc1,Cc1ccccc1,278.15,-1.52607444464645,-0.9459755
O=C(c1ccccc1)C(O)c1ccccc1,CCCCO,308.15,-1.45232451815988,-0.0030683875
O=C(c1ccccc1)C(O)c1ccccc1,CCCCO,308.15,-1.45232451815988,-0.0030683875
O=C(c1ccccc1)C(O)c1ccccc1,CCCO,308.15,-1.36106418128769,0.059586167
O=C(c1ccccc1)C(O)c1ccccc1,CCCO,308.15,-1.36106418128769,0.059586167
O=C(c1ccccc1)C(O)c1ccccc1,CC#N,283.15,-1.19323190895348,-0.52036333
O=C(c1ccccc1)C(O)c1ccccc1,CC(C)CO,313.15,-1.434157752803,-0.117395416
O=C(c1ccccc1)C(O)c1ccccc1,CCO,308.15,-1.23198248754529,0.12512086
O=C(c1ccccc1)C(O)c1ccccc1,CCO,308.15,-1.23198248754529,0.12512086
O=C(c1ccccc1)C(O)c1ccccc1,CO,308.15,-1.06940390024951,0.2299329
O=C(c1ccccc1)C(O)c1ccccc1,CO,308.15,-1.06940390024951,0.2299329
O=C(c1ccccc1)C(O)c1ccccc1,Cc1ccccc1,283.15,-1.46886345365773,-0.8439009
O=C(c1ccccc1)C(O)c1ccccc1,CCCCO,313.15,-1.37023403362185,0.09981699
O=C(c1ccccc1)C(O)c1ccccc1,CCCCO,313.15,-1.37023403362185,0.09981699
O=C(c1ccccc1)C(O)c1ccccc1,CCCO,313.15,-1.28064529242359,0.16702037
O=C(c1ccccc1)C(O)c1ccccc1,CCCO,313.15,-1.28064529242359,0.16702037
O=C(c1ccccc1)C(O)c1ccccc1,Cc1ccccc1,288.15,-1.41945055075424,-0.7412028
O=C(c1ccccc1)C(O)c1ccccc1,CCO,313.15,-1.16961240030327,0.22429322
O=C(c1ccccc1)C(O)c1ccccc1,CCO,313.15,-1.16961240030327,0.22429322
O=C(c1ccccc1)C(O)c1ccccc1,CCO,313.15,-1.16961240030327,0.22429322
O=C(c1ccccc1)C(O)c1ccccc1,CC#N,288.15,-1.10599648546736,-0.41282493
O=C(c1ccccc1)C(O)c1ccccc1,CO,313.15,-0.992507220557517,0.32914037
O=C(c1ccccc1)C(O)c1ccccc1,CO,313.15,-0.992507220557517,0.32914037
O=C(c1ccccc1)C(O)c1ccccc1,CCCCOC(C)=O,273.15,-1.45670260886343,-0.5340966
O=C(c1ccccc1)C(O)c1ccccc1,CC(C)=O,273.15,-1.18425083034958,-0.9855713
O=C(c1ccccc1)C(O)c1ccccc1,Cc1ccccc1,293.15,-1.35504984629229,-0.6384536
O=C(c1ccccc1)C(O)c1ccccc1,CC#N,293.15,-1.01232566186722,-0.30803263
O=C(c1ccccc1)C(O)c1ccccc1,Cc1ccccc1,298.15,-1.28329058876151,-0.5382367
O=C(c1ccccc1)C(O)c1ccccc1,Cc1ccccc1,298.15,-1.28329058876151,-0.5382367
O=C(c1ccccc1)C(O)c1ccccc1,CCCCOC(C)=O,278.15,-1.36101427701783,-0.45545074
O=C(c1ccccc1)C(O)c1ccccc1,CC(C)=O,278.15,-1.09425252746236,-0.90518844
O=C(c1ccccc1)C(O)c1ccccc1,Cc1ccccc1,303.15,-1.22547990702406,-0.43784487
O=C(c1ccccc1)C(O)c1ccccc1,CCCCOC(C)=O,283.15,-1.30512037296117,-0.3791847
O=C(c1ccccc1)C(O)c1ccccc1,CC#N,298.15,-0.890282538145683,-0.20530614
O=C(c1ccccc1)C(O)c1ccccc1,CC(C)=O,283.15,-1.01729828339436,-0.8252523
O=C(c1ccccc1)C(O)c1ccccc1,CC(C)=O,283.15,-1.01729828339436,-0.8252523
O=C(c1ccccc1)C(O)c1ccccc1,Cc1ccccc1,308.15,-1.15520966685408,-0.33669055
O=C(c1ccccc1)C(O)c1ccccc1,CC#N,303.15,-0.825919712250457,-0.10332911
O=C(c1ccccc1)C(O)c1ccccc1,CCCCOC(C)=O,288.15,-1.21727269379329,-0.30526236
O=C(c1ccccc1)C(O)c1ccccc1,CC(C)=O,288.15,-0.924360744644253,-0.74694526
O=C(c1ccccc1)C(O)c1ccccc1,CC(C)=O,288.15,-0.924360744644253,-0.74694526
O=C(c1ccccc1)C(O)c1ccccc1,Cc1ccccc1,313.15,-1.09621622759359,-0.23753679
O=C(c1ccccc1)C(O)c1ccccc1,CCCCOC(C)=O,293.15,-1.14769743967519,-0.23313573
O=C(c1ccccc1)C(O)c1ccccc1,CC#N,308.15,-0.749394764046381,-0.0032409877
O=C(c1ccccc1)C(O)c1ccccc1,CCCCOC(C)=O,298.15,-1.0838591124374,-0.16227327
O=C(c1ccccc1)C(O)c1ccccc1,CCCCOC(C)=O,298.15,-1.0838591124374,-0.16227327
O=C(c1ccccc1)C(O)c1ccccc1,CC(C)=O,293.15,-0.828101761770262,-0.66919124
O=C(c1ccccc1)C(O)c1ccccc1,CC(C)=O,293.15,-0.828101761770262,-0.66919124
O=C(c1ccccc1)C(O)c1ccccc1,CC#N,313.15,-0.675294837155557,0.09661235
O=C(c1ccccc1)C(O)c1ccccc1,CC(C)=O,298.15,-0.761111012999244,-0.59099364
O=C(c1ccccc1)C(O)c1ccccc1,CC(C)=O,298.15,-0.761111012999244,-0.59099364
O=C(c1ccccc1)C(O)c1ccccc1,CCCCOC(C)=O,303.15,-1.01353446162914,-0.09324899
O=C(c1ccccc1)C(O)c1ccccc1,CC(C)=O,303.15,-0.699895987573542,-0.5140341
O=C(c1ccccc1)C(O)c1ccccc1,CC(C)=O,303.15,-0.699895987573542,-0.5140341
O=C(c1ccccc1)C(O)c1ccccc1,CCCCOC(C)=O,308.15,-0.945630669392119,-0.026412368
O=C(c1ccccc1)C(O)c1ccccc1,CC(C)=O,308.15,-0.633677422715117,-0.43721968
O=C(c1ccccc1)C(O)c1ccccc1,CC(C)=O,308.15,-0.633677422715117,-0.43721968
O=C(c1ccccc1)C(O)c1ccccc1,CCCCOC(C)=O,313.15,-0.87735432335986,0.03946282
O=C(c1ccccc1)C(O)c1ccccc1,CC(C)=O,313.15,-0.580421634780436,-0.36090368
O=C(c1ccccc1)C(O)c1ccccc1,CC(C)=O,313.15,-0.580421634780436,-0.36090368
NS(=O)(=O)c1cc2c(cc1Cl)NCNS2(=O)=O,O,283.25,-2.893876372116,-3.4974484
NS(=O)(=O)c1cc2c(cc1Cl)NCNS2(=O)=O,O,287.95,-2.80609169651804,-3.4105744
NS(=O)(=O)c1cc2c(cc1Cl)NCNS2(=O)=O,O,292.95,-2.71210036479904,-3.3195114
NS(=O)(=O)c1cc2c(cc1Cl)NCNS2(=O)=O,O,298.15,-2.63356463997726,-3.2265215
NS(=O)(=O)c1cc2c(cc1Cl)NCNS2(=O)=O,CCCCCO,282.94,-3.38601748604048,-4.4670277
NS(=O)(=O)c1cc2c(cc1Cl)NCNS2(=O)=O,O,303.15,-2.54139034192578,-3.1393847
NS(=O)(=O)c1cc2c(cc1Cl)NCNS2(=O)=O,CCCCCO,288.39,-3.2611889647949,-4.3315864
NS(=O)(=O)c1cc2c(cc1Cl)NCNS2(=O)=O,O,308.15,-2.44584647586339,-3.0532541
NS(=O)(=O)c1cc2c(cc1Cl)NCNS2(=O)=O,CC(C)CO,282.85,-3.14179634511495,-4.238996
NS(=O)(=O)c1cc2c(cc1Cl)NCNS2(=O)=O,CCCCCO,293.37,-3.14767083662834,-4.209099
NS(=O)(=O)c1cc2c(cc1Cl)NCNS2(=O)=O,O,312.85,-2.36685653360391,-2.973996
NS(=O)(=O)c1cc2c(cc1Cl)NCNS2(=O)=O,CC(C)CO,288.0,-3.02890861536052,-4.1211357
NS(=O)(=O)c1cc2c(cc1Cl)NCNS2(=O)=O,O,318.15,-2.27924940393181,-2.8866444
NS(=O)(=O)c1cc2c(cc1Cl)NCNS2(=O)=O,CCCCCO,297.82,-3.04360432064728,-4.1011977
NS(=O)(=O)c1cc2c(cc1Cl)NCNS2(=O)=O,O,323.05,-2.21540359241605,-2.8063765
NS(=O)(=O)c1cc2c(cc1Cl)NCNS2(=O)=O,CC(C)CO,293.57,-2.897466515545,-3.9951677
NS(=O)(=O)c1cc2c(cc1Cl)NCNS2(=O)=O,CCC(C)O,283.3,-2.86563565614188,-4.562955
NS(=O)(=O)c1cc2c(cc1Cl)NCNS2(=O)=O,CCCCCO,302.63,-2.93498556006505,-3.9864688
NS(=O)(=O)c1cc2c(cc1Cl)NCNS2(=O)=O,CC(C)CO,298.4,-2.78114039600332,-3.885519
NS(=O)(=O)c1cc2c(cc1Cl)NCNS2(=O)=O,CCC(C)O,288.24,-2.7597043381023,-4.4462204
NS(=O)(=O)c1cc2c(cc1Cl)NCNS2(=O)=O,CCCCCO,307.76,-2.82121651639192,-3.866339
NS(=O)(=O)c1cc2c(cc1Cl)NCNS2(=O)=O,CC(C)CO,302.64,-2.68601842155368,-3.7917948
NS(=O)(=O)c1cc2c(cc1Cl)NCNS2(=O)=O,CCC(C)O,293.17,-2.65784903739748,-4.331663
NS(=O)(=O)c1cc2c(cc1Cl)NCNS2(=O)=O,CCCCCO,312.95,-2.70959761765075,-3.7466357
NS(=O)(=O)c1cc2c(cc1Cl)NCNS2(=O)=O,CC(C)O,283.33,-2.53373381734889,-4.2574368
NS(=O)(=O)c1cc2c(cc1Cl)NCNS2(=O)=O,CC(C)CO,308.22,-2.55996133652438,-3.6715078
NS(=O)(=O)c1cc2c(cc1Cl)NCNS2(=O)=O,CCC(C)O,298.2,-2.54562799975528,-4.215655
NS(=O)(=O)c1cc2c(cc1Cl)NCNS2(=O)=O,CCCCCO,317.7,-2.60826148798419,-3.6398606
NS(=O)(=O)c1cc2c(cc1Cl)NCNS2(=O)=O,CC(C)O,288.3,-2.42114240679444,-4.146062
NS(=O)(=O)c1cc2c(cc1Cl)NCNS2(=O)=O,CCCO,283.25,-2.39929122098856,-4.0657873
NS(=O)(=O)c1cc2c(cc1Cl)NCNS2(=O)=O,CC(C)CO,312.94,-2.45367025524647,-3.571261
NS(=O)(=O)c1cc2c(cc1Cl)NCNS2(=O)=O,CCCCCO,322.05,-2.52711776825615,-3.5444887
NS(=O)(=O)c1cc2c(cc1Cl)NCNS2(=O)=O,CCC(C)O,303.04,-2.44379367677898,-4.106312
NS(=O)(=O)c1cc2c(cc1Cl)NCNS2(=O)=O,CCCO,288.75,-2.3188005808249,-3.943491
NS(=O)(=O)c1cc2c(cc1Cl)NCNS2(=O)=O,CC(C)O,293.38,-2.32800494476784,-4.032775
NS(=O)(=O)c1cc2c(cc1Cl)NCNS2(=O)=O,CCC(C)O,307.85,-2.34444857370852,-3.998797
NS(=O)(=O)c1cc2c(cc1Cl)NCNS2(=O)=O,CC(C)CO,317.83,-2.34607714238172,-3.4701602
NS(=O)(=O)c1cc2c(cc1Cl)NCNS2(=O)=O,CCCO,293.95,-2.23124527319806,-3.8296874
NS(=O)(=O)c1cc2c(cc1Cl)NCNS2(=O)=O,CC(C)O,298.49,-2.22250051271073,-3.9194121
NS(=O)(=O)c1cc2c(cc1Cl)NCNS2(=O)=O,CCCO,298.65,-2.17224900151093,-3.7284863
NS(=O)(=O)c1cc2c(cc1Cl)NCNS2(=O)=O,CC(C)CO,322.6,-2.25975812982528,-3.3725662
NS(=O)(=O)c1cc2c(cc1Cl)NCNS2(=O)=O,CCC(C)O,312.91,-2.24215621470468,-3.8881075
NS(=O)(=O)c1cc2c(cc1Cl)NCNS2(=O)=O,CC(C)O,302.85,-2.1380205815985,-3.823524
NS(=O)(=O)c1cc2c(cc1Cl)NCNS2(=O)=O,CCCO,303.65,-2.09954256608248,-3.623342
NS(=O)(=O)c1cc2c(cc1Cl)NCNS2(=O)=O,CCC(C)O,318.03,-2.14273714647675,-3.7777605
NS(=O)(=O)c1cc2c(cc1Cl)NCNS2(=O)=O,CCCO,308.65,-2.0252326758852,-3.5197597
NS(=O)(=O)c1cc2c(cc1Cl)NCNS2(=O)=O,CC(C)O,307.9,-2.02586787899321,-3.7146366
NS(=O)(=O)c1cc2c(cc1Cl)NCNS2(=O)=O,CCCO,313.35,-1.95973626603723,-3.4246297
NS(=O)(=O)c1cc2c(cc1Cl)NCNS2(=O)=O,CCOC(C)=O,283.15,-2.06016893136205,-4.0327883
NS(=O)(=O)c1cc2c(cc1Cl)NCNS2(=O)=O,CCC(C)O,323.13,-2.04720018711816,-3.6694653
NS(=O)(=O)c1cc2c(cc1Cl)NCNS2(=O)=O,CCOC(C)=O,288.25,-2.0329891823277,-3.9286456
NS(=O)(=O)c1cc2c(cc1Cl)NCNS2(=O)=O,CC(C)O,312.9,-1.92466804024716,-3.6081
NS(=O)(=O)c1cc2c(cc1Cl)NCNS2(=O)=O,CCOC(C)=O,293.05,-2.00266472224558,-3.8320513
NS(=O)(=O)c1cc2c(cc1Cl)NCNS2(=O)=O,CCCO,317.85,-1.89430906545511,-3.3346436
NS(=O)(=O)c1cc2c(cc1Cl)NCNS2(=O)=O,CCOC(C)=O,299.25,-1.96644707456163,-3.7070155
NS(=O)(=O)c1cc2c(cc1Cl)NCNS2(=O)=O,CCOC(C)=O,303.25,-1.9429629217796,-3.6259995
NS(=O)(=O)c1cc2c(cc1Cl)NCNS2(=O)=O,CC(C)O,318.16,-1.82980606818378,-3.4978635
NS(=O)(=O)c1cc2c(cc1Cl)NCNS2(=O)=O,CCCO,325.15,-1.80865523720332,-3.1908724
NS(=O)(=O)c1cc2c(cc1Cl)NCNS2(=O)=O,CCOC(C)=O,308.65,-1.91065357512506,-3.5172167
NS(=O)(=O)c1cc2c(cc1Cl)NCNS2(=O)=O,CCOC(C)=O,313.25,-1.89126057980069,-3.4266994
NS(=O)(=O)c1cc2c(cc1Cl)NCNS2(=O)=O,CCOC(C)=O,318.15,-1.86678516626287,-3.3306642
NS(=O)(=O)c1cc2c(cc1Cl)NCNS2(=O)=O,CC(C)O,323.35,-1.74710297556304,-3.3905609
NS(=O)(=O)c1cc2c(cc1Cl)NCNS2(=O)=O,CCOC(C)=O,323.05,-1.85487020585802,-3.2349815
NS(=O)(=O)c1cc2c(cc1Cl)NCNS2(=O)=O,CCO,279.95,-1.57218847623144,-4.108538
NS(=O)(=O)c1cc2c(cc1Cl)NCNS2(=O)=O,CCO,285.86,-1.53858791756111,-3.9870775
NS(=O)(=O)c1cc2c(cc1Cl)NCNS2(=O)=O,CCO,291.46,-1.49764137352615,-3.8719144
NS(=O)(=O)c1cc2c(cc1Cl)NCNS2(=O)=O,CCO,296.34,-1.4637899214271,-3.7735138
NS(=O)(=O)c1cc2c(cc1Cl)NCNS2(=O)=O,CCO,301.7,-1.43599384750007,-3.6671746
NS(=O)(=O)c1cc2c(cc1Cl)NCNS2(=O)=O,CCO,307.17,-1.42102089980362,-3.5607383
NS(=O)(=O)c1cc2c(cc1Cl)NCNS2(=O)=O,CCO,311.9,-1.39311859571533,-3.470134
NS(=O)(=O)c1cc2c(cc1Cl)NCNS2(=O)=O,CCO,316.15,-1.38045530418061,-3.3886275
NS(=O)(=O)c1cc2c(cc1Cl)NCNS2(=O)=O,CCO,323.7,-1.34278170473286,-3.245934
NS(=O)(=O)c1cc2c(cc1Cl)NCNS2(=O)=O,CC#N,283.15,-1.2387674355606,-3.30975
NS(=O)(=O)c1cc2c(cc1Cl)NCNS2(=O)=O,CC#N,288.15,-1.21076849120533,-3.215142
NS(=O)(=O)c1cc2c(cc1Cl)NCNS2(=O)=O,CC#N,293.25,-1.18405558899127,-3.120506
NS(=O)(=O)c1cc2c(cc1Cl)NCNS2(=O)=O,CO,283.05,-1.04701997411753,-3.1437721
NS(=O)(=O)c1cc2c(cc1Cl)NCNS2(=O)=O,CC#N,298.15,-1.1619584250763,-3.0315566
NS(=O)(=O)c1cc2c(cc1Cl)NCNS2(=O)=O,CO,288.15,-1.02472766869414,-3.0515924
NS(=O)(=O)c1cc2c(cc1Cl)NCNS2(=O)=O,CC#N,303.15,-1.14142490728265,-2.9421701
NS(=O)(=O)c1cc2c(cc1Cl)NCNS2(=O)=O,CO,293.15,-1.00554902564285,-2.962639
NS(=O)(=O)c1cc2c(cc1Cl)NCNS2(=O)=O,CC#N,308.05,-1.12042535709187,-2.855885
NS(=O)(=O)c1cc2c(cc1Cl)NCNS2(=O)=O,CO,297.65,-0.977077165698692,-2.884364
NS(=O)(=O)c1cc2c(cc1Cl)NCNS2(=O)=O,CC#N,313.65,-1.10179541536852,-2.7599347
NS(=O)(=O)c1cc2c(cc1Cl)NCNS2(=O)=O,CO,303.45,-0.958065089543456,-2.7854538
NS(=O)(=O)c1cc2c(cc1Cl)NCNS2(=O)=O,CC#N,318.25,-1.07165872729977,-2.6826859
NS(=O)(=O)c1cc2c(cc1Cl)NCNS2(=O)=O,CO,308.05,-0.937155927345352,-2.7084913
NS(=O)(=O)c1cc2c(cc1Cl)NCNS2(=O)=O,CC#N,323.45,-1.05213379206513,-2.5975351
NS(=O)(=O)c1cc2c(cc1Cl)NCNS2(=O)=O,CO,313.15,-0.915062710369433,-2.625504
NS(=O)(=O)c1cc2c(cc1Cl)NCNS2(=O)=O,CO,318.65,-0.888365604217024,-2.539193
NS(=O)(=O)c1cc2c(cc1Cl)NCNS2(=O)=O,CO,323.35,-0.861811965396323,-2.4678812
O=C(O)[C@@H]1CCCN1,CC#N,283.15,-3.29885645340751,-1.6676059
O=C(O)[C@@H]1CCCN1,CC#N,293.15,-3.24163126058574,-1.467802
O=C(O)[C@@H]1CCCN1,CC#N,303.15,-2.83336421591501,-1.2775348
O=C(O)[C@@H]1CCCN1,CC(C)=O,283.15,-2.86385630751696,-1.8367119
O=C(O)[C@@H]1CCCN1,CC#N,313.15,-2.68598967494739,-1.093879
O=C(O)[C@@H]1CCCN1,CC#N,323.15,-2.47291493680727,-0.91684794
O=C(O)[C@@H]1CCCN1,CC(C)=O,293.15,-2.55784342565639,-1.6594578
O=C(O)[C@@H]1CCCN1,CC(C)=O,303.15,-2.42116938120013,-1.4893502
O=C(O)[C@@H]1CCCN1,CC(C)=O,313.15,-2.29792283653662,-1.3278195
O=C(O)[C@@H]1CCCN1,CC(C)=O,323.15,-2.212159906777,-1.1720667
O=C(O)[C@@H]1CCCN1,CCO,283.15,-1.26981538508755,-1.0965526
O=C(O)[C@@H]1CCCN1,CCO,293.15,-1.11753544382492,-0.92150205
O=C(O)[C@@H]1CCCN1,CCO,303.15,-1.05413910645119,-0.75757027
O=C(O)[C@@H]1CCCN1,CCO,313.15,-0.923969528183863,-0.6034059
O=C(O)[C@@H]1CCCN1,CCO,323.15,-0.813780961663324,-0.45775467
O=C(O)[C@@H]1CCCN1,CO,283.15,0.090047652966372,-0.6605685
O=C(O)[C@@H]1CCCN1,CO,293.15,0.170564651045101,-0.5109571
O=C(O)[C@@H]1CCCN1,CO,303.15,0.261922695378652,-0.36779416
O=C(O)[C@@H]1CCCN1,CO,313.15,0.355930168375502,-0.23315205
O=C(O)[C@@H]1CCCN1,CO,323.15,0.442809603409461,-0.10396439
O=C(O)[C@@H]1CCCN1,O,283.15,1.10776851440807,-1.1180892
O=C(O)[C@@H]1CCCN1,O,293.15,1.15258016009736,-0.9462937
O=C(O)[C@@H]1CCCN1,O,303.15,1.20377662078876,-0.7836268
O=C(O)[C@@H]1CCCN1,O,313.15,1.24188466178551,-0.63089985
O=C(O)[C@@H]1CCCN1,O,323.15,1.28576284598346,-0.48553398
c1cc2ccc3cccc4ccc(c1)c2c34,CC#N,299.15,-0.930628624652743,-1.452625
NC(=O)CN1CCCC1=O,CC(C)=O,298.0,-1.37170851566089,-1.0460565
NC(=O)CN1CCCC1=O,CCO,283.0,-0.938802091587771,-1.082511
NC(=O)CN1CCCC1=O,C1COCCO1,293.0,-1.67366518073549,-0.9092036
NC(=O)CN1CCCC1=O,CO,288.0,-0.173858032269388,-0.56643164
NC(=O)CN1CCCC1=O,CC(C)=O,283.0,-1.62497252802307,-1.238769
NC(=O)CN1CCCC1=O,CO,298.0,0.001723590891214,-0.41632646
NC(=O)CN1CCCC1=O,CC(C)=O,293.0,-1.45477322049538,-1.1072732
NC(=O)CN1CCCC1=O,CO,293.0,-0.082837743972639,-0.49120095
NC(=O)CN1CCCC1=O,CC(C)O,293.0,-1.08092415005982,-1.1979233
NC(=O)CN1CCCC1=O,CC(C)=O,323.0,-0.97210840397782,-0.7644303
NC(=O)CN1CCCC1=O,CO,283.0,-0.260929256641699,-0.64344233
NC(=O)CN1CCCC1=O,CO,283.0,-0.260929256641699,-0.64344233
NC(=O)CN1CCCC1=O,CC(C)=O,278.0,-1.66556228543119,-1.3094705
NC(=O)CN1CCCC1=O,CO,303.0,0.075800036029141,-0.34347096
NC(=O)CN1CCCC1=O,CCO,278.0,-1.0414500823448,-1.1829685
NC(=O)CN1CCCC1=O,CC(C)O,283.0,-1.29297023341732,-1.4061191
NC(=O)CN1CCCC1=O,CCO,293.0,-0.744700680007495,-0.8939874
NC(=O)CN1CCCC1=O,CC(C)O,323.0,-0.45998877915932,-0.6654339
NC(=O)CN1CCCC1=O,CC(C)=O,288.0,-1.54356855044448,-1.1713829
NC(=O)CN1CCCC1=O,CC(C)O,308.0,-0.770546558616454,-0.9148092
NC(=O)CN1CCCC1=O,C1COCCO1,323.0,-1.13380744187536,-0.48656988
NC(=O)CN1CCCC1=O,CO,323.0,0.412101463737777,-0.078441694
NC(=O)CN1CCCC1=O,CC(C)=O,308.0,-1.19890133502378,-0.9287766
NC(=O)CN1CCCC1=O,CCO,308.0,-0.462333298403846,-0.64508235
NC(=O)CN1CCCC1=O,C1COCCO1,298.0,-1.60230193693933,-0.8343011
NC(=O)CN1CCCC1=O,C1COCCO1,308.0,-1.42429402181812,-0.6889422
NC(=O)CN1CCCC1=O,CC(C)O,298.0,-0.979722701760375,-1.0998031
NC(=O)CN1CCCC1=O,CC(C)=O,313.0,-1.11733032020252,-0.87229925
NC(=O)CN1CCCC1=O,C1COCCO1,313.0,-1.31904411586422,-0.61822367
NC(=O)CN1CCCC1=O,CCO,298.0,-0.647040811344632,-0.80672026
NC(=O)CN1CCCC1=O,CC(C)O,313.0,-0.665020584990609,-0.8290206
NC(=O)CN1CCCC1=O,CO,308.0,0.157786925284914,-0.27281246
NC(=O)CN1CCCC1=O,CC(C)O,278.0,-1.38628163983832,-1.5171435
NC(=O)CN1CCCC1=O,CO,283.0,-0.258256666780373,-0.64344233
NC(=O)CN1CCCC1=O,CO,283.0,-0.258256666780373,-0.64344233
NC(=O)CN1CCCC1=O,CO,318.0,0.328214932363293,-0.1407427
NC(=O)CN1CCCC1=O,CO,318.0,0.328214932363293,-0.1407427
NC(=O)CN1CCCC1=O,CO,318.0,0.329096077949666,-0.1407427
NC(=O)CN1CCCC1=O,CO,318.0,0.329096077949666,-0.1407427
NC(=O)CN1CCCC1=O,C1COCCO1,288.0,-1.72678706324504,-0.98566914
NC(=O)CN1CCCC1=O,CC(C)O,318.0,-0.560010028330359,-0.74577355
NC(=O)CN1CCCC1=O,CC(C)O,288.0,-1.17527838064175,-1.3000977
NC(=O)CN1CCCC1=O,CO,278.0,-0.345601395208862,-0.72347
NC(=O)CN1CCCC1=O,CO,278.0,-0.345601395208862,-0.72347
NC(=O)CN1CCCC1=O,C1COCCO1,303.0,-1.51650737210536,-0.76112443
NC(=O)CN1CCCC1=O,CCO,313.0,-0.366049076547622,-0.5709915
NC(=O)CN1CCCC1=O,CCO,323.0,-0.176350858788207,-0.43147197
NC(=O)CN1CCCC1=O,C1COCCO1,318.0,-1.22810839499314,-0.5506017
NC(=O)CN1CCCC1=O,CC(C)=O,303.0,-1.28709801520762,-0.9868326
NC(=O)CN1CCCC1=O,CCO,318.0,-0.277469651845685,-0.49985352
NC(=O)CN1CCCC1=O,CCO,288.0,-0.837929351617366,-0.9856428
NC(=O)CN1CCCC1=O,CCO,303.0,-0.551582410480864,-0.72350615
NC(=O)CN1CCCC1=O,CO,278.0,-0.344511571595802,-0.72347
NC(=O)CN1CCCC1=O,CO,278.0,-0.344511571595802,-0.72347
NC(=O)CN1CCCC1=O,CC(C)O,303.0,-0.872855544547795,-1.0054423
NC(=O)CN1CCCC1=O,CC(C)=O,318.0,-1.0497005738536,-0.81798595
NC(=O)CN1CCCC1=O,CO,313.0,0.244940062731151,-0.20544763
O=C(O)c1ccccc1,CCO,278.15,0.4077149476603,0.3733064
O=C(O)c1ccccc1,CCO,283.15,0.446752775435097,0.4424969
O=C(O)c1ccccc1,CCO,293.15,0.532976208643306,0.57865435
O=C(O)c1ccccc1,CCO,303.15,0.61627566421409,0.7111862
O=C(O)c1ccccc1,CCO,313.15,0.709507734892822,0.83917236
O=C(O)c1ccccc1,CCO,323.15,0.797875847811446,0.96263134
CC(C(=O)O)c1cccc(C(=O)c2ccccc2)c1,CCO,303.15,0.054664565410516,-0.33561146
CC(C(=O)O)c1cccc(C(=O)c2ccccc2)c1,CCO,303.15,0.054664565410516,-0.33561146
CC(C(=O)O)c1cccc(C(=O)c2ccccc2)c1,CCO,303.15,0.054664565410516,-0.33561146
CC(C(=O)O)c1cccc(C(=O)c2ccccc2)c1,CCO,293.15,-0.266747417664171,-0.5478296
CC(C(=O)O)c1cccc(C(=O)c2ccccc2)c1,CCO,293.15,-0.266747417664171,-0.5478296
CC(C(=O)O)c1cccc(C(=O)c2ccccc2)c1,CCO,293.15,-0.266747417664171,-0.5478296
CC(C(=O)O)c1cccc(C(=O)c2ccccc2)c1,CCO,298.15,-0.104312448394917,-0.44071463
CC(C(=O)O)c1cccc(C(=O)c2ccccc2)c1,CCO,298.15,-0.104312448394917,-0.44071463
CC(C(=O)O)c1cccc(C(=O)c2ccccc2)c1,CCO,298.15,-0.104312448394917,-0.44071463
CC(C(=O)O)c1cccc(C(=O)c2ccccc2)c1,CCO,298.15,-0.104312448394917,-0.44071463
CC(C(=O)O)c1cccc(C(=O)c2ccccc2)c1,CCO,298.15,-0.104312448394917,-0.44071463
CC(C(=O)O)c1cccc(C(=O)c2ccccc2)c1,CCO,298.15,-0.104312448394917,-0.44071463
CC(C(=O)O)c1cccc(C(=O)c2ccccc2)c1,CCO,298.15,-0.104312448394917,-0.44071463
CC(C(=O)O)c1cccc(C(=O)c2ccccc2)c1,CCO,308.15,0.215731876084718,-0.2347577
CC(C(=O)O)c1cccc(C(=O)c2ccccc2)c1,CCO,313.15,0.42339095658858,-0.13999222
Clc1cc(Cl)c(-c2c(Cl)cc(Cl)cc2Cl)c(Cl)c1,O,278.15,-8.55369424488663,-3.1053572
Clc1cc(Cl)c(-c2c(Cl)cc(Cl)cc2Cl)c(Cl)c1,O,288.15,-8.32324532350835,-2.9292922
Clc1cc(Cl)c(-c2c(Cl)cc(Cl)cc2Cl)c(Cl)c1,O,298.15,-8.10653621354441,-2.754912
Clc1cc(-c2ccccc2)c(Cl)c(Cl)c1Cl,O,278.15,-7.71409368557606,-1.9711438
Clc1cc(Cl)c(-c2c(Cl)cc(Cl)cc2Cl)c(Cl)c1,O,308.15,-7.92022578930704,-2.5844529
Clc1cc(-c2ccccc2)c(Cl)c(Cl)c1Cl,O,298.15,-7.2691571142278,-1.5946807
Clc1cc(-c2ccccc2)c(Cl)c(Cl)c1Cl,O,288.15,-7.45368154082034,-1.782508
Clc1cc(Cl)c(-c2c(Cl)cc(Cl)cc2Cl)c(Cl)c1,O,318.15,-7.74751427090274,-2.4167924
Clc1ccc(-c2ccc(Cl)cc2)cc1,O,278.15,-7.02413427758722,-1.4692309
Clc1cc(-c2ccccc2)c(Cl)c(Cl)c1Cl,O,308.15,-7.00743685257375,-1.4070864
Clc1cc(Cl)c(-c2ccccc2)cc1Cl,O,288.15,-6.57438998902096,-1.3966452
Clc1ccc(-c2ccc(Cl)cc2)cc1,O,288.15,-6.80727747352836,-1.2775158
Clc1ccc(-c2ccc(Cl)cc2)cc1,O,318.15,-6.07684062810322,-0.71420676
Clc1ccc(-c2ccccc2)cc1,O,278.15,-5.35937675737823,-0.6549947
Clc1ccc(-c2ccc(Cl)cc2)cc1,O,298.15,-6.59047871664865,-1.0884612
Clc1cc(-c2ccccc2)c(Cl)c(Cl)c1Cl,O,318.15,-6.71409368557606,-1.217933
Clc1cc(Cl)c(-c2ccccc2)cc1Cl,O,278.15,-6.79222431202103,-1.5875456
Clc1ccc(-c2ccccc2)cc1,O,288.15,-5.24486479723307,-0.46344092
Clc1ccc(-c2ccc(Cl)cc2)cc1,O,308.15,-6.32104770705637,-0.900569
Clc1cc(Cl)c(-c2ccccc2)cc1Cl,O,298.15,-6.38286849841266,-1.2068694
Clc1cc(Cl)c(Cl)c(Cl)c1Cl,O,288.15,-5.98935886605505,-1.1582748
Clc1cc(Cl)c(Cl)c(Cl)c1Cl,O,278.15,-6.23282458044001,-1.3410294
Clc1cc(Cl)c(-c2ccccc2)cc1Cl,O,308.15,-6.10067832576422,-1.015852
Clc1cc(Cl)c(-c2ccccc2)cc1Cl,O,318.15,-5.88966042379955,-0.8241676
Clc1cc(Cl)c(Cl)c(Cl)c1,O,278.15,-5.09974371296742,-0.6653151
Clc1cc(Cl)c(Cl)c(Cl)c1Cl,O,308.15,-5.60320410758617,-0.7939101
Clc1cc(Cl)c(Cl)c(Cl)c1Cl,O,298.15,-5.77197855970869,-0.97459745
Clc1cc(Cl)c(Cl)c(Cl)c1,O,288.15,-4.94458636074738,-0.48936594
Clc1cc(Cl)c(Cl)c(Cl)c1Cl,O,318.15,-5.46171881799784,-0.61439943
Clc1ccc(-c2ccccc2)cc1,O,308.15,-4.93778884106975,-0.07440038
Clc1ccc(-c2ccccc2)cc1,O,298.15,-5.13752800776188,-0.269917
c1ccc2c(c1)oc1ccccc12,O,278.15,-4.9435160037527,-1.1707404
c1ccc2c(c1)oc1ccccc12,O,288.15,-4.74201328909499,-0.9702466
Clc1cccc(Cl)c1Cl,O,278.15,-4.37087489030338,0.006443575
Clc1ccc(-c2ccccc2)cc1,O,318.15,-4.79137499130953,0.121714786
Clc1cc(Cl)c(Cl)c(Cl)c1,O,298.15,-4.79363419177416,-0.31352693
Clc1cc(Cl)c(Cl)c(Cl)c1,O,308.15,-4.62432892206177,-0.13980393
Clc1cc(Cl)cc(Cl)c1,O,278.15,-4.59046168437986,-0.7503759
c1ccc2c(c1)oc1ccccc12,O,298.15,-4.54876432756866,-0.7695675
Clc1cc(Cl)c(Cl)c(Cl)c1,O,318.15,-4.48323730932587,0.029298946
c1ccc2c(c1)oc1ccccc12,O,308.15,-4.34693614169232,-0.5708268
Clc1cccc(Cl)c1Cl,O,298.15,-3.96932138615659,0.351305
Clc1cc(Cl)cc(Cl)c1,O,298.15,-4.32773329689696,-0.40846747
Clc1cc(Cl)cc(Cl)c1,O,288.15,-4.45645301449072,-0.5783912
c1ccc2c(c1)oc1ccccc12,O,318.15,-4.15727207544737,-0.3773256
Clc1cc(Cl)cc(Cl)c1,O,308.15,-4.20821846909828,-0.2396849
Clc1cc(Cl)cc(Cl)c1,O,318.15,-4.06337326657313,-0.071703896
CC(=O)Nc1ccc(O)cc1,Cc1ccccc1,303.0,-2.71433965913913,-1.443323
CC(=O)Nc1ccc(O)cc1,Cc1ccccc1,298.0,-2.67411195707872,-1.5366763
CC(=O)Nc1ccc(O)cc1,Cc1ccccc1,293.0,-2.67292320093328,-1.631211
CC(=O)Nc1ccc(O)cc1,O,303.0,-0.940656818003192,-1.1670104
CC(=O)Nc1ccc(O)cc1,O,303.0,-0.940656818003192,-1.1670104
CC(=O)Nc1ccc(O)cc1,O,303.0,-0.940656818003192,-1.1670104
CC(=O)Nc1ccc(O)cc1,Cc1ccccc1,273.0,-2.88951837728761,-2.019123
CC(=O)Nc1ccc(O)cc1,O,298.0,-1.00727762298329,-1.249991
CC(=O)Nc1ccc(O)cc1,O,298.0,-1.00727762298329,-1.249991
CC(=O)Nc1ccc(O)cc1,O,298.0,-1.00727762298329,-1.249991
CC(=O)Nc1ccc(O)cc1,CC(C)O,268.0,-0.462595562823597,-1.8230662
CC(=O)Nc1ccc(O)cc1,CCOC(C)=O,293.0,-1.29425502947304,-1.3402468
CC(=O)Nc1ccc(O)cc1,O,293.0,-1.07331492382429,-1.3339701
CC(=O)Nc1ccc(O)cc1,O,293.0,-1.07331492382429,-1.3339701
CC(=O)Nc1ccc(O)cc1,O,293.0,-1.07331492382429,-1.3339701
CC(=O)Nc1ccc(O)cc1,CC(C)O,283.0,-0.335804365373481,-1.5252359
CC(=O)Nc1ccc(O)cc1,CCOC(C)=O,283.0,-1.41161489754222,-1.4792178
CC(=O)Nc1ccc(O)cc1,O,273.0,-1.31499741961103,-1.6812387
CC(=O)Nc1ccc(O)cc1,O,273.0,-1.31499741961103,-1.6812387
CC(=O)Nc1ccc(O)cc1,O,283.0,-1.2040524449833,-1.5065105
CC(=O)Nc1ccc(O)cc1,O,283.0,-1.2040524449833,-1.5065105
CC(=O)Nc1ccc(O)cc1,CC#N,293.0,-0.921197771579794,-1.2758305
CC(=O)Nc1ccc(O)cc1,O,288.0,-1.13666105964762,-1.419136
CC(=O)Nc1ccc(O)cc1,O,288.0,-1.13666105964762,-1.419136
CC(=O)Nc1ccc(O)cc1,CCOC(C)=O,303.0,-1.19981880837459,-1.2026023
CC(=O)Nc1ccc(O)cc1,CC#N,273.0,-1.22518040122497,-1.6512662
CC(=O)Nc1ccc(O)cc1,CC#N,283.0,-1.07600797874868,-1.4600406
CC(=O)Nc1ccc(O)cc1,O,278.0,-1.26201505824997,-1.5934627
CC(=O)Nc1ccc(O)cc1,O,278.0,-1.26201505824997,-1.5934627
CC(=O)Nc1ccc(O)cc1,CCCCO,273.0,-0.546946476991171,-1.7887056
CC(=O)Nc1ccc(O)cc1,CC#N,303.0,-0.775180866749187,-1.0977867
CC(=O)Nc1ccc(O)cc1,CC(C)O,273.0,-0.421462401868586,-1.7207829
CC(=O)Nc1ccc(O)cc1,CCOC(C)=O,273.0,-1.49195856427955,-1.6207187
CC(=O)Nc1ccc(O)cc1,CCCO,303.0,-0.155173307374929,-1.1126776
CC(=O)Nc1ccc(O)cc1,CC(C)=O,278.0,-0.477362183572895,-1.0309929
CC(=O)Nc1ccc(O)cc1,CCCCCO,303.0,-0.441121510084068,-1.1659989
CC(=O)Nc1ccc(O)cc1,CCCCCCCO,303.0,-0.694616453495573,-1.3667864
CC(=O)Nc1ccc(O)cc1,CCCO,273.0,-0.406540693543636,-1.6652576
CC(=O)Nc1ccc(O)cc1,CCCCCCCCO,303.0,-0.827138468696219,-1.5459505
CC(=O)Nc1ccc(O)cc1,CC(C)O,293.0,-0.247110100825756,-1.3410598
CC(=O)Nc1ccc(O)cc1,CCCCO,303.0,-0.303544937511314,-1.2549473
CC(=O)Nc1ccc(O)cc1,CC(C)O,303.0,-0.158299437836526,-1.1666796
CC(=O)Nc1ccc(O)cc1,CCO,303.0,0.080242632848397,-0.9506254
CC(=O)Nc1ccc(O)cc1,CC(C)=O,273.0,-0.524001087456426,-1.0959873
CC(=O)Nc1ccc(O)cc1,CC(C)=O,293.0,-0.335830906152151,-0.84303296
CC(=O)Nc1ccc(O)cc1,CC(C)=O,303.0,-0.239010887589267,-0.7261019
CC(=O)Nc1ccc(O)cc1,CCC(C)=O,303.0,-0.433848805470452,-0.8656401
CC(=O)Nc1ccc(O)cc1,CC(C)=O,283.0,-0.432069169434797,-0.96764195
CC(=O)Nc1ccc(O)cc1,CCO,293.0,-0.001743755049292,-1.1202661
CC(=O)Nc1ccc(O)cc1,CCCCO,293.0,-0.383863741574041,-1.427933
CC(=O)Nc1ccc(O)cc1,C1COCCO1,303.0,-0.937003619316827,-0.7810312
CC(=O)Nc1ccc(O)cc1,CCCO,293.0,-0.24007427288503,-1.2904633
CC(=O)Nc1ccc(O)cc1,CC(C)=O,288.0,-0.383023478359929,-0.9045723
CC(=O)Nc1ccc(O)cc1,CC(=O)CC(C)C,303.0,-1.02929862211322,-1.1210032
CC(=O)Nc1ccc(O)cc1,CCO,283.0,-0.083685523804263,-1.3003558
CC(=O)Nc1ccc(O)cc1,CCCO,283.0,-0.324148299088403,-1.4726256
CC(=O)Nc1ccc(O)cc1,CC(C)=O,298.0,-0.28558191590968,-0.7829713
CC(=O)Nc1ccc(O)cc1,CO,303.0,0.284789931002831,-0.6639547
CC(=O)Nc1ccc(O)cc1,CC(C)=O,268.0,-0.564024224705742,-1.161406
CC(=O)Nc1ccc(O)cc1,CO,283.0,0.104247545959894,-0.96106374
CC(=O)Nc1ccc(O)cc1,CCCCCCO,303.0,-0.572715562354238,-1.2774607
CC(=O)Nc1ccc(O)cc1,CO,293.0,0.193609582793823,-0.8120256
CC(=O)Nc1ccc(O)cc1,CCO,273.0,-0.159879096407711,-1.4880006
CC(=O)Nc1ccc(O)cc1,CO,268.0,-0.026431673307025,-1.1992275
CC(=O)Nc1ccc(O)cc1,CC(=O)O,303.0,-0.244682253128377,-0.65599954
CC(=O)Nc1ccc(O)cc1,C1CCOC1,303.0,-0.04515394053787,-0.5435835
CC(=O)Nc1ccc(O)cc1,OCCO,303.0,0.024027299003738,-0.95979315
CC(=O)Nc1ccc(O)cc1,CO,273.0,0.01162092722793,-1.1176667
CC(=O)Nc1ccc(O)cc1,CCNCC,303.0,0.783738667972405,-2.0018837
CC(=O)Nc1ccc(O)cc1,CN(C)C=O,303.0,0.798778881232803,-0.36291388
CC(=O)Nc1ccc(O)cc1,CS(C)=O,303.0,0.916294854505561,-0.38726473
CC(=O)Nc1ccc(O)cc1,Cc1ccccc1,278.0,-2.80284895552015,-1.9197619
CC(=O)Nc1ccc(O)cc1,Cc1ccccc1,283.0,-2.73135130372007,-1.8220932
CC(=O)Nc1ccc(O)cc1,ClCCl,303.0,-2.55767367690222,-1.7933891
CC(=O)Nc1ccc(O)cc1,Cc1ccccc1,288.0,-2.68249946737928,-1.7261335
CC(=O)Nc1ccc(O)cc1,ClC(Cl)(Cl)Cl,303.0,-2.03232858371066,-2.2478523
CC(=O)Nc1ccc(O)cc1,ClC(Cl)Cl,303.0,-1.82421760298249,-1.6495608
CC(=O)Nc1ccc(O)cc1,CCOC(C)=O,268.0,-1.56179912738234,-1.694463
CC(=O)Nc1ccc(O)cc1,CCOC(C)=O,278.0,-1.45451155030187,-1.5486491
CC(=O)Nc1ccc(O)cc1,CCOC(C)=O,288.0,-1.35443395794493,-1.4100434
CC(=O)Nc1ccc(O)cc1,CC#N,268.0,-1.29549298210383,-1.7475624
CC(=O)Nc1ccc(O)cc1,CCOC(C)=O,298.0,-1.24852070365601,-1.2710235
CC(=O)Nc1ccc(O)cc1,CC#N,278.0,-1.14834347268038,-1.5550332
CC(=O)Nc1ccc(O)cc1,CC#N,288.0,-0.995124968074842,-1.366985
CC(=O)Nc1ccc(O)cc1,CC#N,298.0,-0.843772567746906,-1.1867718
CC(=O)Nc1ccc(O)cc1,CCCCO,268.0,-0.583501149421786,-1.8831166
CC(=O)Nc1ccc(O)cc1,CCCCO,278.0,-0.507132403423917,-1.6958978
CC(=O)Nc1ccc(O)cc1,CCCCO,283.0,-0.46514585339511,-1.6050463
CC(=O)Nc1ccc(O)cc1,CCCO,268.0,-0.445723885294559,-1.765227
CC(=O)Nc1ccc(O)cc1,CCCCO,288.0,-0.427992149878195,-1.5161269
CC(=O)Nc1ccc(O)cc1,CC(C)O,278.0,-0.378511220802758,-1.6215763
CC(=O)Nc1ccc(O)cc1,CCCO,278.0,-0.366462684707685,-1.5674522
CC(=O)Nc1ccc(O)cc1,CCCCO,298.0,-0.350185466170272,-1.3406624
CC(=O)Nc1ccc(O)cc1,CCCO,288.0,-0.286146718596002,-1.3810395
CC(=O)Nc1ccc(O)cc1,CC(C)O,288.0,-0.292633602668906,-1.4323294
CC(=O)Nc1ccc(O)cc1,CCO,268.0,-0.196457123314363,-1.5833228
CC(=O)Nc1ccc(O)cc1,CCCO,298.0,-0.198797023526617,-1.2012128
CC(=O)Nc1ccc(O)cc1,CC(C)O,298.0,-0.201796630429085,-1.252626
CC(=O)Nc1ccc(O)cc1,CCO,278.0,-0.123182223527537,-1.3932229
CC(=O)Nc1ccc(O)cc1,CCO,288.0,-0.045535628190411,-1.2093172
CC(=O)Nc1ccc(O)cc1,CCO,298.0,0.037688408007885,-1.0341225
CC(=O)Nc1ccc(O)cc1,CO,278.0,0.059462010429703,-1.0381832
CC(=O)Nc1ccc(O)cc1,CO,288.0,0.14608032332406,-0.88599217
CC(=O)Nc1ccc(O)cc1,CO,298.0,0.240848084503949,-0.7380972
CC(=O)Nc1ccc(O)cc1,O,303.15,-0.940748407727211,-1.1645467
CC(=O)Nc1ccc(O)cc1,O,303.15,-0.940748407727211,-1.1645467
CC(=O)Nc1ccc(O)cc1,O,298.15,-1.00727762298329,-1.2474784
CC(=O)Nc1ccc(O)cc1,O,298.15,-1.00727762298329,-1.2474784
CC(=O)Nc1ccc(O)cc1,O,293.15,-1.07340627960031,-1.3314517
CC(=O)Nc1ccc(O)cc1,O,293.15,-1.07340627960031,-1.3314517
CC(=O)Nc1ccc(O)cc1,O,273.15,-1.32089818621065,-1.678605
CC(=O)Nc1ccc(O)cc1,O,273.15,-1.32089818621065,-1.678605
CC(=O)Nc1ccc(O)cc1,O,283.15,-1.20429998665614,-1.5039027
CC(=O)Nc1ccc(O)cc1,O,283.15,-1.20429998665614,-1.5039027
CC(=O)Nc1ccc(O)cc1,O,289.15,-1.12370437179156,-1.3992645
CC(=O)Nc1ccc(O)cc1,O,289.15,-1.12370437179156,-1.3992645
CC(=O)Nc1ccc(O)cc1,O,288.15,-1.13675179104685,-1.4165318
CC(=O)Nc1ccc(O)cc1,O,288.15,-1.13675179104685,-1.4165318
CC(=O)Nc1ccc(O)cc1,O,278.15,-1.26192445214359,-1.5908538
CC(=O)Nc1ccc(O)cc1,O,278.15,-1.26192445214359,-1.5908538
CC(=O)Nc1ccc(O)cc1,O,296.15,-1.03376915364055,-1.2811054
CC(=O)Nc1ccc(O)cc1,O,296.15,-1.03376915364055,-1.2811054
NC(=O)N1c2ccccc2C=Cc2ccccc21,CCO,278.0,-1.27851567835896,-2.2747958
NC(=O)N1c2ccccc2C=Cc2ccccc21,CO,283.0,-0.669826390266992,-2.0987368
NC(=O)N1c2ccccc2C=Cc2ccccc21,CO,288.0,-0.613862090986715,-2.0139723
NC(=O)N1c2ccccc2C=Cc2ccccc21,CO,293.0,-0.553091315130809,-1.930135
NC(=O)N1c2ccccc2C=Cc2ccccc21,CCO,293.0,-1.06251734428545,-2.0183759
NC(=O)N1c2ccccc2C=Cc2ccccc21,CCO,283.0,-1.20630954778659,-2.188229
NC(=O)N1c2ccccc2C=Cc2ccccc21,CCO,288.0,-1.13701438389225,-2.102627
NC(=O)N1c2ccccc2C=Cc2ccccc21,CCO,303.0,-0.920668103732063,-1.8532654
NC(=O)N1c2ccccc2C=Cc2ccccc21,CCO,308.0,-0.846446179447214,-1.772063
NC(=O)N1c2ccccc2C=Cc2ccccc21,CCO,298.0,-0.991134017109925,-1.9354053
NC(=O)N1c2ccccc2C=Cc2ccccc21,CO,278.0,-0.727513536649038,-2.185109
NC(=O)N1c2ccccc2C=Cc2ccccc21,CO,298.0,-0.487589805814674,-1.8487276
NC(=O)N1c2ccccc2C=Cc2ccccc21,CO,303.0,-0.427686742759062,-1.7684038
NC(=O)N1c2ccccc2C=Cc2ccccc21,CO,308.0,-0.356923385040616,-1.6890024
CC(=O)Oc1ccccc1C(=O)O,CCCCOCCCC,298.15,-1.37386124278824,-0.84736645
CC(=O)Oc1ccccc1C(=O)O,CC(C)OC(C)C,298.15,-1.0555767451253,-1.0452192
CC(=O)Oc1ccccc1C(=O)O,CCCCCOC(C)=O,298.15,-0.732700299125533,-0.6507839
CC(=O)Oc1ccccc1C(=O)O,CCCC(=O)OC,298.15,-0.571095195852956,-0.44513708
CC(=O)Oc1ccccc1C(=O)O,CCCCC(CC)CO,298.15,-0.698503217805257,-0.98960817
CC(=O)Oc1ccccc1C(=O)O,CC(C)CCCC(C)CCO,298.15,-0.784952105720752,-0.8370144
CC(=O)Oc1ccccc1C(=O)O,CC1COC(=O)O1,298.15,-0.417963505310075,-0.1541349
CC(=O)Oc1ccccc1C(=O)O,CC(C)CO,298.15,-0.4481789254443,-0.48428097
CC(=O)Oc1ccccc1C(=O)O,CCCC(C)CO,298.15,-0.572089577356507,-0.6556437
CC(=O)Oc1ccccc1C(=O)O,CCCCOC(C)=O,298.15,-0.581605740224662,-0.9289999
CC(=O)Oc1ccccc1C(=O)O,CCCCCCCCO,298.15,-0.651332959832661,-0.77600265
CC(=O)Oc1ccccc1C(=O)O,CCCCCCCCO,298.15,-0.651332959832661,-0.77600265
CC(=O)Oc1ccccc1C(=O)O,CCC(C)CO,298.15,-0.48147928230875,-0.47433892
CC(=O)Oc1ccccc1C(=O)O,CCOCC,298.15,-0.453316493391069,-0.46158957
CC(=O)Oc1ccccc1C(=O)O,CCCCCCCCO,298.15,-0.629313474674475,-0.77600265
CC(=O)Oc1ccccc1C(=O)O,CCCCCCCCO,298.15,-0.629313474674475,-0.77600265
CC(=O)Oc1ccccc1C(=O)O,CCCCCCCCCCO,298.15,-0.702371430272323,-0.94875836
CC(=O)Oc1ccccc1C(=O)O,CC(C)CCO,298.15,-0.438403751637515,-0.490802
CC(=O)Oc1ccccc1C(=O)O,CCCCCCCO,298.15,-0.548046436889141,-0.8958734
CC(=O)Oc1ccccc1C(=O)O,CCCCCCCO,298.15,-0.548046436889141,-0.8958734
CC(=O)Oc1ccccc1C(=O)O,CCCCCCCO,298.15,-0.544316331882633,-0.8958734
CC(=O)Oc1ccccc1C(=O)O,CCCCCCCO,298.15,-0.544316331882633,-0.8958734
CC(=O)Oc1ccccc1C(=O)O,CCCCCCO,298.15,-0.486418208074812,-0.737592
CC(=O)Oc1ccccc1C(=O)O,CCCCCCO,298.15,-0.486418208074812,-0.737592
CC(=O)Oc1ccccc1C(=O)O,CC(C)CC(C)O,298.15,-0.4897135998478,-0.87485915
CC(=O)Oc1ccccc1C(=O)O,CCCCCO,298.15,-0.421051126610084,-0.49247697
CC(=O)Oc1ccccc1C(=O)O,CCCCCO,298.15,-0.421051126610084,-0.49247697
CC(=O)Oc1ccccc1C(=O)O,CCCCCO,298.15,-0.4192231616069,-0.49247697
CC(=O)Oc1ccccc1C(=O)O,CCCCCO,298.15,-0.4192231616069,-0.49247697
CC(=O)Oc1ccccc1C(=O)O,CCCCCCO,298.15,-0.481497763882351,-0.737592
CC(=O)Oc1ccccc1C(=O)O,CCCCCCO,298.15,-0.481497763882351,-0.737592
CC(=O)Oc1ccccc1C(=O)O,COC(C)(C)C,298.15,-0.454432306652929,-0.5139474
CC(=O)Oc1ccccc1C(=O)O,CCCO,298.15,-0.235198460790315,-0.3074876
CC(=O)Oc1ccccc1C(=O)O,CCCO,298.15,-0.235198460790315,-0.3074876
CC(=O)Oc1ccccc1C(=O)O,CCCC(C)O,298.15,-0.378082633788677,-0.684919
CC(=O)Oc1ccccc1C(=O)O,CCOC(C)=O,298.15,-0.318351105537151,-0.26789147
CC(=O)Oc1ccccc1C(=O)O,CCOC(C)=O,298.15,-0.318351105537151,-0.26789147
CC(=O)Oc1ccccc1C(=O)O,CCCCO,298.15,-0.284944602914897,-0.38901442
CC(=O)Oc1ccccc1C(=O)O,CCCCO,298.15,-0.284944602914897,-0.38901442
CC(=O)Oc1ccccc1C(=O)O,CCOC(C)=O,298.15,-0.308010706316809,-0.26789147
CC(=O)Oc1ccccc1C(=O)O,CCOC(C)=O,298.15,-0.308010706316809,-0.26789147
CC(=O)Oc1ccccc1C(=O)O,CCCCO,298.15,-0.276385613161628,-0.38901442
CC(=O)Oc1ccccc1C(=O)O,CCCCO,298.15,-0.276385613161628,-0.38901442
CC(=O)Oc1ccccc1C(=O)O,CCCO,298.15,-0.155871512293408,-0.3074876
CC(=O)Oc1ccccc1C(=O)O,CCCO,298.15,-0.155871512293408,-0.3074876
CC(=O)Oc1ccccc1C(=O)O,C1COCCO1,298.15,-0.19668891546567,-0.07272071
CC(=O)Oc1ccccc1C(=O)O,C1COCCO1,298.15,-0.19668891546567,-0.07272071
CC(=O)Oc1ccccc1C(=O)O,CC(C)O,298.15,-0.142522336709849,-0.390256
CC(=O)Oc1ccccc1C(=O)O,COC(C)=O,298.15,-0.154314313235711,-0.38864917
CC(=O)Oc1ccccc1C(=O)O,CCC(C)O,298.15,-0.210953033064848,-0.5123631
CC(=O)Oc1ccccc1C(=O)O,CC(C)(C)O,298.15,-0.110910698706155,-0.20871274
CC(=O)Oc1ccccc1C(=O)O,CCC(C)(C)O,298.15,-0.08417848364387,-0.36874637
CC(=O)Oc1ccccc1C(=O)O,C1COCCO1,298.15,0.227693943056838,-0.07272071
CC(=O)Oc1ccccc1C(=O)O,C1COCCO1,298.15,0.227693943056838,-0.07272071
CC(=O)Oc1ccccc1C(=O)O,C1CCOC1,298.15,0.462618925452895,0.10533415
Cc1ccccc1C(=O)O,CC1COC(=O)O1,298.15,-0.298886098096855,0.21199597
Cc1ccccc1C(=O)O,CCCCOCCCC,298.15,-0.212416483030195,-0.15152735
Cc1ccccc1C(=O)O,CC(C)OC(C)C,298.15,-0.035806244991191,-0.49563038
Cc1ccccc1C(=O)O,CC(C)CO,298.15,0.181016238920735,0.06283015
Cc1ccccc1C(=O)O,COC(C)=O,298.15,0.27560951039371,0.27289188
Cc1ccccc1C(=O)O,CCC(C)CO,298.15,0.170973638835397,0.07767266
Cc1ccccc1C(=O)O,CCO,298.15,0.443651610080941,0.46732283
Cc1ccccc1C(=O)O,CCCO,298.15,0.354483311463578,0.3578667
Cc1ccccc1C(=O)O,CC(C)CCO,298.15,0.200970734966379,0.029055193
Cc1ccccc1C(=O)O,CCCCCOC(C)=O,298.15,0.072492036464097,-0.06482366
Cc1ccccc1C(=O)O,CCOC(C)=O,298.15,0.260195593144759,0.36724085
Cc1ccccc1C(=O)O,CCCCOC(C)=O,298.15,0.130645310569763,-0.11480899
Cc1ccccc1C(=O)O,CCCCO,298.15,0.302630605339172,0.22152483
Cc1ccccc1C(=O)O,CC(C)O,298.15,0.399178258946574,0.23617081
Cc1ccccc1C(=O)O,CCCCCO,298.15,0.259384506908317,0.07888071
Cc1ccccc1C(=O)O,CCC(C)O,298.15,0.347327737864456,0.21032886
Cc1ccccc1C(=O)O,CCCCCCO,298.15,0.215298887983836,0.044578
Cc1ccccc1C(=O)O,CCOCC,298.15,0.300316561939254,0.28074324
Cc1ccccc1C(=O)O,CC(C)CC(C)O,298.15,0.220423247625093,-0.33604676
Cc1ccccc1C(=O)O,CCCCCCCO,298.15,0.176356837053037,-0.17542301
Cc1ccccc1C(=O)O,CCCCCCCCO,298.15,0.129831087791437,-0.10967393
Cc1ccccc1C(=O)O,CCCCCCCCCCO,298.15,0.07581820783682,-0.2697781
Cc1ccccc1C(=O)O,CCCC(C)O,298.15,0.322375468359734,-0.028287977
Cc1ccccc1C(=O)O,CC(C)(C)O,298.15,0.457464794024513,0.1708647
Cc1ccccc1C(=O)O,C1COCCO1,298.15,0.598371553170406,0.4790352
Cc1ccccc1C(=O)O,C1CCOC1,298.15,0.643486655806782,0.7369063
CC(C(=O)O)c1cccc(C(=O)c2ccccc2)c1,CO,298.15,0.043660649228208,-0.27943993
CC(C(=O)O)c1cccc(C(=O)c2ccccc2)c1,CO,298.15,0.043660649228208,-0.27943993
CC(C(=O)O)c1cccc(C(=O)c2ccccc2)c1,CO,298.15,0.043660649228208,-0.27943993
CC(C(=O)O)c1cccc(C(=O)c2ccccc2)c1,CO,298.15,0.043660649228208,-0.27943993
CC(C(=O)O)c1cccc(C(=O)c2ccccc2)c1,CO,298.15,0.043660649228208,-0.27943993
CC(C(=O)O)c1cccc(C(=O)c2ccccc2)c1,CO,298.15,0.043660649228208,-0.27943993
CC(C(=O)O)c1cccc(C(=O)c2ccccc2)c1,CO,298.15,0.043660649228208,-0.27943993
CC(C(=O)O)c1cccc(C(=O)c2ccccc2)c1,CCO,298.15,0.10894319399909,-0.44071463
CC(C(=O)O)c1cccc(C(=O)c2ccccc2)c1,CCO,298.15,0.10894319399909,-0.44071463
CC(C(=O)O)c1cccc(C(=O)c2ccccc2)c1,CCO,298.15,0.10894319399909,-0.44071463
CC(C(=O)O)c1cccc(C(=O)c2ccccc2)c1,CCO,298.15,0.10894319399909,-0.44071463
CC(C(=O)O)c1cccc(C(=O)c2ccccc2)c1,CCO,298.15,0.10894319399909,-0.44071463
CC(C(=O)O)c1cccc(C(=O)c2ccccc2)c1,CCO,298.15,0.10894319399909,-0.44071463
CC(C(=O)O)c1cccc(C(=O)c2ccccc2)c1,CCO,298.15,0.10894319399909,-0.44071463
CC(C(=O)O)c1cccc(C(=O)c2ccccc2)c1,CCCCCO,298.15,-0.110208426067286,-0.8678935
CC(C(=O)O)c1cccc(C(=O)c2ccccc2)c1,CCCCCCCCCCO,298.15,-0.323780444116908,-1.453228
CC(C(=O)O)c1cccc(C(=O)c2ccccc2)c1,CCCO,298.15,0.091961264764541,-0.53607893
CC(C(=O)O)c1cccc(C(=O)c2ccccc2)c1,CC(C)CO,298.15,0.084596635614291,-0.8870977
CC(C(=O)O)c1cccc(C(=O)c2ccccc2)c1,CCOCC,298.15,0.080729369923617,-0.7243676
CC(C(=O)O)c1cccc(C(=O)c2ccccc2)c1,CC(C)O,298.15,0.277869277145611,-0.90902454
CC(C(=O)O)c1cccc(C(=O)c2ccccc2)c1,CC(C)O,298.15,0.277869277145611,-0.90902454
CC(C(=O)O)c1cccc(C(=O)c2ccccc2)c1,CC(C)O,298.15,0.277869277145611,-0.90902454
CC(C(=O)O)c1cccc(C(=O)c2ccccc2)c1,CCC(C)O,298.15,0.275779029490514,-0.8194399
CC(C(=O)O)c1cccc(C(=O)c2ccccc2)c1,CCOC(C)=O,298.15,0.267273214736891,-0.48607728
CC(C(=O)O)c1cccc(C(=O)c2ccccc2)c1,CCOC(C)=O,298.15,0.267273214736891,-0.48607728
CC(C(=O)O)c1cccc(C(=O)c2ccccc2)c1,CCOC(C)=O,298.15,0.267273214736891,-0.48607728
Nc1ccc(C(=O)O)cc1,CCCCCCCCCCO,298.15,-1.03390421317078,-1.5113661
Nc1ccc(C(=O)O)cc1,CC(C)CO,298.15,-0.714528525598765,-1.3937209
Nc1ccc(C(=O)O)cc1,CC(C)CCO,298.15,-0.729075786065201,-1.460952
Nc1ccc(C(=O)O)cc1,CCCCCCCCO,298.15,-0.8702606002042,-1.253072
Nc1ccc(C(=O)O)cc1,CCCCCCCO,298.15,-0.784363384072687,-1.2666869
Nc1ccc(C(=O)O)cc1,CCCC(C)O,298.15,-0.658725201201275,-1.9258459
Nc1ccc(C(=O)O)cc1,CCCCCO,298.15,-0.603620274555377,-1.4708998
Nc1ccc(C(=O)O)cc1,CCCCCCO,298.15,-0.660962242295035,-1.3087647
Nc1ccc(C(=O)O)cc1,CCC(C)O,298.15,-0.503276506733404,-1.5011685
Nc1ccc(C(=O)O)cc1,CCCCO,298.15,-0.450533515084228,-1.2466558
Nc1ccc(C(=O)O)cc1,CC(C)O,298.15,-0.362736909526852,-1.2306427
Nc1ccc(C(=O)O)cc1,CCCO,298.15,-0.339658663856661,-1.1194272
Nc1ccc(C(=O)O)cc1,CCO,298.15,-0.041456513899678,-0.928036
Nc1ccc(C(=O)O)cc1,C1COCCO1,298.15,-0.055865421759631,-1.4001613
O=C(O)c1ccc(Cl)c([N+](=O)[O-])c1,CCCCOCCCC,298.15,-1.28403821813765,-0.8472127
O=C(O)c1ccc(Cl)c([N+](=O)[O-])c1,CC(C)OC(C)C,298.15,-1.0328193620312,-1.2593018
O=C(O)c1ccc(Cl)c([N+](=O)[O-])c1,CC1COC(=O)O1,298.15,-0.793799942941405,-0.29316795
O=C(O)c1cc([N+](=O)[O-])ccc1Cl,CCCCOCCCC,298.15,-1.00858101187653,-0.843739
O=C(O)c1ccc(Cl)c([N+](=O)[O-])c1,CC(C)CO,298.15,-0.715539447719604,-1.076463
O=C(O)c1ccc(Cl)c([N+](=O)[O-])c1,CCCC(C)CO,298.15,-0.709534962976711,-1.0966845
O=C(O)c1ccc(Cl)c([N+](=O)[O-])c1,CCCCC(CC)CO,298.15,-0.803175688071764,-1.244083
O=C(O)c1ccc(Cl)c([N+](=O)[O-])c1,CCCC(=O)OC,298.15,-0.664333889216095,-0.49240708
O=C(O)c1ccc(Cl)c([N+](=O)[O-])c1,CCCCCOC(C)=O,298.15,-0.777678630433095,-0.6026771
O=C(O)c1ccc(Cl)c([N+](=O)[O-])c1,CCOCC,298.15,-0.615000046359339,-0.67923105
O=C(O)c1ccc(Cl)c([N+](=O)[O-])c1,CC(C)CCO,298.15,-0.60899354031744,-1.100118
O=C(O)c1cc([N+](=O)[O-])ccc1Cl,CC(C)OC(C)C,298.15,-0.718705017246949,-1.2087854
O=C(O)c1ccc(Cl)c([N+](=O)[O-])c1,CCCO,298.15,-0.413515904709069,-0.88119376
O=C(O)c1ccc(Cl)c([N+](=O)[O-])c1,CCCCO,298.15,-0.490024621851028,-1.0284317
O=C(O)c1ccc(Cl)c([N+](=O)[O-])c1,CC(C)CC(C)O,298.15,-0.627999484960021,-1.4142056
O=C(O)c1ccc(Cl)c([N+](=O)[O-])c1,CCC(C)O,298.15,-0.479399873884496,-1.0779182
O=C(O)c1ccc(Cl)c([N+](=O)[O-])c1,CCCOC(C)=O,298.15,-0.576513023904933,-0.5273723
O=C(O)c1ccc(Cl)c([N+](=O)[O-])c1,CCCCCO,298.15,-0.544652114594445,-0.86072886
O=C(O)c1ccc(Cl)c([N+](=O)[O-])c1,CCCCOC(C)=O,298.15,-0.626120138065748,-0.76864725
O=C(O)c1ccc(Cl)c([N+](=O)[O-])c1,CC(C)O,298.15,-0.388837112397429,-1.0106109
O=C(O)c1ccc(Cl)c([N+](=O)[O-])c1,CCCC(C)O,298.15,-0.503640223870039,-1.2452991
O=C(O)c1ccc(Cl)c([N+](=O)[O-])c1,CCCCCCO,298.15,-0.562421525780153,-1.0816268
O=C(O)c1ccc(Cl)c([N+](=O)[O-])c1,CCO,298.15,-0.228763972158778,-0.8006493
O=C(O)c1ccc(Cl)c([N+](=O)[O-])c1,CCCCCCCO,298.15,-0.594638414169011,-1.0085683
O=C(O)c1ccc(Cl)c([N+](=O)[O-])c1,CCCCCCCCCCO,298.15,-0.720619538264399,-0.9978326
O=C(O)c1ccc(Cl)c([N+](=O)[O-])c1,CC(C)(C)O,298.15,-0.416313306455079,-0.8213244
O=C(O)c1ccc(Cl)c([N+](=O)[O-])c1,COC(C)=O,298.15,-0.339008662008472,-0.4819187
O=C(O)c1ccc(Cl)c([N+](=O)[O-])c1,CCOC(C)=O,298.15,-0.425642531288206,-0.4284408
O=C(O)c1ccc(Cl)c([N+](=O)[O-])c1,CCCCCCCCO,298.15,-0.628308301924447,-0.8956447
O=C(O)c1cc([N+](=O)[O-])ccc1Cl,CCOCC,298.15,-0.223078152604586,-0.66165847
O=C(O)c1cc([N+](=O)[O-])ccc1Cl,CC(C)CO,298.15,-0.164561247217017,-1.0434048
O=C(O)c1cc([N+](=O)[O-])ccc1Cl,CCCOC(C)=O,298.15,-0.257661736310862,-0.47642422
O=C(O)c1cc([N+](=O)[O-])ccc1Cl,CCCCOC(C)=O,298.15,-0.296128153137456,-0.7684594
O=C(O)c1cc([N+](=O)[O-])ccc1Cl,COC(C)=O,298.15,-0.018134836897419,-0.41220382
O=C(O)c1cc([N+](=O)[O-])ccc1Cl,CCCCCCCCCCO,298.15,-0.387325467023589,-0.98937076
O=C(O)c1cc([N+](=O)[O-])ccc1Cl,CCCCO,298.15,-0.061733966933548,-1.0047885
O=C(O)c1cc([N+](=O)[O-])ccc1Cl,CCCCCCCCO,298.15,-0.295964352559057,-0.8829892
O=C(O)c1cc([N+](=O)[O-])ccc1Cl,CC(C)CCO,298.15,-0.128581545358539,-1.067332
O=C(O)c1cc([N+](=O)[O-])ccc1Cl,CCCO,298.15,0.037121460090772,-0.8451276
O=C(O)c1cc([N+](=O)[O-])ccc1Cl,CCOC(C)=O,298.15,-0.076810806346531,-0.39819992
O=C(O)c1cc([N+](=O)[O-])ccc1Cl,CCCCCCCO,298.15,-0.237578466655766,-1.0153775
O=C(O)c1cc([N+](=O)[O-])ccc1Cl,CCCCCCO,298.15,-0.160102305326624,-1.0537913
O=C(O)c1cc([N+](=O)[O-])ccc1Cl,CCCCCO,298.15,-0.0894565303641,-0.8000044
O=C(O)c1cc([N+](=O)[O-])ccc1Cl,CCCC(C)O,298.15,-0.075867485368656,-1.1976421
O=C(O)c1cc([N+](=O)[O-])ccc1Cl,CCC(C)O,298.15,0.014184608194877,-1.0299132
O=C(O)c1cc([N+](=O)[O-])ccc1Cl,CC(C)O,298.15,0.114634967252209,-1.0081196
O=C(O)c1cc([N+](=O)[O-])ccc1Cl,CCO,298.15,0.234234886999361,-0.8022369
O=C(O)c1cc([N+](=O)[O-])ccc1Cl,CC(C)(C)O,298.15,0.140148181457386,-0.8793406
O=C(O)c1ccc(Cl)c([N+](=O)[O-])c1,C1COCCO1,298.15,0.256865466624895,-0.42222124
O=C(O)c1ccc(Cl)c([N+](=O)[O-])c1,C1CCOC1,298.15,0.405664060742043,-0.24506727
O=C(O)c1cc([N+](=O)[O-])ccc1Cl,C1CCOC1,298.15,0.668909313882838,-0.15232809
O=C1c2ccccc2C(=O)c2c(Cl)cccc21,CO,298.15,-2.23192914384238,-1.728617
O=C1c2ccccc2C(=O)c2c(Cl)cccc21,CC(C)CC(C)(C)C,298.15,-2.75308232988848,-2.7790422
O=C1c2ccccc2C(=O)c2c(Cl)cccc21,CCCCCC,298.15,-2.63710319349365,-2.7657242
O=C1c2ccccc2C(=O)c2c(Cl)cccc21,CC(C)O,298.15,-2.36851204106077,-1.8556244
O=C1c2ccccc2C(=O)c2c(Cl)cccc21,CCO,298.15,-2.20707908063727,-1.6208599
O=C1c2ccccc2C(=O)c2c(Cl)cccc21,C1CCCCC1,298.15,-2.45213656501246,-2.146727
O=C1c2ccccc2C(=O)c2c(Cl)cccc21,CC(C)CO,298.15,-2.35892967742457,-1.652787
O=C1c2ccccc2C(=O)c2c(Cl)cccc21,CCCCCCC,298.15,-2.55785634898967,-2.2732205
O=C1c2ccccc2C(=O)c2c(Cl)cccc21,CC(C)(C)O,298.15,-2.32071488537701,-1.5102904
O=C1c2ccccc2C(=O)c2c(Cl)cccc21,CC1CCCCC1,298.15,-2.43570081708437,-2.0999217
O=C1c2ccccc2C(=O)c2c(Cl)cccc21,CCCCCCCC,298.15,-2.52903603078785,-2.5333853
O=C1c2ccccc2C(=O)c2c(Cl)cccc21,CCCO,298.15,-2.19346882726958,-1.5947298
O=C1c2ccccc2C(=O)c2c(Cl)cccc21,CCC(C)O,298.15,-2.25625136835483,-1.726402
O=C1c2ccccc2C(=O)c2c(Cl)cccc21,CC(C)CCO,298.15,-2.25585647819177,-1.4950246
O=C1c2ccccc2C(=O)c2c(Cl)cccc21,CCCCO,298.15,-2.17772349449698,-1.6768315
O=C1c2ccccc2C(=O)c2c(Cl)cccc21,CCCCCCCCCC,298.15,-2.46507606813678,-2.0414484
O=C1c2ccccc2C(=O)c2c(Cl)cccc21,CCCC(C)O,298.15,-2.21094913354505,-1.9178767
O=C1c2ccccc2C(=O)c2c(Cl)cccc21,CC(C)CC(C)O,298.15,-2.26185512500167,-1.7736049
O=C1c2ccccc2C(=O)c2c(Cl)cccc21,CCCC(C)CO,298.15,-2.19851818284382,-1.5793624
O=C1c2ccccc2C(=O)c2c(Cl)cccc21,CCC(C)(C)O,298.15,-2.13414543956481,-1.5741451
O=C1c2ccccc2C(=O)c2c(Cl)cccc21,CCCCCO,298.15,-2.09028583348705,-1.4801573
O=C1c2ccccc2C(=O)c2c(Cl)cccc21,CC(C)OC(C)C,298.15,-2.14008977208392,-1.5628476
O=C1c2ccccc2C(=O)c2c(Cl)cccc21,CCCCCCCCCCCCCCCC,298.15,-2.41414076244455,-1.8174496
O=C1c2ccccc2C(=O)c2c(Cl)cccc21,CCCCC(CC)CO,298.15,-2.1100812761882,-1.3411229
O=C1c2ccccc2C(=O)c2c(Cl)cccc21,CCCCCCO,298.15,-2.01062072945825,-1.3002998
O=C1c2ccccc2C(=O)c2c(Cl)cccc21,CCCCCCCO,298.15,-1.99093288651412,-1.303575
O=C1c2ccccc2C(=O)c2c(Cl)cccc21,CCCCOCCCC,298.15,-1.99877013755993,-0.9778868
O=C1c2ccccc2C(=O)c2c(Cl)cccc21,CCCCCCCCO,298.15,-1.96796732249257,-1.1778846
O=C1c2ccccc2C(=O)c2c(Cl)cccc21,CC#N,298.15,-1.47508850509595,-0.9643499
O=C1c2ccccc2C(=O)c2c(Cl)cccc21,CCOCC,298.15,-1.7112044222107,-1.2470989
O=C1c2ccccc2C(=O)c2c(Cl)cccc21,COC(C)(C)C,298.15,-1.74130485904702,-1.2366247
O=C1c2ccccc2C(=O)c2c(Cl)cccc21,CCCCCCCCCCO,298.15,-1.94065808219963,-1.1973372
O=C1c2ccccc2C(=O)c2c(Cl)cccc21,CCC#N,298.15,-1.29451603215139,-1.0043093
O=C1c2ccccc2C(=O)c2c(Cl)cccc21,CCCCCl,298.15,-1.43009558562425,-1.7287254
O=C1c2ccccc2C(=O)c2c(Cl)cccc21,ClC1CCCCC1,298.15,-1.38136092766832,-1.300945
O=C1c2ccccc2C(=O)c2c(Cl)cccc21,CCCC#N,298.15,-1.22209214569923,-1.1881887
O=C1c2ccccc2C(=O)c2c(Cl)cccc21,CC(C)=O,298.15,-1.13630020683014,-1.0026727
O=C1c2ccccc2C(=O)c2c(Cl)cccc21,CCCCCOC(C)=O,298.15,-1.36078091574448,-0.7171713
O=C1c2ccccc2C(=O)c2c(Cl)cccc21,CCC(C)=O,298.15,-1.12192391531751,-0.6470047
O=C1c2ccccc2C(=O)c2c(Cl)cccc21,CCCOC(C)=O,298.15,-1.22925600451288,-0.83803153
O=C1c2ccccc2C(=O)c2c(Cl)cccc21,COC(C)=O,298.15,-1.06647857682713,-0.74080944
O=C1c2ccccc2C(=O)c2c(Cl)cccc21,CCOC(C)=O,298.15,-1.14920241498529,-0.99364877
O=C1c2ccccc2C(=O)c2c(Cl)cccc21,CCCCOC(C)=O,298.15,-1.27406812175083,-0.6926053
O=C1c2ccccc2C(=O)c2c(Cl)cccc21,c1ccccc1,298.15,-0.857696395915313,-0.7585422
O=C1c2ccccc2C(=O)c2c(Cl)cccc21,O=C1CCCCC1,298.15,-0.872190977646737,-0.27604604
O=C1c2ccccc2C(=O)c2c(Cl)cccc21,Cc1ccccc1,298.15,-0.849607895950756,-0.28895757
O=C1c2ccccc2C(=O)c2c(Cl)cccc21,C1CCOC1,298.15,-0.615675124902892,-0.49513856
O=C1c2ccccc2C(=O)c2c(Cl)cccc21,Clc1ccccc1,298.15,-0.705986015256344,-0.8015417
c1ccc2c(c1)Nc1ccccc1S2,CC(C)CC(C)(C)C,298.15,-2.49244927540496,-2.18317
c1ccc2c(c1)Nc1ccccc1S2,CCCCCC,298.15,-2.35126743046777,-2.0253172
c1ccc2c(c1)Nc1ccccc1S2,CCCCCCC,298.15,-2.3225756832883,-1.4850032
c1ccc2c(c1)Nc1ccccc1S2,CCCCCCCC,298.15,-2.27662570709984,-1.6879122
c1ccc2c(c1)Nc1ccccc1S2,C1CCCCC1,298.15,-2.04201896405533,-1.414167
c1ccc2c(c1)Nc1ccccc1S2,CC1CCCCC1,298.15,-2.09320386732709,-1.6070151
c1ccc2c(c1)Nc1ccccc1S2,CCCCCCCCCC,298.15,-2.26536889763216,-1.334095
c1ccc2c(c1)Nc1ccccc1S2,C1CCCCCCC1,298.15,-1.93002006573307,-1.6762793
c1ccc2c(c1)Nc1ccccc1S2,CCCCCCCCCCCCCCCC,298.15,-2.24700323706279,-1.190671
c1ccc2c(c1)Nc1ccccc1S2,OCCO,298.15,-1.46546260214879,-1.299278
c1ccc2c(c1)Nc1ccccc1S2,CO,298.15,-0.895281169230831,-1.1390355
c1ccc2c(c1)Nc1ccccc1S2,CC(C)CO,298.15,-1.23561992917905,-1.1413227
c1ccc2c(c1)Nc1ccccc1S2,CC(C)(C)O,298.15,-1.20880196636787,-0.8464049
c1ccc2c(c1)Nc1ccccc1S2,CC(C)O,298.15,-1.10376349074286,-1.2255862
c1ccc2c(c1)Nc1ccccc1S2,CCC(C)CO,298.15,-1.16966205938431,-1.0717669
c1ccc2c(c1)Nc1ccccc1S2,CC(C)CC(C)O,298.15,-1.23632876583558,-1.2501166
c1ccc2c(c1)Nc1ccccc1S2,CCC(C)O,298.15,-1.09634128210782,-1.2023062
c1ccc2c(c1)Nc1ccccc1S2,CCCC(C)CO,298.15,-1.15076942509613,-1.2005965
c1ccc2c(c1)Nc1ccccc1S2,CCCC(C)O,298.15,-1.09154730861895,-1.3282394
c1ccc2c(c1)Nc1ccccc1S2,CCCO,298.15,-0.924114690650652,-1.1130457
c1ccc2c(c1)Nc1ccccc1S2,CCO,298.15,-0.815066045748239,-1.1223614
c1ccc2c(c1)Nc1ccccc1S2,CC(C)CCO,298.15,-1.08021892290752,-0.99664867
c1ccc2c(c1)Nc1ccccc1S2,CCCCC(CC)CO,298.15,-1.18545621390654,-0.90581965
c1ccc2c(c1)Nc1ccccc1S2,CCCCO,298.15,-0.915378872762868,-1.1338456
c1ccc2c(c1)Nc1ccccc1S2,CCCCOCCCC,298.15,-1.16448295410248,-0.5059035
c1ccc2c(c1)Nc1ccccc1S2,CC#N,298.15,-0.644721120790725,-0.812766
c1ccc2c(c1)Nc1ccccc1S2,CC(C)OC(C)C,298.15,-1.06981125243177,-1.1153603
c1ccc2c(c1)Nc1ccccc1S2,CCCCCO,298.15,-0.902515789061327,-1.0812559
c1ccc2c(c1)Nc1ccccc1S2,CCCCCCO,298.15,-0.897704719611612,-0.8366929
c1ccc2c(c1)Nc1ccccc1S2,CCCCCCCO,298.15,-0.900014912225497,-0.7963527
c1ccc2c(c1)Nc1ccccc1S2,CCCCCCCCO,298.15,-0.922679438160726,-0.6473588
c1ccc2c(c1)Nc1ccccc1S2,CCCCCCCCCCO,298.15,-0.974814802479754,-0.70978653
c1ccc2c(c1)Nc1ccccc1S2,OC1CCCC1,298.15,-0.622169000945763,-0.74703765
c1ccc2c(c1)Nc1ccccc1S2,COC(C)(C)C,298.15,-0.696379993161539,-0.8481273
c1ccc2c(c1)Nc1ccccc1S2,CCOCC,298.15,-0.593427034098421,-0.70649177
c1ccc2c(c1)Nc1ccccc1S2,CCC#N,298.15,-0.236885153833381,-0.78594345
c1ccc2c(c1)Nc1ccccc1S2,CCCC#N,298.15,-0.154181200780503,-0.82259566
c1ccc2c(c1)Nc1ccccc1S2,C1COCCO1,298.15,0.125814223792011,0.13265093
NC(=O)c1ccccc1O,CCCCOCCCC,298.15,-1.62837744608476,-0.6954831
NC(=O)c1ccccc1O,CCCCCCCCCCO,298.15,-0.953441304313984,-0.7880331
NC(=O)c1ccccc1O,CC(C)CO,298.15,-0.594620632154357,-0.32703984
NC(=O)c1ccccc1O,CCCCC(CC)CO,298.15,-0.801324636832033,-0.81980866
NC(=O)c1ccccc1O,CCCCCCCCO,298.15,-0.78596352146762,-0.6093738
NC(=O)c1ccccc1O,CC(C)CCO,298.15,-0.616758988645275,-0.3770332
NC(=O)c1ccccc1O,CC(C)(C)O,298.15,-0.495855042742751,-0.22630173
NC(=O)c1ccccc1O,CCCCCCCO,298.15,-0.657516009913172,-0.6285808
NC(=O)c1ccccc1O,CCCCO,298.15,-0.465337134388164,-0.21372521
NC(=O)c1ccccc1O,CCCCCO,298.15,-0.519394629068958,-0.30191916
NC(=O)c1ccccc1O,CCCCCCO,298.15,-0.569236402861635,-0.40842518
NC(=O)c1ccccc1O,CCCO,298.15,-0.340879416004541,-0.07657795
NC(=O)c1ccccc1O,CC(C)O,298.15,-0.350217641395462,-0.12170416
NC(=O)c1ccccc1O,CCCC(C)O,298.15,-0.497403459041335,-0.5534154
NC(=O)c1ccccc1O,CCC(C)O,298.15,-0.400278226435679,-0.30118418
NC(=O)c1ccccc1O,CCO,298.15,-0.166179228842011,0.10789655
NC(=O)c1ccccc1O,CO,298.15,0.022303363222801,0.29601264
NC(=O)c1ccccc1O,CCCCOC(C)=O,298.15,-0.310012458628767,-0.5380012
NC(=O)c1ccccc1O,CCCOC(C)=O,298.15,-0.216382129800918,-0.42555714
NC(=O)c1ccccc1O,CCOC(C)=O,298.15,-0.083880945842179,0.003384769
NC(=O)c1ccccc1O,COC(C)=O,298.15,0.059969977031133,0.10118756
NC(=O)c1ccccc1O,C1COCCO1,298.15,0.269463667412144,0.030172467
NC(=O)c1ccccc1O,C1CCOC1,298.15,0.42200472374997,0.48309302
CCc1ccc2c(c1)C(=O)c1ccccc1C2=O,CO,298.15,-1.48893983544436,-1.0885776
CCc1ccc2c(c1)C(=O)c1ccccc1C2=O,CCO,298.15,-1.38347094387272,-1.0137045
CCc1ccc2c(c1)C(=O)c1ccccc1C2=O,CC(C)CC(C)(C)C,298.15,-1.81609566967522,-2.4478192
CCc1ccc2c(c1)C(=O)c1ccccc1C2=O,CC(C)O,298.15,-1.47517517201409,-1.4081111
CCc1ccc2c(c1)C(=O)c1ccccc1C2=O,CCCO,298.15,-1.45052029411349,-0.94468516
CCc1ccc2c(c1)C(=O)c1ccccc1C2=O,CC(C)CO,298.15,-1.49143830979372,-0.9915539
CCc1ccc2c(c1)C(=O)c1ccccc1C2=O,CCCCCC,298.15,-1.59217529722174,-2.2199607
CCc1ccc2c(c1)C(=O)c1ccccc1C2=O,CCCCCCC,298.15,-1.56827657522502,-2.095551
CCc1ccc2c(c1)C(=O)c1ccccc1C2=O,C1CCCCC1,298.15,-1.42725160289395,-1.7292231
CCc1ccc2c(c1)C(=O)c1ccccc1C2=O,CCC(C)O,298.15,-1.34209224169271,-1.1605247
CCc1ccc2c(c1)C(=O)c1ccccc1C2=O,CC(C)CCO,298.15,-1.40928669725888,-0.95254153
CCc1ccc2c(c1)C(=O)c1ccccc1C2=O,CCCCO,298.15,-1.30892271112636,-1.0514097
CCc1ccc2c(c1)C(=O)c1ccccc1C2=O,CC1CCCCC1,298.15,-1.44140987440922,-1.5971149
CCc1ccc2c(c1)C(=O)c1ccccc1C2=O,CCCCCCCC,298.15,-1.53820265737519,-2.5324416
CCc1ccc2c(c1)C(=O)c1ccccc1C2=O,CCCC(C)O,298.15,-1.28865470750372,-1.4376847
CCc1ccc2c(c1)C(=O)c1ccccc1C2=O,CCCCCCCCCC,298.15,-1.51606973527749,-2.1653569
CCc1ccc2c(c1)C(=O)c1ccccc1C2=O,CCCCCO,298.15,-1.2543859870525,-1.1694065
CCc1ccc2c(c1)C(=O)c1ccccc1C2=O,CCCCCCO,298.15,-1.2181453794955,-1.1679778
CCc1ccc2c(c1)C(=O)c1ccccc1C2=O,CC(C)OC(C)C,298.15,-1.20690587948129,-1.2974746
CCc1ccc2c(c1)C(=O)c1ccccc1C2=O,CCCCC(CC)CO,298.15,-1.24393911374256,-1.2793674
CCc1ccc2c(c1)C(=O)c1ccccc1C2=O,CCCCCCCO,298.15,-1.16253681798454,-1.3432264
CCc1ccc2c(c1)C(=O)c1ccccc1C2=O,CCCCCCCCO,298.15,-1.16798064564326,-1.3773744
CCc1ccc2c(c1)C(=O)c1ccccc1C2=O,CCCCOCCCC,298.15,-1.10794140083049,-1.0275878
CCc1ccc2c(c1)C(=O)c1ccccc1C2=O,CCCCCCCCCl,298.15,-0.670686381264385,-1.6411995
CCc1ccc2c(c1)C(=O)c1ccccc1C2=O,ClC1CCCCC1,298.15,-0.506411747102187,-0.86549157
CCc1ccc2c(c1)C(=O)c1ccccc1C2=O,CCCCCl,298.15,-0.421813997910997,-1.0913957
CCc1ccc2c(c1)C(=O)c1ccccc1C2=O,CCOC(C)=O,298.15,-0.38386632142224,-0.584742
CCc1ccc2c(c1)C(=O)c1ccccc1C2=O,COC(C)=O,298.15,-0.241954762145768,-0.3396239
CCc1ccc2c(c1)C(=O)c1ccccc1C2=O,CCCCOC(C)=O,298.15,-0.459333968832021,-0.6152436
CCc1ccc2c(c1)C(=O)c1ccccc1C2=O,CCCCCOC(C)=O,298.15,-0.487737627045969,-0.75822216
O=C(c1ccccc1)C(O)c1ccccc1,CC(C)O,298.15,-1.67083238940824,-0.385715
O=C(c1ccccc1)C(O)c1ccccc1,CC(C)O,298.15,-1.67083238940824,-0.385715
O=C(c1ccccc1)C(O)c1ccccc1,CC(C)CO,298.15,-1.73225625743116,-0.47366667
O=C(c1ccccc1)C(O)c1ccccc1,CC(C)CO,298.15,-1.73225625743116,-0.47366667
O=C(c1ccccc1)C(O)c1ccccc1,CCCCOCCCC,298.15,-1.97891756629924,-0.515957
O=C(c1ccccc1)C(O)c1ccccc1,CCC(C)O,298.15,-1.66960491428057,-0.39541683
O=C(c1ccccc1)C(O)c1ccccc1,CCCC(C)O,298.15,-1.73608412170285,-0.77881086
O=C(c1ccccc1)C(O)c1ccccc1,CC(C)(C)O,298.15,-1.67467546517775,-0.3762216
O=C(c1ccccc1)C(O)c1ccccc1,CC(C)CCO,298.15,-1.7126821932053,-0.38017952
O=C(c1ccccc1)C(O)c1ccccc1,CC(C)CC(C)O,298.15,-1.73928419205084,-1.0053294
O=C(c1ccccc1)C(O)c1ccccc1,CCCO,298.15,-1.50449928707606,-0.16336164
O=C(c1ccccc1)C(O)c1ccccc1,CCCO,298.15,-1.50449928707606,-0.16336164
O=C(c1ccccc1)C(O)c1ccccc1,CCCO,298.15,-1.50449928707606,-0.16336164
O=C(c1ccccc1)C(O)c1ccccc1,CCCCO,298.15,-1.58705331365527,-0.21540202
O=C(c1ccccc1)C(O)c1ccccc1,CCCCO,298.15,-1.58705331365527,-0.21540202
O=C(c1ccccc1)C(O)c1ccccc1,CCCCO,298.15,-1.58705331365527,-0.21540202
O=C(c1ccccc1)C(O)c1ccccc1,CCO,298.15,-1.38744670864124,-0.083583444
O=C(c1ccccc1)C(O)c1ccccc1,CCO,298.15,-1.38744670864124,-0.083583444
O=C(c1ccccc1)C(O)c1ccccc1,CCO,298.15,-1.38744670864124,-0.083583444
O=C(c1ccccc1)C(O)c1ccccc1,CCCCCCO,298.15,-1.68989146786484,-0.39045337
O=C(c1ccccc1)C(O)c1ccccc1,CCCCCO,298.15,-1.60813133273745,-0.613629
O=C(c1ccccc1)C(O)c1ccccc1,CCCCCCCO,298.15,-1.71151781134593,-0.6214621
O=C(c1ccccc1)C(O)c1ccccc1,CCCCCCCCO,298.15,-1.73444580832924,-0.57789636
O=C(c1ccccc1)C(O)c1ccccc1,CCCCCCCCCCO,298.15,-1.75860842202928,-0.71477723
O=C(c1ccccc1)C(O)c1ccccc1,COC(C)(C)C,298.15,-1.51360309621642,-0.77106595
O=C(c1ccccc1)C(O)c1ccccc1,CCc1ccccc1,298.15,-1.43781152146229,-0.7199382
O=C(c1ccccc1)C(O)c1ccccc1,Cc1ccc(C)cc1,298.15,-1.42643245965911,-0.7870291
O=C(c1ccccc1)C(O)c1ccccc1,Cc1ccccc1,298.15,-1.29023425804041,-0.5382367
O=C(c1ccccc1)C(O)c1ccccc1,Cc1ccccc1,298.15,-1.29023425804041,-0.5382367
O=C(c1ccccc1)C(O)c1ccccc1,Cc1ccccc1C,298.15,-1.31312995429749,-0.6415876
O=C(c1ccccc1)C(O)c1ccccc1,c1ccccc1,298.15,-0.971375813446523,-0.6922338
O=C(c1ccccc1)C(O)c1ccccc1,CCCCCOC(C)=O,298.15,-1.15607947353356,-0.43070826
O=C(c1ccccc1)C(O)c1ccccc1,CC(C)OCCO,298.15,-1.04436144111829,-0.46424875
O=C(c1ccccc1)C(O)c1ccccc1,CCCCOC(C)=O,298.15,-1.08836590086329,-0.16227327
O=C(c1ccccc1)C(O)c1ccccc1,CCCCOC(C)=O,298.15,-1.08836590086329,-0.16227327
O=C(c1ccccc1)C(O)c1ccccc1,CCCCOCCO,298.15,-1.08272022422775,-0.12017262
O=C(c1ccccc1)C(O)c1ccccc1,CCCOCCO,298.15,-1.00792999922837,0.19123428
O=C(c1ccccc1)C(O)c1ccccc1,CCCOC(C)=O,298.15,-1.00961578656106,-0.3984526
O=C(c1ccccc1)C(O)c1ccccc1,COC(C)CCO,298.15,-0.996117632984029,-0.25472298
O=C(c1ccccc1)C(O)c1ccccc1,CCOC(C)=O,298.15,-0.875014827938365,-0.17115946
O=C(c1ccccc1)C(O)c1ccccc1,CCOC(C)=O,298.15,-0.875014827938365,-0.17115946
O=C(c1ccccc1)C(O)c1ccccc1,CCOC(C)=O,298.15,-0.875014827938365,-0.17115946
O=C(c1ccccc1)C(O)c1ccccc1,CCOCCO,298.15,-0.844598914796047,-0.1557878
O=C(c1ccccc1)C(O)c1ccccc1,COC(C)=O,298.15,-0.734924845874771,-0.11248614
O=C(c1ccccc1)C(O)c1ccccc1,ClCCCl,298.15,-0.562953375714089,-0.46312547
O=C(c1ccccc1)C(O)c1ccccc1,C1COCCO1,298.15,-0.280212888822169,-0.11962375
O=C(O)c1ccc(Cl)c(Cl)c1,CCCCOCCCC,298.15,-1.23735333235254,-0.2061885
O=C(O)c1ccc(Cl)c(Cl)c1,COC(C)=O,298.15,-0.819629883995402,0.080642894
O=C(O)c1ccc(Cl)c(Cl)c1,CC(C)OC(C)C,298.15,-1.04422780438074,-0.36054575
O=C(O)c1ccc(Cl)c(Cl)c1,CC(C)CO,298.15,-0.816709650161333,-0.18369628
O=C(O)c1ccc(Cl)c(Cl)c1,CCCC(=O)OC,298.15,-0.895354332878848,0.1215819
O=C(O)c1ccc(Cl)c(Cl)c1,CCOC(C)=O,298.15,-0.767240329384474,0.21621753
O=C(O)c1ccc(Cl)c(Cl)c1,CCO,298.15,-0.522202805735721,0.008450165
O=C(O)c1ccc(Cl)c(Cl)c1,CCCOC(C)=O,298.15,-0.808284813129261,0.049121737
O=C(O)c1ccc(Cl)c(Cl)c1,CC(C)O,298.15,-0.629549214666844,-0.18817246
O=C(O)c1ccc(Cl)c(Cl)c1,CCC(C)CO,298.15,-0.762324922722767,-0.09281078
O=C(O)c1ccc(Cl)c(Cl)c1,CCCO,298.15,-0.600594882143458,-0.030571774
O=C(O)c1ccc(Cl)c(Cl)c1,CCC(C)O,298.15,-0.677424744454041,-0.10075636
O=C(O)c1ccc(Cl)c(Cl)c1,CCCCO,298.15,-0.645647280758945,-0.0593255
O=C(O)c1ccc(Cl)c(Cl)c1,CCCCOC(C)=O,298.15,-0.798732263325333,-0.07864973
O=C(O)c1ccc(Cl)c(Cl)c1,CCCCCOC(C)=O,298.15,-0.829018625081489,-0.127442
O=C(O)c1ccc(Cl)c(Cl)c1,CC(C)CCO,298.15,-0.693115364084697,-0.14238319
O=C(O)c1ccc(Cl)c(Cl)c1,CCCCCO,298.15,-0.687122017919491,0.01878202
O=C(O)c1ccc(Cl)c(Cl)c1,CCCCCCO,298.15,-0.711933129702946,-0.15721226
O=C(O)c1ccc(Cl)c(Cl)c1,CCCC(C)CO,298.15,-0.703533575838102,-0.15608022
O=C(O)c1ccc(Cl)c(Cl)c1,CCCCCCCCO,298.15,-0.804884568799873,-0.2542907
O=C(O)c1ccc(Cl)c(Cl)c1,CCCC(C)O,298.15,-0.630545784516008,-0.22948696
O=C(O)c1ccc(Cl)c(Cl)c1,CCCCCCCO,298.15,-0.741726446172036,-0.29588774
O=C(O)c1ccc(Cl)c(Cl)c1,CC(C)CC(C)O,298.15,-0.683002029066531,-0.44592565
O=C(O)c1ccc(Cl)c(Cl)c1,CCOCC,298.15,-0.514870723274581,0.11526953
O=C(O)c1ccc(Cl)c(Cl)c1,CC(C)(C)O,298.15,-0.424073449219219,0.03522715
O=C(O)c1ccc(Cl)c(Cl)c1,COC(C)(C)C,298.15,-0.505595854226284,0.045251697
O=C(O)c1ccc(Cl)c(Cl)c1,CCCCOCCO,298.15,-0.499235325521593,0.07612112
O=C(O)c1ccc(Cl)c(Cl)c1,CCOCCO,298.15,-0.318991996144844,0.34633213
O=C(O)c1ccc(Cl)c(Cl)c1,CCCOCCO,298.15,-0.366142400409737,0.27049285
O=C(O)c1ccc(Cl)c(Cl)c1,CC(C)OCCO,298.15,-0.356153564004559,0.1528564
O=C(O)c1ccc(Cl)c(Cl)c1,C1COCCO1,298.15,-0.217450994986678,0.12793909
O=C(O)c1ccc(Cl)c(Cl)c1,COC(C)CCO,298.15,-0.325580658148253,0.24259694
O=C(O)c1ccc(Cl)c(Cl)c1,C1CCOC1,298.15,0.140347358040321,0.263929
c1ccc2cc3ccccc3cc2c1,Cc1ccccc1,298.15,-1.15584597408156,-0.58547807
c1ccc2cc3ccccc3cc2c1,CCc1ccccc1,298.15,-1.23672265750747,-0.63646317
O=[N+]([O-])c1cc(Cl)ccc1Cl,CCC(C)O,298.15,-0.372210860541871,-0.2889012
O=[N+]([O-])c1cc(Cl)ccc1Cl,CC(C)CC(C)(C)C,298.15,-0.592065694396748,-1.1440065
O=[N+]([O-])c1cc(Cl)ccc1Cl,CCCCCC,298.15,-0.487712183615004,-0.9010821
O=[N+]([O-])c1cc(Cl)ccc1Cl,CC(C)O,298.15,-0.251359166057673,-0.37421668
O=[N+]([O-])c1cc(Cl)ccc1Cl,CC(C)CO,298.15,-0.300431289792996,-0.40122148
O=[N+]([O-])c1cc(Cl)ccc1Cl,CCCCCCC,298.15,-0.487251833169275,-0.8323613
O=[N+]([O-])c1cc(Cl)ccc1Cl,Cc1ccccc1,298.15,-0.337150581027383,0.2895968
O=[N+]([O-])c1cc(Cl)ccc1Cl,CCO,298.15,-0.058190595863788,-0.15552366
O=[N+]([O-])c1cc(Cl)ccc1Cl,CCCCCCCC,298.15,-0.499403102112401,-0.97106737
O=[N+]([O-])c1cc(Cl)ccc1Cl,CCCO,298.15,-0.125265193005221,-0.22145116
O=[N+]([O-])c1cc(Cl)ccc1Cl,CCCCCCCCCC,298.15,-0.509747129498175,-0.6824334
O=[N+]([O-])c1cc(Cl)ccc1Cl,C1CCCCC1,298.15,-0.224368448199081,-0.63416123
O=[N+]([O-])c1cc(Cl)ccc1Cl,CCCCCCCCCCCC,298.15,-0.531257713630882,-0.88345116
O=[N+]([O-])c1cc(Cl)ccc1Cl,CC(C)CCO,298.15,-0.204440038269124,-0.30269074
O=[N+]([O-])c1cc(Cl)ccc1Cl,CCCCO,298.15,-0.12554730012025,-0.22947586
O=[N+]([O-])c1cc(Cl)ccc1Cl,CC1CCCCC1,298.15,-0.260268588909729,-0.72682315
O=[N+]([O-])c1cc(Cl)ccc1Cl,CCCCCO,298.15,-0.127484879272952,-0.19824024
O=[N+]([O-])c1cc(Cl)ccc1Cl,CCCCCCO,298.15,-0.139805197691874,-0.3213095
O=[N+]([O-])c1cc(Cl)ccc1Cl,CCCCCCCO,298.15,-0.160253501455565,-0.26940364
O=[N+]([O-])c1cc(Cl)ccc1Cl,CCCCCCCCO,298.15,-0.171054361103242,-0.037077338
O=[N+]([O-])c1cc(Cl)ccc1Cl,CCCCCCCCCCO,298.15,-0.210308561329249,-0.1247246
O=[N+]([O-])c1cc(Cl)ccc1Cl,CC#N,298.15,1.00854030240815,0.509174
O=[N+]([O-])c1cc(Cl)ccc1Cl,COC(C)=O,298.15,1.03099812951238,0.53130335
O=[N+]([O-])c1cc(Cl)ccc1Cl,Cc1ccc(C)cc1,298.15,0.862775773356953,0.027100176
COc1ccc2cc([C@H](C)C(=O)O)ccc2c1,CO,298.15,-0.552670864918123,-0.93460286
CC(C(=O)O)c1cccc(C(=O)c2ccccc2)c1,CO,298.15,0.85360586723241,-0.27943993
CC(C(=O)O)c1cccc(C(=O)c2ccccc2)c1,CO,298.15,0.85360586723241,-0.27943993
CC(C(=O)O)c1cccc(C(=O)c2ccccc2)c1,CO,298.15,0.85360586723241,-0.27943993
CC(C(=O)O)c1cccc(C(=O)c2ccccc2)c1,CO,298.15,0.85360586723241,-0.27943993
CC(C(=O)O)c1cccc(C(=O)c2ccccc2)c1,CO,298.15,0.85360586723241,-0.27943993
CC(C(=O)O)c1cccc(C(=O)c2ccccc2)c1,CO,298.15,0.85360586723241,-0.27943993
CC(C(=O)O)c1cccc(C(=O)c2ccccc2)c1,CO,298.15,0.85360586723241,-0.27943993
O=C(O)c1cccc(C(=O)O)c1,CC(C)CO,298.15,-1.5860494258508,-0.2469186
O=C(O)c1cccc(C(=O)O)c1,CCCCCCCCCCO,298.15,-1.8673064344389,-0.5608125
O=C(O)c1cccc(C(=O)O)c1,CCCCCCCCO,298.15,-1.75218152570845,-0.31988916
O=C(O)c1cccc(C(=O)O)c1,CC(C)CCO,298.15,-1.56978290246101,-0.32338902
O=C(O)c1cccc(C(=O)O)c1,CCCCCCCO,298.15,-1.68284498965693,-0.45499653
O=C(O)c1cccc(C(=O)O)c1,CCCCCCO,298.15,-1.61402711805051,-0.39703318
O=C(O)c1cccc(C(=O)O)c1,CCCCCO,298.15,-1.53340041683684,-0.2872584
O=C(O)c1cccc(C(=O)O)c1,CCCC(C)O,298.15,-1.5234103297418,-0.4928041
O=C(O)c1cccc(C(=O)O)c1,CCCCO,298.15,-1.43233862698224,-0.092408106
O=C(O)c1cccc(C(=O)O)c1,CCCO,298.15,-1.31729200762447,-0.012791261
O=C(O)c1cccc(C(=O)O)c1,CCC(C)O,298.15,-1.3994462138934,-0.270249
O=C(O)c1cccc(C(=O)O)c1,CO,298.15,-1.02134634039852,0.40821332
O=C(O)c1cccc(C(=O)O)c1,CO,298.15,-1.02134634039852,0.40821332
O=C(O)c1cccc(C(=O)O)c1,CC(C)O,298.15,-1.26331020415192,-0.10780749
O=C(O)c1cccc(C(=O)O)c1,CCO,298.15,-1.09689536686698,0.13113742
O=C(O)c1cccc(C(=O)O)c1,CCCCOCCO,298.15,-1.19992169565042,-0.095180824
O=C(O)c1cccc(C(=O)O)c1,CCOCCO,298.15,-0.820833057581258,0.09668769
O=C(O)c1cccc(C(=O)O)c1,COCCO,298.15,-0.710125759448791,0.25148487
COc1cc(C(=O)O)cc(OC)c1OC,CC(C)OC(C)C,298.15,-1.73765603095026,-1.7732402
COc1cc(C(=O)O)cc(OC)c1OC,OCCO,298.15,-0.981372030281999,-0.7996504
COc1cc(C(=O)O)cc(OC)c1OC,CCOCC,298.15,-1.19085202220213,-0.9021906
COc1cc(C(=O)O)cc(OC)c1OC,CC(C)CO,298.15,-1.00151275729439,-1.0097811
COc1cc(C(=O)O)cc(OC)c1OC,CCCCCCCCCCO,298.15,-1.27232944564115,-1.3399408
COc1cc(C(=O)O)cc(OC)c1OC,CCC(C)CO,298.15,-1.00382919979502,-0.9491489
COc1cc(C(=O)O)cc(OC)c1OC,CC(C)CCO,298.15,-1.00650178965634,-1.04669
COc1cc(C(=O)O)cc(OC)c1OC,CC1COC(=O)O1,298.15,-0.88960840267916,-0.39616126
COc1cc(C(=O)O)cc(OC)c1OC,CCCCCCCCO,298.15,-1.13343400605383,-1.1935643
COc1cc(C(=O)O)cc(OC)c1OC,CCCCCOC(C)=O,298.15,-1.1026079301404,-0.9787343
COc1cc(C(=O)O)cc(OC)c1OC,CCCCO,298.15,-0.884138724610099,-0.939114
COc1cc(C(=O)O)cc(OC)c1OC,CCCOC(C)=O,298.15,-0.977335934611968,-0.94079405
COc1cc(C(=O)O)cc(OC)c1OC,CCCCCO,298.15,-0.947078468153952,-1.0495911
COc1cc(C(=O)O)cc(OC)c1OC,CCCCOC(C)=O,298.15,-1.03270515227881,-1.1811333
COc1cc(C(=O)O)cc(OC)c1OC,CCCO,298.15,-0.783227767194005,-0.8201139
COc1cc(C(=O)O)cc(OC)c1OC,CCCC(C)CO,298.15,-1.00037387819932,-1.2709435
COc1cc(C(=O)O)cc(OC)c1OC,CCCCCCCO,298.15,-1.05288901986593,-1.1778069
COc1cc(C(=O)O)cc(OC)c1OC,CCCCCCO,298.15,-0.995850059039018,-1.1822951
COc1cc(C(=O)O)cc(OC)c1OC,CCCC(=O)OC,298.15,-0.954572705079889,-0.66517377
COc1cc(C(=O)O)cc(OC)c1OC,CC(C)CC(C)O,298.15,-0.995755951360282,-1.6189622
COc1cc(C(=O)O)cc(OC)c1OC,CC(C)O,298.15,-0.77172353377049,-1.0164769
COc1cc(C(=O)O)cc(OC)c1OC,CCCC(C)O,298.15,-0.892653204497632,-1.3725866
COc1cc(C(=O)O)cc(OC)c1OC,CCC(C)O,298.15,-0.814949249684935,-1.0112398
COc1cc(C(=O)O)cc(OC)c1OC,CCO,298.15,-0.609839045691512,-0.6291019
COc1cc(C(=O)O)cc(OC)c1OC,CO,298.15,-0.430043117615672,-0.33819288
COc1cc(C(=O)O)cc(OC)c1OC,CCOC(C)=O,298.15,-0.778409921525418,-0.7178967
COc1cc(C(=O)O)cc(OC)c1OC,COC(C)=O,298.15,-0.676404450731977,-0.45601037
COc1cc(C(=O)O)cc(OC)c1OC,CC(C)(C)O,298.15,-0.641367967115176,-0.76333255
COc1cc(C(=O)O)cc(OC)c1OC,CCCOCCO,298.15,-0.46628153879048,-0.5535206
COc1cc(C(=O)O)cc(OC)c1OC,CC(C)OCCO,298.15,-0.431835678542462,-0.76237535
COc1cc(C(=O)O)cc(OC)c1OC,CCCCOCCO,298.15,-0.422100131546551,-0.6648179
COc1cc(C(=O)O)cc(OC)c1OC,CCOCCO,298.15,-0.267300512222066,-0.43526286
COc1cc(C(=O)O)cc(OC)c1OC,C1COCCO1,298.15,-0.158310196620332,-0.6349489
COc1cc(C(=O)O)cc(OC)c1OC,C1CCOC1,298.15,-0.001111545333958,-0.31733575
Cc1cnc(C(=O)O)c[n+]1[O-],CC#N,298.15,-1.651,-2.3375826
Cc1cnc(C(=O)O)c[n+]1[O-],CC(C)=O,298.15,-1.523,-1.9658687
Cc1cnc(C(=O)O)c[n+]1[O-],CO,298.15,-1.097,-1.6209991
Cc1cnc(C(=O)O)c[n+]1[O-],CO,298.15,-1.097,-1.6209991
Cc1cnc(C(=O)O)c[n+]1[O-],CO,283.15,-1.27645648855857,-1.8356482
Cc1cnc(C(=O)O)c[n+]1[O-],CO,288.15,-1.21516136741451,-1.7631875
Cc1cnc(C(=O)O)c[n+]1[O-],CO,293.15,-1.15125293812426,-1.6920723
Cc1cnc(C(=O)O)c[n+]1[O-],CO,298.15,-1.09014447695006,-1.6209991
Cc1cnc(C(=O)O)c[n+]1[O-],CO,298.15,-1.09014447695006,-1.6209991
Cc1cnc(C(=O)O)c[n+]1[O-],CO,303.15,-1.02913886594927,-1.5484978
Cc1cnc(C(=O)O)c[n+]1[O-],CO,308.15,-0.966683058702492,-1.4771852
Cc1cnc(C(=O)O)c[n+]1[O-],CO,313.15,-0.901765051342214,-1.4069579
Cc1cnc(C(=O)O)c[n+]1[O-],CO,318.15,-0.840811000155987,-1.3378607
CC(C)(C)c1ccc(C(=O)O)cc1,CC#N,298.15,-0.685230805950664,-0.35297772
CC(C)(C)c1ccc(C(=O)O)cc1,CCC#N,298.15,-0.579301241218833,-0.20597854
CC(C)(C)c1ccc(C(=O)O)cc1,CC(C)CO,298.15,-0.290864678925455,-0.26232702
CC(C)(C)c1ccc(C(=O)O)cc1,CC(C)O,298.15,-0.201318899751713,-0.36481574
CC(C)(C)c1ccc(C(=O)O)cc1,CCCCCOC(C)=O,298.15,-0.395071108227344,-0.8202707
CC(C)(C)c1ccc(C(=O)O)cc1,CC(C)CCO,298.15,-0.249129724567025,-0.3357448
CC(C)(C)c1ccc(C(=O)O)cc1,CCC(C)O,298.15,-0.163661620566611,-0.2544042
CC(C)(C)c1ccc(C(=O)O)cc1,COC(C)=O,298.15,-0.099645529082059,-0.39692247
CC(C)(C)c1ccc(C(=O)O)cc1,CCO,298.15,0.053490464197867,-0.03934504
CC(C)(C)c1ccc(C(=O)O)cc1,CCCOC(C)=O,298.15,-0.225119180700932,-0.60874283
CC(C)(C)c1ccc(C(=O)O)cc1,CC(C)(C)O,298.15,-0.133908691088177,-0.2617113
CC(C)(C)c1ccc(C(=O)O)cc1,CCCO,298.15,-0.019281524443736,-0.016124725
CC(C)(C)c1ccc(C(=O)O)cc1,CCCCOC(C)=O,298.15,-0.25878216086261,-0.63598454
CC(C)(C)c1ccc(C(=O)O)cc1,CCOC(C)=O,298.15,-0.116467886088194,-0.123732775
CC(C)(C)c1ccc(C(=O)O)cc1,CCCCO,298.15,-0.065896328904324,-0.20685972
CC(C)(C)c1ccc(C(=O)O)cc1,CCCCCO,298.15,-0.134117049376016,-0.3262589
CC(C)(C)c1ccc(C(=O)O)cc1,CCCCCCO,298.15,-0.182834029741404,-0.35636246
CC(C)(C)c1ccc(C(=O)O)cc1,CCCCCCCO,298.15,-0.192118870736501,-0.73030084
CC(C)(C)c1ccc(C(=O)O)cc1,CCCCOCCO,298.15,-0.034045314309809,-0.2779758
CC(C)(C)c1ccc(C(=O)O)cc1,CCCOCCO,298.15,0.069083914679589,0.089287266
CC(C)(C)c1ccc(C(=O)O)cc1,CCOCCO,298.15,0.18985628658588,0.0010709912
CC(C)(C)c1ccc(C(=O)O)cc1,C1COCCO1,298.15,0.31056703544993,-0.76670754
CC(=O)CC(=O)Nc1ccccc1,CCCCOCCCC,298.15,-1.61621904124215,-1.1665213
CC(=O)CC(=O)Nc1ccccc1,CC(C)OC(C)C,298.15,-1.5216610378784,-1.3874338
CC(=O)CC(=O)Nc1ccccc1,CC(C)O,298.15,-0.851705115933243,-0.5741507
CC(=O)CC(=O)Nc1ccccc1,CC(C)CO,298.15,-0.916107932752751,-0.73897743
CC(=O)CC(=O)Nc1ccccc1,COC(C)(C)C,298.15,-1.01111548399821,-0.79368144
CC(=O)CC(=O)Nc1ccccc1,CC(C)CC(C)O,298.15,-1.0313511943527,-1.1495492
CC(=O)CC(=O)Nc1ccccc1,CC(C)CCO,298.15,-0.931257027306541,-0.6667845
CC(=O)CC(=O)Nc1ccccc1,CCCCCCO,298.15,-0.973883148770927,-0.8926788
CC(=O)CC(=O)Nc1ccccc1,CC(C)(C)O,298.15,-0.844046180125491,-0.33322138
CC(=O)CC(=O)Nc1ccccc1,CCC(C)O,298.15,-0.830751022459268,-0.7914775
CC(=O)CC(=O)Nc1ccccc1,CCC(C)(C)O,298.15,-0.885938503850555,-0.69065994
CC(=O)CC(=O)Nc1ccccc1,CCCCCCCO,298.15,-0.984322273734255,-1.175466
CC(=O)CC(=O)Nc1ccccc1,CCCCCO,298.15,-0.862302444999702,-0.7810626
CC(=O)CC(=O)Nc1ccccc1,CCCCO,298.15,-0.741580177781321,-0.70700324
CC(=O)CC(=O)Nc1ccccc1,CCO,298.15,-0.493057151788875,-0.52390796
CC(=O)CC(=O)Nc1ccccc1,CCCO,298.15,-0.587135513756255,-0.6066813
CC(=O)CC(=O)Nc1ccccc1,CCCCCOC(C)=O,298.15,-0.457422426523346,-0.9081976
CC(=O)CC(=O)Nc1ccccc1,CCCCOC(C)=O,298.15,-0.331320964119685,-0.7403761
CC(=O)CC(=O)Nc1ccccc1,CCCOC(C)=O,298.15,-0.233130355305181,-0.78978986
CC(=O)CC(=O)Nc1ccccc1,CCCC(=O)OC,298.15,-0.224585420623746,-0.60895604
CC(=O)CC(=O)Nc1ccccc1,CCOC(C)=O,298.15,-0.044949050241465,-0.55208135
CC(=O)CC(=O)Nc1ccccc1,COC(C)=O,298.15,0.097206503508948,-0.40762284
CC(=O)CC(=O)Nc1ccccc1,CCC#N,298.15,0.272210532709764,-0.659805
O=c1c2ccccc2oc2ccccc12,CCC(C)O,298.15,-1.59139806489716,-1.3860748
O=c1c2ccccc2oc2ccccc12,CCO,298.15,-1.37245754027414,-1.2962577
O=c1c2ccccc2oc2ccccc12,CC(C)O,298.15,-1.45279758359252,-1.4560559
O=c1c2ccccc2oc2ccccc12,CCCO,298.15,-1.38347508776543,-1.2948391
O=c1c2ccccc2oc2ccccc12,CC(C)OC(C)C,298.15,-1.5895081637096,-1.4034833
O=c1c2ccccc2oc2ccccc12,CC(C)CO,298.15,-1.39993689066024,-1.3366126
O=c1c2ccccc2oc2ccccc12,CC(C)(C)O,298.15,-1.38604056208851,-1.1963028
O=c1c2ccccc2oc2ccccc12,CCCCO,298.15,-1.32451926109796,-1.2431693
O=c1c2ccccc2oc2ccccc12,CC(C)CCO,298.15,-1.38653111216712,-1.1371524
O=c1c2ccccc2oc2ccccc12,CCC(C)(C)O,298.15,-1.37118991783018,-1.2409904
O=c1c2ccccc2oc2ccccc12,CC(C)CC(C)O,298.15,-1.42517465604883,-1.5007129
O=c1c2ccccc2oc2ccccc12,CCCCCO,298.15,-1.30799082708087,-1.2411871
O=c1c2ccccc2oc2ccccc12,CCCCC(CC)CO,298.15,-1.41936818408204,-1.1856699
O=c1c2ccccc2oc2ccccc12,CCCCCCO,298.15,-1.28368968087251,-1.077657
O=c1c2ccccc2oc2ccccc12,CCOCCO,298.15,-1.11677358992137,-0.8095692
O=c1c2ccccc2oc2ccccc12,CCCCCCCO,298.15,-1.24362167362201,-1.1793804
O=c1c2ccccc2oc2ccccc12,CCCCCCCCO,298.15,-1.24519388437978,-0.968315
O=c1c2ccccc2oc2ccccc12,COC(C)=O,298.15,-0.850152836861908,-0.69303834
O=c1c2ccccc2oc2ccccc12,CCOC(C)=O,298.15,-0.906210786810424,-0.7509736
O=c1c2ccccc2oc2ccccc12,CCCOC(C)=O,298.15,-0.962919632169624,-0.7458422
O=c1c2ccccc2oc2ccccc12,CCCCOC(C)=O,298.15,-1.00352696488784,-0.6039291
O=c1c2ccccc2oc2ccccc12,CCCCCOC(C)=O,298.15,-0.954980321977598,-0.7125292
Nc1ccc(S(=O)(=O)Nc2ncccn2)cc1,CC#N,293.15,-1.99262280589619,-0.8732832
Nc1ccc(S(=O)(=O)Nc2ncccn2)cc1,CC#N,298.15,-1.93778442698851,-0.80427796
Nc1ccc(S(=O)(=O)Nc2ncccn2)cc1,CC#N,303.15,-1.90172912924127,-0.7367314
Nc1ccc(S(=O)(=O)Nc2ncccn2)cc1,CC#N,308.15,-1.83880111381297,-0.67057157
Nc1ccc(S(=O)(=O)Nc2ncccn2)cc1,CC#N,313.15,-1.7939689283368,-0.60677856
CC(=O)Nc1ccc(O)cc1,CCCO,293.15,-0.251086150231694,-1.287777
CC(=O)Nc1ccc(O)cc1,CCCO,298.15,-0.218368484765975,-1.1985322
CC(=O)Nc1ccc(O)cc1,CCCO,303.15,-0.184358540083413,-1.1100289
CC(=O)Nc1ccc(O)cc1,CCCO,308.15,-0.134897625566599,-1.0226207
CC(=O)Nc1ccc(O)cc1,CCCO,313.15,-0.10302672318145,-0.9397228
COC(=O)c1ccc(O)cc1,CC#N,278.15,-0.450989561246887,0.07783812
COC(=O)c1ccc(O)cc1,CC#N,293.15,-0.058047610126409,0.35921454
COC(=O)c1ccc(O)cc1,CC#N,283.15,-0.308483104965763,0.17362534
COC(=O)c1ccc(O)cc1,CC#N,313.15,0.476287793409345,0.705085
COC(=O)c1ccc(O)cc1,CC#N,288.15,-0.169035070821225,0.26712275
COC(=O)c1ccc(O)cc1,CC#N,298.15,0.125886449760661,0.44895482
COC(=O)c1ccc(O)cc1,CC#N,303.15,0.254648158626138,0.5366471
COC(=O)c1ccc(O)cc1,CC#N,308.15,0.3773648628962,0.62162983
COC(=O)c1ccc(O)cc1,CC#N,318.15,0.625681379049249,0.7871046
Cc1ccc(C(=O)O)cc1[N+](=O)[O-],CC#N,298.15,-0.799559030834718,-0.88023764
Cc1ccc(C(=O)O)cc1[N+](=O)[O-],CC(C)OC(C)C,298.15,-1.10853914494426,-2.1920083
Cc1ccc(C(=O)O)cc1[N+](=O)[O-],CCC(C)CO,298.15,-0.776537813625264,-1.0733547
Cc1ccc(C(=O)O)cc1[N+](=O)[O-],CC(C)CO,298.15,-0.674227243130083,-1.0838842
Cc1ccc(C(=O)O)cc1[N+](=O)[O-],CC(C)CCO,298.15,-0.686374892959067,-1.1095033
Cc1ccc(C(=O)O)cc1[N+](=O)[O-],CCOCC,298.15,-0.629533217653601,-1.27651
Cc1ccc(C(=O)O)cc1[N+](=O)[O-],CCCCC(CC)CO,298.15,-0.803546801300666,-1.4571446
Cc1ccc(C(=O)O)cc1[N+](=O)[O-],CCCCO,298.15,-0.541847328786746,-0.8889303
Cc1ccc(C(=O)O)cc1[N+](=O)[O-],CC(C)O,298.15,-0.462248454751865,-0.96056986
Cc1ccc(C(=O)O)cc1[N+](=O)[O-],CCCO,298.15,-0.437657850589683,-0.7729008
Cc1ccc(C(=O)O)cc1[N+](=O)[O-],CO,298.15,-0.166847736073556,-0.40596357
Cc1ccc(C(=O)O)cc1[N+](=O)[O-],CCCCCOC(C)=O,298.15,-0.731534920868598,-0.87003267
Cc1ccc(C(=O)O)cc1[N+](=O)[O-],CCCCCO,298.15,-0.588933891230917,-1.0257986
Cc1ccc(C(=O)O)cc1[N+](=O)[O-],CCCCCCO,298.15,-0.651677625643037,-1.1505976
Cc1ccc(C(=O)O)cc1[N+](=O)[O-],CCC(C)O,298.15,-0.511302711801908,-1.1261361
Cc1ccc(C(=O)O)cc1[N+](=O)[O-],CC(C)CC(C)O,298.15,-0.644862382398852,-1.7664511
Cc1ccc(C(=O)O)cc1[N+](=O)[O-],CCO,298.15,-0.302822630954864,-0.6040589
Cc1ccc(C(=O)O)cc1[N+](=O)[O-],CCCC(C)O,298.15,-0.566866009507548,-1.4693829
Cc1ccc(C(=O)O)cc1[N+](=O)[O-],CCCCCCCO,298.15,-0.678095735133956,-1.1434774
Cc1ccc(C(=O)O)cc1[N+](=O)[O-],CCCCCCCCO,298.15,-0.725057276451329,-1.0913767
Cc1ccc(C(=O)O)cc1[N+](=O)[O-],CCCCOC(C)=O,298.15,-0.640537081497804,-1.2941179
Cc1ccc(C(=O)O)cc1[N+](=O)[O-],COC(C)=O,298.15,-0.40586557983863,-0.95545805
Cc1ccc(C(=O)O)cc1[N+](=O)[O-],CCCCCCCCCCO,298.15,-0.781841084076596,-1.2750565
Cc1ccc(C(=O)O)cc1[N+](=O)[O-],CCOC(C)=O,298.15,-0.489292683784961,-0.96784675
Cc1ccc(C(=O)O)cc1[N+](=O)[O-],C1COCCO1,298.15,0.123450698740325,-0.66055804
Cc1ccc(C(=O)O)cc1[N+](=O)[O-],C1CCOC1,298.15,0.325509151206122,-0.4190432
Nc1ccc(O)c(C(=O)O)c1,CCO,298.15,-2.98799507536885,-0.5959166
Nc1ccc(O)c(C(=O)O)c1,CCO,303.15,-2.94526918535336,-0.55216855
Nc1ccc(O)c(C(=O)O)c1,CCO,308.15,-2.88880534075873,-0.50837946
Nc1ccc(O)c(C(=O)O)c1,CCO,313.15,-2.85375661229779,-0.46549046
Nc1ccc(O)c(C(=O)O)c1,CCO,293.15,-3.04578372429422,-0.64044774
c1ccc2cc3ccccc3cc2c1,CCOC(=O)OCC,298.15,-1.34273973923007,-0.22478676
COc1ccc(C(=O)O)cc1,CCOC(=O)OCC,298.15,-1.30234431142496,-0.06467798
COc1cc(C(=O)O)cc(OC)c1OC,CCOC(=O)OCC,298.15,-1.2362117503149,-0.61530054
O=C1c2ccccc2C(=O)c2c(Cl)cccc21,CCOC(=O)OCC,298.15,-1.19042858248418,-0.48853078
O=C(O)c1ccc(Cl)c(Cl)c1,CCOC(=O)OCC,298.15,-1.17163292444861,0.1666914
Cc1ccc(C(=O)O)cc1[N+](=O)[O-],CCOC(=O)OCC,298.15,-0.987829119740499,-0.8265207
O=C(O)c1ccc(Cl)c([N+](=O)[O-])c1,CCOC(=O)OCC,298.15,-0.953442664646524,-0.44812447
CC(=O)Oc1ccccc1C(=O)O,CCOC(=O)OCC,298.15,-0.719073072956045,-0.49488327
O=C(O)c1cc([N+](=O)[O-])ccc1Cl,CCOC(=O)OCC,298.15,-0.579519291556731,-0.47095203
CC(C)(C)c1ccc(C(=O)O)cc1,CCOC(=O)OCC,298.15,-0.547307735442869,-0.23961915
NC(=O)c1ccccc1O,CCOC(=O)OCC,298.15,-0.505904585088542,-0.37392372
c1ccc2c(c1)Nc1ccccc1S2,CCOC(=O)OCC,298.15,-0.49127694681542,-0.2012563
c1cc2ccc3cccc4ccc(c1)c2c34,CCOC(=O)OCC,298.15,-0.408890528873998,-0.35296878
Cc1cccc(C(=O)O)c1,CCOC(=O)OCC,298.15,-0.061529248687056,-0.16698247
Cc1ccccc1C(=O)O,CCOC(=O)OCC,298.15,-0.039285325316077,-0.01628831
O=C(c1ccccc1)C(O)c1ccccc1,CCOC(=O)OCC,298.15,0.004439616492456,-0.020158678
O=C(O)c1ccccc1,CCOC(=O)OCC,298.15,0.017695879480288,0.19103293
O=C(C(=O)c1ccccc1)c1ccccc1,CCOC(=O)OCC,298.15,0.102723366079583,-0.0060798675
c1ccc(-c2ccccc2)cc1,CCOC(=O)OCC,298.15,0.401877910366246,0.6606368
O=[N+]([O-])c1cc(Cl)ccc1Cl,CCOC(=O)OCC,298.15,0.808628617523746,0.31777078
c1ccc2cc3ccccc3cc2c1,COC(=O)OC,298.15,-1.42685493410834,-0.7984264
O=C(O)c1ccc(Cl)c(Cl)c1,COC(=O)OC,298.15,-1.23170363561459,0.20182447
COc1ccc(C(=O)O)cc1,COC(=O)OC,298.15,-1.12543091850565,0.15294765
O=C1c2ccccc2C(=O)c2c(Cl)cccc21,COC(=O)OC,298.15,-1.0204078254963,-0.6679447
COc1cc(C(=O)O)cc(OC)c1OC,COC(=O)OC,298.15,-0.968110627639747,-0.2516896
O=C(c1ccccc1)C(O)c1ccccc1,COC(=O)OC,298.15,-0.838759562951529,-0.14424813
O=C(O)c1ccc(Cl)c([N+](=O)[O-])c1,COC(=O)OC,298.15,-0.772131736299153,-0.30950612
c1cc2ccc3cccc4ccc(c1)c2c34,COC(=O)OC,298.15,-0.535364013503575,-0.6908493
c1ccc2c(c1)Nc1ccccc1S2,COC(=O)OC,298.15,-0.52671120493536,-0.2842223
CC(C)(C)c1ccc(C(=O)O)cc1,COC(=O)OC,298.15,-0.392060293963925,-0.09547748
NC(=O)c1ccccc1O,COC(=O)OC,298.15,-0.302066727754537,0.1007676
O=C(O)c1ccccc1O,COC(=O)OC,298.15,-0.161503326945604,0.64115614
c1cc2c3c(cccc3c1)CC2,COC(=O)OC,298.15,-0.103033764352537,0.4934107
Cc1cccc(C(=O)O)c1,COC(=O)OC,298.15,-0.036007707217121,0.1995698
c1ccc2c(c1)Cc1ccccc1O2,COC(=O)OC,298.15,-0.027038674938732,-0.34905067
Cc1ccccc1C(=O)O,COC(=O)OC,298.15,-0.024423068030494,0.28410137
O=C(O)c1ccccc1,COC(=O)OC,298.15,0.105179121993246,0.43820965
O=C(C(=O)c1ccccc1)c1ccccc1,COC(=O)OC,298.15,0.254763895900926,-0.07733369
c1ccc(-c2ccccc2)cc1,COC(=O)OC,298.15,0.693693716377895,0.48742896
CC(=O)N1CCN(c2ccc(OC[C@H]3CO[C@](Cn4ccnc4)(c4ccc(Cl)cc4Cl)O3)cc2)CC1,CC#N,293.15,-1.80725384127953,-1.5651717
CC(=O)N1CCN(c2ccc(OC[C@H]3CO[C@](Cn4ccnc4)(c4ccc(Cl)cc4Cl)O3)cc2)CC1,CC#N,298.15,-1.69599689440258,-1.4793345
CC(=O)N1CCN(c2ccc(OC[C@H]3CO[C@](Cn4ccnc4)(c4ccc(Cl)cc4Cl)O3)cc2)CC1,CC#N,303.15,-1.58817673636338,-1.3940657
CC(=O)N1CCN(c2ccc(OC[C@H]3CO[C@](Cn4ccnc4)(c4ccc(Cl)cc4Cl)O3)cc2)CC1,CC#N,308.15,-1.50499717582486,-1.3085705
CC(=O)N1CCN(c2ccc(OC[C@H]3CO[C@](Cn4ccnc4)(c4ccc(Cl)cc4Cl)O3)cc2)CC1,CC#N,313.15,-1.43164267960118,-1.2246203
Nc1ccc(O)c(C(=O)O)c1,CC#N,293.15,-3.73064847836108,-1.1220553
Nc1ccc(O)c(C(=O)O)c1,CC#N,298.15,-3.62072700052806,-1.0643708
Nc1ccc(O)c(C(=O)O)c1,CC#N,303.15,-3.5436425056252,-1.007535
Nc1ccc(O)c(C(=O)O)c1,CC#N,308.15,-3.45427351095755,-0.9515133
Nc1ccc(O)c(C(=O)O)c1,CC#N,313.15,-3.37916857325007,-0.89714766
Nc1ccc(S(=O)(=O)Nc2ncccn2)cc1,CCOCCOCCO,313.15,-1.34172529668004,-0.71381086
Nc1ccc(S(=O)(=O)Nc2ncccn2)cc1,CCOCCOCCO,278.15,-1.32303978811957,-1.0720985
Nc1ccc(S(=O)(=O)Nc2ncccn2)cc1,CCOCCOCCO,303.15,-1.32428951902065,-0.8099447
Nc1ccc(S(=O)(=O)Nc2ncccn2)cc1,CCOCCOCCO,298.15,-1.29451473621234,-0.85941195
Nc1ccc(S(=O)(=O)Nc2ncccn2)cc1,CCOCCOCCO,283.15,-1.31354488389273,-1.0168657
Nc1ccc(S(=O)(=O)Nc2ncccn2)cc1,CCOCCOCCO,293.15,-1.31564859291288,-0.91026324
Nc1ccc(S(=O)(=O)Nc2ncccn2)cc1,CCOCCOCCO,288.15,-1.30433377243896,-0.9629395
Nc1ccc(S(=O)(=O)Nc2ncccn2)cc1,CCOCCOCCO,308.15,-1.30739890171588,-0.7617194
CC(=O)N1CCN(c2ccc(OC[C@H]3CO[C@](Cn4ccnc4)(c4ccc(Cl)cc4Cl)O3)cc2)CC1,CCO,293.15,-0.156467264746628,-1.8247352
CC(=O)N1CCN(c2ccc(OC[C@H]3CO[C@](Cn4ccnc4)(c4ccc(Cl)cc4Cl)O3)cc2)CC1,CCO,298.15,-0.05912711178798,-1.7360284
CC(=O)N1CCN(c2ccc(OC[C@H]3CO[C@](Cn4ccnc4)(c4ccc(Cl)cc4Cl)O3)cc2)CC1,CCO,303.15,-0.020209526484739,-1.6471155
CC(=O)N1CCN(c2ccc(OC[C@H]3CO[C@](Cn4ccnc4)(c4ccc(Cl)cc4Cl)O3)cc2)CC1,CCO,308.15,0.073303630984497,-1.5583608
Nc1nnc(-c2cccc(Cl)c2Cl)c(N)n1,CCOCCOCCO,303.15,-0.343227870431524,-1.1315486
Nc1nnc(-c2cccc(Cl)c2Cl)c(N)n1,CCOCCOCCO,293.15,-0.491134439039942,-1.2349097
Nc1nnc(-c2cccc(Cl)c2Cl)c(N)n1,CCOCCOCCO,298.15,-0.397207839900212,-1.1827602
Nc1nnc(-c2cccc(Cl)c2Cl)c(N)n1,CCOCCOCCO,308.15,-0.279101861054279,-1.0815638
Nc1nnc(-c2cccc(Cl)c2Cl)c(N)n1,CCOCCOCCO,313.15,-0.218429122330235,-1.0324618
O=S1(=O)c2ccccc2-c2ccccc21,O=C1CCCO1,320.3,-0.29631181218963,0.24364837
O=S1(=O)c2ccccc2-c2ccccc21,O=C1CCCO1,334.8,-0.163197548110162,0.36083674
O=S1(=O)c2ccccc2-c2ccccc21,O=C1CCCO1,346.9,-0.058409001437046,0.45894367
O=S1(=O)c2ccccc2-c2ccccc21,O=C1CCCO1,351.6,0.01198712155371,0.49687636
O=S1(=O)c2ccccc2-c2ccccc21,O=C1CCCO1,352.7,0.023780855894372,0.49737948
O=S1(=O)c2ccccc2-c2ccccc21,O=C1CCCO1,355.9,0.064219781889647,0.49737948
O=S1(=O)c2ccccc2-c2ccccc21,O=C1CCCO1,358.2,0.09907461865686,0.49737948
O=S1(=O)c2ccccc2-c2ccccc21,O=C1CCCO1,360.8,0.143794793456717,0.49737948
O=S1(=O)c2ccccc2-c2ccccc21,O=C1CCCO1,363.2,0.199126483075079,0.49737948
O=S1(=O)c2ccccc2-c2ccccc21,O=C1CCCO1,363.7,0.212435213491903,0.49737948
c1ccc2c(c1)sc1ccccc12,CCCCCCCCCCCCCC,278.2,-1.03685251251114,-0.7042012
c1ccc2c(c1)sc1ccccc12,CCCCCCCCCCCCCC,283.9,-0.920644220917544,-0.61516416
c1ccc2c(c1)sc1ccccc12,CCCCCCCCCCCCCC,291.0,-0.794070352868649,-0.5062149
c1ccc2c(c1)sc1ccccc12,CCCCCCCCCCCCCC,298.3,-0.673192024603113,-0.39726758
c1ccc2c(c1)sc1ccccc12,CCCCCCCCCCCCCC,316.1,-0.398367526969151,-0.14644386
c1ccc2c(c1)sc1ccccc12,CCCCCCCCCCCCCC,337.2,-0.025646200113905,0.13524853
c1ccc2c(c1)sc1ccccc12,CCCCCCCCCCCCCC,346.7,0.195269441699595,0.25803256
c1ccc2c(c1)sc1ccccc12,CCCCCCCCCCCCCC,352.6,0.383635556086342,0.31958103
c1ccc2c(c1)sc1ccccc12,CCCCCCCCCCCCCC,356.2,0.55238026929189,0.31958103
c1ccc2c(c1)sc1ccccc12,CCCCCCCCCCCCCCCC,291.1,-1.67734175821615,-0.46710068
c1ccc2c(c1)sc1ccccc12,CCCCCCCCCCCCCCCC,290.9,-1.19237278416729,-0.47010195
c1ccc2c(c1)sc1ccccc12,CCCCCCCCCCCCCCCC,290.8,-0.967464812265226,-0.47160307
c1ccc2c(c1)sc1ccccc12,CCCCCCCCCCCCCCCC,290.6,-0.815758594187814,-0.4746042
c1ccc2c(c1)sc1ccccc12,CCCCCCCCCCCCCCCC,290.6,-0.815758594187814,-0.4746042
c1ccc2c(c1)sc1ccccc12,CCCCCCCCCCCCCCCC,290.6,-0.803177208250939,-0.4746042
c1ccc2c(c1)sc1ccccc12,CCCCCCCCCCCCCCCC,290.6,-0.803177208250939,-0.4746042
c1ccc2c(c1)sc1ccccc12,CCCCCCCCCCCCCCCC,290.7,-0.7909589739408,-0.4731026
c1ccc2c(c1)sc1ccccc12,CCCCCCCCCCCCCCCC,291.0,-0.779120468402598,-0.4686011
c1ccc2c(c1)sc1ccccc12,CCCCCCCCCCCCCCCC,292.2,-0.767920776682425,-0.4506348
c1ccc2c(c1)sc1ccccc12,CCCCCCCCCCCCCCCC,293.0,-0.756840949313734,-0.43867934
c1ccc2c(c1)sc1ccccc12,CCCCCCCCCCCCCCCC,293.7,-0.741443338413618,-0.42823866
c1ccc2c(c1)sc1ccccc12,CCCCCCCCCCCCCCCC,304.4,-0.576749447743569,-0.27464205
c1ccc2c(c1)sc1ccccc12,CCCCCCCCCCCCCCCC,315.0,-0.424933631204844,-0.12968175
c1ccc2c(c1)sc1ccccc12,CCCCCCCCCCCCCCCC,319.9,-0.341355724597588,-0.06341079
c1ccc2c(c1)sc1ccccc12,CCCCCCCCCCCCCCCC,331.5,-0.144790978791607,0.08938186
c1ccc2c(c1)sc1ccccc12,CCCCCCCCCCCCCCCC,334.7,-0.084406542491216,0.13094495
c1ccc2c(c1)sc1ccccc12,CCCCCCCCCCCCCCCC,341.5,0.052717926901623,0.21852465
c1ccc2c(c1)sc1ccccc12,CCCCCCCCCCCCCCCC,350.9,0.286817348676942,0.33932364
c1ccc2c(c1)sc1ccccc12,CC#N,303.7,-0.418399759574827,0.12849094
c1ccc2c(c1)sc1ccccc12,CC#N,323.1,0.003129545037776,0.42478853
c1ccc2c(c1)sc1ccccc12,CC#N,332.0,0.311641595514413,0.55630064
c1ccc2c(c1)sc1ccccc12,CC#N,338.1,0.645742090638741,0.64446944
c1ccc2c(c1)sc1ccccc12,CC#N,341.8,0.900662872236144,0.6971982
c1ccc2c(c1)sc1ccccc12,CC#N,344.8,1.06301311462362,0.73995155
c1ccc2c(c1)sc1ccccc12,CC#N,347.1,1.17731084637514,0.7728006
c1ccc2c(c1)sc1ccccc12,O=C1CCCO1,281.3,-0.073515095615807,0.29305822
c1ccc2c(c1)sc1ccccc12,O=C1CCCO1,289.7,0.035834606869223,0.37062085
c1ccc2c(c1)sc1ccccc12,O=C1CCCO1,300.1,0.18339130559034,0.46373212
c1ccc2c(c1)sc1ccccc12,O=C1CCCO1,307.9,0.306171743254238,0.5348556
c1ccc2c(c1)sc1ccccc12,O=C1CCCO1,314.6,0.412511878602742,0.5969394
c1ccc2c(c1)sc1ccccc12,O=C1CCCO1,320.2,0.509204577520921,0.6486403
c1ccc2c(c1)sc1ccccc12,O=C1CCCO1,325.2,0.599423501731165,0.6938938
c1ccc2c(c1)sc1ccccc12,O=C1CCCO1,329.4,0.682908021325358,0.73115826
c1ccc2c(c1)sc1ccccc12,O=C1CCCO1,337.6,0.856800885411315,0.8030517
c1ccc2c(c1)sc1ccccc12,O=C1CCCO1,344.6,1.03470862370714,0.8655582
c1ccc2c(c1)sc1ccccc12,C1CCCCC1,309.3,-0.324499674585984,-0.17244476
c1ccc2c(c1)sc1ccccc12,C1CCCCC1,321.1,-0.068951707566094,0.028563514
c1ccc2c(c1)sc1ccccc12,C1CCCCC1,328.8,0.118052324305385,0.15705283
c1ccc2c(c1)sc1ccccc12,C1CCCCC1,335.6,0.338181065645314,0.26937973
c1ccc2c(c1)sc1ccccc12,C1CCCCC1,349.6,0.921674513658384,0.4957177
Nc1nc(N)nc(N)n1,OCCO,311.23,-0.676948454999274,-1.8021393
Nc1nc(N)nc(N)n1,OCCO,319.3,-0.669559907412485,-1.7000301
Nc1nc(N)nc(N)n1,OCCO,326.3,-0.66246407395117,-1.6123357
Nc1nc(N)nc(N)n1,OCCO,339.65,-0.640822558884949,-1.4477097
Nc1nc(N)nc(N)n1,OCCO,341.75,-0.635703526953046,-1.4221649
Nc1nc(N)nc(N)n1,OCCO,346.53,-0.620022034402393,-1.364562
Nc1nc(N)nc(N)n1,OCCO,347.15,-0.61795557925974,-1.357144
Nc1nc(N)nc(N)n1,OCCO,347.7,-0.616835296525719,-1.3505478
Nc1nc(N)nc(N)n1,OCCO,350.97,-0.609252385922229,-1.3114927
Nc1nc(N)nc(N)n1,OCCO,351.44,-0.597926373177034,-1.3072826
Nc1nc(N)nc(N)n1,OCCO,353.4,-0.592737854443729,-1.3059237
Nc1nc(N)nc(N)n1,CN(C)C=O,303.25,-2.07780307070093,-1.8277743
Nc1nc(N)nc(N)n1,CN(C)C=O,320.6,-1.89199874673166,-1.6131668
Nc1nc(N)nc(N)n1,CN(C)C=O,324.86,-1.85553626537374,-1.5606575
Nc1nc(N)nc(N)n1,CN(C)C=O,325.25,-1.85256914494985,-1.5558336
Nc1nc(N)nc(N)n1,CN(C)C=O,332.4,-1.79278684575801,-1.4663182
Nc1nc(N)nc(N)n1,CN(C)C=O,335.25,-1.76716401165405,-1.4307686
Nc1nc(N)nc(N)n1,CN(C)C=O,338.13,-1.74159776811831,-1.3952496
Nc1nc(N)nc(N)n1,CN(C)C=O,340.85,-1.7167688107666,-1.3617542
Nc1nc(N)nc(N)n1,CN(C)C=O,351.55,-1.61740051244273,-1.2344147
Nc1nc(N)nc(N)n1,CN(C)C=O,351.63,-1.61547257770784,-1.2341602
Nc1nc(N)nc(N)n1,CN(C)C=O,354.75,-1.58871651121146,-1.2334665
Nc1nc(N)nc(N)n1,CN(C)C=O,356.8,-1.56918619210764,-1.2334665
Nc1nc(N)nc(N)n1,CN(C)C=O,363.35,-1.50819255685094,-1.2334665
Nc1nc(N)nc(N)n1,CC(=O)N(C)C,322.75,-2.31023653915319,-1.378871
Nc1nc(N)nc(N)n1,CC(=O)N(C)C,325.25,-2.25626064017703,-1.347476
Nc1nc(N)nc(N)n1,CC(=O)N(C)C,329.45,-2.16472348274143,-1.2956533
Nc1nc(N)nc(N)n1,CC(=O)N(C)C,333.77,-2.08012022153167,-1.2434423
Nc1nc(N)nc(N)n1,CC(=O)N(C)C,337.45,-2.00815194380279,-1.1992849
Nc1nc(N)nc(N)n1,CC(=O)N(C)C,340.55,-1.94780310626012,-1.1624027
Nc1nc(N)nc(N)n1,CC(=O)N(C)C,342.39,-1.91246524194143,-1.1405455
Nc1nc(N)nc(N)n1,CC(=O)N(C)C,343.8,-1.88513953552511,-1.1239196
Nc1nc(N)nc(N)n1,CC(=O)N(C)C,344.95,-1.86292374133398,-1.1104474
Nc1nc(N)nc(N)n1,CC(=O)N(C)C,348.4,-1.79618868041757,-1.0701406
Nc1nc(N)nc(N)n1,CC(=O)N(C)C,350.76,-1.75080809872329,-1.0428927
Nc1nc(N)nc(N)n1,CC(=O)N(C)C,353.63,-1.69582231232091,-1.0348519
Nc1nc(N)nc(N)n1,CC(=O)N(C)C,355.03,-1.66896042042322,-1.0348519
Nc1nc(N)nc(N)n1,CC(=O)N(C)C,357.05,-1.63040392866972,-1.0348519
Nc1nc(N)nc(N)n1,CC(=O)N(C)C,361.55,-1.54470457913079,-1.0348519
N[C@@H](CCC(=O)O)C(=O)O,CCO,278.15,-3.48987447415096,-2.5557275
N[C@@H](CCC(=O)O)C(=O)O,CCO,283.23,-3.31104342638173,-2.4725592
N[C@@H](CCC(=O)O)C(=O)O,CCO,293.37,-3.1270208517962,-2.3087661
N[C@@H](CCC(=O)O)C(=O)O,CCO,298.63,-2.91115923161463,-2.2246614
N[C@@H](CCC(=O)O)C(=O)O,CCO,303.27,-2.72184213375823,-2.1522563
N[C@@H](CCC(=O)O)C(=O)O,CCO,308.25,-2.5983432045804,-2.0768192
N[C@@H](CCC(=O)O)C(=O)O,CCO,313.23,-2.39062271545371,-2.0034914
N[C@@H](CCC(=O)O)C(=O)O,CCO,317.84,-2.21469994010044,-1.9382881
N[C@@H](CCC(=O)O)C(=O)O,CCO,322.77,-3.06914643246502,-1.8700817
N[C@@H](CCC(=O)O)C(=O)O,CCO,328.2,-2.96909126584475,-1.7961075
N[C@@H](CCC(=O)O)C(=O)O,CCO,332.96,-2.80125116291079,-1.7339648
N[C@@H](CCC(=O)O)C(=O)O,CCO,337.55,-2.59451250253727,-1.6762885
N[C@@H](CCC(=O)O)C(=O)O,CCO,342.04,-2.46578844154672,-1.6200695
N[C@@H](CCC(=O)O)C(=O)O,CCO,347.2,-2.27008257905929,-1.5547782
N[C@@H](CCC(=O)O)C(=O)O,CS(C)=O,306.25,-3.74323416205835,-1.0327233
N[C@@H](CCC(=O)O)C(=O)O,CS(C)=O,320.85,-3.44591394569082,-0.86518484
N[C@@H](CCC(=O)O)C(=O)O,CS(C)=O,334.25,-3.13740628359047,-0.72263926
N[C@@H](CCC(=O)O)C(=O)O,CS(C)=O,341.75,-2.88450135436038,-0.64875054
N[C@@H](CCC(=O)O)C(=O)O,CS(C)=O,343.85,-2.80135594207547,-0.6289323
N[C@@H](CCC(=O)O)C(=O)O,CS(C)=O,351.15,-2.63624564749875,-0.5611275
N[C@@H](CCC(=O)O)C(=O)O,CS(C)=O,355.05,-2.50476744237566,-0.5587164
N[C@@H](CCC(=O)O)C(=O)O,CC(C)=O,278.15,-3.34627705598813,-2.8203
N[C@@H](CCC(=O)O)C(=O)O,CC(C)=O,283.16,-3.12364202098448,-2.7464347
N[C@@H](CCC(=O)O)C(=O)O,CC(C)=O,288.6,-2.8846693839521,-2.6690505
N[C@@H](CCC(=O)O)C(=O)O,CC(C)=O,295.4,-2.54717679312942,-2.5745904
N[C@@H](CCC(=O)O)C(=O)O,CC(C)=O,298.15,-2.44085399617247,-2.5378678
N[C@@H](CCC(=O)O)C(=O)O,CC(C)=O,303.55,-2.1719387545948,-2.4681756
N[C@@H](CCC(=O)O)C(=O)O,CC(C)=O,308.35,-2.01381099615918,-2.4079928
N[C@@H](CCC(=O)O)C(=O)O,CC(C)=O,313.15,-1.79294611179378,-2.3504605
N[C@@H](CCC(=O)O)C(=O)O,CC(C)=O,317.98,-1.58900820226439,-2.2939548
N[C@@H](CCC(=O)O)C(=O)O,CC(C)=O,323.05,-1.44874448506192,-2.236051
N[C@@H](CCC(=O)O)C(=O)O,CC(C)=O,328.05,-1.22461044526599,-2.1803231
N[C@@H](CCC(=O)O)C(=O)O,CCCO,294.13,-3.14669714690829,-2.5415015
N[C@@H](CCC(=O)O)C(=O)O,CCCO,298.63,-2.94703393802709,-2.4610314
N[C@@H](CCC(=O)O)C(=O)O,CCCO,303.45,-2.69786647551967,-2.375222
N[C@@H](CCC(=O)O)C(=O)O,CCCO,308.95,-2.36111712719786,-2.2765188
N[C@@H](CCC(=O)O)C(=O)O,CCCO,313.15,-2.21417208000413,-2.2021747
N[C@@H](CCC(=O)O)C(=O)O,CCCO,318.15,-1.99493135418877,-2.1139216
N[C@@H](CCC(=O)O)C(=O)O,CCCO,323.15,-1.76057538199257,-2.0279012
N[C@@H](CCC(=O)O)C(=O)O,CCCO,327.71,-1.54924629449839,-1.949609
N[C@@H](CCC(=O)O)C(=O)O,CCCO,332.15,-1.42382086891618,-1.8754342
N[C@@H](CCC(=O)O)C(=O)O,O=CO,293.73,0.670365364121239,-1.5858583
N[C@@H](CCC(=O)O)C(=O)O,O=CO,298.15,0.135238262770458,-1.5337605
N[C@@H](CCC(=O)O)C(=O)O,O=CO,303.15,0.244173649880239,-1.4755003
N[C@@H](CCC(=O)O)C(=O)O,O=CO,308.24,0.276589295696801,-1.4171853
N[C@@H](CCC(=O)O)C(=O)O,O=CO,313.04,0.317915988094501,-1.3640993
N[C@@H](CCC(=O)O)C(=O)O,O=CO,317.87,0.355960558883181,-1.3122606
N[C@@H](CCC(=O)O)C(=O)O,O=CO,321.76,0.386813027906111,-1.2719407
N[C@@H](CCC(=O)O)C(=O)O,O=CO,327.96,0.435637577941814,-1.2096412
N[C@@H](CCC(=O)O)C(=O)O,O=CO,333.06,0.492487259005809,-1.1594744
N[C@@H](CCC(=O)O)C(=O)O,O=CO,338.13,0.545503773926868,-1.1109272
N[C@@H](CCC(=O)O)C(=O)O,CO,278.15,-3.47739992577688,-2.0649757
N[C@@H](CCC(=O)O)C(=O)O,CO,283.25,-3.34909850605407,-1.9988269
N[C@@H](CCC(=O)O)C(=O)O,CO,288.26,-3.19014845001577,-1.9338932
N[C@@H](CCC(=O)O)C(=O)O,CO,296.15,-3.01322099024281,-1.8324924
N[C@@H](CCC(=O)O)C(=O)O,CO,299.43,-2.94936880473213,-1.7908787
N[C@@H](CCC(=O)O)C(=O)O,CO,303.6,-2.86739996467688,-1.7384069
N[C@@H](CCC(=O)O)C(=O)O,CO,308.44,-2.78117421580272,-1.676699
N[C@@H](CCC(=O)O)C(=O)O,CO,313.15,-2.62410066194882,-1.6158743
N[C@@H](CCC(=O)O)C(=O)O,CO,317.97,-2.55797451784592,-1.5538704
N[C@@H](CCC(=O)O)C(=O)O,CO,323.15,-2.46968855260426,-1.4891679
N[C@@H](CCC(=O)O)C(=O)O,CO,332.99,-2.36257592396401,-1.3698442
N[C@@H](CCC(=O)O)C(=O)O,CO,333.15,-2.36370231211511,-1.3679221
O=C(O)c1ccccc1,CC(=O)O,298.3,0.331377982861062,0.3997395
O=C(O)c1ccccc1,CC(=O)O,308.4,0.414712916113797,0.5374816
O=C(O)c1ccccc1,CC(=O)O,318.3,0.50350175473713,0.666398
O=C(O)c1ccccc1,CC(=O)O,328.2,0.568438012609714,0.7956441
O=C(O)c1ccccc1,CC(=O)O,338.0,0.638938694492795,0.9185065
O=C(O)c1ccccc1,CC(=O)O,348.3,0.685433695168223,1.0427833
O=C(O)c1ccccc1,CC(=O)O,358.6,0.746329651363465,1.080636
O=Cc1ccc(C(=O)O)cc1,ClC(Cl)Cl,293.15,-1.98645627393957,-2.008788
O=Cc1ccc(C(=O)O)cc1,ClC(Cl)Cl,298.15,-1.93111473732339,-1.9200653
O=Cc1ccc(C(=O)O)cc1,ClC(Cl)Cl,303.15,-1.87851122960137,-1.833473
O=Cc1ccc(C(=O)O)cc1,ClC(Cl)Cl,308.15,-1.8184676544971,-1.7478662
O=Cc1ccc(C(=O)O)cc1,ClC(Cl)Cl,313.15,-1.75193582792273,-1.6629766
O=Cc1ccc(C(=O)O)cc1,ClC(Cl)Cl,318.15,-1.69089092707636,-1.5782076
O=Cc1ccc(C(=O)O)cc1,ClC(Cl)Cl,323.15,-1.62741568361302,-1.4957588
O=Cc1ccc(C(=O)O)cc1,ClC(Cl)Cl,328.15,-1.55618679840732,-1.4155906
O=Cc1ccc(C(=O)O)cc1,ClC(Cl)Cl,332.15,-1.49524836004251,-1.3533766
O=C(O)c1ccc(C(=O)O)cc1,CC(=O)N(C)C,303.2,-0.760148143577537,-0.4211021
O=C(O)c1ccc(C(=O)O)cc1,CC(=O)N(C)C,313.2,-0.641824160436407,-0.31529927
O=C(O)c1ccc(C(=O)O)cc1,CC(=O)N(C)C,323.2,-0.538290035802324,-0.21706146
O=C(O)c1ccc(C(=O)O)cc1,CC(=O)N(C)C,333.2,-0.449254238713742,-0.1240315
O=C(O)c1ccc(C(=O)O)cc1,CC(=O)N(C)C,343.2,-0.386031105380317,-0.038512886
O=C(O)c1ccc(C(=O)O)cc1,CC(=O)N(C)C,353.2,-0.318113662885755,0.029529989
O=C(O)c1ccc(C(=O)O)cc1,CC(=O)N(C)C,363.2,-0.254937543421534,0.029529989
O=C(O)c1cccc(C(=O)O)c1,CCCOC(C)=O,303.2,-2.16840641666868,-0.62871575
O=C(O)c1cccc(C(=O)O)c1,CCCOC(C)=O,313.2,-2.10082501618122,-0.5175698
O=C(O)c1cccc(C(=O)O)c1,CCCOC(C)=O,323.2,-2.04255669790294,-0.41190964
O=C(O)c1cccc(C(=O)O)c1,CCCOC(C)=O,333.2,-1.96216285119521,-0.31213683
O=C(O)c1cccc(C(=O)O)c1,CCCOC(C)=O,343.2,-1.94859260595443,-0.217304
O=C(O)c1cccc(C(=O)O)c1,CCCOC(C)=O,353.2,-1.83860439360575,-0.14360158
O=C(O)c1cccc(C(=O)O)c1,CCCOC(C)=O,363.2,-1.76681363152372,-0.14360158
O=C(O)c1cccc(C(=O)O)c1,CN1CCCC1=O,296.35,0.008095542896202,0.416883
O=C(O)c1cccc(C(=O)O)c1,CN1CCCC1=O,298.85,0.033517629956905,0.4350314
O=C(O)c1cccc(C(=O)O)c1,CN1CCCC1=O,303.55,0.077146898963655,0.46889848
O=C(O)c1cccc(C(=O)O)c1,CN1CCCC1=O,307.05,0.111103533073495,0.49369562
O=C(O)c1cccc(C(=O)O)c1,CN1CCCC1=O,310.25,0.138912974126555,0.51599747
O=C(O)c1cccc(C(=O)O)c1,CN1CCCC1=O,313.65,0.171864072865356,0.5394433
O=C(O)c1cccc(C(=O)O)c1,CN1CCCC1=O,316.95,0.200609747754666,0.5621158
O=C(O)c1cccc(C(=O)O)c1,CN1CCCC1=O,320.45,0.232132047645396,0.5859104
O=C(O)c1cccc(C(=O)O)c1,CN1CCCC1=O,323.55,0.258879018338041,0.6068998
O=C(O)c1cccc(C(=O)O)c1,CN1CCCC1=O,326.55,0.287361749259967,0.62688035
O=C(O)c1cccc(C(=O)O)c1,CN1CCCC1=O,331.25,0.331503523055346,0.65823966
O=C(O)c1cccc(C(=O)O)c1,CN1CCCC1=O,336.25,0.378464032942258,0.69171834
O=C(O)c1cccc(C(=O)O)c1,CN1CCCC1=O,340.75,0.422710070062835,0.7219521
O=C(O)c1cccc(C(=O)O)c1,CN1CCCC1=O,343.55,0.451953578810355,0.74068207
O=C(O)c1cccc(C(=O)O)c1,CN1CCCC1=O,345.25,0.467501270429729,0.7521469
O=C(O)c1cccc(C(=O)O)c1,CN1CCCC1=O,346.55,0.48216171369394,0.7608069
O=C(O)c1ccc(C(=O)O)c(C(=O)O)c1,CC(=O)O,313.2,-1.54018705337602,-1.5435925
O=C(O)c1ccc(C(=O)O)c(C(=O)O)c1,CC(=O)O,323.2,-1.27692557858725,-1.4367579
O=C(O)c1ccc(C(=O)O)c(C(=O)O)c1,CC(=O)O,333.2,-1.09263441200525,-1.3332102
O=C(O)c1ccc(C(=O)O)c(C(=O)O)c1,CC(=O)O,343.2,-0.948134526566464,-1.2360396
O=C(O)c1ccc(C(=O)O)c(C(=O)O)c1,CC(=O)O,353.2,-0.842909487657474,-1.1579583
O=C(O)c1ccc(C(=O)O)c(C(=O)O)c1,CC(=O)O,363.2,-0.761634289002018,-1.1579583
O=C(O)c1cc(C(=O)O)cc(C(=O)O)c1,CC(=O)O,313.2,-1.68661629860265,-1.404705
O=C(O)c1cc(C(=O)O)cc(C(=O)O)c1,CC(=O)O,323.2,-1.6433522566982,-1.3167492
O=C(O)c1cc(C(=O)O)cc(C(=O)O)c1,CC(=O)O,333.2,-1.54693295690208,-1.2316369
O=C(O)c1cc(C(=O)O)cc(C(=O)O)c1,CC(=O)O,343.2,-1.47913423905282,-1.1457291
O=C(O)c1cc(C(=O)O)cc(C(=O)O)c1,CC(=O)O,353.2,-1.38910877109082,-1.0752747
O=C(O)c1cc(C(=O)O)cc(C(=O)O)c1,CC(=O)O,363.2,-1.28871015989784,-1.0752747
NC(N)=O,CN(C)C=O,304.15,0.481001756250564,-0.31268227
NC(N)=O,CN(C)C=O,308.15,0.542940377294598,-0.27491117
NC(N)=O,CN(C)C=O,312.94,0.611690806110736,-0.22993453
NC(N)=O,CN(C)C=O,318.25,0.690891915328332,-0.18227758
NC(N)=O,CN(C)C=O,323.05,0.766454574369986,-0.13964777
NC(N)=O,CN(C)C=O,332.65,0.912788274360049,-0.05583243
NC(N)=O,CN(C)C=O,337.55,0.996309715903032,-0.014631331
NC(N)=O,CC(O)CO,300.75,0.703165141099712,-0.8356253
NC(N)=O,CC(O)CO,305.05,0.724789175739963,-0.7826991
NC(N)=O,CC(O)CO,308.67,0.750715772320233,-0.73948085
NC(N)=O,CC(O)CO,311.23,0.781591984492417,-0.7095673
NC(N)=O,CC(O)CO,316.0,0.817401651325154,-0.6547316
NC(N)=O,CC(O)CO,321.3,0.8519572726664,-0.59504604
NC(N)=O,CC(O)CO,325.7,0.884964706644104,-0.54697675
NC(N)=O,CC(O)CO,329.95,0.920227096363392,-0.50144684
NC(N)=O,CC(O)CO,335.05,0.960621957561959,-0.4473534
NC(N)=O,CC(O)CO,342.1,1.03273620485966,-0.3738444
NC(N)=O,O=S1(=O)CCCC1,312.15,-0.054670964081355,-0.6337757
NC(N)=O,O=S1(=O)CCCC1,318.53,0.074238342400401,-0.57013583
NC(N)=O,O=S1(=O)CCCC1,322.57,0.160659321126835,-0.53052235
NC(N)=O,O=S1(=O)CCCC1,328.25,0.251760312011292,-0.47417903
NC(N)=O,O=S1(=O)CCCC1,332.26,0.335421170195004,-0.43467668
NC(N)=O,O=S1(=O)CCCC1,336.95,0.420275946143807,-0.3893475
NC(N)=O,O=S1(=O)CCCC1,341.0,0.497188752074546,-0.350792
NC(N)=O,O=S1(=O)CCCC1,345.35,0.588522566882857,-0.30991507
NC(N)=O,O=S1(=O)CCCC1,349.54,0.678178949575314,-0.27069038
NC(N)=O,O=S1(=O)CCCC1,353.05,0.74935991172622,-0.2527715
NC(N)=O,CC(=O)N(C)C,312.32,-0.728367916143088,-0.46784133
NC(N)=O,CC(=O)N(C)C,316.94,-0.585605402931654,-0.42558965
NC(N)=O,CC(=O)N(C)C,322.18,-0.441907357158483,-0.37815374
NC(N)=O,CC(=O)N(C)C,327.8,-0.296779579877027,-0.32714802
NC(N)=O,CC(=O)N(C)C,332.0,-0.189318250206962,-0.2896402
NC(N)=O,CC(=O)N(C)C,336.15,-0.095173344340646,-0.2524295
NC(N)=O,CC(=O)N(C)C,340.95,0.036612568321735,-0.20966683
NC(N)=O,CC(=O)N(C)C,345.65,0.143021029836181,-0.16779053
NC(N)=O,CC(=O)N(C)C,349.65,0.253934028995812,-0.13279594
NC(N)=O,CC(=O)N(C)C,354.51,0.39348355867751,-0.11762737
NC(N)=O,CN1CCCC1=O,305.35,0.199782181762762,-0.44346723
NC(N)=O,CN1CCCC1=O,316.55,0.326923670679683,-0.33934084
NC(N)=O,CN1CCCC1=O,321.49,0.381380267823716,-0.29439917
NC(N)=O,CN1CCCC1=O,326.85,0.433593188896268,-0.24630122
NC(N)=O,CN1CCCC1=O,332.29,0.485060029735157,-0.19776244
NC(N)=O,CN1CCCC1=O,337.75,0.546751915208817,-0.14961444
NC(N)=O,CN1CCCC1=O,341.76,0.591632795616912,-0.11476691
NC(N)=O,CN1CCCC1=O,345.6,0.64129338257532,-0.08142778
NC(N)=O,CN1CCCC1=O,349.84,0.695579535688386,-0.044736505
NC(N)=O,CN1CCCC1=O,354.55,0.756201877369725,-0.03091766
NC(N)=O,OC1CCCCC1,314.7,-0.679785422124319,-1.5079608
NC(N)=O,OC1CCCCC1,319.15,-0.620254284259086,-1.4426211
NC(N)=O,OC1CCCCC1,324.7,-0.520290552393521,-1.3625547
NC(N)=O,OC1CCCCC1,328.95,-0.456673157365271,-1.3029158
NC(N)=O,OC1CCCCC1,333.55,-0.369658977491604,-1.2396114
NC(N)=O,OC1CCCCC1,338.45,-0.28791063929369,-1.1727709
NC(N)=O,OC1CCCCC1,342.5,-0.227519346920044,-1.117703
NC(N)=O,OC1CCCCC1,347.6,-0.162923732054708,-1.049608
NC(N)=O,OC1CCCCC1,350.96,-0.114054176197732,-1.0056902
NC(N)=O,OC1CCCCC1,354.85,-0.060625193282124,-0.9993073
NC(N)=O,NC=O,302.46,0.979023083621877,-1.0346203
NC(N)=O,NC=O,307.64,1.02039448545182,-0.9745418
NC(N)=O,NC=O,309.7,1.03879304885562,-0.95069194
NC(N)=O,NC=O,313.75,1.07302352666757,-0.9043428
NC(N)=O,NC=O,317.39,1.09951401348804,-0.8640253
NC(N)=O,NC=O,320.18,1.12713046988823,-0.83387005
NC(N)=O,NC=O,326.75,1.18263407480005,-0.76424736
NC(N)=O,NC=O,330.93,1.21547739341739,-0.72046494
NC(N)=O,NC=O,335.8,1.26125357593122,-0.670416
NC(N)=O,NC=O,340.75,1.3071335985478,-0.62047434
CCCCOC(=O)c1ccc(O)cc1,O,298.0,-3.00155184865212,0.023056403
c1ccc2c(c1)oc1ccccc12,O,313.2,-4.296575881517,-0.47245812
c1ccc2c(c1)oc1ccccc12,O,323.2,-4.10547328938409,-0.28136823
c1ccc2c(c1)oc1ccccc12,O,333.2,-3.91073730294631,-0.09173305
c1ccc2c(c1)oc1ccccc12,O,343.2,-3.64938763732628,0.09966385
c1ccc2c(c1)oc1ccccc12,O,353.2,-3.42047304659038,0.25322157
c1ccc2c(c1)Oc1ccccc1S2,O,313.2,-4.81490069878328,-0.5743488
c1ccc2c(c1)Oc1ccccc1S2,O,318.2,-4.67384239080919,-0.47098032
c1ccc2c(c1)Oc1ccccc1S2,O,323.2,-4.51262167767953,-0.36754954
c1ccc2c(c1)Oc1ccccc1S2,O,328.2,-4.3889580077443,-0.26486734
c1ccc2c(c1)sc1ccccc12,O,313.2,-4.94507830560142,-0.46506643
c1ccc2c(c1)sc1ccccc12,O,323.2,-4.72173369883201,-0.2963152
c1ccc2c(c1)sc1ccccc12,O,333.2,-4.47122988037287,-0.12705097
c1ccc2c(c1)sc1ccccc12,O,343.2,-4.23595524024204,0.038834676
c1ccc2c(c1)sc1ccccc12,O,353.2,-3.98024619071407,0.17450067
c1ccc2c(c1)sc1ccccc12,O,363.2,-3.7280785740467,0.17450067
c1ccc2c(c1)Cc1ccccc1O2,O,313.0,-4.85755371982483,-0.88992494
c1ccc2c(c1)Cc1ccccc1O2,O,323.0,-4.58776246044847,-0.6810057
c1ccc2c(c1)Cc1ccccc1O2,O,333.0,-4.33969465280052,-0.4732588
c1ccc2c(c1)Cc1ccccc1O2,O,343.0,-4.10410858017614,-0.2676295
c1ccc2c(c1)Cc1ccccc1O2,O,353.0,-3.85811005374817,-0.09478861
c1ccc2c(c1)Cc1ccccc1O2,O,363.0,-3.64513970663103,-0.09478861
c1ccc2c(c1)cnc1ccccc12,O,313.2,-3.46029223826909,-0.6372608
c1ccc2c(c1)cnc1ccccc12,O,333.2,-3.08393729303199,-0.22760601
c1ccc2c(c1)cnc1ccccc12,O,353.2,-2.6814446944141,0.1365811
c1ccc2c(c1)cnc1ccccc12,O,363.2,-2.49855809897897,0.1365811
Cc1ccc(C(=O)O)cc1,CN(C)C=O,295.65,0.241145152451247,0.39242768
Cc1ccc(C(=O)O)cc1,CN(C)C=O,298.75,0.289039587085285,0.42661023
Cc1ccc(C(=O)O)cc1,CN(C)C=O,303.05,0.352683557933643,0.47329324
Cc1ccc(C(=O)O)cc1,CN(C)C=O,307.55,0.415425287016077,0.5211499
Cc1ccc(C(=O)O)cc1,CN(C)C=O,311.05,0.467314492749841,0.5569957
Cc1ccc(C(=O)O)cc1,CN(C)C=O,315.55,0.529680233670712,0.6014315
Cc1ccc(C(=O)O)cc1,CN(C)C=O,320.45,0.602888858325366,0.64818835
Cc1ccc(C(=O)O)cc1,CN(C)C=O,324.55,0.662086311875136,0.6859484
Cc1ccc(C(=O)O)cc1,CN(C)C=O,326.85,0.700856645755975,0.70688045
Cc1ccc(C(=O)O)cc1,CN(C)C=O,328.95,0.731970976988849,0.7258534
Cc1ccc(C(=O)O)cc1,CN(C)C=O,331.65,0.777211911693911,0.749707
Cc1ccc(C(=O)O)cc1,CN(C)C=O,333.05,0.801684511508211,0.76167
Cc1ccc(C(=O)O)cc1,CN(C)C=O,335.05,0.838156237866772,0.7786247
Cc1ccc(C(=O)O)cc1,CN(C)C=O,335.55,0.851342900621617,0.7828863
Nc1ccc(S(=O)(=O)Nc2ncccn2)cc1,O,293.15,-3.67663,-1.386101
Nc1ccc(S(=O)(=O)Nc2ncccn2)cc1,O,298.15,-3.56901,-1.3106236
Nc1ccc(S(=O)(=O)Nc2ncccn2)cc1,O,303.15,-3.40615,-1.2369914
Nc1ccc(S(=O)(=O)Nc2ncccn2)cc1,O,308.15,-3.29927,-1.1657789
Nc1ccc(S(=O)(=O)Nc2ncccn2)cc1,O,313.15,-3.20201,-1.0959272
Nc1ccc(S(=O)(=O)Nc2ncccn2)cc1,O,298.0,-2.62305,-1.3128594
Nc1ccc(S(=O)(=O)Nc2ncccn2)cc1,O,343.0,-2.50958,-0.6975037
Nc1ccc(S(=O)(=O)Nc2ncccn2)cc1,O,353.0,-2.28123,-0.5887803
Nc1ccc(S(=O)(=O)Nc2ncccn2)cc1,O,363.0,-2.0796,-0.5887803
Nc1ccc(S(=O)(=O)Nc2ncccn2)cc1,O,373.0,-1.90117,-0.5887803
Nc1ccc(S(=O)(=O)Nc2ncccn2)cc1,O,383.0,-1.75599,-0.5887803
Nc1ccc(S(=O)(=O)Nc2ncccn2)cc1,O,393.0,-1.61565,-0.5887803
Nc1ccc(S(=O)(=O)Nc2ncccn2)cc1,O,403.0,-1.49026,-0.5887803
O=C(O)CCCCCCCCC(=O)O,O,321.95,-2.70199,-0.8330234
O=C(O)CCCCCCCCC(=O)O,O,327.45,-2.46007,-0.7239749
O=C(O)CCCCCCCCC(=O)O,O,329.44,-2.32129,-0.68511784
O=C(O)CCCCCCCCC(=O)O,O,331.61,-2.2931,-0.64291775
O=C(O)CCCCCCCCC(=O)O,O,334.01,-2.17996,-0.59640825
O=C(O)CCCCCCCCC(=O)O,O,336.96,-2.08265,-0.5400478
O=C(O)CCCCCCCCC(=O)O,O,339.68,-2.03314,-0.4891075
O=C(O)CCCCCCCCC(=O)O,O,341.72,-1.94566,-0.45107394
O=C(O)CCCCCCCCC(=O)O,O,343.83,-1.89082,-0.41177058
O=C(O)CCCCCCCCC(=O)O,O,347.4,-1.85393,-0.34630102
O=C(O)CCCCCCCCC(=O)O,O,350.2,-1.76847,-0.29600477
O=C(O)CCCCCCCCC(=O)O,O,298.0,-2.9092,-1.3318967
O=C(O)CCCCCCCCC(=O)O,O,313.0,-1.4708,-1.0179976
O=C(O)CCCCCCCCC(=O)O,O,373.0,-0.05028,-0.27367568
CC(C)(C)c1ccc(C(=O)O)cc1,O,423.15,0.32624,0.336518
CC(C)(C)c1ccc(C(=O)O)cc1,O,413.15,0.19169,0.336518
CC(C)(C)c1ccc(C(=O)O)cc1,O,403.15,0.04571,0.336518
CC(C)(C)c1ccc(C(=O)O)cc1,O,393.15,-0.08904,0.336518
CC(C)(C)c1ccc(C(=O)O)cc1,O,383.15,-0.25885,0.336518
CC(C)(C)c1ccc(C(=O)O)cc1,O,373.15,-0.31041,0.336518
CC(C)(C)c1ccc(C(=O)O)cc1,O,363.15,-0.52366,0.336518
CC(C)(C)c1ccc(C(=O)O)cc1,O,353.15,-0.67632,0.336518
CC(C)(C)c1ccc(C(=O)O)cc1,O,343.15,-0.86628,0.2548468
CC(C)(C)c1ccc(C(=O)O)cc1,O,333.15,-1.05019,0.1539131
CC(C)(C)c1ccc(C(=O)O)cc1,O,323.15,-1.0754,0.04685664
CC(C)(C)c1ccc(C(=O)O)cc1,O,313.15,-1.35549,-0.06566177
CC(C)(C)c1ccc(C(=O)O)cc1,O,303.15,-1.55823,-0.19014427
c1ccc2nc3ccccc3nc2c1,O,313.2,-3.40342,-1.0892653
c1ccc2nc3ccccc3nc2c1,O,333.2,-3.06701,-0.6766678
c1ccc2nc3ccccc3nc2c1,O,353.2,-2.74299,-0.30551356
c1ccc2nc3ccccc3nc2c1,O,373.2,-2.4099,-0.30551356
c1ccc2nc3ccccc3nc2c1,O,393.2,-2.06862,-0.30551356
c1ccc2nc3ccccc3nc2c1,O,412.2,-1.72161,-0.30551356
c1ccc2nc3ccccc3nc2c1,O,433.2,-1.38435,-0.30551356
c1ccc2c(c1)Sc1ccccc1S2,O,313.2,-6.08285,-1.3379853
c1ccc2c(c1)Sc1ccccc1S2,O,333.2,-5.53053,-0.96216476
c1ccc2c(c1)Sc1ccccc1S2,O,353.2,-4.96702,-0.6240981
c1ccc2c(c1)Sc1ccccc1S2,O,373.2,-4.40875,-0.6240981
c1ccc2c(c1)Sc1ccccc1S2,O,393.2,-3.8865,-0.6240981
c1ccc2c(c1)Sc1ccccc1S2,O,413.2,-3.35786,-0.6240981
c1ccc2c(c1)Sc1ccccc1S2,O,423.2,-3.09112,-0.6240981
c1ccc2c(c1)[nH]c1ccccc12,O,298.0,-5.21515,-1.2297586
c1ccc2c(c1)[nH]c1ccccc12,O,323.0,-4.60757,-0.8338619
c1ccc2c(c1)[nH]c1ccccc12,O,373.0,-3.27854,-0.40708262
c1ccc2c(c1)[nH]c1ccccc12,O,423.0,-2.08828,-0.40708262
c1ccc2c(c1)[nH]c1ccccc12,O,473.0,-1.04168,-0.40708262
c1ccc2c(c1)[nH]c1ccccc12,O,313.2,-4.82438,-0.98392314
c1ccc2c(c1)[nH]c1ccccc12,O,333.2,-4.39604,-0.67916226
c1ccc2c(c1)[nH]c1ccccc12,O,353.2,-3.83348,-0.40708262
c1ccc2c(c1)[nH]c1ccccc12,O,373.2,-3.38795,-0.40708262
c1ccc2c(c1)[nH]c1ccccc12,O,393.2,-2.93592,-0.40708262
c1ccc2c(c1)[nH]c1ccccc12,O,413.2,-2.5121,-0.40708262
c1ccc2c(c1)[nH]c1ccccc12,O,433.2,-2.07683,-0.40708262
c1ccc2c(c1)Nc1ccccc1S2,O,298.2,-5.06342,-1.4150727
c1ccc2c(c1)Nc1ccccc1S2,O,308.2,-4.96214,-1.2431173
c1ccc2c(c1)Nc1ccccc1S2,O,318.2,-4.86015,-1.075395
c1ccc2c(c1)Nc1ccccc1S2,O,328.2,-4.71072,-0.91339093
c1ccc2c(c1)Nc1ccccc1S2,O,338.2,-4.57554,-0.75621164
c1ccc2c(c1)Nc1ccccc1S2,O,313.2,-4.79356,-1.1590337
c1ccc2c(c1)Nc1ccccc1S2,O,333.2,-4.34019,-0.83430916
c1ccc2c(c1)Nc1ccccc1S2,O,353.2,-3.90256,-0.5483167
c1ccc2c(c1)Nc1ccccc1S2,O,373.2,-3.44642,-0.5483167
c1ccc2c(c1)Nc1ccccc1S2,O,393.2,-2.96395,-0.5483167
c1ccc2c(c1)Nc1ccccc1S2,O,413.2,-2.53951,-0.5483167
c1ccc2c(c1)Nc1ccccc1S2,O,433.2,-2.08204,-0.5483167
c1ccc2c(c1)Nc1ccccc1S2,O,453.2,-1.67665,-0.5483167
OC(Cn1cncn1)(Cn1cncn1)c1ccc(F)cc1F,O,298.0,-2.35342,-0.91781473
OC(Cn1cncn1)(Cn1cncn1)c1ccc(F)cc1F,O,323.0,-1.52816,-0.52707684
OC(Cn1cncn1)(Cn1cncn1)c1ccc(F)cc1F,O,348.0,-1.16633,-0.18487045
OC(Cn1cncn1)(Cn1cncn1)c1ccc(F)cc1F,O,373.0,-1.04814,-0.14200458
OC(Cn1cncn1)(Cn1cncn1)c1ccc(F)cc1F,O,398.0,-0.73743,-0.14200458
O=c1c2ccccc2oc2ccccc12,O,313.0,-4.40831,-1.6589079
O=c1c2ccccc2oc2ccccc12,O,333.0,-3.98048,-1.2128142
O=c1c2ccccc2oc2ccccc12,O,353.0,-3.53244,-0.7943501
O=c1c2ccccc2oc2ccccc12,O,373.0,-3.16359,-0.7943501
O=c1c2ccccc2oc2ccccc12,O,393.0,-2.71788,-0.7943501
O=c1c2ccccc2oc2ccccc12,O,413.0,-2.33329,-0.7943501
O=c1c2ccccc2oc2ccccc12,O,433.0,-1.86904,-0.7943501
c1ccc2cc3ccccc3cc2c1,CCO,298.2,-2.06483,-2.062056
c1ccc2cc3ccccc3cc2c1,CCO,308.2,-1.94998,-1.8384342
c1ccc2cc3ccccc3cc2c1,CCO,318.2,-1.8879,-1.6026909
c1ccc2cc3ccccc3cc2c1,CCO,393.0,-0.61019,-0.7958755
c1ccc2cc3ccccc3cc2c1,CCO,413.0,-0.39194,-0.7958755
c1ccc2cc3ccccc3cc2c1,CCO,423.0,-0.34028,-0.7958755
c1ccc2cc3ccccc3cc2c1,CCO,433.0,-0.21126,-0.7958755
c1ccc2cc3ccccc3cc2c1,CCO,443.0,-0.0171,-0.7958755
c1ccc2cc3ccccc3cc2c1,O,298.0,-6.34806,-2.3101082
c1ccc2cc3ccccc3cc2c1,O,298.0,-6.34806,-2.3101082
c1ccc2cc3ccccc3cc2c1,O,298.0,-6.34806,-2.3101082
c1ccc2cc3ccccc3cc2c1,O,313.0,-6.18341,-2.0049675
c1ccc2cc3ccccc3cc2c1,O,333.0,-5.64072,-1.5946796
c1ccc2cc3ccccc3cc2c1,O,353.0,-5.13132,-1.1984712
c1ccc2cc3ccccc3cc2c1,O,373.0,-4.61427,-1.1984712
c1ccc2cc3ccccc3cc2c1,O,373.0,-4.61427,-1.1984712
c1ccc2cc3ccccc3cc2c1,O,393.0,-4.09858,-1.1984712
c1ccc2cc3ccccc3cc2c1,O,433.0,-3.10073,-1.1984712
c1ccc2cc3ccccc3cc2c1,O,453.0,-2.62636,-1.1984712
c1ccc2cc3ccccc3cc2c1,O,473.0,-2.20726,-1.1984712
c1ccc2cc3ccccc3cc2c1,O,473.0,-2.20726,-1.1984712
c1ccc2cc3ccccc3cc2c1,O,483.0,-1.98415,-1.1984712
c1ccc2cc3ccccc3cc2c1,O,298.0,-6.38731,-2.3101082
c1ccc2cc3ccccc3cc2c1,O,298.0,-6.38731,-2.3101082
c1ccc2cc3ccccc3cc2c1,O,298.0,-6.38731,-2.3101082
c1ccc2cc3ccccc3cc2c1,O,298.0,-6.34806,-2.3101082
c1ccc2cc3ccccc3cc2c1,O,298.0,-6.34806,-2.3101082
c1ccc2cc3ccccc3cc2c1,O,298.0,-6.34806,-2.3101082
c1ccc2cc3ccccc3cc2c1,O,323.0,-6.03033,-1.8012099
c1ccc2cc3ccccc3cc2c1,O,373.0,-4.76903,-1.1984712
c1ccc2cc3ccccc3cc2c1,O,373.0,-4.76903,-1.1984712
c1ccc2cc3ccccc3cc2c1,O,423.0,-3.33408,-1.1984712
c1ccc2cc3ccccc3cc2c1,O,473.0,-1.99895,-1.1984712
c1ccc2cc3ccccc3cc2c1,O,473.0,-1.99895,-1.1984712
O=C1c2ccccc2Cc2ccccc21,O,313.0,-4.72114,-0.8095001
O=C1c2ccccc2Cc2ccccc21,O,333.0,-4.24073,-0.38547903
O=C1c2ccccc2Cc2ccccc21,O,353.0,-3.76562,-0.007158622
O=C1c2ccccc2Cc2ccccc21,O,373.0,-3.29691,-0.007158622
O=C1c2ccccc2Cc2ccccc21,O,393.0,-2.84049,-0.007158622
O=C1c2ccccc2Cc2ccccc21,O,413.0,-2.29856,-0.007158622
O=C1c2ccccc2Cc2ccccc21,O,423.0,-2.19744,-0.007158622
C1C2CC3C4CC5CC(C14)C(C2)C3C5,O,313.2,-7.29895,-1.6791688
C1C2CC3C4CC5CC(C14)C(C2)C3C5,O,333.2,-6.86325,-1.3619337
C1C2CC3C4CC5CC(C14)C(C2)C3C5,O,353.2,-6.21883,-1.0930254
C1C2CC3C4CC5CC(C14)C(C2)C3C5,O,373.2,-5.58248,-1.0930254
C1C2CC3C4CC5CC(C14)C(C2)C3C5,O,393.2,-5.04813,-1.0930254
C1C2CC3C4CC5CC(C14)C(C2)C3C5,O,413.2,-4.56068,-1.0930254
C1C2CC3C4CC5CC(C14)C(C2)C3C5,O,433.2,-4.0327,-1.0930254
C1C2CC3C4CC5CC(C14)C(C2)C3C5,O,453.2,-3.5639,-1.0930254
C1C2CC3C4CC5CC(C14)C(C2)C3C5,O,473.2,-3.157,-1.0930254
C1C2CC3C4CC5CC(C14)C(C2)C3C5,O,493.2,-2.75618,-1.0930254
O=C1c2ccccc2C(=O)c2ccccc21,O,298.15,-5.18784,-2.271779
O=C1c2ccccc2C(=O)c2ccccc21,O,298.15,-5.18784,-2.271779
O=C1c2ccccc2C(=O)c2ccccc21,O,298.15,-4.72489,-2.271779
O=C1c2ccccc2C(=O)c2ccccc21,O,298.15,-4.72489,-2.271779
O=C1c2ccccc2C(=O)c2ccccc21,O,313.0,-5.39862,-1.9552842
O=C1c2ccccc2C(=O)c2ccccc21,O,333.0,-4.95428,-1.5220969
O=C1c2ccccc2C(=O)c2ccccc21,O,353.0,-4.49572,-1.1231936
O=C1c2ccccc2C(=O)c2ccccc21,O,373.0,-4.08106,-1.1231936
O=C1c2ccccc2C(=O)c2ccccc21,O,393.0,-3.67332,-1.1231936
O=C1c2ccccc2C(=O)c2ccccc21,O,413.0,-3.26849,-1.1231936
O=C1c2ccccc2C(=O)c2ccccc21,O,433.0,-2.83083,-1.1231936
Cc1ccc2cc3ccccc3cc2c1,O,273.45,-7.52993,-2.476585
Cc1ccc2cc3ccccc3cc2c1,O,278.15,-7.41546,-2.388765
Cc1ccc2cc3ccccc3cc2c1,O,283.15,-7.25821,-2.2948167
Cc1ccc2cc3ccccc3cc2c1,O,288.15,-7.13123,-2.1988814
Cc1ccc2cc3ccccc3cc2c1,O,293.15,-7.00021,-2.1009903
Cc1ccc2cc3ccccc3cc2c1,O,298.15,-6.86521,-2.0034642
Cc1ccc2cc3ccccc3cc2c1,O,303.15,-6.73697,-1.9060099
Cc1ccc2cc3ccccc3cc2c1,O,308.15,-6.60227,-1.8078828
Cc1ccc2cc3ccccc3cc2c1,O,313.15,-6.45485,-1.7098289
Cc1ccc2cc3ccccc3cc2c1,O,318.15,-6.309,-1.6109436
Cc1ccc2cc3ccccc3cc2c1,O,323.15,-6.1866,-1.5111692
Cc1ccc2cc3ccccc3cc2c1,O,313.2,-6.54044,-1.708844
Cc1ccc2cc3ccccc3cc2c1,O,333.2,-5.99341,-1.3099277
Cc1ccc2cc3ccccc3cc2c1,O,353.2,-5.45984,-0.9340944
Cc1ccc2cc3ccccc3cc2c1,O,373.2,-4.8662,-0.9340944
Cc1ccc2cc3ccccc3cc2c1,O,393.2,-4.36553,-0.9340944
Cc1ccc2cc3ccccc3cc2c1,O,413.2,-3.90471,-0.9340944
Cc1ccc2cc3ccccc3cc2c1,O,433.2,-3.41403,-0.9340944
Cc1ccc2cc3ccccc3cc2c1,O,453.2,-2.82558,-0.9340944
OCc1c2ccccc2cc2ccccc12,O,373.0,-3.92394,-0.56901544
OCc1c2ccccc2cc2ccccc12,O,393.0,-3.09576,-0.56901544
OCc1c2ccccc2cc2ccccc12,O,413.0,-2.71975,-0.56901544
OCc1c2ccccc2cc2ccccc12,O,423.0,-2.4478,-0.56901544
OCc1c2ccccc2cc2ccccc12,O,433.0,-2.30909,-0.56901544
O=C1/C(=C/c2ccco2)CC/C1=C\c1ccco1,C1CCOC1,308.15,-0.41881,-1.4836049
O=C1/C(=C/c2ccco2)CC/C1=C\c1ccco1,C1CCOC1,313.15,-0.35701,-1.4976567
O=C1/C(=C/c2ccco2)CC/C1=C\c1ccco1,C1CCOC1,318.15,-0.2702,-1.5138779
O=C1/C(=C/c2ccco2)CC/C1=C\c1ccco1,C1CCOC1,323.15,-0.23873,-1.5327181
O=C1/C(=C/c2ccco2)CC/C1=C\c1ccco1,C1CCOC1,333.15,-0.13454,-1.5708568
O=C1/C(=C/c2ccco2)CC/C1=C\c1ccco1,C1CCOC1,343.15,-0.05302,-1.6042849
O=C1/C(=C/c2ccco2)CC/C1=C\c1ccco1,C1CCOC1,353.15,0.00437,-1.6282535
O=C1/C(=C/c2ccco2)CC/C1=C\c1ccco1,C1CCOC1,363.15,0.07033,-1.6282535
O=C1/C(=C/c2ccco2)CC/C1=C\c1ccco1,C1CCOC1,373.15,0.12063,-1.6282535
O=C1/C(=C/c2ccco2)CC/C1=C\c1ccco1,C1CCOC1,383.15,0.19062,-1.6282535
O=C1/C(=C/c2ccco2)CC/C1=C\c1ccco1,C1CCOC1,393.15,0.2483,-1.6282535
O=C1/C(=C/c2ccco2)CC/C1=C\c1ccco1,C1CCOC1,403.15,0.31984,-1.6282535
O=C1/C(=C/c2ccco2)CC/C1=C\c1ccco1,CO,323.14,-1.64627,-3.4287305
O=C1/C(=C/c2ccco2)CC/C1=C\c1ccco1,CO,333.14,-1.55676,-3.393397
O=C1/C(=C/c2ccco2)CC/C1=C\c1ccco1,CO,343.14,-1.48732,-3.3531022
O=C1/C(=C/c2ccco2)CC/C1=C\c1ccco1,CO,353.14,-1.42725,-3.309588
O=C1/C(=C/c2ccco2)CC/C1=C\c1ccco1,CO,363.14,-1.35488,-3.309588
O=C1/C(=C/c2ccco2)CC/C1=C\c1ccco1,CO,373.14,-1.32033,-3.309588
O=C1/C(=C/c2ccco2)CC/C1=C\c1ccco1,CO,383.14,-1.24713,-3.309588
O=C1/C(=C/c2ccco2)CC/C1=C\c1ccco1,CO,393.14,-1.18495,-3.309588
O=C1/C(=C/c2ccco2)CC/C1=C\c1ccco1,CO,403.14,-1.12833,-3.309588
O=C1/C(=C/c2ccco2)CC/C1=C\c1ccco1,O,353.15,-3.42286,-2.734552
O=C1/C(=C/c2ccco2)CC/C1=C\c1ccco1,O,363.15,-3.19197,-2.734552
O=C1/C(=C/c2ccco2)CC/C1=C\c1ccco1,O,373.15,-2.97334,-2.734552
O=C1/C(=C/c2ccco2)CC/C1=C\c1ccco1,O,383.15,-2.70272,-2.734552
O=C1/C(=C/c2ccco2)CC/C1=C\c1ccco1,O,393.15,-2.49374,-2.734552
O=C1/C(=C/c2ccco2)CC/C1=C\c1ccco1,O,398.15,-2.37951,-2.734552
O=C1/C(=C/c2ccco2)CC/C1=C\c1ccco1,O,403.15,-2.24456,-2.734552
O.Oc1cc(O)c2c(c1)O[C@H](c1ccc(O)c(O)c1)[C@@H](O)C2,O,277.6,-1.90261,-2.9138231
O.Oc1cc(O)c2c(c1)O[C@H](c1ccc(O)c(O)c1)[C@@H](O)C2,O,282.7,-2.08899,-2.8335083
O.Oc1cc(O)c2c(c1)O[C@H](c1ccc(O)c(O)c1)[C@@H](O)C2,O,297.7,-1.80549,-2.6008413
O.Oc1cc(O)c2c(c1)O[C@H](c1ccc(O)c(O)c1)[C@@H](O)C2,O,308.4,-1.42414,-2.440066
O.Oc1cc(O)c2c(c1)O[C@H](c1ccc(O)c(O)c1)[C@@H](O)C2,O,324.9,-0.94825,-2.1983762
O.Oc1cc(O)c2c(c1)O[C@H](c1ccc(O)c(O)c1)[C@@H](O)C2,O,331.2,-0.79974,-2.1078029
O.Oc1cc(O)c2c(c1)O[C@H](c1ccc(O)c(O)c1)[C@@H](O)C2,O,298.75,-2.13457,-2.5848703
O.Oc1cc(O)c2c(c1)O[C@H](c1ccc(O)c(O)c1)[C@@H](O)C2,O,314.65,-1.78711,-2.3482118
O.Oc1cc(O)c2c(c1)O[C@H](c1ccc(O)c(O)c1)[C@@H](O)C2,O,334.95,-0.84129,-2.0546496
O.Oc1cc(O)c2c(c1)O[C@H](c1ccc(O)c(O)c1)[C@@H](O)C2,O,355.25,-0.38147,-1.8238254
O.Oc1cc(O)c2c(c1)O[C@H](c1ccc(O)c(O)c1)[C@@H](O)C2,O,375.35,-0.06872,-1.8238254
O.Oc1cc(O)c2c(c1)O[C@H](c1ccc(O)c(O)c1)[C@@H](O)C2,O,395.65,0.13766,-1.8238254
O.Oc1cc(O)c2c(c1)O[C@H](c1ccc(O)c(O)c1)[C@@H](O)C2,O,415.85,0.27175,-1.8238254
c1cc2ccc3cccc4ccc(c1)c2c34,O,298.0,-6.17736,-2.517024
c1cc2ccc3cccc4ccc(c1)c2c34,O,298.0,-6.17736,-2.517024
c1cc2ccc3cccc4ccc(c1)c2c34,O,298.0,-6.22716,-2.517024
c1cc2ccc3cccc4ccc(c1)c2c34,O,298.0,-6.22716,-2.517024
c1cc2ccc3cccc4ccc(c1)c2c34,O,323.0,-5.681,-2.0161328
c1cc2ccc3cccc4ccc(c1)c2c34,O,373.0,-4.31994,-1.418956
c1cc2ccc3cccc4ccc(c1)c2c34,O,373.0,-4.31994,-1.418956
c1cc2ccc3cccc4ccc(c1)c2c34,O,373.0,-4.31994,-1.418956
c1cc2ccc3cccc4ccc(c1)c2c34,O,373.0,-4.38209,-1.418956
c1cc2ccc3cccc4ccc(c1)c2c34,O,373.0,-4.38209,-1.418956
c1cc2ccc3cccc4ccc(c1)c2c34,O,373.0,-4.38209,-1.418956
c1cc2ccc3cccc4ccc(c1)c2c34,O,373.0,-5.27418,-1.418956
c1cc2ccc3cccc4ccc(c1)c2c34,O,373.0,-5.27418,-1.418956
c1cc2ccc3cccc4ccc(c1)c2c34,O,373.0,-5.27418,-1.418956
COC1=CC(=O)C[C@@H](C)[C@]12Oc1c(Cl)c(OC)cc(OC)c1C2=O,O,413.0,-2.08961,-0.63800585
COC1=CC(=O)C[C@@H](C)[C@]12Oc1c(Cl)c(OC)cc(OC)c1C2=O,O,423.0,-1.94366,-0.63800585
COC1=CC(=O)C[C@@H](C)[C@]12Oc1c(Cl)c(OC)cc(OC)c1C2=O,O,428.0,-1.83151,-0.63800585
COC1=CC(=O)C[C@@H](C)[C@]12Oc1c(Cl)c(OC)cc(OC)c1C2=O,O,433.0,-1.72447,-0.63800585
COC1=CC(=O)C[C@@H](C)[C@]12Oc1c(Cl)c(OC)cc(OC)c1C2=O,O,443.0,-1.58371,-0.63800585
COC1=CC(=O)C[C@@H](C)[C@]12Oc1c(Cl)c(OC)cc(OC)c1C2=O,O,298.0,-4.47121,-1.4411303
c1ccc2c(c1)c1ccccc1c1ccccc21,O,298.15,-6.72465,-3.1246738
c1ccc2c(c1)c1ccccc1c1ccccc21,O,313.0,-6.99888,-2.824646
c1ccc2c(c1)c1ccccc1c1ccccc21,O,333.0,-6.48285,-2.418678
c1ccc2c(c1)c1ccccc1c1ccccc21,O,353.0,-5.90632,-2.038472
c1ccc2c(c1)c1ccccc1c1ccccc21,O,373.0,-5.32042,-2.038472
c1ccc2c(c1)c1ccccc1c1ccccc21,O,393.0,-4.73833,-2.038472
c1ccc2c(c1)c1ccccc1c1ccccc21,O,413.0,-4.19343,-2.038472
c1ccc2c(c1)c1ccccc1c1ccccc21,O,433.0,-3.72579,-2.038472
c1ccc2c(c1)c1ccccc1c1ccccc21,O,453.0,-3.22131,-2.038472
c1ccc2c(c1)c1ccccc1c1ccccc21,O,463.0,-2.95438,-2.038472
c1ccc2c(c1)c1ccccc1c1ccccc21,O,468.0,-2.86684,-2.038472
c1ccc(-c2ccc(-c3ccccc3)cc2)cc1,CCO,393.0,-1.01312,-0.31117293
c1ccc(-c2ccc(-c3ccccc3)cc2)cc1,CCO,413.0,-0.66425,-0.31117293
c1ccc(-c2ccc(-c3ccccc3)cc2)cc1,CCO,423.0,-0.45062,-0.31117293
c1ccc(-c2ccc(-c3ccccc3)cc2)cc1,CCO,433.0,-0.21126,-0.31117293
c1ccc(-c2ccc(-c3ccccc3)cc2)cc1,CCO,443.0,0.14153,-0.31117293
c1ccc(-c2ccc(-c3ccccc3)cc2)cc1,O,333.0,-7.33713,-1.1266602
c1ccc(-c2ccc(-c3ccccc3)cc2)cc1,O,353.0,-6.68258,-0.7223374
c1ccc(-c2ccc(-c3ccccc3)cc2)cc1,O,373.0,-5.93374,-0.7223374
c1ccc(-c2ccc(-c3ccccc3)cc2)cc1,O,393.0,-5.33186,-0.7223374
c1ccc(-c2ccc(-c3ccccc3)cc2)cc1,O,413.0,-4.72325,-0.7223374
c1ccc(-c2ccc(-c3ccccc3)cc2)cc1,O,433.0,-4.11461,-0.7223374
c1ccc(-c2ccc(-c3ccccc3)cc2)cc1,O,453.0,-3.51465,-0.7223374
c1ccc(-c2ccc(-c3ccccc3)cc2)cc1,O,473.0,-2.93923,-0.7223374
c1ccc(-c2ccc(-c3ccccc3)cc2)cc1,O,483.0,-2.73226,-0.7223374
CC(O)(CS(=O)(=O)c1ccc(F)cc1)C(=O)Nc1ccc(C#N)c(C(F)(F)F)c1,O,383.15,-3.38489,-0.75616086
CC(O)(CS(=O)(=O)c1ccc(F)cc1)C(=O)Nc1ccc(C#N)c(C(F)(F)F)c1,O,393.15,-2.97652,-0.75616086
CC(O)(CS(=O)(=O)c1ccc(F)cc1)C(=O)Nc1ccc(C#N)c(C(F)(F)F)c1,O,403.15,-2.78886,-0.75616086
CC(O)(CS(=O)(=O)c1ccc(F)cc1)C(=O)Nc1ccc(C#N)c(C(F)(F)F)c1,O,413.15,-2.41016,-0.75616086
CC(O)(CS(=O)(=O)c1ccc(F)cc1)C(=O)Nc1ccc(C#N)c(C(F)(F)F)c1,O,423.15,-1.95129,-0.75616086
CC(O)(CS(=O)(=O)c1ccc(F)cc1)C(=O)Nc1ccc(C#N)c(C(F)(F)F)c1,O,433.15,-1.73678,-0.75616086
CC(O)(CS(=O)(=O)c1ccc(F)cc1)C(=O)Nc1ccc(C#N)c(C(F)(F)F)c1,O,443.15,-1.51154,-0.75616086
c1cc2cccc3c4cccc5cccc(c(c1)c23)c54,O,298.0,-8.77942,-3.4091253
c1cc2cccc3c4cccc5cccc(c(c1)c23)c54,O,323.0,-7.79839,-2.927803
c1cc2cccc3c4cccc5cccc(c(c1)c23)c54,O,373.0,-6.95197,-2.3519714
c1cc2cccc3c4cccc5cccc(c(c1)c23)c54,O,423.0,-5.21869,-2.3519714
c1cc2cccc3c4cccc5cccc(c(c1)c23)c54,O,473.0,-3.62228,-2.3519714
O=c1c2ccccc2[nH]c2cc3c(=O)c4ccccc4[nH]c3cc12,O,453.4,-5.0265,-3.216382
O=c1c2ccccc2[nH]c2cc3c(=O)c4ccccc4[nH]c3cc12,O,462.9,-4.85914,-3.216382
O=c1c2ccccc2[nH]c2cc3c(=O)c4ccccc4[nH]c3cc12,O,473.9,-4.73579,-3.216382
O=c1c2ccccc2[nH]c2cc3c(=O)c4ccccc4[nH]c3cc12,O,498.6,-4.3874,-3.216382
O=c1c2ccccc2[nH]c2cc3c(=O)c4ccccc4[nH]c3cc12,O,508.2,-4.11691,-3.216382
O=c1c2ccccc2[nH]c2cc3c(=O)c4ccccc4[nH]c3cc12,O,522.5,-3.71518,-3.216382
O=c1c2ccccc2[nH]c2cc3c(=O)c4ccccc4[nH]c3cc12,O,549.0,-3.38905,-3.216382
O=c1c2ccccc2[nH]c2cc3c(=O)c4ccccc4[nH]c3cc12,O,563.5,-3.08336,-3.216382
O=c1c2ccccc2[nH]c2cc3c(=O)c4ccccc4[nH]c3cc12,O,573.0,-2.86333,-3.216382
O=c1c2ccccc2[nH]c2cc3c(=O)c4ccccc4[nH]c3cc12,O,583.5,-2.67221,-3.216382
O=c1c2ccccc2[nH]c2cc3c(=O)c4ccccc4[nH]c3cc12,O,592.9,-2.39866,-3.216382
c1ccc(-c2c3ccccc3cc3ccccc23)cc1,O,313.2,-7.37985,-2.223386
c1ccc(-c2c3ccccc3cc3ccccc23)cc1,O,333.2,-6.72636,-1.7906283
c1ccc(-c2c3ccccc3cc3ccccc23)cc1,O,353.2,-6.20359,-1.37777
c1ccc(-c2c3ccccc3cc3ccccc23)cc1,O,373.2,-5.66485,-1.37777
c1ccc(-c2c3ccccc3cc3ccccc23)cc1,O,393.2,-5.05318,-1.37777
c1ccc(-c2c3ccccc3cc3ccccc23)cc1,O,413.2,-4.46716,-1.37777
c1ccc(-c2c3ccccc3cc3ccccc23)cc1,O,423.2,-4.21877,-1.37777
CN(C)CCC[C@@]1(c2ccc(F)cc2)OCc2cc(C#N)ccc21,O,298.0,-1.22265,-0.5241141
CN(C)CCC[C@@]1(c2ccc(F)cc2)OCc2cc(C#N)ccc21,O,323.0,-0.75835,-0.10133846
CN(C)CCC[C@@]1(c2ccc(F)cc2)OCc2cc(C#N)ccc21,O,348.0,-0.36411,0.3026752
CN(C)CCC[C@@]1(c2ccc(F)cc2)OCc2cc(C#N)ccc21,O,373.0,-0.06223,0.35734296
CN(C)CCC[C@@]1(c2ccc(F)cc2)OCc2cc(C#N)ccc21,O,398.0,0.06673,0.35734296
CC(=O)O[C@]1(C(C)=O)CC[C@H]2[C@@H]3C=C(C)C4=CC(=O)CC[C@]4(C)[C@H]3CC[C@@]21C,O,383.15,-3.85116,-0.8737381
CC(=O)O[C@]1(C(C)=O)CC[C@H]2[C@@H]3C=C(C)C4=CC(=O)CC[C@]4(C)[C@H]3CC[C@@]21C,O,393.15,-3.71795,-0.8737381
CC(=O)O[C@]1(C(C)=O)CC[C@H]2[C@@H]3C=C(C)C4=CC(=O)CC[C@]4(C)[C@H]3CC[C@@]21C,O,403.15,-3.24071,-0.8737381
CC(=O)O[C@]1(C(C)=O)CC[C@H]2[C@@H]3C=C(C)C4=CC(=O)CC[C@]4(C)[C@H]3CC[C@@]21C,O,413.15,-3.00604,-0.8737381
CC(=O)O[C@]1(C(C)=O)CC[C@H]2[C@@H]3C=C(C)C4=CC(=O)CC[C@]4(C)[C@H]3CC[C@@]21C,O,423.15,-2.74892,-0.8737381
CC(=O)O[C@]1(C(C)=O)CC[C@H]2[C@@H]3C=C(C)C4=CC(=O)CC[C@]4(C)[C@H]3CC[C@@]21C,O,433.15,-2.50214,-0.8737381
CC(=O)O[C@]1(C(C)=O)CC[C@H]2[C@@H]3C=C(C)C4=CC(=O)CC[C@]4(C)[C@H]3CC[C@@]21C,O,443.15,-2.31097,-0.8737381
CCCC1O[C@@H]2C[C@H]3[C@@H]4CCC5=CC(=O)C=C[C@]5(C)[C@H]4[C@@H](O)C[C@]3(C)[C@]2(C(=O)CO)O1,O,293.2,-4.44129,-1.2147068
CCCC1O[C@@H]2C[C@H]3[C@@H]4CCC5=CC(=O)C=C[C@]5(C)[C@H]4[C@@H](O)C[C@]3(C)[C@]2(C(=O)CO)O1,O,298.2,-4.38722,-1.1591116
CCCC1O[C@@H]2C[C@H]3[C@@H]4CCC5=CC(=O)C=C[C@]5(C)[C@H]4[C@@H](O)C[C@]3(C)[C@]2(C(=O)CO)O1,O,303.2,-4.284,-1.1034423
CCCC1O[C@@H]2C[C@H]3[C@@H]4CCC5=CC(=O)C=C[C@]5(C)[C@H]4[C@@H](O)C[C@]3(C)[C@]2(C(=O)CO)O1,O,308.2,-4.22695,-1.0481462
CCCC1O[C@@H]2C[C@H]3[C@@H]4CCC5=CC(=O)C=C[C@]5(C)[C@H]4[C@@H](O)C[C@]3(C)[C@]2(C(=O)CO)O1,O,313.2,-4.17198,-0.99343264
CCCC1O[C@@H]2C[C@H]3[C@@H]4CCC5=CC(=O)C=C[C@]5(C)[C@H]4[C@@H](O)C[C@]3(C)[C@]2(C(=O)CO)O1,O,298.0,-4.18709,-1.161327
CCCC1O[C@@H]2C[C@H]3[C@@H]4CCC5=CC(=O)C=C[C@]5(C)[C@H]4[C@@H](O)C[C@]3(C)[C@]2(C(=O)CO)O1,O,373.0,-3.52221,-0.6054607
CCCC1O[C@@H]2C[C@H]3[C@@H]4CCC5=CC(=O)C=C[C@]5(C)[C@H]4[C@@H](O)C[C@]3(C)[C@]2(C(=O)CO)O1,O,403.0,-3.09759,-0.6054607
CCCC1O[C@@H]2C[C@H]3[C@@H]4CCC5=CC(=O)C=C[C@]5(C)[C@H]4[C@@H](O)C[C@]3(C)[C@]2(C(=O)CO)O1,O,413.0,-2.96549,-0.6054607
CCCC1O[C@@H]2C[C@H]3[C@@H]4CCC5=CC(=O)C=C[C@]5(C)[C@H]4[C@@H](O)C[C@]3(C)[C@]2(C(=O)CO)O1,O,423.0,-2.82892,-0.6054607
CCCC1O[C@@H]2C[C@H]3[C@@H]4CCC5=CC(=O)C=C[C@]5(C)[C@H]4[C@@H](O)C[C@]3(C)[C@]2(C(=O)CO)O1,O,433.0,-2.56553,-0.6054607
CCCC1O[C@@H]2C[C@H]3[C@@H]4CCC5=CC(=O)C=C[C@]5(C)[C@H]4[C@@H](O)C[C@]3(C)[C@]2(C(=O)CO)O1,O,443.0,-2.52084,-0.6054607
CCCC1O[C@@H]2C[C@H]3[C@@H]4CCC5=CC(=O)C=C[C@]5(C)[C@H]4[C@@H](O)C[C@]3(C)[C@]2(C(=O)CO)O1,O,453.0,-2.48133,-0.6054607
CCCC1O[C@@H]2C[C@H]3[C@@H]4CCC5=CC(=O)C=C[C@]5(C)[C@H]4[C@@H](O)C[C@]3(C)[C@]2(C(=O)CO)O1,O,473.0,-2.32469,-0.6054607
CCC(=O)OCC(=O)[C@@]1(OC(=O)CC)[C@@H](C)C[C@H]2[C@@H]3CCC4=CC(=O)C=C[C@]4(C)[C@@]3(Cl)[C@@H](O)C[C@@]21C,O,383.15,-3.98149,-0.5991078
CCC(=O)OCC(=O)[C@@]1(OC(=O)CC)[C@@H](C)C[C@H]2[C@@H]3CCC4=CC(=O)C=C[C@]4(C)[C@@]3(Cl)[C@@H](O)C[C@@]21C,O,393.15,-3.92443,-0.5991078
CCC(=O)OCC(=O)[C@@]1(OC(=O)CC)[C@@H](C)C[C@H]2[C@@H]3CCC4=CC(=O)C=C[C@]4(C)[C@@]3(Cl)[C@@H](O)C[C@@]21C,O,403.15,-3.78478,-0.5991078
CCC(=O)OCC(=O)[C@@]1(OC(=O)CC)[C@@H](C)C[C@H]2[C@@H]3CCC4=CC(=O)C=C[C@]4(C)[C@@]3(Cl)[C@@H](O)C[C@@]21C,O,413.15,-3.64064,-0.5991078
CCC(=O)OCC(=O)[C@@]1(OC(=O)CC)[C@@H](C)C[C@H]2[C@@H]3CCC4=CC(=O)C=C[C@]4(C)[C@@]3(Cl)[C@@H](O)C[C@@]21C,O,423.15,-3.37365,-0.5991078
CCC(=O)OCC(=O)[C@@]1(OC(=O)CC)[C@@H](C)C[C@H]2[C@@H]3CCC4=CC(=O)C=C[C@]4(C)[C@@]3(Cl)[C@@H](O)C[C@@]21C,O,433.15,-3.15918,-0.5991078
CCC(=O)OCC(=O)[C@@]1(OC(=O)CC)[C@@H](C)C[C@H]2[C@@H]3CCC4=CC(=O)C=C[C@]4(C)[C@@]3(Cl)[C@@H](O)C[C@@]21C,O,443.15,-2.97826,-0.5991078
CC[C@H]1OC(=O)[C@H](C)[C@@H](O[C@H]2C[C@@](C)(OC)[C@@H](O)[C@H](C)O2)[C@H](C)[C@@H](O[C@@H]2O[C@H](C)C[C@H](N(C)C)[C@H]2O)[C@](C)(OC)C[C@@H](C)C(=O)[C@H](C)[C@@H](O)[C@]1(C)O,O,383.15,-1.73043,-0.6364772
CC[C@H]1OC(=O)[C@H](C)[C@@H](O[C@H]2C[C@@](C)(OC)[C@@H](O)[C@H](C)O2)[C@H](C)[C@@H](O[C@@H]2O[C@H](C)C[C@H](N(C)C)[C@H]2O)[C@](C)(OC)C[C@@H](C)C(=O)[C@H](C)[C@@H](O)[C@]1(C)O,O,393.15,-1.6378,-0.6364772
CC[C@H]1OC(=O)[C@H](C)[C@@H](O[C@H]2C[C@@](C)(OC)[C@@H](O)[C@H](C)O2)[C@H](C)[C@@H](O[C@@H]2O[C@H](C)C[C@H](N(C)C)[C@H]2O)[C@](C)(OC)C[C@@H](C)C(=O)[C@H](C)[C@@H](O)[C@]1(C)O,O,403.15,-1.58919,-0.6364772
CC[C@H]1OC(=O)[C@H](C)[C@@H](O[C@H]2C[C@@](C)(OC)[C@@H](O)[C@H](C)O2)[C@H](C)[C@@H](O[C@@H]2O[C@H](C)C[C@H](N(C)C)[C@H]2O)[C@](C)(OC)C[C@@H](C)C(=O)[C@H](C)[C@@H](O)[C@]1(C)O,O,413.15,-1.49638,-0.6364772
CC[C@H]1OC(=O)[C@H](C)[C@@H](O[C@H]2C[C@@](C)(OC)[C@@H](O)[C@H](C)O2)[C@H](C)[C@@H](O[C@@H]2O[C@H](C)C[C@H](N(C)C)[C@H]2O)[C@](C)(OC)C[C@@H](C)C(=O)[C@H](C)[C@@H](O)[C@]1(C)O,O,423.15,-6.32218,-0.6364772
CC[C@H]1OC(=O)[C@H](C)[C@@H](O[C@H]2C[C@@](C)(OC)[C@@H](O)[C@H](C)O2)[C@H](C)[C@@H](O[C@@H]2O[C@H](C)C[C@H](N(C)C)[C@H]2O)[C@](C)(OC)C[C@@H](C)C(=O)[C@H](C)[C@@H](O)[C@]1(C)O,O,433.15,-1.12406,-0.6364772
CC[C@H]1OC(=O)[C@H](C)[C@@H](O[C@H]2C[C@@](C)(OC)[C@@H](O)[C@H](C)O2)[C@H](C)[C@@H](O[C@@H]2O[C@H](C)C[C@H](N(C)C)[C@H]2O)[C@](C)(OC)C[C@@H](C)C(=O)[C@H](C)[C@@H](O)[C@]1(C)O,O,443.15,-0.94759,-0.6364772
CC1=C(/C=C/C(C)=C/C=C/C(C)=C/C=C/C=C(C)/C=C/C=C(C)/C=C/C2=C(C)CCCC2(C)C)C(C)(C)CCC1,O,298.15,-6.22151,-3.9410791
CC1=C(/C=C/C(C)=C/C=C/C(C)=C/C=C/C=C(C)/C=C/C=C(C)/C=C/C2=C(C)CCCC2(C)C)C(C)(C)CCC1,O,363.15,-4.8999,-3.0430129
CC1=C(/C=C/C(C)=C/C=C/C(C)=C/C=C/C=C(C)/C=C/C=C(C)/C=C/C2=C(C)CCCC2(C)C)C(C)(C)CCC1,O,373.15,-4.68032,-3.0430129
CC1=C(/C=C/C(C)=C/C=C/C(C)=C/C=C/C=C(C)/C=C/C=C(C)/C=C/C2=C(C)CCCC2(C)C)C(C)(C)CCC1,O,383.15,-4.48873,-3.0430129
CC1=C(/C=C/C(C)=C/C=C/C(C)=C/C=C/C=C(C)/C=C/C=C(C)/C=C/C2=C(C)CCCC2(C)C)C(C)(C)CCC1,O,393.15,-4.25799,-3.0430129
CC1=C(/C=C/C(C)=C/C=C/C(C)=C/C=C/C=C(C)/C=C/C=C(C)/C=C/C2=C(C)CCCC2(C)C)C(C)(C)CCC1,O,403.15,-4.20895,-3.0430129
CC(C)(C)c1cc2c(O)c(c1)Cc1cc(C(C)(C)C)cc(c1O)Cc1cc(C(C)(C)C)cc(c1O)Cc1cc(C(C)(C)C)cc(c1O)C2,O,433.2,-6.65581,-2.8103135
CC(C)(C)c1cc2c(O)c(c1)Cc1cc(C(C)(C)C)cc(c1O)Cc1cc(C(C)(C)C)cc(c1O)Cc1cc(C(C)(C)C)cc(c1O)C2,O,453.2,-6.08601,-2.8103135
CC(C)(C)c1cc2c(O)c(c1)Cc1cc(C(C)(C)C)cc(c1O)Cc1cc(C(C)(C)C)cc(c1O)Cc1cc(C(C)(C)C)cc(c1O)C2,O,473.2,-5.45567,-2.8103135
CC(C)(C)c1cc2c(O)c(c1)Cc1cc(C(C)(C)C)cc(c1O)Cc1cc(C(C)(C)C)cc(c1O)Cc1cc(C(C)(C)C)cc(c1O)C2,O,493.2,-4.67262,-2.8103135
CC(C)(C)c1cc2c(O)c(c1)Cc1cc(C(C)(C)C)cc(c1O)Cc1cc(C(C)(C)C)cc(c1O)Cc1cc(C(C)(C)C)cc(c1O)C2,O,513.2,-3.94202,-2.8103135
O=c1[nH]cc(F)c(=O)[nH]1,O,298.0,-1.02792,-1.7425178
O=c1[nH]cc(F)c(=O)[nH]1,O,323.0,-0.79863,-1.4135783
O=c1[nH]cc(F)c(=O)[nH]1,O,373.0,-0.4798,-1.0664651
O=c1[nH]cc(F)c(=O)[nH]1,O,423.0,-0.19903,-1.0664651
O=c1[nH]cc(F)c(=O)[nH]1,O,448.0,-0.10052,-1.0664651
O=c1[nH]cc(F)c(=O)[nH]1,O,473.0,-0.00485,-1.0664651
O=C(O)CCCCC(=O)O,CC(=O)O,297.93,-0.45625,-1.1762073
O=C(O)CCCCC(=O)O,CC(=O)O,302.7,-0.35955,-1.1043766
O=C(O)CCCCC(=O)O,CC(=O)O,306.65,-0.30365,-1.0460323
O=C(O)CCCCC(=O)O,CC(=O)O,311.67,-0.22298,-0.97283024
O=C(O)CCCCC(=O)O,CC(=O)O,315.2,-0.16349,-0.9217293
O=C(O)CCCCC(=O)O,CC(=O)O,319.33,-0.1041,-0.863269
O=C(O)CCCCC(=O)O,CC(=O)O,323.49,-0.03908,-0.80510414
O=C(O)CCCCC(=O)O,CC(=O)O,326.57,0.00706,-0.7626486
O=C(O)CCCCC(=O)O,CC(=O)O,329.3,0.04765,-0.7262937
O=C(O)CCCCC(=O)O,CC(=O)O,332.85,0.09681,-0.6805359
O=C(O)CCCCC(=O)O,CC(=O)O,335.77,0.16204,-0.64323485
O=C(O)CCCCC(=O)O,CC(=O)O,339.55,0.2171,-0.5948163
O=C(O)CCCCC(=O)O,CC(=O)O,344.53,0.27171,-0.5317694
O=C(O)CCCCC(=O)O,CC(=O)O,347.65,0.31705,-0.49264207
O=C(O)CCCCC(=O)O,CC(=O)O,303.0,-0.33502,-1.0999079
O=C(O)CCCCC(=O)O,CC(=O)O,313.0,-0.18156,-0.9535192
O=C(O)CCCCC(=O)O,CC(=O)O,323.0,0.02632,-0.811929
O=C(O)CCCCC(=O)O,CC(=O)O,333.0,0.19213,-0.67862445
O=C(O)CCCCC(=O)O,CC(=O)O,343.0,0.33708,-0.5509989
O=C(O)CCCCC(=O)O,CC(=O)O,353.0,0.45025,-0.44513455
O=C(O)CCCCC(=O)O,CC(=O)O,363.0,0.62524,-0.44513455
O=C(O)CCCCC(=O)O,CC(=O)O,373.0,0.75553,-0.44513455
O=C(O)CCCCC(=O)O,CC(=O)O,383.0,0.874,-0.44513455
O=C(O)CCCCC(=O)O,O=C1CCCCC1,292.75,-0.99296,-1.222148
O=C(O)CCCCC(=O)O,O=C1CCCCC1,294.55,-0.97006,-1.194689
O=C(O)CCCCC(=O)O,O=C1CCCCC1,297.23,-0.86451,-1.1539443
O=C(O)CCCCC(=O)O,O=C1CCCCC1,298.75,-0.84072,-1.131251
O=C(O)CCCCC(=O)O,O=C1CCCCC1,302.35,-0.79998,-1.0782472
O=C(O)CCCCC(=O)O,O=C1CCCCC1,304.09,-0.77672,-1.0531433
O=C(O)CCCCC(=O)O,O=C1CCCCC1,312.55,-0.6306,-0.9329384
O=C(O)CCCCC(=O)O,O=C1CCCCC1,318.4,-0.47607,-0.8513832
O=C(O)CCCCC(=O)O,O=C1CCCCC1,327.55,-0.35414,-0.7280227
O=C(O)CCCCC(=O)O,O=C1CCCCC1,339.05,-0.17248,-0.57916063
O=C(O)CCCCC(=O)O,O=C1CCCCC1,349.85,0.0163,-0.440661
O=C(O)CCCCC(=O)O,O=C1CCCCC1,355.15,0.12637,-0.42068532
O=C(O)CCCCC(=O)O,O=C1CCCCC1,303.0,-0.89967,-1.0688055
O=C(O)CCCCC(=O)O,O=C1CCCCC1,313.0,-0.73391,-0.92656934
O=C(O)CCCCC(=O)O,O=C1CCCCC1,323.0,-0.50811,-0.7890083
O=C(O)CCCCC(=O)O,O=C1CCCCC1,333.0,-0.31951,-0.657332
O=C(O)CCCCC(=O)O,O=C1CCCCC1,343.0,-0.13334,-0.5281347
O=C(O)CCCCC(=O)O,O=C1CCCCC1,353.0,0.00527,-0.42068532
O=C(O)CCCCC(=O)O,O=C1CCCCC1,363.0,0.15186,-0.42068532
O=C(O)CCCCC(=O)O,O=C1CCCCC1,373.0,0.28565,-0.42068532
O=C(O)CCCCC(=O)O,O=C1CCCCC1,383.0,0.38031,-0.42068532
O=C(O)CCCCC(=O)O,O=C1CCCCC1,393.0,0.46798,-0.42068532
O=C(O)CCCCC(=O)O,OC1CCCCC1,298.8,-1.79332,-1.5128689
O=C(O)CCCCC(=O)O,OC1CCCCC1,301.35,-0.99138,-1.4638809
O=C(O)CCCCC(=O)O,OC1CCCCC1,306.43,-0.75682,-1.3685716
O=C(O)CCCCC(=O)O,OC1CCCCC1,308.75,-0.58822,-1.3265295
O=C(O)CCCCC(=O)O,OC1CCCCC1,311.95,-0.42448,-1.2685509
O=C(O)CCCCC(=O)O,OC1CCCCC1,317.65,-0.27408,-1.1664532
O=C(O)CCCCC(=O)O,OC1CCCCC1,322.9,-0.176,-1.0733542
O=C(O)CCCCC(=O)O,OC1CCCCC1,329.45,-0.07101,-0.95916027
O=C(O)CCCCC(=O)O,OC1CCCCC1,334.75,-0.00105,-0.87076414
O=C(O)CCCCC(=O)O,OC1CCCCC1,340.1,0.06519,-0.7832276
O=C(O)CCCCC(=O)O,OC1CCCCC1,344.9,0.12732,-0.7055962
O=C(O)CCCCC(=O)O,OC1CCCCC1,352.47,0.21582,-0.60204375
O=C(O)CCCCC(=O)O,OC1CCCCC1,303.0,-0.84338,-1.4326354
O=C(O)CCCCC(=O)O,OC1CCCCC1,313.0,-0.48322,-1.2495543
O=C(O)CCCCC(=O)O,OC1CCCCC1,323.0,-0.20225,-1.0716116
O=C(O)CCCCC(=O)O,OC1CCCCC1,333.0,-0.0618,-0.89977247
O=C(O)CCCCC(=O)O,OC1CCCCC1,343.0,0.11043,-0.73614883
O=C(O)CCCCC(=O)O,OC1CCCCC1,353.0,0.21196,-0.60204375
O=C(O)CCCCC(=O)O,OC1CCCCC1,363.0,0.32665,-0.60204375
O=C(O)CCCCC(=O)O,OC1CCCCC1,373.0,0.43627,-0.60204375
O=C(O)CCCCC(=O)O,OC1CCCCC1,383.0,0.54482,-0.60204375
O=C(O)CCCCC(=O)O,OC1CCCCC1,393.0,0.63033,-0.60204375
O=C(O)CCCCC(=O)O,O,278.15,-1.1622,-1.8936982
O=C(O)CCCCC(=O)O,O,283.15,-1.09968,-1.8033708
O=C(O)CCCCC(=O)O,O,288.15,-0.96468,-1.7151978
O=C(O)CCCCC(=O)O,O,293.15,-0.87687,-1.6277497
O=C(O)CCCCC(=O)O,O,298.15,-0.76807,-1.5425948
O=C(O)CCCCC(=O)O,O,303.15,-0.67483,-1.4604913
O=C(O)CCCCC(=O)O,O,308.15,-0.57911,-1.3805254
O=C(O)CCCCC(=O)O,O,313.15,-0.46454,-1.3033222
O=C(O)CCCCC(=O)O,O,318.15,-0.33206,-1.2271119
O=C(O)CCCCC(=O)O,O,323.15,-0.22262,-1.1517138
O=C(O)CCCCC(=O)O,O,328.15,-0.07667,-1.0786536
O=C(O)CCCCC(=O)O,O,333.15,0.07569,-1.00683
O=C(O)CCCCC(=O)O,O,338.15,0.13099,-0.9366703
O=C(O)CCCCC(=O)O,O,303.0,-0.65352,-1.4629054
O=C(O)CCCCC(=O)O,O,313.0,-0.47819,-1.3056123
O=C(O)CCCCC(=O)O,O,323.0,-0.30261,-1.1539705
O=C(O)CCCCC(=O)O,O,333.0,-0.08338,-1.0089718
O=C(O)CCCCC(=O)O,O,343.0,0.08661,-0.8701392
O=C(O)CCCCC(=O)O,O,353.0,0.23699,-0.75752366
O=C(O)CCCCC(=O)O,O,363.0,0.34422,-0.75752366
O=C(O)CCCCC(=O)O,O,373.0,0.42842,-0.75752366
O=C(O)CCCCC(=O)O,O,383.0,0.5069,-0.75752366
O=C(O)CCCCC(=O)O,O,393.0,0.57699,-0.75752366
O=C(O)CCCCC(=O)O,O,403.0,0.66109,-0.75752366
CCNc1nc(Cl)nc(NCC)n1,O,323.0,-4.07292,-0.8736866
CCNc1nc(Cl)nc(NCC)n1,O,348.0,-3.58736,-0.4827221
CCNc1nc(Cl)nc(NCC)n1,O,373.0,-2.92315,-0.43054122
O=C(O)c1ccccc1,CN(C)C=O,294.75,1.051,0.8611856
O=C(O)c1ccccc1,CN(C)C=O,298.75,1.0637,0.899969
O=C(O)c1ccccc1,CN(C)C=O,301.05,1.07125,0.9219116
O=C(O)c1ccccc1,CN(C)C=O,302.15,1.07726,0.93239963
O=C(O)c1ccccc1,CN(C)C=O,306.35,1.08732,0.9719372
O=C(O)c1ccccc1,CN(C)C=O,310.05,1.09884,1.0066708
O=C(O)c1ccccc1,CN(C)C=O,312.15,1.10602,1.0259217
O=C(O)c1ccccc1,CN(C)C=O,316.55,1.1214,1.0652553
O=C(O)c1ccccc1,CN(C)C=O,319.35,1.13267,1.0897468
O=C(O)c1ccccc1,CN(C)C=O,323.35,1.14893,1.1248461
O=C(O)c1ccccc1,CN(C)C=O,325.65,1.15792,1.1448731
O=C(O)c1ccccc1,CN(C)C=O,329.05,1.17216,1.173922
O=C(O)c1ccccc1,CN(C)C=O,331.85,1.18698,1.1971165
O=C(O)c1ccccc1,CN(C)C=O,336.45,1.21012,1.2353959
O=C(O)c1ccccc1,CN(C)C=O,340.05,1.22795,1.2659323
O=C(O)c1ccccc1,CN(C)C=O,343.35,1.24903,1.2940379
O=C(O)c1ccccc1,CN(C)C=O,346.05,1.26855,1.3174335
O=C(O)c1ccccc1,CN(C)C=O,348.75,1.28917,1.3409916
O=C(O)c1ccccc1,CN(C)C=O,351.25,1.30759,1.3622222
O=C(O)c1ccccc1,CN(C)C=O,355.55,1.34878,1.3640735
O=C(O)c1ccccc1,CN(C)C=O,358.05,1.3731,1.3640735
O=C(O)c1ccccc1,CN(C)C=O,362.85,1.42314,1.3640735
O=C(O)c1ccccc1,CN(C)C=O,366.85,1.47426,1.3640735
O=C(O)c1ccccc1,CN(C)C=O,369.65,1.51825,1.3640735
O=C(O)c1ccccc1,O,281.15,-1.75875,0.06504628
O=C(O)c1ccccc1,O,295.65,-1.52701,0.29411083
O=C(O)c1ccccc1,O,300.15,-1.47002,0.36089522
O=C(O)c1ccccc1,O,305.15,-1.40256,0.43397307
O=C(O)c1ccccc1,O,309.65,-1.39408,0.4999299
O=C(O)c1ccccc1,O,318.15,-1.23225,0.622186
O=C(O)c1ccccc1,O,333.15,-1.01811,0.82904947
O=C(O)c1ccccc1,O,333.15,-1.01811,0.82904947
O=C(O)c1ccccc1,O,337.15,-0.92753,0.881937
O=C(O)c1ccccc1,O,297.75,-1.56171,0.3254817
O=C(O)c1ccccc1,O,315.55,-1.29052,0.5848588
O=C(O)c1ccccc1,O,330.95,-1.05244,0.79922473
O=C(O)c1ccccc1,O,347.25,-0.77629,1.0084715
O=C(O)c1ccccc1,O,356.25,-0.59496,1.0600796
O=C(O)c1ccccc1,O,361.45,-0.48058,1.0600796
O=C(O)c1ccccc1,O,366.35,-0.3308,1.0600796
O=C(O)c1ccccc1,O,298.0,-0.90922,0.3291822
O=C(O)c1ccccc1,O,323.0,-0.57113,0.69048786
O=C(O)c1ccccc1,O,348.0,-0.22449,1.0177381
O=C(O)c1ccccc1,O,373.0,0.35011,1.0600796
O=C(O)c1ccccc1,O,393.15,-0.08904,1.0600796
O=C(O)c1ccccc1,O,383.15,-0.25885,1.0600796
O=C(O)c1ccccc1,O,373.15,-0.30993,1.0600796
O=C(O)c1ccccc1,O,363.15,-0.46907,1.0600796
O=C(O)c1ccccc1,O,353.15,-0.64393,1.0600796
O=C(O)c1ccccc1,O,343.15,-0.83601,0.9577794
O=C(O)c1ccccc1,O,333.15,-1.00462,0.82904947
O=C(O)c1ccccc1,O,333.15,-1.00462,0.82904947
O=C(O)c1ccccc1,O,323.15,-1.1048,0.69257295
O=C(O)c1ccccc1,O,313.15,-1.30915,0.5503515
O=C(O)c1ccccc1,O,303.15,-1.46476,0.40462166
O=C(O)c1ccccc1,O,299.35,-1.45919,0.3491465
O=C(O)c1ccccc1,O,304.75,-1.41783,0.42810255
O=C(O)c1ccccc1,O,310.05,-1.37029,0.50575143
O=C(O)c1ccccc1,O,316.95,-1.29456,0.6050332
O=C(O)c1ccccc1,O,321.25,-1.25502,0.66599363
O=C(O)c1ccccc1,O,326.85,-1.16953,0.7436026
O=C(O)c1ccccc1,O,332.45,-1.06242,0.81957895
O=C(O)c1ccccc1,O,337.75,-0.95684,0.88969404
O=C(O)c1ccccc1,O,343.25,-0.85013,0.95900947
O=C(O)c1ccccc1,O,349.15,-0.73368,1.0319381
O=C(O)c1ccccc1,O,355.35,-0.60086,1.0600796
O=C(O)c1ccccc1,O,360.65,-0.47949,1.0600796
O=C(O)c1ccccc1O,O,283.15,-2.06245,0.16814427
O=C(O)c1ccccc1O,O,288.15,-2.00283,0.23194213
O=C(O)c1ccccc1O,O,293.15,-1.93815,0.29429382
O=C(O)c1ccccc1O,O,298.15,-1.86374,0.35491812
O=C(O)c1ccccc1O,O,303.15,-1.77441,0.41474473
O=C(O)c1ccccc1O,O,308.15,-1.69278,0.47397584
O=C(O)c1ccccc1O,O,313.15,-1.60359,0.53153497
O=C(O)c1ccccc1O,O,318.15,-1.5186,0.5891576
O=C(O)c1ccccc1O,O,323.15,-1.42668,0.6461549
O=C(O)c1ccccc1O,O,298.0,-1.58516,0.35310376
O=C(O)c1ccccc1O,O,323.0,-0.45045,0.6444726
O=C(O)c1ccccc1O,O,348.0,-0.14102,0.9056936
O=C(O)c1ccccc1O,O,373.0,0.02213,0.9416567
O=C(O)c1ccccc1O,O,398.0,0.6693,0.9416567
O=C(O)c1ccccc1O,O,423.0,0.75746,0.9416567
O=C(O)c1ccc(O)c(O)c1,O,293.15,-0.92843,-0.79002196
O=C(O)c1ccc(O)c(O)c1,O,298.15,-0.90785,-0.73272026
O=C(O)c1ccc(O)c(O)c1,O,303.15,-0.89733,-0.6769826
O=C(O)c1ccc(O)c(O)c1,O,308.15,-0.88065,-0.62347007
O=C(O)c1ccc(O)c(O)c1,O,313.15,-0.87012,-0.57194966
O=C(O)c1ccc(O)c(O)c1,O,318.15,-0.85279,-0.5223348
O=C(O)c1ccc(O)c(O)c1,O,298.75,-0.71925,-0.72593683
O=C(O)c1ccc(O)c(O)c1,O,314.65,-0.54119,-0.5569203
O=C(O)c1ccc(O)c(O)c1,O,334.95,-0.2085,-0.35886383
O=C(O)c1ccc(O)c(O)c1,O,355.25,0.05544,-0.2051632
O=C(O)c1ccc(O)c(O)c1,O,375.35,0.2967,-0.2051632
O=C(O)c1ccc(O)c(O)c1,O,395.65,0.70058,-0.2051632
O=C(O)c1ccc(O)c(O)c1,O,415.85,0.88429,-0.2051632
O.O=C(O)c1cc(O)c(O)c(O)c1,O,298.75,-1.16029,-0.8555031
O.O=C(O)c1cc(O)c(O)c(O)c1,O,314.65,-0.87629,-0.6932392
O.O=C(O)c1cc(O)c(O)c(O)c1,O,334.95,-0.35151,-0.50010276
O.O=C(O)c1cc(O)c(O)c(O)c1,O,355.25,0.05005,-0.354932
O.O=C(O)c1cc(O)c(O)c(O)c1,O,375.35,0.45168,-0.354932
O.O=C(O)c1cc(O)c(O)c(O)c1,O,395.65,0.72577,-0.354932
O.O=C(O)c1cc(O)c(O)c(O)c1,O,415.85,1.18365,-0.354932
N#Cc1c(Cl)c(Cl)c(Cl)c(C#N)c1Cl,O,298.0,-8.00127,-1.6159091
N#Cc1c(Cl)c(Cl)c(Cl)c(C#N)c1Cl,O,323.0,-7.35769,-1.214575
N#Cc1c(Cl)c(Cl)c(Cl)c(C#N)c1Cl,O,373.0,-5.82703,-0.7409685
N#Cc1c(Cl)c(Cl)c(Cl)c(C#N)c1Cl,O,423.0,-4.32014,-0.7409685
N#Cc1c(Cl)c(Cl)c(Cl)c(C#N)c1Cl,O,473.0,-2.95203,-0.7409685
CCNc1nc(Cl)nc(NC(C)C)n1,O,323.0,-4.48753,-0.8890282
CCNc1nc(Cl)nc(NC(C)C)n1,O,348.0,-3.01041,-0.51223814
CCNc1nc(Cl)nc(NC(C)C)n1,O,373.0,-2.63366,-0.46135873
CCNc1nc(Cl)nc(NC(C)C)n1,O,398.0,-2.08221,-0.46135873
CCNc1nc(Cl)nc(NC(C)C)n1,O,398.0,-2.08221,-0.46135873
CCNc1nc(Cl)nc(NC(C)C)n1,O,398.0,-2.08465,-0.46135873
CCNc1nc(Cl)nc(NC(C)C)n1,O,398.0,-2.08465,-0.46135873
O=Cc1ccc(C(=O)O)cc1,CC(=O)O,293.15,-1.76439,-0.35175768
O=Cc1ccc(C(=O)O)cc1,CC(=O)O,298.15,-1.71163,-0.28369638
O=Cc1ccc(C(=O)O)cc1,CC(=O)O,303.15,-1.6597,-0.21684454
O=Cc1ccc(C(=O)O)cc1,CC(=O)O,308.15,-1.60542,-0.15095371
O=Cc1ccc(C(=O)O)cc1,CC(=O)O,313.15,-1.53569,-0.08468062
O=Cc1ccc(C(=O)O)cc1,CC(=O)O,318.15,-1.45805,-0.019766733
O=Cc1ccc(C(=O)O)cc1,CC(=O)O,323.15,-1.38002,0.04430172
O=Cc1ccc(C(=O)O)cc1,CC(=O)O,328.15,-1.28825,0.10633929
O=Cc1ccc(C(=O)O)cc1,CC(=O)O,333.15,-1.20721,0.1672361
O=Cc1ccc(C(=O)O)cc1,CC(=O)O,338.15,-1.12557,0.22624989
O=Cc1ccc(C(=O)O)cc1,CC(=O)O,343.15,-1.04343,0.28609693
O=Cc1ccc(C(=O)O)cc1,CC(=O)O,348.15,-0.95409,0.34516823
O=Cc1ccc(C(=O)O)cc1,CC(=O)O,353.15,-0.87552,0.38297778
O=Cc1ccc(C(=O)O)cc1,CC(=O)O,358.15,-0.79526,0.38297778
O=Cc1ccc(C(=O)O)cc1,CC(=O)O,363.15,-0.71477,0.38297778
O=Cc1ccc(C(=O)O)cc1,CC(=O)O,368.15,-0.62855,0.38297778
O=Cc1ccc(C(=O)O)cc1,CC(=O)O,370.65,-0.57496,0.38297778
O=Cc1ccc(C(=O)O)cc1,CC(=O)O,303.2,-1.36353,-0.21618702
O=Cc1ccc(C(=O)O)cc1,CC(=O)O,323.2,-1.14814,0.044931367
O=Cc1ccc(C(=O)O)cc1,CC(=O)O,333.2,-1.06799,0.16783759
O=Cc1ccc(C(=O)O)cc1,CC(=O)O,343.2,-0.97724,0.28669393
O=Cc1ccc(C(=O)O)cc1,CC(=O)O,353.2,-0.89922,0.38297778
O=Cc1ccc(C(=O)O)cc1,CC(=O)O,363.2,-0.80833,0.38297778
O=Cc1ccc(C(=O)O)cc1,CC(=O)O,373.2,-0.67355,0.38297778
O=Cc1ccc(C(=O)O)cc1,CC(=O)O,403.2,-0.59784,0.38297778
O=Cc1ccc(C(=O)O)cc1,CC(=O)O,423.2,-0.5035,0.38297778
O=Cc1ccc(C(=O)O)cc1,CC(=O)O,433.2,-0.45536,0.38297778
O=Cc1ccc(C(=O)O)cc1,CC(=O)O,443.2,-0.42708,0.38297778
O=Cc1ccc(C(=O)O)cc1,CC(=O)O,453.2,-0.34537,0.38297778
O=Cc1ccc(C(=O)O)cc1,CC(=O)O,463.2,-0.28369,0.38297778
O=Cc1ccc(C(=O)O)cc1,CC(=O)O,473.2,-0.19594,0.38297778
O=Cc1ccc(C(=O)O)cc1,CN(C)C=O,313.45,0.56485,0.33916652
O=Cc1ccc(C(=O)O)cc1,CN(C)C=O,316.55,0.57068,0.37248605
O=Cc1ccc(C(=O)O)cc1,CN(C)C=O,319.35,0.57658,0.4018361
O=Cc1ccc(C(=O)O)cc1,CN(C)C=O,322.55,0.58286,0.43421704
O=Cc1ccc(C(=O)O)cc1,CN(C)C=O,327.55,0.59581,0.48367465
O=Cc1ccc(C(=O)O)cc1,CN(C)C=O,330.85,0.60353,0.51511836
O=Cc1ccc(C(=O)O)cc1,CN(C)C=O,334.05,0.61095,0.5450015
O=Cc1ccc(C(=O)O)cc1,CN(C)C=O,336.35,0.61631,0.5659296
O=Cc1ccc(C(=O)O)cc1,CN(C)C=O,338.95,0.62216,0.58973944
O=Cc1ccc(C(=O)O)cc1,CN(C)C=O,344.55,0.63459,0.63957614
O=Cc1ccc(C(=O)O)cc1,CN(C)C=O,349.45,0.64781,0.6822333
O=Cc1ccc(C(=O)O)cc1,CN(C)C=O,351.25,0.65022,0.697599
O=Cc1ccc(C(=O)O)cc1,CN(C)C=O,354.75,0.65834,0.6991533
O=Cc1ccc(C(=O)O)cc1,CN(C)C=O,358.25,0.66666,0.6991533
O=Cc1ccc(C(=O)O)cc1,CN(C)C=O,359.85,0.67109,0.6991533
O=Cc1ccc(C(=O)O)cc1,CN(C)C=O,364.35,0.68078,0.6991533
O=Cc1ccc(C(=O)O)cc1,CN(C)C=O,367.75,0.68934,0.6991533
O=Cc1ccc(C(=O)O)cc1,CN(C)C=O,370.35,0.69586,0.6991533
O=Cc1ccc(C(=O)O)cc1,CN(C)C=O,370.35,0.69586,0.6991533
O=Cc1ccc(C(=O)O)cc1,CN(C)C=O,298.15,0.53497,0.16077076
O=Cc1ccc(C(=O)O)cc1,CN(C)C=O,303.15,0.54256,0.2220953
O=Cc1ccc(C(=O)O)cc1,CN(C)C=O,308.15,0.5543,0.28029174
O=Cc1ccc(C(=O)O)cc1,CN(C)C=O,313.15,0.56432,0.3359344
O=Cc1ccc(C(=O)O)cc1,CN(C)C=O,318.15,0.57352,0.38936025
O=Cc1ccc(C(=O)O)cc1,CN(C)C=O,323.15,0.58475,0.44022083
O=Cc1ccc(C(=O)O)cc1,CN(C)C=O,328.15,0.59777,0.4894668
O=Cc1ccc(C(=O)O)cc1,CN(C)C=O,333.15,0.60835,0.53666955
O=Cc1ccc(C(=O)O)cc1,CN(C)C=O,338.15,0.62054,0.58242804
O=Cc1ccc(C(=O)O)cc1,CN(C)C=O,343.15,0.63078,0.62711006
O=Cc1ccc(C(=O)O)cc1,CN(C)C=O,348.15,0.64426,0.67099714
O=Cc1ccc(C(=O)O)cc1,CN(C)C=O,353.15,0.65455,0.6991533
O=Cc1ccc(C(=O)O)cc1,CN(C)C=O,358.15,0.66659,0.6991533
O=Cc1ccc(C(=O)O)cc1,CN(C)C=O,363.15,0.67663,0.6991533
O=Cc1ccc(C(=O)O)cc1,CN(C)C=O,368.15,0.68945,0.6991533
O=Cc1ccc(C(=O)O)cc1,CN(C)C=O,370.35,0.69595,0.6991533
O=Cc1ccc(C(=O)O)cc1,CN(C)C=O,370.35,0.69595,0.6991533
O=Cc1ccc(C(=O)O)cc1,CN1CCCC1=O,296.25,0.10465,0.23889638
O=Cc1ccc(C(=O)O)cc1,CN1CCCC1=O,300.15,0.15761,0.2779386
O=Cc1ccc(C(=O)O)cc1,CN1CCCC1=O,306.35,0.23334,0.3402443
O=Cc1ccc(C(=O)O)cc1,CN1CCCC1=O,308.85,0.27234,0.36507893
O=Cc1ccc(C(=O)O)cc1,CN1CCCC1=O,312.65,0.31525,0.40238488
O=Cc1ccc(C(=O)O)cc1,CN1CCCC1=O,317.85,0.38338,0.45095307
O=Cc1ccc(C(=O)O)cc1,CN1CCCC1=O,321.65,0.42775,0.4862665
O=Cc1ccc(C(=O)O)cc1,CN1CCCC1=O,322.45,0.43578,0.4937291
O=Cc1ccc(C(=O)O)cc1,CN1CCCC1=O,326.05,0.48331,0.52731746
O=Cc1ccc(C(=O)O)cc1,CN1CCCC1=O,329.15,0.52016,0.55679864
O=Cc1ccc(C(=O)O)cc1,CN1CCCC1=O,331.95,0.55331,0.5835809
O=Cc1ccc(C(=O)O)cc1,CN1CCCC1=O,335.05,0.59233,0.6131808
O=Cc1ccc(C(=O)O)cc1,CN1CCCC1=O,337.45,0.62107,0.63503635
O=Cc1ccc(C(=O)O)cc1,CN1CCCC1=O,338.65,0.63689,0.64575714
O=Cc1ccc(C(=O)O)cc1,CN1CCCC1=O,340.95,0.66699,0.66630435
O=Cc1ccc(C(=O)O)cc1,CN1CCCC1=O,341.75,0.67624,0.67346966
O=Cc1ccc(C(=O)O)cc1,CN1CCCC1=O,341.75,0.67624,0.67346966
O=Cc1ccc(C(=O)O)cc1,CN1CCCC1=O,353.2,0.62881,0.76072675
O=Cc1ccc(C(=O)O)cc1,CN1CCCC1=O,357.2,0.65279,0.76072675
O=Cc1ccc(C(=O)O)cc1,CN1CCCC1=O,361.2,0.68104,0.76072675
O=Cc1ccc(C(=O)O)cc1,CN1CCCC1=O,365.2,0.70302,0.76072675
O=Cc1ccc(C(=O)O)cc1,CN1CCCC1=O,369.2,0.73201,0.76072675
O=Cc1ccc(C(=O)O)cc1,CN1CCCC1=O,373.2,0.75864,0.76072675
O=Cc1ccc(C(=O)O)cc1,CN1CCCC1=O,377.2,0.78313,0.76072675
O=Cc1ccc(C(=O)O)cc1,CN1CCCC1=O,381.2,0.8167,0.76072675
O=Cc1ccc(C(=O)O)cc1,CN1CCCC1=O,385.2,0.84352,0.76072675
O=Cc1ccc(C(=O)O)cc1,CN1CCCC1=O,389.2,0.86793,0.76072675
O=Cc1ccc(C(=O)O)cc1,CN1CCCC1=O,393.2,0.89638,0.76072675
O=Cc1ccc(C(=O)O)cc1,CN1CCCC1=O,397.2,0.91792,0.76072675
O=Cc1ccc(C(=O)O)cc1,CN1CCCC1=O,401.2,0.95007,0.76072675
O=Cc1ccc(C(=O)O)cc1,CN1CCCC1=O,405.2,0.977,0.76072675
O=Cc1ccc(C(=O)O)cc1,CN1CCCC1=O,409.2,1.00273,0.76072675
O=Cc1ccc(C(=O)O)cc1,CN1CCCC1=O,413.2,1.03168,0.76072675
O=Cc1ccc(C(=O)O)cc1,CN1CCCC1=O,417.2,1.05952,0.76072675
O=Cc1ccc(C(=O)O)cc1,CN1CCCC1=O,421.2,1.08671,0.76072675
O=Cc1ccc(C(=O)O)cc1,CN1CCCC1=O,293.15,0.06492,0.20705813
O=Cc1ccc(C(=O)O)cc1,CN1CCCC1=O,298.15,0.13014,0.25801617
O=Cc1ccc(C(=O)O)cc1,CN1CCCC1=O,303.15,0.19434,0.30807483
O=Cc1ccc(C(=O)O)cc1,CN1CCCC1=O,308.15,0.2628,0.35812902
O=Cc1ccc(C(=O)O)cc1,CN1CCCC1=O,313.15,0.3245,0.40719074
O=Cc1ccc(C(=O)O)cc1,CN1CCCC1=O,318.15,0.38432,0.4537279
O=Cc1ccc(C(=O)O)cc1,CN1CCCC1=O,323.15,0.44479,0.5002625
O=Cc1ccc(C(=O)O)cc1,CN1CCCC1=O,328.15,0.50877,0.5472516
O=Cc1ccc(C(=O)O)cc1,CN1CCCC1=O,333.15,0.56778,0.5950716
O=Cc1ccc(C(=O)O)cc1,CN1CCCC1=O,338.15,0.63149,0.64129204
O=Cc1ccc(C(=O)O)cc1,CN1CCCC1=O,341.75,0.67628,0.67346966
O=Cc1ccc(C(=O)O)cc1,CN1CCCC1=O,341.75,0.67628,0.67346966
O=Cc1ccc(C(=O)O)cc1,O,473.15,-0.79483,0.20551923
O=Cc1ccc(C(=O)O)cc1,O,463.15,-0.85858,0.20551923
O=Cc1ccc(C(=O)O)cc1,O,453.15,-0.92642,0.20551923
O=Cc1ccc(C(=O)O)cc1,O,443.15,-0.99827,0.20551923
O=Cc1ccc(C(=O)O)cc1,O,433.15,-1.07358,0.20551923
O=Cc1ccc(C(=O)O)cc1,O,423.15,-1.12998,0.20551923
O=Cc1ccc(C(=O)O)cc1,O,413.15,-1.21415,0.20551923
O=Cc1ccc(C(=O)O)cc1,O,403.15,-1.28089,0.20551923
O=Cc1ccc(C(=O)O)cc1,O,393.15,-1.45979,0.20551923
O=Cc1ccc(C(=O)O)cc1,O,383.15,-1.5663,0.20551923
O=Cc1ccc(C(=O)O)cc1,O,373.15,-1.61142,0.20551923
O=Cc1ccc(C(=O)O)cc1,O,363.15,-1.7147,0.20551923
O=Cc1ccc(C(=O)O)cc1,O,363.15,-1.7147,0.20551923
O=Cc1ccc(C(=O)O)cc1,O,353.15,-1.74931,0.20551923
O=Cc1ccc(C(=O)O)cc1,O,353.15,-1.74931,0.20551923
O=Cc1ccc(C(=O)O)cc1,O,343.15,-1.86726,0.10134952
O=Cc1ccc(C(=O)O)cc1,O,343.15,-1.86726,0.10134952
O=Cc1ccc(C(=O)O)cc1,O,333.15,-1.90126,-0.028198853
O=Cc1ccc(C(=O)O)cc1,O,333.15,-1.90126,-0.028198853
O=Cc1ccc(C(=O)O)cc1,O,323.15,-2.03023,-0.16333786
O=Cc1ccc(C(=O)O)cc1,O,323.15,-2.03023,-0.16333786
O=Cc1ccc(C(=O)O)cc1,O,313.15,-2.21748,-0.302843
O=Cc1ccc(C(=O)O)cc1,O,313.15,-2.21748,-0.302843
O=Cc1ccc(C(=O)O)cc1,O,303.15,-2.35429,-0.44859177
O=Cc1ccc(C(=O)O)cc1,O,303.15,-2.35429,-0.44859177
O=Cc1ccc(C(=O)O)cc1,O,293.15,-2.63289,-0.60239476
O=Cc1ccc(C(=O)O)cc1,O,298.15,-2.56441,-0.5246045
O=Cc1ccc(C(=O)O)cc1,O,303.15,-2.4538,-0.44859177
O=Cc1ccc(C(=O)O)cc1,O,303.15,-2.4538,-0.44859177
O=Cc1ccc(C(=O)O)cc1,O,308.15,-2.36653,-0.3746389
O=Cc1ccc(C(=O)O)cc1,O,313.15,-2.28748,-0.302843
O=Cc1ccc(C(=O)O)cc1,O,313.15,-2.28748,-0.302843
O=Cc1ccc(C(=O)O)cc1,O,318.15,-2.19099,-0.23275717
O=Cc1ccc(C(=O)O)cc1,O,323.15,-2.09863,-0.16333786
O=Cc1ccc(C(=O)O)cc1,O,323.15,-2.09863,-0.16333786
O=Cc1ccc(C(=O)O)cc1,O,328.15,-2.01792,-0.094861925
O=Cc1ccc(C(=O)O)cc1,O,333.15,-1.92129,-0.028198853
O=Cc1ccc(C(=O)O)cc1,O,333.15,-1.92129,-0.028198853
O=Cc1ccc(C(=O)O)cc1,O,338.15,-1.8274,0.036887944
O=Cc1ccc(C(=O)O)cc1,O,343.15,-1.72808,0.10134952
O=Cc1ccc(C(=O)O)cc1,O,343.15,-1.72808,0.10134952
O=Cc1ccc(C(=O)O)cc1,O,348.15,-1.64596,0.16463453
O=Cc1ccc(C(=O)O)cc1,O,353.15,-1.54814,0.20551923
O=Cc1ccc(C(=O)O)cc1,O,353.15,-1.54814,0.20551923
O=Cc1ccc(C(=O)O)cc1,O,358.15,-1.45983,0.20551923
O=Cc1ccc(C(=O)O)cc1,O,363.15,-1.35486,0.20551923
O=Cc1ccc(C(=O)O)cc1,O,363.15,-1.35486,0.20551923
O=Cc1ccc(C(=O)O)cc1,O,368.15,-1.25941,0.20551923
O=Cc1ccc(C(=O)O)cc1,O,371.15,-1.19537,0.20551923
O=Cc1ccc(C(=O)O)cc1,O,303.2,-2.41466,-0.4478377
O=Cc1ccc(C(=O)O)cc1,O,323.2,-2.01711,-0.1626474
O=Cc1ccc(C(=O)O)cc1,O,333.2,-1.84115,-0.027546838
O=Cc1ccc(C(=O)O)cc1,O,343.2,-1.76604,0.10199104
O=Cc1ccc(C(=O)O)cc1,O,353.2,-1.71014,0.20551923
O=Cc1ccc(C(=O)O)cc1,O,403.2,-1.20586,0.20551923
O=Cc1ccc(C(=O)O)cc1,O,423.2,-1.07936,0.20551923
O=Cc1ccc(C(=O)O)cc1,O,433.2,-1.03733,0.20551923
O=Cc1ccc(C(=O)O)cc1,O,443.2,-0.99995,0.20551923
O=Cc1ccc(C(=O)O)cc1,O,453.2,-0.96857,0.20551923
O=Cc1ccc(C(=O)O)cc1,O,463.2,-0.90383,0.20551923
O=Cc1ccc(C(=O)O)cc1,O,473.2,-0.84915,0.20551923
O=C(O)c1ccc(C(=O)O)cc1,CC(=O)O,298.0,-3.08728,-1.2382314
O=C(O)c1ccc(C(=O)O)cc1,CC(=O)O,423.0,-1.68938,-0.60135895
O=C(O)c1ccc(C(=O)O)cc1,CC(=O)O,473.0,-1.13011,-0.60135895
O=C(O)c1ccc(C(=O)O)cc1,CC(=O)O,523.0,-0.59973,-0.60135895
O=C(O)c1ccc(C(=O)O)cc1,CN(C)C=O,296.05,-0.43127,-0.6949925
O=C(O)c1ccc(C(=O)O)cc1,CN(C)C=O,298.85,-0.4246,-0.6587591
O=C(O)c1ccc(C(=O)O)cc1,CN(C)C=O,301.25,-0.41628,-0.6281111
O=C(O)c1ccc(C(=O)O)cc1,CN(C)C=O,304.65,-0.40703,-0.58557135
O=C(O)c1ccc(C(=O)O)cc1,CN(C)C=O,307.35,-0.39766,-0.5522444
O=C(O)c1ccc(C(=O)O)cc1,CN(C)C=O,311.85,-0.3809,-0.4982167
O=C(O)c1ccc(C(=O)O)cc1,CN(C)C=O,314.45,-0.37646,-0.46812847
O=C(O)c1ccc(C(=O)O)cc1,CN(C)C=O,318.05,-0.36561,-0.4275586
O=C(O)c1ccc(C(=O)O)cc1,CN(C)C=O,320.25,-0.36117,-0.40332785
O=C(O)c1ccc(C(=O)O)cc1,CN(C)C=O,325.75,-0.34396,-0.3440502
O=C(O)c1ccc(C(=O)O)cc1,CN(C)C=O,328.25,-0.33481,-0.3181845
O=C(O)c1ccc(C(=O)O)cc1,CN(C)C=O,331.55,-0.3251,-0.28500637
O=C(O)c1ccc(C(=O)O)cc1,CN(C)C=O,336.95,-0.31069,-0.23169057
O=C(O)c1ccc(C(=O)O)cc1,CN(C)C=O,340.25,-0.30053,-0.19926515
O=C(O)c1ccc(C(=O)O)cc1,CN(C)C=O,343.15,-0.29301,-0.17121439
O=C(O)c1ccc(C(=O)O)cc1,CN(C)C=O,345.55,-0.28574,-0.14827628
O=C(O)c1ccc(C(=O)O)cc1,CN(C)C=O,351.65,-0.27027,-0.09681566
O=C(O)c1ccc(C(=O)O)cc1,CN(C)C=O,353.75,-0.26285,-0.0965548
O=C(O)c1ccc(C(=O)O)cc1,CN(C)C=O,356.65,-0.25433,-0.0965548
O=C(O)c1ccc(C(=O)O)cc1,CN(C)C=O,359.95,-0.24667,-0.0965548
O=C(O)c1ccc(C(=O)O)cc1,CN(C)C=O,365.65,-0.23049,-0.0965548
O=C(O)c1ccc(C(=O)O)cc1,CN(C)C=O,370.45,-0.2164,-0.0965548
O=C(O)c1ccc(C(=O)O)cc1,CN1CCCC1=O,303.2,-0.8541,-0.33712894
O=C(O)c1ccc(C(=O)O)cc1,CN1CCCC1=O,313.2,-0.79232,-0.23530367
O=C(O)c1ccc(C(=O)O)cc1,CN1CCCC1=O,323.2,-0.70925,-0.13831168
O=C(O)c1ccc(C(=O)O)cc1,CN1CCCC1=O,333.2,-0.65271,-0.044353366
O=C(O)c1ccc(C(=O)O)cc1,CN1CCCC1=O,343.2,-0.5822,0.04592809
O=C(O)c1ccc(C(=O)O)cc1,CN1CCCC1=O,343.2,-0.5822,0.04592809
O=C(O)c1ccc(C(=O)O)cc1,CN1CCCC1=O,353.2,-0.53482,0.11801137
O=C(O)c1ccc(C(=O)O)cc1,CN1CCCC1=O,353.2,-0.53482,0.11801137
O=C(O)c1ccc(C(=O)O)cc1,CN1CCCC1=O,363.2,-0.47823,0.11801137
O=C(O)c1ccc(C(=O)O)cc1,CN1CCCC1=O,363.2,-0.47823,0.11801137
O=C(O)c1ccc(C(=O)O)cc1,CN1CCCC1=O,296.35,-0.49154,-0.41156006
O=C(O)c1ccc(C(=O)O)cc1,CN1CCCC1=O,299.55,-0.43679,-0.3764619
O=C(O)c1ccc(C(=O)O)cc1,CN1CCCC1=O,303.75,-0.36531,-0.3313407
O=C(O)c1ccc(C(=O)O)cc1,CN1CCCC1=O,307.05,-0.3133,-0.29679298
O=C(O)c1ccc(C(=O)O)cc1,CN1CCCC1=O,309.75,-0.27723,-0.26939318
O=C(O)c1ccc(C(=O)O)cc1,CN1CCCC1=O,312.75,-0.234,-0.23974359
O=C(O)c1ccc(C(=O)O)cc1,CN1CCCC1=O,316.25,-0.18221,-0.20517018
O=C(O)c1ccc(C(=O)O)cc1,CN1CCCC1=O,319.65,-0.13759,-0.17192593
O=C(O)c1ccc(C(=O)O)cc1,CN1CCCC1=O,324.05,-0.08081,-0.1302752
O=C(O)c1ccc(C(=O)O)cc1,CN1CCCC1=O,328.45,-0.02734,-0.08868763
O=C(O)c1ccc(C(=O)O)cc1,CN1CCCC1=O,331.55,0.00974,-0.059683636
O=C(O)c1ccc(C(=O)O)cc1,CN1CCCC1=O,332.65,0.02126,-0.04941693
O=C(O)c1ccc(C(=O)O)cc1,CN1CCCC1=O,343.2,-0.18834,0.04592809
O=C(O)c1ccc(C(=O)O)cc1,CN1CCCC1=O,343.2,-0.18834,0.04592809
O=C(O)c1ccc(C(=O)O)cc1,CN1CCCC1=O,348.2,-0.13439,0.08986367
O=C(O)c1ccc(C(=O)O)cc1,CN1CCCC1=O,353.2,-0.10558,0.11801137
O=C(O)c1ccc(C(=O)O)cc1,CN1CCCC1=O,353.2,-0.10558,0.11801137
O=C(O)c1ccc(C(=O)O)cc1,CN1CCCC1=O,358.2,-0.05441,0.11801137
O=C(O)c1ccc(C(=O)O)cc1,CN1CCCC1=O,363.2,-0.03088,0.11801137
O=C(O)c1ccc(C(=O)O)cc1,CN1CCCC1=O,363.2,-0.03088,0.11801137
O=C(O)c1ccc(C(=O)O)cc1,CN1CCCC1=O,368.2,-0.00286,0.11801137
O=C(O)c1ccc(C(=O)O)cc1,CN1CCCC1=O,373.2,0.01276,0.11801137
O=C(O)c1ccc(C(=O)O)cc1,CN1CCCC1=O,378.2,0.05175,0.11801137
O=C(O)c1ccc(C(=O)O)cc1,CN1CCCC1=O,383.2,0.09008,0.11801137
O=C(O)c1ccc(C(=O)O)cc1,CN1CCCC1=O,388.2,0.12126,0.11801137
O=C(O)c1ccc(C(=O)O)cc1,CN1CCCC1=O,393.2,0.16872,0.11801137
O=C(O)c1ccc(C(=O)O)cc1,CN1CCCC1=O,398.2,0.18805,0.11801137
O=C(O)c1ccc(C(=O)O)cc1,CN1CCCC1=O,403.2,0.23141,0.11801137
O=C(O)c1ccc(C(=O)O)cc1,CN1CCCC1=O,408.2,0.27689,0.11801137
O=C(O)c1ccc(C(=O)O)cc1,CN1CCCC1=O,413.2,0.29491,0.11801137
O=C(O)c1ccc(C(=O)O)cc1,CN1CCCC1=O,418.2,0.34159,0.11801137
O=C(O)c1ccc(C(=O)O)cc1,CN1CCCC1=O,423.2,0.37326,0.11801137
O=C(O)c1ccc(C(=O)O)cc1,CN1CCCC1=O,428.2,0.41093,0.11801137
O=C(O)c1ccc(C(=O)O)cc1,CN1CCCC1=O,433.2,0.42981,0.11801137
O=C(O)c1ccc(C(=O)O)cc1,CN1CCCC1=O,438.2,0.48126,0.11801137
O=C(O)c1ccc(C(=O)O)cc1,CN1CCCC1=O,443.2,0.52212,0.11801137
O=C(O)c1ccc(C(=O)O)cc1,CN1CCCC1=O,448.2,0.55123,0.11801137
O=C(O)c1ccc(C(=O)O)cc1,CN1CCCC1=O,453.2,0.59333,0.11801137
O=C(O)c1ccc(C(=O)O)cc1,CN1CCCC1=O,458.2,0.64406,0.11801137
O=C(O)c1ccc(C(=O)O)cc1,CN1CCCC1=O,463.2,0.6895,0.11801137
O=C(O)c1ccc(C(=O)O)cc1,CN1CCCC1=O,468.2,0.73476,0.11801137
O=C(O)c1ccc(C(=O)O)cc1,CO,298.0,-2.32145,-1.1990695
O=C(O)c1ccc(C(=O)O)cc1,CO,423.0,-0.92,-0.5203756
O=C(O)c1ccc(C(=O)O)cc1,O,298.0,-3.99074,-1.773806
O=C(O)c1ccc(C(=O)O)cc1,O,423.0,-1.88231,-1.0316129
O=C(O)c1ccc(C(=O)O)cc1,O,473.0,-1.05546,-1.0316129
O=C(O)c1ccc(C(=O)O)cc1,O,523.0,-0.21629,-1.0316129
O=C(O)c1ccc(C(=O)O)cc1,O,348.8,-3.17335,-1.063267
O=C(O)c1ccc(C(=O)O)cc1,O,373.4,-2.78473,-1.0316129
O=C(O)c1ccc(C(=O)O)cc1,O,398.8,-2.33544,-1.0316129
O=C(O)c1ccc(C(=O)O)cc1,O,422.8,-1.92111,-1.0316129
O=C(O)c1ccc(C(=O)O)cc1,O,447.1,-1.52286,-1.0316129
O=C(O)c1ccc(C(=O)O)cc1,O,473.2,-1.07262,-1.0316129
O=C(O)c1ccc(C(=O)O)cc1,O,497.9,-0.6612,-1.0316129
O=C(O)c1ccc(C(=O)O)cc1,O,523.7,-0.25015,-1.0316129
O=C(O)c1ccc(C(=O)O)cc1,O,547.4,0.11733,-1.0316129
O=C(O)c1ccc(C(=O)O)cc1,O,423.8,-1.8967,-1.0316129
O=C(O)c1ccc(C(=O)O)cc1,O,472.9,-1.08492,-1.0316129
O=C(O)c1ccc(C(=O)O)cc1,O,523.2,-0.26773,-1.0316129
O=C(O)c1ccc(C(=O)O)cc1,O,473.15,-3.10914,-1.0316129
O=C(O)c1ccc(C(=O)O)cc1,O,463.15,-3.20898,-1.0316129
O=C(O)c1ccc(C(=O)O)cc1,O,463.15,-3.20898,-1.0316129
O=C(O)c1ccc(C(=O)O)cc1,O,453.15,-3.33816,-1.0316129
O=C(O)c1ccc(C(=O)O)cc1,O,453.15,-3.33816,-1.0316129
O=C(O)c1ccc(C(=O)O)cc1,O,443.15,-3.40901,-1.0316129
O=C(O)c1ccc(C(=O)O)cc1,O,433.15,-3.46335,-1.0316129
O=C(O)c1ccc(C(=O)O)cc1,O,423.15,-3.70687,-1.0316129
O=C(O)c1ccc(C(=O)O)cc1,O,413.15,-3.7887,-1.0316129
O=C(O)c1ccc(C(=O)O)cc1,O,403.15,-3.87496,-1.0316129
O=C(O)c1ccc(C(=O)O)cc1,O,393.15,-4.0074,-1.0316129
O=C(O)c1ccc(C(=O)O)cc1,O,383.15,-4.16858,-1.0316129
O=C(O)c1ccc(C(=O)O)cc1,O,383.15,-4.16858,-1.0316129
O=C(O)c1ccc(C(=O)O)cc1,O,373.15,-4.37129,-1.0316129
O=C(O)c1ccc(C(=O)O)cc1,O,363.15,-4.42606,-1.0316129
O=C(O)c1ccc(C(=O)O)cc1,O,353.15,-4.48981,-1.0316129
O=C(O)c1ccc(C(=O)O)cc1,O,343.15,-4.56634,-1.1330274
O=C(O)c1ccc(C(=O)O)cc1,O,333.15,-4.66102,-1.2628441
O=C(O)c1ccc(C(=O)O)cc1,O,323.15,-4.78364,-1.3996614
O=C(O)c1ccc(C(=O)O)cc1,O,313.15,-4.95789,-1.5426517
O=C(O)c1ccc(C(=O)O)cc1,O,303.15,-4.95639,-1.6922085
O=C(O)c1ccc(C(=O)O)cc1,O,301.45,-3.55438,-1.7189137
O=C(O)c1ccc(C(=O)O)cc1,O,308.15,-3.51176,-1.6159723
O=C(O)c1ccc(C(=O)O)cc1,O,318.35,-3.41482,-1.4674382
O=C(O)c1ccc(C(=O)O)cc1,O,328.15,-3.31876,-1.3304887
O=C(O)c1ccc(C(=O)O)cc1,O,338.15,-3.19802,-1.1965868
O=C(O)c1ccc(C(=O)O)cc1,O,348.15,-3.09077,-1.071216
O=C(O)c1ccc(C(=O)O)cc1,O,358.15,-2.99293,-1.0316129
O=C(O)c1ccc(C(=O)O)cc1,O,368.15,-2.8558,-1.0316129
O=C(O)c1ccc(C(=O)O)cc1,O,383.15,-2.7481,-1.0316129
O=C(O)c1ccc(C(=O)O)cc1,O,383.15,-2.7481,-1.0316129
O=C(O)c1ccc(C(=O)O)cc1,O,408.15,-2.51901,-1.0316129
O=C(O)c1ccc(C(=O)O)cc1,O,420.15,-2.39761,-1.0316129
O=C(O)c1ccc(C(=O)O)cc1,O,436.15,-2.13407,-1.0316129
O=C(O)c1ccc(C(=O)O)cc1,O,449.15,-1.99651,-1.0316129
O=C(O)c1ccc(C(=O)O)cc1,O,453.15,-1.89905,-1.0316129
O=C(O)c1ccc(C(=O)O)cc1,O,453.15,-1.89905,-1.0316129
O=C(O)c1ccc(C(=O)O)cc1,O,463.15,-1.78176,-1.0316129
O=C(O)c1ccc(C(=O)O)cc1,O,463.15,-1.78176,-1.0316129
O=C(O)c1ccc(C(=O)O)cc1,O,483.15,-1.68281,-1.0316129
O=C(O)c1cccc(C(=O)O)c1,CC(=O)O,298.0,-1.8395,-0.66395235
O=C(O)c1cccc(C(=O)O)c1,CC(=O)O,423.0,-0.6357,-0.12266934
O=C(O)c1cccc(C(=O)O)c1,CC(=O)O,473.0,-0.16633,-0.12266934
O=C(O)c1cccc(C(=O)O)c1,CC(=O)O,523.0,0.29276,-0.12266934
O=C(O)c1cccc(C(=O)O)c1,CC(=O)O,292.55,-1.97508,-0.7190937
O=C(O)c1cccc(C(=O)O)c1,CC(=O)O,301.85,-1.87183,-0.6250379
O=C(O)c1cccc(C(=O)O)c1,CC(=O)O,311.55,-1.75513,-0.52578783
O=C(O)c1cccc(C(=O)O)c1,CC(=O)O,321.55,-1.6481,-0.42436618
O=C(O)c1cccc(C(=O)O)c1,CC(=O)O,331.35,-1.5315,-0.32272908
O=C(O)c1cccc(C(=O)O)c1,CC(=O)O,342.5,-1.39707,-0.2103711
O=C(O)c1cccc(C(=O)O)c1,CC(=O)O,352.5,-1.28798,-0.12266934
O=C(O)c1cccc(C(=O)O)c1,CC(=O)O,362.05,-1.17947,-0.12266934
O=C(O)c1cccc(C(=O)O)c1,CC(=O)O,372.1,-1.07895,-0.12266934
O=C(O)c1cccc(C(=O)O)c1,CC(=O)O,300.55,-1.85654,-0.63826704
O=C(O)c1cccc(C(=O)O)c1,CC(=O)O,316.55,-1.68812,-0.4753182
O=C(O)c1cccc(C(=O)O)c1,CC(=O)O,330.25,-1.53873,-0.3339385
O=C(O)c1cccc(C(=O)O)c1,CC(=O)O,338.0,-1.454,-0.25492924
O=C(O)c1cccc(C(=O)O)c1,CC(=O)O,347.85,-1.33087,-0.15749086
O=C(O)c1cccc(C(=O)O)c1,CC(=O)O,355.35,-1.20696,-0.12266934
O=C(O)c1cccc(C(=O)O)c1,CC(=O)O,364.03,-1.11399,-0.12266934
O=C(O)c1cccc(C(=O)O)c1,CC(=O)O,370.13,-1.06878,-0.12266934
O=C(O)c1cccc(C(=O)O)c1,CC(=O)O,373.2,-0.98852,-0.12266934
O=C(O)c1cccc(C(=O)O)c1,CC(=O)O,373.2,-0.98852,-0.12266934
O=C(O)c1cccc(C(=O)O)c1,CC(=O)O,383.2,-0.90616,-0.12266934
O=C(O)c1cccc(C(=O)O)c1,CC(=O)O,383.2,-0.90616,-0.12266934
O=C(O)c1cccc(C(=O)O)c1,CC(=O)O,393.2,-0.80486,-0.12266934
O=C(O)c1cccc(C(=O)O)c1,CC(=O)O,393.2,-0.80486,-0.12266934
O=C(O)c1cccc(C(=O)O)c1,CC(=O)O,403.2,-0.68598,-0.12266934
O=C(O)c1cccc(C(=O)O)c1,CC(=O)O,403.2,-0.68598,-0.12266934
O=C(O)c1cccc(C(=O)O)c1,CC(=O)O,413.2,-0.58609,-0.12266934
O=C(O)c1cccc(C(=O)O)c1,CC(=O)O,413.2,-0.58609,-0.12266934
O=C(O)c1cccc(C(=O)O)c1,CC(=O)O,423.2,-0.48468,-0.12266934
O=C(O)c1cccc(C(=O)O)c1,CC(=O)O,423.2,-0.48468,-0.12266934
O=C(O)c1cccc(C(=O)O)c1,CC(=O)O,433.2,-0.39411,-0.12266934
O=C(O)c1cccc(C(=O)O)c1,CC(=O)O,433.2,-0.39411,-0.12266934
O=C(O)c1cccc(C(=O)O)c1,CC(=O)O,443.2,-0.29545,-0.12266934
O=C(O)c1cccc(C(=O)O)c1,CC(=O)O,443.2,-0.29545,-0.12266934
O=C(O)c1cccc(C(=O)O)c1,CC(=O)O,453.2,-0.19324,-0.12266934
O=C(O)c1cccc(C(=O)O)c1,CC(=O)O,453.2,-0.19324,-0.12266934
O=C(O)c1cccc(C(=O)O)c1,CC(=O)O,463.2,-0.1124,-0.12266934
O=C(O)c1cccc(C(=O)O)c1,CC(=O)O,473.2,-0.02785,-0.12266934
O=C(O)c1cccc(C(=O)O)c1,CC(=O)O,373.2,-1.00374,-0.12266934
O=C(O)c1cccc(C(=O)O)c1,CC(=O)O,373.2,-1.00374,-0.12266934
O=C(O)c1cccc(C(=O)O)c1,CC(=O)O,383.2,-0.96592,-0.12266934
O=C(O)c1cccc(C(=O)O)c1,CC(=O)O,383.2,-0.96592,-0.12266934
O=C(O)c1cccc(C(=O)O)c1,CC(=O)O,393.2,-0.94036,-0.12266934
O=C(O)c1cccc(C(=O)O)c1,CC(=O)O,393.2,-0.94036,-0.12266934
O=C(O)c1cccc(C(=O)O)c1,CC(=O)O,403.2,-0.76105,-0.12266934
O=C(O)c1cccc(C(=O)O)c1,CC(=O)O,403.2,-0.76105,-0.12266934
O=C(O)c1cccc(C(=O)O)c1,CC(=O)O,413.2,-0.74965,-0.12266934
O=C(O)c1cccc(C(=O)O)c1,CC(=O)O,413.2,-0.74965,-0.12266934
O=C(O)c1cccc(C(=O)O)c1,CC(=O)O,423.2,-0.62592,-0.12266934
O=C(O)c1cccc(C(=O)O)c1,CC(=O)O,423.2,-0.62592,-0.12266934
O=C(O)c1cccc(C(=O)O)c1,CC(=O)O,433.2,-0.5264,-0.12266934
O=C(O)c1cccc(C(=O)O)c1,CC(=O)O,433.2,-0.5264,-0.12266934
O=C(O)c1cccc(C(=O)O)c1,CC(=O)O,443.2,-0.45557,-0.12266934
O=C(O)c1cccc(C(=O)O)c1,CC(=O)O,443.2,-0.45557,-0.12266934
O=C(O)c1cccc(C(=O)O)c1,CC(=O)O,453.2,-0.38641,-0.12266934
O=C(O)c1cccc(C(=O)O)c1,CC(=O)O,453.2,-0.38641,-0.12266934
O=C(O)c1cccc(C(=O)O)c1,CC(=O)O,313.2,-1.69329,-0.5089959
O=C(O)c1cccc(C(=O)O)c1,CC(=O)O,323.2,-1.61325,-0.4071694
O=C(O)c1cccc(C(=O)O)c1,CC(=O)O,333.2,-1.50806,-0.30372465
O=C(O)c1cccc(C(=O)O)c1,CC(=O)O,343.2,-1.3733,-0.20341463
O=C(O)c1cccc(C(=O)O)c1,CC(=O)O,353.2,-1.28718,-0.12266934
O=C(O)c1cccc(C(=O)O)c1,CC(=O)O,363.2,-1.16385,-0.12266934
O=C(O)c1cccc(C(=O)O)c1,CN(C)C=O,295.85,0.36532,0.47950655
O=C(O)c1cccc(C(=O)O)c1,CN(C)C=O,299.65,0.36538,0.5067086
O=C(O)c1cccc(C(=O)O)c1,CN(C)C=O,303.55,0.3654,0.53395593
O=C(O)c1cccc(C(=O)O)c1,CN(C)C=O,309.65,0.36631,0.57550025
O=C(O)c1cccc(C(=O)O)c1,CN(C)C=O,313.35,0.3669,0.5995171
O=C(O)c1cccc(C(=O)O)c1,CN(C)C=O,317.25,0.36782,0.6248157
O=C(O)c1cccc(C(=O)O)c1,CN(C)C=O,322.55,0.3693,0.65897053
O=C(O)c1cccc(C(=O)O)c1,CN(C)C=O,329.15,0.37125,0.7006182
O=C(O)c1cccc(C(=O)O)c1,CN(C)C=O,332.55,0.3726,0.7210326
O=C(O)c1cccc(C(=O)O)c1,CN(C)C=O,337.15,0.37462,0.748469
O=C(O)c1cccc(C(=O)O)c1,CN(C)C=O,341.35,0.37696,0.7729302
O=C(O)c1cccc(C(=O)O)c1,CN(C)C=O,345.75,0.37998,0.79721314
O=C(O)c1cccc(C(=O)O)c1,CN(C)C=O,349.75,0.38257,0.818135
O=C(O)c1cccc(C(=O)O)c1,CN(C)C=O,351.95,0.38362,0.82629794
O=C(O)c1cccc(C(=O)O)c1,CN(C)C=O,354.55,0.3857,0.82629794
O=C(O)c1cccc(C(=O)O)c1,CN(C)C=O,357.95,0.38868,0.82629794
O=C(O)c1cccc(C(=O)O)c1,CN(C)C=O,362.75,0.39264,0.82629794
O=C(O)c1cccc(C(=O)O)c1,CN(C)C=O,365.05,0.39476,0.82629794
O=C(O)c1cccc(C(=O)O)c1,CN(C)C=O,370.25,0.40001,0.82629794
O=C(O)c1cccc(C(=O)O)c1,CO,298.15,-1.02135,0.40821332
O=C(O)c1cccc(C(=O)O)c1,CO,298.15,-1.02135,0.40821332
O=C(O)c1cccc(C(=O)O)c1,CO,298.0,-1.29615,0.4069202
O=C(O)c1cccc(C(=O)O)c1,CO,423.0,-0.50287,0.76814204
O=C(O)c1cccc(C(=O)O)c1,O,298.0,-3.14201,-0.36812156
O=C(O)c1cccc(C(=O)O)c1,O,423.0,-0.81536,0.12823437
O=C(O)c1cccc(C(=O)O)c1,O,473.0,0.11549,0.12823437
O=C(O)c1cccc(C(=O)O)c1,O,301.45,-2.96423,-0.3336897
O=C(O)c1cccc(C(=O)O)c1,O,314.15,-2.78495,-0.20848419
O=C(O)c1cccc(C(=O)O)c1,O,325.15,-2.60387,-0.10239102
O=C(O)c1cccc(C(=O)O)c1,O,338.15,-2.40664,0.014405787
O=C(O)c1cccc(C(=O)O)c1,O,338.15,-2.40664,0.014405787
O=C(O)c1cccc(C(=O)O)c1,O,349.65,-2.21746,0.11385399
O=C(O)c1cccc(C(=O)O)c1,O,356.65,-2.09848,0.12823437
O=C(O)c1cccc(C(=O)O)c1,O,359.63,-2.04342,0.12823437
O=C(O)c1cccc(C(=O)O)c1,O,366.58,-1.90863,0.12823437
O=C(O)c1cccc(C(=O)O)c1,O,300.15,-2.96787,-0.34660462
O=C(O)c1cccc(C(=O)O)c1,O,308.55,-2.89265,-0.2637248
O=C(O)c1cccc(C(=O)O)c1,O,318.15,-2.75302,-0.16910289
O=C(O)c1cccc(C(=O)O)c1,O,328.25,-2.5728,-0.07396671
O=C(O)c1cccc(C(=O)O)c1,O,338.15,-2.4067,0.014405787
O=C(O)c1cccc(C(=O)O)c1,O,338.15,-2.4067,0.014405787
O=C(O)c1cccc(C(=O)O)c1,O,348.25,-2.24767,0.10234493
O=C(O)c1cccc(C(=O)O)c1,O,358.05,-2.05533,0.12823437
O=C(O)c1cccc(C(=O)O)c1,O,368.15,-1.87737,0.12823437
O=C(O)c1cccc(C(=O)O)c1,O,381.15,-1.515,0.12823437
O=C(O)c1cccc(C(=O)O)c1,O,393.15,-1.31485,0.12823437
O=C(O)c1cccc(C(=O)O)c1,O,408.15,-1.09668,0.12823437
O=C(O)c1cccc(C(=O)O)c1,O,423.15,-0.86379,0.12823437
O=C(O)c1cccc(C(=O)O)c1,O,438.15,-0.66321,0.12823437
O=C(O)c1cccc(C(=O)O)c1,O,453.15,-0.51157,0.12823437
O=C(O)c1cccc(C(=O)O)c1,O,373.2,-1.52309,0.12823437
O=C(O)c1cccc(C(=O)O)c1,O,373.2,-1.52309,0.12823437
O=C(O)c1cccc(C(=O)O)c1,O,383.2,-1.38387,0.12823437
O=C(O)c1cccc(C(=O)O)c1,O,383.2,-1.38387,0.12823437
O=C(O)c1cccc(C(=O)O)c1,O,393.2,-1.24651,0.12823437
O=C(O)c1cccc(C(=O)O)c1,O,393.2,-1.24651,0.12823437
O=C(O)c1cccc(C(=O)O)c1,O,403.2,-1.08142,0.12823437
O=C(O)c1cccc(C(=O)O)c1,O,403.2,-1.08142,0.12823437
O=C(O)c1cccc(C(=O)O)c1,O,413.2,-0.98207,0.12823437
O=C(O)c1cccc(C(=O)O)c1,O,413.2,-0.98207,0.12823437
O=C(O)c1cccc(C(=O)O)c1,O,423.2,-0.79871,0.12823437
O=C(O)c1cccc(C(=O)O)c1,O,423.2,-0.79871,0.12823437
O=C(O)c1cccc(C(=O)O)c1,O,433.2,-0.6758,0.12823437
O=C(O)c1cccc(C(=O)O)c1,O,433.2,-0.6758,0.12823437
O=C(O)c1cccc(C(=O)O)c1,O,443.2,-0.51392,0.12823437
O=C(O)c1cccc(C(=O)O)c1,O,443.2,-0.51392,0.12823437
O=C(O)c1cccc(C(=O)O)c1,O,453.2,-0.37017,0.12823437
O=C(O)c1cccc(C(=O)O)c1,O,453.2,-0.37017,0.12823437
O=C(O)c1cccc(C(=O)O)c1,O,463.2,-0.2301,0.12823437
O=C(O)c1cccc(C(=O)O)c1,O,463.2,-0.2301,0.12823437
O=C(O)c1cccc(C(=O)O)c1,O,473.2,-0.11312,0.12823437
O=C(O)c1cccc(C(=O)O)c1,O,373.2,-1.72651,0.12823437
O=C(O)c1cccc(C(=O)O)c1,O,373.2,-1.72651,0.12823437
O=C(O)c1cccc(C(=O)O)c1,O,383.2,-1.56381,0.12823437
O=C(O)c1cccc(C(=O)O)c1,O,383.2,-1.56381,0.12823437
O=C(O)c1cccc(C(=O)O)c1,O,393.2,-1.37042,0.12823437
O=C(O)c1cccc(C(=O)O)c1,O,393.2,-1.37042,0.12823437
O=C(O)c1cccc(C(=O)O)c1,O,403.2,-1.19042,0.12823437
O=C(O)c1cccc(C(=O)O)c1,O,403.2,-1.19042,0.12823437
O=C(O)c1cccc(C(=O)O)c1,O,413.2,-1.06269,0.12823437
O=C(O)c1cccc(C(=O)O)c1,O,413.2,-1.06269,0.12823437
O=C(O)c1cccc(C(=O)O)c1,O,423.2,-0.84401,0.12823437
O=C(O)c1cccc(C(=O)O)c1,O,423.2,-0.84401,0.12823437
O=C(O)c1cccc(C(=O)O)c1,O,433.2,-0.74739,0.12823437
O=C(O)c1cccc(C(=O)O)c1,O,433.2,-0.74739,0.12823437
O=C(O)c1cccc(C(=O)O)c1,O,443.2,-0.57951,0.12823437
O=C(O)c1cccc(C(=O)O)c1,O,443.2,-0.57951,0.12823437
O=C(O)c1cccc(C(=O)O)c1,O,453.2,-0.43089,0.12823437
O=C(O)c1cccc(C(=O)O)c1,O,453.2,-0.43089,0.12823437
O=C(O)c1cccc(C(=O)O)c1,O,463.2,-0.32585,0.12823437
O=C(O)c1cccc(C(=O)O)c1,O,463.2,-0.32585,0.12823437
O=C(O)c1ccccc1C(=O)O,O,298.15,-1.37988,-1.4396441
O=C(O)c1ccccc1C(=O)O,O,308.15,-1.22975,-1.3049403
O=C(O)c1ccccc1C(=O)O,O,318.15,-1.07877,-1.1771154
O=C(O)c1ccccc1C(=O)O,O,328.15,-0.9047,-1.0532252
O=C(O)c1ccccc1C(=O)O,O,338.15,-0.72274,-0.9352578
O=C(O)c1ccccc1C(=O)O,O,348.15,-0.54452,-0.82118404
O=C(O)c1ccccc1C(=O)O,O,358.15,-0.35344,-0.78438395
O=C(O)c1ccccc1C(=O)O,O,368.15,-0.17375,-0.78438395
O=C(O)c1ccccc1C(=O)O,O,378.15,0.12245,-0.78438395
O=C(O)c1ccccc1C(=O)O,O,403.15,0.77804,-0.78438395
O=C(O)c1ccccc1C(=O)O,O,428.15,1.08833,-0.78438395
Cc1ccc(C(=O)O)cc1,O,443.15,0.40472,0.39566457
Cc1ccc(C(=O)O)cc1,O,433.15,0.31555,0.39566457
Cc1ccc(C(=O)O)cc1,O,423.15,-0.16235,0.39566457
Cc1ccc(C(=O)O)cc1,O,413.15,-0.23857,0.39566457
Cc1ccc(C(=O)O)cc1,O,403.15,-0.43313,0.39566457
Cc1ccc(C(=O)O)cc1,O,393.15,-0.62617,0.39566457
Cc1ccc(C(=O)O)cc1,O,383.15,-0.83884,0.39566457
Cc1ccc(C(=O)O)cc1,O,373.15,-1.01113,0.39566457
Cc1ccc(C(=O)O)cc1,O,363.15,-1.41959,0.39566457
Cc1ccc(C(=O)O)cc1,O,353.15,-1.56017,0.39566457
Cc1ccc(C(=O)O)cc1,O,343.15,-1.70885,0.30619746
Cc1ccc(C(=O)O)cc1,O,333.15,-1.98425,0.19533081
Cc1ccc(C(=O)O)cc1,O,323.15,-2.11457,0.08210945
Cc1ccc(C(=O)O)cc1,O,313.15,-2.25888,-0.034396574
Cc1ccc(C(=O)O)cc1,O,303.15,-2.47924,-0.15382026
Cc1ccc(C(=O)O)cc1,O,298.15,-2.55755,-0.21592344
Cc1cccc(C(=O)O)c1,CC(=O)O,313.2,0.66937,0.19082145
Cc1cccc(C(=O)O)c1,CC(=O)O,323.2,0.77426,0.31705642
Cc1cccc(C(=O)O)c1,CC(=O)O,333.2,0.95287,0.44141525
Cc1cccc(C(=O)O)c1,CC(=O)O,343.2,1.0722,0.5626663
Cc1cccc(C(=O)O)c1,CC(=O)O,353.2,1.27138,0.66434187
Cc1cccc(C(=O)O)c1,CC(=O)O,363.2,1.60544,0.66434187
Cc1cccc(C(=O)O)c1,CC(=O)O,373.2,1.82578,0.66434187
Cc1cccc(C(=O)O)c1,CC(=O)O,383.2,2.01435,0.66434187
Cc1cccc(C(=O)O)c1,O,313.2,-1.92844,0.19975081
Cc1cccc(C(=O)O)c1,O,321.2,-1.6244,0.3060971
Cc1cccc(C(=O)O)c1,O,333.2,-1.43012,0.4592108
Cc1cccc(C(=O)O)c1,O,343.2,-1.14091,0.583001
Cc1cccc(C(=O)O)c1,O,353.2,-0.89744,0.68416476
Cc1cccc(C(=O)O)c1,O,363.2,-0.77567,0.68416476
Cc1cccc(C(=O)O)c1,O,373.2,-0.56133,0.68416476
Cc1cccc(C(=O)O)c1,O,383.2,-0.55893,0.68416476
COC(=O)c1ccc(O)cc1,O,278.15,-2.28458,-0.46321923
COC(=O)c1ccc(O)cc1,O,283.15,-2.15763,-0.36159617
COC(=O)c1ccc(O)cc1,O,288.15,-2.03054,-0.2623189
COC(=O)c1ccc(O)cc1,O,293.15,-1.88366,-0.16507457
COC(=O)c1ccc(O)cc1,O,298.15,-1.80157,-0.072046086
COC(=O)c1ccc(O)cc1,O,298.0,-1.85849,-0.07481162
COC(=O)c1ccc(O)cc1,O,373.0,-1.12745,0.8093123
CC(=O)Nc1ccc(O)cc1,O,303.0,-0.94066,-1.1670104
CC(=O)Nc1ccc(O)cc1,O,303.0,-0.94066,-1.1670104
CC(=O)Nc1ccc(O)cc1,O,303.0,-0.94066,-1.1670104
CC(=O)Nc1ccc(O)cc1,O,298.0,-1.00698,-1.249991
CC(=O)Nc1ccc(O)cc1,O,298.0,-1.00698,-1.249991
CC(=O)Nc1ccc(O)cc1,O,298.0,-1.00698,-1.249991
CC(=O)Nc1ccc(O)cc1,O,293.0,-1.07332,-1.3339701
CC(=O)Nc1ccc(O)cc1,O,293.0,-1.07332,-1.3339701
CC(=O)Nc1ccc(O)cc1,O,293.0,-1.07332,-1.3339701
CC(=O)Nc1ccc(O)cc1,O,273.0,-1.315,-1.6812387
CC(=O)Nc1ccc(O)cc1,O,273.0,-1.315,-1.6812387
CC(=O)Nc1ccc(O)cc1,O,283.0,-1.20405,-1.5065105
CC(=O)Nc1ccc(O)cc1,O,283.0,-1.20405,-1.5065105
CC(=O)Nc1ccc(O)cc1,O,288.0,-1.13666,-1.419136
CC(=O)Nc1ccc(O)cc1,O,288.0,-1.13666,-1.419136
CC(=O)Nc1ccc(O)cc1,O,278.0,-1.26202,-1.5934627
CC(=O)Nc1ccc(O)cc1,O,278.0,-1.26202,-1.5934627
CC(=O)Nc1ccc(O)cc1,O,303.15,-0.94075,-1.1645467
CC(=O)Nc1ccc(O)cc1,O,303.15,-0.94075,-1.1645467
CC(=O)Nc1ccc(O)cc1,O,298.15,-1.00698,-1.2474784
CC(=O)Nc1ccc(O)cc1,O,298.15,-1.00698,-1.2474784
CC(=O)Nc1ccc(O)cc1,O,293.15,-1.07341,-1.3314517
CC(=O)Nc1ccc(O)cc1,O,293.15,-1.07341,-1.3314517
CC(=O)Nc1ccc(O)cc1,O,273.15,-1.3209,-1.678605
CC(=O)Nc1ccc(O)cc1,O,273.15,-1.3209,-1.678605
CC(=O)Nc1ccc(O)cc1,O,283.15,-1.2043,-1.5039027
CC(=O)Nc1ccc(O)cc1,O,283.15,-1.2043,-1.5039027
CC(=O)Nc1ccc(O)cc1,O,289.15,-1.1237,-1.3992645
CC(=O)Nc1ccc(O)cc1,O,289.15,-1.1237,-1.3992645
CC(=O)Nc1ccc(O)cc1,O,288.15,-1.13675,-1.4165318
CC(=O)Nc1ccc(O)cc1,O,288.15,-1.13675,-1.4165318
CC(=O)Nc1ccc(O)cc1,O,278.15,-1.26192,-1.5908538
CC(=O)Nc1ccc(O)cc1,O,278.15,-1.26192,-1.5908538
CC(=O)Nc1ccc(O)cc1,O,296.15,-1.03356,-1.2811054
CC(=O)Nc1ccc(O)cc1,O,296.15,-1.03356,-1.2811054
CC(=O)Nc1ccc(O)cc1,O,293.0,-1.07371,-1.3339701
CC(=O)Nc1ccc(O)cc1,O,293.0,-1.07371,-1.3339701
CC(=O)Nc1ccc(O)cc1,O,293.0,-1.07371,-1.3339701
CC(=O)Nc1ccc(O)cc1,O,298.0,-1.0078,-1.249991
CC(=O)Nc1ccc(O)cc1,O,298.0,-1.0078,-1.249991
CC(=O)Nc1ccc(O)cc1,O,298.0,-1.0078,-1.249991
CC(=O)Nc1ccc(O)cc1,O,303.0,-0.94256,-1.1670104
CC(=O)Nc1ccc(O)cc1,O,303.0,-0.94256,-1.1670104
CC(=O)Nc1ccc(O)cc1,O,303.0,-0.94256,-1.1670104
CC(=O)Nc1ccc(O)cc1,O,373.0,-0.25856,-0.44975775
CC(=O)Nc1ccc(O)cc1,O,383.0,-0.23948,-0.44975775
CC(=O)Nc1ccc(O)cc1,O,393.0,-0.22538,-0.44975775
CC(=O)Nc1ccc(O)cc1,O,403.0,-0.11673,-0.44975775
CCOC(=O)c1ccc(O)cc1,O,278.15,-2.83432,-0.3868118
CCOC(=O)c1ccc(O)cc1,O,283.15,-2.69452,-0.28839806
CCOC(=O)c1ccc(O)cc1,O,288.15,-2.53314,-0.19223383
CCOC(=O)c1ccc(O)cc1,O,293.15,-2.38005,-0.09771681
CCOC(=O)c1ccc(O)cc1,O,298.15,-2.26973,-0.005127579
CCOC(=O)c1ccc(O)cc1,O,303.15,-2.18036,0.086061195
CCOC(=O)c1ccc(O)cc1,O,308.15,-2.09586,0.17479748
CCOC(=O)c1ccc(O)cc1,O,313.15,-2.02994,0.26094103
CCOC(=O)c1ccc(O)cc1,O,318.15,-1.97818,0.34409398
CCOC(=O)c1ccc(O)cc1,O,298.0,-2.38728,-0.007895067
CCOC(=O)c1ccc(O)cc1,O,373.0,-1.40463,0.8496626
CCNc1nc(Cl)nc(NC(C)(C)C#N)n1,O,283.15,-3.32358,-1.5522137
CCNc1nc(Cl)nc(NC(C)(C)C#N)n1,O,293.15,-3.22581,-1.3940687
CCNc1nc(Cl)nc(NC(C)(C)C#N)n1,O,303.15,-3.1058,-1.2449653
CCNc1nc(Cl)nc(NC(C)(C)C#N)n1,O,323.0,-2.91797,-0.9482901
CCNc1nc(Cl)nc(NC(C)(C)C#N)n1,O,348.0,-2.40265,-0.59586865
CCNc1nc(Cl)nc(NC(C)(C)C#N)n1,O,373.0,-1.94262,-0.5489217
O=S1OC[C@@H]2[C@H](CO1)[C@]1(Cl)C(Cl)=C(Cl)[C@@]2(Cl)C1(Cl)Cl,O,298.0,-7.82518,-1.210758
O=S1OC[C@@H]2[C@H](CO1)[C@]1(Cl)C(Cl)=C(Cl)[C@@]2(Cl)C1(Cl)Cl,O,323.0,-7.21939,-0.89164966
O=S1OC[C@@H]2[C@H](CO1)[C@]1(Cl)C(Cl)=C(Cl)[C@@]2(Cl)C1(Cl)Cl,O,373.0,-5.79706,-0.53935456
CC(=O)c1ccc(C(=O)O)cc1,CC(C)(C)c1ccccc1,453.15,-0.1538,-0.3528196
CC(=O)c1ccc(C(=O)O)cc1,CC(C)(C)c1ccccc1,443.15,-0.27798,-0.3528196
CC(=O)c1ccc(C(=O)O)cc1,CC(C)(C)c1ccccc1,433.15,-0.39309,-0.3528196
CC(=O)c1ccc(C(=O)O)cc1,CC(C)(C)c1ccccc1,423.15,-0.51038,-0.3528196
CC(=O)c1ccc(C(=O)O)cc1,CC(C)(C)c1ccccc1,413.15,-0.62483,-0.3528196
CC(=O)c1ccc(C(=O)O)cc1,CC(C)(C)c1ccccc1,403.15,-0.73474,-0.3528196
CC(=O)c1ccc(C(=O)O)cc1,CC(C)(C)c1ccccc1,393.15,-0.8461,-0.3528196
CC(=O)c1ccc(C(=O)O)cc1,CC(C)(C)c1ccccc1,383.15,-0.96106,-0.3528196
CC(=O)c1ccc(C(=O)O)cc1,CC(C)(C)c1ccccc1,373.15,-1.07762,-0.3528196
CC(=O)c1ccc(C(=O)O)cc1,CC(C)(C)c1ccccc1,363.15,-1.18908,-0.3528196
CC(=O)c1ccc(C(=O)O)cc1,CC(C)(C)c1ccccc1,353.15,-1.29992,-0.3528196
CC(=O)c1ccc(C(=O)O)cc1,CC(C)(C)c1ccccc1,343.15,-1.41781,-0.47749525
CC(=O)c1ccc(C(=O)O)cc1,CC(C)(C)c1ccccc1,333.15,-1.52988,-0.63532376
CC(=O)c1ccc(C(=O)O)cc1,CC(C)(C)c1ccccc1,323.15,-1.6487,-0.80209124
CC(=O)c1ccc(C(=O)O)cc1,CC(C)(C)c1ccccc1,313.15,-1.76408,-0.9745275
CC(=O)c1ccc(C(=O)O)cc1,CC(C)(C)c1ccccc1,303.15,-1.88025,-1.1543512
CC(=O)c1ccc(C(=O)O)cc1,Cc1ccc(C(C)C)cc1,453.15,-0.1317,-0.12913062
CC(=O)c1ccc(C(=O)O)cc1,Cc1ccc(C(C)C)cc1,443.15,-0.25839,-0.12913062
CC(=O)c1ccc(C(=O)O)cc1,Cc1ccc(C(C)C)cc1,433.15,-0.38088,-0.12913062
CC(=O)c1ccc(C(=O)O)cc1,Cc1ccc(C(C)C)cc1,423.15,-0.49675,-0.12913062
CC(=O)c1ccc(C(=O)O)cc1,Cc1ccc(C(C)C)cc1,413.15,-0.61704,-0.12913062
CC(=O)c1ccc(C(=O)O)cc1,Cc1ccc(C(C)C)cc1,403.15,-0.73466,-0.12913062
CC(=O)c1ccc(C(=O)O)cc1,Cc1ccc(C(C)C)cc1,393.15,-0.84603,-0.12913062
CC(=O)c1ccc(C(=O)O)cc1,Cc1ccc(C(C)C)cc1,383.15,-0.96518,-0.12913062
CC(=O)c1ccc(C(=O)O)cc1,Cc1ccc(C(C)C)cc1,373.15,-1.0774,-0.12913062
CC(=O)c1ccc(C(=O)O)cc1,Cc1ccc(C(C)C)cc1,363.15,-1.19947,-0.12913062
CC(=O)c1ccc(C(=O)O)cc1,Cc1ccc(C(C)C)cc1,353.15,-1.31244,-0.12913062
CC(=O)c1ccc(C(=O)O)cc1,Cc1ccc(C(C)C)cc1,343.15,-1.43551,-0.23109034
CC(=O)c1ccc(C(=O)O)cc1,Cc1ccc(C(C)C)cc1,333.15,-1.55511,-0.35653627
CC(=O)c1ccc(C(=O)O)cc1,Cc1ccc(C(C)C)cc1,323.15,-1.66783,-0.48874927
CC(=O)c1ccc(C(=O)O)cc1,Cc1ccc(C(C)C)cc1,313.15,-1.78626,-0.62839943
CC(=O)c1ccc(C(=O)O)cc1,Cc1ccc(C(C)C)cc1,303.15,-1.89897,-0.7723831
CC(=O)c1ccc(C(=O)O)cc1,CC(=O)O,453.15,-0.0566,0.13230805
CC(=O)c1ccc(C(=O)O)cc1,CC(=O)O,443.15,-0.14519,0.13230805
CC(=O)c1ccc(C(=O)O)cc1,CC(=O)O,433.15,-0.23807,0.13230805
CC(=O)c1ccc(C(=O)O)cc1,CC(=O)O,423.15,-0.33005,0.13230805
CC(=O)c1ccc(C(=O)O)cc1,CC(=O)O,413.15,-0.42047,0.13230805
CC(=O)c1ccc(C(=O)O)cc1,CC(=O)O,403.15,-0.51546,0.13230805
CC(=O)c1ccc(C(=O)O)cc1,CC(=O)O,393.15,-0.60663,0.13230805
CC(=O)c1ccc(C(=O)O)cc1,CC(=O)O,383.15,-0.69931,0.13230805
CC(=O)c1ccc(C(=O)O)cc1,CC(=O)O,373.15,-0.79048,0.13230805
CC(=O)c1ccc(C(=O)O)cc1,CC(=O)O,363.15,-0.88129,0.13230805
CC(=O)c1ccc(C(=O)O)cc1,CC(=O)O,353.15,-0.97476,0.13230805
CC(=O)c1ccc(C(=O)O)cc1,CC(=O)O,343.15,-1.06685,0.039329827
CC(=O)c1ccc(C(=O)O)cc1,CC(=O)O,333.15,-1.1552,-0.07901041
CC(=O)c1ccc(C(=O)O)cc1,CC(=O)O,323.15,-1.24867,-0.20139351
CC(=O)c1ccc(C(=O)O)cc1,CC(=O)O,313.15,-1.33458,-0.33078724
CC(=O)c1ccc(C(=O)O)cc1,CC(=O)O,303.15,-1.42238,-0.464019
CC(=O)c1ccc(C(=O)O)cc1,O,473.15,-0.28696,-0.24034111
CC(=O)c1ccc(C(=O)O)cc1,O,473.15,-0.28696,-0.24034111
CC(=O)c1ccc(C(=O)O)cc1,O,463.15,-0.39236,-0.24034111
CC(=O)c1ccc(C(=O)O)cc1,O,463.15,-0.39236,-0.24034111
CC(=O)c1ccc(C(=O)O)cc1,O,453.15,-0.49237,-0.24034111
CC(=O)c1ccc(C(=O)O)cc1,O,453.15,-0.49237,-0.24034111
CC(=O)c1ccc(C(=O)O)cc1,O,443.15,-0.60058,-0.24034111
CC(=O)c1ccc(C(=O)O)cc1,O,443.15,-0.60058,-0.24034111
CC(=O)c1ccc(C(=O)O)cc1,O,433.15,-0.70292,-0.24034111
CC(=O)c1ccc(C(=O)O)cc1,O,433.15,-0.70292,-0.24034111
CC(=O)c1ccc(C(=O)O)cc1,O,423.15,-0.80731,-0.24034111
CC(=O)c1ccc(C(=O)O)cc1,O,423.15,-0.80731,-0.24034111
CC(=O)c1ccc(C(=O)O)cc1,O,413.15,-0.91573,-0.24034111
CC(=O)c1ccc(C(=O)O)cc1,O,413.15,-0.91573,-0.24034111
CC(=O)c1ccc(C(=O)O)cc1,O,403.15,-1.03667,-0.24034111
CC(=O)c1ccc(C(=O)O)cc1,O,403.15,-1.03667,-0.24034111
CC(=O)c1ccc(C(=O)O)cc1,O,393.15,-1.14141,-0.24034111
CC(=O)c1ccc(C(=O)O)cc1,O,393.15,-1.14141,-0.24034111
CC(=O)c1ccc(C(=O)O)cc1,O,383.15,-1.24403,-0.24034111
CC(=O)c1ccc(C(=O)O)cc1,O,383.15,-1.24403,-0.24034111
CC(=O)c1ccc(C(=O)O)cc1,O,373.15,-1.36319,-0.24034111
CC(=O)c1ccc(C(=O)O)cc1,O,373.15,-1.36319,-0.24034111
CC(=O)c1ccc(C(=O)O)cc1,O,363.15,-1.46729,-0.24034111
CC(=O)c1ccc(C(=O)O)cc1,O,363.15,-1.46729,-0.24034111
CC(=O)c1ccc(C(=O)O)cc1,O,353.15,-1.58933,-0.24034111
CC(=O)c1ccc(C(=O)O)cc1,O,353.15,-1.58933,-0.24034111
CC(=O)c1ccc(C(=O)O)cc1,O,343.15,-1.70191,-0.34829253
CC(=O)c1ccc(C(=O)O)cc1,O,343.15,-1.70191,-0.34829253
CC(=O)c1ccc(C(=O)O)cc1,O,333.15,-1.82379,-0.48283166
CC(=O)c1ccc(C(=O)O)cc1,O,333.15,-1.82379,-0.48283166
CC(=O)c1ccc(C(=O)O)cc1,O,323.15,-1.92843,-0.62143034
CC(=O)c1ccc(C(=O)O)cc1,O,323.15,-1.92843,-0.62143034
CC(=O)c1ccc(C(=O)O)cc1,O,313.15,-2.05365,-0.76360357
CC(=O)c1ccc(C(=O)O)cc1,O,313.15,-2.05365,-0.76360357
CC(=O)c1ccc(C(=O)O)cc1,O,303.15,-2.16887,-0.90913486
CC(=O)c1ccc(C(=O)O)cc1,O,303.15,-2.16887,-0.90913486
CC(=O)c1ccc(C(=O)O)cc1,O,473.15,-0.29976,-0.24034111
CC(=O)c1ccc(C(=O)O)cc1,O,473.15,-0.29976,-0.24034111
CC(=O)c1ccc(C(=O)O)cc1,O,463.15,-0.39297,-0.24034111
CC(=O)c1ccc(C(=O)O)cc1,O,463.15,-0.39297,-0.24034111
CC(=O)c1ccc(C(=O)O)cc1,O,453.15,-0.50921,-0.24034111
CC(=O)c1ccc(C(=O)O)cc1,O,453.15,-0.50921,-0.24034111
CC(=O)c1ccc(C(=O)O)cc1,O,443.15,-0.64283,-0.24034111
CC(=O)c1ccc(C(=O)O)cc1,O,443.15,-0.64283,-0.24034111
CC(=O)c1ccc(C(=O)O)cc1,O,433.15,-0.69298,-0.24034111
CC(=O)c1ccc(C(=O)O)cc1,O,433.15,-0.69298,-0.24034111
CC(=O)c1ccc(C(=O)O)cc1,O,423.15,-0.80804,-0.24034111
CC(=O)c1ccc(C(=O)O)cc1,O,423.15,-0.80804,-0.24034111
CC(=O)c1ccc(C(=O)O)cc1,O,413.15,-0.91624,-0.24034111
CC(=O)c1ccc(C(=O)O)cc1,O,413.15,-0.91624,-0.24034111
CC(=O)c1ccc(C(=O)O)cc1,O,403.15,-1.03874,-0.24034111
CC(=O)c1ccc(C(=O)O)cc1,O,403.15,-1.03874,-0.24034111
CC(=O)c1ccc(C(=O)O)cc1,O,393.15,-1.15203,-0.24034111
CC(=O)c1ccc(C(=O)O)cc1,O,393.15,-1.15203,-0.24034111
CC(=O)c1ccc(C(=O)O)cc1,O,383.15,-1.26504,-0.24034111
CC(=O)c1ccc(C(=O)O)cc1,O,383.15,-1.26504,-0.24034111
CC(=O)c1ccc(C(=O)O)cc1,O,373.15,-1.37094,-0.24034111
CC(=O)c1ccc(C(=O)O)cc1,O,373.15,-1.37094,-0.24034111
CC(=O)c1ccc(C(=O)O)cc1,O,363.15,-1.48556,-0.24034111
CC(=O)c1ccc(C(=O)O)cc1,O,363.15,-1.48556,-0.24034111
CC(=O)c1ccc(C(=O)O)cc1,O,353.15,-1.60501,-0.24034111
CC(=O)c1ccc(C(=O)O)cc1,O,353.15,-1.60501,-0.24034111
CC(=O)c1ccc(C(=O)O)cc1,O,343.15,-1.72109,-0.34829253
CC(=O)c1ccc(C(=O)O)cc1,O,343.15,-1.72109,-0.34829253
CC(=O)c1ccc(C(=O)O)cc1,O,333.15,-1.8316,-0.48283166
CC(=O)c1ccc(C(=O)O)cc1,O,333.15,-1.8316,-0.48283166
CC(=O)c1ccc(C(=O)O)cc1,O,323.15,-1.95964,-0.62143034
CC(=O)c1ccc(C(=O)O)cc1,O,323.15,-1.95964,-0.62143034
CC(=O)c1ccc(C(=O)O)cc1,O,313.15,-2.05473,-0.76360357
CC(=O)c1ccc(C(=O)O)cc1,O,313.15,-2.05473,-0.76360357
CC(=O)c1ccc(C(=O)O)cc1,O,303.15,-2.17818,-0.90913486
CC(=O)c1ccc(C(=O)O)cc1,O,303.15,-2.17818,-0.90913486
O=S1(=O)c2ccccc2-c2ccccc21,CC#N,330.2,-0.64708,0.22231703
O=S1(=O)c2ccccc2-c2ccccc21,CC#N,338.3,-0.56009,0.32756248
O=S1(=O)c2ccccc2-c2ccccc21,CC#N,342.6,-0.50542,0.3826279
O=S1(=O)c2ccccc2-c2ccccc21,CC#N,348.8,-0.43255,0.4599759
O=S1(=O)c2ccccc2-c2ccccc21,CC#N,352.5,-0.39369,0.492464
O=S1(=O)c2ccccc2-c2ccccc21,CC#N,357.3,-0.34158,0.492464
O=S1(=O)c2ccccc2-c2ccccc21,CC#N,361.4,-0.29828,0.492464
O=S1(=O)c2ccccc2-c2ccccc21,CC#N,366.1,-0.25256,0.492464
O=S1(=O)c2ccccc2-c2ccccc21,CC#N,368.5,-0.22959,0.492464
O=S1(=O)c2ccccc2-c2ccccc21,CN(C)C=O,319.5,-0.12806,0.54536104
O=S1(=O)c2ccccc2-c2ccccc21,CN(C)C=O,329.7,-0.05137,0.6468939
O=S1(=O)c2ccccc2-c2ccccc21,CN(C)C=O,338.8,0.01686,0.7340141
O=S1(=O)c2ccccc2-c2ccccc21,CN(C)C=O,346.2,0.07145,0.8028155
O=S1(=O)c2ccccc2-c2ccccc21,CN(C)C=O,352.0,0.13853,0.85101026
O=S1(=O)c2ccccc2-c2ccccc21,CN(C)C=O,357.3,0.18655,0.85101026
O=S1(=O)c2ccccc2-c2ccccc21,CN(C)C=O,361.5,0.23085,0.85101026
O=S1(=O)c2ccccc2-c2ccccc21,CN(C)C=O,363.8,0.25628,0.85101026
O=S1(=O)c2ccccc2-c2ccccc21,CN(C)C=O,366.7,0.29197,0.85101026
O=S1(=O)c2ccccc2-c2ccccc21,CN(C)C=O,369.4,0.32602,0.85101026
O=S1(=O)c2ccccc2-c2ccccc21,CCCO,344.0,-1.30479,-0.23727618
O=S1(=O)c2ccccc2-c2ccccc21,CCCO,349.0,-1.21684,-0.16398047
O=S1(=O)c2ccccc2-c2ccccc21,CCCO,353.0,-1.15164,-0.12821867
O=S1(=O)c2ccccc2-c2ccccc21,CCCO,356.6,-1.09522,-0.12821867
O=S1(=O)c2ccccc2-c2ccccc21,CCCO,361.2,-1.02258,-0.12821867
O=S1(=O)c2ccccc2-c2ccccc21,CCCO,363.6,-0.98542,-0.12821867
O=S1(=O)c2ccccc2-c2ccccc21,CCCO,364.9,-0.96558,-0.12821867
O=S1(=O)c2ccccc2-c2ccccc21,CCCO,366.7,-0.93742,-0.12821867
O=S1(=O)c2ccccc2-c2ccccc21,CCCO,367.0,-0.93291,-0.12821867
O=S1(=O)c2ccccc2-c2ccccc21,CCOCCO,323.4,-0.96959,-0.36767262
O=S1(=O)c2ccccc2-c2ccccc21,CCOCCO,332.1,-0.89416,-0.26600957
O=S1(=O)c2ccccc2-c2ccccc21,CCOCCO,340.5,-0.79912,-0.16948427
O=S1(=O)c2ccccc2-c2ccccc21,CCOCCO,343.8,-0.77118,-0.13198741
O=S1(=O)c2ccccc2-c2ccccc21,CCOCCO,350.3,-0.70244,-0.058223695
O=S1(=O)c2ccccc2-c2ccccc21,CCOCCO,353.8,-0.6721,-0.045065343
O=S1(=O)c2ccccc2-c2ccccc21,CCOCCO,355.5,-0.65673,-0.045065343
O=S1(=O)c2ccccc2-c2ccccc21,CCOCCO,357.4,-0.64009,-0.045065343
O=S1(=O)c2ccccc2-c2ccccc21,CCOCCO,361.9,-0.60202,-0.045065343
O=S1(=O)c2ccccc2-c2ccccc21,CCOCCO,368.3,-0.55229,-0.045065343
O=C(O)c1ccccc1,CN1CCCC1=O,296.35,1.04477,0.6496713
O=C(O)c1ccccc1,CN1CCCC1=O,301.15,1.05562,0.6964893
O=C(O)c1ccccc1,CN1CCCC1=O,305.05,1.06586,0.73427767
O=C(O)c1ccccc1,CN1CCCC1=O,307.95,1.07357,0.76234245
O=C(O)c1ccccc1,CN1CCCC1=O,311.05,1.08215,0.7919809
O=C(O)c1ccccc1,CN1CCCC1=O,314.25,1.09156,0.8222651
O=C(O)c1ccccc1,CN1CCCC1=O,318.35,1.10135,0.8607651
O=C(O)c1ccccc1,CN1CCCC1=O,321.95,1.11267,0.89439327
O=C(O)c1ccccc1,CN1CCCC1=O,327.35,1.13484,0.9447985
O=C(O)c1ccccc1,CN1CCCC1=O,333.55,1.1626,1.0029519
O=C(O)c1ccccc1,CN1CCCC1=O,338.85,1.19115,1.05131
O=C(O)c1ccccc1,CN1CCCC1=O,343.25,1.21623,1.0922406
O=C(O)c1ccccc1,CN1CCCC1=O,347.75,1.24601,1.1344926
O=C(O)c1ccccc1,CN1CCCC1=O,351.15,1.27093,1.1665778
O=C(O)c1ccccc1,CN1CCCC1=O,355.05,1.29966,1.1694856
O=C(O)c1ccccc1,CN1CCCC1=O,359.85,1.3462,1.1694856
O=C(O)c1ccccc1,CN1CCCC1=O,364.55,1.39752,1.1694856
O=C(O)c1ccccc1,CN1CCCC1=O,369.05,1.45297,1.1694856
O=C(O)c1ccccc1,CN1CCCC1=O,371.35,1.4858,1.1694856
O=C(O)c1ccccc1C(=O)O,CC(=O)O,298.3,-0.73,-1.0800686
O=C(O)c1ccccc1C(=O)O,CC(=O)O,308.4,-0.58052,-0.9739979
O=C(O)c1ccccc1C(=O)O,CC(=O)O,318.3,-0.41189,-0.8747189
O=C(O)c1ccccc1C(=O)O,CC(=O)O,328.2,-0.27187,-0.7761771
O=C(O)c1ccccc1C(=O)O,CC(=O)O,338.0,-0.13962,-0.68294585
O=C(O)c1ccccc1C(=O)O,CC(=O)O,348.3,-0.01255,-0.58851075
O=C(O)c1ccccc1C(=O)O,CC(=O)O,358.6,0.10208,-0.55937463
O=C(O)c1ccccc1C(=O)O,CC(=O)O,367.9,0.20364,-0.55937463
Cc1ccc(C(=O)O)cc1,CN1CCCC1=O,295.65,-0.1207,0.5034117
Cc1ccc(C(=O)O)cc1,CN1CCCC1=O,298.65,-0.07796,0.5310951
Cc1ccc(C(=O)O)cc1,CN1CCCC1=O,303.35,-0.00933,0.57371783
Cc1ccc(C(=O)O)cc1,CN1CCCC1=O,308.55,0.06479,0.6183032
Cc1ccc(C(=O)O)cc1,CN1CCCC1=O,313.75,0.13415,0.6622565
Cc1ccc(C(=O)O)cc1,CN1CCCC1=O,319.55,0.21494,0.71197855
Cc1ccc(C(=O)O)cc1,CN1CCCC1=O,323.45,0.26696,0.7454868
Cc1ccc(C(=O)O)cc1,CN1CCCC1=O,328.75,0.33059,0.79077345
Cc1ccc(C(=O)O)cc1,CN1CCCC1=O,334.85,0.4099,0.84200555
Cc1ccc(C(=O)O)cc1,CN1CCCC1=O,340.25,0.4751,0.88579786
Cc1ccc(C(=O)O)cc1,CN1CCCC1=O,343.35,0.51525,0.9114609
Cc1ccc(C(=O)O)cc1,CN1CCCC1=O,346.65,0.55699,0.93904465
Cc1ccc(C(=O)O)cc1,CN1CCCC1=O,351.45,0.62024,0.9780995
Cc1ccc(C(=O)O)cc1,CN1CCCC1=O,355.75,0.6819,0.9788707
Cc1ccc(C(=O)O)cc1,CN1CCCC1=O,360.65,0.76147,0.9788707
Cc1ccc(C(=O)O)cc1,CN1CCCC1=O,364.05,0.83356,0.9788707
Cc1ccc(C(=O)O)cc1,CN1CCCC1=O,366.55,0.89523,0.9788707
Cc1ccc(C(=O)O)cc1,CN1CCCC1=O,369.25,0.96207,0.9788707
Cc1ccc(C(=O)O)cc1,CN1CCCC1=O,370.05,0.98851,0.9788707
Cc1c(C(=O)O)cc([N+](=O)[O-])cc1[N+](=O)[O-],C1COCCO1,298.15,0.410287511690034,-0.060906872
Cc1c(C(=O)O)cc([N+](=O)[O-])cc1[N+](=O)[O-],C1CCOC1,298.15,0.450111020228878,0.06178525
COc1ccccc1C(=O)O,CC(O)COC(C)(C)C,298.15,-0.261831359938447,-0.49816638
COc1ccccc1C(=O)O,CC(C)OCCO,298.15,-0.093697263910609,-0.21889815
COc1ccccc1C(=O)O,CCCOCCO,298.15,0.013377696055468,0.0040742606
COc1ccccc1C(=O)O,COC(C)CCO,298.15,0.038607560353621,-0.09475145
COc1ccccc1C(=O)O,CCOCCO,298.15,0.144180707573244,-0.007096246
COc1ccccc1C(=O)O,CCCCOCCO,298.15,0.056802858651285,-0.20633857
CC(=O)Nc1ccc(OC(=O)c2ccccc2OC(C)=O)cc1,Cc1ccccc1,278.15,-3.90525693299735,-1.6756048
CC(=O)Nc1ccc(OC(=O)c2ccccc2OC(C)=O)cc1,Cc1ccccc1,283.15,-3.7662145357747,-1.5922985
CC(=O)Nc1ccc(OC(=O)c2ccccc2OC(C)=O)cc1,Cc1ccccc1,288.15,-3.62584504677965,-1.508208
CC(=O)Nc1ccc(OC(=O)c2ccccc2OC(C)=O)cc1,Cc1ccccc1,293.15,-3.49462556064602,-1.4237533
CC(=O)Nc1ccc(OC(=O)c2ccccc2OC(C)=O)cc1,Cc1ccccc1,298.15,-3.39375073792751,-1.3379333
CC(=O)Nc1ccc(OC(=O)c2ccccc2OC(C)=O)cc1,Cc1ccccc1,303.15,-3.29042708090659,-1.252812
CC(=O)Nc1ccc(OC(=O)c2ccccc2OC(C)=O)cc1,Cc1ccccc1,308.15,-3.20065176899168,-1.168339
CC(=O)Nc1ccc(OC(=O)c2ccccc2OC(C)=O)cc1,CC(C)O,278.15,-2.99488056177507,-2.195708
CC(=O)Nc1ccc(OC(=O)c2ccccc2OC(C)=O)cc1,Cc1ccccc1,313.15,-3.10104916683403,-1.0834508
CC(=O)Nc1ccc(OC(=O)c2ccccc2OC(C)=O)cc1,CCCO,278.15,-2.92243614791669,-2.1673594
CC(=O)Nc1ccc(OC(=O)c2ccccc2OC(C)=O)cc1,CC(C)O,283.15,-2.84870443025917,-2.0949273
CC(=O)Nc1ccc(OC(=O)c2ccccc2OC(C)=O)cc1,Cc1ccccc1,318.15,-3.00453778594461,-0.9987515
CC(=O)Nc1ccc(OC(=O)c2ccccc2OC(C)=O)cc1,CCCO,283.15,-2.76192765091833,-2.0690382
CC(=O)Nc1ccc(OC(=O)c2ccccc2OC(C)=O)cc1,CC(C)O,288.15,-2.73750791088019,-1.9948795
CC(=O)Nc1ccc(OC(=O)c2ccccc2OC(C)=O)cc1,CO,278.15,-2.44419291208861,-1.8217821
CC(=O)Nc1ccc(OC(=O)c2ccccc2OC(C)=O)cc1,CCO,278.15,-2.560252826151,-2.0934093
CC(=O)Nc1ccc(OC(=O)c2ccccc2OC(C)=O)cc1,CCCO,288.15,-2.63323904963369,-1.9702984
CC(=O)Nc1ccc(OC(=O)c2ccccc2OC(C)=O)cc1,CC(C)O,293.15,-2.63264749788681,-1.8950557
CC(=O)Nc1ccc(OC(=O)c2ccccc2OC(C)=O)cc1,CCCCO,278.15,-2.70223358968668,-2.1846392
CC(=O)Nc1ccc(OC(=O)c2ccccc2OC(C)=O)cc1,CO,283.15,-2.34150583656194,-1.7293481
CC(=O)Nc1ccc(OC(=O)c2ccccc2OC(C)=O)cc1,CCO,283.15,-2.43894836721269,-1.9946187
CC(=O)Nc1ccc(OC(=O)c2ccccc2OC(C)=O)cc1,CCCO,293.15,-2.54307475412022,-1.8704293
CC(=O)Nc1ccc(OC(=O)c2ccccc2OC(C)=O)cc1,CC(C)O,298.15,-2.54797437075136,-1.794599
CC(=O)Nc1ccc(OC(=O)c2ccccc2OC(C)=O)cc1,CO,288.15,-2.24629140643378,-1.6358066
CC(=O)Nc1ccc(OC(=O)c2ccccc2OC(C)=O)cc1,CCCCO,283.15,-2.58600851894355,-2.0902421
CC(=O)Nc1ccc(OC(=O)c2ccccc2OC(C)=O)cc1,CC(C)O,303.15,-2.46973124735042,-1.6943253
CC(=O)Nc1ccc(OC(=O)c2ccccc2OC(C)=O)cc1,CCCO,298.15,-2.45319998029321,-1.7712979
CC(=O)Nc1ccc(OC(=O)c2ccccc2OC(C)=O)cc1,CCO,288.15,-2.34024499702193,-1.8962463
CC(=O)Nc1ccc(OC(=O)c2ccccc2OC(C)=O)cc1,CO,293.15,-2.16256005157407,-1.5424135
CC(=O)Nc1ccc(OC(=O)c2ccccc2OC(C)=O)cc1,CCCCO,288.15,-2.48197704749581,-1.9957598
CC(=O)Nc1ccc(OC(=O)c2ccccc2OC(C)=O)cc1,CC(C)O,308.15,-2.38147786610762,-1.5926409
CC(=O)Nc1ccc(OC(=O)c2ccccc2OC(C)=O)cc1,CCO,293.15,-2.25260662560741,-1.7981791
CC(=O)Nc1ccc(OC(=O)c2ccccc2OC(C)=O)cc1,CCCO,303.15,-2.36296449961586,-1.6719313
CC(=O)Nc1ccc(OC(=O)c2ccccc2OC(C)=O)cc1,CO,298.15,-2.07900414706509,-1.448477
CC(=O)Nc1ccc(OC(=O)c2ccccc2OC(C)=O)cc1,CCCCO,293.15,-2.38711578585686,-1.9006462
CC(=O)Nc1ccc(OC(=O)c2ccccc2OC(C)=O)cc1,CCOC(C)=O,278.15,-2.38864579361402,-1.1858169
CC(=O)Nc1ccc(OC(=O)c2ccccc2OC(C)=O)cc1,CC(C)O,313.15,-2.29753876993292,-1.4900292
CC(=O)Nc1ccc(OC(=O)c2ccccc2OC(C)=O)cc1,CCCO,308.15,-2.27582002890649,-1.5734761
CC(=O)Nc1ccc(OC(=O)c2ccccc2OC(C)=O)cc1,CO,303.15,-2.0062415616679,-1.3542755
CC(=O)Nc1ccc(OC(=O)c2ccccc2OC(C)=O)cc1,CCO,298.15,-2.1628584741624,-1.6992552
CC(=O)Nc1ccc(OC(=O)c2ccccc2OC(C)=O)cc1,CCCCO,298.15,-2.29916380989557,-1.805137
CC(=O)Nc1ccc(OC(=O)c2ccccc2OC(C)=O)cc1,CO,308.15,-1.92866849954369,-1.2599455
CC(=O)Nc1ccc(OC(=O)c2ccccc2OC(C)=O)cc1,CCO,303.15,-2.0838769707075,-1.6003901
CC(=O)Nc1ccc(OC(=O)c2ccccc2OC(C)=O)cc1,CC(C)O,318.15,-2.203198087657,-1.3876443
CC(=O)Nc1ccc(OC(=O)c2ccccc2OC(C)=O)cc1,CCCO,313.15,-2.18634400005166,-1.4740864
CC(=O)Nc1ccc(OC(=O)c2ccccc2OC(C)=O)cc1,CCOC(C)=O,283.15,-2.26942036289788,-1.1161026
CC(=O)Nc1ccc(OC(=O)c2ccccc2OC(C)=O)cc1,CCCCO,303.15,-2.21947601929685,-1.7084372
CC(=O)Nc1ccc(OC(=O)c2ccccc2OC(C)=O)cc1,CCO,308.15,-2.00269620902336,-1.4999534
CC(=O)Nc1ccc(OC(=O)c2ccccc2OC(C)=O)cc1,CO,313.15,-1.83803327218665,-1.1649694
CC(=O)Nc1ccc(OC(=O)c2ccccc2OC(C)=O)cc1,CCCO,318.15,-2.07357586524412,-1.3741798
CC(=O)Nc1ccc(OC(=O)c2ccccc2OC(C)=O)cc1,CCOC(C)=O,288.15,-2.17370140654401,-1.0466853
CC(=O)Nc1ccc(OC(=O)c2ccccc2OC(C)=O)cc1,CC#N,278.15,-1.87725464951021,-1.1496499
CC(=O)Nc1ccc(OC(=O)c2ccccc2OC(C)=O)cc1,CCCCO,308.15,-2.13304399749509,-1.6108913
CC(=O)Nc1ccc(OC(=O)c2ccccc2OC(C)=O)cc1,CCO,313.15,-1.91005692366049,-1.3984213
CC(=O)Nc1ccc(OC(=O)c2ccccc2OC(C)=O)cc1,CO,318.15,-1.74778321731823,-1.0698476
CC(=O)Nc1ccc(OC(=O)c2ccccc2OC(C)=O)cc1,CCOC(C)=O,293.15,-2.09293912025499,-0.9767164
CC(=O)Nc1ccc(OC(=O)c2ccccc2OC(C)=O)cc1,CCCCO,313.15,-2.03917286301953,-1.5135785
CC(=O)Nc1ccc(OC(=O)c2ccccc2OC(C)=O)cc1,CC#N,283.15,-1.78150349784085,-1.060992
CC(=O)Nc1ccc(OC(=O)c2ccccc2OC(C)=O)cc1,CCO,318.15,-1.82230836515608,-1.2955607
CC(=O)Nc1ccc(OC(=O)c2ccccc2OC(C)=O)cc1,CCOC(C)=O,298.15,-1.99655416647756,-0.9063381
CC(=O)Nc1ccc(OC(=O)c2ccccc2OC(C)=O)cc1,CCCCO,318.15,-1.95601340791065,-1.4153713
CC(=O)Nc1ccc(OC(=O)c2ccccc2OC(C)=O)cc1,CC#N,288.15,-1.69223826278555,-0.97406906
CC(=O)Nc1ccc(OC(=O)c2ccccc2OC(C)=O)cc1,CCOC(C)=O,303.15,-1.92039026114269,-0.8370204
CC(=O)Nc1ccc(OC(=O)c2ccccc2OC(C)=O)cc1,CC#N,293.15,-1.592053096839,-0.88731027
CC(=O)Nc1ccc(OC(=O)c2ccccc2OC(C)=O)cc1,CCOC(C)=O,308.15,-1.84950328369406,-0.767829
CC(=O)Nc1ccc(OC(=O)c2ccccc2OC(C)=O)cc1,CC#N,298.15,-1.5010260613831,-0.80123043
CC(=O)Nc1ccc(OC(=O)c2ccccc2OC(C)=O)cc1,CCOC(C)=O,313.15,-1.77390309200072,-0.6982602
CC(=O)Nc1ccc(OC(=O)c2ccccc2OC(C)=O)cc1,C1COCCO1,293.15,-1.70046690085154,-0.8304446
CC(=O)Nc1ccc(OC(=O)c2ccccc2OC(C)=O)cc1,CCOC(C)=O,318.15,-1.70730673335046,-0.62954664
CC(=O)Nc1ccc(OC(=O)c2ccccc2OC(C)=O)cc1,CC#N,303.15,-1.42490069318903,-0.7177178
CC(=O)Nc1ccc(OC(=O)c2ccccc2OC(C)=O)cc1,C1COCCO1,298.15,-1.62225689682603,-0.7683208
CC(=O)Nc1ccc(OC(=O)c2ccccc2OC(C)=O)cc1,CC#N,308.15,-1.35450137575737,-0.635398
CC(=O)Nc1ccc(OC(=O)c2ccccc2OC(C)=O)cc1,CCC(C)=O,278.15,-1.54450478621108,-0.91345656
CC(=O)Nc1ccc(OC(=O)c2ccccc2OC(C)=O)cc1,C1COCCO1,303.15,-1.53613587818415,-0.7065114
CC(=O)Nc1ccc(OC(=O)c2ccccc2OC(C)=O)cc1,CCC(C)=O,283.15,-1.51843585095865,-0.8478864
CC(=O)Nc1ccc(OC(=O)c2ccccc2OC(C)=O)cc1,CC#N,313.15,-1.27788218621131,-0.55286556
CC(=O)Nc1ccc(OC(=O)c2ccccc2OC(C)=O)cc1,CCC(C)=O,288.15,-1.49035883763519,-0.78330296
CC(=O)Nc1ccc(OC(=O)c2ccccc2OC(C)=O)cc1,C1COCCO1,308.15,-1.46149454700093,-0.6447778
CC(=O)Nc1ccc(OC(=O)c2ccccc2OC(C)=O)cc1,CCC(C)=O,293.15,-1.46220583543875,-0.7197703
CC(=O)Nc1ccc(OC(=O)c2ccccc2OC(C)=O)cc1,CCC(C)=O,298.15,-1.42989218286966,-0.6569941
CC(=O)Nc1ccc(OC(=O)c2ccccc2OC(C)=O)cc1,CC#N,318.15,-1.20252196648986,-0.4697696
CC(=O)Nc1ccc(OC(=O)c2ccccc2OC(C)=O)cc1,C1COCCO1,313.15,-1.39429212726109,-0.5835558
CC(=O)Nc1ccc(OC(=O)c2ccccc2OC(C)=O)cc1,CCC(C)=O,303.15,-1.39901873250589,-0.5959486
CC(=O)Nc1ccc(OC(=O)c2ccccc2OC(C)=O)cc1,CCC(C)=O,308.15,-1.36516791678444,-0.53444785
CC(=O)Nc1ccc(OC(=O)c2ccccc2OC(C)=O)cc1,C1COCCO1,318.15,-1.30992382663927,-0.5223841
CC(=O)Nc1ccc(OC(=O)c2ccccc2OC(C)=O)cc1,CCC(C)=O,313.15,-1.3285658328674,-0.47303137
CC(=O)Nc1ccc(OC(=O)c2ccccc2OC(C)=O)cc1,CCC(C)=O,318.15,-1.29638430471174,-0.41241387
CC(=O)Nc1ccc(OC(=O)c2ccccc2OC(C)=O)cc1,CN(C)C=O,278.15,-0.635429283455845,-0.5137894
CC(=O)Nc1ccc(OC(=O)c2ccccc2OC(C)=O)cc1,CN(C)C=O,283.15,-0.613197817215061,-0.45627263
CC(=O)Nc1ccc(OC(=O)c2ccccc2OC(C)=O)cc1,CN(C)C=O,288.15,-0.592633279864539,-0.39973485
CC(=O)Nc1ccc(OC(=O)c2ccccc2OC(C)=O)cc1,CN(C)C=O,293.15,-0.569094866414265,-0.3436255
CC(=O)Nc1ccc(OC(=O)c2ccccc2OC(C)=O)cc1,CN1CCCC1=O,278.15,-0.646759548816977,-0.8495074
CC(=O)Nc1ccc(OC(=O)c2ccccc2OC(C)=O)cc1,CN(C)C=O,298.15,-0.546580638390894,-0.2892583
CC(=O)Nc1ccc(OC(=O)c2ccccc2OC(C)=O)cc1,CN(C)C=O,303.15,-0.522824787936481,-0.23542847
CC(=O)Nc1ccc(OC(=O)c2ccccc2OC(C)=O)cc1,CN1CCCC1=O,283.15,-0.588021155698553,-0.80133533
CC(=O)Nc1ccc(OC(=O)c2ccccc2OC(C)=O)cc1,CN(C)C=O,308.15,-0.498370488398153,-0.18375514
CC(=O)Nc1ccc(OC(=O)c2ccccc2OC(C)=O)cc1,CN(C)C=O,313.15,-0.47218212219344,-0.131362
CC(=O)Nc1ccc(OC(=O)c2ccccc2OC(C)=O)cc1,CN1CCCC1=O,288.15,-0.533673935851723,-0.751471
CC(=O)Nc1ccc(OC(=O)c2ccccc2OC(C)=O)cc1,CN(C)C=O,318.15,-0.445614500376329,-0.076211184
CC(=O)Nc1ccc(OC(=O)c2ccccc2OC(C)=O)cc1,CN1CCCC1=O,293.15,-0.485902975862575,-0.69976944
CC(=O)Nc1ccc(OC(=O)c2ccccc2OC(C)=O)cc1,CN1CCCC1=O,298.15,-0.435178111783765,-0.6474429
CC(=O)Nc1ccc(OC(=O)c2ccccc2OC(C)=O)cc1,CN1CCCC1=O,303.15,-0.391105150233589,-0.5946754
CC(=O)Nc1ccc(OC(=O)c2ccccc2OC(C)=O)cc1,CN1CCCC1=O,308.15,-0.349687080706524,-0.5412609
CC(=O)Nc1ccc(OC(=O)c2ccccc2OC(C)=O)cc1,CN1CCCC1=O,313.15,-0.302639204581486,-0.48716682
CC(=O)Nc1ccc(OC(=O)c2ccccc2OC(C)=O)cc1,CN1CCCC1=O,318.15,-0.260062110651911,-0.43165487
CCn1c2ccccc2c2cc(N3C=C(c4ccccc4)NN3)ccc21,CC(C)O,279.4,-2.53777389143607,-2.7664993
CCn1c2ccccc2c2cc(N3C=C(c4ccccc4)NN3)ccc21,CCC(C)O,279.9,-2.49973007006423,-2.7148452
CCn1c2ccccc2c2cc(N3C=C(c4ccccc4)NN3)ccc21,CC(C)O,290.4,-2.33503154453745,-2.5775754
CCn1c2ccccc2c2cc(N3C=C(c4ccccc4)NN3)ccc21,CCC(C)O,283.2,-2.39543377887946,-2.6552405
CCn1c2ccccc2c2cc(N3C=C(c4ccccc4)NN3)ccc21,CCO,279.2,-2.15078546611119,-2.4316154
CCn1c2ccccc2c2cc(N3C=C(c4ccccc4)NN3)ccc21,CO,279.3,-1.98833238718399,-2.5219312
CCn1c2ccccc2c2cc(N3C=C(c4ccccc4)NN3)ccc21,CCO,281.5,-2.12867215918272,-2.393269
CCn1c2ccccc2c2cc(N3C=C(c4ccccc4)NN3)ccc21,CC(C)O,294.2,-2.21411710503905,-2.5133412
CCn1c2ccccc2c2cc(N3C=C(c4ccccc4)NN3)ccc21,CO,281.9,-1.93060059648557,-2.4825113
CCn1c2ccccc2c2cc(N3C=C(c4ccccc4)NN3)ccc21,CCO,285.8,-2.03883816566976,-2.3225207
CCn1c2ccccc2c2cc(N3C=C(c4ccccc4)NN3)ccc21,CCCO,283.0,-2.12380733389045,-2.3816462
CCn1c2ccccc2c2cc(N3C=C(c4ccccc4)NN3)ccc21,CC(C)O,298.4,-2.12657018155713,-2.4429083
CCn1c2ccccc2c2cc(N3C=C(c4ccccc4)NN3)ccc21,CCCCO,280.1,-2.18853768703074,-2.4248
CCn1c2ccccc2c2cc(N3C=C(c4ccccc4)NN3)ccc21,CO,288.2,-1.83251922897824,-2.3864048
CCn1c2ccccc2c2cc(N3C=C(c4ccccc4)NN3)ccc21,CCC(C)O,291.7,-2.1900793423225,-2.500347
CCn1c2ccccc2c2cc(N3C=C(c4ccccc4)NN3)ccc21,CCO,288.8,-1.98694613211901,-2.2735014
CCn1c2ccccc2c2cc(N3C=C(c4ccccc4)NN3)ccc21,CCCO,285.1,-2.04367356996637,-2.3465767
CCn1c2ccccc2c2cc(N3C=C(c4ccccc4)NN3)ccc21,CCCCO,283.7,-2.12205369076283,-2.3648753
CCn1c2ccccc2c2cc(N3C=C(c4ccccc4)NN3)ccc21,CC(C)O,300.9,-2.05119745134559,-2.4008245
CCn1c2ccccc2c2cc(N3C=C(c4ccccc4)NN3)ccc21,CCO,291.9,-1.92937275824994,-2.2229853
CCn1c2ccccc2c2cc(N3C=C(c4ccccc4)NN3)ccc21,CCC(C)O,294.6,-2.09965890806061,-2.4479475
CCn1c2ccccc2c2cc(N3C=C(c4ccccc4)NN3)ccc21,CCCO,288.8,-1.98256815641674,-2.2846513
CCn1c2ccccc2c2cc(N3C=C(c4ccccc4)NN3)ccc21,CC(C)O,304.6,-1.98875848848286,-2.3387046
CCn1c2ccccc2c2cc(N3C=C(c4ccccc4)NN3)ccc21,CCO,297.2,-1.83961157492335,-2.1365347
CCn1c2ccccc2c2cc(N3C=C(c4ccccc4)NN3)ccc21,CCCCO,288.6,-2.03065117866211,-2.2832973
CCn1c2ccccc2c2cc(N3C=C(c4ccccc4)NN3)ccc21,CCC(C)O,298.4,-2.01484243139394,-2.379057
CCn1c2ccccc2c2cc(N3C=C(c4ccccc4)NN3)ccc21,CC(C)O,307.7,-1.9297226999638,-2.286902
CCn1c2ccccc2c2cc(N3C=C(c4ccccc4)NN3)ccc21,CO,300.7,-1.63276380978207,-2.1983616
CCn1c2ccccc2c2cc(N3C=C(c4ccccc4)NN3)ccc21,CCCCO,292.7,-1.91531695566268,-2.215642
CCn1c2ccccc2c2cc(N3C=C(c4ccccc4)NN3)ccc21,CCCO,297.1,-1.82943868656372,-2.1476295
CCn1c2ccccc2c2cc(N3C=C(c4ccccc4)NN3)ccc21,CC(C)O,311.0,-1.83860869388258,-2.2313159
CCn1c2ccccc2c2cc(N3C=C(c4ccccc4)NN3)ccc21,CO,306.1,-1.54830420479197,-2.1177945
CCn1c2ccccc2c2cc(N3C=C(c4ccccc4)NN3)ccc21,CCO,307.8,-1.63878083253188,-1.9680327
CCn1c2ccccc2c2cc(N3C=C(c4ccccc4)NN3)ccc21,CCCCO,298.2,-1.82069705566051,-2.1240554
CCn1c2ccccc2c2cc(N3C=C(c4ccccc4)NN3)ccc21,CCC(C)O,306.7,-1.79556919304539,-2.2293975
CCn1c2ccccc2c2cc(N3C=C(c4ccccc4)NN3)ccc21,CO,314.8,-1.39984473385915,-1.9892188
CCn1c2ccccc2c2cc(N3C=C(c4ccccc4)NN3)ccc21,CCO,313.0,-1.54422400969329,-1.8868959
CCn1c2ccccc2c2cc(N3C=C(c4ccccc4)NN3)ccc21,CCCO,307.0,-1.63096794279269,-1.9878271
CCn1c2ccccc2c2cc(N3C=C(c4ccccc4)NN3)ccc21,CC(C)O,319.5,-1.63854046299773,-2.0894027
CCn1c2ccccc2c2cc(N3C=C(c4ccccc4)NN3)ccc21,CC#N,281.7,-1.43688230721935,-2.3592625
CCn1c2ccccc2c2cc(N3C=C(c4ccccc4)NN3)ccc21,CCCCO,307.4,-1.62207636735401,-1.9719932
CCn1c2ccccc2c2cc(N3C=C(c4ccccc4)NN3)ccc21,CCO,318.9,-1.43343542798963,-1.7943094
CCn1c2ccccc2c2cc(N3C=C(c4ccccc4)NN3)ccc21,CO,320.7,-1.2738736255394,-1.9026241
CCn1c2ccccc2c2cc(N3C=C(c4ccccc4)NN3)ccc21,CCCO,312.2,-1.53271160882568,-1.9045122
CCn1c2ccccc2c2cc(N3C=C(c4ccccc4)NN3)ccc21,CC(C)O,324.1,-1.54393889445589,-2.0138245
CCn1c2ccccc2c2cc(N3C=C(c4ccccc4)NN3)ccc21,CCC(C)O,315.7,-1.59249207378097,-2.071276
CCn1c2ccccc2c2cc(N3C=C(c4ccccc4)NN3)ccc21,CC#N,287.8,-1.31813931618827,-2.2575312
CCn1c2ccccc2c2cc(N3C=C(c4ccccc4)NN3)ccc21,CCO,323.2,-1.34438114098806,-1.7280424
CCn1c2ccccc2c2cc(N3C=C(c4ccccc4)NN3)ccc21,CCCCO,312.6,-1.5276270948484,-1.8879615
CCn1c2ccccc2c2cc(N3C=C(c4ccccc4)NN3)ccc21,CO,325.0,-1.17680716032434,-1.839946
CCn1c2ccccc2c2cc(N3C=C(c4ccccc4)NN3)ccc21,CCC(C)O,319.1,-1.50433948232459,-2.0128164
CCn1c2ccccc2c2cc(N3C=C(c4ccccc4)NN3)ccc21,CCCO,319.4,-1.38703180570126,-1.790124
CCn1c2ccccc2c2cc(N3C=C(c4ccccc4)NN3)ccc21,CC(C)O,330.2,-1.38381484746802,-1.9126182
CCn1c2ccccc2c2cc(N3C=C(c4ccccc4)NN3)ccc21,CC#N,295.4,-1.19326169770508,-2.1316857
CCn1c2ccccc2c2cc(N3C=C(c4ccccc4)NN3)ccc21,CCC(C)O,321.3,-1.44360720093803,-1.9749166
CCn1c2ccccc2c2cc(N3C=C(c4ccccc4)NN3)ccc21,CCO,329.0,-1.21003034973914,-1.6389468
CCn1c2ccccc2c2cc(N3C=C(c4ccccc4)NN3)ccc21,CCCCO,320.4,-1.3683830947907,-1.7650363
CCn1c2ccccc2c2cc(N3C=C(c4ccccc4)NN3)ccc21,CCOC(C)=O,278.9,-1.37544584780029,-1.7415307
CCn1c2ccccc2c2cc(N3C=C(c4ccccc4)NN3)ccc21,CCCO,325.2,-1.26502236471894,-1.6990776
CCn1c2ccccc2c2cc(N3C=C(c4ccccc4)NN3)ccc21,CCOC(C)=O,282.5,-1.34107562163259,-1.6860125
CCn1c2ccccc2c2cc(N3C=C(c4ccccc4)NN3)ccc21,CC#N,304.8,-1.03911041930809,-1.9777911
CCn1c2ccccc2c2cc(N3C=C(c4ccccc4)NN3)ccc21,CCC(C)O,329.5,-1.25428008212573,-1.8343825
CCn1c2ccccc2c2cc(N3C=C(c4ccccc4)NN3)ccc21,CCOC(C)=O,288.6,-1.26040775161613,-1.5938923
CCn1c2ccccc2c2cc(N3C=C(c4ccccc4)NN3)ccc21,CCCO,330.2,-1.14435868358721,-1.6215534
CCn1c2ccccc2c2cc(N3C=C(c4ccccc4)NN3)ccc21,CCOC(C)=O,293.8,-1.19563299423348,-1.5171113
CCn1c2ccccc2c2cc(N3C=C(c4ccccc4)NN3)ccc21,CC#N,312.3,-0.908143438781434,-1.8574874
CCn1c2ccccc2c2cc(N3C=C(c4ccccc4)NN3)ccc21,CCOC(C)=O,296.6,-1.15522450881543,-1.4763726
CCn1c2ccccc2c2cc(N3C=C(c4ccccc4)NN3)ccc21,CCCCO,331.5,-1.13788810207776,-1.592767
CCn1c2ccccc2c2cc(N3C=C(c4ccccc4)NN3)ccc21,CCOC(C)=O,301.9,-1.09263022571859,-1.399845
CCn1c2ccccc2c2cc(N3C=C(c4ccccc4)NN3)ccc21,CCOC(C)=O,306.3,-1.03830334624506,-1.3386412
CCn1c2ccccc2c2cc(N3C=C(c4ccccc4)NN3)ccc21,CC#N,319.4,-0.761585521573746,-1.7420759
CCn1c2ccccc2c2cc(N3C=C(c4ccccc4)NN3)ccc21,CCOC(C)=O,310.5,-0.983940793918907,-1.2805704
CCn1c2ccccc2c2cc(N3C=C(c4ccccc4)NN3)ccc21,CC#N,325.0,-0.63747148144375,-1.6505108
CCn1c2ccccc2c2cc(N3C=C(c4ccccc4)NN3)ccc21,CCOC(C)=O,318.0,-0.887707028750611,-1.1791558
CCn1c2ccccc2c2cc(N3C=C(c4ccccc4)NN3)ccc21,CCOC(C)=O,322.8,-0.814525308446467,-1.1162347
CCn1c2ccccc2c2cc(N3C=C(c4ccccc4)NN3)ccc21,CCOC(C)=O,326.9,-0.742943563824629,-1.063354
CC(=O)N1CCC[C@H]1C(=O)O,CCOC(C)=O,283.15,-1.41736420779749,-1.1540949
CC(=O)N1CCC[C@H]1C(=O)O,COC(C)=O,283.15,-1.11085576518811,-0.9593562
CC(=O)N1CCC[C@H]1C(=O)O,CCOC(C)=O,293.15,-1.18550746673166,-0.99241996
CC(=O)N1CCC[C@H]1C(=O)O,CCOC(C)=O,303.15,-1.009628197766,-0.8335738
CC(=O)N1CCC[C@H]1C(=O)O,COC(C)=O,293.15,-0.899358462434054,-0.8101733
CC(=O)N1CCC[C@H]1C(=O)O,CCC(C)=O,283.15,-0.887092737835906,-0.8961115
CC(=O)N1CCC[C@H]1C(=O)O,O,283.15,-0.144902374104565,-0.8267655
CC(=O)N1CCC[C@H]1C(=O)O,CCOC(C)=O,313.15,-0.87102093512681,-0.68069315
CC(=O)N1CCC[C@H]1C(=O)O,COC(C)=O,303.15,-0.736462183188093,-0.6702722
CC(=O)N1CCC[C@H]1C(=O)O,CC(C)=O,283.15,-0.654799404558799,-0.8421587
CC(=O)N1CCC[C@H]1C(=O)O,CC#N,283.15,-0.506316637371883,-1.0831512
CC(=O)N1CCC[C@H]1C(=O)O,CCC(C)=O,293.15,-0.737390365842879,-0.7333159
CC(=O)N1CCC[C@H]1C(=O)O,O,293.15,0.027035650756057,-0.65148336
CC(=O)N1CCC[C@H]1C(=O)O,CCOC(C)=O,323.15,-0.696569070919692,-0.5353413
CC(=O)N1CCC[C@H]1C(=O)O,COC(C)=O,313.15,-0.573325539988021,-0.53748846
CC(=O)N1CCC[C@H]1C(=O)O,CCC(C)=O,303.15,-0.571764667795269,-0.57848805
CC(=O)N1CCC[C@H]1C(=O)O,C1COCCO1,288.15,-0.541412943320982,-0.7008522
CC(=O)N1CCC[C@H]1C(=O)O,CC(C)=O,293.15,-0.462229608926821,-0.6925652
CC(=O)N1CCC[C@H]1C(=O)O,O,303.15,0.184841701734335,-0.48396403
CC(=O)N1CCC[C@H]1C(=O)O,C1COCCO1,293.15,-0.453141254721411,-0.61817807
CC(=O)N1CCC[C@H]1C(=O)O,COC(C)=O,323.15,-0.401031035290714,-0.40640682
CC(=O)N1CCC[C@H]1C(=O)O,CC#N,293.15,-0.179325170561705,-0.8906264
CC(=O)N1CCC[C@H]1C(=O)O,ClCCl,283.15,-0.254567247574259,-1.5392079
CC(=O)N1CCC[C@H]1C(=O)O,CCC(C)=O,313.15,-0.4178539965855,-0.4322585
CC(=O)N1CCC[C@H]1C(=O)O,CC(C)=O,303.15,-0.314967098763986,-0.55112815
CC(=O)N1CCC[C@H]1C(=O)O,CCCCCO,283.15,-0.436798156320351,-1.1463776
CC(=O)N1CCC[C@H]1C(=O)O,CCCCO,283.15,-0.324229194523106,-0.9610581
CC(=O)N1CCC[C@H]1C(=O)O,C1COCCO1,303.15,-0.297834365359175,-0.45902228
CC(=O)N1CCC[C@H]1C(=O)O,O,313.15,0.382744128897915,-0.32543495
CC(=O)N1CCC[C@H]1C(=O)O,CCC(C)O,283.15,-0.307129627903623,-1.0473275
CC(=O)N1CCC[C@H]1C(=O)O,CC(C)CO,283.15,-0.290308635371409,-1.0800141
CC(=O)N1CCC[C@H]1C(=O)O,CC(C)O,283.15,-0.206748048163241,-0.8786082
CC(=O)N1CCC[C@H]1C(=O)O,ClCCl,288.15,-0.127433232529984,-1.4632711
CC(=O)N1CCC[C@H]1C(=O)O,CC(C)=O,313.15,-0.171574871487592,-0.42024115
CC(=O)N1CCC[C@H]1C(=O)O,CCCCCO,293.15,-0.283945380809162,-0.95525
CC(=O)N1CCC[C@H]1C(=O)O,CCC(C)=O,323.15,-0.201687778055198,-0.29138887
CC(=O)N1CCC[C@H]1C(=O)O,CC#N,303.15,0.045830154911324,-0.70545596
CC(=O)N1CCC[C@H]1C(=O)O,CCCCO,293.15,-0.164360553720079,-0.7759539
CC(=O)N1CCC[C@H]1C(=O)O,ClCCl,293.15,0.010443146014356,-1.3888255
CC(=O)N1CCC[C@H]1C(=O)O,CCC(C)O,293.15,-0.143024620193416,-0.83676976
CC(=O)N1CCC[C@H]1C(=O)O,CC(C)CO,293.15,-0.128527701339887,-0.8759016
CC(=O)N1CCC[C@H]1C(=O)O,C1COCCO1,313.15,-0.08152676393552,-0.30835158
CC(=O)N1CCC[C@H]1C(=O)O,CC(C)=O,323.15,-0.025912170154237,-0.29623848
CC(=O)N1CCC[C@H]1C(=O)O,CC(C)O,293.15,0.01463624324927,-0.6775922
CC(=O)N1CCC[C@H]1C(=O)O,O,323.15,0.640721444316659,-0.17357093
CC(=O)N1CCC[C@H]1C(=O)O,CCCCCO,303.15,-0.129199107165592,-0.7790986
CC(=O)N1CCC[C@H]1C(=O)O,CCO,283.15,0.14990933929717,-0.5295213
CC(=O)N1CCC[C@H]1C(=O)O,ClCCl,298.15,0.130187899577092,-1.3164496
CC(=O)N1CCC[C@H]1C(=O)O,CCCCO,303.15,0.017288734610507,-0.60459876
CC(=O)N1CCC[C@H]1C(=O)O,CCC(C)O,303.15,0.03515293584603,-0.6381415
CC(=O)N1CCC[C@H]1C(=O)O,CCCO,283.15,0.157409787457599,-0.8180629
CC(=O)N1CCC[C@H]1C(=O)O,ClCCl,303.15,0.225472138417511,-1.2455645
CC(=O)N1CCC[C@H]1C(=O)O,CC(C)O,303.15,0.152666679593114,-0.49134335
CC(=O)N1CCC[C@H]1C(=O)O,CC(C)CO,303.15,0.105822197137916,-0.68792665
CC(=O)N1CCC[C@H]1C(=O)O,CCO,293.15,0.328868745689332,-0.35148805
CC(=O)N1CCC[C@H]1C(=O)O,CCCCCO,313.15,0.054153137947806,-0.6112291
CC(=O)N1CCC[C@H]1C(=O)O,CO,283.15,0.542504997018237,-0.19709745
CC(=O)N1CCC[C@H]1C(=O)O,C1COCCO1,323.15,0.228196845505268,-0.1628088
CC(=O)N1CCC[C@H]1C(=O)O,CC#N,313.15,0.447195776084943,-0.5237559
CC(=O)N1CCC[C@H]1C(=O)O,CCC(C)O,313.15,0.210370336343672,-0.44915658
CC(=O)N1CCC[C@H]1C(=O)O,CCCCO,313.15,0.216264055852605,-0.44518065
CC(=O)N1CCC[C@H]1C(=O)O,CCCO,293.15,0.336712002898532,-0.6214332
CC(=O)N1CCC[C@H]1C(=O)O,CC(C)O,313.15,0.327942995567479,-0.3211726
CC(=O)N1CCC[C@H]1C(=O)O,CC(C)CO,313.15,0.258397892510601,-0.51148975
CC(=O)N1CCC[C@H]1C(=O)O,CCO,303.15,0.497375819262446,-0.19252908
CC(=O)N1CCC[C@H]1C(=O)O,CCCCCO,323.15,0.227345248374393,-0.45226148
CC(=O)N1CCC[C@H]1C(=O)O,CO,293.15,0.69130608111313,-0.03943473
CC(=O)N1CCC[C@H]1C(=O)O,CC(C)O,323.15,0.435350040899068,-0.16763255
CC(=O)N1CCC[C@H]1C(=O)O,CCC(C)O,323.15,0.389079800846966,-0.27281436
CC(=O)N1CCC[C@H]1C(=O)O,CCCO,303.15,0.505892443056741,-0.44197047
CC(=O)N1CCC[C@H]1C(=O)O,CCCCO,323.15,0.419511212425812,-0.29226476
CC(=O)N1CCC[C@H]1C(=O)O,CC(C)CO,323.15,0.420436133028338,-0.33975047
CC(=O)N1CCC[C@H]1C(=O)O,CO,303.15,0.811953745349755,0.10571036
CC(=O)N1CCC[C@H]1C(=O)O,CCO,313.15,0.671144832833896,-0.044366747
CC(=O)N1CCC[C@H]1C(=O)O,CC#N,323.15,0.797530856656402,-0.3432005
CC(=O)N1CCC[C@H]1C(=O)O,CCCO,313.15,0.680053801681716,-0.27496266
CC(=O)N1CCC[C@H]1C(=O)O,CCO,323.15,0.801390368344663,0.094767585
CC(=O)N1CCC[C@H]1C(=O)O,CO,313.15,0.997066783810717,0.24158005
CC(=O)N1CCC[C@H]1C(=O)O,CCCO,323.15,0.813682334950104,-0.12006816
CC(=O)N1CCC[C@H]1C(=O)O,CO,323.15,1.21126186544053,0.36756855
Clc1cc(Cl)c(Cl)cc1Cl,O,278.15,-6.01212929938293,-1.5339358
Clc1cc(Cl)c(Cl)cc1Cl,O,288.15,-5.82233676264986,-1.3445684
Clc1cc(Cl)c(Cl)cc1Cl,O,298.15,-5.60755871181188,-1.1577952
Clc1cc(Cl)c(Cl)cc1Cl,O,308.15,-5.46154819595087,-0.97302985
Clc1cc(Cl)c(Cl)cc1Cl,O,318.15,-5.27826871829959,-0.7891038
Clc1ccc(Cl)cc1,O,278.15,-3.47762437984727,-0.8784324
Clc1ccc(Cl)cc1,O,298.15,-3.25363624422036,-0.5110487
Clc1ccc(Cl)cc1,O,308.15,-3.14514435866249,-0.3333819
Clc1ccc(Cl)cc1,O,288.15,-3.36492009965598,-0.6921216
Clc1ccc(Cl)cc1,O,318.15,-3.05031729680272,-0.15940785
Cc1c(C(=O)O)cc([N+](=O)[O-])cc1[N+](=O)[O-],CC(C)CO,298.15,-1.04703006158125,-1.0698333
Cc1c(C(=O)O)cc([N+](=O)[O-])cc1[N+](=O)[O-],CCCCCCCCCCO,298.15,-1.33124694025684,-1.433053
Cc1c(C(=O)O)cc([N+](=O)[O-])cc1[N+](=O)[O-],CC(C)CCO,298.15,-0.952011447432955,-1.2788657
Cc1c(C(=O)O)cc([N+](=O)[O-])cc1[N+](=O)[O-],CCCCCCCCO,298.15,-1.09678226404819,-1.3665018
Cc1c(C(=O)O)cc([N+](=O)[O-])cc1[N+](=O)[O-],CCCCCCO,298.15,-0.96198628884178,-1.4128696
Cc1c(C(=O)O)cc([N+](=O)[O-])cc1[N+](=O)[O-],CC(C)CC(C)O,298.15,-0.952539532141525,-1.7586173
Cc1c(C(=O)O)cc([N+](=O)[O-])cc1[N+](=O)[O-],CC(C)(C)O,298.15,-0.812348070089276,-0.88186026
Cc1c(C(=O)O)cc([N+](=O)[O-])cc1[N+](=O)[O-],CCCC(C)O,298.15,-0.852709709972356,-1.4396436
Cc1c(C(=O)O)cc([N+](=O)[O-])cc1[N+](=O)[O-],CC(C)O,298.15,-0.698943546885025,-0.9026846
Cc1c(C(=O)O)cc([N+](=O)[O-])cc1[N+](=O)[O-],CCCCO,298.15,-0.772680334341314,-1.0679041
Cc1c(C(=O)O)cc([N+](=O)[O-])cc1[N+](=O)[O-],CCC(C)O,298.15,-0.77265559823962,-1.0835085
Cc1c(C(=O)O)cc([N+](=O)[O-])cc1[N+](=O)[O-],CCCCCO,298.15,-0.813125525057814,-1.02894
Cc1c(C(=O)O)cc([N+](=O)[O-])cc1[N+](=O)[O-],CCCO,298.15,-0.647540691957312,-0.7380617
Cc1c(C(=O)O)cc([N+](=O)[O-])cc1[N+](=O)[O-],CCCCCCCO,298.15,-0.919062211920803,-1.384319
Cc1c(C(=O)O)cc([N+](=O)[O-])cc1[N+](=O)[O-],CCCCCOC(C)=O,298.15,-0.759648162368421,-0.849441
Cc1c(C(=O)O)cc([N+](=O)[O-])cc1[N+](=O)[O-],CCCCOC(C)=O,298.15,-0.68924695868024,-1.0380021
Cc1c(C(=O)O)cc([N+](=O)[O-])cc1[N+](=O)[O-],CCCOC(C)=O,298.15,-0.581977645341977,-0.69457704
Cc1c(C(=O)O)cc([N+](=O)[O-])cc1[N+](=O)[O-],CCOC(C)=O,298.15,-0.474485475385511,-0.4564241
Cc1c(C(=O)O)cc([N+](=O)[O-])cc1[N+](=O)[O-],COC(C)=O,298.15,-0.315321307781272,-0.3115043
COc1ccccc1C(=O)O,CCOC(=O)OCC,298.15,-0.503434733995297,-0.2880873
Cc1cc(C(=O)O)ccc1[N+](=O)[O-],COC(=O)OC,298.15,-1.08245892276044,-0.28826404
O=c1[nH]c(=O)[nH]c(=O)[nH]1,OCCO,308.25,-2.14793843350462,-0.8309508
O=c1[nH]c(=O)[nH]c(=O)[nH]1,OCCO,318.05,-2.0400242764449,-0.7063634
O=c1[nH]c(=O)[nH]c(=O)[nH]1,OCCO,324.45,-1.97053737800371,-0.6262959
O=c1[nH]c(=O)[nH]c(=O)[nH]1,OCCO,329.05,-1.92193968392698,-0.56973577
O=c1[nH]c(=O)[nH]c(=O)[nH]1,OCCO,331.15,-1.90079685112403,-0.54394627
O=c1[nH]c(=O)[nH]c(=O)[nH]1,OCCO,336.15,-1.84977291366707,-0.48307508
O=c1[nH]c(=O)[nH]c(=O)[nH]1,OCCO,338.85,-1.82247395543728,-0.45107567
O=c1[nH]c(=O)[nH]c(=O)[nH]1,OCCO,345.55,-1.7577978354459,-0.37412268
O=c1[nH]c(=O)[nH]c(=O)[nH]1,OCCO,348.24,-1.73259750444467,-0.3436037
O=c1[nH]c(=O)[nH]c(=O)[nH]1,OCCO,351.45,-1.70139465656746,-0.30865502
O=c1[nH]c(=O)[nH]c(=O)[nH]1,CN(C)C=O,307.07,-0.243165685625515,0.08958168
O=c1[nH]c(=O)[nH]c(=O)[nH]1,CN(C)C=O,310.61,-0.231777799143442,0.12390998
O=c1[nH]c(=O)[nH]c(=O)[nH]1,CN(C)C=O,314.84,-0.215475797761772,0.16536143
O=c1[nH]c(=O)[nH]c(=O)[nH]1,CN(C)C=O,319.71,-0.197950626026117,0.21265663
O=c1[nH]c(=O)[nH]c(=O)[nH]1,CN(C)C=O,324.55,-0.180740272475717,0.2592305
O=c1[nH]c(=O)[nH]c(=O)[nH]1,CN(C)C=O,329.55,-0.162793626028408,0.30644548
O=c1[nH]c(=O)[nH]c(=O)[nH]1,CN(C)C=O,334.45,-0.141435098431569,0.35212994
O=c1[nH]c(=O)[nH]c(=O)[nH]1,CN(C)C=O,338.54,-0.126436528108872,0.3891793
O=c1[nH]c(=O)[nH]c(=O)[nH]1,CN(C)C=O,344.14,-0.105329422047805,0.43917316
O=c1[nH]c(=O)[nH]c(=O)[nH]1,CN(C)C=O,348.74,-0.079862511430664,0.47985113
O=c1[nH]c(=O)[nH]c(=O)[nH]1,CN(C)C=O,305.15,-2.16863997814774,0.07070091
O=c1[nH]c(=O)[nH]c(=O)[nH]1,CN(C)C=O,309.35,-2.08151696040491,0.11170192
O=c1[nH]c(=O)[nH]c(=O)[nH]1,CN(C)C=O,313.93,-1.9920618465042,0.15645151
O=c1[nH]c(=O)[nH]c(=O)[nH]1,CN(C)C=O,314.93,-1.97233551268001,0.1662428
O=c1[nH]c(=O)[nH]c(=O)[nH]1,CN(C)C=O,316.33,-1.9463061394836,0.17981459
O=c1[nH]c(=O)[nH]c(=O)[nH]1,CN(C)C=O,318.05,-1.91464695950693,0.19652998
O=c1[nH]c(=O)[nH]c(=O)[nH]1,CN(C)C=O,319.7,-1.88478801876489,0.21255976
O=c1[nH]c(=O)[nH]c(=O)[nH]1,CN(C)C=O,321.15,-1.85922936528343,0.22658238
O=c1[nH]c(=O)[nH]c(=O)[nH]1,CN(C)C=O,325.1,-1.79119524157181,0.2644915
O=c1[nH]c(=O)[nH]c(=O)[nH]1,CN(C)C=O,328.97,-1.72762553941555,0.30100942
O=c1[nH]c(=O)[nH]c(=O)[nH]1,CN(C)C=O,334.3,-1.64514841785237,0.35075128
O=c1[nH]c(=O)[nH]c(=O)[nH]1,CN(C)C=O,337.46,-1.59815262891065,0.3794526
O=c1[nH]c(=O)[nH]c(=O)[nH]1,O=S1(=O)CCCC1,316.84,-1.68383374471318,-0.037523
O=c1[nH]c(=O)[nH]c(=O)[nH]1,O=S1(=O)CCCC1,319.99,-1.64482288795532,-0.010162547
O=c1[nH]c(=O)[nH]c(=O)[nH]1,O=S1(=O)CCCC1,324.55,-1.5820024455575,0.02909407
O=c1[nH]c(=O)[nH]c(=O)[nH]1,O=S1(=O)CCCC1,329.73,-1.5141698395209,0.073940516
O=c1[nH]c(=O)[nH]c(=O)[nH]1,O=S1(=O)CCCC1,336.34,-1.43723674119953,0.13156876
O=c1[nH]c(=O)[nH]c(=O)[nH]1,O=S1(=O)CCCC1,340.84,-1.37695677673324,0.17065947
O=c1[nH]c(=O)[nH]c(=O)[nH]1,O=S1(=O)CCCC1,346.14,-1.32635721856139,0.21675046
O=c1[nH]c(=O)[nH]c(=O)[nH]1,O=S1(=O)CCCC1,350.04,-1.27809742411915,0.25078994
O=c1[nH]c(=O)[nH]c(=O)[nH]1,O=S1(=O)CCCC1,355.26,-1.23123758273518,0.26306146
O=c1[nH]c(=O)[nH]c(=O)[nH]1,O=S1(=O)CCCC1,360.96,-1.17405898321703,0.26306146
O=c1[nH]c(=O)[nH]c(=O)[nH]1,CC(=O)N(C)C,314.35,-0.647287129957808,-0.13559
O=c1[nH]c(=O)[nH]c(=O)[nH]1,CC(=O)N(C)C,318.85,-0.628858280637151,-0.09200354
O=c1[nH]c(=O)[nH]c(=O)[nH]1,CC(=O)N(C)C,323.5,-0.60934602603459,-0.047891602
O=c1[nH]c(=O)[nH]c(=O)[nH]1,CC(=O)N(C)C,332.8,-0.567490493356066,0.04003966
O=c1[nH]c(=O)[nH]c(=O)[nH]1,CC(=O)N(C)C,335.65,-0.548060811010309,0.06675027
O=c1[nH]c(=O)[nH]c(=O)[nH]1,CC(=O)N(C)C,339.2,-0.527484336947889,0.09985523
O=c1[nH]c(=O)[nH]c(=O)[nH]1,CC(=O)N(C)C,344.82,-0.497859372566758,0.15189348
O=c1[nH]c(=O)[nH]c(=O)[nH]1,CC(=O)N(C)C,349.61,-0.470820013663786,0.19658302
O=c1[nH]c(=O)[nH]c(=O)[nH]1,CC(=O)N(C)C,353.9,-0.445028663666058,0.21374765
O=c1[nH]c(=O)[nH]c(=O)[nH]1,CC(=O)N(C)C,358.95,-0.419149489514296,0.21374765
O=c1[nH]c(=O)[nH]c(=O)[nH]1,CC(=O)N(C)C,301.07,-1.75907936151625,-0.26664782
O=c1[nH]c(=O)[nH]c(=O)[nH]1,CC(=O)N(C)C,304.98,-1.71897859971335,-0.2280164
O=c1[nH]c(=O)[nH]c(=O)[nH]1,CC(=O)N(C)C,308.2,-1.67821288721151,-0.19620936
O=c1[nH]c(=O)[nH]c(=O)[nH]1,CC(=O)N(C)C,311.0,-1.64433107077891,-0.16853528
O=c1[nH]c(=O)[nH]c(=O)[nH]1,CC(=O)N(C)C,314.13,-1.60820486079465,-0.1377464
O=c1[nH]c(=O)[nH]c(=O)[nH]1,CC(=O)N(C)C,317.3,-1.57307648491247,-0.106930986
O=c1[nH]c(=O)[nH]c(=O)[nH]1,CC(=O)N(C)C,321.95,-1.52421298315693,-0.062610134
O=c1[nH]c(=O)[nH]c(=O)[nH]1,CC(=O)N(C)C,327.37,-1.47080187054093,-0.011136949
O=c1[nH]c(=O)[nH]c(=O)[nH]1,CC(=O)N(C)C,330.94,-1.43787522234311,0.022607282
O=c1[nH]c(=O)[nH]c(=O)[nH]1,CC(=O)N(C)C,337.75,-1.37978303637956,0.08634701
O=c1[nH]c(=O)[nH]c(=O)[nH]1,CC(=O)N(C)C,343.45,-1.33591342794818,0.13926241
O=c1[nH]c(=O)[nH]c(=O)[nH]1,OC1CCCCC1,312.45,-2.65507516719304,-1.3347409
O=c1[nH]c(=O)[nH]c(=O)[nH]1,OC1CCCCC1,316.75,-2.57581222849412,-1.2712169
O=c1[nH]c(=O)[nH]c(=O)[nH]1,OC1CCCCC1,320.25,-2.50623343645874,-1.2197287
O=c1[nH]c(=O)[nH]c(=O)[nH]1,OC1CCCCC1,325.8,-2.4120108179233,-1.1387877
O=c1[nH]c(=O)[nH]c(=O)[nH]1,OC1CCCCC1,330.85,-2.29752393358383,-1.0668368
O=c1[nH]c(=O)[nH]c(=O)[nH]1,OC1CCCCC1,337.15,-2.17527826722345,-0.976469
O=c1[nH]c(=O)[nH]c(=O)[nH]1,OC1CCCCC1,344.25,-2.07471530658745,-0.87426823
O=c1[nH]c(=O)[nH]c(=O)[nH]1,OC1CCCCC1,351.5,-1.96918719428644,-0.77308595
O=c1[nH]c(=O)[nH]c(=O)[nH]1,OC1CCCCC1,355.15,-1.92637084603159,-0.77163124
O=c1[nH]c(=O)[nH]c(=O)[nH]1,OC1CCCCC1,358.65,-1.88215084017553,-0.77163124
O=c1[nH]c(=O)[nH]c(=O)[nH]1,NC=O,312.37,-1.23628963973188,-0.6748936
O=c1[nH]c(=O)[nH]c(=O)[nH]1,NC=O,322.17,-1.1152710338789,-0.5582591
O=c1[nH]c(=O)[nH]c(=O)[nH]1,NC=O,326.16,-1.07026530500477,-0.5114068
O=c1[nH]c(=O)[nH]c(=O)[nH]1,NC=O,328.9,-1.04094170121047,-0.4797845
O=c1[nH]c(=O)[nH]c(=O)[nH]1,NC=O,333.48,-0.995494673896081,-0.42739546
O=c1[nH]c(=O)[nH]c(=O)[nH]1,NC=O,335.5,-0.966514584714827,-0.404295
O=c1[nH]c(=O)[nH]c(=O)[nH]1,NC=O,337.9,-0.938339206150729,-0.3774077
O=c1[nH]c(=O)[nH]c(=O)[nH]1,NC=O,342.14,-0.886737009645239,-0.33020276
O=c1[nH]c(=O)[nH]c(=O)[nH]1,NC=O,344.46,-0.860485571957518,-0.3042154
O=c1[nH]c(=O)[nH]c(=O)[nH]1,NC=O,346.7,-0.836942732568086,-0.27929842
c1ccc(-n2c(-c3cc(-c4nc5ccccc5n4-c4ccccc4)cc(-c4nc5ccccc5n4-c4ccccc4)c3)nc3ccccc32)cc1,CC#N,283.15,-2.65688672945198,-4.035117
c1ccc(-n2c(-c3cc(-c4nc5ccccc5n4-c4ccccc4)cc(-c4nc5ccccc5n4-c4ccccc4)c3)nc3ccccc32)cc1,CC#N,293.15,-2.58837314212737,-3.8440187
c1ccc(-n2c(-c3cc(-c4nc5ccccc5n4-c4ccccc4)cc(-c4nc5ccccc5n4-c4ccccc4)c3)nc3ccccc32)cc1,CC#N,303.15,-2.55224171178483,-3.6505046
c1ccc(-n2c(-c3cc(-c4nc5ccccc5n4-c4ccccc4)cc(-c4nc5ccccc5n4-c4ccccc4)c3)nc3ccccc32)cc1,CC#N,313.15,-2.45712135879511,-3.4546852
c1ccc(-n2c(-c3cc(-c4nc5ccccc5n4-c4ccccc4)cc(-c4nc5ccccc5n4-c4ccccc4)c3)nc3ccccc32)cc1,CC#N,323.15,-2.37222392445388,-3.2615676
c1ccc(-n2c(-c3cc(-c4nc5ccccc5n4-c4ccccc4)cc(-c4nc5ccccc5n4-c4ccccc4)c3)nc3ccccc32)cc1,CCO,283.15,-2.20843558644132,-4.071765
c1ccc(-n2c(-c3cc(-c4nc5ccccc5n4-c4ccccc4)cc(-c4nc5ccccc5n4-c4ccccc4)c3)nc3ccccc32)cc1,CCO,293.15,-2.12529456361952,-3.8689609
c1ccc(-n2c(-c3cc(-c4nc5ccccc5n4-c4ccccc4)cc(-c4nc5ccccc5n4-c4ccccc4)c3)nc3ccccc32)cc1,CCO,303.15,-2.03648962043325,-3.6635597
c1ccc(-n2c(-c3cc(-c4nc5ccccc5n4-c4ccccc4)cc(-c4nc5ccccc5n4-c4ccccc4)c3)nc3ccccc32)cc1,CCO,313.15,-1.92025526435282,-3.4559207
c1ccc(-n2c(-c3cc(-c4nc5ccccc5n4-c4ccccc4)cc(-c4nc5ccccc5n4-c4ccccc4)c3)nc3ccccc32)cc1,CCO,323.15,-1.81347380450893,-3.2466779
c1ccc(-n2c(-c3cc(-c4nc5ccccc5n4-c4ccccc4)cc(-c4nc5ccccc5n4-c4ccccc4)c3)nc3ccccc32)cc1,CS(C)=O,293.15,-1.77471542392984,-3.0213723
c1ccc(-n2c(-c3cc(-c4nc5ccccc5n4-c4ccccc4)cc(-c4nc5ccccc5n4-c4ccccc4)c3)nc3ccccc32)cc1,CS(C)=O,303.15,-1.67114627592496,-2.8416677
c1ccc(-n2c(-c3cc(-c4nc5ccccc5n4-c4ccccc4)cc(-c4nc5ccccc5n4-c4ccccc4)c3)nc3ccccc32)cc1,CS(C)=O,313.15,-1.49884460289522,-2.664741
c1ccc(-n2c(-c3cc(-c4nc5ccccc5n4-c4ccccc4)cc(-c4nc5ccccc5n4-c4ccccc4)c3)nc3ccccc32)cc1,CS(C)=O,323.15,-1.38025196993589,-2.4901855
c1ccc(-n2c(-c3cc(-c4nc5ccccc5n4-c4ccccc4)cc(-c4nc5ccccc5n4-c4ccccc4)c3)nc3ccccc32)cc1,CC(C)O,283.15,-3.83280688045807,-4.3369465
c1ccc(-n2c(-c3cc(-c4nc5ccccc5n4-c4ccccc4)cc(-c4nc5ccccc5n4-c4ccccc4)c3)nc3ccccc32)cc1,CC(C)O,293.15,-3.54467885016688,-4.128967
c1ccc(-n2c(-c3cc(-c4nc5ccccc5n4-c4ccccc4)cc(-c4nc5ccccc5n4-c4ccccc4)c3)nc3ccccc32)cc1,CC(C)O,303.15,-3.4052595523712,-3.9190323
c1ccc(-n2c(-c3cc(-c4nc5ccccc5n4-c4ccccc4)cc(-c4nc5ccccc5n4-c4ccccc4)c3)nc3ccccc32)cc1,CC(C)O,313.15,-3.2390100085015,-3.7061985
c1ccc(-n2c(-c3cc(-c4nc5ccccc5n4-c4ccccc4)cc(-c4nc5ccccc5n4-c4ccccc4)c3)nc3ccccc32)cc1,CC(C)O,323.15,-3.06070726291455,-3.491059
c1ccc(-n2c(-c3cc(-c4nc5ccccc5n4-c4ccccc4)cc(-c4nc5ccccc5n4-c4ccccc4)c3)nc3ccccc32)cc1,CCCCO,283.15,-1.88848416863746,-3.9505963
c1ccc(-n2c(-c3cc(-c4nc5ccccc5n4-c4ccccc4)cc(-c4nc5ccccc5n4-c4ccccc4)c3)nc3ccccc32)cc1,CCCCO,293.15,-1.84016236594666,-3.7399855
c1ccc(-n2c(-c3cc(-c4nc5ccccc5n4-c4ccccc4)cc(-c4nc5ccccc5n4-c4ccccc4)c3)nc3ccccc32)cc1,CCCCO,303.15,-1.77456780703854,-3.5253172
c1ccc(-n2c(-c3cc(-c4nc5ccccc5n4-c4ccccc4)cc(-c4nc5ccccc5n4-c4ccccc4)c3)nc3ccccc32)cc1,CCCCO,313.15,-1.74654028519307,-3.311699
c1ccc(-n2c(-c3cc(-c4nc5ccccc5n4-c4ccccc4)cc(-c4nc5ccccc5n4-c4ccccc4)c3)nc3ccccc32)cc1,CCCCO,323.15,-3.69122726075973,-3.0965607
c1ccc(-n2c(-c3cc(-c4nc5ccccc5n4-c4ccccc4)cc(-c4nc5ccccc5n4-c4ccccc4)c3)nc3ccccc32)cc1,C1CCOC1,283.15,-1.7024114769052,-2.5961735
c1ccc(-n2c(-c3cc(-c4nc5ccccc5n4-c4ccccc4)cc(-c4nc5ccccc5n4-c4ccccc4)c3)nc3ccccc32)cc1,C1CCOC1,293.15,-1.60352612869563,-2.4250944
c1ccc(-n2c(-c3cc(-c4nc5ccccc5n4-c4ccccc4)cc(-c4nc5ccccc5n4-c4ccccc4)c3)nc3ccccc32)cc1,C1CCOC1,303.15,-1.47144116572423,-2.25618
c1ccc(-n2c(-c3cc(-c4nc5ccccc5n4-c4ccccc4)cc(-c4nc5ccccc5n4-c4ccccc4)c3)nc3ccccc32)cc1,C1CCOC1,313.15,-1.2955458400404,-2.0933845
c1ccc(-n2c(-c3cc(-c4nc5ccccc5n4-c4ccccc4)cc(-c4nc5ccccc5n4-c4ccccc4)c3)nc3ccccc32)cc1,C1CCOC1,323.15,-1.27011736863555,-1.9294806
c1ccc(-n2c(-c3cc(-c4nc5ccccc5n4-c4ccccc4)cc(-c4nc5ccccc5n4-c4ccccc4)c3)nc3ccccc32)cc1,CCOC(C)=O,283.15,-2.13263468416274,-3.1579552
c1ccc(-n2c(-c3cc(-c4nc5ccccc5n4-c4ccccc4)cc(-c4nc5ccccc5n4-c4ccccc4)c3)nc3ccccc32)cc1,CCOC(C)=O,293.15,-2.09960032028111,-2.967124
c1ccc(-n2c(-c3cc(-c4nc5ccccc5n4-c4ccccc4)cc(-c4nc5ccccc5n4-c4ccccc4)c3)nc3ccccc32)cc1,CCOC(C)=O,303.15,-2.03142899940848,-2.7775526
c1ccc(-n2c(-c3cc(-c4nc5ccccc5n4-c4ccccc4)cc(-c4nc5ccccc5n4-c4ccccc4)c3)nc3ccccc32)cc1,CCOC(C)=O,313.15,-1.92230653043184,-2.5911891
c1ccc(-n2c(-c3cc(-c4nc5ccccc5n4-c4ccccc4)cc(-c4nc5ccccc5n4-c4ccccc4)c3)nc3ccccc32)cc1,CCOC(C)=O,323.15,-1.76683657887835,-2.4070163
c1ccc(-n2c(-c3cc(-c4nc5ccccc5n4-c4ccccc4)cc(-c4nc5ccccc5n4-c4ccccc4)c3)nc3ccccc32)cc1,C1CCCCC1,283.15,-5.71452531402377,-4.163408
c1ccc(-n2c(-c3cc(-c4nc5ccccc5n4-c4ccccc4)cc(-c4nc5ccccc5n4-c4ccccc4)c3)nc3ccccc32)cc1,C1CCCCC1,293.15,-5.46061737906105,-3.9374154
c1ccc(-n2c(-c3cc(-c4nc5ccccc5n4-c4ccccc4)cc(-c4nc5ccccc5n4-c4ccccc4)c3)nc3ccccc32)cc1,C1CCCCC1,303.15,-5.26420235036988,-3.710971
c1ccc(-n2c(-c3cc(-c4nc5ccccc5n4-c4ccccc4)cc(-c4nc5ccccc5n4-c4ccccc4)c3)nc3ccccc32)cc1,C1CCCCC1,313.15,-4.99102056941818,-3.488772
c1ccc(-n2c(-c3cc(-c4nc5ccccc5n4-c4ccccc4)cc(-c4nc5ccccc5n4-c4ccccc4)c3)nc3ccccc32)cc1,C1CCCCC1,323.15,-4.77317691585189,-3.2712257
c1ccc(-n2c(-c3cc(-c4nc5ccccc5n4-c4ccccc4)cc(-c4nc5ccccc5n4-c4ccccc4)c3)nc3ccccc32)cc1,CCCCCC,283.15,-4.52251670618262,-4.7255325
c1ccc(-n2c(-c3cc(-c4nc5ccccc5n4-c4ccccc4)cc(-c4nc5ccccc5n4-c4ccccc4)c3)nc3ccccc32)cc1,CCCCCC,293.15,-4.35390617338416,-4.5011773
c1ccc(-n2c(-c3cc(-c4nc5ccccc5n4-c4ccccc4)cc(-c4nc5ccccc5n4-c4ccccc4)c3)nc3ccccc32)cc1,CCCCCC,303.15,-4.14302943229496,-4.28032
c1ccc(-n2c(-c3cc(-c4nc5ccccc5n4-c4ccccc4)cc(-c4nc5ccccc5n4-c4ccccc4)c3)nc3ccccc32)cc1,CCCCCC,313.15,-3.96315709731742,-4.0648003
c1ccc(-n2c(-c3cc(-c4nc5ccccc5n4-c4ccccc4)cc(-c4nc5ccccc5n4-c4ccccc4)c3)nc3ccccc32)cc1,CCCCCC,323.15,-3.78814345542933,-3.84865
c1ccc(-n2c(-c3cc(-c4nc5ccccc5n4-c4ccccc4)cc(-c4nc5ccccc5n4-c4ccccc4)c3)nc3ccccc32)cc1,Clc1ccccc1,293.15,-1.1500544155056,-2.6760325
c1ccc(-n2c(-c3cc(-c4nc5ccccc5n4-c4ccccc4)cc(-c4nc5ccccc5n4-c4ccccc4)c3)nc3ccccc32)cc1,Clc1ccccc1,303.15,-1.0728385293271,-2.5030708
c1ccc(-n2c(-c3cc(-c4nc5ccccc5n4-c4ccccc4)cc(-c4nc5ccccc5n4-c4ccccc4)c3)nc3ccccc32)cc1,Clc1ccccc1,313.15,-1.03194089081907,-2.3363562
c1ccc(-n2c(-c3cc(-c4nc5ccccc5n4-c4ccccc4)cc(-c4nc5ccccc5n4-c4ccccc4)c3)nc3ccccc32)cc1,Clc1ccccc1,323.15,-0.962150186763702,-2.1762872
c1ccc(-n2c(-c3cc(-c4nc5ccccc5n4-c4ccccc4)cc(-c4nc5ccccc5n4-c4ccccc4)c3)nc3ccccc32)cc1,CO,283.15,-2.2286417647724,-4.201291
c1ccc(-n2c(-c3cc(-c4nc5ccccc5n4-c4ccccc4)cc(-c4nc5ccccc5n4-c4ccccc4)c3)nc3ccccc32)cc1,CO,293.15,-2.1933133372222,-4.016091
c1ccc(-n2c(-c3cc(-c4nc5ccccc5n4-c4ccccc4)cc(-c4nc5ccccc5n4-c4ccccc4)c3)nc3ccccc32)cc1,CO,303.15,-2.14919770219704,-3.8303316
c1ccc(-n2c(-c3cc(-c4nc5ccccc5n4-c4ccccc4)cc(-c4nc5ccccc5n4-c4ccccc4)c3)nc3ccccc32)cc1,CO,313.15,-2.12989710928502,-3.6422675
c1ccc(-n2c(-c3cc(-c4nc5ccccc5n4-c4ccccc4)cc(-c4nc5ccccc5n4-c4ccccc4)c3)nc3ccccc32)cc1,CO,323.15,-2.06491312363266,-3.450549
c1ccc(-n2c(-c3cc(-c4nc5ccccc5n4-c4ccccc4)cc(-c4nc5ccccc5n4-c4ccccc4)c3)nc3ccccc32)cc1,ClC(Cl)Cl,283.15,-1.00839563824674,-2.3441439
c1ccc(-n2c(-c3cc(-c4nc5ccccc5n4-c4ccccc4)cc(-c4nc5ccccc5n4-c4ccccc4)c3)nc3ccccc32)cc1,ClC(Cl)Cl,293.15,-0.971452320284954,-2.17283
c1ccc(-n2c(-c3cc(-c4nc5ccccc5n4-c4ccccc4)cc(-c4nc5ccccc5n4-c4ccccc4)c3)nc3ccccc32)cc1,ClC(Cl)Cl,303.15,-0.936426938731638,-2.0121098
c1ccc(-n2c(-c3cc(-c4nc5ccccc5n4-c4ccccc4)cc(-c4nc5ccccc5n4-c4ccccc4)c3)nc3ccccc32)cc1,ClC(Cl)Cl,313.15,-0.905405882317721,-1.8578701
c1ccc(-n2c(-c3cc(-c4nc5ccccc5n4-c4ccccc4)cc(-c4nc5ccccc5n4-c4ccccc4)c3)nc3ccccc32)cc1,ClC(Cl)Cl,323.15,-0.857482497612422,-1.709392
Cc1cccc2c1sc1c(C)cccc12,O,313.2,-6.75789,-0.42151546
Cc1cccc2c1sc1c(C)cccc12,O,333.2,-6.1695,-0.10387282
Cc1cccc2c1sc1c(C)cccc12,O,353.2,-5.61387,0.17976506
Cc1cccc2c1sc1c(C)cccc12,O,373.2,-4.97778,0.17976506
Cc1cccc2c1sc1c(C)cccc12,O,393.2,-4.4337,0.17976506
Cc1cccc2c1sc1c(C)cccc12,O,413.2,-3.84983,0.17976506
Cc1cccc2c1sc1c(C)cccc12,O,423.2,-3.58614,0.17976506
Cc1c2ccccc2c(C)c2ccccc12,O,273.45,-7.83553,-2.389786
Cc1c2ccccc2c(C)c2ccccc12,O,278.15,-7.73203,-2.2969315
Cc1c2ccccc2c(C)c2ccccc12,O,283.15,-7.58656,-2.1975415
Cc1c2ccccc2c(C)c2ccccc12,O,288.15,-7.47024,-2.0979753
Cc1c2ccccc2c(C)c2ccccc12,O,293.15,-7.34468,-1.9970049
Cc1c2ccccc2c(C)c2ccccc12,O,298.15,-7.20351,-1.8966603
Cc1c2ccccc2c(C)c2ccccc12,O,303.15,-7.04459,-1.7956607
Cc1c2ccccc2c(C)c2ccccc12,O,308.15,-6.9127,-1.6955798
Cc1c2ccccc2c(C)c2ccccc12,O,313.15,-6.76879,-1.5961508
Cc1c2ccccc2c(C)c2ccccc12,O,318.15,-6.61426,-1.4971151
Cc1c2ccccc2c(C)c2ccccc12,O,323.15,-6.45197,-1.3989004
Cc1c2ccccc2c(C)c2ccccc12,O,313.2,-6.7444,-1.5951569
Cc1c2ccccc2c(C)c2ccccc12,O,333.2,-6.23354,-1.2043645
Cc1c2ccccc2c(C)c2ccccc12,O,353.2,-5.65526,-0.85269034
Cc1c2ccccc2c(C)c2ccccc12,O,373.2,-5.13456,-0.85269034
Cc1c2ccccc2c(C)c2ccccc12,O,393.2,-4.58117,-0.85269034
Cc1c2ccccc2c(C)c2ccccc12,O,413.2,-4.06088,-0.85269034
Cc1c2ccccc2c(C)c2ccccc12,O,433.2,-3.57958,-0.85269034
Cc1c2ccccc2c(C)c2ccccc12,O,448.2,-3.21554,-0.85269034
c1ccc2cc3c(ccc4ccccc43)cc2c1,O,298.15,-7.21199,-3.2898276
c1ccc2cc3c(ccc4ccccc43)cc2c1,O,313.0,-6.73132,-3.0004177
c1ccc2cc3c(ccc4ccccc43)cc2c1,O,333.0,-6.33867,-2.5938025
c1ccc2cc3c(ccc4ccccc43)cc2c1,O,353.0,-5.79822,-2.1985297
c1ccc2cc3c(ccc4ccccc43)cc2c1,O,373.0,-5.22111,-2.1985297
c1ccc2cc3c(ccc4ccccc43)cc2c1,O,393.0,-4.66493,-2.1985297
c1ccc2cc3c(ccc4ccccc43)cc2c1,O,413.0,-4.08968,-2.1985297
c1ccc2cc3c(ccc4ccccc43)cc2c1,O,423.0,-3.82657,-2.1985297
C[C@]12C=CC(=O)C=C1CC[C@@H]1[C@@H]2[C@@H](O)C[C@@]2(C)[C@H]1CC[C@]2(O)C(=O)CO,O,298.15,-3.2241,-1.4785895
C[C@]12C=CC(=O)C=C1CC[C@@H]1[C@@H]2[C@@H](O)C[C@@]2(C)[C@H]1CC[C@]2(O)C(=O)CO,O,298.2,-3.12148,-1.478066
C[C@]12C=CC(=O)C=C1CC[C@@H]1[C@@H]2[C@@H](O)C[C@@]2(C)[C@H]1CC[C@]2(O)C(=O)CO,O,383.15,-2.07,-0.97966915
C[C@]12C=CC(=O)C=C1CC[C@@H]1[C@@H]2[C@@H](O)C[C@@]2(C)[C@H]1CC[C@]2(O)C(=O)CO,O,393.15,-1.92546,-0.97966915
C[C@]12C=CC(=O)C=C1CC[C@@H]1[C@@H]2[C@@H](O)C[C@@]2(C)[C@H]1CC[C@]2(O)C(=O)CO,O,403.15,-1.69207,-0.97966915
C[C@]12C=CC(=O)C=C1CC[C@@H]1[C@@H]2[C@@H](O)C[C@@]2(C)[C@H]1CC[C@]2(O)C(=O)CO,O,413.15,-1.45553,-0.97966915
C[C@]12C=CC(=O)C=C1CC[C@@H]1[C@@H]2[C@@H](O)C[C@@]2(C)[C@H]1CC[C@]2(O)C(=O)CO,O,423.15,-1.14195,-0.97966915
C[C@]12C=CC(=O)C=C1CC[C@@H]1[C@@H]2[C@@H](O)C[C@@]2(C)[C@H]1CC[C@]2(O)C(=O)CO,O,433.15,-0.85836,-0.97966915
C[C@]12C=CC(=O)C=C1CC[C@@H]1[C@@H]2[C@@H](O)C[C@@]2(C)[C@H]1CC[C@]2(O)C(=O)CO,O,443.15,-0.53545,-0.97966915
Oc1c2cccc1Cc1cccc(c1O)Cc1cccc(c1O)Cc1cccc(c1O)Cc1cccc(c1O)Cc1cccc(c1O)C2,O,433.2,-4.35137,-3.1357455
Oc1c2cccc1Cc1cccc(c1O)Cc1cccc(c1O)Cc1cccc(c1O)Cc1cccc(c1O)Cc1cccc(c1O)C2,O,453.2,-3.97486,-3.1357455
Oc1c2cccc1Cc1cccc(c1O)Cc1cccc(c1O)Cc1cccc(c1O)Cc1cccc(c1O)Cc1cccc(c1O)C2,O,473.2,-3.64193,-3.1357455
Oc1c2cccc1Cc1cccc(c1O)Cc1cccc(c1O)Cc1cccc(c1O)Cc1cccc(c1O)Cc1cccc(c1O)C2,O,493.2,-3.23562,-3.1357455
Oc1c2cccc1Cc1cccc(c1O)Cc1cccc(c1O)Cc1cccc(c1O)Cc1cccc(c1O)Cc1cccc(c1O)C2,O,513.2,-2.89029,-3.1357455
Oc1c2cccc1Cc1cccc(c1O)Cc1cccc(c1O)Cc1cccc(c1O)Cc1cccc(c1O)Cc1cccc(c1O)C2,O,533.2,-2.58514,-3.1357455
CC(C)Nc1nc(Cl)nc(NC(C)C)n1,O,298.0,-6.4572,-1.3744977
CC(C)Nc1nc(Cl)nc(NC(C)C)n1,O,323.0,-6.12406,-0.97798234
CC(C)Nc1nc(Cl)nc(NC(C)C)n1,O,373.0,-5.24888,-0.5463481
CC(C)Nc1nc(Cl)nc(NC(C)C)n1,O,423.0,-3.88963,-0.5463481
CC(C)Nc1nc(Cl)nc(NC(C)C)n1,O,473.0,-2.89311,-0.5463481
O=c1[nH]c(=O)[nH]c(=O)[nH]1,CC(O)CO,305.11,-1.27071,-0.85444987
O=c1[nH]c(=O)[nH]c(=O)[nH]1,CC(O)CO,310.75,-1.22029,-0.7803361
O=c1[nH]c(=O)[nH]c(=O)[nH]1,CC(O)CO,316.8,-1.17427,-0.7018485
O=c1[nH]c(=O)[nH]c(=O)[nH]1,CC(O)CO,326.83,-1.10071,-0.574304
O=c1[nH]c(=O)[nH]c(=O)[nH]1,CC(O)CO,333.85,-1.04296,-0.48752415
O=c1[nH]c(=O)[nH]c(=O)[nH]1,CC(O)CO,340.55,-1.00972,-0.40697774
O=c1[nH]c(=O)[nH]c(=O)[nH]1,CC(O)CO,346.05,-0.96627,-0.3428301
O=c1[nH]c(=O)[nH]c(=O)[nH]1,CC(O)CO,351.6,-0.93841,-0.28059798
O=c1[nH]c(=O)[nH]c(=O)[nH]1,CC(O)CO,358.14,-0.9018,-0.27979702
O=c1[nH]c(=O)[nH]c(=O)[nH]1,CC(O)CO,369.45,-0.84511,-0.27979702
O=c1c2ccccc2sc2ccccc12,C1COCCO1,298.15,-1.1350747656091,0.40102506
O=c1c2ccccc2sc2ccccc12,C1CCOC1,298.15,-0.939596159355037,0.41397923
O=C(O)c1ccc([N+](=O)[O-])cc1,CCCOCCO,298.15,-0.653353339293784,-0.21917944
O=C(O)c1ccc([N+](=O)[O-])cc1,CCCCOCCO,298.15,-0.70906971409327,-0.3384994
O=C(O)c1ccc([N+](=O)[O-])cc1,COC(C)CCO,298.15,-0.621708728148482,-0.2725717
O=C(O)c1ccc([N+](=O)[O-])cc1,CC(C)OCCO,298.15,-0.600610357778858,-0.3246748
O=C(O)c1ccc([N+](=O)[O-])cc1,CCOCCO,298.15,-0.495792203491257,-0.08579633
O=C(O)c1ccc([N+](=O)[O-])cc1,CC(O)COC(C)(C)C,298.15,-0.654591643752229,-0.69450545
Cc1nc2n(c(=O)c1CCN1CCC(c3noc4cc(F)ccc34)CC1)CCCC2,CCO,313.15,-1.15552011110427,-1.4806206
Cc1nc2n(c(=O)c1CCN1CCC(c3noc4cc(F)ccc34)CC1)CCCC2,CCOC(C)=O,288.15,-1.7630821410807,-1.9788059
Cc1nc2n(c(=O)c1CCN1CCC(c3noc4cc(F)ccc34)CC1)CCCC2,CCCO,298.15,-1.38943496500197,-1.8248951
Cc1nc2n(c(=O)c1CCN1CCC(c3noc4cc(F)ccc34)CC1)CCCC2,CC(C)O,323.15,-1.24558471265391,-1.5143434
Cc1nc2n(c(=O)c1CCN1CCC(c3noc4cc(F)ccc34)CC1)CCCC2,CCOC(C)=O,313.15,-1.40105205530663,-1.5316268
Cc1nc2n(c(=O)c1CCN1CCC(c3noc4cc(F)ccc34)CC1)CCCC2,CCO,298.15,-1.46448526429402,-1.7859504
Cc1nc2n(c(=O)c1CCN1CCC(c3noc4cc(F)ccc34)CC1)CCCC2,CO,293.15,-1.08876121844517,-1.9062924
Cc1nc2n(c(=O)c1CCN1CCC(c3noc4cc(F)ccc34)CC1)CCCC2,CCCO,293.15,-1.49633564398116,-1.9295087
Cc1nc2n(c(=O)c1CCN1CCC(c3noc4cc(F)ccc34)CC1)CCCC2,CCCCO,303.15,-1.31753677191653,-1.6145653
Cc1nc2n(c(=O)c1CCN1CCC(c3noc4cc(F)ccc34)CC1)CCCC2,CCOC(C)=O,303.15,-1.57532061000845,-1.705979
Cc1nc2n(c(=O)c1CCN1CCC(c3noc4cc(F)ccc34)CC1)CCCC2,CC(C)=O,298.15,-1.62463328424958,-1.4990501
Cc1nc2n(c(=O)c1CCN1CCC(c3noc4cc(F)ccc34)CC1)CCCC2,CCCO,303.15,-1.29507149198404,-1.7222537
Cc1nc2n(c(=O)c1CCN1CCC(c3noc4cc(F)ccc34)CC1)CCCC2,Cc1ccccc1,288.15,-1.30468960057971,-1.9528372
Cc1nc2n(c(=O)c1CCN1CCC(c3noc4cc(F)ccc34)CC1)CCCC2,CCO,323.15,-0.949755828093003,-1.2788011
Cc1nc2n(c(=O)c1CCN1CCC(c3noc4cc(F)ccc34)CC1)CCCC2,CCCO,278.15,-1.72333815013963,-2.245912
Cc1nc2n(c(=O)c1CCN1CCC(c3noc4cc(F)ccc34)CC1)CCCC2,CC(C)=O,293.15,-1.7094701112567,-1.5767252
Cc1nc2n(c(=O)c1CCN1CCC(c3noc4cc(F)ccc34)CC1)CCCC2,CO,283.15,-1.2389284095371,-2.1046855
Cc1nc2n(c(=O)c1CCN1CCC(c3noc4cc(F)ccc34)CC1)CCCC2,CCO,303.15,-1.375194289498,-1.6834551
Cc1nc2n(c(=O)c1CCN1CCC(c3noc4cc(F)ccc34)CC1)CCCC2,CCCCO,298.15,-1.4193367850072,-1.7128545
Cc1nc2n(c(=O)c1CCN1CCC(c3noc4cc(F)ccc34)CC1)CCCC2,CC(C)c1ccccc1,298.15,-1.72893366471679,-2.5857546
Cc1nc2n(c(=O)c1CCN1CCC(c3noc4cc(F)ccc34)CC1)CCCC2,CO,303.15,-0.922072521578624,-1.710861
Cc1nc2n(c(=O)c1CCN1CCC(c3noc4cc(F)ccc34)CC1)CCCC2,CC(C)=O,323.15,-1.17724649805903,-1.1257674
Cc1nc2n(c(=O)c1CCN1CCC(c3noc4cc(F)ccc34)CC1)CCCC2,CC(C)=O,303.15,-1.53014471509665,-1.4208424
Cc1nc2n(c(=O)c1CCN1CCC(c3noc4cc(F)ccc34)CC1)CCCC2,CO,313.15,-0.727321099821243,-1.519563
Cc1nc2n(c(=O)c1CCN1CCC(c3noc4cc(F)ccc34)CC1)CCCC2,CO,298.15,-1.00736202353699,-1.8078699
Cc1nc2n(c(=O)c1CCN1CCC(c3noc4cc(F)ccc34)CC1)CCCC2,CCCCO,318.15,-0.984413950581014,-1.324065
Cc1nc2n(c(=O)c1CCN1CCC(c3noc4cc(F)ccc34)CC1)CCCC2,CCO,283.15,-1.72736582637489,-2.0984511
Cc1nc2n(c(=O)c1CCN1CCC(c3noc4cc(F)ccc34)CC1)CCCC2,CC(C)O,278.15,-2.31926828676098,-2.487004
Cc1nc2n(c(=O)c1CCN1CCC(c3noc4cc(F)ccc34)CC1)CCCC2,CCCO,283.15,-1.67818783696473,-2.1399283
Cc1nc2n(c(=O)c1CCN1CCC(c3noc4cc(F)ccc34)CC1)CCCC2,CCO,278.15,-1.77629018106174,-2.2051375
Cc1nc2n(c(=O)c1CCN1CCC(c3noc4cc(F)ccc34)CC1)CCCC2,CCCCO,313.15,-1.08990504614938,-1.4201186
Cc1nc2n(c(=O)c1CCN1CCC(c3noc4cc(F)ccc34)CC1)CCCC2,CCO,293.15,-1.58060941854504,-1.8882165
Cc1nc2n(c(=O)c1CCN1CCC(c3noc4cc(F)ccc34)CC1)CCCC2,CC(C)=O,313.15,-1.35007053256078,-1.2684988
Cc1nc2n(c(=O)c1CCN1CCC(c3noc4cc(F)ccc34)CC1)CCCC2,Cc1ccccc1,283.15,-1.39849942085009,-2.050251
Cc1nc2n(c(=O)c1CCN1CCC(c3noc4cc(F)ccc34)CC1)CCCC2,CO,308.15,-0.823066648344419,-1.6147193
Cc1nc2n(c(=O)c1CCN1CCC(c3noc4cc(F)ccc34)CC1)CCCC2,CC(C)O,298.15,-1.87124357817784,-2.0419247
Cc1nc2n(c(=O)c1CCN1CCC(c3noc4cc(F)ccc34)CC1)CCCC2,CC(C)O,308.15,-1.58244213644961,-1.825699
Cc1nc2n(c(=O)c1CCN1CCC(c3noc4cc(F)ccc34)CC1)CCCC2,CC(C)c1ccccc1,293.15,-1.80303075200281,-2.6839654
Cc1nc2n(c(=O)c1CCN1CCC(c3noc4cc(F)ccc34)CC1)CCCC2,CC(C)O,303.15,-1.75401638786722,-1.9327056
Cc1nc2n(c(=O)c1CCN1CCC(c3noc4cc(F)ccc34)CC1)CCCC2,CCOC(C)=O,298.15,-1.65414196393473,-1.7952238
Cc1nc2n(c(=O)c1CCN1CCC(c3noc4cc(F)ccc34)CC1)CCCC2,CO,288.15,-1.16857348937973,-2.0046806
Cc1nc2n(c(=O)c1CCN1CCC(c3noc4cc(F)ccc34)CC1)CCCC2,CCCCO,323.15,-0.875341730262789,-1.2291255
Cc1nc2n(c(=O)c1CCN1CCC(c3noc4cc(F)ccc34)CC1)CCCC2,CC(C)O,293.15,-2.03774265889098,-2.1514962
Cc1nc2n(c(=O)c1CCN1CCC(c3noc4cc(F)ccc34)CC1)CCCC2,CC(C)=O,278.15,-1.92686437924842,-1.8148413
Cc1nc2n(c(=O)c1CCN1CCC(c3noc4cc(F)ccc34)CC1)CCCC2,CC(C)c1ccccc1,283.15,-1.97206544804948,-2.8873138
Cc1nc2n(c(=O)c1CCN1CCC(c3noc4cc(F)ccc34)CC1)CCCC2,CCOC(C)=O,323.15,-1.24218792299811,-1.3600123
Cc1nc2n(c(=O)c1CCN1CCC(c3noc4cc(F)ccc34)CC1)CCCC2,CC(C)O,283.15,-2.21517702683453,-2.3736494
Cc1nc2n(c(=O)c1CCN1CCC(c3noc4cc(F)ccc34)CC1)CCCC2,CC(C)c1ccccc1,288.15,-1.82531336684249,-2.7845826
Cc1nc2n(c(=O)c1CCN1CCC(c3noc4cc(F)ccc34)CC1)CCCC2,CC(C)c1ccccc1,308.15,-1.57441391323889,-2.3956947
Cc1nc2n(c(=O)c1CCN1CCC(c3noc4cc(F)ccc34)CC1)CCCC2,CCCO,318.15,-0.957340162361221,-1.4226048
Cc1nc2n(c(=O)c1CCN1CCC(c3noc4cc(F)ccc34)CC1)CCCC2,Cc1ccccc1,313.15,-0.961162568981992,-1.492732
Cc1nc2n(c(=O)c1CCN1CCC(c3noc4cc(F)ccc34)CC1)CCCC2,CC(C)c1ccccc1,303.15,-1.65765141307765,-2.4897904
Cc1nc2n(c(=O)c1CCN1CCC(c3noc4cc(F)ccc34)CC1)CCCC2,CO,318.15,-0.620307025951653,-1.4261837
Cc1nc2n(c(=O)c1CCN1CCC(c3noc4cc(F)ccc34)CC1)CCCC2,CC(C)=O,308.15,-1.42012719395923,-1.3435342
Cc1nc2n(c(=O)c1CCN1CCC(c3noc4cc(F)ccc34)CC1)CCCC2,CCOC(C)=O,278.15,-1.91714007420241,-2.170578
Cc1nc2n(c(=O)c1CCN1CCC(c3noc4cc(F)ccc34)CC1)CCCC2,CCCO,313.15,-1.06562365154124,-1.5206182
Cc1nc2n(c(=O)c1CCN1CCC(c3noc4cc(F)ccc34)CC1)CCCC2,CC(C)=O,283.15,-1.88139811825037,-1.7339468
Cc1nc2n(c(=O)c1CCN1CCC(c3noc4cc(F)ccc34)CC1)CCCC2,CC(C)=O,288.15,-1.75810181714835,-1.6549267
Cc1nc2n(c(=O)c1CCN1CCC(c3noc4cc(F)ccc34)CC1)CCCC2,CCCO,308.15,-1.16447903371897,-1.6205678
Cc1nc2n(c(=O)c1CCN1CCC(c3noc4cc(F)ccc34)CC1)CCCC2,CCO,318.15,-1.07051899082298,-1.379606
Cc1nc2n(c(=O)c1CCN1CCC(c3noc4cc(F)ccc34)CC1)CCCC2,CCO,288.15,-1.6457653798491,-1.9924928
Cc1nc2n(c(=O)c1CCN1CCC(c3noc4cc(F)ccc34)CC1)CCCC2,CO,323.15,-0.508742426499779,-1.332908
Cc1nc2n(c(=O)c1CCN1CCC(c3noc4cc(F)ccc34)CC1)CCCC2,CC(C)c1ccccc1,313.15,-1.4683994709488,-2.3024054
Cc1nc2n(c(=O)c1CCN1CCC(c3noc4cc(F)ccc34)CC1)CCCC2,CC(C)O,313.15,-1.48898545900066,-1.7203358
Cc1nc2n(c(=O)c1CCN1CCC(c3noc4cc(F)ccc34)CC1)CCCC2,Cc1ccccc1,323.15,-0.810949530133915,-1.3219693
Cc1nc2n(c(=O)c1CCN1CCC(c3noc4cc(F)ccc34)CC1)CCCC2,CCCO,288.15,-1.57603766208152,-2.0350409
Cc1nc2n(c(=O)c1CCN1CCC(c3noc4cc(F)ccc34)CC1)CCCC2,CCCCO,278.15,-1.77266014857406,-2.12104
Cc1nc2n(c(=O)c1CCN1CCC(c3noc4cc(F)ccc34)CC1)CCCC2,CCOC(C)=O,293.15,-1.72238299976166,-1.8857415
Cc1nc2n(c(=O)c1CCN1CCC(c3noc4cc(F)ccc34)CC1)CCCC2,CCCO,323.15,-0.844689467732754,-1.3254778
Cc1nc2n(c(=O)c1CCN1CCC(c3noc4cc(F)ccc34)CC1)CCCC2,CCCCO,293.15,-1.54021049695766,-1.81215
Cc1nc2n(c(=O)c1CCN1CCC(c3noc4cc(F)ccc34)CC1)CCCC2,CC(C)c1ccccc1,318.15,-1.41149879411904,-2.2104504
Cc1nc2n(c(=O)c1CCN1CCC(c3noc4cc(F)ccc34)CC1)CCCC2,Cc1ccccc1,298.15,-1.20020558664491,-1.7645686
Cc1nc2n(c(=O)c1CCN1CCC(c3noc4cc(F)ccc34)CC1)CCCC2,CCO,308.15,-1.25311789700589,-1.5815061
Cc1nc2n(c(=O)c1CCN1CCC(c3noc4cc(F)ccc34)CC1)CCCC2,CCOC(C)=O,308.15,-1.47775873637146,-1.618365
Cc1nc2n(c(=O)c1CCN1CCC(c3noc4cc(F)ccc34)CC1)CCCC2,CCOC(C)=O,283.15,-1.87704695543106,-2.0737782
Cc1nc2n(c(=O)c1CCN1CCC(c3noc4cc(F)ccc34)CC1)CCCC2,CC(C)=O,318.15,-1.2591862901735,-1.1963544
Cc1nc2n(c(=O)c1CCN1CCC(c3noc4cc(F)ccc34)CC1)CCCC2,CCOC(C)=O,318.15,-1.31719920828777,-1.4454103
Cc1nc2n(c(=O)c1CCN1CCC(c3noc4cc(F)ccc34)CC1)CCCC2,CCCCO,283.15,-1.71838036917938,-2.0150356
Cc1nc2n(c(=O)c1CCN1CCC(c3noc4cc(F)ccc34)CC1)CCCC2,CC(C)c1ccccc1,278.15,-2.05090590756942,-2.9927456
Cc1nc2n(c(=O)c1CCN1CCC(c3noc4cc(F)ccc34)CC1)CCCC2,Cc1ccccc1,293.15,-1.27627291907916,-1.8579049
Cc1nc2n(c(=O)c1CCN1CCC(c3noc4cc(F)ccc34)CC1)CCCC2,CO,278.15,-1.29336152656276,-2.205555
Cc1nc2n(c(=O)c1CCN1CCC(c3noc4cc(F)ccc34)CC1)CCCC2,CCCCO,308.15,-1.19212369972535,-1.517288
Cc1nc2n(c(=O)c1CCN1CCC(c3noc4cc(F)ccc34)CC1)CCCC2,Cc1ccccc1,308.15,-1.02970364157427,-1.58129
Cc1nc2n(c(=O)c1CCN1CCC(c3noc4cc(F)ccc34)CC1)CCCC2,CC(C)O,318.15,-1.38971721790377,-1.6169562
Cc1nc2n(c(=O)c1CCN1CCC(c3noc4cc(F)ccc34)CC1)CCCC2,CC(C)c1ccccc1,323.15,-1.33574248957129,-2.1191716
Cc1nc2n(c(=O)c1CCN1CCC(c3noc4cc(F)ccc34)CC1)CCCC2,CC(C)O,288.15,-2.10217117698609,-2.2618136
Cc1nc2n(c(=O)c1CCN1CCC(c3noc4cc(F)ccc34)CC1)CCCC2,Cc1ccccc1,303.15,-1.12423534241647,-1.672298
Cc1nc2n(c(=O)c1CCN1CCC(c3noc4cc(F)ccc34)CC1)CCCC2,Cc1ccccc1,318.15,-0.885757327031568,-1.4063921
Cc1nc2n(c(=O)c1CCN1CCC(c3noc4cc(F)ccc34)CC1)CCCC2,CCCCO,288.15,-1.61584942888816,-1.9124718
Cc1nc2n(c(=O)c1CCN1CCC(c3noc4cc(F)ccc34)CC1)CCCC2,Cc1ccccc1,278.15,-1.4377688719487,-2.1488621
c1ccc2[nH]c(-c3cscn3)nc2c1,CC#N,283.15,-2.66535073279379,-1.8715935
c1ccc2[nH]c(-c3cscn3)nc2c1,CC#N,288.15,-2.63630349693536,-1.7974477
c1ccc2[nH]c(-c3cscn3)nc2c1,CC#N,293.15,-2.55823416625764,-1.7244711
c1ccc2[nH]c(-c3cscn3)nc2c1,CC#N,298.15,-2.54439145913963,-1.6518764
c1ccc2[nH]c(-c3cscn3)nc2c1,CC#N,303.15,-2.40608778752658,-1.579264
c1ccc2[nH]c(-c3cscn3)nc2c1,CC#N,308.15,-2.32452285031939,-1.5069028
c1ccc2[nH]c(-c3cscn3)nc2c1,CC#N,313.15,-2.24112759685841,-1.4352251
c1ccc2[nH]c(-c3cscn3)nc2c1,CC#N,318.15,-2.20436263436363,-1.364914
c1ccc2[nH]c(-c3cscn3)nc2c1,COC(C)=O,283.15,-2.31484431504174,-1.44657
c1ccc2[nH]c(-c3cscn3)nc2c1,CC#N,323.15,-2.13222477980176,-1.294881
c1ccc2[nH]c(-c3cscn3)nc2c1,CCOC(C)=O,283.15,-2.34583542138999,-1.5806736
c1ccc2[nH]c(-c3cscn3)nc2c1,CCCCOC(C)=O,283.15,-2.46895309912621,-1.5226887
c1ccc2[nH]c(-c3cscn3)nc2c1,COC(C)=O,288.15,-2.18718882807792,-1.38142
c1ccc2[nH]c(-c3cscn3)nc2c1,CCOC(C)=O,288.15,-2.26891941907879,-1.5130562
c1ccc2[nH]c(-c3cscn3)nc2c1,CCCCOC(C)=O,288.15,-2.38115992152365,-1.4584247
c1ccc2[nH]c(-c3cscn3)nc2c1,CC(C)=O,283.15,-2.07751629706921,-1.304419
c1ccc2[nH]c(-c3cscn3)nc2c1,COC(C)=O,293.15,-2.11823755528691,-1.3173454
c1ccc2[nH]c(-c3cscn3)nc2c1,COC(C)=O,298.15,-2.09710738672466,-1.2547479
c1ccc2[nH]c(-c3cscn3)nc2c1,CCOC(C)=O,293.15,-2.18526107003379,-1.4465146
c1ccc2[nH]c(-c3cscn3)nc2c1,CCCCOC(C)=O,293.15,-2.30949554878074,-1.3948636
c1ccc2[nH]c(-c3cscn3)nc2c1,CC(C)O,283.15,-2.0336025944872,-1.5777737
c1ccc2[nH]c(-c3cscn3)nc2c1,CCOC(C)=O,298.15,-2.14147113599007,-1.3802505
c1ccc2[nH]c(-c3cscn3)nc2c1,CC(C)=O,288.15,-2.01040121721616,-1.2498084
c1ccc2[nH]c(-c3cscn3)nc2c1,CCCCOC(C)=O,298.15,-2.26042438696864,-1.3317742
c1ccc2[nH]c(-c3cscn3)nc2c1,COC(C)=O,303.15,-2.02878222188207,-1.1935925
c1ccc2[nH]c(-c3cscn3)nc2c1,CC(C)O,288.15,-1.99841114231882,-1.4978087
c1ccc2[nH]c(-c3cscn3)nc2c1,CC(C)=O,293.15,-1.96433257056148,-1.1964383
c1ccc2[nH]c(-c3cscn3)nc2c1,COC(C)=O,308.15,-1.99718159733413,-1.133174
c1ccc2[nH]c(-c3cscn3)nc2c1,CCOC(C)=O,303.15,-2.07917105207304,-1.3155951
c1ccc2[nH]c(-c3cscn3)nc2c1,CCCCOC(C)=O,303.15,-2.18014572530666,-1.2682345
c1ccc2[nH]c(-c3cscn3)nc2c1,CC(C)O,293.15,-1.93317279210182,-1.4206549
c1ccc2[nH]c(-c3cscn3)nc2c1,COC(C)=O,313.15,-1.95773781889513,-1.0735755
c1ccc2[nH]c(-c3cscn3)nc2c1,CC(C)CO,283.15,-2.00445054191654,-1.7462142
c1ccc2[nH]c(-c3cscn3)nc2c1,CC(C)=O,298.15,-1.89778920083824,-1.1461709
c1ccc2[nH]c(-c3cscn3)nc2c1,COC(C)=O,318.15,-1.93964077655955,-1.01312
c1ccc2[nH]c(-c3cscn3)nc2c1,CC(C)O,298.15,-1.90474777352598,-1.3452314
c1ccc2[nH]c(-c3cscn3)nc2c1,CCOC(C)=O,308.15,-2.01806241882033,-1.2525078
c1ccc2[nH]c(-c3cscn3)nc2c1,CCCCOC(C)=O,308.15,-2.13868666290379,-1.20557
c1ccc2[nH]c(-c3cscn3)nc2c1,CC(C)CO,288.15,-1.94686071392323,-1.6633673
c1ccc2[nH]c(-c3cscn3)nc2c1,CC(C)=O,303.15,-1.85113935162861,-1.0975641
c1ccc2[nH]c(-c3cscn3)nc2c1,CCOC(C)=O,313.15,-1.96291413737781,-1.1891485
c1ccc2[nH]c(-c3cscn3)nc2c1,CCCCOC(C)=O,313.15,-2.07382146044263,-1.1446671
c1ccc2[nH]c(-c3cscn3)nc2c1,CCOC(C)=O,318.15,-1.94121627097326,-1.126251
c1ccc2[nH]c(-c3cscn3)nc2c1,COC(C)=O,323.15,-1.85310660488576,-0.95275843
c1ccc2[nH]c(-c3cscn3)nc2c1,CC(C)O,303.15,-1.81575156134423,-1.2712773
c1ccc2[nH]c(-c3cscn3)nc2c1,CC(C)=O,308.15,-1.7975218187929,-1.0495484
c1ccc2[nH]c(-c3cscn3)nc2c1,CCC(C)=O,283.15,-1.86838409395706,-1.2993171
c1ccc2[nH]c(-c3cscn3)nc2c1,CCCCOC(C)=O,318.15,-2.04797233814148,-1.0853242
c1ccc2[nH]c(-c3cscn3)nc2c1,CC(C)CO,293.15,-1.87332621351126,-1.5822833
c1ccc2[nH]c(-c3cscn3)nc2c1,CCOC(C)=O,323.15,-1.90550190194886,-1.0634288
c1ccc2[nH]c(-c3cscn3)nc2c1,CCO,283.15,-1.65349265070271,-1.3701129
c1ccc2[nH]c(-c3cscn3)nc2c1,CO,283.15,-1.47853649264198,-1.3753645
c1ccc2[nH]c(-c3cscn3)nc2c1,CC(C)O,308.15,-1.75605166837108,-1.1991882
c1ccc2[nH]c(-c3cscn3)nc2c1,CCCCOC(C)=O,323.15,-2.00020802510533,-1.0266945
c1ccc2[nH]c(-c3cscn3)nc2c1,CCC(C)=O,288.15,-1.81171748263004,-1.2341185
c1ccc2[nH]c(-c3cscn3)nc2c1,CCCO,283.15,-1.73092598053188,-1.452488
c1ccc2[nH]c(-c3cscn3)nc2c1,CC(C)=O,313.15,-1.73331498602845,-1.0034806
c1ccc2[nH]c(-c3cscn3)nc2c1,CCO,288.15,-1.61593856022703,-1.2957606
c1ccc2[nH]c(-c3cscn3)nc2c1,CO,288.15,-1.45203278640725,-1.305294
c1ccc2[nH]c(-c3cscn3)nc2c1,CC(C)CO,298.15,-1.80649820609887,-1.5022534
c1ccc2[nH]c(-c3cscn3)nc2c1,CCCO,288.15,-1.69957460442034,-1.3774899
c1ccc2[nH]c(-c3cscn3)nc2c1,CCC(C)=O,293.15,-1.771316757689,-1.1697125
c1ccc2[nH]c(-c3cscn3)nc2c1,CC(C)=O,318.15,-1.69663442804369,-0.9581262
c1ccc2[nH]c(-c3cscn3)nc2c1,CCO,293.15,-1.58032522370419,-1.2245181
c1ccc2[nH]c(-c3cscn3)nc2c1,CO,293.15,-1.40738178324935,-1.235913
c1ccc2[nH]c(-c3cscn3)nc2c1,CC(C)O,313.15,-1.68920709867159,-1.1286309
c1ccc2[nH]c(-c3cscn3)nc2c1,CCCCO,283.15,-1.7523630420948,-1.5172625
c1ccc2[nH]c(-c3cscn3)nc2c1,CCC(C)=O,298.15,-1.74600591198983,-1.1079468
c1ccc2[nH]c(-c3cscn3)nc2c1,CCO,298.15,-1.55597656813717,-1.155613
c1ccc2[nH]c(-c3cscn3)nc2c1,CO,298.15,-1.38464248903881,-1.1668956
c1ccc2[nH]c(-c3cscn3)nc2c1,CCCO,293.15,-1.63553846390216,-1.3032727
c1ccc2[nH]c(-c3cscn3)nc2c1,CC(C)=O,323.15,-1.64566384786908,-0.91443646
c1ccc2[nH]c(-c3cscn3)nc2c1,CC(C)CO,303.15,-1.72283892608146,-1.4233031
c1ccc2[nH]c(-c3cscn3)nc2c1,CCCCO,288.15,-1.70220790211741,-1.4446982
c1ccc2[nH]c(-c3cscn3)nc2c1,CCCO,298.15,-1.61621290537906,-1.2301862
c1ccc2[nH]c(-c3cscn3)nc2c1,CC(C)O,318.15,-1.6351576499176,-1.0599387
c1ccc2[nH]c(-c3cscn3)nc2c1,CCC(C)=O,303.15,-1.68646976189899,-1.0472552
c1ccc2[nH]c(-c3cscn3)nc2c1,CCO,303.15,-1.48636191147914,-1.0887537
c1ccc2[nH]c(-c3cscn3)nc2c1,CCCCO,293.15,-1.6746882374013,-1.3730266
c1ccc2[nH]c(-c3cscn3)nc2c1,CC(C)O,323.15,-1.60057991543986,-0.9935927
c1ccc2[nH]c(-c3cscn3)nc2c1,CC(C)CO,308.15,-1.66479028996225,-1.3447971
c1ccc2[nH]c(-c3cscn3)nc2c1,CCC(C)=O,308.15,-1.63891098209461,-0.9878111
c1ccc2[nH]c(-c3cscn3)nc2c1,CO,303.15,-1.28672818975433,-1.0997943
c1ccc2[nH]c(-c3cscn3)nc2c1,CCO,308.15,-1.44396611858284,-1.0233608
c1ccc2[nH]c(-c3cscn3)nc2c1,CCCO,303.15,-1.53944956605453,-1.1579912
c1ccc2[nH]c(-c3cscn3)nc2c1,CO,308.15,-1.2724304099335,-1.0335343
c1ccc2[nH]c(-c3cscn3)nc2c1,CCCCO,298.15,-1.61799458785702,-1.3018663
c1ccc2[nH]c(-c3cscn3)nc2c1,CCC(C)=O,313.15,-1.61480377173126,-0.9299514
c1ccc2[nH]c(-c3cscn3)nc2c1,CC(C)CO,313.15,-1.61024607424162,-1.2675953
c1ccc2[nH]c(-c3cscn3)nc2c1,CCO,313.15,-1.40543212643125,-0.9588088
c1ccc2[nH]c(-c3cscn3)nc2c1,CCC(C)=O,318.15,-1.58389481359588,-0.872516
c1ccc2[nH]c(-c3cscn3)nc2c1,CO,313.15,-1.22836132986453,-0.96736884
c1ccc2[nH]c(-c3cscn3)nc2c1,CCCO,308.15,-1.48839292942769,-1.087637
c1ccc2[nH]c(-c3cscn3)nc2c1,CCC(C)=O,323.15,-1.57017501404746,-0.8143618
c1ccc2[nH]c(-c3cscn3)nc2c1,CC(C)CO,318.15,-1.5628944905161,-1.1910661
c1ccc2[nH]c(-c3cscn3)nc2c1,CCCCO,303.15,-1.53937111138838,-1.2320168
c1ccc2[nH]c(-c3cscn3)nc2c1,CCO,318.15,-1.34120866490877,-0.8947535
c1ccc2[nH]c(-c3cscn3)nc2c1,CCCO,313.15,-1.44278121849534,-1.0187294
c1ccc2[nH]c(-c3cscn3)nc2c1,CO,318.15,-1.17360170622997,-0.90234494
c1ccc2[nH]c(-c3cscn3)nc2c1,CCCCO,308.15,-1.50365179940009,-1.1631584
c1ccc2[nH]c(-c3cscn3)nc2c1,CC(C)CO,323.15,-1.50885076826891,-1.1161593
c1ccc2[nH]c(-c3cscn3)nc2c1,CCO,323.15,-1.31248499785744,-0.8295395
c1ccc2[nH]c(-c3cscn3)nc2c1,CO,323.15,-1.14284618429425,-0.8376281
c1ccc2[nH]c(-c3cscn3)nc2c1,CCCO,318.15,-1.40214447773942,-0.9517008
c1ccc2[nH]c(-c3cscn3)nc2c1,CCCCO,313.15,-1.44114537902187,-1.0944476
c1ccc2[nH]c(-c3cscn3)nc2c1,CCCO,323.15,-1.34488491508698,-0.8861771
c1ccc2[nH]c(-c3cscn3)nc2c1,CCCCO,318.15,-1.40172486123565,-1.0262542
c1ccc2[nH]c(-c3cscn3)nc2c1,CCCCO,323.15,-1.35342344654106,-0.9609757
O=C(O)[C@@H]1CSCN1,ClCCl,283.15,-3.61991924985438,-3.1631193
O=C(O)[C@@H]1CSCN1,CC#N,283.15,-3.37140885777574,-1.9509697
O=C(O)[C@@H]1CSCN1,CCOC(C)=O,283.15,-3.62307535318814,-2.2059774
O=C(O)[C@@H]1CSCN1,CC#N,293.15,-3.24163126058574,-1.7586818
O=C(O)[C@@H]1CSCN1,CC(C)O,283.15,-3.30991688668013,-1.8244388
O=C(O)[C@@H]1CSCN1,CC#N,303.15,-3.04423061088523,-1.570811
O=C(O)[C@@H]1CSCN1,ClCCl,288.15,-3.09132897204542,-3.0762408
O=C(O)[C@@H]1CSCN1,CO,283.15,-2.86126969698873,-0.803663
O=C(O)[C@@H]1CSCN1,CC(C)O,293.15,-3.05060636575925,-1.6283491
O=C(O)[C@@H]1CSCN1,CC#N,313.15,-2.89882241736206,-1.3937302
O=C(O)[C@@H]1CSCN1,CCOC(C)=O,293.15,-3.13299515030079,-2.0179708
O=C(O)[C@@H]1CSCN1,CO,293.15,-2.73746173943144,-0.6553511
O=C(O)[C@@H]1CSCN1,CCO,283.15,-2.80697727566365,-1.2819452
O=C(O)[C@@H]1CSCN1,CC#N,323.15,-2.77873176243687,-1.2189234
O=C(O)[C@@H]1CSCN1,CC(C)O,303.15,-2.89687770009555,-1.4445333
O=C(O)[C@@H]1CSCN1,CO,303.15,-2.56245499738511,-0.51414466
O=C(O)[C@@H]1CSCN1,CCO,293.15,-2.66900152554751,-1.1053274
O=C(O)[C@@H]1CSCN1,CC(C)O,313.15,-2.78934725764447,-1.2642596
O=C(O)[C@@H]1CSCN1,ClCCl,293.15,-2.674678849193,-2.9903708
O=C(O)[C@@H]1CSCN1,CCOC(C)=O,303.15,-2.79736308822553,-1.8344975
O=C(O)[C@@H]1CSCN1,CCO,303.15,-2.51537367324747,-0.9386065
O=C(O)[C@@H]1CSCN1,CC(C)=O,283.15,-2.60418381425016,-2.097451
O=C(O)[C@@H]1CSCN1,CC(C)O,323.15,-2.61948945689392,-1.0919328
O=C(O)[C@@H]1CSCN1,ClCCl,298.15,-2.48203274000211,-2.905687
O=C(O)[C@@H]1CSCN1,CO,313.15,-2.29693177049395,-0.37495515
O=C(O)[C@@H]1CSCN1,CCO,313.15,-2.37053531145453,-0.77757895
O=C(O)[C@@H]1CSCN1,ClCCl,303.15,-2.34227937053439,-2.8229437
O=C(O)[C@@H]1CSCN1,CCOC(C)=O,313.15,-2.52912378886368,-1.6542306
O=C(O)[C@@H]1CSCN1,CC(C)=O,293.15,-2.39108193117982,-1.9177973
O=C(O)[C@@H]1CSCN1,CO,323.15,-2.12412975604958,-0.23769374
O=C(O)[C@@H]1CSCN1,CCO,323.15,-2.24156426332684,-0.62475616
O=C(O)[C@@H]1CSCN1,C1COCCO1,288.15,-2.38310808845225,-1.7445638
O=C(O)[C@@H]1CSCN1,C1COCCO1,293.15,-2.34536171714333,-1.6525948
O=C(O)[C@@H]1CSCN1,CCOC(C)=O,323.15,-2.33491664974091,-1.4758421
O=C(O)[C@@H]1CSCN1,C1COCCO1,303.15,-2.25643739556641,-1.4752545
O=C(O)[C@@H]1CSCN1,CC(C)=O,303.15,-2.14133341335775,-1.7432508
O=C(O)[C@@H]1CSCN1,C1COCCO1,313.15,-2.16963620121021,-1.3023251
O=C(O)[C@@H]1CSCN1,C1COCCO1,323.15,-2.09488717862227,-1.131568
O=C(O)[C@@H]1CSCN1,CC(C)=O,313.15,-1.74824148239746,-1.5765132
O=C(O)[C@@H]1CSCN1,O,283.15,-0.782913999725349,-1.3675357
O=C(O)[C@@H]1CSCN1,CC(C)=O,323.15,-1.34754858661108,-1.4182785
O=C(O)[C@@H]1CSCN1,O,293.15,-0.670871323708548,-1.1957774
O=C(O)[C@@H]1CSCN1,O,303.15,-0.554613861384851,-1.0272541
O=C(O)[C@@H]1CSCN1,O,313.15,-0.463831032585177,-0.86339206
O=C(O)[C@@H]1CSCN1,O,323.15,-0.36926418957292,-0.70455754
O=c1[nH]c2ccccc2c(=O)o1,CC(C)O,288.15,-1.86477316454634,-1.2659822
O=c1[nH]c2ccccc2c(=O)o1,CCCO,288.15,-1.80564922053623,-1.2222201
O=c1[nH]c2ccccc2c(=O)o1,CC(C)O,293.15,-1.79911550751695,-1.1791215
O=c1[nH]c2ccccc2c(=O)o1,CCCO,293.15,-1.74980627503369,-1.1334155
O=c1[nH]c2ccccc2c(=O)o1,CCO,288.15,-1.63527024379601,-1.1128441
O=c1[nH]c2ccccc2c(=O)o1,CC(C)O,298.15,-1.72644705859212,-1.0934594
O=c1[nH]c2ccccc2c(=O)o1,CO,288.15,-1.42932536526692,-0.8195128
O=c1[nH]c2ccccc2c(=O)o1,CCO,293.15,-1.58922263891005,-1.026433
O=c1[nH]c2ccccc2c(=O)o1,CCCO,298.15,-1.69155673801993,-1.0446054
O=c1[nH]c2ccccc2c(=O)o1,CO,293.15,-1.36868258561096,-0.7369242
O=c1[nH]c2ccccc2c(=O)o1,CCO,298.15,-1.52404292317765,-0.9401908
O=c1[nH]c2ccccc2c(=O)o1,CC(C)O,303.15,-1.64186863920502,-1.0070407
O=c1[nH]c2ccccc2c(=O)o1,CCCO,303.15,-1.6187084410226,-0.9561352
O=c1[nH]c2ccccc2c(=O)o1,CC(=O)OC(C)C,288.15,-1.79830192955486,-0.97417706
O=c1[nH]c2ccccc2c(=O)o1,CCO,303.15,-1.46557332168295,-0.85412705
O=c1[nH]c2ccccc2c(=O)o1,CO,298.15,-1.29669025488286,-0.654109
O=c1[nH]c2ccccc2c(=O)o1,CC(=O)OC(C)C,293.15,-1.7518888946113,-0.9005186
O=c1[nH]c2ccccc2c(=O)o1,CCCO,308.15,-1.56146237604902,-0.8676564
O=c1[nH]c2ccccc2c(=O)o1,CC(C)O,308.15,-1.55502503746433,-0.9218168
O=c1[nH]c2ccccc2c(=O)o1,CCCOC(C)=O,288.15,-1.69736476541123,-1.0518081
O=c1[nH]c2ccccc2c(=O)o1,CC(=O)OC(C)C,298.15,-1.6992433538915,-0.82878315
O=c1[nH]c2ccccc2c(=O)o1,CCO,308.15,-1.39326612647736,-0.7678483
O=c1[nH]c2ccccc2c(=O)o1,CO,303.15,-1.22487964966064,-0.5714294
O=c1[nH]c2ccccc2c(=O)o1,CCCO,313.15,-1.48336248112992,-0.7789408
O=c1[nH]c2ccccc2c(=O)o1,CCCOC(C)=O,293.15,-1.65384639153779,-0.98539746
O=c1[nH]c2ccccc2c(=O)o1,CC(=O)OC(C)C,303.15,-1.66335401071544,-0.7591919
O=c1[nH]c2ccccc2c(=O)o1,CC(C)O,313.15,-1.46815106918377,-0.8368625
O=c1[nH]c2ccccc2c(=O)o1,CCO,313.15,-1.33148059099527,-0.68060285
O=c1[nH]c2ccccc2c(=O)o1,CCCOC(C)=O,298.15,-1.60628757605299,-0.91890347
O=c1[nH]c2ccccc2c(=O)o1,CCCO,318.15,-1.41930334427381,-0.6889497
O=c1[nH]c2ccccc2c(=O)o1,CC(=O)OC(C)C,308.15,-1.61066164057986,-0.6910211
O=c1[nH]c2ccccc2c(=O)o1,CO,308.15,-1.14322063558372,-0.49040064
O=c1[nH]c2ccccc2c(=O)o1,CC#N,288.15,-1.23696558873329,-0.89750046
O=c1[nH]c2ccccc2c(=O)o1,CC(C)O,318.15,-1.39464640590749,-0.7516066
O=c1[nH]c2ccccc2c(=O)o1,CCCOC(C)=O,303.15,-1.56309136738387,-0.85274917
O=c1[nH]c2ccccc2c(=O)o1,CCOC(C)=O,288.15,-1.48156821431148,-0.8523952
O=c1[nH]c2ccccc2c(=O)o1,CC(=O)OC(C)C,313.15,-1.56740201569939,-0.6244251
O=c1[nH]c2ccccc2c(=O)o1,CCO,318.15,-1.26261071897453,-0.5937668
O=c1[nH]c2ccccc2c(=O)o1,CC#N,293.15,-1.19868404253331,-0.8176596
O=c1[nH]c2ccccc2c(=O)o1,CCCO,323.15,-1.35261845366692,-0.5984535
O=c1[nH]c2ccccc2c(=O)o1,CCCOC(C)=O,308.15,-1.52229979112829,-0.78694403
O=c1[nH]c2ccccc2c(=O)o1,CCOC(C)=O,293.15,-1.44228484013438,-0.7832303
O=c1[nH]c2ccccc2c(=O)o1,CO,313.15,-1.06601028481953,-0.40967602
O=c1[nH]c2ccccc2c(=O)o1,CC(=O)OC(C)C,318.15,-1.52533528450534,-0.56013966
O=c1[nH]c2ccccc2c(=O)o1,CC#N,298.15,-1.14337671073152,-0.73871
O=c1[nH]c2ccccc2c(=O)o1,CC(C)O,323.15,-1.3174625185532,-0.6668393
O=c1[nH]c2ccccc2c(=O)o1,CCO,323.15,-1.20025441338477,-0.507521
O=c1[nH]c2ccccc2c(=O)o1,CCOC(C)=O,298.15,-1.39766840219712,-0.7155876
O=c1[nH]c2ccccc2c(=O)o1,CCCO,328.15,-1.29224967531649,-0.50802314
O=c1[nH]c2ccccc2c(=O)o1,CCCOC(C)=O,313.15,-1.47414095897526,-0.7214446
O=c1[nH]c2ccccc2c(=O)o1,CC(=O)OC(C)C,323.15,-1.48618551605135,-0.49671078
O=c1[nH]c2ccccc2c(=O)o1,COC(C)=O,288.15,-1.27892291363537,-0.70960253
O=c1[nH]c2ccccc2c(=O)o1,CO,318.15,-0.990435229877908,-0.33037046
O=c1[nH]c2ccccc2c(=O)o1,CC#N,303.15,-1.08994992363219,-0.6601728
O=c1[nH]c2ccccc2c(=O)o1,CC(=O)OC(C)C,328.15,-1.45025890412914,-0.43486744
O=c1[nH]c2ccccc2c(=O)o1,CCOC(C)=O,303.15,-1.35691118380285,-0.64909333
O=c1[nH]c2ccccc2c(=O)o1,CCCOC(C)=O,318.15,-1.43583674329124,-0.658054
O=c1[nH]c2ccccc2c(=O)o1,CCO,328.15,-1.14235146002648,-0.42234945
O=c1[nH]c2ccccc2c(=O)o1,CC(C)O,328.15,-1.24008419908209,-0.5835655
O=c1[nH]c2ccccc2c(=O)o1,COC(C)=O,293.15,-1.23386746935242,-0.6454465
O=c1[nH]c2ccccc2c(=O)o1,CCCOC(C)=O,323.15,-1.39642544043195,-0.5956044
O=c1[nH]c2ccccc2c(=O)o1,CCOC(C)=O,308.15,-1.31406234584077,-0.5834005
O=c1[nH]c2ccccc2c(=O)o1,CC#N,308.15,-1.04103647303847,-0.5826285
O=c1[nH]c2ccccc2c(=O)o1,CO,323.15,-0.915103488600131,-0.25192785
O=c1[nH]c2ccccc2c(=O)o1,COC(C)=O,298.15,-1.18554127214449,-0.582361
O=c1[nH]c2ccccc2c(=O)o1,CCOC(C)=O,313.15,-1.27263350444507,-0.5190832
O=c1[nH]c2ccccc2c(=O)o1,CCCOC(C)=O,328.15,-1.350929755037,-0.53411686
O=c1[nH]c2ccccc2c(=O)o1,CC#N,313.15,-0.985911647824319,-0.505421
O=c1[nH]c2ccccc2c(=O)o1,COC(C)=O,303.15,-1.1479787695701,-0.5217198
O=c1[nH]c2ccccc2c(=O)o1,CCOC(C)=O,318.15,-1.23751938558035,-0.45589328
O=c1[nH]c2ccccc2c(=O)o1,CO,328.15,-0.840290029751034,-0.1732585
O=c1[nH]c2ccccc2c(=O)o1,CC#N,318.15,-0.936772190654432,-0.42863417
O=c1[nH]c2ccccc2c(=O)o1,COC(C)=O,308.15,-1.10750622085509,-0.46284857
O=c1[nH]c2ccccc2c(=O)o1,CCOC(C)=O,323.15,-1.20170798945243,-0.39311236
O=c1[nH]c2ccccc2c(=O)o1,CCOC(C)=O,328.15,-1.16709965753734,-0.32955688
O=c1[nH]c2ccccc2c(=O)o1,COC(C)=O,313.15,-1.06417689870762,-0.40535372
O=c1[nH]c2ccccc2c(=O)o1,CC#N,323.15,-0.882168016782384,-0.35210282
O=c1[nH]c2ccccc2c(=O)o1,CCC(C)=O,288.15,-1.075867050959,-0.45112526
O=c1[nH]c2ccccc2c(=O)o1,COC(C)=O,318.15,-1.03062066913134,-0.34869814
O=c1[nH]c2ccccc2c(=O)o1,CC(C)=O,288.15,-0.959064623531647,-0.32760552
O=c1[nH]c2ccccc2c(=O)o1,CC#N,328.15,-0.836707964962664,-0.27708983
O=c1[nH]c2ccccc2c(=O)o1,CCC(C)=O,293.15,-1.04239841075632,-0.38400173
O=c1[nH]c2ccccc2c(=O)o1,C1COCCO1,288.15,-1.00001151443012,-0.93525636
O=c1[nH]c2ccccc2c(=O)o1,COC(C)=O,323.15,-0.992623861943429,-0.29321834
O=c1[nH]c2ccccc2c(=O)o1,CC(C)=O,293.15,-0.920404657032467,-0.269626
O=c1[nH]c2ccccc2c(=O)o1,CCC(C)=O,298.15,-1.00643614299152,-0.31865826
O=c1[nH]c2ccccc2c(=O)o1,COC(C)=O,328.15,-0.950031322147334,-0.23838359
O=c1[nH]c2ccccc2c(=O)o1,C1COCCO1,293.15,-0.950582797145207,-0.8701844
O=c1[nH]c2ccccc2c(=O)o1,CCC(C)=O,303.15,-0.969254011427695,-0.25460774
O=c1[nH]c2ccccc2c(=O)o1,CC(C)=O,298.15,-0.880504951965282,-0.21256098
O=c1[nH]c2ccccc2c(=O)o1,CCC(C)=O,308.15,-0.927558917214606,-0.19145334
O=c1[nH]c2ccccc2c(=O)o1,C1COCCO1,298.15,-0.899112607916717,-0.8055827
O=c1[nH]c2ccccc2c(=O)o1,CC(C)=O,303.15,-0.829757690724482,-0.15678203
O=c1[nH]c2ccccc2c(=O)o1,CCC(C)=O,313.15,-0.889624254738671,-0.1294026
O=c1[nH]c2ccccc2c(=O)o1,C1COCCO1,303.15,-0.855156231554414,-0.74214935
O=c1[nH]c2ccccc2c(=O)o1,CC(C)=O,308.15,-0.784072318225342,-0.10215916
O=c1[nH]c2ccccc2c(=O)o1,CCC(C)=O,318.15,-0.850690696369837,-0.06825979
O=c1[nH]c2ccccc2c(=O)o1,C1COCCO1,308.15,-0.806602930251915,-0.6791868
O=c1[nH]c2ccccc2c(=O)o1,CC(C)=O,313.15,-0.742287498474035,-0.048623145
O=c1[nH]c2ccccc2c(=O)o1,CCC(C)=O,323.15,-0.817895840814772,-0.008218318
O=c1[nH]c2ccccc2c(=O)o1,C1COCCO1,313.15,-0.767760267042997,-0.6167911
O=c1[nH]c2ccccc2c(=O)o1,CC(C)=O,318.15,-0.700839818195458,0.0040129423
O=c1[nH]c2ccccc2c(=O)o1,CCC(C)=O,328.15,-0.781394381679741,0.050097167
O=c1[nH]c2ccccc2c(=O)o1,C1COCCO1,318.15,-0.72628288097334,-0.55505407
O=c1[nH]c2ccccc2c(=O)o1,CC(C)=O,323.15,-0.658416217656374,0.055555657
O=c1[nH]c2ccccc2c(=O)o1,C1COCCO1,323.15,-0.685025066398227,-0.49311358
O=c1[nH]c2ccccc2c(=O)o1,CC(C)=O,328.15,-0.61521007234211,0.10497032
O=c1[nH]c2ccccc2c(=O)o1,C1COCCO1,328.15,-0.642911235315117,-0.43001297
Clc1c(Cl)c(Cl)c(Cl)c(Cl)c1Cl,O,288.15,-7.90589315772544,-2.2401543
Clc1c(Cl)c(Cl)c(Cl)c(Cl)c1Cl,O,278.15,-8.10753852125351,-2.4294238
Clc1c(Cl)c(Cl)c(Cl)c(Cl)c1Cl,O,298.15,-7.71436230237753,-2.0488217
Clc1c(Cl)c(Cl)c(Cl)c(Cl)c1Cl,O,308.15,-7.51901217090819,-1.8611715
Clc1c(Cl)c(Cl)c(Cl)c(Cl)c1Cl,O,318.15,-7.30383316639748,-1.6741543
O=C(O)c1ccc([N+](=O)[O-])cc1,CCCCOCCCC,298.15,-1.77859793493947,-0.9152266
O=C(O)c1ccc([N+](=O)[O-])cc1,CC(C)OC(C)C,298.15,-1.58830276861352,-1.7268407
O=C(O)c1ccc([N+](=O)[O-])cc1,CC1COC(=O)O1,298.15,-1.2398948592157,-0.17374988
O=C(O)c1ccc([N+](=O)[O-])cc1,CCC(C)CO,298.15,-1.26056341566539,-1.2126921
O=C(O)c1ccc([N+](=O)[O-])cc1,CC(C)CO,298.15,-1.17800110414326,-1.1532153
O=C(O)c1ccc([N+](=O)[O-])cc1,CCCC(C)CO,298.15,-1.2790175255819,-1.165117
O=C(O)c1ccc([N+](=O)[O-])cc1,CC(C)CCO,298.15,-1.17083077693906,-1.2165946
O=C(O)c1ccc([N+](=O)[O-])cc1,CCCCCOC(C)=O,298.15,-1.29561480328729,-0.55208254
O=C(O)c1ccc([N+](=O)[O-])cc1,CO,298.15,-0.706762869193395,-0.44263434
O=C(O)c1ccc([N+](=O)[O-])cc1,CCCCO,298.15,-1.05607761077792,-1.1568289
O=C(O)c1ccc([N+](=O)[O-])cc1,CCCO,298.15,-0.968887846829912,-0.9192087
O=C(O)c1ccc([N+](=O)[O-])cc1,CC(C)CC(C)O,298.15,-1.16783776447674,-1.6234391
O=C(O)c1ccc([N+](=O)[O-])cc1,CCO,298.15,-0.832950781909257,-0.67428076
O=C(O)c1ccc([N+](=O)[O-])cc1,CC(C)O,298.15,-0.948833059108518,-1.0276979
O=C(O)c1ccc([N+](=O)[O-])cc1,CCC(C)O,298.15,-1.01086904225095,-1.2168825
O=C(O)c1ccc([N+](=O)[O-])cc1,CCCC(C)O,298.15,-1.07880568489075,-1.4918952
O=C(O)c1ccc([N+](=O)[O-])cc1,CCCCCO,298.15,-1.06180946816581,-0.8972368
O=C(O)c1ccc([N+](=O)[O-])cc1,CCCCCCCCO,298.15,-1.2055357014793,-0.9644182
O=C(O)c1ccc([N+](=O)[O-])cc1,CCOCC,298.15,-1.01834657960557,-1.0498693
O=C(O)c1ccc([N+](=O)[O-])cc1,CCCCOC(C)=O,298.15,-1.11335255243131,-0.7102399
O=C(O)c1ccc([N+](=O)[O-])cc1,CCCCCCCCCCO,298.15,-1.26714727336051,-1.0934759
O=C(O)c1ccc([N+](=O)[O-])cc1,CCCCCCO,298.15,-1.07203166121094,-0.99596715
O=C(O)c1ccc([N+](=O)[O-])cc1,CCCCCCCO,298.15,-1.1172637720747,-0.9905883
O=C(O)c1ccc([N+](=O)[O-])cc1,COC(C)=O,298.15,-0.828568771907765,-0.4084021
O=C(O)c1ccc([N+](=O)[O-])cc1,CCOC(C)=O,298.15,-0.891759379600879,-0.619688
O=C(O)c1ccc([N+](=O)[O-])cc1,CC(C)(C)O,298.15,-0.815418586453576,-1.0215633
O=C(O)c1ccc([N+](=O)[O-])cc1,CCC(C)(C)O,298.15,-0.767175443970284,-1.154644
O=C(O)c1ccc([N+](=O)[O-])cc1,C1COCCO1,298.15,-0.290139590610922,-0.737633
O=C(O)c1ccc([N+](=O)[O-])cc1,C1CCOC1,298.15,-0.074381141477812,-0.075547904
CC(C)Cc1ccc(C(C)C(=O)O)cc1,CO,298.15,0.199012392557808,0.6533607
CC(C)Cc1ccc(C(C)C(=O)O)cc1,CO,298.15,0.199012392557808,0.6533607
CC(C)Cc1ccc(C(C)C(=O)O)cc1,CO,298.15,0.199012392557808,0.6533608
CC(C)Cc1ccc(C(C)C(=O)O)cc1,CC(C)CO,298.15,0.435433116480826,0.38015652
CC(C)Cc1ccc(C(C)C(=O)O)cc1,CCC(C)O,298.15,0.444674008550486,0.48902458
CC(C)Cc1ccc(C(C)C(=O)O)cc1,CC(C)O,298.15,0.599003680061826,0.52387303
CC(C)Cc1ccc(C(C)C(=O)O)cc1,CO,298.15,0.20230732769256,0.6533607
CC(C)Cc1ccc(C(C)C(=O)O)cc1,CO,298.15,0.20230732769256,0.6533607
CC(C)Cc1ccc(C(C)C(=O)O)cc1,CO,298.15,0.20230732769256,0.6533608
CC(C)Cc1ccc(C(C)C(=O)O)cc1,CCO,298.15,0.190079193800839,0.56164336
CC(C)Cc1ccc(C(C)C(=O)O)cc1,CCO,298.15,0.190079193800839,0.5616433
CC(C)Cc1ccc(C(C)C(=O)O)cc1,CCO,298.15,0.193593497268933,0.56164336
CC(C)Cc1ccc(C(C)C(=O)O)cc1,CCO,298.15,0.193593497268933,0.5616433
CC(C)Cc1ccc(C(C)C(=O)O)cc1,CCCO,298.15,0.342812161679311,0.500243
CC(C)Cc1ccc(C(C)C(=O)O)cc1,CCCCCO,298.15,0.204671267589425,0.242191
CC(C)Cc1ccc(C(C)C(=O)O)cc1,CCCCCO,298.15,0.204671267589425,0.242191
CC(C)Cc1ccc(C(C)C(=O)O)cc1,CCCCO,298.15,0.325095113549528,0.4592374
CC(C)Cc1ccc(C(C)C(=O)O)cc1,CCCCCO,298.15,0.315949056334882,0.242191
CC(C)Cc1ccc(C(C)C(=O)O)cc1,CCCCCO,298.15,0.315949056334882,0.242191
CC(C)Cc1ccc(C(C)C(=O)O)cc1,CCCCCCCCO,298.15,0.193335649219621,-0.6080148
CC(C)Cc1ccc(C(C)C(=O)O)cc1,CCCCCCCCO,298.15,0.193335649219621,-0.6080148
CC(C)Cc1ccc(C(C)C(=O)O)cc1,CCCCCCCCO,298.15,0.19688229743557,-0.6080148
CC(C)Cc1ccc(C(C)C(=O)O)cc1,CCCCCCCCO,298.15,0.19688229743557,-0.6080148
CC(C)Cc1ccc(C(C)C(=O)O)cc1,CCCCCCCCCCO,298.15,0.16061538990602,-0.7098556
CC(C)Cc1ccc(C(C)C(=O)O)cc1,CO,298.15,0.737614243265202,0.6533607
CC(C)Cc1ccc(C(C)C(=O)O)cc1,CO,298.15,0.737614243265202,0.6533607
CC(C)Cc1ccc(C(C)C(=O)O)cc1,CO,298.15,0.737614243265202,0.6533608
O=c1c2ccccc2sc2ccccc12,CCOC(=O)OCC,298.15,-1.57250161353802,0.07876693
COc1ccc(C(=O)O)cc1OC,CCOC(=O)OCC,298.15,-1.47821978280656,-0.25800696
O=C(O)c1ccc([N+](=O)[O-])cc1,CCOC(=O)OCC,298.15,-1.29226601812252,-0.41384536
O=c1c2ccccc2sc2ccccc12,COC(=O)OC,298.15,-1.52096309302223,0.13048537
O=C(O)c1ccc([N+](=O)[O-])cc1,COC(=O)OC,298.15,-1.29313412983873,-0.26423937
COc1ccc(C(=O)O)cc1OC,COC(=O)OC,298.15,-1.23375241046574,0.08342786
c1ccc2ccccc2c1,O,313.0,-3.41884527026362,-0.14396937
c1ccc2ccccc2c1,O,318.0,-3.32708656815123,-0.048600182
c1ccc2ccccc2c1,O,323.0,-3.20387376980832,0.04551485
c1ccc2ccccc2c1,O,323.0,-3.20387376980832,0.04551485
c1ccc2ccccc2c1,O,328.0,-3.07419776103966,0.13819924
c1ccc2ccccc2c1,O,333.0,-2.95005813052513,0.23008242
c1ccc2ccccc2c1,O,338.0,-2.84485832678166,0.3207913
c1ccc2ccccc2c1,O,338.0,-2.84485832678166,0.3207913
c1ccc2ccccc2c1,O,343.0,-2.72388285448104,0.4104638
c1ccc2ccccc2c1,O,348.0,-2.63218144607935,0.49956632
c1ccc2ccccc2c1,O,298.0,-3.55111981497299,-0.4346413
c1ccc2ccccc2c1,O,298.0,-3.55111981497299,-0.4346413
c1ccc2ccccc2c1,O,298.0,-3.51635770871378,-0.4346413
c1ccc2ccccc2c1,O,298.0,-3.51635770871378,-0.4346413
c1ccc2ccccc2c1,O,308.0,-3.29450895909742,-0.24007876
c1ccc2ccccc2c1,O,323.0,-3.02824106969265,0.04551485
c1ccc2ccccc2c1,O,323.0,-3.02824106969265,0.04551485
c1ccc2ccccc2c1,O,338.0,-2.78520302100636,0.3207913
c1ccc2ccccc2c1,O,338.0,-2.78520302100636,0.3207913
c1ccc2nc3ccccc3cc2c1,O,313.2,-3.29990027101638,-0.7144567
c1ccc2nc3ccccc3cc2c1,O,333.2,-2.97511064289645,-0.2878973
c1ccc2nc3ccccc3cc2c1,O,353.2,-2.65418909143032,0.08935706
c1ccc2nc3ccccc3cc2c1,O,363.2,-2.48626177472406,0.08935706
c1ccc2c(c1)ccc1ccccc12,O,313.2,-4.9224857873448,-1.5204096
c1ccc2c(c1)ccc1ccccc12,O,333.2,-4.4473427658684,-1.0954199
c1ccc2c(c1)ccc1ccccc12,O,343.2,-4.22001602176879,-0.8828932
c1ccc2c(c1)ccc1ccccc12,O,353.2,-3.98024619071407,-0.70373666
c1ccc2c(c1)ccc1ccccc12,O,363.2,-3.75635634389071,-0.70373666
CC(C)Cc1ccc(C(C)C(=O)O)cc1,O,298.0,-2.95579348948598,0.06552823
CC(C)Cc1ccc(C(C)C(=O)O)cc1,O,323.0,-1.35734601050425,0.40834242
CC(C)Cc1ccc(C(C)C(=O)O)cc1,O,348.0,-0.798110466209489,0.7174882
C1C2CC3CC1CC(C2)C3,O,313.2,-5.8041,0.032074854
C1C2CC3CC1CC(C2)C3,O,333.2,-5.50552,0.2879279
C1C2CC3CC1CC(C2)C3,O,353.2,-5.11271,0.5045031
C1C2CC3CC1CC(C2)C3,O,373.2,-4.66485,0.5045031
C1C2CC3CC1CC(C2)C3,O,393.2,-4.24875,0.5045031
C1C2CC3CC1CC(C2)C3,O,413.2,-3.79145,0.5045031
C1C2CC3CC1CC(C2)C3,O,433.2,-3.28102,0.5045031
C1C2CC3CC1CC(C2)C3,O,453.2,-2.91337,0.5045031
C1C2CC3CC1CC(C2)C3,O,473.2,-2.50377,0.5045031
C1C2CC3CC1CC(C2)C3,O,493.2,-2.10201,0.5045031
O=c1c2ccccc2sc2ccccc12,O,313.0,-5.18707,-0.7910423
O=c1c2ccccc2sc2ccccc12,O,333.0,-4.77049,-0.35639298
O=c1c2ccccc2sc2ccccc12,O,353.0,-4.32406,0.033154577
O=c1c2ccccc2sc2ccccc12,O,373.0,-3.92783,0.033154577
O=c1c2ccccc2sc2ccccc12,O,393.0,-3.47721,0.033154577
O=c1c2ccccc2sc2ccccc12,O,413.0,-2.99712,0.033154577
O=c1c2ccccc2sc2ccccc12,O,433.0,-2.56174,0.033154577
O=c1c2ccccc2sc2ccccc12,O,453.0,-2.18083,0.033154577
[2H]c1c([2H])c([2H])c2c([2H])c3c([2H])c([2H])c([2H])c([2H])c3c([2H])c2c1[2H],O,323.0,-6.1816,-2.421598
[2H]c1c([2H])c([2H])c2c([2H])c3c([2H])c([2H])c([2H])c([2H])c3c([2H])c2c1[2H],O,373.0,-4.85921,-1.8423872
[2H]c1c([2H])c([2H])c2c([2H])c3c([2H])c([2H])c([2H])c([2H])c3c([2H])c2c1[2H],O,423.0,-3.28083,-1.8423872
[2H]c1c([2H])c([2H])c2c([2H])c3c([2H])c([2H])c([2H])c([2H])c3c([2H])c2c1[2H],O,473.0,-1.9847,-1.8423872
O=C1C(=O)c2ccccc2-c2ccccc21,O,298.15,-4.44311,-1.7752717
O=C1C(=O)c2ccccc2-c2ccccc21,O,298.15,-4.44311,-1.7752717
O=C1C(=O)c2ccccc2-c2ccccc21,O,298.15,-3.98171,-1.7752717
O=C1C(=O)c2ccccc2-c2ccccc21,O,298.15,-3.98171,-1.7752717
O=C1C(=O)c2ccccc2-c2ccccc21,O,313.0,-4.51859,-1.467406
O=C1C(=O)c2ccccc2-c2ccccc21,O,333.0,-4.05385,-1.0463045
O=C1C(=O)c2ccccc2-c2ccccc21,O,353.0,-3.64687,-0.6584788
O=C1C(=O)c2ccccc2-c2ccccc21,O,373.0,-3.24887,-0.6584788
O=C1C(=O)c2ccccc2-c2ccccc21,O,393.0,-2.69059,-0.6584788
O=C1C(=O)c2ccccc2-c2ccccc21,O,413.0,-2.36639,-0.6584788
O=C1C(=O)c2ccccc2-c2ccccc21,O,433.0,-1.89548,-0.6584788
O=C1C(=O)c2ccccc2-c2ccccc21,O,453.0,-1.38554,-0.6584788
O=C1C(=O)c2ccccc2-c2ccccc21,O,473.0,-1.05801,-0.6584788
c1ccc2c(c1)ccc1c3ccccc3ccc21,O,298.0,-8.05242,-2.7703779
c1ccc2c(c1)ccc1c3ccccc3ccc21,O,298.0,-8.05242,-2.7703779
c1ccc2c(c1)ccc1c3ccccc3ccc21,O,298.0,-8.05242,-2.7703779
c1ccc2c(c1)ccc1c3ccccc3ccc21,O,298.0,-7.58444,-2.7703779
c1ccc2c(c1)ccc1c3ccccc3ccc21,O,298.0,-7.58444,-2.7703779
c1ccc2c(c1)ccc1c3ccccc3ccc21,O,298.0,-7.58444,-2.7703779
c1ccc2c(c1)ccc1c3ccccc3ccc21,O,298.0,-7.4572,-2.7703779
c1ccc2c(c1)ccc1c3ccccc3ccc21,O,298.0,-7.4572,-2.7703779
c1ccc2c(c1)ccc1c3ccccc3ccc21,O,298.0,-7.4572,-2.7703779
c1ccc2c(c1)ccc1c3ccccc3ccc21,O,323.0,-7.26078,-2.2548518
c1ccc2c(c1)ccc1c3ccccc3ccc21,O,373.0,-6.16024,-1.6329908
c1ccc2c(c1)ccc1c3ccccc3ccc21,O,423.0,-4.51972,-1.6329908
c1ccc2c(c1)ccc1c3ccccc3ccc21,O,473.0,-3.12259,-1.6329908
c1ccc2c(c1)ccc1c3ccccc3ccc21,O,498.0,-2.4557,-1.6329908
c1ccc2c(c1)C1c3ccccc3C2c2ccccc21,O,313.2,-6.37985,-2.9117618
c1ccc2c(c1)C1c3ccccc3C2c2ccccc21,O,333.2,-5.95542,-2.531908
c1ccc2c(c1)C1c3ccccc3C2c2ccccc21,O,353.2,-5.48845,-2.179161
c1ccc2c(c1)C1c3ccccc3C2c2ccccc21,O,373.2,-5.02159,-2.179161
c1ccc2c(c1)C1c3ccccc3C2c2ccccc21,O,393.2,-4.56519,-2.179161
c1ccc2c(c1)C1c3ccccc3C2c2ccccc21,O,413.2,-4.0459,-2.179161
c1ccc2c(c1)C1c3ccccc3C2c2ccccc21,O,433.2,-3.54029,-2.179161
c1ccc2c(c1)C1c3ccccc3C2c2ccccc21,O,453.2,-3.05363,-2.179161
c1ccc2c(c1)C1c3ccccc3C2c2ccccc21,O,473.2,-2.54975,-2.179161
c1ccc2c(c1)C1c3ccccc3C2c2ccccc21,O,493.2,-2.09191,-2.179161
c1ccc2c(c1)C1c3ccccc3C2c2ccccc21,O,513.2,-1.61332,-2.179161
