solute_smiles,solvent_smiles,temperature,y_true,y_pred
CN(C)C1=CC=C(C=C1)N=C=NC1=CC=C(C=C1)N(C)C,CC(=O)C,294.15,-0.400578187,-0.46231326
OC1=C(CC2=C(O)C(Cl)=CC(Cl)=C2Cl)C(Cl)=C(Cl)C=C1Cl,CC(=O)C,293.15,0.394826213,-1.4982423
[H]C1(O[C@H](CO)[C@@H](O)[C@H](O)[C@H]1O)C1([H])C2=C(C(O)=CC=C2)C(=O)C2=C1C=C(CO)C=C2O,CC(=O)C,291.15,-1.221572041,-3.4295425
OC(=O)C1=CC=CC(=C1)N(=O)=O,CC(=O)C,293.15,0.444041636,-0.11677642
[H][C@@](C)(CCCC(C)C)[C@@]1([H])CC[C@@]2([H])[C@]3([H])CC=C4C[C@H](CC[C@]4(C)[C@@]3([H])CC[C@]12C)OP([H])(O)=O,CC(=O)C,293.15,-2.827756863,-1.8132386
NC(=O)C1=CC(=CC=C1)S(N)(=O)=O,CC(=O)C,298.15,-0.921291877,-0.8660352
NC1=CC=C(C=C1)C(O)=O,CC(=O)C,297.15,0.337495442,-1.1046703
CC1=NC2=CC=CC(N3CCN(CCC4=CC(=CC=C4)N4CCNC4=O)CC3)=C2C=C1,CC(=O)C,293.15,-2.016550754,-1.7441125
CC1=CC(C)=NC(NS(=O)(=O)C2=CC=C(N)C=C2)=N1,CC(=O)C,298.14,-3.605907144,-0.22511473
ClC1=C(Cl)C(Cl)=C(Cl)C2=C1C(=O)OC2=O,CC(=O)C,298.15,-1.069979767,-0.6476403
O=N(=O)C1=CC=CC2=CC=CC(=C12)N(=O)=O,CC(=O)C,289.15,-0.598639258,-0.7255683
[H][C@@](C)(CC\C=C(/C)C)[C@@]1([H])CC[C@@]2([H])[C@]3([H])CC=C4C[C@@H](O)CC[C@]4(C)[C@@]3([H])CC[C@]12C,CC(=O)C,300.69,-0.826522497,-1.2759867
C[C@H]1CC[C@@H](CC1)N1C2=NC(NC3=NC4=C(CN(CC4)C(=O)CO)C=C3)=NC=C2C2=C1C=NC=C2,CC(=O)C,293.15,-2.673538801,-1.7233257
OCC1=CC(=O)C(O)=CO1,CC(=O)C,296.15,-2.84400061,-1.2422289
O=N(=O)C1=CC2=C(C(=CC=C2)N(=O)=O)C(=C1)N(=O)=O,CC(=O)C,288.15,-1.021978059,-1.1497722
OP(=O)(C1=CC=CC=C1)C1=CC=CC=C1,CC(=O)C,298.16999999999996,-2.036797563,-1.9261111
CCN1CCCC1CNC(=O)C1=C(OC)C=CC(=C1)S(N)(=O)=O,CC(=O)C,298.23999999999995,-1.547708045,-1.4223078
CCC(=O)N(C(=O)NC1=CC=C(C=C1)N(C)C)C1=CC=C(C=C1)N(C)C,CC(=O)C,293.15,-2.292959938,-0.8577088
CC1=CC=C(C(O)=O)C(C)=C1,CC(=O)C,293.15,-0.085996242,-0.22377115
CC1=CC=CC=C1NC(N)=O,CC(=O)C,296.15,-1.55336281,0.058285594
C[C@H]1CC[C@H](CC1)C(N)=O,CC(=O)C,291.15,-0.902822505,-0.9596926
ClC1=CC=CC2=C1C(=O)C1=CC=CC=C1C2=O,CC(=O)C,298.14,-1.143884926,-0.9725077
CO[C@H]1O[C@@H]([C@H](O)[C@H](O)[C@H]1O)C(O)=O,CC(=O)C,293.15,-1.540262719,-2.5124867
[H][C@]12CCC(=C)[C@@H](C\C=C3/C(O)COC3=O)[C@]1(C)CC[C@@H](O)[C@@]2(C)CO,CC(=O)C,298.19,-1.886057124,-1.0670395
[H][C@@]12OC3=C(O)C=CC4=C3[C@@]11CCN(C)[C@H](C4)[C@]1([H])C=C[C@@H]2O,CC(=O)C,288.15,-2.348157253,-1.986843
CC(C)COC1=C(C=C(C=C1)C1=NC(C)=C(S1)C(O)=O)C#N,CC(=O)C,298.14,-0.998411194,-0.99173576
NC(=O)OCC1=CC(=NO1)C1=CC=C(OCC2=CC=CC=C2)C=C1,CC(=O)C,293.15,-1.116543475,-1.1340921
CC(=O)OC1=CC=CC=C1C(O)=O,CC(=O)C,297.89,0.075176197,-0.043046087
CC(=O)NC[C@H]1CN(C(=O)O1)C1=CC=C(C(F)=C1)C1=CC=C(CNCC2=CN=NN2)C=C1,CC(=O)C,293.15,-2.64193097,-2.2696257
ClC1=CC2=C(C=C1)C(=O)OC2=O,CC(=O)C,298.14,0.588575421,0.5498911
CCCCCCCCOC(=O)C1=C(C)OC2=CC3=C(OC(C)=C3C(=O)OCCCCCCCC)C=C12,CC(=O)C,293.15,-2.045757491,-1.1070471
ON=C1C(=O)C=CC2=C1C=CC=C2,CC(=O)C,299.15,-0.244127212,-0.0089452565
[H][C@@](CC1=CC=CC=C1)(NC(C)=O)C(O)=O,CC(=O)C,298.15,-0.69945019,-1.3011283
[H][C@@](C)(CCCC(C)C)[C@@]1([H])CC[C@@]2([H])[C@]3([H])CC=C4C[C@H](CC[C@]4(C)[C@@]3([H])CC[C@]12C)OC(=O)CC,CC(=O)C,293.15,-1.284407192,-1.206819
CCOC(=O)C1=C(C)OC2=CC3=C(OC(C)=C3C(=O)OCC)C=C12,CC(=O)C,293.15,-2.267606191,-1.0804327
[H][C@@]1(OC(=O)C(O)=C1O)[C@@H](O)CO,CC(=O)C,297.98999999999995,-2.364156497,-2.28198
[H][C@@](C)(CCCC(C)C)[C@@]1([H])CC[C@@]2([H])[C@]3([H])CC=C4C[C@H](CC[C@]4(C)[C@@]3([H])CC[C@]12C)OC(=O)CCC,CC(=O)C,293.15,-1.297953573,-1.2465382
[H][C@](OC(=O)C1=CC=C(C)C=C1)(C(O)=O)[C@@]([H])(OC(=O)C1=CC=C(C)C=C1)C(O)=O,CC(=O)C,295.15,0.006849752,-1.6427646
COC1=CC2=C(C=C1)C=C(C=C2)[C@H](C)C(O)=O,CC(=O)C,298.44,-1.42044563,-0.7120614
NC(CC1=CC=CC=C1)C(O)=O,CC(=O)C,298.15,-2.733689172,-1.7428335
CCOC1=CC=C(NC(C)=O)C=C1,CC(=O)C,303.15,-0.32994314,-0.013269246
C[C@H]1OC=C2C(O)=C(C(O)=O)C(=O)C(C)=C2[C@@H]1C,CC(=O)C,298.15,-0.704648873,-1.6697344
NC1=CC=C(CC(O)=O)C=C1,CC(=O)C,298.15,-1.316098643,-0.9399014
CC(=O)C1C(=O)C=C2OC3=C(C(C)=O)C(O)=C(C)C(O)=C3[C@]2(C)C1=O,CC(=O)C,298.14,-1.995985874,-1.081978
NC1=CC=CN=C1,CC(=O)C,298.14,0.861071993,0.5889471
O=C1NS(=O)(=O)C2=C1C=CC=C2,CC(=O)C,298.15,-0.188065238,-0.16113988
ClC1=CC=C(C=C1)N(=O)=O,CC(=O)C,290.15,0.802944895,1.0475591
CN(C(=O)C(=O)N(C)N(=O)=O)N(=O)=O,CC(=O)C,293.15,0.072121752,-0.48004794
CC1=CC=C(NC(N)=O)C=C1,CC(=O)C,296.15,-0.751730463,-0.36426944
CS(=O)(=O)C1=CC=C(F)C=C1,CC(=O)C,298.28999999999996,0.581404403,0.3985576
N\C(C#N)=C(/N)C#N,CC(=O)C,298.15,0.142253513,-3.1199198
[H][C@@](O)(CO)[C@@]([H])(O)[C@]([H])(O)[C@@]([H])(O)CS,CC(=O)C,293.15,-3.297191289,-2.5103633
ClC1=NC(OC2=CC=C(C=C2)N=NC2=CC=CC=C2)=NC(Cl)=N1,CC(=O)C,298.15,-1.016460387,-0.83011335
OC1=CC=CC=C1C(=O)NC1=NC=C(S1)N(=O)=O,CC(=O)C,298.15,-2.843870159,-0.7161187
NC(=O)N1C2=C(C=CC=C2)C=CC2=C1C=CC=C2,CC(=O)C,298.15,-1.170336471,-1.3993269
OC(=O)C1=CC=C(O)C=C1,CC(=O)C,296.15,0.215759855,-0.47193605
COC1=C(C=C(C=C1N(=O)=O)N(=O)=O)N(=O)=O,CC(=O)C,288.15,0.796849864,0.19415055
[H][C@@](CC(C)=O)(C1C(=O)OC2=CC=CC=C2C1=O)C1=CC=CC=C1,CC(=O)C,298.15,-0.439803394,-0.23432593
O=C1C=CC(=O)C2=C1C=CC=C2,CC(=O)C,298.23999999999995,-0.267898415,-0.31852305
[H]C(C)(Cl)C(=O)NC1=CC=C(C)C=C1,CC(=O)C,300.03,0.153245609,0.17675348
[H][C@]12[C@@H](CC[C@]1(CO)CC[C@]1(C)[C@]2([H])CC[C@]2([H])[C@@]3(C)CC[C@H](O)C(C)(C)[C@]3([H])CC[C@@]12C)C(C)=C,CC(=O)C,298.19,-1.692333915,-1.7266409
[H][C@@]12CC[C@H](OC(=O)CCCC)[C@@]1(C)CC[C@]1([H])C3=C(CC[C@@]21[H])C=C(OC(=O)C1=CC=CC=C1)C=C3,CC(=O)C,293.15,0.035633813,-1.6192911
CC(N(CCC(O)=O)C(=O)C1=CC=CC=C1)C(O)=O,CC(=O)C,293.15,-1.097448168,-2.242476
NC(=O)\N=N\C1=CC=CC(=C1)C(N)=O,CC(=O)C,288.15,-1.485741766,-1.8636304
CC(=O)NC1=CC=CC=C1,CC(=O)C,298.15,0.359498417,0.46250612
NC(=O)CN1CCCC1=O,CC(=O)C,297.98999999999995,-1.371410923,-1.0461762
CCCCCCCCCC(=O)N(C(=O)NC1=CC=C(C=C1)N(C)C)C1=CC=C(C=C1)N(C)C,CC(=O)C,293.15,-2.283762019,-0.98817503
ClC1=CC=C(C=C1)S(=O)(=O)C1=CC=C(Cl)C=C1,CC(=O)C,293.15,-0.485005165,0.040104344
NC1=C(NC2=CC=C(Cl)C=C2)C=C(Cl)C=C1,CC(=O)C,293.15,0.056047153,0.14616035
OC(=O)CN1C=NN=N1,CC(=O)C,298.22999999999996,0.190635412,0.003643781
OC1=CC=C(O)C2=C1C(=O)C1=CC=CC=C1C2=O,CC(=O)C,298.15,-1.84227779,-2.058299
CC1=CC=CC(C)=C1C(O)=O,CC(=O)C,293.15,0.412228301,0.39180166
NC1=C(NC2=CC=C(Cl)C=C2)C=CC(Cl)=C1,CC(=O)C,293.15,0.116482659,0.30031168
[H][C@](O)(CO)[C@@]([H])(O)[C@]([H])(O)CO,CC(=O)C,298.14,-2.489457297,-2.4418414
S1C(SC(SC1C1=CC=CC=C1)C1=CC=CC=C1)C1=CC=CC=C1,CC(=O)C,298.15,-1.627896947,-0.78058743
OC[C@H]1O[C@H]([C@H](O)[C@@H](O)[C@@H]1O)C1=C(O)C=CC2=C1OC=C(C2=O)C1=CC=C(O)C=C1,CC(=O)C,298.2,-1.552847631,-3.4655795
[H][C@@]12[C@@H](C)CC(=O)[C@]1([H])C(=CO[C@H]2O[C@@H]1O[C@H](CO)[C@@H](O)[C@H](O)[C@H]1O)C(=O)OC,CC(=O)C,291.15,-1.735336862,-1.7332349
NS(=O)(=O)C1=CC(=CC=C1)S(N)(=O)=O,CC(=O)C,298.15,-0.760630239,-1.1288991
[H][C@@](C)(CCCC(C)C)[C@@]1([H])CC[C@@]2([H])[C@]3([H])CC=C4C[C@H](CC[C@]4(C)[C@@]3([H])CC[C@]12C)OC(=O)CC(C)C,CC(=O)C,293.15,-1.672818005,-1.4310491
ClC1=CC=C2C(Cl)=CC=NC2=C1,CC(=O)C,299.19,-0.097865989,-0.12146327
CCCSC1=CC=C2NC(NC(=O)OC)=NC2=C1,CC(=O)C,298.15,-2.504718085,-1.0613421
CCCCCCCC(O)CC(=O)N(C(=O)NC1=CC=C(C=C1)N(C)C)C1=CC=C(C=C1)N(C)C,CC(=O)C,293.15,-1.163185841,-1.2616411
CC1=COC2=C1C(=O)C(=O)C1=C3CCCC(C)(C)C3=CC=C21,CC(=O)C,293.28999999999996,-1.916855674,-1.4999968
CCCCCCCCC\C=C\C(=O)N(C(=O)NC1=CC=C(C=C1)N(C)C)C1=CC=C(C=C1)N(C)C,CC(=O)C,293.15,-0.929049367,-1.1394458
CON(C(=O)OC)C1=C(COC2=NN(C=C2)C2=CC=C(Cl)C=C2)C=CC=C1,CC(=O)C,293.15,0.110336443,-0.39468127
C1OC(OC1C1OC(OC1C1COC(O1)C1=CC=CC=C1)C1=CC=CC=C1)C1=CC=CC=C1,CC(=O)C,290.15,-2.172700209,-1.386755
OOC1(C2=CC=CC=C2)C2=CC=CC=C2C(OO)(C2=CC=CC=C2)C2=C1C=CC=C2,CC(=O)C,290.15,-2.054111614,-1.1375023
NC1=NC=CC=C1,CC(=O)C,298.14,0.853080619,0.83097184
CCN1C=C(C(O)=O)C(=O)C2=C1N=C(N1CCNCC1)C(F)=C2,CC(=O)C,298.15,-2.028466869,-2.0610294
COC1=CC(CC2=C(N)N=C(N)N=C2)=CC(OC)=C1OC,CC(=O)C,297.95,-1.920111701,-1.9616215
CC[C@H]1C2=C(CC[C@@]1(C)C(=O)O[C@@H]1C[C@H](C)CC[C@H]1C(C)C)C1=C(C=C2)C=C(OC)C=C1,CC(=O)C,293.15,-1.623085206,-1.090021
[H][C@](NC(C)=O)(C(C)C)C(O)=O,CC(=O)C,298.15,-0.463121583,-1.0068455
OC(=O)C1=CC=CC(O)=C1,CC(=O)C,296.15,0.274707345,-0.22469454
OC(=O)C1=CC=CC=C1Cl,CC(=O)C,288.15,0.258612562,0.16171189
C1CN2CCN1CC2,CC(=O)C,298.15,-0.041083069,-0.10367341
CCCCCCCCCCCCCCCC(O)=O,CC(=O)C,297.23999999999995,-0.56827648,-0.5673814
OC1=CC(O)=C2C(=O)C=C(OC2=C1)C1=CC(O)=C(O)C=C1,CC(=O)C,298.15,-1.676181877,-3.413676
C\C=C\C(=O)N(C(=O)NC1=CC=C(C=C1)N(C)C)C1=CC=C(C=C1)N(C)C,CC(=O)C,293.15,-1.660560304,-0.9018187
CC1=CC=C2NC3=C(CCCC3=O)C2=C1,CC(=O)C,291.45,-0.981287159,-1.1057671
CC1(C)C2CCC1(C)C(=O)C2C(=O)C1=CC=CC=C1,CC(=O)C,290.15,-0.228397885,-0.02646023
O=C1O\C(=N\C2=C(C=CC=C2)N(=O)=O)C2=CC=CC=C12,CC(=O)C,293.15,-0.616930725,-0.7132145
CC(=O)OC1=CC=C(C=C1)C1=CC(=O)C2=C(OC(C)=O)C=C(OC(C)=O)C=C2O1,CC(=O)C,298.15,-1.899112145,-0.6856732
CCCCCCCC\C=C\C(=O)N(C(=O)NC1=CC=C(C=C1)N(C)C)C1=CC=C(C=C1)N(C)C,CC(=O)C,293.15,-1.613894727,-1.0799978
[H][C@](N)(CSCC#C)C(O)=O,CC(=O)C,298.15,-3.088024262,-2.7785652
OC1=C(C=CC=C1N(=O)=O)N(=O)=O,CC(=O)C,287.15,0.839847846,0.3065557
CCCCC(NC(C)=O)C(O)=O,CC(=O)C,298.15,0.130637881,-0.7048415
NC1=NC(N)=NC(N)=N1,CC(=O)C,303.15,-2.619789332,-2.3732119
[H][C@](C)(CC)[C@@]([H])(NC(C)=O)C(O)=O,CC(=O)C,298.15,-0.467725965,-0.9809836
OC(=O)C1=CC=CC(Cl)=C1C(=O)C1=CC=CC=C1,CC(=O)C,298.14,-1.420291159,-1.3551509
OC(=O)CNC(=O)C1=C(O)C=C(C=N1)C1=CC(Cl)=CC=C1,CC(=O)C,295.15,-0.486720856,-2.8472044
C1COCCOC2=C(OCCOCCOC3=C(OCCO1)C=CC=C3)C=CC=C2,CC(=O)C,298.15,-1.052568169,-0.8783502
Cl[C@H]1[C@H](Cl)[C@@H](Cl)[C@H](Cl)[C@@H](Cl)[C@@H]1Cl,CC(=O)C,293.15,-0.671145442,-0.9417577
NC1=NC(=O)N(C=C1)[C@@H]1CS[C@H](CO)O1,CC(=O)C,298.15,-2.387200434,-1.8038886
N=C(C#N)C(=N)C#N,CC(=O)C,298.15,0.296557126,-1.6957188
[H][C@@]12COC3=C(C=C(OC)C(OC)=C3)[C@]1([H])C(=O)C1=C(O2)C2=C(O[C@H](C2)C(C)=C)C=C1,CC(=O)C,293.15,-0.757114242,-1.3406992
CCC1=CC=C(C=C1)C(=O)C1=C(C=CC=C1)C(O)=O,CC(=O)C,299.82,-1.136912716,-1.0678967
CC(C)(C)C1=CC(O)=C(C=C1O)C(C)(C)C,CC(=O)C,298.03999999999996,-0.065985952,-0.010348052
CCCCCC(=O)N(C(=O)NC1=CC=C(C=C1)N(C)C)C1=CC=C(C=C1)N(C)C,CC(=O)C,293.15,-1.789595827,-0.6736149
CN1CCN(CC2=CC(C)=CC=C2)CC(C1)NC(=O)C1=NNC2=C1C=CC=C2,CC(=O)C,303.15,-1.00229436,-1.655282
OC(=O)CCC(O)=O,CC(=O)C,293.15,-0.48562214,-0.91598135
OC(=O)C1=C(C(O)=O)C(=CC=C1)N(=O)=O,CC(=O)C,298.22999999999996,-0.08819764,-0.2242702
ClCC1=CC=C(C=C1)N(=O)=O,CC(=O)C,303.15,0.763514653,0.5663361
OC(=O)CN(CCC#N)CCC#N,CC(=O)C,299.15,0.273335105,-1.7351474
C[C@H]1OC(=O)C(C1=O)C(C)(C)C1=C(CC(C)=O)[C@@H](C)OC1=O,CC(=O)C,293.15,-0.635148702,-0.21082576
[H][C@](O)(C1=CC=NC2=C1C=CC=C2)[C@@]1([H])C[C@@H]2CC[N@]1C[C@@H]2C=C,CC(=O)C,298.15,-2.614625863,-0.80812585
OC1=CC(=C(O)C=C1)P1(=O)OC2=C(C=CC=C2)C2=C1C=CC=C2,CC(=O)C,297.14,-1.609235088,-1.5402085
O=C(N=N#N)C1=C(C=CC=C1)N(=O)=O,CC(=O)C,293.15,0.424178789,0.18695323
NC(=O)C1=CC=CC2=NC3=CC=CC=C3N=C12,CC(=O)C,288.15,-2.277799425,-1.7364496
COC(=O)CN1C(CC2=CC=CC=C2)C(=O)N(C1=O)C1=CC=CC=C1,CC(=O)C,293.15,-0.073451345,-0.6783774
OC(=O)CC(O)(CC(O)=O)C(O)=O,CC(=O)C,297.14,0.045776626,-0.14598675
CC(C)C1=CC2=C(SC3=CC=CC=C3C2=O)C=C1,CC(=O)C,299.14,0.231856107,0.33662242
CN(C)C(=S)SSC(=S)N(C)C,CC(=O)C,303.15,-0.493387613,-0.9891299
CCCCCCCCCCCC(=O)N(C(=O)NC1=CC=C(C=C1)N(C)C)C1=CC=C(C=C1)N(C)C,CC(=O)C,293.15,-1.745606359,-1.1704538
OC1=CC=C(C=C1)C1=CC(=O)C2=C(O)C=C(O)C=C2O1,CC(=O)C,298.15,-2.261489524,-1.7989727
CC(N(CCC(O)=O)C(C)=O)C(O)=O,CC(=O)C,298.15,-0.759830847,-2.171854
O=C1OC(=O)C2=CC=CC=C12,CC(=O)C,298.14,0.247301268,0.27595282
[H][C@@]12C[C@@]3([H])[C@]4([H])CCC5=CC(=O)CC[C@]5(C)[C@@]4([H])CC[C@]3(C)[C@@]1(O2)C(C)=O,CC(=O)C,298.95,-0.731952364,-1.2958121
N#CSCCSC#N,CC(=O)C,289.15,-0.04508515,-0.55289733
NC1=C(NC2=CC=CC=C2)C=CC(Cl)=C1,CC(=O)C,293.15,0.327631972,0.251665
CC(N(CCC#N)CCC#N)C(O)=O,CC(=O)C,299.15,0.494803302,-1.8067235
CSC1=N[C@](C)(C(=O)N1NC1=CC=CC=C1)C1=CC=CC=C1,CC(=O)C,293.15,-0.095388362,-0.7039089
[H][C@@]1(C[C@@H]2CC[N@]1C[C@@H]2C=C)[C@@H](O)C1=CC=NC2=CC=C(OC)C=C12,CC(=O)C,295.0,-1.232358035,-0.86666787
CC(=O)OC[C@H]1O[C@@H](OC(C)=O)[C@H](OC(C)=O)[C@@H](OC(C)=O)[C@@H]1OC(C)=O,CC(=O)C,298.15,-0.022027947,-0.5432663
NC1=C(NC2=CC(Cl)=CC=C2)C=CC(Cl)=C1,CC(=O)C,293.15,-0.136173606,0.26941383
CCCCCCCC(N)=O,CC(=O)C,303.15,-0.3690667,-0.17277665
OC1=C2C=CC=CC2=C(O)C(=C1)P1(=O)OC2=CC=CC=C2C2=CC=CC=C12,CC(=O)C,293.15,-1.900236048,-1.8702425
CN1C2C(N(C)C1=O)N(C)S(=O)(=O)N2C,CC(=O)C,292.15,-1.906661981,-0.86861753
O=C(N=N#N)C1=CC(=CC=C1)N(=O)=O,CC(=O)C,293.15,0.129779372,-0.37865537
[H][C@](C)(\C=C\[C@@]([H])(C)[C@@]1([H])CC[C@@]2([H])\C(CCC[C@]12C)=C\C=C1\C[C@@H](O)CCC1=C)C(C)C,CC(=O)C,299.15,-0.200475114,-0.61051977
OC1=CC=C2C=CC=CC2=C1\N=N\C1=CC=CC=C1,CC(=O)C,298.0,-1.130189922,-0.5849596
NC(=O)C1=CC=C(C=C1)S(N)(=O)=O,CC(=O)C,298.15,-1.854345088,-1.7708259
C1=CC2=CC3=CC=CC=C3C=C2C=C1,CC(=O)C,293.15,-1.337249478,-1.1980283
OC(=O)C1=CN(C2CC2)C2=CC(N3CCNCC3)=C(F)C=C2C1=O,CC(=O)C,298.14,-3.76721595,-2.018618
CC(OCC(N)=O)C(N)=O,CC(=O)C,293.15,-1.155973924,-2.434113
NC(=O)C1=CC(O)=CC=C1,CC(=O)C,293.15,-0.537602221,-0.8521129
CC(=O)OCC(COC(=O)C1=CC=C(C=C1)N(=O)=O)OC(=O)C1=CC=C(C=C1)N(=O)=O,CC(=O)C,294.15,-1.272611445,-1.5979061
C1C2=CC=CC=C2C2=C1C=CC=C2,CC(=O)C,297.98999999999995,-0.032223325,0.07322155
O=C(OCC(COC(=O)C1=CC=C(C=C1)N(=O)=O)OC(=O)C1=CC=CC=C1)C1=CC=C(C=C1)N(=O)=O,CC(=O)C,294.15,-1.231019379,-2.07874
CO\C=C(\C(C)=O)C1=C(OC2=CC(OC3=C(C=CC=C3)C#N)=NC=N2)C=CC=C1,CC(=O)C,293.15,-0.65365556,-0.82280797
CN1CCN(CC1)C1=CC2=C(C=C1F)C(=O)C(=CN2C1=CC=C(F)C=C1)C(O)=O,CC(=O)C,298.14,-1.043231673,-1.020759
CC1(C)[C@H](CC[C@@]1(C)C(O)=O)C(N)=O,CC(=O)C,291.15,-1.103498678,-0.674343
ClC1=CC=C(Cl)C=C1,CC(=O)C,293.15,0.588545704,-0.016012922
O=C1OC(NC2=CC(=CC=C2)N(=O)=O)(NC2=CC(=CC=C2)N(=O)=O)C2=CC=CC=C12,CC(=O)C,293.15,-0.51935619,-1.3602042
CCN1C=C(C(O)=O)C(=O)C2=CC(F)=C(C=C12)N1CCNCC1,CC(=O)C,298.15,-1.796677705,-1.695183
CC1(C)COP(=O)(NCCNP2(=O)OCC(C)(C)CO2)OC1,CC(=O)C,298.14,-1.358088214,-2.1773088
IC(I)I,CC(=O)C,298.15,-0.516019467,0.14593838
COC1=C(NC2=CC(C)=C(C=C2N(=O)=O)N(=O)=O)C=CC=C1,CC(=O)C,297.65,-0.91579268,-0.4437433
CO\N=C(\C(=O)OC)C1=C(CO\N=C(/C)C2=CC(=CC=C2)C(F)(F)F)C=CC=C1,CC(=O)C,298.15,0.08790873,-0.46336725
C1C2CC3CC1CC(C2)C3,CC(=O)C,293.15,0.246296012,0.34028518
[H][C@@]12OC3=C(OC)C=CC4=C3[C@@]11CCN(C)[C@H](C4)[C@]1([H])C=C[C@@H]2O,CC(=O)C,293.15,-0.369151016,-1.581002
CCCCCCC(=O)N(C(=O)NC1=CC=C(C=C1)N(C)C)C1=CC=C(C=C1)N(C)C,CC(=O)C,293.15,-1.642960017,-0.8452679
OC1=C(C=C(C=C1N(=O)=O)N(=O)=O)N(=O)=O,CC(=O)C,293.15,0.456469311,-0.11894129
CC1(OC(=O)N(NC2=CC=CC=C2)C1=O)C1=CC=C(OC2=CC=CC=C2)C=C1,CC(=O)C,298.15,-0.135580637,-0.62772924
[H][C@]12[C@H](C[C@@H](C)C=C1C=C[C@H](C)[C@@H]2CC[C@@H]1C[C@@H](O)CC(=O)O1)OC(=O)[C@@H](C)CC,CC(=O)C,298.75,-0.778343399,-0.77687293
O[C@@H]1CCCC[C@H]1O,CC(=O)C,293.15,-0.245512668,-0.8857502
CC1(C)[C@@H]2CC[C@@]1(C)C(=O)\C2=C(/O)C1=CC=CC=C1,CC(=O)C,290.15,-0.235201593,-0.29972506
O=C(N=N#N)C1=CC=CC=C1,CC(=O)C,293.15,0.85748448,0.4684798
CCCCCCCCCCCCCCCCCCCCCCCC,CC(=O)C,293.0,-2.585282514,-0.8659048
CCCCCCCCCCCC(O)=O,CC(=O)C,297.98999999999995,0.481329133,0.39303684
O=N(=O)C1=CC=C(C2=C1C=CC=C2N(=O)=O)N(=O)=O,CC(=O)C,288.15,-0.487933625,-1.068754
[H][C@@]12C[C@@H](O)[C@H](O)[C@@]1(C)CC[C@]1([H])C3=C(CC[C@@]21[H])C=C(O)C=C3,CC(=O)C,303.15,-1.948105681,-1.6928686
OC(=O)CC1=CC=CC2=CC=CC=C12,CC(=O)C,298.94,0.516299798,0.09008692
CCCCC(=O)N(C(=O)NC1=CC=C(C=C1)N(C)C)C1=CC=C(C=C1)N(C)C,CC(=O)C,293.15,-1.658384817,-0.68794125
CNC(=O)C(=N#N)C(=O)OC,CC(=O)C,291.15,0.35852951,-1.3570728
CS(=O)(=O)C1=CC=C(C=O)C=C1,CC(=O)C,298.14,-1.325526145,-0.77068245
CCCCCCCCCCCCCCCC1=CC=CC(O)=C1,CC(=O)C,297.53,0.676000641,0.4201253
O=C1OC(=O)C2C3=C(C=CC=C3)C1C1=C2C=CC=C1,CC(=O)C,288.15,-1.097351032,-1.3325281
OC(=O)C1=CC=CN=C1,CC(=O)C,296.15,-1.499232252,-0.34952545
OC1=CC(O)=CC(O)=C1,CC(=O)C,298.15,0.534039156,0.5365574
CC(=O)NC1=CC=C(C=C1)C(O)=O,CC(=O)C,293.15,-1.292430062,-0.87724435
CCCCOC(=O)C1=CC=C(O)C=C1,CC(=O)C,293.04999999999995,0.430177531,0.37889445
[H][C@@](CC1=CC=C(O)C=C1)(N(CCC#N)CCC#N)C(O)=O,CC(=O)C,299.15,0.175105621,-0.7111491
CCCCCCCCCCCCCCCCCC(O)=O,CC(=O)C,298.03999999999996,-0.98281575,-0.9305308
CN(C)C1=CC=C(C=C1)N(=O)=O,CC(=O)C,298.15,-1.722553688,0.6577134
COC1=CC(\C=C\CO)=CC(OC)=C1O[C@@H]1O[C@H](CO)[C@@H](O)[C@H](O)[C@H]1O,CC(=O)C,293.15,-2.676107361,-1.3787123
OP(O)(=O)C1=CC=CC=C1,CC(=O)C,298.14,0.371741675,0.2538274
[H][C@]12C[C@@]3([H])C4=CCO[C@@]5([H])CC(=O)N6C7=C(C=CC=C7)[C@@]1(CCN2C4)[C@]6([H])[C@@]35[H],CC(=O)C,288.15,-2.403715714,-2.0577934
CC1=NC(NS(=O)(=O)C2=CC=C(N)C=C2)=NC=C1,CC(=O)C,297.15,-1.388288632,-0.13679487
NNC(=O)C1=CC=NC=C1,CC(=O)C,300.98999999999995,-0.893415339,-1.1702003
OC(=O)[C@H]1[C@H]([C@H]([C@@H]1C1=CC=CC=C1)C1=CC=CC=C1)C(O)=O,CC(=O)C,293.15,-1.207123417,-2.0046954
NC(=O)C1=CC=C(O)C=C1,CC(=O)C,293.15,-0.906578621,-0.82934695
NC1=C(NC2=CC=CC=C2)C=CC=C1Cl,CC(=O)C,293.15,0.204247063,0.043586448
CC(C)(O)[C@H]1CC[C@@](C)(O)CC1,CC(=O)C,298.15,-0.66756881,-0.1928861
[H][C@@]12OC3=C4C(C[C@H]5N(C)CC[C@@]14[C@@]5([H])CC[C@@H]2O)=CC=C3OC,CC(=O)C,293.15,-0.936435936,-1.5088016
OC1=CC(O)=C2C(=O)C(O)=C(OC2=C1)C1=CC=C(O)C(O)=C1,CC(=O)C,293.15,-0.878291949,-5.23016
CCCCCCC\C=C\C(=O)N(C(=O)NC1=CC=C(C=C1)N(C)C)C1=CC=C(C=C1)N(C)C,CC(=O)C,293.15,-1.37873342,-1.0208192
[H][C@@](CCC(O)=O)(NC(C)=O)C(O)=O,CC(=O)C,298.15,-1.954628378,-1.938851
CC(=O)NC1=CC=CC(=C1)C(O)=O,CC(=O)C,293.15,-1.657577319,-1.4560726
O=N(=O)C1=CC=C(NC2=CC=CC=C2)C(=C1)N(=O)=O,CC(=O)C,288.15,-0.943035544,-0.8131925
C1=CC=C(C=C1)P(C1=CC=CC=C1)C1=CC=CC=C1,CC(=O)C,303.19,0.080083531,-0.032296404
CCCCCCCCC(O)CC(=O)N(C(=O)NC1=CC=C(C=C1)N(C)C)C1=CC=C(C=C1)N(C)C,CC(=O)C,293.15,-1.759393273,-1.306427
O=N(=O)C1=CC=CC2=C1C=CC=C2,CC(=O)C,291.15,0.775650381,0.06086938
NC(=O)NCC1=CC=CC=C1,CC(=O)C,296.15,-0.685250406,-0.4549297
O[C@@H]1CCC[C@@H](O)C1,CC(=O)C,290.65,-0.167429512,0.025396794
CC1=CC=C(C=C1N(=O)=O)N(=O)=O,CC(=O)C,288.15,0.547763067,0.18392126
O=C1CCC2=CC(OCCCCC3=NN=NN3C3CCCCC3)=CC=C2N1,CC(=O)C,298.15,-1.699519292,-1.2932888
[H][C@@]12CC[C@@H]3C[C@]1(CC3=C)[C@@H](C(O)=O)[C@]1([H])[C@@]3(C)[C@@H](O)CC[C@@]21OC3=O,CC(=O)C,298.14,-0.029194105,-0.5385648
ClC1=C(Cl)C2=C(Cl)C(Cl)=C(Cl)C(Cl)=C2C(Cl)=C1Cl,CC(=O)C,295.65,-2.004035333,-1.7064795
[H][C@@](C)(CCCC(C)C)[C@@]1([H])CC[C@@]2([H])[C@]3([H])CC=C4C[C@H](CC[C@]4(C)[C@@]3([H])CC[C@]12C)OC(=O)CCCC,CC(=O)C,293.15,-1.558874652,-1.3108418
O[C@@]1(C2=CC=CC=C2)C2=C(C=CC=C2)[C@@](O)(C2=CC=CC=C2)C2=C1C=CC=C2,CC(=O)C,290.15,-2.163690796,-1.3595359
CC1=CC=C(C=C1)C1=CC(=NN1C1=CC=C(C=C1)S(N)(=O)=O)C(F)(F)F,CC(=O)C,298.15,0.23155772,-0.77481014
CC(=O)NC1=CC=C(O)C=C1,CC(=O)C,298.15,-0.285320521,-0.7812052
CC1(C)CC(\C=C\C2=CC=C(O)C=C2)=C/C(C1)=C(/C#N)C#N,CC(=O)C,298.15,-0.154774845,-0.74538946
OCCOC1=C2C=CC=CC2=C(OCCO)C(=C1)P1(=O)OC2=C(C=CC=C2)C2=C1C=CC=C2,CC(=O)C,293.15,-2.770184797,-1.2242031
CN(C(N)=O)C1=CC=CC=C1,CC(=O)C,296.15,0.29173523,-0.059416905
CCCCCCCCCCCCCCCCCC(=O)OCCCCOP(O)(=O)OCCN,CC(=O)C,293.15,-2.956637714,-2.7381086
CSCC12CSCC(C1)C(C)=CC2=O,CC(=O)C,293.15,0.058657723,-0.11412208
OC(=O)C1=CC=CO1,CC(=O)C,299.14,0.444349871,0.40469867
CCCCCCC(O)CC(=O)N(C(=O)NC1=CC=C(C=C1)N(C)C)C1=CC=C(C=C1)N(C)C,CC(=O)C,293.15,-1.32820329,-1.2056162
CC(=O)N(C1CCCCC1)C1=CC=CC=C1,CC(=O)C,293.15,0.433770301,0.46087474
CC1=C(C=C(C=C1N(=O)=O)N(=O)=O)N(=O)=O,CC(=O)C,292.98999999999995,0.579982105,0.18090884
OCCCP(=O)(CCCO)CCCO,CC(=O)C,298.13,-1.864985102,-1.8777518
OC1=CC(Br)=C(C=C1)N(=O)=O,CC(=O)C,303.15,-1.915224565,-0.654742
CCCCCCCCCCCCCC(O)=O,CC(=O)C,293.15,-0.262381779,-0.06342387
OC(=O)C1=CC=C(Br)C=C1,CC(=O)C,293.15,-0.30364119,-0.17708868
[H][C@](O)(C(=O)NCCC(=O)NCCSC(=O)C1=CC=CC2=C1C=CC=C2)C(C)(C)CO,CC(=O)C,293.15,-1.459936021,-2.31392
OC1=CC=C(C=C1)C1=COC2=CC(O)=CC(O)=C2C1=O,CC(=O)C,290.65,-1.169035538,-1.4876804
CN(C)C1=CC=C(NC(=O)N(C=O)C2=CC=C(C=C2)N(C)C)C=C1,CC(=O)C,293.15,-1.684379381,-1.1112847
ClP1(Cl)=NP(Cl)(Cl)=NP(Cl)(Cl)=N1,CC(=O)C,293.15,-0.423567349,-0.45051184
O=N(=O)C1=CC=C(OC2=C(C=C(C=C2N(=O)=O)N(=O)=O)N(=O)=O)C(=C1)N(=O)=O,CC(=O)C,296.15,-0.401133386,-1.0014412
OC1=CC=C(C=C1N(=O)=O)N(=O)=O,CC(=O)C,288.15,0.184891445,-0.2168257
C1=CC2=CC=CC=C2C=C1,CC(=O)C,298.09999999999997,0.470144966,0.52646255
CCCCCCCCCC\C=C\C(=O)N(C(=O)NC1=CC=C(C=C1)N(C)C)C1=CC=C(C=C1)N(C)C,CC(=O)C,293.15,-3.841548882,-1.2069831
O=N(=O)C1=CC(=C(NC2=CC=C(C=C2N(=O)=O)N(=O)=O)C=C1)N(=O)=O,CC(=O)C,288.15,-1.11674556,-1.3912024
CCOC(=O)C1=C(C)NC(\C=C2/N=C(C)C(C(=O)OCC)=C/2C)=C1C,CC(=O)C,298.15,-2.235825584,-1.4187607
[H][C@](O)(C(=O)NCCC(=O)NCCSC(=O)C1=CC=CC=C1)C(C)(C)CO,CC(=O)C,293.15,-0.883639862,-2.2899165
N1C2=C(C=CC=C2)C2=C1C=CC=C2,CC(=O)C,303.15,-0.341620856,-0.23121412
CC1=CC(=CC(C)=C1)C(O)=O,CC(=O)C,293.15,-0.194784817,0.14202154
C1COCCOC2=C(OCCOCCOCCOC3=C(OCCO1)C=CC=C3)C=CC=C2,CC(=O)C,298.15,-1.498936526,-1.1287742
[H][C@](O)(CO)[C@]([H])(O)CO,CC(=O)C,296.54999999999995,-2.452585735,-2.1730063
NC1=C(NC2=C(Cl)C=CC=C2)C=CC(Cl)=C1,CC(=O)C,293.15,-0.136173606,0.3295943
COC(=O)C1=C(O)C(C)=C(O)C=C1C,CC(=O)C,293.14,0.35053991,0.017996386
NC1=CC=CC2=C1C(=O)N(C1CCC(=O)NC1=O)C2=O,CC(=O)C,293.15,-2.137703915,-2.3760912
[H][C@@]12CC[C@H](O)[C@@]1(C)CC[C@]1([H])C3=CC=C(OC(=O)C4=CC=CC=C4)C=C3CC[C@@]21[H],CC(=O)C,293.15,-0.274730371,-1.85067
CCCCCCCCCC(O)CC(=O)N(C(=O)NC1=CC=C(C=C1)N(C)C)C1=CC=C(C=C1)N(C)C,CC(=O)C,293.15,-1.170790508,-1.3906646
O=C1C2=CC(=CC(=C2C2=C1C=C(C=C2)N(=O)=O)N(=O)=O)N(=O)=O,CC(=O)C,295.15,-0.88605527,-1.9452369
COC(=O)C1=C(O[C@@H]2O[C@H](CO[C@@H]3OC[C@@H](O)[C@H](O)[C@H]3O)[C@@H](O)[C@H](O)[C@H]2O)C=CC=C1,CC(=O)C,292.15,-2.567341591,-2.2552643
O[C@H]1CC[C@H](O)CC1,CC(=O)C,289.15,-0.784023236,-1.0165006
C1N2CN3CN1CN(C2)C3,CC(=O)C,293.15,-0.950811187,-0.93701184
ONC(=O)CCCCCCNC(=O)C1=CN=C(N=C1)N(C1=CC=CC=C1)C1=CC=CC=C1Cl,CC(=O)C,288.15,-1.628811407,-1.3558874
CC(=O)CC(=O)N(C1=CC=CC=C1)C1=CC=CC=C1,CC(=O)C,293.15,0.259120927,0.009165779
CN(C)C1=CC=C(NC(=O)N(C(C)=O)C2=CC=C(C=C2)N(C)C)C=C1,CC(=O)C,293.15,-1.673363962,-0.9406079
[H][C@@]12CC[C@H](O)[C@@]1(C)CC[C@]1([H])C3=CC=C(O)C=C3CC[C@@]21[H],CC(=O)C,303.15,-0.680578154,-1.2164929
O=C1COCCO1,CC(=O)C,288.45,0.964031913,0.04021038
CCCS(=O)C1=CC=C2NC(NC(=O)OC)=NC2=C1,CC(=O)C,298.15,-3.847163773,-1.780527
OC(=O)\C=C\C(O)=O,CC(=O)C,296.98999999999995,-1.103563434,-1.3111665
CC#CC(=O)N1CCC[C@H]1C1=NC(=C2N1C=CN=C2N)C1=CC=C(C=C1)C(=O)NC1=NC=CC=C1,CC(=O)C,298.15,-2.190811492,-1.695955
OC1=C2N=CC=CC2=C(Cl)C=C1Cl,CC(=O)C,298.15,-1.330517261,-0.9978645
ClC1=C2C(=O)C(Cl)(Cl)C(=O)C2=C(Cl)C(Cl)=C1Cl,CC(=O)C,298.15,-0.558543656,-0.71397465
O=C1OC(=O)C2=C1C=CC(=C2)C1=CC2=C(C=C1)C(=O)OC2=O,CC(=O)C,298.15,-2.573802534,-2.9201472
OC(=O)CC1=CC=CC=C1,CC(=O)C,293.15,0.996380458,0.7153802
OC(=O)CCCCC(O)=O,CC(=O)C,298.14,-0.642191393,-1.5023707
CC(=O)OC(COC(=O)C1=CC=C(C=C1)N(=O)=O)COC(=O)C1=CC=C(C=C1)N(=O)=O,CC(=O)C,294.15,-1.371742918,-1.559264
NS(=O)(=O)C1=CC=C(C=C1)S(N)(=O)=O,CC(=O)C,298.15,-0.771354104,-1.7299163
OC(=O)C1=CC=CC=C1,CC(=O)C,298.15,0.513935905,0.5266803
O=C(C(=O)C1=CC=CC=C1)C1=CC=CC=C1,CC(=O)C,298.15,0.334813507,-0.11739755
OC(=O)C1=CC(O)=CC=C1O,CC(=O)C,298.15,-0.187864636,-0.1703058
CNC(=O)C(=N\OC)\C1=C(COC2=CC(C)=CC=C2C)C=CC=C1,CC(=O)C,293.15,-0.678052926,-0.37252498
FC1=CC=C(NC(=O)C2=C(OC3=CC(=CC=C3)C(F)(F)F)N=CC=C2)C(F)=C1,CC(=O)C,293.15,-0.595827879,-1.0500906
CC(OC1=CC=CC2=CC=CC=C12)C(N)=O,CC(=O)C,298.15,-1.08782952,-0.5112802
ClCCN(CCCl)C1=CC2=CC=CC=C2C=C1,CC(=O)C,288.15,0.495843183,0.14083552
[H][C@@](C)(CCCC(C)C)[C@@]1([H])CC[C@@]2([H])[C@]3([H])CC=C4C[C@H](CC[C@]4(C)[C@@]3([H])CC[C@]12C)OC(=O)C(O)=O,CC(=O)C,293.15,-0.855331724,-1.621034
CCCCCCCCCCCCCCCCCCCCCCC(O)=O,CC(=O)C,288.15,-1.549759551,-2.0696943
O1C2=C(OP11=NP3(OC4=C(O3)C=CC=C4)=NP3(OC4=C(O3)C=CC=C4)=N1)C=CC=C2,CC(=O)C,298.34,-2.363869395,-1.6150846
CN1C2C(N(C)C1=O)N(C)C(=O)N2C,CC(=O)C,292.15,-0.926617581,-0.6861353
NC1=C(C(=C(C(=C1N(=O)=O)N(=O)=O)N(=O)=O)N(=O)=O)N(=O)=O,CC(=O)C,293.15,-0.125835238,-0.43187374
ClC1=CC(Cl)=CC(Cl)=C1,CC(=O)C,298.14,0.19477696,0.21756564
CN(C)C1=CC=C(NC(=O)N(C(=O)\C=C(/C)C)C2=CC=C(C=C2)N(C)C)C=C1,CC(=O)C,293.15,-1.361191135,-0.9231622
[H][C@@]12C[C@@]3([H])[C@]4([H])CCC5=CC(=O)CC[C@]5(C)[C@@]4([H])[C@H](O)C[C@]3(C)[C@@]1(O2)C(C)=O,CC(=O)C,298.34999999999997,-1.657652075,-1.58073
O=C(NC1=CC=CC2=CC=CC=C12)N(C1=CC=CC=C1)C1=CC=CC=C1,CC(=O)C,293.15,-1.610363812,-0.7998059
OC(=O)C1=CC=C(Cl)C=C1,CC(=O)C,293.15,-0.800254097,0.06687307
CC(C)(O)P1(=O)OCC2(CO1)COP(=O)(OC2)C(C)(C)O,CC(=O)C,298.42999999999995,-1.987351504,-1.926528
O=N(=O)N1CN(CN(C1)N(=O)=O)N(=O)=O,CC(=O)C,293.15,-0.583749167,-0.52322793
[H][C@@](C)(CCCC(C)C)[C@@]1([H])CC[C@@]2([H])[C@]3([H])CC=C4C[C@H](CC[C@]4(C)[C@@]3([H])CC[C@]12C)OC(C)=O,CC(=O)C,293.15,-1.234212462,-1.0867658
OCCCCOC(=O)NCCCCCCNC(=O)OCCCCO,CC(=O)C,293.15,-1.843158001,-2.0772376
COP(=O)(NC(C)=O)SC,CC(=O)C,299.44,-0.037053105,-0.01552172
O=C(N=N#N)C1=C(C=C(C=C1N(=O)=O)N(=O)=O)N(=O)=O,CC(=O)C,293.15,-0.953518081,-0.31564584
[H][C@@](C)(CCCC(C)C)[C@@]1([H])CC[C@@]2([H])[C@]3([H])CC=C4C[C@H](CC[C@]4(C)[C@@]3([H])CC[C@]12C)OC=O,CC(=O)C,293.15,-0.825313022,-1.2612892
OC(=O)C1=CC=CC=C1O,CC(=O)C,298.15,0.38412846,0.770675
[H][C@]12COC(=O)[C@]1([H])[C@H](C1=CC(OC)=C(OC)C(OC)=C1)C1=C(C=C3OCOC3=C1)[C@@H]2O,CC(=O)C,293.19,-0.983384521,-2.0159245
O[C@@H](CCC1=CCCC1=O)CC(O)=O,CC(=O)C,293.15,-0.960685547,-0.8113471
CCCCC1=NC2(CCCC2)C(=O)N1CC1=CC=C(C=C1)C1=CC=CC=C1C1=NN=NN1,CC(=O)C,298.23999999999995,-3.038076782,-2.0955431
CCCCCCCCCCCCC(=O)N(C(=O)NC1=CC=C(C=C1)N(C)C)C1=CC=C(C=C1)N(C)C,CC(=O)C,291.15,-1.952421268,-1.271409
OC(=O)C1=CC(O)=C(O)C=C1,CC(=O)C,298.15,-0.187864636,-0.6636567
NC1=C(NC2=CC=CC=C2)C=C(Cl)C=C1,CC(=O)C,293.15,-0.10937206,-0.024846405
ClC1=NC=C(CN2CCN=C2NN(=O)=O)C=C1,CC(=O)C,300.03999999999996,-0.718857066,-0.8970835
[H][C@@](C)(O)[C@@]1([H])CC[C@@]2([H])[C@]3([H])CC[C@]4([H])C[C@H](O)CC[C@]4(C)[C@@]3([H])CC[C@]12C,CC(=O)C,288.15,-2.872381259,-1.0036368
CC1=C(C(O)=C(C=C1N(=O)=O)N(=O)=O)N(=O)=O,CC(=O)C,290.15,0.485879894,0.019479975
[H][C@@]1(COC(O1)C1=CC=CC=C1)[C@]1([H])O[C@@H](O[C@]2([H])CO[C@@H](O[C@]12[H])C1=CC=CC=C1)C1=CC=CC=C1,CC(=O)C,290.15,-1.977723605,-1.3310473
OC1=C2N=CC=CC2=C(C=C1I)S(O)(=O)=O,CC(=O)C,298.15,-3.642366818,-2.1042078
CC1=CC=C(C)C(=C1N(=O)=O)N(=O)=O,CC(=O)C,288.15,0.18450416,-0.17194162
OC1=C2N=CC=CC2=C(Br)C=C1Br,CC(=O)C,293.15,-1.812523609,-1.949403
C1=CC=C2C(C=CC=C2C2=CC=CC3=CC=CC=C23)=C1,CC(=O)C,293.15,-1.193822267,-1.5283813
ClC1=CC=C(SSC2=CC=C(Cl)C=C2)C=C1,CC(=O)C,302.94,0.139293696,-0.052171297
CC1=CC(=C(C)C(=C1N(=O)=O)N(=O)=O)N(=O)=O,CC(=O)C,288.15,-0.683335271,-0.19733858
OC1=CC=CC=C1C(=O)OC1=CC=CC=C1,CC(=O)C,303.15,0.563573103,0.21855845
CCOC1=C(C=C(C=C1)N(=O)=O)\C=N\NC(N)=O,CC(=O)C,293.15,-2.029805828,-1.2052696
OC1=CC=C(C=C1)C1=COC2=CC(O)=CC=C2C1=O,CC(=O)C,290.65,-1.037276829,-1.4367979
OC1=CC=C(C=C1)C(=O)C1=C(O)C(O)=C(O)C=C1,CC(=O)C,298.14,0.144793846,-2.3569849
COC1=CN=C(Cl)N=C1Cl,CC(=O)C,297.34,0.671898215,0.6254728
C1=CC=C(C=C1)C1=CC=CC=C1,CC(=O)C,298.15,0.684477909,0.6302539
O=N(=O)C1=CC=CC2=C(C=CC=C12)N(=O)=O,CC(=O)C,289.15,-1.776470431,-0.60954833
OCP1(=O)OC2=C(C=CC=C2)C2=CC=CC=C12,CC(=O)C,302.25,-1.402735403,-1.422988
COC1=CC=C(C=C1OC)C(=O)N1CCN(CC1)C1=CC2=C(NC(=O)CC2)C=C1,CC(=O)C,298.15,-2.896797821,-1.6752783
O=C1CCCCCCCCCCCCCCCCCN1,c1ccccc1,295.15,0.171100776,-1.2109299
CCCCCCC(N)=O,c1ccccc1,293.15,-1.342690328,-1.298801
CN(c1c(cc(cc1[N+]([O-])=O)[N+]([O-])=O)[N+]([O-])=O)[N+]([O-])=O,c1ccccc1,291.15,-0.810589193,-1.019771
CCCCCC(N)=O,c1ccccc1,293.15,-1.058156274,-1.2800828
Nc1ccc(cc1)C(O)=O,c1ccccc1,298.15,-2.34814254,-2.01756
Cc1ccc(cc1)N(c2cccc(C)c2)c3cccc(C)c3,c1ccccc1,290.15,0.436610032,0.08536565
CCOc1c(cc(cc1[N+]([O-])=O)[N+]([O-])=O)[N+]([O-])=O,c1ccccc1,288.15,0.224355743,-0.74284256
COc1cccc(C=NNc2ccc(cc2[N+]([O-])=O)[N+]([O-])=O)c1,c1ccccc1,293.15,-2.988178757,-1.7340269
CC12SC3(C)SC(C)(S1)SC(C)(S2)S3,c1ccccc1,293.15,0.117757985,-1.0769966
[C@@H]45C3=NC1=C([C@H]2CC[C@@H]1C2(C)C)N=C3[C@@H](CC4)C5(C)C,c1ccccc1,293.15,-0.39912237,-0.2945506
C[C@@H]3CCCC(NC(=O)c1cccc2ccccc12)C3,c1ccccc1,299.15,-0.405925001,-0.59063596
Cc1ccccc1N=Nc2ccc(O)cc2,c1ccccc1,303.15,-0.044894198,-1.1925774
Clc1c(Cl)c(Cl)c2C(=O)OC(=O)c2c1Cl,c1ccccc1,298.15,-0.91164702,-1.0295073
[O-][N+](=O)c1cccc2cccc(c12)[N+]([O-])=O,c1ccccc1,289.15,-1.521227671,-1.3076665
N#C/C(c1ccccc1)=N(=O)/c2ccc(Cl)cc2,c1ccccc1,299.15,-0.270795364,-0.23314224
c1cc2ccc3cccc4ccc(c1)c2c34,c1ccccc1,293.15,-0.259626574,-0.7218454
OC(=O)CCC(=O)NNC(=O)c1ccccc1,c1ccccc1,298.15,-3.397897726,-2.4972782
O=C(OCOC(=O)c1ccccc1)c2ccccc2,c1ccccc1,297.15,-0.034809562,-1.1277697
OC(=O)CCCCCCCC(O)=O,c1ccccc1,298.15,-3.368383065,-1.7517821
[O-][N+](=O)c1cc2cccc(c2c(c1)[N+]([O-])=O)[N+]([O-])=O,c1ccccc1,288.15,-1.868131264,-1.9093312
O[P](=O)(c1ccccc1)c2ccccc2,c1ccccc1,293.14,-2.105104492,-1.9468622
CCc1c(c2/cc/3\nc(/cc\4/c(c(/c(/[nH]4)c/c5n/c(c\c1[nH]2)/C(=C5C)CC)C)CC)C(=C3C)CC)C,c1ccccc1,298.15,-2.795880925,-2.1887488
CCOC(=O)c1cnn(C)c1[S](=O)(=O)NC(=O)Nc2nc(OC)cc(OC)n2,c1ccccc1,293.15,-1.4242941,-3.5017862
NC(=O)C(O)c1ccccc1Cl,c1ccccc1,295.15,-1.881211544,-1.734378
N#Cc1c2ccccc2c(C#N)c3ccccc13,c1ccccc1,293.15,-2.756356503,-1.22362
Cc1ccc(c(C)c1)C(O)=O,c1ccccc1,293.15,-0.625153426,-0.9502401
C(=CC=Cc1ccccc1)C=Cc2ccccc2,c1ccccc1,292.15,-1.431597495,-0.47810096
Oc1ccc(N=Nc2ccccc2)c(O)c1,c1ccccc1,303.15,-1.507550426,-1.2842951
CN1CC[C@]23[C@H]4Oc5c(O)ccc(C[C@@H]1[C@@H]2C=C[C@@H]4O)c35,c1ccccc1,293.15,-2.713522567,-2.1235397
Oc1ccc(cc1)[N+]([O-])=O,c1ccccc1,298.15,-1.019509832,-0.7961673
CC(C)CC(CC(C)C)(CC(C)C)C(=O)NO,c1ccccc1,299.15,-0.431798276,-0.7041677
OC(C(O)=O)c1ccc(Cl)cc1,c1ccccc1,295.15,-1.598802144,-1.3904495
[O-][N+](=O)c1ccc(C=O)cc1,c1ccccc1,299.15,-0.277373785,-0.57259357
CCC\C=C/C(N)=O,c1ccccc1,293.15,0.648860333,-1.4171535
ON=C1C(=O)C=Cc2ccccc12,c1ccccc1,299.15,-0.376755606,-0.71538156
O=C1c2ccccc2c3c4c1cccc4c5cccc6C(=O)c7ccccc7c3c56,c1ccccc1,296.15,-2.188086645,-2.0582075
CCCCCCC(C)=NNC(N)=O,c1ccccc1,293.15,-1.40926556,-1.7843242
OC(C#CC(O)(c1ccccc1)c2ccccc2)(c3ccccc3)c4ccccc4,c1ccccc1,297.15,-3.81024671,-1.0535505
C[C@H]1OC=C2C(=C(C(O)=O)C(=O)C(=C2[C@@H]1C)C)O,c1ccccc1,298.15,-0.942313597,-2.2793891
O=C(C(C(=O)c1ccccc1)C(=O)c2ccccc2)c3ccccc3,c1ccccc1,294.15,-2.971795408,-0.54956627
C1Cc2cccc3cccc1c23,c1ccccc1,297.98999999999995,0.260115988,0.47354174
O=C1NC(=O)C(N1)(c2ccccc2)c3ccccc3,c1ccccc1,293.15,-3.225777791,-1.8072662
[O-][N+](=O)c1ccc(Cl)cc1,c1ccccc1,290.15,0.667218289,0.6326002
CCOC(=O)C(=O)C(=O)OCC,c1ccccc1,295.15,0.060099036,-1.5311143
CCC1(C(=O)NC(=O)NC1=O)c2ccccc2,c1ccccc1,293.15,-2.380508679,-2.027884
CN(C(=O)C(=O)N(C)[N+]([O-])=O)[N+]([O-])=O,c1ccccc1,293.15,-0.389334259,-1.4330981
Cc5ccc(/N=C(Nc1ccc(C)cc1)/N(c2ccc(C)cc2)c4nc3cc(C)ccc3[nH]4)cc5,c1ccccc1,288.15,-1.560280876,-2.2859159
c1ccc(cc1)/N=N/c2ccccc2,c1ccccc1,298.15,0.225964192,-0.59391224
CCCC(N)=O,c1ccccc1,293.15,-1.599681728,-1.4301034
CC(C)[C@@H](C)/C=C/[C@@H](C)[C@H]1CC[C@H]2C3=CC=C4C[C@@H](O)CC[C@]4(C)[C@H]3CC[C@]12C,c1ccccc1,289.15,-1.62903887,-1.7996334
O=C1c2cccc3cccc(c23)C1=C4C(=O)c5cccc6cccc4c56,c1ccccc1,292.15,-2.325706484,-2.134072
Nc1ccccc1[N+]([O-])=O,c1ccccc1,298.15,0.012926413,-0.32025743
CCCCC(CCC)=NNC(N)=O,c1ccccc1,293.15,0.093925079,-1.8281431
COc1cc2OC[C@H]3Oc4c5C[C@@H](Oc5ccc4C(=O)[C@H]3c2cc1OC)C(C)C,c1ccccc1,298.15,-0.798836918,-1.7266791
c1ccc2cc3c(ccc4ccccc34)cc2c1,c1ccccc1,293.15,-1.721252106,-1.681753
CC(=O)NC(Cc1c[nH]c2ccccc12)C(O)=O,c1ccccc1,294.15,-3.859925539,-4.0637045
c1ccc(cc1)/N=N/c2cc(cc(c2O)Cl)Cl,c1ccccc1,303.15,-0.292462151,-0.9172876
O=[P](c1ccccc1)(c2ccccc2)c3ccccc3,c1ccccc1,299.15,-0.038579503,-0.19887425
COc1c(cc(cc1[N+]([O-])=O)[N+]([O-])=O)[N+]([O-])=O,c1ccccc1,288.15,0.534292363,-0.6113553
BrC1C(OC(=O)C1=O)c2ccc(Br)cc2,c1ccccc1,294.15,-0.921639663,-2.138131
Cc1ccc(O)cc1O,c1ccccc1,298.04999999999995,-1.281816615,-0.026080802
CCCC(=O)O[C@@]1(CC[C@H]2[C@@H]3CCC4=CC(=O)CC[C@]4(C)[C@H]3[C@@H](O)C[C@]12C)C(=O)COC(=O)CC,c1ccccc1,298.15,-1.071971787,-1.0741247
CCc1c(O)cc(C)cc1O,c1ccccc1,298.04999999999995,-1.214763328,0.06761852
CCC1(CC)C(=O)NC(=O)NC1=O,c1ccccc1,293.15,-2.555160472,-2.2611413
CCCCCCCCCC(C(O)=O)C(O)=O,c1ccccc1,298.15,-2.917370255,-0.81818146
OC(=O)[C@@H](Br)[C@@H](Br)c1ccccc1,c1ccccc1,289.15,-1.57469315,-1.7041516
CC(=O)Nc1ccccc1,c1ccccc1,298.15,-1.07109206,-0.008140117
COc1cc2OC[C@H]3Oc4c(CC=C(C)C)c(O)ccc4C(=O)[C@H]3c2cc1OC,c1ccccc1,298.15,-1.899207463,-1.7166694
CCCCCCCCC(N)=O,c1ccccc1,293.15,-1.697800618,-0.9115867
Oc1cccc(O)c1,c1ccccc1,297.15,-1.68029568,0.5166848
Cc1ccc3c(c1)nc(Nc2ccccc2)n3/C(=N\c4ccccc4)Nc5ccccc5,c1ccccc1,288.15,-1.979195892,-1.3795724
[O-][N+](=O)c1ccc(Cc2ccc(cc2)[N+]([O-])=O)cc1,c1ccccc1,293.15,-0.99238638,-1.4912169
CCC1(NC(=O)N(C)C1=O)c2ccccc2,c1ccccc1,297.15,-0.614688332,-1.0638449
c1(ccccc1)C(C#N)=N(=O)c2ccc(C)cc2,c1ccccc1,299.15,-0.339592419,-0.2569263
CCCCC\C=C/C(N)=O,c1ccccc1,293.15,0.341264486,-1.2746607
CCCCC/C=C/C(N)=O,c1ccccc1,293.15,-1.845642737,-1.2746607
CN1CC[C@]23[C@H]4Oc5c(OC(C)=O)ccc(C[C@@H]1[C@@H]2C=C[C@@H]4OC(C)=O)c35,c1ccccc1,298.15,-0.470606864,-1.6816382
CCOC(=O)C(=NNc1c(Br)cc(Br)cc1Br)C#N,c1ccccc1,288.15,-0.767429023,-2.0163536
CCc1cc(O)c(C)cc1N=Nc2cccc(c2)C(C)=O,c1ccccc1,303.15,-0.53745977,-1.0570991
CCCCCCCCC(CC)(CC)C(=O)NO,c1ccccc1,299.15,-0.1487414,-0.28917462
Cc1cccc(C)c1C(O)=O,c1ccccc1,293.15,-0.287862464,-0.2997445
CCCCCCCCCCC(C(O)=O)C(O)=O,c1ccccc1,298.15,-3.625930531,-0.8463077
CCc1cc(O)ccc1N=Nc2cccc(c2)C(C)=O,c1ccccc1,303.15,-1.551642395,-1.1073775
CCC(CC)(Cc1ccc(C)cc1)C(=O)NO,c1ccccc1,299.15,-1.522871363,-0.8239198
S1C(SC(SC1c2ccccc2)c3ccccc3)c4ccccc4,c1ccccc1,298.15,-0.836325348,-0.58246684
[O-][N+](=O)c1cc(c(Cl)c(c1)[N+]([O-])=O)[N+]([O-])=O,c1ccccc1,290.15,0.113387133,-0.45051658
OC(=O)c1c(Br)cccc1Br,c1ccccc1,293.15,-0.779883089,-1.0485618
[O-][N+](=O)c1ccc(NN=Cc2cccc(Br)c2)c(c1)[N+]([O-])=O,c1ccccc1,293.15,-3.030984062,-1.8912615
O=[S](Cc1ccccc1)Cc2ccccc2,c1ccccc1,293.15,-0.863545786,-0.003862813
CCCC(CCC)(c1ccccc1)C(=O)NO,c1ccccc1,299.15,-0.602048918,-0.3430411
O=C1c2ccccc2c3cccc4cccc1c34,c1ccccc1,293.15,-1.213439666,-0.6155219
Cl[S](=O)(=O)c1cc2c(cccc2[S](Cl)(=O)=O)c(c1)[S](Cl)(=O)=O,c1ccccc1,293.15,-0.519907217,-2.4891336
Nc1c(cc(cc1[N+]([O-])=O)[N+]([O-])=O)[N+]([O-])=O,c1ccccc1,292.65,-1.458053873,-0.96957684
OOC1(c2ccccc2)c3ccccc3C(OO)(c4ccccc4)c5ccccc15,c1ccccc1,290.15,-2.297149663,-0.98704696
Cc1ccc(cc1)C(=O)N(O)c2ccc(Cl)cc2,c1ccccc1,293.15,-1.307227288,-1.0487497
Oc1ccc(cc1)N=Nc2ccccc2[N+]([O-])=O,c1ccccc1,303.15,-0.587374305,-1.0878628
Nc1ccccn1,c1ccccc1,298.15,0.307369906,0.09598938
COC(=O)c1ccc(cc1)C=NNc2ccc(cc2[N+]([O-])=O)[N+]([O-])=O,c1ccccc1,293.15,-3.390787543,-2.163477
c1ccc2cc3cc4ccccc4cc3cc2c1,c1ccccc1,293.15,-2.017735267,-2.0662265
CC(C)(C)c1ccc(O)c(c1)N=Nc2ccccc2,c1ccccc1,303.15,0.646344068,-0.74349976
OC(=O)c1cccc(O)c1,c1ccccc1,298.15,-3.193440523,-1.1067762
N[C@@H](CO)c1ccccc1,c1ccccc1,293.15,-1.023350612,-0.9763031
Cc1ccc(O)c(c1)C(C)(C)C,c1ccccc1,295.15,0.772431391,0.15959994
Cl[S](=O)(=O)c1ccc2cc(cc(c2c1)[S](Cl)(=O)=O)[S](Cl)(=O)=O,c1ccccc1,293.15,-1.755138507,-2.5895517
CCOCN1C(=O)c2ccccc2C1=O,c1ccccc1,298.15,-2.914264861,-1.9003146
C[C@H](O)[C@H](NC(=O)c1ccccc1)C(O)=O,c1ccccc1,298.15,-0.649780609,-2.423736
CCCCCCCCCCCCCCCC(O)=O,c1ccccc1,293.15,-0.603140172,-0.9253017
CCCCC(N)=O,c1ccccc1,293.15,-1.354883018,-1.0170972
OC(=O)CC1OC(OC1=O)C(Cl)(Cl)Cl,c1ccccc1,293.15,-0.94359673,-1.02773
OC(C(O)=O)c1ccccc1,c1ccccc1,292.15,-2.309533129,-1.1172378
O=C1CCCCCN1,c1ccccc1,295.15,0.56215473,-0.66008115
CCc1c(Cl)c(Cl)c(Cl)c(Cl)c1Cl,c1ccccc1,295.25,0.720043321,0.052976325
Oc1c(cccc1[N+]([O-])=O)[N+]([O-])=O,c1ccccc1,287.15,0.205061347,-0.6832654
Cc1ccc(Nc2[nH]c3ccc(C)cc3n2)cc1,c1ccccc1,288.15,-2.432800953,-2.4286816
OC(=O)CCCC(O)=O,c1ccccc1,298.15,-2.966263706,-1.1169066
c1ccc(cc1)\C=C\C=C\c2ccccc2,c1ccccc1,292.15,-0.493942012,-0.28855374
c1ccc(cc1)C(c2ccccc2)=C(c3ccccc3)c4ccccc4,c1ccccc1,293.15,-0.840478568,-0.7134373
O=N(=O)/C(N(=O)=O)=S/1CCCC1,c1ccccc1,293.15,-3.39725362,-0.6744499
Cc1c2ccccc2c(C)c3ccccc13,c1ccccc1,293.15,-0.852073862,-0.46389383
c1ccc2C3C4c5ccccc5C(C(c2c1)c6ccccc36)c7ccccc47,c1ccccc1,298.15,-2.552019331,-1.7182395
COc1cc2OC[C@H]3Oc4c5C[C@@H](Oc5ccc4C(=O)[C@H]3c2cc1OC)C(C)=C,c1ccccc1,293.15,-0.666544407,-1.8940307
CCCC(=CC(O)=O)c1ccccc1,c1ccccc1,295.15,0.426625697,-0.35823894
CCc1cc(O)ccc1N=Nc2ccc(cc2)C(C)=O,c1ccccc1,303.15,-0.647291755,-1.1592596
C[C@]12CCC(=O)C=C1CC[C@H]3[C@@H]4CC[C@](O)(C(=O)CO)[C@@]4(C)C[C@H](O)[C@H]23,c1ccccc1,298.15,-3.445323923,-1.8114613
CCc1ccc(cc1)C(=O)c2ccccc2C(O)=O,c1ccccc1,302.77,-0.912776034,-0.859359
COc1ccc2[C@H](OC(=O)c2c1OC)[C@@H]3N(C)CCc4cc5OCOc5cc34,c1ccccc1,288.15,-0.892961108,-2.561812
CCOC(=O)C(=NNc1ccccc1OC)C#N,c1ccccc1,291.15,-0.94009421,-1.8022499
C\C=C(\C)C(N)=O,c1ccccc1,293.15,-1.522233474,-1.8480642
C\C=C(/C)C(N)=O,c1ccccc1,293.15,-0.907584355,-1.8480642
[O-][N+](=O)c1ccc(CCl)cc1,c1ccccc1,303.15,-0.421566245,0.07167405
O[C@@H]([C@@H]1C[C@@H]2CCN1C[C@@H]2C=C)c3ccnc4ccccc34,c1ccccc1,298.15,-2.423217846,-1.1171091
[O-][N+](=O)c1ccccc1C(=O)N=[N+]=[N-],c1ccccc1,293.15,-0.261918872,-0.7767923
C=CC(=O)Nc1cc(F)c(Br)c(F)c1,c1ccccc1,296.34,-2.105104492,-2.0155494
[O-][N+](=O)c1ccccc1\C=C\C(=O)c2ccccc2,c1ccccc1,293.15,-0.835359734,-0.978467
CN(C)C(=S)SSC(=S)N(C)C,c1ccccc1,303.15,-0.701577016,-1.5395923
Cc1ccc(cc1)N(c2ccc(C)cc2)c3cccc(C)c3,c1ccccc1,289.15,-0.232009418,-0.088002056
N#CSCCSC#N,c1ccccc1,290.15,-0.840965168,-0.9712041
CCCC(CCC)(C(=O)NO)C1CCCCC1,c1ccccc1,299.15,-0.638280143,-0.3647509
COc1ccc2nccc([C@H](O)[C@H]3C[C@@H]4CCN3C[C@@H]4C=C)c2c1,c1ccccc1,298.15,-1.435382236,-1.2661912
CC(=O)OC[C@H]1O[C@@H](OC(C)=O)[C@H](OC(C)=O)[C@@H](OC(C)=O)[C@@H]1OC(C)=O,c1ccccc1,298.15,-0.497994303,-1.4684184
Cc1cccc(c1)N=Nc2ccc(O)cc2,c1ccccc1,303.15,-0.892983945,-1.0552695
CCCCCCCC(N)=O,c1ccccc1,293.15,-1.523330774,-1.0011481
Cc1cccc(n1)C(O)=O,c1ccccc1,293.15,-1.095765126,-1.4787253
OC(=O)c1cccc(Cl)c1,c1ccccc1,288.15,-1.375161842,-0.75438905
Oc1ccc(Cc2ccccc2O)cc1,c1ccccc1,298.15,-1.404797714,-1.2214248
OC(=O)CCCC(=O)NNC(=O)c1ccccc1,c1ccccc1,298.15,-1.522914612,-2.9993627
CCOC(=O)c1ccc(C)cc1NC(C)=O,c1ccccc1,293.15,0.313612393,-1.042444
CCCCC(C(O)=O)C(O)=O,c1ccccc1,298.15,-2.618624393,-1.2070421
N#CC(=NNc1ccccc1)C#N,c1ccccc1,298.15,-0.310699476,-1.4308665
Clc1nc(Cl)nc(Cl)n1,c1ccccc1,298.15,-0.044531471,-0.9202061
Oc1ccc(cc1)C=C2CCCC(=Cc3ccc(O)cc3)C2=O,c1ccccc1,292.15,-3.486233478,-2.3603096
COc1cc2OC[C@H]3Oc4c(CCC(C)C)c(O)ccc4C(=O)[C@H]3c2cc1OC,c1ccccc1,298.15,-1.99832038,-1.4670408
N#CSC=CSC#N,c1ccccc1,290.15,-0.698070007,-0.96883297
Oc1ccc(cc1)N=Nc2ccc(Cl)cc2,c1ccccc1,303.15,-0.876459712,-1.2715888
Oc1ccccc1Cc2ccccc2O,c1ccccc1,298.15,-0.840526284,-1.2439594
O=C\1C=Cc2ccccc2C1=N/Nc3ccccc3,c1ccccc1,298.0,-0.781209421,-1.3064523
OC(=O)c1ccc(Cl)cc1Nc2ccccc2,c1ccccc1,289.15,-1.615741442,-1.851623
CCCC/C=C/C(N)=O,c1ccccc1,293.15,-1.656785224,-1.5381479
CCCC\C=C/C(N)=O,c1ccccc1,293.15,-0.066068749,-1.5381479
Clc1ccc(cc1)C(=O)OC(=O)c2ccc(Cl)cc2,c1ccccc1,303.15,-1.589187993,-0.4542495
CC\C=C/C(N)=O,c1ccccc1,293.15,-0.484338481,-1.0600275
CC\C=C\C(N)=O,c1ccccc1,293.15,-1.907584355,-1.0600275
O=C(C=[P](c1ccccc1)(c2ccccc2)c3ccccc3)c4ccccc4,c1ccccc1,299.15,-0.718962843,-0.8245953
Cc1cc(C)c(O)c(c1)N=Nc2ccc(cc2)C(C)=O,c1ccccc1,303.15,-0.41352337,-1.0539181
COc1c(c(cc(c1[N+]([O-])=O)[N+]([O-])=O)[N+]([O-])=O)[N+]([O-])=O,c1ccccc1,302.15,-1.326752675,-0.87993264
C1c2ccccc2c3ccccc13,c1ccccc1,297.98999999999995,0.149132746,0.14528467
O=C1CCCCCCCCCCCCCCN1,c1ccccc1,295.15,0.143056052,-0.7824319
Cc1ccc(O)c(c1)N=Nc2ccccc2,c1ccccc1,303.15,-0.076849601,-0.82700026
COCN1C(=O)c2ccccc2C1=O,c1ccccc1,298.15,-0.36063907,-2.0011146
CCC[C@H]1CC2=C(C[C@@H](CC)CC3=C1C(=O)OC3=O)C(=O)OC2=O,c1ccccc1,293.15,-0.64653834,-1.6059356
CC(=O)c1cccc(c1)N=Nc2cc(ccc2O)c3ccccc3,c1ccccc1,303.15,-0.771634878,-1.530586
BrC(c1ccccc1)(c2ccccc2)c3ccccc3,c1ccccc1,298.15,0.029586852,0.11488792
COc1cc(c(c(c1OC)[N+]([O-])=O)[N+]([O-])=O)[N+]([O-])=O,c1ccccc1,291.15,-0.917901574,-1.0461398
NC(=O)C(O)c1cccc(Cl)c1,c1ccccc1,295.15,-2.946382076,-1.6950393
O=C1CCCCCCCCCCCCN1,c1ccccc1,295.15,-1.329362948,-0.75742024
OC(=O)CC(O)=O,c1ccccc1,298.15,-3.928660027,-0.8883511
CC2(C)COP(=O)(NCCNP1(=O)OCC(C)(C)CO1)OC2,c1ccccc1,298.14,-3.150861982,-3.0443244
O/N=C(/c1ccccc1)C(=O)c2ccccc2,c1ccccc1,306.65,-0.194327676,-0.54044354
CCCCCCCCCCC(C)(C)C(=O)NO,c1ccccc1,299.15,-1.999982157,-0.35938758
c1ccc2C#CC#Cc3ccccc3C#CC#Cc2c1,c1ccccc1,293.15,-1.616797483,-1.5808022
O=C(OCC(C)C)[C@@H](O)[C@H](O)C(=O)OCC(C)C,c1ccccc1,293.15,-0.24585023,-1.2625263
O=C(c1ccccc1)c2cccc3c(cccc23)C(=O)c4ccccc4,c1ccccc1,298.15,-1.429002933,-1.1380491
CCOC(=O)C(=NNc1cccc(Br)c1)C#N,c1ccccc1,288.15,-1.607385594,-1.9492688
C1C2CC3CC1CC(C2)C3,c1ccccc1,293.15,-0.83006313,0.45131135
COc1ccc2C[C@@H]3[C@@H]4C=C[C@H](O)[C@@H]5Oc1c2[C@]45CCN3C,c1ccccc1,298.15,-0.476208277,-1.6768914
CCCCCC(CC)=NNC(N)=O,c1ccccc1,293.15,-0.469843114,-1.8139893
Oc1c(cc(cc1[N+]([O-])=O)[N+]([O-])=O)[N+]([O-])=O,c1ccccc1,295.54999999999995,-0.482089511,-0.56291187
Cl[P](Cl)(Cl)=N[S](=O)(=O)c1ccc2ccccc2c1,c1ccccc1,292.15,-0.778874472,-1.9624319
C[P](=O)(c1ccccc1)c2ccccc2,c1ccccc1,298.12,-0.17839989,-0.18183789
Cl[P]1(=N[P](=N[P](=N[P](=N1)(Cl)Cl)(Cl)Cl)(Cl)Cl)Cl,c1ccccc1,293.15,-0.392769265,-1.0433847
C\C(=C/C(O)=O)c1ccccc1,c1ccccc1,294.15,0.015786616,-1.074465
C\C(=C\C(O)=O)c1ccccc1,c1ccccc1,294.15,-0.372644955,-1.074465
CC1(C)C2CC[C@@]1(C)C(=O)\C2=C(/O)c3ccccc3,c1ccccc1,290.15,0.105388087,-0.714202
c1ccc(cc1)\C=C\c2ccccc2,c1ccccc1,292.15,-0.246766311,-0.27352238
[N-]=[N+]=NC(=O)c1ccccc1,c1ccccc1,293.15,0.774785161,-0.61434263
CCCC(=O)NNC(=O)CCCC(=O)O,c1ccccc1,298.15,-2.30102397,-2.6987174
Cc1ccc(cc1)N=Nc2ccc(O)cc2,c1ccccc1,303.15,-0.907224384,-1.1860869
CCCCCCCCCCCC(O)=O,c1ccccc1,298.15,0.910290571,-0.20276648
Cc1cccc(C=NNc2ccc(cc2[N+]([O-])=O)[N+]([O-])=O)c1,c1ccccc1,293.15,-2.295674141,-1.6042703
CCCCCCC=CC(N)=O,c1ccccc1,293.15,0.512299784,-1.126146
Oc1ccc(cc1)C(O)(c2ccccc2)c3ccccc3,c1ccccc1,293.15,-1.61750544,-0.7236097
CCCCCCCCCCCCCCCCCC(O)=O,c1ccccc1,293.15,-1.131340971,-1.1905261
CCCCCCCCC(C(O)=O)C(O)=O,c1ccccc1,298.15,-3.271932299,-0.9655229
Clc1ccc2c3ccccc3C(=O)c4cccc1c24,c1ccccc1,293.15,-1.360352472,-0.9026122
O=C1C[C@@H]2OCC=C3CN4CC[C@@]56[C@@H]4C[C@@H]3[C@@H]2[C@@H]5N1c7ccccc67,c1ccccc1,298.15,-1.700971947,-2.0068417
O=C(c1ccccc1)c2cccc3cccc(C(=O)c4ccccc4)c23,c1ccccc1,298.15,-1.057741262,-0.8951067
[O-][N+](=O)c1ccc2c(Cc3cc(Br)ccc23)c1,c1ccccc1,291.15,-2.025217553,-1.9290991
CC1(C)Oc2ccc3C=CC(=O)Oc3c2C=C1,c1ccccc1,291.15,-0.009360791,-1.5827451
CCCCCCCCCCCCC(=O)CCCCC(O)=O,c1ccccc1,298.15,-1.599833602,-1.2395353
COc1ccc2C[C@@H]3[C@@H]4CC[C@H](O)[C@@H]5Oc1c2[C@]45CCN3C,c1ccccc1,293.15,-0.349532325,-1.6857281
Cc1cc(O)cc(O)c1C,c1ccccc1,298.04999999999995,-1.622435042,-0.09740281
Nc1ccc2c(Cc3cc(Br)ccc23)c1,c1ccccc1,291.15,-1.016759388,-1.844058
CN1[C@@H]2CC[C@H]1CC(C2)OC(=O)C(CO)c3ccccc3,c1ccccc1,288.15,-0.554508694,-1.3385489
CC(=O)Oc1ccc(OC(C)=O)c2C(=O)c3ccccc3C(=O)c12,c1ccccc1,298.15,-1.723331411,-2.069405
Cc1ccc(cc1[N+]([O-])=O)[N+]([O-])=O,c1ccccc1,288.15,0.464896151,-0.5112906
CCOC(=O)\C=C(/C)NC(C)=O,c1ccccc1,291.15,-0.035717002,-1.094473
CCOC(=O)/C=C(/C)NC(C)=O,c1ccccc1,293.15,0.371768325,-1.0558157
CCOC(=O)C(=NNc1ccc2ccccc2c1)C#N,c1ccccc1,290.15,-0.773764165,-1.6846535
O=C1CCc2cc(OCCCCc3nnnn3C4CCCCC4)ccc2N1,c1ccccc1,298.15,-2.961194289,-1.797058
CCOC(=O)C(=NNc1ccc(cc1)[N+]([O-])=O)C#N,c1ccccc1,291.15,-1.768599812,-1.6187997
Oc1cccc(c1)[N+]([O-])=O,c1ccccc1,298.15,-0.748909792,-0.34167308
c1ccc(cc1)[C@]2(c3c(cccc3)[C@](c4c2cccc4)(O)c5ccccc5)O,c1ccccc1,290.15,-2.08450955,-1.0287426
Cn1cnc2N(C)C(=O)N(C)C(=O)c12,c1ccccc1,298.15,-1.279463121,-2.6264606
CC(=O)Nc1ccc(O)cc1,c1ccccc1,298.15,-1.908809846,-1.9386709
Cc5ccc(N(/C(=N/c1ccccc1)Nc2ccccc2)c4nc3cc(C)ccc3[nH]4)cc5,c1ccccc1,288.15,-1.789426964,-2.034886
OC(C(O)=O)c1cccc(Cl)c1,c1ccccc1,295.15,-1.837930711,-1.0143689
C\C(=N/Oc1c(cc(cc1[N+]([O-])=O)[N+]([O-])=O)[N+]([O-])=O)c2ccccc2,c1ccccc1,298.15,-0.211017704,-1.1734648
[O-][N+](=O)c1ccc(NN=Cc2ccc(Br)cc2)c(c1)[N+]([O-])=O,c1ccccc1,293.15,-3.164522971,-1.9719396
OC(=O)c1ccccn1,c1ccccc1,303.15,-1.488236868,-1.4295899
CC(=O)[C@H]1C[C@@H](CC(O)=O)C1(C)C,c1ccccc1,293.15,0.685732139,-1.5235221
OC(=O)c1ccccc1[N+]([O-])=O,c1ccccc1,298.15,-1.78259426,-0.8023424
CC(C)(CO)CO,c1ccccc1,306.65,-0.568645966,-0.5715059
CSCC12CSCC(C1)C(=CC2=O)C,c1ccccc1,293.15,0.233182798,-0.37410122
COc1ccc(c(O)c1)C(=O)c2ccc(OC)cc2O,c1ccccc1,298.15,-0.779675607,-1.8346679
Cc1ccc(cc1)C(=O)C=Cc2ccccc2,c1ccccc1,294.15,0.34222424,-0.2888682
OOC(=O)c1ccc(Cl)cc1,c1ccccc1,293.15,-0.908580662,-0.68472624
CC\C(=C/C(O)=O)c1ccccc1,c1ccccc1,293.15,0.344821243,-0.5004827
CC\C(=C\C(O)=O)c1ccccc1,c1ccccc1,293.15,0.028899692,-0.5004827
c1ccc(cc1)c2cc(cc(c2)c3ccccc3)c4ccccc4,c1ccccc1,293.15,-0.286505123,-1.261706
CCCCC(CCCC)(CCCC)C(=O)NO,c1ccccc1,299.15,-1.119177956,-0.27485758
c1ccc2c(c1)c3c4cccc5cccc(c45)c6c7ccccc7c8c9cccc%10cccc(c9%10)c2c8c36,c1ccccc1,293.15,-1.408933126,-2.0920146
N#C/C(c1ccccc1)=N(=O)/c2cccc(Cl)c2,c1ccccc1,292.15,-0.774933372,-0.46060136
CCCCCCCCCCCCCC(O)=O,c1ccccc1,293.15,0.049238397,-0.5126964
OC(=O)c1ccc(Br)cc1,c1ccccc1,293.15,-2.769211002,-0.86747855
[O-][N+](=O)c1ccc(N/N=C/c2ccc(I)cc2)c(c1)[N+]([O-])=O,c1ccccc1,293.15,-3.035264331,-2.168454
[O-][N+](=O)c1cc(cc(c1)[N+]([O-])=O)[N+]([O-])=O,c1ccccc1,290.15,-0.595103096,-0.8326492
Cl[P]1(=N[P](=N[P](=N1)(Cl)Cl)(Cl)Cl)Cl,c1ccccc1,293.15,-0.108690891,-0.69871247
CCCCCCCC\C=C/C(N)=O,c1ccccc1,293.15,-0.175447737,-0.81521475
CCCCCCCC/C=C/C(N)=O,c1ccccc1,293.15,-1.843522888,-0.81521475
[O-][N+](=O)c1ccc(Oc2c(cc(cc2[N+]([O-])=O)[N+]([O-])=O)[N+]([O-])=O)c(c1)[N+]([O-])=O,c1ccccc1,296.15,-1.930035861,-1.6564739
COC1=C(C)C(=O)C=C2OC(=CC=C12)c3ccccc3,c1ccccc1,291.15,-1.881296599,-1.4204546
OC(=O)C(O)(CCl)c1ccccc1,c1ccccc1,291.15,-1.770899639,-0.8816471
OC(=O)[C@@H]1c2ccccc2[C@@H](C(=O)c3ccccc3)c4ccccc14,c1ccccc1,293.15,-1.641298242,-1.4544011
[O-][N+](=O)c1ccc(Nc2ccc(cc2[N+]([O-])=O)[N+]([O-])=O)c(c1)[N+]([O-])=O,c1ccccc1,288.15,-2.095440049,-2.3265777
CCOC(=O)c1ccc(NC(C)=O)cc1C,c1ccccc1,293.15,-0.703420946,-1.1200929
[nH]1c2ccccc2c3ccccc13,c1ccccc1,288.65,-1.435660101,-0.723349
Cc1cc(C)cc(c1)C(O)=O,c1ccccc1,293.15,-0.862736204,-0.4100289
[O-][N+](=O)OCCN(c1c(cc(cc1[N+]([O-])=O)[N+]([O-])=O)[N+]([O-])=O)[N+]([O-])=O,c1ccccc1,298.15,-1.771309128,-1.613601
CN(C)c1ccc(cc1)C(=Nc2ccc(N)cc2)c3ccc(cc3)N(C)C,c1ccccc1,293.15,-1.364140502,-0.9473671
Oc1ccc(cc1Cl)N=Nc2ccccc2,c1ccccc1,303.15,-0.063451727,-1.131634
C(C=CC=CC=Cc1ccccc1)=CC=CC=Cc2ccccc2,c1ccccc1,292.15,-3.713825025,-1.4557304
C[C@]12CC[C@H]3[C@@H](CCc4cc(OC(=O)c5ccccc5)ccc34)[C@@H]1CC[C@@H]2O,c1ccccc1,293.15,-1.098639112,-1.8101727
Cc1ncc(n1CCO)[N+]([O-])=O,c1ccccc1,298.15,-0.187076494,-2.0527818
Cc1cc2C(=O)c3ccccc3c4c2c(c1)c5cc(C)cc6C(=O)c7ccccc7c4c56,c1ccccc1,296.15,-3.334529936,-1.7902298
CC1(C)[C@H]2CC[C@]1(C)C(=O)OC2=O,c1ccccc1,293.15,-0.52151522,-0.20194854
CCc1ccc(O)cc1O,c1ccccc1,298.04999999999995,-1.138024757,-0.41628188
C1N2CN3CN1CN(C2)C3,c1ccccc1,293.15,-1.842478898,-1.3812201
N#C/C(c1ccccc1)=N(=O)/c2ccccc2Cl,c1ccccc1,292.15,-0.537254369,-0.3840053
OC(=O)c1cccc(Br)c1,c1ccccc1,293.15,-1.129002803,-0.8627578
COc1ccccc1N=Nc2ccc(O)cc2,c1ccccc1,303.15,-1.374513995,-0.92195094
CC(=O)c1ccc(cc1)N=Nc2cc(Cl)ccc2O,c1ccccc1,303.15,-1.088125655,-1.2034268
OC(=O)c1cc(cc(c1)[N+]([O-])=O)[N+]([O-])=O,c1ccccc1,298.15,-2.369076072,-0.65632796
OC(=O)\C=C/C(O)=O,c1ccccc1,298.15,-2.742015861,-1.3315936
c1ccc2c(c1)ccc3c4ccccc4ccc23,c1ccccc1,293.15,-1.769556786,-1.2599546
[O-][N+](=O)c1ccc(/C=C/C(=O)c2ccccc2)cc1,c1ccccc1,299.15,-1.251793355,-1.0054722
COc1ccc(cc1)N=Nc2ccc(O)cc2,c1ccccc1,303.15,-1.095760394,-1.3531414
CCCCc1ccc(cc1)\C(=N\Nc2ccc(C)cc2)C(O)=O,c1ccccc1,293.15,-0.508019325,-1.4691306
N1c2ccccc2Sc3ccccc13,c1ccccc1,293.15,-0.812316622,-0.4512428
OC(=O)CCCCCC(O)=O,c1ccccc1,298.15,-2.963223993,-1.4236425
CN1C(=O)CC(C1=O)c2ccccc2,c1ccccc1,298.15,0.665550839,-1.1049743
C=CCC1(C(=O)NC(=O)NC1=O)c2ccccc2,c1ccccc1,293.15,-2.126571704,-2.132111
OC(=O)c1ccccc1,c1ccccc1,298.15,-0.12610793,-0.1055242
Oc1cccc(O)c1O,c1ccccc1,298.15,-2.237086256,-1.3363955
Cc1cc(C)c(CC(C)(C)C(=O)NO)c(C)c1,c1ccccc1,299.15,-1.657591748,-0.85030985
O=C1CCCCCCCCCN1,c1ccccc1,295.15,-1.076283953,-0.5826204
O=C(c1ccccc1)C(=O)c2ccccc2,c1ccccc1,298.15,0.390657296,-0.34508532
[O-][N+](c1ccccc1)=C(C#N)c2ccccc2,c1ccccc1,294.15,-0.498644836,-0.36522552
CN(C)c1ccc(cc1)C(=NC(=O)c2ccccc2)c3ccc(cc3)N(C)C,c1ccccc1,289.15,-1.603796042,-1.2860085
OC(C=CC(O)(c1ccccc1)c2ccccc2)(c3ccccc3)c4ccccc4,c1ccccc1,297.15,-3.398479204,-1.3944587
CCCCCCCCCCCCCC(=O)NO,c1ccccc1,299.15,-1.15490196,-0.82354736
Nc1cccc(c1)[N+]([O-])=O,c1ccccc1,298.15,-0.807836975,-0.6603135
C[C@H]1[C@@H]2CC[C@@]3(C)C=CC(=O)C(=C3[C@H]2OC1=O)C,c1ccccc1,293.15,-0.730469196,-1.1941261
c1ccc(cc1)c2ccc(cc2)c3ccccc3,c1ccccc1,293.15,-1.244122266,-0.578733
[O-][N+](=O)c1cc(c(c(c1)[N+]([O-])=O)[N+]([O-])=O)[N+]([O-])=O,c1ccccc1,296.15,-1.109455147,-0.5392932
CN(C)C(=O)Nc1ccc(Cl)c(Cl)c1,c1ccccc1,298.15,-2.499875251,-0.832445
CCc1c(N=Nc2ccccc2O)c(O)cc(C)c1c3ccccc3,c1ccccc1,303.15,0.477141134,-1.2018408
OC(=O)c1ccc(Cl)cc1,c1ccccc1,293.15,-2.470429908,-0.49291313
OC(=O)c1ccccc1Br,c1ccccc1,293.15,-1.265213368,-0.69784564
O=C1CCCCN1,c1ccccc1,295.15,0.90774067,-0.94146794
CCOC(=O)C(=NNc1ccccc1[N+]([O-])=O)C#N,c1ccccc1,291.15,-0.498903775,-1.6736274
c1(ccc(cc1)/C(=C\C(=O)O)/C)C,c1ccccc1,293.15,-0.231656761,-0.93916464
O=C1CCCCCCCN1,c1ccccc1,295.15,0.365336625,-0.35333776
C1c2ccccc2c3c1c4c(Cc5ccccc45)c6c3Cc7ccccc67,c1ccccc1,293.15,-2.978281988,-1.9913201
OC(=O)c1ccccc1O,c1ccccc1,298.15,-1.307759578,-0.22375582
OC(=O)c1ccccc1C(=O)c2ccc(O)cc2,c1ccccc1,294.15,-3.301444352,-2.1933537
O=C1c2ccccc2c3ccccc13,c1ccccc1,296.15,0.519243772,0.27294213
CCOc1ccc2nc3cc(ccc3c(Cl)c2c1)[N+]([O-])=O,c1ccccc1,293.15,-1.70288556,-0.8634766
OCCSCCO,c1ccccc1,298.15,-1.115140672,-0.5603028
CN(C)c1ccc(cc1)c2ccc(cc2)N(C)C,c1ccccc1,291.15,-1.079810517,-0.6799267
Oc1ccc(cc1)C=C2CCC(=Cc3ccc(O)cc3)C2=O,c1ccccc1,293.15,-3.465879329,-2.6583114
CCCCCCCC(C(O)=O)C(O)=O,c1ccccc1,298.15,-2.401017236,-1.1188233
OC(=O)c1cc(nc2ccccc12)c3ccccc3,c1ccccc1,294.15,-3.030918291,-2.0530882
Clc1ccc(cc1)C(c2ccc(Cl)cc2)C(Cl)(Cl)Cl,c1ccccc1,303.15,0.322319043,-0.20393732
Fc1ccc(cc1)C(CCCN2CCC(CC2)N3C(=O)Nc4ccccc34)c5ccc(F)cc5,c1ccccc1,298.15,-2.141130509,-2.6495383
Cc1c(cc(c(O)c1[N+]([O-])=O)[N+]([O-])=O)[N+]([O-])=O,c1ccccc1,290.15,-0.313006034,-0.64696705
OC(=O)c1c2ccccc2c(c3ccccc3)c4c(c5ccccc5)c6ccccc6c(c7ccccc7)c14,c1ccccc1,293.15,-3.523396116,-1.8425403
Cl[S](=O)(=O)c1ccc2c(c1)cc(cc2[S](Cl)(=O)=O)[S](Cl)(=O)=O,c1ccccc1,293.15,-0.654767962,-2.2993774
Cc1ccc(C)c(c1[N+]([O-])=O)[N+]([O-])=O,c1ccccc1,288.15,-0.116525836,-0.6707897
OC(=O)C=Cc1occc1,c1ccccc1,297.98999999999995,-1.005719859,-0.8256214
c1ccc2c(c1)cccc2c3cccc4ccccc34,c1ccccc1,293.15,-0.568637943,-1.0581152
C(C=CC=Cc1ccccc1)=CC=Cc2ccccc2,c1ccccc1,292.15,-2.333049073,-0.9073725
CC(C(O)=O)C(O)=O,c1ccccc1,298.15,-3.652584084,-1.2320108
Cc1cc(c(C)c(c1[N+]([O-])=O)[N+]([O-])=O)[N+]([O-])=O,c1ccccc1,288.15,-0.984365267,-0.9259634
C1=C(C(=CC2=C1OCCC2(C(=O)C3=CC=C4C(=C3O[H])C[C@@H](O4)C(C)C)[H])OC)OC,c1ccccc1,298.15,-0.407255773,-1.8572459
Cc1ccc(cc1)[N+]([O-])=O,c1ccccc1,288.15,0.91133309,-0.14566782
CCCCc1c(O)cc(C)cc1O,c1ccccc1,298.04999999999995,-1.026130102,-0.17076313
Oc1ccccc1C(=O)Oc2ccccc2,c1ccccc1,303.15,0.558928709,-0.44439182
CCC(C)C1(CC)C(=O)NC(=O)NC1=O,c1ccccc1,293.15,-2.162492797,-1.7606087
COC(C)C(NC(=O)c1ccccc1)C(O)=O,c1ccccc1,298.15,-0.445796448,-1.8787744
Cc1c(O)cccc1O,c1ccccc1,298.04999999999995,-1.144457574,-0.22810285
c1ccc(cc1)c2ccccc2,c1ccccc1,298.15,0.732112358,0.6853866
[O-][N+](=O)c1cccc2c1cccc2[N+]([O-])=O,c1ccccc1,289.15,-1.815363959,-1.5551305
OC[P]1(=O)Oc2ccccc2c3ccccc13,c1ccccc1,300.67999999999995,-2.164161321,-1.7666867
COc1ccc(cc1OC)C(=O)N2CCN(CC2)c3ccc4NC(=O)CCc4c3,c1ccccc1,298.15,-3.789551538,-2.3532085
Cc1ccc2[nH]c(Nc3ccccc3)nc2c1,c1ccccc1,288.15,-2.327158636,-2.2286034
Cc1ccccc1C(O)=O,c1ccccc1,294.25,-0.138627526,-0.25675434
Cc1cc(cc(c1O)[N+]([O-])=O)[N+]([O-])=O,c1ccccc1,288.15,0.215501725,-0.77506125
CN(C)c1ccc(cc1)C(=Nc2ccccc2N)c3ccc(cc3)N(C)C,c1ccccc1,290.15,-1.139498852,-0.8787745
c1ccc2c(c1)c1CCN3C[C@@H]4CC[C@@H]([C@@H]([C@H]4C[C@H]3c1[nH]2)C(=O)O)O,CCO,289.65,-2.122892155,-3.1338754
CN(C)c1ccc(cc1)N=C=Nc1ccc(cc1)N(C)C,CCO,294.15,-1.772342835,-1.1578318
C(c1c(c(cc(c1O)Cl)Cl)Cl)c1c(c(cc(c1O)Cl)Cl)Cl,CCO,293.15,0.089474843,-2.1177342
c1ccc(cc1)C(c1ccccc1)(c1ccccc1)SCCC(=O)O,CCO,293.15,-2.110796646,-0.8312259
c1cc2C(c3cc(cc(c3C(=O)c2c(c1)O)O)CO)C1[C@@H]([C@H]([C@@H]([C@@H](CO)O1)O)O)O,CCO,291.15,-1.445595972,-2.8260393
CN(c1c(cc(cc1[N+](=O)[O-])[N+](=O)[O-])[N+](=O)[O-])[N+](=O)[O-],CCO,291.15,-1.83088487,-1.0394137
C[n+]1ccc2cc(c(cc2c1Cc1ccc(c(c1)OC)OC)OC)[O-],CCO,293.15,-1.416756969,-1.769119
CCCC(=O)NCCNC(=O)CCC,CCO,298.15,-0.164919184,-0.8174837
C=C(C)C1CC(=O)C(C)C(=O)C1,CCO,291.15,-0.277683685,-0.24822234
COc1ccc(c(c1)OC)N=Cc1ccc(cc1)c1ccccc1,CCO,295.15,-2.06048026,-1.4058852
CCOc1c(cc(cc1[N+](=O)[O-])[N+](=O)[O-])[N+](=O)[O-],CCO,288.15,-1.290243154,-1.1858628
CC12SC3(C)SC(C)(S1)SC(C)(S2)S3,CCO,293.15,-0.711484813,-1.2469774
Cc1cc(C)nc(n1)NS(=O)(=O)c1ccc(cc1)N,CCO,298.14,-3.681525248,-1.3118347
c1c(cc(c(c1Cl)OP(=O)(O)Oc1c(cc(cc1Cl)Cl)Cl)Cl)Cl,CCO,298.15,-0.634478221,-1.2087712
C[C@H]([C@@H](C(=O)O)N)O,CCO,298.15,-2.230886645,-3.7249432
C1=CC(=O)C=CC1=O,CCO,291.15,-0.528663663,-1.4637644
C([C@@H]1[C@H]([C@@H]([C@@](CCl)(O1)O[C@@H]1[C@@H]([C@H]([C@H]([C@@H](CO)O1)Cl)O)O)O)O)Cl,CCO,298.14,-0.610212632,-0.70868176
CCCCCCCCCCCCCCCC(=O)OC(CO)CO,CCO,298.15,-3.855481051,-0.62362003
c1ccc(c(c1)/C=C/C(=O)O)[N+](=O)[O-],CCO,298.15,-1.969944603,-0.6048864
C[C@H]1CC[C@@H](CC1)n1c2cnccc2c2cnc(Nc3ccc4CN(CCc4n3)C(=O)CO)nc12,CCO,293.15,-2.673538801,-2.4074187
C(CCCC(=O)O)CCCC(=O)O,CCO,296.25,-0.032780167,-0.9936582
COc1ccc(cc1)C(c1ccccc1)(C(c1ccccc1)(c1ccc(cc1)OC)O)O,CCO,298.15,-2.851780004,-1.0128895
c1cc2cc(cc(c2c(c1)[N+](=O)[O-])[N+](=O)[O-])[N+](=O)[O-],CCO,296.15,-2.757471948,-1.9521817
c1ccc(cc1)P(=O)(c1ccccc1)O,CCO,298.06,-0.817557062,-0.859228
CCC(C)(CC)OC(=O)NC(=O)N,CCO,291.15,-1.325291914,-0.4827866
CCC(=O)N(c1ccc(cc1)N(C)C)C(=O)Nc1ccc(cc1)N(C)C,CCO,293.15,-3.14716535,-1.3915823
Cc1cc(C)c(c(C)c1)C(=O)C(C(c1ccccc1)c1ccccc1)Br,CCO,298.15,-2.279553947,-0.96840036
C(C(=O)NCC(=O)O)NC(=O)N,CCO,298.15,-2.940199207,-1.9954271
CO[C@@H]1[C@@H]([C@H]([C@H]([C@@H](C(=O)O)O1)O)O)O,CCO,293.15,-0.36417146,-1.7273157
CC(=Cc1ccco1)C=NNC(=O)N,CCO,295.15,-2.071174513,-1.799925
c1ccc(cc1)OC(=O)NC(=O)N,CCO,293.15,-1.674740629,-0.7158487
Cc1ccc(cc1)OP(=O)(Oc1ccc(C)cc1)Oc1ccc(C)cc1,CCO,298.15,-0.715024726,-0.4129824
COc1ccc(cc1)c1cc(c2ccc(c(c2)OC)O)c(C#N)c(=O)[nH]1,CCO,298.14,-1.927672678,-1.9501243
C(CCC(=O)O)CCNC(=O)N,CCO,298.15,-2.121462376,-2.2178829
CC(C)COc1ccc(cc1C#N)c1nc(C)c(C(=O)O)s1,CCO,298.14,-1.519664904,-1.4491127
c1cc(ccc1C=O)[N+](=O)[O-],CCO,299.15,-0.42481882,-0.33623758
CC(=O)Nc1nnc(s1)S(=O)(=O)N,CCO,298.15,-1.752447265,-2.0604143
CC(=O)O[C@H]1CC[C@@]2(C)C(=CC[C@H]3[C@@H]4CCC(=NNC(=O)N)[C@@]4(C)CC[C@H]23)C1,CCO,293.15,-2.287266367,-1.6924105
c1ccc(cc1)C(=O)C(c1ccccc1)(c1ccccc1)c1ccccc1,CCO,292.15,-2.500740305,-0.4359103
CCOC(=O)c1c(C)oc2cc3c(cc12)oc(C)c3C(=O)OCC,CCO,293.15,-3.823909179,-1.7068179
COc1cc(ccc1O)c1cc(c2ccc(cc2)F)[nH]c(=O)c1C#N,CCO,298.14,-1.884503851,-1.8979087
C([C@@H]([C@@H]1C(=C(C(=O)O1)O)O)O)O,CCO,298.14,-1.190535841,-1.3079277
CCCCCCCC[C@H]([C@@H](CCCCCCCCCCCC(=O)O)[N+](=O)[O-])O,CCO,291.15,-0.338961823,-1.6396693
CCCOC(=O)NC(=O)N,CCO,290.15,-1.28972567,-0.58294547
CCCC(=O)O[C@H]1CC[C@@]2(C)C(=CC[C@H]3[C@@H]4CC[C@H]([C@H](C)CCCC(C)C)[C@@]4(C)CC[C@H]23)C1,CCO,293.15,-2.057621417,-1.2339987
CCCCCCCCCCCCCCCC(=O)OCc1ccccc1,CCO,289.15,-1.124014873,-0.7736398
C[C@@H](c1ccc2cc(ccc2c1)OC)C(=O)O,CCO,298.15,-0.270813985,-0.9772449
CCCCS(=O)(=O)NNC(=O)C(c1ccccc1)(c1ccccc1)O,CCO,294.15,-0.298151846,-1.119009
c1ccc(cc1)CC(C(=O)O)N,CCO,298.15,-2.579499754,-1.6147046
c1cc2c(cc1COC(=O)NC(=O)N)OCO2,CCO,289.65,-2.557397822,-2.6039548
C(C1C(C2C(O1)OC(C(Cl)(Cl)Cl)O2)O)O,CCO,293.15,-0.456474038,-0.28033793
Cc1c(c(C(=O)C)c2c(c1O)[C@@]1(C)C(=CC(=O)C(C(=O)C)C1=O)O2)O,CCO,298.14,-3.042182953,-1.8472304
c1ccc2c(c1)C(=O)NS2(=O)=O,CCO,295.65,-1.064624923,-1.0866725
C=C[C@@H]1[C@@H]2CCNC(=O)C2=CO[C@H]1O[C@H]1[C@@H]([C@H]([C@@H]([C@@H](CO)O1)O)O)O,CCO,293.15,-1.403012021,-2.3567936
c1cc(ccc1Cl)[N+](=O)[O-],CCO,290.15,-0.360673591,0.31896228
c1cc2c(c3CN[C@H]4c5cc6c(cc5C[C@H]([C@H]4c13)O)OCO6)OCO2,CCO,294.65,-1.823075118,-3.4855359
c1ccc2c(c1)cccc2OP(=O)(Oc1cccc2ccccc12)Oc1cccc2ccccc12,CCO,298.15,-2.678033738,-1.9768965
CCCCCCCCCCCCCCCC,CCO,298.2,-0.123006146,0.40831208
C(=C\c1ccco1)/C=N/NC(=O)N,CCO,295.15,-1.483907359,-1.5869062
CCC(=O)NNC(=O)CC,CCO,293.15,0.15053329,-0.9451155
c1ccc(cc1)c1cccc(c1)N=Cc1ccc(cc1)[N+](=O)[O-],CCO,295.15,-1.917214297,-1.8199737
c1cc(ccc1Cl)OP(=O)(Oc1ccc(cc1)Cl)Oc1ccc(cc1)Cl,CCO,298.15,-1.854937284,-0.8841389
CN(C(=O)C(=O)N(C)[N+](=O)[O-])[N+](=O)[O-],CCO,293.15,-1.547635776,-1.0258434
C=CC(C)(C)c1c(C[C@H]2C(=O)N[C@@H](C)C(=O)N2)c2cc(CC=C(C)C)cc(CC=C(C)C)c2[nH]1,CCO,296.15,-2.710068449,-2.141939
CCOC(=O)C(C)SC1=N/C(=C\c2ccccc2)/C(=O)N1c1ccccc1,CCO,293.15,-1.756386539,-1.1837802
c1ccc(cc1)N(c1ccccc1)C(=O)N1CCCCC1,CCO,293.15,-0.814263086,-0.4605916
CC(c1cccc(c1)C(=O)c1ccccc1)C(=O)O,CCO,298.15,0.557583436,-0.44071463
c1(c(c(Cl)nc(c1Cl)Cl)Cl)Cl,CCO,297.15,-1.857437968,-0.4533494
c1ccc(c(c1)N)[N+](=O)[O-],CCO,298.15,0.202103636,0.05289033
CC1CCC(CC1)C(C)(C)OC(=O)NC(=O)N,CCO,290.15,-2.129113171,-0.6133019
C(#N)/C(=C(\C#N)/N)/N,CCO,298.15,-0.477535246,-2.934245
C(C1C(=O)NC(=O)N1)C(=O)O,CCO,298.15,-1.850860257,-1.0198288
CCCCCCCCCCOC(=O)NC(=O)N,CCO,293.84999999999997,-2.542885865,-0.56806636
c1ccc(cc1)c1cccc(c1[N+](=O)[O-])O,CCO,298.15,-0.156767152,-0.33663586
CC1(C)[C@@H]2CC[C@@]1(C)C(=O)C2,CCO,298.15,0.972403313,0.6661516
CCN(CC)CCOC(=O)c1ccc(cc1)NC(=O)/C=C\C(=O)O,CCO,288.15,-3.31785744,-1.3509381
C([C@H]([C@H]([C@@H]([C@H](CS)O)O)O)O)O,CCO,293.15,-1.066742368,-1.6737412
CCCCCCCCCCP(=O)(O)O,CCO,293.15,-0.522888515,0.14607503
c1c(c(Cl)nc(c1Cl)Cl)Cl,CCO,297.95,-0.433878987,-0.35786664
c1ccc(cc1)/N=N/c1ccc(cc1)Oc1nc(Cl)nc(Cl)n1,CCO,298.15,-2.31657923,-1.5987883
C=C1CCC[C@]2(C)C[C@]3(C(=C(C)C(=O)O3)C[C@@H]12)O,CCO,298.19,-0.858778798,-0.75619084
C([C@H]([C@H]([C@@H]([C@@H](CO)O)O)O)O)O,CCO,298.15,-2.886123037,-2.4359345
c1ccc(cc1)COC(=O)NCCCCCC(=O)NCCCCCC(=O)NCCCCCC(=O)O,CCO,293.15,-1.753001822,-2.5127754
Cc1cc(ccc1OCC(=O)Nc1ccccc1)Cl,CCO,298.15,-1.399099211,-0.45883566
[C@@H]([C@H](C(=O)O)O)(C(=O)O)O,CCO,298.15,0.161805214,-1.5624212
CN(C)CC(=O)O,CCO,298.15,0.090993157,-0.8871099
c1ccc2c(c1)C=Cc1ccccc1N2C(=O)N,CCO,298.15,-1.101572489,-1.8882955
C1=C(C(=O)C(=CC1=O)Br)Br,CCO,293.15,-1.248609112,-1.4696059
c1ccc(cc1)c1c[nH]c(c2ccccc2)n1,CCO,298.15,-0.241601153,-0.8319042
c1ccc(cc1)P(=O)(c1ccccc1)c1ccccc1,CCO,299.15,0.265996328,-0.40957534
COc1c(cc(cc1[N+](=O)[O-])[N+](=O)[O-])[N+](=O)[O-],CCO,288.15,-1.11385346,-1.0023146
CCCC(=O)O[C@@]1(CC[C@H]2[C@@H]3CCC4=CC(=O)CC[C@]4(C)[C@H]3[C@H](C[C@]12C)O)C(=O)COC(=O)CC,CCO,298.15,0.072203685,-0.79589045
CCCCCC(=O)O[C@H]1CC[C@@]2(C)C(=CC[C@H]3[C@@H]4CC[C@H]([C@H](C)CCCC(C)C)[C@@]4(C)CC[C@H]23)C1,CCO,293.15,-2.208446731,-1.3638675
c1ccc(cc1)c1ccc(cc1)Cl,CCO,298.15,-0.250254149,0.084444225
C=C(C)[C@@H]1CC[C@@]2(CC[C@]3(C)[C@H](CC[C@@H]4[C@@]5(C)CC[C@@H](C(C)(C)[C@@H]5CC[C@@]34C)O)[C@@H]12)CO,CCO,298.19,-2.813182486,-1.7300951
CCCCC(=O)O[C@H]1CC[C@H]2[C@@H]3CCc4cc(ccc4[C@H]3CC[C@]12C)OC(=O)c1ccccc1,CCO,293.15,-1.663336191,-1.7920687
c1cc(cc(c1)N=NC(=O)N)C(=O)N,CCO,288.15,-1.541361267,-2.416152
CC(=O)Nc1ccccc1,CCO,293.15,0.225767129,0.25709605
Cc1c(cc(c(C)c1[N+](=O)[O-])[N+](=O)[O-])[N+](=O)[O-],CCO,293.15,-2.791240668,-0.7683747
CN1Cc2c(ccc3c2OCO3)[C@H]2[C@H](Cc3cc4c(cc3[C@@H]12)OCO4)O,CCO,296.15,-2.196053303,-3.3484066
Cc1ccc2c(c1)nc(Nc1ccccc1)n2/C(=N\c1ccccc1)/Nc1ccccc1,CCO,288.15,-2.76918539,-1.4811753
c1ccc(cc1)N(c1ccccc1)c1ccc(cc1)/N=N/c1nc2ccc(cc2s1)N(=O)=O,CCO,298.15,-3.698977699,-2.6440535
c1ccc(cc1)CCCOC(=O)NC(=O)N,CCO,289.65,-2.150930393,-1.0240011
COc1ccccc1OCC(COC(=O)N)O,CCO,298.14,-1.13076721,-1.2280507
COc1cc(ccc1O)c1cc(c2ccc(cc2)O)[nH]c(=O)c1C#N,CCO,298.14,-1.894535791,-1.9522002
C(CCCCCCC(=O)O)CCCCCC1CCCC1,CCO,293.15,-1.175426029,-0.786708
COc1ccccc1NC(C(Cl)(Cl)Cl)Nc1ccccc1OC,CCO,298.15,-1.176880379,-1.0142815
c1ccc2c(c1)c1cccc3cccc2c13,CCO,298.15,-1.030859923,-1.2479997
CCCCCCCCCCCCCCC1CCC(=O)O1,CCO,298.15,-1.500602863,-0.21338771
c1ccc(cc1)P(=S)(NN)NN,CCO,298.15,-1.630430753,-1.7183925
C([C@@H]([C@H]([C@@H](CO)O)O)O)O,CCO,298.27,-1.382822954,-1.3572688
CC(C)Cc1ccc(cc1)C(C)C(=O)O,CCO,298.14,0.408240294,0.56154233
C=C(C)C1CCC(C)CC1OC(=O)NC(=O)N,CCO,290.15,-1.960801637,-0.99983203
CCC(CC)(Cc1ccc(C)cc1)C(=O)NO,CCO,299.15,7.38e-06,0.071697354
c1ccc(cc1)C1SC(c2ccccc2)SC(c2ccccc2)S1,CCO,298.15,-3.064857195,-1.8769436
COc1cc(C=CC(=O)CC(=O)C=Cc2ccc(cc2)O)ccc1O,CCO,293.15,-0.876166503,-1.7444763
c1cc(ccc1c1coc2c(ccc(c2[C@H]2[C@@H]([C@H]([C@@H]([C@@H](CO)O2)O)O)O)O)c1=O)O,CCO,298.2,-0.637898744,-3.0453765
c1ccc2c(c1)c(c1cc(ccc1n2)F)N,CCO,293.15,-0.782730544,-1.420346
CCC(C)(C)OC(=O)NC(=O)N,CCO,288.65,-1.189895628,-0.31082243
CCN(CC)CCNC(=O)c1ccc(cc1)NC(=O)CCC(=O)O,CCO,288.15,-2.037161485,-2.0352504
C=CCNC(=O)N(c1ccccc1)c1ccccc1,CCO,293.15,-0.030876929,-0.654512
CCCC(CCC)(c1ccccc1)C(=O)NO,CCO,299.15,7.38e-06,0.24270217
c1cc(cc(c1)S(=O)(=O)N)S(=O)(=O)N,CCO,298.15,-1.29423285,-1.6234715
CC(C)CCCC(C)[C@H]1CC[C@H]2[C@@H]3CC=C4C[C@H](CC[C@]4(C)[C@H]3CC[C@]12C)O,CCO,291.15,-1.242931359,-1.279549
CC(C)CCC[C@@H](C)[C@H]1CC[C@H]2[C@@H]3CC=C4C[C@H](CC[C@]4(C)[C@H]3CC[C@]12C)OC(=O)CC(C)C,CCO,293.15,-2.070758013,-1.4492385
CCCSc1ccc2c(c1)nc([nH]2)NC(=O)OC,CCO,298.15,-2.879728133,-1.3332253
c1cc2c(ccc(c2nc1)C(=O)O)[N+](=O)[O-],CCO,298.15,-2.356521808,-1.9903278
c1ccc(cc1)C(c1ccccc1)C(c1ccccc1)(c1ccccc1)O,CCO,292.15,-2.891425943,-1.0632463
Cc1coc2c3ccc4c(CCCC4(C)C)c3C(=O)C(=O)c12,CCO,293.28999999999996,-2.530177734,-1.786036
CCCCCCCCC/C=C/C(=O)N(c1ccc(cc1)N(C)C)C(=O)Nc1ccc(cc1)N(C)C,CCO,293.15,-2.440378684,-1.4961418
C(CCCCCNCCCCN)CCCCC(=O)O,CCO,293.15,-2.532166538,-1.6466007
c1c(cc(c(c1[N+](=O)[O-])N)[N+](=O)[O-])[N+](=O)[O-],CCO,292.65,-2.357119443,-0.7735956
COC(=O)NC(=O)N,CCO,290.15,-1.926092442,-0.45425296
CCOc1ccc(c(c1)n1nc2ccccc2n1)NC(=O)C,CCO,298.15,-0.764203979,-0.9554362
CCn1cc(c(=O)c2cc(c(nc12)N1CCNCC1)F)C(=O)O,CCO,298.15,-2.833490265,-2.0281644
C(CCCCCNCCCCCCCCN)CCCCC(=O)O,CCO,293.15,-2.17416425,-2.0359178
c1ccc(c(c1)C(=O)O)Cl,CCO,298.15,0.052120124,0.17272763
c1ccc(cc1)c1cc(=O)c2c(cc(c(c2O)O)O[C@H]2[C@@H]([C@H]([C@@H]([C@@H](C(=O)O)O2)O)O)O)o1,CCO,298.19,-2.484920005,-2.0857587
C1CN2CCN1CC2,CCO,298.14,-0.798443109,0.037763044
CC(=NNc1ccc(cc1[N+](=O)[O-])[N+](=O)[O-])c1ccccc1,CCO,298.15,-3.692187894,-1.7606716
c1ccc(cc1)/C=C(\c1ccccc1)/C(=O)c1ccccc1,CCO,293.15,-1.374682678,-1.0322666
c1ccc(c(c1)Cl)OP(=O)(O)Oc1ccccc1Cl,CCO,298.15,0.357035676,-0.39148715
c1cc(c(cc1c1coc2cc(cc(c2c1=O)O)O)O)O,CCO,291.15,-0.901912418,-1.713083
c1cc(ccc1Cl)N1CC(=NC1=O)N1CCOCC1,CCO,293.15,-2.512234384,-1.6127752
c1cc(ccc1C(=O)OCC(CO)O)Br,CCO,299.15,-0.234013975,-0.8783906
c1ccc(c(c1)[N+](=O)[O-])O,CCO,298.15,0.416638462,0.8005729
CCOc1c2c(c(c(c1OCC)OCC)N)C(=O)OC2C1c2c(CCN1C)cc1c(c2OC)OCO1,CCO,293.15,-2.301506589,-2.107373
C/C=C/C(=O)N(c1ccc(cc1)N(C)C)C(=O)Nc1ccc(cc1)N(C)C,CCO,293.15,-2.763698043,-1.3753266
c1ccc(cc1)/N=N/c1ccc(c2ccccc12)N(c1ccccc1)c1ccccc1,CCO,298.15,-2.331620312,-1.8924329
c1ccc2c(c1)C(=Nc1ccccc1[N+](=O)[O-])OC2=O,CCO,293.15,-1.249528783,-1.8374066
c1ccc(cc1)N=Cc1ccc(cc1[N+](=O)[O-])[N+](=O)[O-],CCO,295.15,-1.954676329,-1.6807585
CC(=O)CC(c1ccccc1)C(CC(=O)C)c1ccccc1,CCO,288.15,-2.070987471,-1.3465925
CCCCCCCCCCCCCCCCCNC(=O)CCCCC(=O)O,CCO,290.15,-2.30514198,-2.4432912
c1ccc(c(c1)[N+](=O)[O-])[N+](=O)[O-],CCO,298.15,-2.74846971,-0.28256217
CCCCCCCC/C=C/C(=O)N(c1ccc(cc1)N(C)C)C(=O)Nc1ccc(cc1)N(C)C,CCO,293.15,-2.769884773,-1.4479549
CCOC1(C(c2ccccc2)Br)C(=O)N(C)C(=O)N1,CCO,293.15,-1.708604119,-0.9138407
C1CCC(CC1)C(=O)N(C1CCCCC1)O,CCO,298.15,-0.766267394,-0.23948479
CC(C(=NNC(=O)N)C)c1ccccc1,CCO,293.15,-1.353697444,-1.1159582
c1cc(c(c(c1)[N+](=O)[O-])O)[N+](=O)[O-],CCO,287.15,-0.627467868,-0.07439634
Cc1ccc(cc1)Nc1[nH]c2ccc(C)cc2n1,CCO,288.15,-0.946584039,-1.8059546
CC[C@H](C)[C@@H](C(=O)O)NC(=O)C,CCO,293.15,0.713730033,-0.2639179
c1cc2c(Cc3cc(ccc23)N)cc1Cl,CCO,291.15,-1.21472305,-1.1351563
Cc1c(C)noc1N(C(=O)C)S(=O)(=O)c1ccc(cc1)N,CCO,293.15,-1.734569649,-1.3731073
c1ccc2c(c1)nc1cccc(c1n2)C(=O)O,CCO,298.19,-2.19382051,-1.953611
c1ccc(cc1)C=NNc1ccccc1,CCO,297.15,-1.139914495,-0.68328714
c1cc(cc(c1)Cl)c1cc(c(C(=O)NCC(=O)O)nc1)O,CCO,295.15,-0.955241939,-2.3472703
Cc1cccc2cc(C(=O)O)c(=O)oc12,CCO,287.15,-0.952082606,-1.4322459
CCC(CC)OC(=O)NC(=O)N,CCO,291.15,-1.242788812,-0.77443063
COc1ccc(c(c1)OC)/N=C/c1ccc(cc1N(=O)=O)N(=O)=O,CCO,295.15,-3.22184875,-1.7070084
C(CCNC(=O)N)CC(=O)O,CCO,298.15,-2.118229479,-0.8352779
CC(C(=O)O)NC(=O)Nc1cccc2ccccc12,CCO,298.15,-1.481419875,-1.7576314
[C@@H]1([C@@H]([C@H]([C@H]([C@@H]([C@H]1Cl)Cl)Cl)Cl)Cl)Cl,CCO,293.15,-0.760220113,-1.2062255
C1CCN2C[C@H]3C[C@H](CN4CCC[C@@H]([C@H]34)O)[C@@H]2C1,CCO,290.15,-1.10546509,-0.8163739
CCCC(Cc1ccccc1)/N(N(\O)/C(CCC)Cc1ccccc1)/O,CCO,298.15,0.041390235,-0.853545
c1cc(c(c(c1)[N+](=O)[O-])Cl)C(=O)O,CCO,298.15,-0.207507264,-0.83097523
c1ccc(cc1)C(=NNc1ccc(cc1[N+](=O)[O-])[N+](=O)[O-])c1ccccc1,CCO,298.15,-3.689890553,-2.1327796
Cc1c2ccccc2c(C)c2ccccc12,CCO,293.15,-2.235290614,-1.7052779
Cn1cc(c(=O)[nH]c1=O)[N+](=O)[O-],CCO,290.15,-2.172582627,-0.8093055
CCCCCC(=O)NCCNC(=O)CCCCC,CCO,298.15,-0.597324383,-0.968248
C=C(C)[C@H]1Cc2c(ccc3C(=O)[C@H]4c5cc(c(cc5OC[C@H]4Oc23)OC)OC)O1,CCO,293.15,-2.294933337,-2.1508217
C[C@]12CCC(=O)C=C1CC[C@H]1[C@@H]3CC[C@](C(=O)CO)([C@@]3(C)C[C@@H]([C@H]21)O)O,CCO,298.19,-1.391988349,-1.1708136
CCc1ccc(cc1)C(=O)c1ccccc1C(=O)O,CCO,294.9,0.32238574,0.1990942
CC(C)(C)c1cc(c(cc1O)C(C)(C)C)O,CCO,298.03999999999996,0.157251372,-0.007802382
c1ccc(c(c1)Cl)OC(=O)NC(=O)N,CCO,291.15,-2.041611296,-0.9365942
c1c(cc(c(c1O)O)O)[C@@H]1[C@H](C(=O)c2c(cc(cc2O1)O)O)O,CCO,298.15,-0.275046998,-3.7271845
CC(=O)CC1=C(C(=O)O[C@@H]1C)C(C)(C)[C@@H]1C(=O)C(C)OC1=O,CCO,293.15,-0.693137174,-0.52843297
c1ccc(c(c1)C(=O)N=[N+]=[N-])[N+](=O)[O-],CCO,293.15,-0.78430213,-0.73623884
CCCCCCCCCCCCCC(C(C(=O)O)O)O,CCO,292.15,-1.407459278,-0.6251081
COC(=O)C(C(C(=O)OC)OC(=O)c1ccccc1)OC(=O)c1ccccc1,CCO,298.15,-2.316835803,-0.91796774
c1ccc2c(c1)c1=Nc3cccc(=Nc4c5ccccc5c(N=c5cccc([nH]5)N=c2[nH]1)[nH]4)[nH]3,CCO,298.04999999999995,-1.681923089,-3.7116008
C[N+](C)(C)CC(=O)[O-],CCO,291.45,-0.237499612,-0.67486304
C[C@@H](c1cc2ccc(cc2nc1c1ccccn1)F)Nc1c2c([nH]cn2)ncn1,CCO,293.15,0.240146748,-2.461478
c1ccc(cc1)C(=O)N,CCO,298.15,0.138857616,0.06807667
c1cc(ccc1c1cc(=O)c2c(cc(cc2o1)O)O)O,CCO,298.15,-2.219563635,-1.8285224
CC(C)[C@@H](C(=O)O)N,CCO,298.04999999999995,-3.601867258,-3.5606108
CC(C(=O)O)N(CCC(=O)O)C(=O)C,CCO,298.15,-0.068248233,-2.0172849
C1=CC[C@@H]2[C@H](C1)C(=O)N(C2=O)SC(Cl)(Cl)Cl,CCO,299.15,-2.015580865,-1.4782321
CCN(CC)CCOC(=O)c1ccc(cc1)NC(=O)CCC(=O)O,CCO,288.15,-3.388272563,-1.458662
CC(=O)O[C@H]1CC[C@H]2[C@H]3Cc4ccc(c5c4[C@@]2(CCN3C)[C@H]1O5)OC,CCO,293.15,-0.784715311,-1.6579429
c1ccc(cc1)c1cc(ccc1[N+](=O)[O-])O,CCO,298.15,0.054531415,-0.86889404
CC(=O)[C@@]12[C@@H](C[C@H]3[C@@H]4CCC5=CC(=O)CC[C@]5(C)[C@H]4CC[C@]13C)O2,CCO,297.7,-1.442176367,-1.377304
CCOc1cc(c(cc1[N+](=O)[O-])[N+](=O)[O-])Cl,CCO,298.15,-1.54690736,-0.84346515
c1ccc(cc1)Nc1ccc(cc1N)Cl,CCO,293.15,-0.436730994,-0.33943763
COc1ccc(cc1)N=Cc1ccccc1,CCO,295.15,-1.500312969,-0.45824575
Cc1cc(ccc1Nc1c(cc(C)s1)C#N)N(=O)=O,CCO,298.15,-1.725700348,-1.0941921
c1ccc(cc1)P(=O)(c1ccccc1)c1cc(ccc1O)O,CCO,298.25,-0.964369565,-0.9720636
Cc1ccc(cc1)S(=O)(=O)N,CCO,298.14,-0.047210424,-0.3257331
c1c(cc(c(c1O)O)O)C(=O)O,CCO,298.19,-0.057056573,0.0006236732
CCCC(CCC)(C1CCCCC1)C(=O)NO,CCO,299.15,-7.2e-06,0.30641055
C=C[C@H]1CN2CC[C@H]1C[C@H]2[C@@H](c1ccnc2ccc(cc12)OC)O,CCO,298.15,0.607805464,-0.8695358
Cc1ccc2ccc(C)cc2c1,CCO,295.79999999999995,0.074274412,0.119215235
c1cc(cc(c1)Nc1ccc(cc1N)Cl)Cl,CCO,293.15,-1.558247295,-0.4411859
CC1(C)[C@H](CC[C@@]1(C)C(=O)O)C(=O)O,CCO,298.15,0.597868172,0.24047728
Cc1c(C#N)c(c2ccccc2)n(c2ccccc2)n1,CCO,293.15,-2.479320814,-0.7218553
COc1cc(ccc1O)CC1COC(=O)C1Cc1ccc(c(c1)OC)O,CCO,291.15,-0.702872483,-1.6169486
c1cc(cc(c1)[N+](=O)[O-])C(=O)N=[N+]=[N-],CCO,293.15,-1.432119612,-1.0068741
c1c(c(cc(c1[N+](=O)[O-])O)O)[N+](=O)[O-],CCO,298.15,-2.222083205,-0.35235435
Cc1ccc(C)c(c1)OP(=O)(Oc1cc(C)ccc1C)Oc1cc(C)ccc1C,CCO,298.15,-0.780751347,-1.180642
c1ccc(cc1)NN=C(C#N)C#N,CCO,298.15,-0.492149724,-1.2941195
CC(C)NCC(COc1ccc(cc1)CC(=O)N)O,CCO,298.19,-0.725034713,-0.93874395
CC1(C)CC[C@@]2(CC[C@]3(C)C(=CC[C@@H]4[C@@]5(C)CC[C@@H](C(C)(C)[C@@H]5CC[C@@]34C)O)[C@@H]2C1)C(=O)O,CCO,298.28999999999996,-1.869666337,-2.0596123
CC(C)COC(=O)c1ccc(cc1)N=Nc1ccc(cc1N)N,CCO,298.15,-0.68916985,-0.66924715
C(COCn1cnc2c1[nH]c(N)nc2=O)O,CCO,295.65,-3.398339376,-3.318636
c1cc(C=C2COCC(=Cc3ccco3)C2=O)oc1,CCO,293.15,-2.408677432,-3.190803
CC(CCC1CCCCC1)OC(=O)NC(=O)N,CCO,290.15,-2.007808719,-0.8421917
Cc1ccc2cc(C(=O)O)c(=O)oc2c1,CCO,287.15,-1.65680494,-1.4331939
COc1ccc(cc1)S(=O)(=O)NNC(=O)C(c1ccccc1)(c1ccccc1)O,CCO,294.15,-2.57399547,-1.9307963
C([C@@H](C(=O)O)N)O,CCO,298.04999999999995,-3.745111985,-3.6107354
COc1ccc(cc1)N=Cc1ccc(cc1[N+](=O)[O-])[N+](=O)[O-],CCO,295.15,-2.2839971,-1.8025252
c1ccc2cc3ccccc3cc2c1,CCO,298.15,-2.103700991,-2.0631413
CCC(CC)CC1(CCO)C(=O)NC(=S)NC1=O,CCO,298.15,-0.649968662,-1.170219
c1ccc(cc1)C(=O)C=P(c1ccccc1)(c1ccccc1)c1ccccc1,CCO,299.15,-0.563834417,-1.1183048
CN(C)c1ccc(cc1)C(=NC(=S)Nc1ccccc1)c1ccc(cc1)N(C)C,CCO,289.15,-1.7493147,-1.7088608
C[C@H]1C[C@](C)(C[C@@H]([C@@H](CC2CC(=O)NC(=O)C2)O)C1=O)O,CCO,298.15,-0.297178144,-1.683532
c1cc(cc(c1)O)C(=O)N,CCO,293.15,-0.387215989,-0.9633819
CC1(C)COP(=O)(C(C)(C)O)OC1,CCO,298.34,-0.223633396,-0.37737814
c1ccc2c(c1)Cc1ccccc21,CCO,298.34,-0.862284454,-0.9138683
CCS(=O)(=O)C(C)(C(Cl)(Cl)Cl)S(=O)(=O)CC,CCO,293.15,-1.266915455,-0.3484506
CO/N=C(/c1csc(N)n1)\C(=O)O,CCO,298.15999999999997,-2.672337227,-2.3330994
C1[C@@H]([C@H]([C@@H]([C@H]([C@@H]1N)O[C@@H]1[C@@H]([C@H]([C@@H]([C@@H](CO)O1)O)N)O)O)O[C@@H]1[C@@H](C[C@@H]([C@@H](CN)O1)O)N)N,CCO,298.14,-1.707880973,-2.1131942
c1ccc(cc1)SCCS(=O)CCSc1ccccc1,CCO,291.15,-1.508551265,-1.337837
CN1CCN(CC1)c1cc2c(cc1F)c(=O)c(cn2c1ccc(cc1)F)C(=O)O,CCO,298.14,-0.061450863,-0.2101939
COCN1C(=O)c2ccccc2C1=O,CCO,298.15,-1.48557607,-2.0312355
c1ccc(cc1)C(=O)c1ccc(cc1)C(=O)c1ccccc1,CCO,288.15,-2.854806862,-1.5605977
CCC[C@H]1CC2=C(C[C@@H](CC)CC3=C1C(=O)OC3=O)C(=O)OC2=O,CCO,293.15,-2.044478349,-1.5514271
CCCCCCCCOC(=O)c1cc(c(c(c1)O)O)O,CCO,293.15,0.192684881,0.48928493
Cc1ccc2c(c1)C(=O)c1cc(ccc1C2=O)C(=O)O,CCO,295.15,-2.080894376,-2.2321844
COc1cc(c(c(c1OC)[N+](=O)[O-])[N+](=O)[O-])[N+](=O)[O-],CCO,292.15,-1.834355523,-1.4501998
c1ccc(cc1)COP(=O)(OCc1ccccc1)OCc1ccccc1,CCO,298.15,0.167716211,-1.3255558
CCCC(C)CC1(CCO)C(=O)NC(=S)NC1=O,CCO,298.15,-0.841870015,-0.99608374
CCCC(=O)N(c1ccc(cc1)N(C)C)C(=O)Nc1ccc(cc1)N(C)C,CCO,293.15,-2.589989393,-1.2187924
c1cc(ccc1Cl)Cl,CCO,298.15,-0.20828776,-0.19080658
CN(C)CCn1c(nnn1)S,CCO,298.14,-2.977160211,-1.8366387
c1cc(ccc1C(=O)Nc1ccc(cc1N)N)N,CCO,293.15,-1.863368836,-1.630651
c1ccc2c(c1)C(=O)OC2(Nc1cccc(c1)[N+](=O)[O-])Nc1cccc(c1)[N+](=O)[O-],CCO,293.15,-1.418572841,-2.3990588
C[C@H]1C(=O)CC[C@@H]2[C@]1(C)CC[C@H]1[C@@]2(C)CC[C@@]2(C)[C@@H]3CC(C)(C)CC[C@]3(C)CC[C@]12C,CCO,294.15,-2.926857727,-2.2178562
CC1(C)COP(=O)(NCCNP2(=O)OCC(C)(C)CO2)OC1,CCO,298.14,-2.132990367,-2.1602533
C[C@]12C=CC(=O)C=C1CC[C@H]1[C@@H]3CC[C@](C(=O)CO)([C@@]3(C)C[C@@H]([C@H]21)O)O,CCO,298.19,-1.171224459,-1.3211755
CC(=O)NCC(=O)O,CCO,297.14,-1.086940079,-0.37342733
CC(=O)Nc1cccc2ccccc12,CCO,298.15,-0.766231448,-0.68391776
CCCCCCCCCCC(C)(C)C(=O)NO,CCO,299.15,0.0,0.41664636
CC(C(=O)c1ccccc1)C(=O)c1ccccc1,CCO,293.15,-0.772286248,-0.69639885
C1C[C@@H](C(=O)O)NC1,CCO,292.15,-0.987862687,-0.93830675
CC(C)COC(=O)[C@H]([C@@H](C(=O)OCC(C)C)O)O,CCO,298.15,0.244851692,-0.43316227
CCC(CC)(CC(C)C)OC(=O)NC(=O)N,CCO,289.15,-1.23520234,-0.478049
c1ccc(cc1)COC(=O)NC(=O)N,CCO,290.15,-1.945804181,-0.8229481
CCCCC(CC)CC(CC)(CC)C(=O)NO,CCO,299.15,0.0,0.5679538
c1ccc(cc1)N(c1ccccc1)c1ccc(cc1)/N=N/c1ccc(cc1)S(=O)(=O)C(F)(F)F,CCO,298.15,-2.130189117,-1.8044246
CC1CCCCC1OC(=O)NC(=O)N,CCO,291.15,-1.43525916,-0.83222115
CN1CC[C@]23[C@H]4C=C[C@@H]([C@@H]3Oc3c(ccc(C[C@@H]14)c23)OC)O,CCO,298.15,0.222761727,-1.8562837
CCC1(CCO)C(=O)NC(=S)NC1=O,CCO,298.15,-0.564126195,-1.0420976
CN(C)c1ccc(cc1)C(C#N)(c1ccccc1)c1ccc(cc1)N(C)C,CCO,297.65,-2.508637242,-0.93882036
c1ccc2c(c1)c(=O)nc(c1ccccc1S(=O)(=O)N)[nH]2,CCO,295.65,-2.612749267,-2.7225387
c1ccc(cc1)C(c1ccccc1)(C(=O)NNS(=O)(=O)c1ccccc1)O,CCO,294.15,-0.71333159,-1.5545225
CCCCCCC(=O)N(c1ccc(cc1)N(C)C)C(=O)Nc1ccc(cc1)N(C)C,CCO,293.15,-2.761892022,-1.263449
c1cc(ccc1C(=O)O)[N+](=O)[O-],CCO,298.15,-0.860124642,-0.67428076
c1cc(ccc1C(=O)N[C@@H](CCC(=O)O)C(=O)O)NCc1cnc2c(c(=O)nc(N)[nH]2)n1,CCO,298.15,-2.921360783,-4.440643
Cc1c(c(c(c(c1Br)Br)Br)Br)Br,CCO,293.15,-3.670157508,-1.5540196
c1ccc(cc1)Nc1ccc(cc1)n1nc2ccccc2n1,CCO,298.15,-1.155845958,-1.4700794
COc1ccc(cc1)N=Cc1ccc(cc1)[N+](=O)[O-],CCO,295.15,-1.962574264,-1.3198137
COc1cc(C=CC(=O)O)cc(c1O)OC,CCO,298.14,-0.687277577,-0.59494984
CCOC(=O)Nc1ccc(cc1N)NCc1ccc(cc1)F,CCO,293.15,-1.18089396,-1.2755402
CC[C@H](C)C(=O)O[C@H]1C[C@@H](C)C=C2C=C[C@H](C)[C@H](CC[C@@H]3C[C@H](CC(=O)O3)O)[C@@H]12,CCO,298.15,-1.218807164,-1.0780094
Cc1ccc(cc1)C(CCC(c1ccccc1)(c1ccc(C)cc1)O)(c1ccccc1)O,CCO,295.15,-1.90910954,-1.8254846
c1ccc2cc(ccc2c1)OP(=O)(Oc1ccc2ccccc2c1)Oc1ccc2ccccc2c1,CCO,298.15,-2.678033738,-1.8054194
CCCCCCCCCCCCCCCCCNC(=O)CCCCCCCCC(=O)O,CCO,294.15,-2.52923583,-2.6336687
CN1[C@H]2CC[C@@H]1[C@H]([C@H](C2)O)C(=O)O,CCO,290.15,-1.093780574,-1.187068
c1ccc(cc1)/C=C/c1ccccc1,CCO,298.15,-1.25995379,-1.0899472
CCCn1c2c(c(=O)n(CCC)c1=O)[nH]c(C13CC4CC(CC3C4)C1)n2,CCO,293.15,-1.296748044,-1.3471749
c1ccc(cc1)C(=O)N=[N+]=[N-],CCO,293.15,0.008276759,-0.07238492
CCCCCCCCCCCCCCCCCCCCCCCC,CCO,293.0,-2.45058394,-1.1127105
c1ccc(cc1)N(c1ccccc1)c1ccc(cc1)/N=N/c1ccc(cc1C(F)(F)F)N(=O)=O,CCO,298.15,-3.236573593,-2.2239912
CCCCCCCCCCCC(=O)O,CCO,293.15,0.555510462,0.24855821
CCCCC(=O)N(c1ccc(cc1)N(C)C)C(=O)Nc1ccc(cc1)N(C)C,CCO,293.15,-2.685396149,-1.1265044
CS(=O)(=O)c1ccc(cc1)C=O,CCO,298.14,-2.168330068,-1.6151313
CC(C)c1ccc(cc1)NC(=O)N(C)C,CCO,293.15,-0.566285938,-0.0873515
Cc1ccccc1S(=O)(=O)NNC(=O)C(c1ccccc1)(c1ccccc1)O,CCO,294.15,-0.314498856,-1.6281455
c1cc2c3ccc(cc3C(c2cc1Br)O)N,CCO,291.15,-1.924085877,-2.508014
CC(C)CCC[C@@H](C)[C@H]1CC[C@H]2[C@@H]3CC=C4C[C@H](CC[C@]4(C)[C@H]3CC[C@]12C)OC(=O)C(C)C,CCO,293.15,-2.057621417,-1.4159386
CCCCCCCCCCCCCCCCOC(=O)CCCCCCCCCCCCCCC,CCO,295.15,-3.090170447,-2.1064157
Cc1cc(cc(C)c1Oc1c(c(N)nc(Nc2ccc(cc2)C#N)n1)Br)C#N,CCO,298.15,-3.767782892,-1.7768168
CC(c1ccccc1)OC(=O)NC(=O)N,CCO,292.15,-1.486007272,-0.96867865
c1ccc(cc1)C(c1ccccc1)(C(=O)NNS(=O)(=O)c1ccc(cc1)N)O,CCO,294.15,-1.962800068,-1.7267263
CCC(C(=O)O)NC=O,CCO,298.15,-0.449776358,-1.1640668
c1c(cc(cc1O)O)O,CCO,298.15,0.53062241,0.36648494
CCCC1(CCO)C(=O)NC(=S)NC1=O,CCO,298.15,-0.204123,-0.9878987
CC(=O)Nc1ccc(cc1)C(=O)O,CCO,293.15,-0.767004244,-0.9705949
CCCCCCCOC(=O)NC(=O)N,CCO,292.84999999999997,-1.703837128,-0.6236663
c1ccc(cc1)c1cccc(c1)/N=C/c1ccc(cc1N(=O)=O)N(=O)=O,CCO,295.15,-2.065501258,-2.1979604
CCC1(CC)C(=O)NC(=S)NC1=O,CCO,293.15,-0.014917656,-0.7116322
CC1=NNC(=O)N(C1)/N=C/c1cccnc1,CCO,293.15,-1.984737284,-2.2539256
c1cc(ccc1O)O,CCO,297.65,0.533701714,-0.47986802
CCCCCCCCCCCCCCCCCC(=O)O,CCO,298.15,-0.600165637,-1.016969
c1ccc2c(c1)c(CC(C(=O)O)N)c[nH]2,CCO,298.15,-3.320665467,-2.539509
CCCCCCCCCCCCCCCCCC(=O)OCCCl,CCO,298.15,-1.320844297,-0.74306214
CN(c1ccccc1)c1c(cc(cc1[N+](=O)[O-])[N+](=O)[O-])[N+](=O)[O-],CCO,298.15,-2.025641699,-1.566705
CC(C)[C@@](CC[C@](C)(C(=O)O)O)(C(=O)O)O,CCO,293.15,-0.749541691,-0.8034705
Cc1ccnc(n1)NS(=O)(=O)c1ccc(cc1)N,CCO,297.15,-2.101837285,-1.3304561
c1ccc(cc1)C1C(=O)C(=O)OC1c1ccc2c(c1)OCO2,CCO,290.15,-2.210200097,-2.0769784
CC(=O)Nc1ccccc1C(=O)O,CCO,293.15,-0.568635787,-0.61599153
CCOC(=O)C(C(C(=O)OCC)OC(=O)C)OC(=O)C,CCO,297.34999999999997,0.598792806,-0.3775567
CCCCCCCCCCCCC1C(=O)N=C(N)S1,CCO,298.15,-2.027519105,-0.29668033
CCCC(CCC)OC(=O)NC(=O)N,CCO,289.65,-1.693113263,-0.6747217
c1ccc(cc1)c1ccc(cc1)/C=N/c1cccc(c1)c1ccccc1,CCO,295.15,-2.13076902,-2.3773155
c1cc(ccc1C(=O)N)O,CCO,293.15,0.170261202,-0.8838902
CN1C(=C(c2ccccc2S1(=O)=O)O)C(=O)Nc1ccccn1,CCO,298.14,-2.438899077,-2.9390588
CC(C)CCC[C@@H](C)[C@H]1CC[C@H]2/C(=C/C=C\3/C[C@H](CCC3=C)O)/CCC[C@]12C,CCO,298.15,0.595269013,0.008118302
Cc1cccc(c1OCC(=O)Nc1ccccc1)Cl,CCO,298.15,-0.440491896,-0.28862226
c1ccc(cc1)c1c(ccc(c1[N+](=O)[O-])O)[N+](=O)[O-],CCO,298.15,-0.394128008,-1.3334937
CCOC(=O)[C@H]([C@H](C(=O)N)O)O,CCO,295.15,-1.072362614,-2.3489175
c1ccc(cc1)Nc1cccc(c1N)Cl,CCO,293.15,-0.686608467,-0.37876496
CN1CC[C@]23[C@H]4CC[C@@H]([C@@H]3Oc3c(ccc(C[C@@H]14)c23)OC)O,CCO,293.15,-0.456942235,-1.7805414
c1cc(c(cc1c1c(c(=O)c2c(cc(cc2o1)O)O)O)O)O,CCO,298.59,-1.581767392,-2.7451046
CCCCCCC/C=C/C(=O)N(c1ccc(cc1)N(C)C)C(=O)Nc1ccc(cc1)N(C)C,CCO,293.15,-2.477818615,-1.3943288
CC(=O)Nc1cccc(c1)C(=O)O,CCO,293.15,-1.214669172,-1.596372
c1cc(ccc1C=O)O,CCO,297.37,0.539322329,0.089763984
c1ccc(cc1)Nc1ccc(cc1[N+](=O)[O-])[N+](=O)[O-],CCO,288.15,-2.402484727,-1.8622985
CCCCCCCCC(CC(=O)N(c1ccc(cc1)N(C)C)C(=O)Nc1ccc(cc1)N(C)C)O,CCO,293.15,-2.001074769,-1.549264
c1ccc2c(c1)cccc2[N+](=O)[O-],CCO,298.15,-0.323508953,-0.8669605
c1cc2c(Cc3cc(ccc23)N)cc1Br,CCO,291.15,-1.517953347,-1.7638273
c1cc(c(c2c1cc(cc2[N+](=O)[O-])[N+](=O)[O-])[N+](=O)[O-])Cl,CCO,288.15,-2.531144873,-1.9091804
Cc1ccc(cc1[N+](=O)[O-])[N+](=O)[O-],CCO,288.15,-0.965213683,-0.9104351
CCCCOC(=O)NC(=O)N,CCO,291.15,-1.114684198,-0.60583985
c1ccc2c(c1)nc(CSCc1nc3ccccc3o1)o2,CCO,298.14,-0.190347928,-0.18256563
c1ccc(cc1)OC(=O)Oc1ccccc1,CCO,297.98999999999995,-0.639030045,-0.44187742
C1CCC(CC1)n1c(CCCCOc2ccc3c(CCC(=O)N3)c2)nnn1,CCO,298.15,-1.98098835,-1.8715286
C=C1C[C@]23C[C@H]1CC[C@H]2[C@]12CC[C@@H]([C@](C)([C@H]1[C@@H]3C(=O)O)C(=O)O2)O,CCO,298.14,-1.6435879,-1.4466867
c1ccc(cc1)C(c1ccccc1)C(c1ccccc1)c1ccccc1,CCO,293.15,-2.720888368,-2.1351678
Cc1cc2C(c3ccc(c(c3C(=O)c2c(c1)O)OC)O)C1[C@@H]([C@H]([C@@H]([C@@H](CO)O1)O)O)O,CCO,288.15,-1.887724776,-2.275978
c1ccc(cc1)C(=O)c1ccccc1,CCO,290.75,-0.129832963,0.1584559
CCCCCCCCCCC1C(=O)N=C(N)S1,CCO,298.15,-1.753799911,-0.13260873
c1ccc2c(c1)cccc2NC(=O)NCCC(=O)O,CCO,298.15,-2.123908523,-1.7892342
c1ccc(cc1)COC(=O)NCCCCCC(=O)O,CCO,293.15,0.061201085,-1.0977229
CC1(C)[C@@]2(C)CC[C@@]1(C(=O)OC2=O)Cl,CCO,291.15,-1.456273421,0.26746553
C1[C@@H]([C@H]([C@@H]([C@@H](O1)ON(=O)=O)ON(=O)=O)ON(=O)=O)ON(=O)=O,CCO,293.15,-0.802671124,-0.39456034
CC(=O)Nc1ccc(cc1)O,CCO,298.15,-0.052566894,-1.0316077
c1ccc2c(c1)C(=O)c1ccccc1C2=O,CCO,298.15,-1.77781932,-1.7351115
Cc1ccc(cc1)N(/C(=N/c1ccccc1)/Nc1ccccc1)c1[nH]c2ccc(C)cc2n1,CCO,288.15,-2.737778954,-1.9478865
c1cc2c(cc1C=O)OCO2,CCO,293.15,0.823520944,-0.8202487
CC1(C)CC(=CC(=C(C#N)C#N)C1)/C=C/c1ccc(cc1)O,CCO,298.15,-2.196486306,-1.3907776
COc1ccc2c(c1)c(ccn2)[C@H]([C@@H]1C[C@H]2CCN1C[C@@H]2C(=O)O)O,CCO,298.15,-2.376164922,-1.9708254
c1ccnc(c1)C(=O)O,CCO,298.15,-0.357903099,-0.19996175
c1ccc2c(c1)c(cc(c2Cl)[N+](=O)[O-])[N+](=O)[O-],CCO,298.15,-2.152037413,-2.0521069
c1ccc(c(c1)C(=O)N)O,CCO,293.15,-0.2924297,0.053662494
c1ccc(c(c1)C(=O)O)[N+](=O)[O-],CCO,298.15,0.346342884,-0.15062855
C(CCC(=O)[O-])CC[NH3+],CCO,298.15,-2.721651726,-1.4490054
c1cc(C(=O)O)oc1,CCO,297.65,0.551813258,0.5053835
c1ccc(cc1)/C=C/C=N/NC(=O)C(=O)N,CCO,293.15,-3.336913804,-1.6196529
C[C@@H]1CCC[C@H](C1)NC(=O)c1ccc2ccccc2c1,CCO,299.15,-0.300009502,-0.6825448
C(C(CO[N+](=O)[O-])O[N+](=O)[O-])O[N+](=O)[O-],CCO,293.15,0.213147688,-0.0014474392
CCCCCCC(CC(=O)N(c1ccc(cc1)N(C)C)C(=O)Nc1ccc(cc1)N(C)C)O,CCO,293.15,-1.782676142,-1.4467771
CC(C)(C)OC(=O)NC(=O)N,CCO,288.15,-1.345451013,-0.3405074
Cc1c(cc(cc1[N+](=O)[O-])[N+](=O)[O-])[N+](=O)[O-],CCO,295.15,-1.141621798,-0.69998413
CCCCCCCCC(=O)N(c1ccc(cc1)N(C)C)C(=O)Nc1ccc(cc1)N(C)C,CCO,293.15,-2.21336048,-1.3106474
CC(=O)OC1C(C(C(C(C1OC(=O)C)OC(=O)C)OC(=O)C)OC(=O)C)Br,CCO,293.15,-3.48023793,-1.0104382
c1cc(ccc1Br)Br,CCO,298.15,-0.867589008,-0.6374407
CCC(C(C)C)OC(=O)NC(=O)N,CCO,293.15,-1.140823795,-0.65323806
c1ccc(cc1)Cn1cc(CO)nn1,CCO,298.14,0.154186179,-0.6837254
C(CO)CP(=O)(CCCO)CCCO,CCO,298.10999999999996,-0.411966222,-0.52772254
CCCCCCCCCCCCCC(=O)O,CCO,293.15,-0.184944653,-0.098631784
CC(C)(CO)[C@@H](C(=O)NCCC(=O)NCCSC(=O)c1cccc2ccccc12)O,CCO,293.15,-0.880152424,-2.1470087
CC1(C)C2CCC1(C)C(=O)C2Cl,CCO,293.15,-0.169738033,0.46120667
c1cc(ccc1N)[N+](=O)[O-],CCO,298.15,-0.47235575,-1.0816749
Cc1c(c(=O)ccn1C)O,CCO,298.19,-1.610709477,-1.3470442
c1c(cc(cc1[N+](=O)[O-])[N+](=O)[O-])[N+](=O)[O-],CCO,291.15,-1.158333962,-1.1856887
CN(C)c1ccc(cc1)NC(=O)N(C=O)c1ccc(cc1)N(C)C,CCO,293.15,-2.274082705,-1.5878546
c1ccc2ccccc2c1,CCO,298.15,-0.187415696,-0.24038976
C(C(=O)O)NC=O,CCO,298.15,-0.522870319,-0.7712685
CCCCCCCCCCCC(=O)OCC(=O)c1ccccc1,CCO,298.15,-0.77226716,0.10178505
C(CCCCCNCCCCCCN)CCCCC(=O)O,CCO,293.15,-2.477822797,-1.8225446
c1cc(c(cc1[N+](=O)[O-])[N+](=O)[O-])Nc1ccc(cc1[N+](=O)[O-])[N+](=O)[O-],CCO,288.15,-2.938281855,-2.1397429
Cc1c(cc2c(c1[N+](=O)[O-])C(C)(C)CC2(C)C)[N+](=O)[O-],CCO,288.15,-1.702185548,-1.010269
CCCCC(=O)NNC(=O)CCCC,CCO,293.15,-0.549591303,-0.7821254
C(CO[N+](=O)[O-])N(c1c(cc(cc1[N+](=O)[O-])[N+](=O)[O-])[N+](=O)[O-])[N+](=O)[O-],CCO,298.15,-2.620276486,-1.156395
CCCCN(CCCC)CCOC(=O)c1ccc(cc1)/N=N/c1ccc(cc1N)N,CCO,298.15,-0.886878183,-1.1009436
CN(C)c1ccc(cc1)C(=Nc1ccc(cc1)N)c1ccc(cc1)N(C)C,CCO,293.15,-1.921003744,-0.73087364
CC(=O)C1=CC[C@H]2[C@@H]3CCC4=CC(=O)C=C[C@]4(C)[C@H]3[C@H](C[C@]12C)O,CCO,298.14,0.562124627,-1.4604849
c1cc2c(c(c1)N)C(=O)N(C1CCC(=O)NC1=O)C2=O,CCO,297.15,-2.436556992,-3.1196675
Cc1ccc(cc1)C(c1ccc(C)cc1)(C(c1ccc(C)cc1)(c1ccc(C)cc1)O)O,CCO,298.15,-3.023835587,-0.8973433
COc1ccc(cc1)P(c1ccc(cc1)OC)c1ccc(cc1)OC,CCO,298.25,-2.19358722,-1.8401493
CCOC(=O)C1C(=O)CC(C)(C(C1c1ccccc1)C(=O)OCC)O,CCO,293.15,-1.56390915,-0.37196362
CC1(C)CC(CC(C)(C)N1)O,CCO,298.14,0.361215791,-0.3884083
c1cc(ccc1CCC(=O)c1c(cc(cc1O)O)O)O,CCO,298.19,-0.178478611,-0.4046226
CCOC(=O)/C=C/C=C/C(=O)OCC,CCO,298.15,-0.406026263,-0.57473344
c1cc(N)nc(c1)N,CCO,297.14,0.542212284,0.48597562
c1ccc(cc1)C(C(c1ccccc1)C(=O)c1ccccc1)C1C(=O)c2ccccc2C1=O,CCO,293.15,-2.332946187,-1.3639853
c1ccc(cc1)CCOC(=O)NC(=O)N,CCO,290.15,-2.415426198,-0.9516825
CC(=CC(C(Cl)(Cl)Cl)O)C,CCO,293.15,0.39824594,0.14955132
CCCCCCC(C)OC(=O)NC(=O)N,CCO,287.15,-2.025386193,-0.6141405
CCCCCCC(CCC)(CCC)C(=O)NO,CCO,299.15,0.0,0.6064325
c1cc(cc(c1)Br)C(=O)O,CCO,298.15,-0.438898118,-0.10621035
CC(C)(C)NCC(COc1cccc2C[C@H]([C@H](Cc12)O)O)O,CCO,296.15,-0.799447239,-1.2256464
CC(C)C1CCC(C)CC1OC(=O)NC(=O)N,CCO,291.15,-2.23825764,-0.82448757
c1ccc(cc1)Nc1ccc(cc1)N=Nc1ccccc1,CCO,298.15,0.0681909,-1.8941453
COC(=O)c1ccc(cc1)N=Nc1ccc(cc1N)N,CCO,298.15,-1.940469891,-1.3917918
C[C@@H]1CC[C@@]2(CC[C@]3(C)C(=CC[C@@H]4[C@@]5(C)CC[C@@H](C(C)(C)[C@@H]5CC[C@@]34C)O)[C@@H]2[C@H]1C)C(=O)O,CCO,291.15,-2.091437846,-2.0746386
c1cc2c3ccc(cc3C(c2cc1Cl)O)N,CCO,291.15,-1.467648316,-2.0613024
CC#CC(=O)N1CCC[C@H]1c1nc(c2ccc(cc2)C(=O)Nc2ccccn2)c2c(N)nccn12,CCO,298.15,-2.190811492,-2.0875587
C1CCC(CC1)N(C(=O)C1CCC1)O,CCO,298.15,-0.121328008,-0.15933232
CCCCc1ccc(cc1)/C(=N\Nc1ccc(C)cc1)/C(=O)O,CCO,293.15,-1.050605969,-0.37089932
c1ccc2c(c1)[nH]c(c1cscn1)n2,CCO,298.15,-2.164398831,-1.155613
c1ccc2c(c1)Nc1ccccc1S2,CCO,293.15,-1.039383609,-1.207279
c1cc(c(cc1c1coc2cc(cc(c2c1=O)O)O[C@H]1[C@@H]([C@H]([C@@H]([C@@H](CO)O1)O)O)O)O)O,CCO,291.15,-3.07662633,-2.8664455
C(CCC(=O)O)CCC(=O)O,CCO,298.44,0.315608112,0.12321828
C(CCC(=O)O)CC(=O)O,CCO,298.15,-0.215388012,-1.2048419
CC(=O)NCCNC(=O)C,CCO,298.15,-0.04161264,-1.2665976
CCCOC(=O)c1ccc(cc1)N=Nc1ccc(cc1N)N,CCO,298.15,-1.481282533,-0.8048065
c1ccc(cc1)C(=O)O,CCO,298.04999999999995,0.4390219,0.6443649
C([C@@H]1[C@H]([C@@H]([C@@H](C(O)O1)O)O)O)O,CCO,298.15,-1.224872541,-1.3989693
c1ccc(cc1)C(CC(=O)c1ccccc1)C(C#N)c1ccc(cc1)[N+](=O)[O-],CCO,293.15,-2.346744758,-1.6981928
CCCCCCCCCCCCCCCC(=O)O[C@H]1CO[C@@H](c2ccccc2)OC1,CCO,299.15,-1.378778812,-0.8171779
CCCCCCCC(=O)N(c1ccc(cc1)N(C)C)C(=O)Nc1ccc(cc1)N(C)C,CCO,293.15,-2.554632308,-1.281009
c1ccc(cc1)C(=O)C(=O)c1ccccc1,CCO,298.15,-0.73614786,-0.3478435
C[C@H](CCC(=O)O)[C@H]1CC[C@H]2[C@H]3[C@H](CC(=O)[C@]12C)[C@@](C)(CCC(=O)O)[C@H](CC3=O)C(=O)O,CCO,296.15,-0.709240079,-1.6365573
C/C=C/CCCCCCCC(=O)N(c1ccc(cc1)N(C)C)C(=O)Nc1ccc(cc1)N(C)C,CCO,293.15,-2.491131172,-1.6938907
c1ccc(cc1)C(c1ccc(cc1)Cl)(C(c1ccccc1)(c1ccc(cc1)Cl)O)O,CCO,298.15,-2.638838549,-1.0902855
c1ccc2cc(ccc2c1)N(CCCl)CCCl,CCO,288.15,-0.923286124,-0.66002953
CN(C)c1ccc(cc1)C(=NC(=O)c1ccccc1)c1ccc(cc1)N(C)C,CCO,289.15,-2.365817792,-1.0271667
c1ccc(cc1)C(C=CC(c1ccccc1)(c1ccccc1)O)(c1ccccc1)O,CCO,297.15,-1.714775632,-2.096182
c1cc(c(cc1Cl)Cl)Oc1ccc(cc1O)Cl,CCO,298.14,0.885787518,-0.25237477
CCCCCCCCCCCCOC(=O)NC(=O)N,CCO,293.84999999999997,-2.98802994,-0.7482016
CC(C)C1CCC(C)CC1OC(=O)C(c1ccccc1)O,CCO,298.15,-0.613450986,0.2983685
O=[S]1CC[S](=O)CC1,CCO,295.15,-0.828414631,-1.0341699
c1ccc2c(c1)OP1(=nP3(=nP4(=n1)Oc1ccccc1O4)Oc1ccccc1O3)O2,CCO,298.03999999999996,-2.687057915,-2.248713
Cc1cc(ccc1/N=N/c1ccc(cc1)N(c1ccccc1)c1ccccc1)N(=O)=O,CCO,298.15,-2.826812954,-2.3092976
CC(=CC(=O)N(c1ccc(cc1)N(C)C)C(=O)Nc1ccc(cc1)N(C)C)C,CCO,293.15,-2.569157792,-1.3694277
COc1ccc(cc1)COC(=O)NC(=O)N,CCO,290.15,-2.505568561,-1.3131361
c1cc(ccc1C=CC(=O)O)[N+](=O)[O-],CCO,298.15,-2.299143214,-0.89349806
CC(=O)[C@@]12[C@@H](C[C@H]3[C@@H]4CCC5=CC(=O)CC[C@]5(C)[C@H]4[C@@H](C[C@]13C)O)O2,CCO,298.2,-1.866310262,-1.8295596
c1cc(ccc1C(=O)O)Cl,CCO,298.15,-0.538348802,0.115889534
CC(C)(O)P1(=O)OCC2(CO1)COP(=O)(C(C)(C)O)OC2,CCO,297.62,-1.501169197,-1.4296603
CC(C)CCC[C@@H](C)[C@H]1CC[C@H]2[C@@H]3CC=C4C[C@H](CC[C@]4(C)[C@H]3CC[C@]12C)OC(=O)C,CCO,293.15,-1.933182466,-1.120064
C(CCCNC(=O)OCCCCO)CCNC(=O)OCCCCO,CCO,293.15,-0.809734245,-1.9210628
Cc1ccc2c(ccc(c2n1)O)[N+](=O)[O-],CCO,293.15,-1.910350113,-1.5582064
CC(C)(C)c1ccc(cc1)C(=O)NN,CCO,298.15,0.137054209,-0.6602105
CN1CC[C@]23[C@H]4C=CC(=O)[C@@H]3Oc3c(ccc(C[C@@H]14)c23)OC,CCO,293.15,-2.242824864,-2.0295238
CCCC(C)(C)OC(=O)NC(=O)N,CCO,289.15,-0.894470679,-0.49380165
c1ccc(cc1)C(c1ccccc1Cl)(C(c1ccccc1)(c1ccccc1Cl)O)O,CCO,298.15,-3.258627307,-0.9145867
c1ccc(cc1)OP(=O)(Oc1ccccc1)Oc1ccccc1,CCO,298.15,0.333971557,-0.38552332
CCCC(=Cc1ccco1)C=NNC(=O)N,CCO,295.15,-0.946268355,-1.6082796
CC1CCC2(CCC3(C)C(=CCC4C5(C)CCC(C(C)(C)C5CCC34C)O)C2C1C)C(=O)OC,CCO,288.15,-0.951626569,-1.9546865
c1c(cc(c(c1[N+](=O)[O-])C(=O)N=[N+]=[N-])[N+](=O)[O-])[N+](=O)[O-],CCO,293.15,-2.854235622,-0.9100121
CC(C)CCC[C@@H](C)[C@H]1CC[C@H]2[C@@H]3CC=C4C[C@H](CC[C@]4(C)[C@H]3CC[C@]12C)OC=O,CCO,293.15,-1.839553461,-1.2087196
c1ccc(cc1)Nc1ccc(cc1)/N=N/c1ccc(cc1)N(=O)=O,CCO,298.15,-1.355566778,-2.4699352
c1ccc(c(c1)C(=O)O)O,CCO,298.15,0.363600914,0.714917
c1ccc(c(c1)C(=O)c1ccc(cc1)O)C(=O)O,CCO,294.15,0.172072779,-1.1325647
c1ccc2c(c1)c1CCCCc1n2C(=O)N,CCO,298.15,-1.234045276,-1.4493277
COc1ccc(cc1)N=Cc1ccc(cc1)c1ccccc1,CCO,295.15,-2.638272361,-1.5156329
CCOC1(C(c2ccccc2)Br)C(=O)NC(=O)N1,CCO,293.15,-1.042435463,-1.3690481
CCc1c(c(=O)cco1)O,CCO,298.14,0.135544069,0.13341448
CCCCCCCCCCCCCCC1C(=O)N=C(N)S1,CCO,298.15,-2.581063963,-0.6959629
c1ccc(cc1)CC1C(=O)N(c2ccccc2)C(=O)N1CC(=O)O,CCO,293.15,0.187974848,-1.5696262
C1C=C(CC[C@@H](CC(=O)O)O)C(=O)C1,CCO,293.15,-0.394055294,-0.7022494
Cc1ccc(cc1)C(c1ccccc1)(C(c1ccccc1)(c1ccc(C)cc1)O)O,CCO,298.15,-2.897091314,-0.32844943
CCCCC1=NC2(CCCC2)C(=O)N1Cc1ccc(cc1)c1ccccc1c1[nH]nnn1,CCO,297.78999999999996,-1.741562862,-1.9769983
CN[C@]1(CCCCC1=O)c1ccccc1Cl,CCO,298.09,-0.528767431,-0.31687123
CCOc1ccc(cc1OC)COC(=O)NC(=O)N,CCO,290.15,-2.837505883,-1.2327378
c1ccc(cc1)Nc1cc(ccc1N)Cl,CCO,293.15,-1.225877629,-0.5365547
c1cc(ccc1C=C1CCC(=Cc2ccc(cc2)O)C1=O)O,CCO,293.15,-2.272754731,-2.7647095
Cc1c(c(C)c(c(C)c1[N+](=O)[O-])[N+](=O)[O-])[N+](=O)[O-],CCO,288.15,-3.105828551,-1.135752
c1ccc2c(c1)[nH]c(=O)n2C1CCN(CCCC(c2ccc(cc2)F)c2ccc(cc2)F)CC1,CCO,298.15,-1.687277577,-2.5341644
c1cc(Cl)ncc1CN1CCN/C/1=N\[N+](=O)[O-],CCO,298.67999999999995,-2.065409192,-2.0422006
c1cc(c(cc1O)O)c1c(c(=O)c2c(cc(cc2o1)O)O)O,CCO,298.14,-1.004364225,-1.9465135
COc1c(cc(cc1Br)Br)Br,CCO,288.15,-1.524765299,-0.7017919
C1[C@H]([C@@H]2[C@@H]([C@@H]3[C@H](O2)O[C@@H](C(Cl)(Cl)Cl)O3)O)O[C@@H](C(Cl)(Cl)Cl)O1,CCO,298.15,-3.132343579,-0.44618437
c1cc2c(cc(c(c2nc1)O)I)S(=O)(=O)O,CCO,298.15,-2.062583221,-2.1707134
Cc1ccc(C)c(c1[N+](=O)[O-])[N+](=O)[O-],CCO,288.15,-0.950194414,-1.0849693
CCN(CC)CCNC(=O)c1ccc(cc1)NC(=O)/C=C\C(=O)O,CCO,288.15,-3.171335925,-1.9824386
c1(=O)[nH]c(=O)[nH]c(=O)[nH]1,CCO,295.65,-2.213600031,-1.077103
COc1cc(/C=C/C(=O)CC(=O)/C=C/c2ccc(c(c2)OC)O)ccc1O,CCO,298.15,-2.166852656,-2.269215
CCOC(=O)c1ccc(cc1)NC(=S)N,CCO,293.15,-0.873675102,-0.7952717
Cc1cc(c(C)c(c1[N+](=O)[O-])[N+](=O)[O-])[N+](=O)[O-],CCO,288.15,-2.08127528,-1.0188401
CC(=O)NNC(=O)C,CCO,293.15,0.115505606,-0.9895079
c1ccc(cc1)C(c1ccccc1)(C(=O)NNS(=O)(=O)c1ccc(cc1)[N+](=O)[O-])O,CCO,294.15,-1.177553773,-1.933676
c1ccc(cc1)Nc1ccc(cc1)n1nc2ccccc2[n+]1[O-],CCO,298.15,-2.003367172,-0.93871176
CCCCCCCCCCCCCCCCCC(=O)Nc1ccccc1,CCO,293.15,-2.379723593,-1.166179
c1ccc(cc1)OC(=O)c1ccccc1O,CCO,298.14,0.338028289,0.16235326
CCOc1ccc(cc1/C=N/NC(=O)N)[N+](=O)[O-],CCO,293.15,-2.504554637,-1.96084
Cc1cnc(NC(=O)C2=C(c3ccccc3S(=O)(=O)N2C)O)s1,CCO,298.14,-3.012875764,-2.657878
CCCCC(C)OC(=O)NC(=O)N,CCO,290.15,-1.287910186,-0.7251289
COc1cnc(Cl)nc1Cl,CCO,299.42999999999995,-0.090405698,-0.031085879
CCCOC(=O)c1cc(c(c(c1)O)O)O,CCO,298.15,0.583329855,0.049457997
c1cc2c(cccc2[N+](=O)[O-])c(c1)[N+](=O)[O-],CCO,289.15,-3.02657759,-2.1682317
COc1ccc(cc1OC)C(=O)N1CCN(CC1)c1ccc2c(CCC(=O)N2)c1,CCO,298.15,-3.097255742,-2.5500653
Cc1ccccc1C(=O)O,CCO,296.04999999999995,0.365480473,0.4400164
Cc1cc(cc(c1O)[N+](=O)[O-])[N+](=O)[O-],CCO,288.15,-0.766250641,-0.6596971
CN(C)c1ccc(cc1)C(=Nc1ccccc1N)c1ccc(cc1)N(C)C,CCO,290.15,-2.350352217,-0.6147536
CN(C1=C(C=C(C=C1N(=O)=O)N(=O)=O)N(=O)=O)N(=O)=O,CC(=O)C,291.15,0.243700949,-0.17192051
COC1=CC=C(C=C1O)[C@@H]1CC(=O)C2=C(O1)C=C(O)C=C2O,CC(=O)C,298.19,-0.468519224,-1.209933
CCOC1=C(C=C(C=C1N(=O)=O)N(=O)=O)N(=O)=O,CC(=O)C,288.15,-1.436150825,-0.0073164552
CC12SC3(C)SC(C)(S1)SC(C)(S2)S3,CC(=O)C,293.15,-0.459237338,-0.77196944
OC(=O)C1=CC=C2C(=O)C3=C(C=CC=C3)C(=O)C2=C1,CC(=O)C,298.15,-1.963880817,-2.1647496
C1=CC2=C3C(C=CC4=C3C(C=C2)=CC=C4)=C1,CC(=O)C,293.15,-0.420205667,-1.1330962
O=C(OCOC(=O)C1=CC=CC=C1)C1=CC=CC=C1,CC(=O)C,297.15,-0.25853527,-0.4916248
CCOC(=O)C1=C(N(C)N=C1)S(=O)(=O)NC(=O)NC1=NC(OC)=CC(OC)=N1,CC(=O)C,293.15,-1.116359437,-2.546369
[H][C@@]12CC[C@@H](C)[C@]3([H])CC[C@@]4(C)OO[C@@]13[C@]([H])(OC(=O)[C@@H]2C)O4,CC(=O)C,298.14,-0.940910623,-0.9291779
[H][C@@]12COC(=O)[C@@]1([H])CC1=CC(OC)=C(O)C=C1[C@H]2C1=CC=C(O)C(OC)=C1,CC(=O)C,293.15,-0.949847239,-1.67419
C1CC2=C3C1=CC=CC3=CC=C2,CC(=O)C,297.98999999999995,-0.029200381,0.37436134
C1=CC=C(C=C1)\N=N\C1=CC=CC=C1,CC(=O)C,298.15,0.2903599,-0.51288545
[H][C@](C)(\C=C\[C@@]([H])(C)[C@@]1([H])CC[C@@]2([H])C3=CC=C4C[C@@H](O)CC[C@]4(C)[C@@]3([H])CC[C@]12C)C(C)C,CC(=O)C,295.15,-2.004575462,-1.5142119
[H][C@@]12C[C@H]3OC(C)=N[C@@]3(C(=O)COC(C)=O)[C@@]1(C)C[C@H](O)[C@@]1([H])[C@@]2([H])CCC2=CC(=O)C=C[C@]12C,CC(=O)C,303.14,-1.011129134,-1.1564765
C(N(C1=CC=CC=C1)C1=CC=CC=C1)C1=CC=CC=C1,CC(=O)C,293.15,-0.413887927,-0.5862402
[H][C@@](C)(CCCC(C)C)[C@@]1([H])CC[C@@]2([H])[C@]3([H])CC=C4C[C@H](CC[C@]4(C)[C@@]3([H])CC[C@]12C)OC(=O)CCCCC,CC(=O)C,293.15,-1.907416736,-1.3558724
CCN(C(=O)C1=C(O)C2=C(Cl)C=CC=C2N(C)C1=O)C1=CC=CC=C1,CC(=O)C,293.15,-1.863660145,-1.4198643
OC(=O)C1=CC=C(C=O)C=C1,CC(=O)C,303.15,-1.10551814,-0.25552386
CC1(C)[C@@H](CC[C@@]1(C)C(N)=O)C(O)=O,CC(=O)C,293.15,-0.501438686,-0.6802836
COC(=O)C1=NNN(C)C1=O,CC(=O)C,291.15,-0.958964009,-1.4185002
CN(C)C1=CC2=C(NC3=C(C(=C(N(C)N(=O)=O)C(=C3)N(=O)=O)N(=O)=O)S2(=O)=O)C=C1,CC(=O)C,293.15,-2.641848751,-1.8270522
CC(C)CC1=CC=C(C=C1)C(C)C(O)=O,CC(=O)C,297.85999999999996,-2.052242072,0.26572716
FC1=CC(=CC(F)=C1Br)N1C(=O)C=CC1=O,CC(=O)C,298.34,-2.869306476,-0.8741623
OC(=O)C1=C(Br)C=CC=C1Br,CC(=O)C,293.15,0.643456062,-0.54051024
O=C(OCC(COC(=O)C1=CC=C(C=C1)N(=O)=O)OC(=O)C1=CC=C(C=C1)N(=O)=O)C1=CC=CC=C1,CC(=O)C,294.15,-0.81694987,-2.0510652
NC1=C(C=C(C=C1N(=O)=O)N(=O)=O)N(=O)=O,CC(=O)C,292.65,-0.782235366,-0.22844383
CO\C=C(\C(=O)OC)C1=C(COC2=NC(=CC=C2)C(F)(F)F)C=CC=C1,CC(=O)C,293.15,-0.167110479,-0.65413225
C1=CC2=CC3=CC4=CC=CC=C4C=C3C=C2C=C1,CC(=O)C,293.15,-2.167497354,-2.6354423
CCOCN1C(=O)C2=C(C=CC=C2)C1=O,CC(=O)C,298.15,-2.914264861,-1.1317829
OC1=CC(O)=C2C(=O)C(=COC2=C1)C1=CC(O)=C(O)C=C1,CC(=O)C,291.15,-0.792311105,-2.319663
C1OC(OC1C1COC(O1)C1=CC=CC=C1)C1=CC=CC=C1,CC(=O)C,290.15,-1.943231113,-0.8207955
ClC1=C(Cl)C=C(C=C1)C1CCC(=O)C2=CC=CC=C12,CC(=O)C,298.27,-0.362530939,-0.33715025
[H][C@@]12CC[C@@](C)([C@@H](O)[C@H]1NC(=O)[C@@H](O)C(C)(C)CO)C2(C)C,CC(=O)C,293.15,-0.415569911,-1.1925701
[H][C@@]12OC3=C4C(C[C@H]5N(C)CC[C@@]14[C@@]5([H])CC[C@@H]2OC(C)=O)=CC=C3OC,CC(=O)C,293.15,-0.294172235,-1.2537196
CCCCCCCCCCCCCC(=O)CCCCCCCCC(O)=O,CC(=O)C,288.15,-2.265526513,-1.8578563
OC1=CC=C(O)C(=C1)P(=O)(C1=CC=CC=C1)C1=CC=CC=C1,CC(=O)C,299.44,-1.626268427,-1.5986454
N#C\C(=N/NC1=CC=CC=C1)C#N,CC(=O)C,298.15,0.389157907,-0.40519917
ClC1=NC(Cl)=NC(Cl)=N1,CC(=O)C,298.15,0.027020488,-0.54053235
[H][C@@]12CC(C)(C)CC[C@@]1(CC[C@]1(C)C2=CC[C@]2([H])[C@@]3(C)CC[C@H](O)C(C)(C)[C@]3([H])CC[C@@]12C)C(O)=O,CC(=O)C,298.28999999999996,-1.863279662,-2.2257082
N#CSC=CSC#N,CC(=O)C,289.15,-0.038971514,-0.5740193
CC(C)(O)P1(=O)OCC(C)(C)CO1,CC(=O)C,298.64,-1.166015098,-1.2853923
COC1=C(C(=CC(=C1N(=O)=O)N(=O)=O)N(=O)=O)N(=O)=O,CC(=O)C,302.15,0.440247065,-0.112263024
COCN1C(=O)C2=C(C=CC=C2)C1=O,CC(=O)C,298.15,-0.184546074,-1.1716001
CCC[C@H]1CC2=C(C[C@@H](CC)CC3=C1C(=O)OC3=O)C(=O)OC2=O,CC(=O)C,293.15,0.277740946,-1.0628225
CCCC(=O)N(C(=O)NC1=CC=C(C=C1)N(C)C)C1=CC=C(C=C1)N(C)C,CC(=O)C,293.15,-1.947267216,-0.75859493
[H][C@@]12CCC(=O)[C@@]1(C)CCC1=C3C=CC(O)=CC3=CC=C21,CC(=O)C,303.15,-0.918843431,-1.5239544
[H][C@@](C)(CCCC(C)C)[C@@]1([H])CC[C@@]2([H])[C@]3([H])CC=C4C[C@H](CC[C@]4(C)[C@@]3([H])CC[C@]12C)OC(=O)C(C)C,CC(=O)C,293.15,-1.659681409,-1.4425979
ClC1=CC=CC2=C1C=CC1=NC3=CC=CC=C3N(=O)=C21,CC(=O)C,291.15,-1.30213449,-0.5870562
OC1=CC=CC2=C1C(=O)C1=C(O)C=CC=C1C2=O,CC(=O)C,298.14,-1.6005955,-1.5261908
CC(=O)NC1=CC=CC=C1C(O)=O,CC(=O)C,293.15,-0.698970004,-0.58200896
CNC(=O)C1=CC=CC=C1SC1=CC=C2C(NN=C2\C=C\C2=NC=CC=C2)=C1,CC(=O)C,295.65,-2.587123653,-2.2988176
CN1C=NC2=C1C(=O)N(C)C(=O)N2C,CC(=O)C,298.15,-1.214386967,-1.3506632
NC(=O)C1=CC=CC=C1O,CC(=O)C,298.15,0.242728476,0.34508598
OC(=O)C1=CC=CC=C1N(=O)=O,CC(=O)C,293.15,0.406536563,0.13438164
Cl[C@H]1[C@H](Cl)[C@@H](Cl)C2=CC=CC=C2[C@@H]1Cl,CC(=O)C,293.15,-0.250914279,-0.5519756
CCCCCCCCC(=O)N(C(=O)NC1=CC=C(C=C1)N(C)C)C1=CC=C(C=C1)N(C)C,CC(=O)C,293.15,-1.274455393,-0.91558623
NC1=CC=C(C=C1)N(=O)=O,CC(=O)C,298.15,0.304933209,-0.22283982
O=N(=O)C1=CC(=CC(=C1)N(=O)=O)N(=O)=O,CC(=O)C,290.15,0.337934939,-0.39089054
ClC1=C2C(=O)OC(=O)C2=CC=C1,CC(=O)C,298.14,0.469946158,0.40048718
[H][C@@]12CC=C(C(C)=O)[C@@]1(C)C[C@H](O)[C@@]1([H])[C@@]2([H])CCC2=CC(=O)C=C[C@]12C,CC(=O)C,298.14,0.414898592,-1.429457
OC(=O)C1=CC=CC(Br)=C1,CC(=O)C,293.15,0.017033838,-0.24055818
OC[C@H]1O[C@@H](OC2=CC3=C(C(=O)C(=CO3)C3=CC(O)=C(O)C=C3)C(O)=C2)[C@H](O)[C@@H](O)[C@@H]1O,CC(=O)C,291.15,-2.987228403,-3.1041296
CC(C)(C)C(=O)OCOP(=O)(COCCN1C=NC2=C1N=CN=C2N)OCOC(=O)C(C)(C)C,CC(=O)C,298.14,-0.048751483,-0.20161216
NC1=CC=C(C(O)=O)C(O)=C1,CC(=O)C,296.65,-0.059761557,-0.9551605
CCCCCCCC(=O)N(C(=O)NC1=CC=C(C=C1)N(C)C)C1=CC=C(C=C1)N(C)C,CC(=O)C,293.15,-1.661214006,-0.884404
[H][C@](CC(C)C)(NC(C)=O)C(O)=O,CC(=O)C,298.15,-1.000531873,-1.1421491
C\C=C\CCCCCCCC(=O)N(C(=O)NC1=CC=C(C=C1)N(C)C)C1=CC=C(C=C1)N(C)C,CC(=O)C,293.15,-2.008829226,-1.2776835
OC(=O)CC1=CC=C(O)C=C1,CC(=O)C,298.15,0.584462402,-0.3957346
OC(=O)C1=CC=CC=C1Br,CC(=O)C,293.15,0.158363452,-0.07800758
[H][C@@](CCSC)(NC(C)=O)C(O)=O,CC(=O)C,298.15,0.188218301,-0.5556728
OC1CCN2CC3=CC=CC=C3N=C12,CC(=O)C,298.15,-1.973656539,-0.87994254
OCC1OC(OC2COC(OC12)C1=CC=CC=C1)C1=CC=CC=C1,CC(=O)C,290.15,-1.710176886,-0.7793268
CC(O)(C1=CC=CC=C1)P1(=O)OCC(C)(C)CO1,CC(=O)C,298.34,-1.377944782,-1.2627964
CC1=C(C(C)=C(C(C)=C1N(=O)=O)N(=O)=O)N(=O)=O,CC(=O)C,288.15,-1.503768559,-0.09497821
OC1=C2C=CC=CC2=C(O)C(=C1)P1(=O)OC2=C(C=CC=C2CC2=CC=CC=C2)C2=C1C=CC=C2,CC(=O)C,293.15,-1.047799986,-1.7755389
OC(=O)C=CC1=CC=CO1,CC(=O)C,297.98999999999995,0.105205217,-0.3565358
C1C2CC3C4CC5CC(C14)C(C2)C3C5,CC(=O)C,303.14,-1.578606935,-0.942881
COC1=CC(\C=C\C(=O)C=C(O)\C=C\C2=CC=C(O)C(OC)=C2)=CC=C1O,CC(=O)C,298.15,-0.864231194,-1.474084
CO\N=C(\C(=O)OC)C1=CC=CC=C1COC1=C(C)C=CC=C1,CC(=O)C,293.15,-0.159574123,0.10723229
CC1=CC=C(C=C1)N(=O)=O,CC(=O)C,288.15,0.984337524,0.59420687
CC1=C(O)C(=CC(=C1)N(=O)=O)N(=O)=O,CC(=O)C,288.15,0.600506438,0.1397051
Cc1cc(O)c2C(=O)c3c(O)cc(O)c4C(=O)C(C)(C)c5cc(O)c1c2c5c34,c1ccccc1,293.15,-3.332075128,-2.899379
Oc1c(Cl)cc(Cl)c(Cl)c1Cc2c(O)c(Cl)cc(Cl)c2Cl,c1ccccc1,293.15,-0.885219291,-2.0403044
OC(=O)c1cccc(c1)[N+]([O-])=O,c1ccccc1,298.15,-0.969402295,-0.7536032
Cc1cc(O)ccc1N=Nc2ccccc2,c1ccccc1,303.15,-0.25369029,-0.894075
Cl[S](=O)(=O)c1cccc2c1cccc2[S](Cl)(=O)=O,c1ccccc1,293.15,-0.842909873,-1.9038275
c1ccc(cc1)/N=N/c2ccc(cc2)O,c1ccccc1,303.15,-1.139808281,-1.5025705
CCC\C=C\C(N)=O,c1ccccc1,293.15,-1.554882494,-1.4171535
CCOc1ccc(NC(C)=O)cc1,c1ccccc1,298.15,-2.497966587,-1.3040469
c1cc2cccc3c4cccc5cccc(c(c1)c23)c45,c1ccccc1,293.15,-2.031526213,-1.4477309
CCC1=CC(N=Nc2ccccc2O)(C(O)C=C1)c3ccccc3,c1ccccc1,303.15,0.969157398,-1.013872
CCCCCCCCC(O)C(O)CCCCCCCC,c1ccccc1,298.15,-2.042149762,-0.6412629
CCCc1ccc(O)cc1O,c1ccccc1,298.04999999999995,-0.757635078,-0.18414094
C[C@]12CC[C@H]3[C@@H](CCc4cc(O)ccc34)[C@@H]1CCC2=O,c1ccccc1,303.15,-2.375512649,-1.4635491
COc1cc(ccc1c2ccccc2)c3ccc(c(OC)c3)c4ccccc4,c1ccccc1,293.15,-1.221602711,-1.5056967
CCCCCCCCCCC(N)=O,c1ccccc1,293.15,-1.757193026,-0.7449961
c1ccc2c(c1)C(c3ccccc23)C4(C5c6ccccc6c7ccccc57)c8ccccc8c9ccccc49,c1ccccc1,293.15,-1.303584743,-1.7977006
CC1OC(C)OC(C)OC(C)O1,c1ccccc1,296.15,-2.166856699,0.13618669
CC(=O)c1cccc(c1)N=Nc2cc(C)c(O)cc2C,c1ccccc1,303.15,-1.389230833,-1.2816578
OC(=O)C1c2ccccc2Cc3ccccc13,c1ccccc1,288.15,-1.873628627,-1.1910744
CCCCCCC/C=C/C(N)=O,c1ccccc1,293.15,-1.434809842,-0.9555323
CCCCCCCC=CC(N)=O,c1ccccc1,293.15,0.028641502,-0.9555323
Cc1ccc(NC(=Nc2ccc(C)cc2)n3c(Nc4ccc(C)cc4)nc5cc(C)ccc35)cc1,c1ccccc1,288.15,-1.719870244,-1.779033
O[C@H]([C@@H](O)c1ccccc1)c2ccccc2,c1ccccc1,298.15,-1.588474696,-1.1101904
Cc1ccc2C(=O)c3ccccc3c4c2c1c5c(C)ccc6C(=O)c7ccccc7c4c56,c1ccccc1,296.15,-1.694205445,-1.619519
OC(=O)c1ccccc1Cl,c1ccccc1,288.15,-1.240463268,-0.5411496
C1CN2CCN1CC2,c1ccccc1,298.15,0.600178204,-0.3645134
Oc1ccccc1[N+]([O-])=O,c1ccccc1,298.15,0.701736567,0.22658212
CC1(C)C2CCC1(C)C(=O)C2C(=O)c3ccccc3,c1ccccc1,290.15,-0.23843404,-0.29069036
ClC(c1ccccc1)(c2ccccc2)c3ccccc3,c1ccccc1,298.15,0.430728222,0.5141656
Nc1ccc2c(Cc3cc(Cl)ccc23)c1,c1ccccc1,291.15,-0.733732477,-1.2431135
[O-][N+](=O)c1cc(c(\C=C\c2ccccc2)c(c1)[N+]([O-])=O)[N+]([O-])=O,c1ccccc1,293.15,-0.79967407,-1.6057928
O=C1CCCCCCCCCCCN1,c1ccccc1,295.15,-0.916775407,-0.5708283
Cl[C@@H]1[C@@H](Cl)[C@H](Cl)[C@@H](Cl)[C@H](Cl)[C@H]1Cl,c1ccccc1,293.15,-1.242384483,-0.98335695
O=c5c1ccccc1c6c2ccccc2c7c(=O)c3ccccc3c8c4ccccc4c5c6c78,c1ccccc1,293.15,-3.840084003,-2.0189862
O=C1CCCCCCCCN1,c1ccccc1,295.15,-0.465092002,-0.4054392
BrC(SC#N)C(Br)SC#N,c1ccccc1,289.15,-1.085573957,-1.4075063
O=C1CCC(=O)N1,c1ccccc1,293.15,-2.167031491,-1.1798816
CCCCCC(C(O)=O)C(O)=O,c1ccccc1,298.15,-1.41487513,-1.2226672
NC(=O)C(O)c1ccc(Cl)cc1,c1ccccc1,295.15,-2.625148694,-2.329048
ClC(Cl)(Cl)SN1C(=O)[C@H]2CC=CC[C@H]2C1=O,c1ccccc1,299.15,-1.149599259,-1.347024
COc1ccc2C[C@@H]3[C@@H]4CC[C@H](OC(C)=O)[C@@H]5Oc1c2[C@]45CCN3C,c1ccccc1,293.15,-0.634717957,-1.5835277
CC1(C(=O)NC(=O)NC1=O)c2ccccc2,c1ccccc1,293.15,-3.183542592,-2.218131
OC(=O)CCCCCCCCCC(O)=O,c1ccccc1,298.15,-3.824304507,-1.7251816
OC(c1ccccc1)(c2ccccc2)c3ccccc3,c1ccccc1,298.15,-0.255544509,0.10778938
ClCc1c(Br)cc(Br)cc1Br,c1ccccc1,293.15,-0.569895461,-0.65416825
[O-][N+](=O)c1cccc(c1)C(=O)N=[N+]=[N-],c1ccccc1,293.15,-0.136980136,-1.5116241
Oc1cccc2cccnc12,c1ccccc1,292.15,0.185868316,-0.86985695
CC1=CC(=O)c2ccccc2C1=O,c1ccccc1,299.42999999999995,0.086426364,0.1159251
c1ccc2cc3ccccc3cc2c1,c1ccccc1,298.15,-1.038971067,-0.620829
COC1=CC(=O)C(=C2OC(=CC=C12)c3ccccc3)C,c1ccccc1,293.15,-1.685001954,-1.2931073
C(=CC=CC=Cc1ccccc1)C=CC=Cc2ccccc2,c1ccccc1,292.15,-3.357021106,-1.1425469
Oc1ccc(cc1)N=Nc2ccc(cc2)[N+]([O-])=O,c1ccccc1,303.15,-1.924984809,-1.5686915
CCC(C)(C)c1ccc(O)c(c1)N=Nc2ccc(cc2)C(C)=O,c1ccccc1,303.15,-0.476427265,-1.04755
Oc1ccc(cc1)N=Nc2cccc(Cl)c2,c1ccccc1,303.15,-0.618733559,-1.1946926
OC1(N(CCBr)C(=O)c2ccccc12)c3ccccc3,c1ccccc1,292.15,-1.624649091,-1.8257916
CCCCC(CC)CC(CC)(CC)C(=O)NO,c1ccccc1,299.15,0.0,-0.22182651
C[C@]12CCc3c(ccc4cc(O)ccc34)[C@@H]1CCC2=O,c1ccccc1,303.15,-2.368988937,-1.7027373
O=C1CCCc2c1[nH]c3ccccc23,c1ccccc1,293.15,-0.768892997,-1.1198785
c1ccc(cc1)C(c2ccccc2)(c3ccccc3)c4ccccc4,c1ccccc1,293.15,-1.602648604,-0.11759272
[O-][N+](=O)c1ccc(c2c1cccc2[N+]([O-])=O)[N+]([O-])=O,c1ccccc1,288.15,-1.515356338,-1.8727342
O[C@H]1C=Cc2ccccc2[C@@H]1O,c1ccccc1,296.15,-1.778654954,-0.6623905
OC1=C(CCCC2CCCCC2)C(=O)c3ccccc3C1=O,c1ccccc1,293.15,-0.655228685,-0.80185163
CCCC1(CCC)C(=O)NC(=O)NC1=O,c1ccccc1,293.15,-2.066774265,-1.3913629
[O-][N+](=O)c1cccc2ccccc12,c1ccccc1,298.15,-0.324273039,-0.14761984
COc1cc2N3[C@H]4[C@@H]5[C@H](CC3=O)OCC=C6CN7CC[C@]4([C@@H]7C[C@H]56)c2cc1OC,c1ccccc1,298.15,-1.374156545,-2.1420984
Cl[C@H]1[C@H](Cl)[C@@H](Cl)c2ccccc2[C@@H]1Cl,c1ccccc1,293.15,-0.282011262,-0.5499157
OC(=O)c1occc1,c1ccccc1,297.98999999999995,-0.97019916,-0.89149076
Brc1ccc(Br)cc1,c1ccccc1,298.15,0.494044405,-0.3163468
Nc1ccc(cc1)[N+]([O-])=O,c1ccccc1,298.15,-1.415999566,-1.2699196
CC[C@]1(NC(=O)NC1=O)c2ccccc2,c1ccccc1,297.15,-3.009085289,-1.6336111
Oc1ccc(cc1[N+]([O-])=O)[N+]([O-])=O,c1ccccc1,288.15,-0.51638858,-0.77780783
Oc1ccc(cc1)N=Nc2ccccc2Cl,c1ccccc1,303.15,-0.24525747,-1.0990996
CCC1CCCCC1OC(=O)c2ccccc2C(=O)O,c1ccccc1,290.15,-0.156504393,-0.9285877
COc1ccccc1C(/C)=C\C(O)=O,c1ccccc1,294.15,-0.427467058,-1.3139203
C[C@@H](C(O)=O)c1cccc2ccccc12,c1ccccc1,298.15,0.331421669,-0.32276604
CCCCCCC(CCC)(CCC)C(=O)NO,c1ccccc1,299.15,-0.610830638,-0.20110732
C[C@]12CC[C@H]3[C@@H](CCc4cc(O)ccc34)[C@@H]1CC[C@@H]2O,c1ccccc1,303.15,-2.760288511,-1.476491
CCCC(C(O)=O)C(O)=O,c1ccccc1,298.15,-2.506270568,-0.67232704
CCCCCCCCCCCC(C(O)=O)C(O)=O,c1ccccc1,298.15,-3.326703008,-0.84662724
CCCCCCCC=NNC(N)=O,c1ccccc1,293.15,-0.23841898,-1.8042041
CCC1(C(=O)NC(=O)NC1=O)C2=CCCCC2,c1ccccc1,293.15,-1.955109128,-1.8812313
ClCCN(CCCl)c1ccc2ccccc2c1,c1ccccc1,288.15,0.474653884,-0.11138561
Cc1ccc(cc1)C(/C)=C/C(O)=O,c1ccccc1,293.15,-0.88856542,-0.93916464
[O-][N+](=O)c1cc(c(C(=O)N=[N+]=[N-])c(c1)[N+]([O-])=O)[N+]([O-])=O,c1ccccc1,293.15,-1.507943623,-1.2148163
Cc1cc(ccc1O)N=Nc2ccccc2,c1ccccc1,303.15,-0.497967732,-1.1467478
Cc1c(C)c(C)c(C)c(C)c1C,c1ccccc1,293.15,-0.387229525,0.078721404
OC(=O)/C=C/c1occc1,c1ccccc1,292.15,-1.083361151,-0.89848113
c1ccc2c(c1)cc(C(=O)O)c(=O)o2,CCO,293.15,-2.823897322,-1.0830319
c1cc(cc(c1)[N+](=O)[O-])C(=O)O,CCO,298.15,0.408412743,-0.34184462
CCC(C)C(C(=O)O)N,CCO,298.15,-2.493568977,-1.9339797
c1cc(ccc1N)S(=O)(=O)NC(CO)(CO)CO,CCO,293.15,-1.482794438,-1.6080031
c1ccc(cc1)C(=O)OCOC(=O)c1ccccc1,CCO,297.15,-1.113495321,-1.1042633
c1ccc(cc1)COc1ccc(cc1)c1cc(COC(=O)N)on1,CCO,293.15,-2.334903897,-1.7560906
Cc1ccc(cc1)OC(=O)NC(=O)N,CCO,291.15,-1.84106883,-0.8581587
CC(C)C1CCC(C)C(C1)OC(=O)NC(=O)N,CCO,290.15,-2.026450829,-0.8220049
CCC(=O)O[C@H]1CC[C@@]2(C)C(=CC[C@H]3[C@@H]4CC[C@H]([C@H](C)CCCC(C)C)[C@@]4(C)CC[C@H]23)C1,CCO,293.15,-2.044075036,-1.1895881
c1(c(c(c(c(c1Cl)Cl)Cl)Cl)Cl)Cl,CCO,298.15,-3.627094614,-1.5299108
CC1=C(CCC1(C)C)C(=O)O,CCO,288.15,0.134109574,0.09204562
c1cc2cccc3CCc(c1)c23,CCO,298.15,-1.971432302,-0.28674942
C(CCCCC(=O)O)CCCC(=O)O,CCO,298.14,-0.482479538,-0.927375
c1cc(cnc1)C(=O)N,CCO,298.14,-0.096910013,-0.16515788
Cc1cc(C)c(c(c1[N+](=O)[O-])[N+](=O)[O-])[N+](=O)[O-],CCO,293.15,-1.301321832,-0.88691825
C=C(C)C1C/C(=N/Nc2ccccc2)/C(=C(C1)/N=N/c1ccccc1)C,CCO,291.15,-1.510299339,-1.3811553
C1CCC2C(C1)C1CC2NC2CCCC(NC3CC(C4CCCCC34)NC3CCCC(N1)N3)N2,CCO,298.04999999999995,-2.505874587,-2.4144099
C1CCC(C(C1)Cl)SC1CCCCC1Cl,CCO,298.15,-0.730356187,-0.086579844
CC(C(C(=O)O)O)(C(=O)O)O,CCO,298.15,-1.199537073,-0.8132937
c1ccnc(c1)NS(=O)(=O)c1ccc(cc1)N,CCO,294.15,-2.020133127,-0.9638886
CCCCCCCCCC(=O)N(c1ccc(cc1)N(C)C)C(=O)Nc1ccc(cc1)N(C)C,CCO,293.15,-3.214442783,-1.3673737
C(C(=O)O)n1cnnn1,CCO,298.21,0.183613807,0.03585419
c1ccc(cc1)CSSCc1ccccc1,CCO,299.53999999999996,-1.487020034,-1.6672086
c1ccc(cc1)[C@@H]1OC[C@@H](CO1)OC(=O)c1ccc(cc1)Br,CCO,299.15,-1.861185401,-1.202408
c1ccc(cc1)Nc1ccc(cc1)/N=N/c1ccc(c2ccccc12)N(=O)=O,CCO,298.15,-2.614399475,-2.2875638
CC(=O)Nc1ccc(cc1Cl)Cl,CCO,293.15,-0.790293243,-0.8312729
CC[C@H](/C=C/[C@@H](C)[C@H]1CC[C@H]2[C@@H]3CC=C4C[C@H](CC[C@]4(C)[C@H]3CC[C@]12C)O)C(C)C,CCO,298.15,-0.78418759,-1.3609798
C(c1c[nH]cn1)[C@@H](C(=O)O)N,CCO,298.04999999999995,-3.186447201,-2.27905
c1cc(cc(c1)[N+](=O)[O-])NC(=S)N,CCO,293.15,-0.692884357,-0.91153324
CCCCCCCCCOC(=O)NC(=O)N,CCO,290.15,-2.283125892,-0.58579856
CC(C)CC(C)(C)OC(=O)NC(=O)N,CCO,287.15,-1.342109292,-0.48173806
Cc1ccc(cc1)N/C(=N/c1ccc(C)cc1)/n1c2ccc(C)cc2nc1Nc1ccc(C)cc1,CCO,289.15,-2.986980997,-1.9548593
c1ccc(cc1)c1ccc(c(c1)O)[N+](=O)[O-],CCO,298.15,-1.218915059,-0.4512567
COc1cc(ccc1O)c1cc(c2ccc(cc2)Cl)[nH]c(=O)c1C#N,CCO,298.14,-1.903076474,-1.5633829
CC(=C1CC(=O)C(C)C(=O)C1)C,CCO,291.15,-0.402622421,-0.101343036
COc1cc(Cc2cnc(N)nc2N)cc(c1OC)OC,CCO,297.94,-1.933439276,-1.8460405
CC(C)(C)c1ccc(cc1)C(=O)NN(C)C,CCO,298.15,0.113018158,-0.45343584
CCOC(=O)CSC1=N/C(=C\c2ccccc2)/C(=O)N1c1ccccc1,CCO,293.15,-2.075890678,-1.3400898
C#CCSC[C@@H](C(=O)O)N,CCO,298.15,-2.840239779,-2.1222055
CC1(C)C2CCC1(C)C(=NO)C2=NO,CCO,293.15,0.707192548,-0.70331484
c1ccc(cc1)C(=C(c1ccccc1)c1ccccc1)c1ccccc1,CCO,293.15,-2.618629819,-2.1846652
CN(C)c1ccc(cc1)C(=N)c1ccc(cc1)N(C)C,CCO,293.15,-0.582021133,-0.19723214
c1cn([C@@H]2CS[C@H](CO)O2)c(=O)nc1N,CCO,298.15,-1.303423437,-1.7120105
C[C@@H](Cc1ccccc1)N(O)N(O)[C@H](C)Cc2ccccc2,CCO,298.15,0.380203964,-1.1064396
C[C@]12CCC=CC1=CC[C@@H]1[C@@H]2CC[C@]2(C)[C@H](CC[C@]12O)c1ccc(=O)oc1,CCO,293.15,-2.910861465,-1.721381
CCCCCC(=O)N(c1ccc(cc1)N(C)C)C(=O)Nc1ccc(cc1)N(C)C,CCO,293.15,-2.701037233,-1.0998558
C(CC(=O)O)C(=O)O,CCO,293.15,-0.170645968,-0.4065271
c1ccc2c(c1)c1NC3=CC=CC(=Nc4c5ccccc5c([nH]4)N=c4c5ccccc5c(=Nc2[nH]1)[nH]4)C3,CCO,298.15,-0.420217749,-3.4453883
CC(=O)Oc1ccc(cc1C(=O)O)n1nc2ccccc2n1,CCO,298.15,-2.05739504,-1.8924551
CC(CO)[C@H](C(=O)N[C@@H]1C2CC[C@@](C)([C@@H]1O)C2(C)C)O,CCO,293.15,-0.362324399,-0.9671141
C(C(=O)O)C(CC(=O)O)(C(=O)O)O,CCO,298.15,0.390786338,0.45149273
C(CCCCCNCCCCCCCN)CCCCC(=O)O,CCO,293.15,-1.383693868,-1.915421
CCn1cc(c(=O)c2cc3c(cc12)OCO3)C(=O)O,CCO,298.15,-1.850758304,-3.403382
c1cc(ccc1[C@H](C(=O)O)N)O,CCO,298.37,-3.793469596,-2.154116
c1ccc(c(c1)C(=O)O)Nc1cccc(c1)C(F)(F)F,CCO,288.15,-0.098819806,-0.8293276
CC(C)c1cc(c(C)c(c1)N)N,CCO,298.15,-1.443202012,-0.12864412
CCCCC(C(=O)[O-])[NH3+],CCO,298.15,-2.984312165,-1.2742068
CCC(=Cc1ccco1)C=NNC(=O)N,CCO,295.15,-1.586482533,-1.7741717
C=CC(CC)OC(=O)NC(=O)N,CCO,291.15,-1.015884705,-1.0376375
C(CS(=O)(=O)CCCl)Cl,CCO,293.15,-0.429952338,-0.35457367
CC(=C(c1ccccc1)O)C(=O)c1ccccc1,CCO,293.15,-1.289524726,-0.34763762
CC(C)[C@@H](C)/C=C/[C@@H](C)[C@H]1CC[C@H]2/C(=C/C=C\3/C[C@H](CCC3=C)O)/CCC[C@]12C,CCO,299.15,-0.151257092,-0.3020901
c1ccc(cc1)C(c1ccccc1)(C(c1ccccc1)(c1ccccc1)O)O,CCO,298.15,-2.484844146,-0.6556523
CCn1cc(c(=O)c2ccc(C)nc12)C(=O)O,CCO,298.15,-2.450014266,-2.1360855
CCOC(=O)C(c1ccccc1)SC1=NC(=Cc2ccccc2)C(=O)N1c1ccccc1,CCO,293.15,-2.24801056,-1.1953703
C1CC1n1cc(c(=O)c2cc(c(cc12)N1CCNCC1)F)C(=O)O,CCO,298.14,-3.757007927,-2.3695793
CC(C)CCC1(CCO)C(=O)NC(=S)NC1=O,CCO,298.15,-0.277383831,-1.0349095
CCOC(=O)NC(C)(C(=O)O)NC(=O)OCC,CCO,293.15,0.626228979,-0.57589126
c1ccc2c(c1)c1CCCC(=O)c1[nH]2,CCO,293.15,-0.990246259,-1.0580878
CC1(C)C2CC[C@@]1(C)C(=O)/C/2=C(/c1ccccc1)\O,CCO,290.15,-0.983952847,-0.37105304
c1ccc2c(c1)c1=NC3=CC=CC(=Nc4c5ccccc5c(N=C5C=CC=C(C5)N=c2[nH]1)[nH]4)C3,CCO,298.15,0.160128574,-3.6543603
c1cc(ccc1C=CC(=O)CC(=O)C=Cc1ccc(cc1)O)O,CCO,293.15,-0.764745547,-2.342299
CCCCCCCCCCCCCCCc1cccc(c1)O,CCO,297.53999999999996,0.591476024,0.2710029
c1cc(c(c(c1)Cl)Cl)c1c(N)nc(N)nn1,CCO,298.19,-1.848997955,-1.9973234
CCCCCCCCCCCCCCCC(=O)OCC(CO)O,CCO,298.15,-0.907458668,-0.767926
COc1cc(/C=C/CO)cc(c1O[C@H]1[C@@H]([C@H]([C@@H]([C@@H](CO)O1)O)O)O)OC,CCO,293.15,-2.071674923,-0.90374935
c1cc(I)oc1C=O,CCO,293.15,-0.869196505,-0.060625225
c1ccc(cc1)N=Nc1ccc(cc1)N(c1ccccc1)c1ccccc1,CCO,298.15,-0.714448841,-1.737468
c1cc(ccc1Cl)NC(=S)NNC(=O)c1ccncc1,CCO,298.14,-3.955554542,-2.1167011
CCCCCCCCCCCCCCCC(=O)OC(=O)CCCCCCCCCCCCCCC,CCO,293.15,-2.439194048,-2.2335334
CC(C)CC(C)OC(=O)NC(=O)N,CCO,289.65,-1.815289433,-0.7670022
CCCCCCCCCCCCCCCCCC(=O)OCCO,CCO,298.15,-0.999204807,-1.0647722
CCCCCCCC[C@@H]([C@H](CCCCCCCCCCCC(=O)O)O)N(=O)=O,CCO,291.15,-0.049896619,-1.6417503
CC(C)OC(=O)NC(=O)N,CCO,289.15,-1.253629325,-0.7172915
CC(C)CC(C(=O)O)N,CCO,298.15,-2.977971986,-1.4723722
CCCCCCCCCCCCOC(=O)c1cc(c(c(c1)O)O)O,CCO,293.15,0.169483185,0.38839966
COc1cc2c(cc1OC)N1C(=O)C[C@H]3[C@@H]4[C@H]5C[C@H]6[C@]2(CCN6CC5=CCO3)[C@@H]14,CCO,298.15,0.227894327,-2.4195263
C=CCc1ccc(c(c1)OC)OCCSCCOc1ccc(CC=C)cc1OC,CCO,291.15,-2.617593681,-1.0113062
C=CCNC(=S)NNc1ccc(cc1)[N+](=O)[O-],CCO,298.15,-0.886966081,-1.6221583
c1cc(c(cc1[N+](=O)[O-])C(=O)O)N,CCO,291.15,-1.114267759,-1.2227951
CCCCC(=O)O[C@H]1CC[C@@]2(C)C(=CC[C@H]3[C@@H]4CC[C@H]([C@H](C)CCCC(C)C)[C@@]4(C)CC[C@H]23)C1,CCO,293.15,-2.070758013,-1.3053277
CC(C)C1=CC[C@H]2C(=C1)CC[C@@H]1[C@]2(C)CCC[C@@]1(C)C(=O)O,CCO,293.15,-1.70251239,-0.9228144
c1ccc(cc1)N(c1ccccc1)c1ccc(cc1)/N=N/c1ccc(cc1)N(=O)=O,CCO,298.15,-2.221129619,-2.619731
CC(C)(C)S(=O)(=O)C(C)(C)C,CCO,293.15,-0.044315724,0.23636986
C1[C@H]([C@@H]([C@H](C(O)O1)O)O)O,CCO,298.15,-1.245804519,-1.2713804
CCCCCCCCCCCCCCCC(=O)NN,CCO,292.15,-2.475452859,-1.1720272
C([C@@H]1[C@H]([C@@H]([C@H]([C@@H](O1)O[N+](=O)[O-])O[N+](=O)[O-])O[N+](=O)[O-])O[N+](=O)[O-])O[N+](=O)[O-],CCO,293.15,-1.102460505,-0.70493394
C(=C\C(=O)O)/C=C/C(=O)O,CCO,298.15,-2.000113088,-1.1006424
c1cc(c(cc1[N+](=O)[O-])[N+](=O)[O-])Oc1c(cc(cc1[N+](=O)[O-])[N+](=O)[O-])[N+](=O)[O-],CCO,296.15,-1.928721723,-1.8136528
CCCCCCCCCCCCCCCCC1C(=O)N=C(N)S1,CCO,298.15,-3.68711345,-1.0046554
c1ccc(c(c1)C(=O)NO)/N=C/c1ccccn1,CCO,293.15,-1.537367482,-1.1481903
CCOC(=O)c1ccc(cc1C)NC(=O)C,CCO,293.15,-0.493410444,-0.45311663
CC(C)(CO)[C@H](C(=O)NCCC(=O)NCCSC(=O)c1ccccc1)O,CCO,293.15,-0.468666514,-1.8573614
CC(C)CCCOC(=O)NC(=O)N,CCO,287.15,-1.601661013,-0.90983135
CCC(=O)NCCNC(=O)CC,CCO,298.15,-0.09622215,-0.85790956
c1ccc(c(c1)Cl)Nc1ccc(cc1N)Cl,CCO,293.15,-1.801285343,-0.29921123
Cc1cc(c(C)c(c1C(=O)OC)O)O,CCO,293.14,0.205744016,0.11667575
Cc1cc(=O)n(c2ccccc2)n1C,CCO,295.15,0.492373776,-0.4606665
c1cnccc1C(=O)N,CCO,298.15,-0.241710093,-1.332762
COC(=O)c1ccccc1O[C@H]1[C@@H]([C@H]([C@@H]([C@@H](CO[C@H]2[C@@H]([C@H]([C@@H](CO2)O)O)O)O1)O)O)O,CCO,292.15,-2.157324451,-1.5952399
C1N2CN3CN1CN(C2)C3,CCO,293.15,-0.788570894,-0.9395975
CC(=O)N(c1ccc(cc1)N(C)C)C(=O)Nc1ccc(cc1)N(C)C,CCO,293.15,-2.593386658,-1.4977331
C1COC(=O)CO1,CCO,288.34999999999997,0.845689016,0.046717763
C1(C(Cl)(Cl)Cl)OC(C(Cl)(Cl)Cl)OC(C(Cl)(Cl)Cl)O1,CCO,298.15,-1.955388283,-0.8532644
c1ccc(cc1)C(=O)/C=C/c1ccc(cc1)[N+](=O)[O-],CCO,299.15,-2.312598381,-1.2119386
c1cc(Br)oc1C=O,CCO,293.15,-0.544023372,0.07281034
c1cc(ccc1S(=O)(=O)N)S(=O)(=O)N,CCO,298.15,-1.771354104,-2.055849
CC(C)(C)C(=O)OCOP(=O)(COCCn1cnc2c(N)ncnc12)OCOC(=O)C(C)(C)C,CCO,298.14,-0.233704444,-0.25257683
C1CCC2C(C1)C1CC2NC2CCCC(NC3CC(C4CCCCC34)NC3CCCC(C3)N1)N2,CCO,293.15,-2.756964929,-2.139909
CCCCCC1(CCO)C(=O)NC(=S)NC1=O,CCO,298.15,-0.128941292,-0.9379565
CCCCCCCCCCCCCC(=O)NO,CCO,299.15,-1.0,-0.19813274
Cc1cc(cc(c1OCC(=O)Nc1ccccc1)Cl)Cl,CCO,298.15,-0.973099852,-0.40233997
Cc1ccc(cc1)S(=O)(=O)NNC(=O)C(c1ccccc1)(c1ccccc1)O,CCO,294.15,-1.457699002,-1.6875981
Cn1cnc2c1c(=O)[nH]c(=O)n2C,CCO,294.15,-2.602460323,-3.1541967
c1ccc2c(c1)ccc1ccccc21,CCO,298.15,-1.9531226,-1.5461154
CCCCCCCCCCCCC(=O)N(c1ccc(cc1)N(C)C)C(=O)Nc1ccc(cc1)N(C)C,CCO,291.15,-3.279386998,-1.6415547
c1ccc(cc1)N(c1ccccc1)c1ccc(cc1)/N=N/c1ccc(cc1N(=O)=O)N(=O)=O,CCO,298.15,-3.22184875,-2.8594027
C1C/C(=N\O)/C(=N/NC(=S)N)/C(=N/O)/C1,CCO,298.15,-2.065867745,-2.1629019
c1cnccc1C(=O)N/N=C/[C@H]([C@@H]1[C@@H]([C@@H](C(=O)O1)O)O)O,CCO,294.15,-2.0552195,-2.3243015
Cc1ccc(cc1)[N+](=O)[O-],CCO,288.15,-0.140235068,-0.20848386
c1ccc(cc1)c1ccccc1,CCO,298.15,-0.227885089,-0.09512484
Cc1ccc2c(c1)nc(Nc1ccccc1)[nH]2,CCO,288.15,-0.438764661,-1.511338
