solute_smiles,solvent_smiles,temperature,y_true,y_pred
CN(C)C1=CC=C(C=C1)N=C=NC1=CC=C(C=C1)N(C)C,CC(=O)C,294.15,-0.40057818700000003,2.095981522712533
OC1=C(CC2=C(O)C(Cl)=CC(Cl)=C2Cl)C(Cl)=C(Cl)C=C1Cl,CC(=O)C,293.15,0.394826213,2.8127266943943687
[H]C1(O[C@H](CO)[C@@H](O)[C@H](O)[C@H]1O)C1([H])C2=C(C(O)=CC=C2)C(=O)C2=C1C=C(CO)C=C2O,CC(=O)C,291.15,-1.221572041,-0.020375564294446757
OC(=O)C1=CC=CC(=C1)N(=O)=O,CC(=O)C,293.15,0.444041636,-0.21138922170095115
[H][C@@](C)(CCCC(C)C)[C@@]1([H])CC[C@@]2([H])[C@]3([H])CC=C4C[C@H](CC[C@]4(C)[C@@]3([H])CC[C@]12C)OP([H])(O)=O,CC(=O)C,293.15,-2.8277568630000003,4.376328736207379
NC(=O)C1=CC(=CC=C1)S(N)(=O)=O,CC(=O)C,298.15,-0.921291877,-1.3197129858780046
NC1=CC=C(C=C1)C(O)=O,CC(=O)C,297.15,0.33749544200000003,0.18783320989043162
CC1=NC2=CC=CC(N3CCN(CCC4=CC(=CC=C4)N4CCNC4=O)CC3)=C2C=C1,CC(=O)C,293.15,-2.0165507540000003,-0.8781336204855548
CC1=CC(C)=NC(NS(=O)(=O)C2=CC=C(N)C=C2)=N1,CC(=O)C,298.14,-3.6059071439999997,0.12379177841369628
ClC1=C(Cl)C(Cl)=C(Cl)C2=C1C(=O)OC2=O,CC(=O)C,298.15,-1.069979767,0.5136941158028491
O=N(=O)C1=CC=CC2=CC=CC(=C12)N(=O)=O,CC(=O)C,289.15,-0.598639258,-0.5126709697786864
[H][C@@](C)(CC\C=C(/C)C)[C@@]1([H])CC[C@@]2([H])[C@]3([H])CC=C4C[C@@H](O)CC[C@]4(C)[C@@]3([H])CC[C@]12C,CC(=O)C,300.69,-0.826522497,2.900646931870893
C[C@H]1CC[C@@H](CC1)N1C2=NC(NC3=NC4=C(CN(CC4)C(=O)CO)C=C3)=NC=C2C2=C1C=NC=C2,CC(=O)C,293.15,-2.673538801,0.6557807312309261
OCC1=CC(=O)C(O)=CO1,CC(=O)C,296.15,-2.84400061,-0.6428434909716882
O=N(=O)C1=CC2=C(C(=CC=C2)N(=O)=O)C(=C1)N(=O)=O,CC(=O)C,288.15,-1.021978059,-0.0044658074873860365
OP(=O)(C1=CC=CC=C1)C1=CC=CC=C1,CC(=O)C,298.17,-2.036797563,-0.9661173730806053
CCN1CCCC1CNC(=O)C1=C(OC)C=CC(=C1)S(N)(=O)=O,CC(=O)C,298.2399999999999,-1.547708045,-0.374037062550422
CCC(=O)N(C(=O)NC1=CC=C(C=C1)N(C)C)C1=CC=C(C=C1)N(C)C,CC(=O)C,293.15,-2.292959938,0.2866130543307064
CC1=CC=C(C(O)=O)C(C)=C1,CC(=O)C,293.15,-0.08599624199999999,-0.24494652091351823
CC1=CC=CC=C1NC(N)=O,CC(=O)C,296.15,-1.55336281,-0.3292128434543478
C[C@H]1CC[C@H](CC1)C(N)=O,CC(=O)C,291.15,-0.902822505,-0.9325082629137303
ClC1=CC=CC2=C1C(=O)C1=CC=CC=C1C2=O,CC(=O)C,298.14,-1.143884926,-1.0269421319470295
CO[C@H]1O[C@@H]([C@H](O)[C@H](O)[C@H]1O)C(O)=O,CC(=O)C,293.15,-1.540262719,-2.0464863637458155
[H][C@]12CCC(=C)[C@@H](C\C=C3/C(O)COC3=O)[C@]1(C)CC[C@@H](O)[C@@]2(C)CO,CC(=O)C,298.19,-1.8860571240000001,0.00790384272952326
[H][C@@]12OC3=C(O)C=CC4=C3[C@@]11CCN(C)[C@H](C4)[C@]1([H])C=C[C@@H]2O,CC(=O)C,288.15,-2.348157253,-1.38497802990311
CC(C)COC1=C(C=C(C=C1)C1=NC(C)=C(S1)C(O)=O)C#N,CC(=O)C,298.14,-0.9984111940000001,1.3552388736305483
NC(=O)OCC1=CC(=NO1)C1=CC=C(OCC2=CC=CC=C2)C=C1,CC(=O)C,293.15,-1.116543475,0.14362602267392813
CC(=O)OC1=CC=CC=C1C(O)=O,CC(=O)C,297.89,0.075176197,0.5126614630791289
CC(=O)NC[C@H]1CN(C(=O)O1)C1=CC=C(C(F)=C1)C1=CC=C(CNCC2=CN=NN2)C=C1,CC(=O)C,293.15,-2.64193097,-0.14703218784236155
ClC1=CC2=C(C=C1)C(=O)OC2=O,CC(=O)C,298.14,0.588575421,0.7102157917962378
CCCCCCCCOC(=O)C1=C(C)OC2=CC3=C(OC(C)=C3C(=O)OCCCCCCCC)C=C12,CC(=O)C,293.15,-2.045757491,4.0976467640182195
ON=C1C(=O)C=CC2=C1C=CC=C2,CC(=O)C,299.15,-0.24412721199999998,0.1326664481314401
[H][C@@](CC1=CC=CC=C1)(NC(C)=O)C(O)=O,CC(=O)C,298.15,-0.69945019,-0.03500499293743429
[H][C@@](C)(CCCC(C)C)[C@@]1([H])CC[C@@]2([H])[C@]3([H])CC=C4C[C@H](CC[C@]4(C)[C@@]3([H])CC[C@]12C)OC(=O)CC,CC(=O)C,293.15,-1.284407192,3.9251272247270883
CCOC(=O)C1=C(C)OC2=CC3=C(OC(C)=C3C(=O)OCC)C=C12,CC(=O)C,293.15,-2.267606191,-0.7155435344429807
[H][C@@]1(OC(=O)C(O)=C1O)[C@@H](O)CO,CC(=O)C,297.9899999999999,-2.3641564969999997,-1.4254385683994324
[H][C@@](C)(CCCC(C)C)[C@@]1([H])CC[C@@]2([H])[C@]3([H])CC=C4C[C@H](CC[C@]4(C)[C@@]3([H])CC[C@]12C)OC(=O)CCC,CC(=O)C,293.15,-1.297953573,4.269480352836023
[H][C@](OC(=O)C1=CC=C(C)C=C1)(C(O)=O)[C@@]([H])(OC(=O)C1=CC=C(C)C=C1)C(O)=O,CC(=O)C,295.15,0.006849752,1.1282013397018824
COC1=CC2=C(C=C1)C=C(C=C2)[C@H](C)C(O)=O,CC(=O)C,298.44,-1.42044563,0.5383444619075781
NC(CC1=CC=CC=C1)C(O)=O,CC(=O)C,298.15,-2.733689172,-0.5234231815089407
CCOC1=CC=C(NC(C)=O)C=C1,CC(=O)C,303.15,-0.32994314,-0.17922006648557665
C[C@H]1OC=C2C(O)=C(C(O)=O)C(=O)C(C)=C2[C@@H]1C,CC(=O)C,298.15,-0.704648873,0.6062314976899259
NC1=CC=C(CC(O)=O)C=C1,CC(=O)C,298.15,-1.316098643,-0.09276453932021606
CC(=O)C1C(=O)C=C2OC3=C(C(C)=O)C(O)=C(C)C(O)=C3[C@]2(C)C1=O,CC(=O)C,298.14,-1.995985874,1.3751198932538897
NC1=CC=CN=C1,CC(=O)C,298.14,0.8610719929999999,0.9592133829006153
O=C1NS(=O)(=O)C2=C1C=CC=C2,CC(=O)C,298.15,-0.188065238,0.3792070721266103
ClC1=CC=C(C=C1)N(=O)=O,CC(=O)C,290.15,0.802944895,-0.05268074483025964
CN(C(=O)C(=O)N(C)N(=O)=O)N(=O)=O,CC(=O)C,293.15,0.072121752,1.370086378472216
CC1=CC=C(NC(N)=O)C=C1,CC(=O)C,296.15,-0.751730463,-0.8123027417264099
CS(=O)(=O)C1=CC=C(F)C=C1,CC(=O)C,298.29,0.581404403,0.3440276180085012
N\C(C#N)=C(/N)C#N,CC(=O)C,298.15,0.142253513,-1.242403090504712
[H][C@@](O)(CO)[C@@]([H])(O)[C@]([H])(O)[C@@]([H])(O)CS,CC(=O)C,293.15,-3.2971912889999997,-2.298138159508375
ClC1=NC(OC2=CC=C(C=C2)N=NC2=CC=CC=C2)=NC(Cl)=N1,CC(=O)C,298.15,-1.016460387,1.7274357317825135
OC1=CC=CC=C1C(=O)NC1=NC=C(S1)N(=O)=O,CC(=O)C,298.15,-2.8438701589999997,0.5806279801970528
NC(=O)N1C2=C(C=CC=C2)C=CC2=C1C=CC=C2,CC(=O)C,298.15,-1.170336471,-1.028230747462312
OC(=O)C1=CC=C(O)C=C1,CC(=O)C,296.15,0.215759855,-0.2795998528787495
COC1=C(C=C(C=C1N(=O)=O)N(=O)=O)N(=O)=O,CC(=O)C,288.15,0.796849864,0.7569898274683032
[H][C@@](CC(C)=O)(C1C(=O)OC2=CC=CC=C2C1=O)C1=CC=CC=C1,CC(=O)C,298.15,-0.43980339399999996,1.137892539656219
O=C1C=CC(=O)C2=C1C=CC=C2,CC(=O)C,298.2399999999999,-0.267898415,-0.37033920174493495
[H]C(C)(Cl)C(=O)NC1=CC=C(C)C=C1,CC(=O)C,300.03,0.153245609,0.5031868178887955
[H][C@]12[C@@H](CC[C@]1(CO)CC[C@]1(C)[C@]2([H])CC[C@]2([H])[C@@]3(C)CC[C@H](O)C(C)(C)[C@]3([H])CC[C@@]12C)C(C)=C,CC(=O)C,298.19,-1.692333915,3.9125357097118854
[H][C@@]12CC[C@H](OC(=O)CCCC)[C@@]1(C)CC[C@]1([H])C3=C(CC[C@@]21[H])C=C(OC(=O)C1=CC=CC=C1)C=C3,CC(=O)C,293.15,0.035633813,2.4171685113701797
CC(N(CCC(O)=O)C(=O)C1=CC=CC=C1)C(O)=O,CC(=O)C,293.15,-1.097448168,0.09487885940524188
NC(=O)\N=N\C1=CC=CC(=C1)C(N)=O,CC(=O)C,288.15,-1.4857417659999999,-2.1907568430274837
CC(=O)NC1=CC=CC=C1,CC(=O)C,298.15,0.359498417,0.2706407920068083
NC(=O)CN1CCCC1=O,CC(=O)C,297.9899999999999,-1.3714109230000002,-1.5497357487858183
CCCCCCCCCC(=O)N(C(=O)NC1=CC=C(C=C1)N(C)C)C1=CC=C(C=C1)N(C)C,CC(=O)C,293.15,-2.283762019,1.001861835494524
ClC1=CC=C(C=C1)S(=O)(=O)C1=CC=C(Cl)C=C1,CC(=O)C,293.15,-0.485005165,-0.5831864756355992
NC1=C(NC2=CC=C(Cl)C=C2)C=C(Cl)C=C1,CC(=O)C,293.15,0.056047152999999995,1.160380808695265
OC(=O)CN1C=NN=N1,CC(=O)C,298.23,0.190635412,-0.46586654449594334
OC1=CC=C(O)C2=C1C(=O)C1=CC=CC=C1C2=O,CC(=O)C,298.15,-1.84227779,-1.3735386593697765
CC1=CC=CC(C)=C1C(O)=O,CC(=O)C,293.15,0.412228301,-0.1080845226551252
NC1=C(NC2=CC=C(Cl)C=C2)C=CC(Cl)=C1,CC(=O)C,293.15,0.116482659,0.9793202066062099
[H][C@](O)(CO)[C@@]([H])(O)[C@]([H])(O)CO,CC(=O)C,298.14,-2.489457297,-2.3035593440292685
S1C(SC(SC1C1=CC=CC=C1)C1=CC=CC=C1)C1=CC=CC=C1,CC(=O)C,298.15,-1.627896947,2.361666327467298
OC[C@H]1O[C@H]([C@H](O)[C@@H](O)[C@@H]1O)C1=C(O)C=CC2=C1OC=C(C2=O)C1=CC=C(O)C=C1,CC(=O)C,298.2,-1.552847631,-1.394736914102014
[H][C@@]12[C@@H](C)CC(=O)[C@]1([H])C(=CO[C@H]2O[C@@H]1O[C@H](CO)[C@@H](O)[C@H](O)[C@H]1O)C(=O)OC,CC(=O)C,291.15,-1.7353368619999998,-0.41826196922637776
NS(=O)(=O)C1=CC(=CC=C1)S(N)(=O)=O,CC(=O)C,298.15,-0.760630239,-0.33509259255579843
[H][C@@](C)(CCCC(C)C)[C@@]1([H])CC[C@@]2([H])[C@]3([H])CC=C4C[C@H](CC[C@]4(C)[C@@]3([H])CC[C@]12C)OC(=O)CC(C)C,CC(=O)C,293.15,-1.672818005,4.637161242221925
ClC1=CC=C2C(Cl)=CC=NC2=C1,CC(=O)C,299.19,-0.097865989,-0.034751525291031336
CCCSC1=CC=C2NC(NC(=O)OC)=NC2=C1,CC(=O)C,298.15,-2.504718085,0.065469639658287
CCCCCCCC(O)CC(=O)N(C(=O)NC1=CC=C(C=C1)N(C)C)C1=CC=C(C=C1)N(C)C,CC(=O)C,293.15,-1.163185841,1.1073862744783192
CC1=COC2=C1C(=O)C(=O)C1=C3CCCC(C)(C)C3=CC=C21,CC(=O)C,293.29,-1.916855674,-0.32854862527162954
CCCCCCCCC\C=C\C(=O)N(C(=O)NC1=CC=C(C=C1)N(C)C)C1=CC=C(C=C1)N(C)C,CC(=O)C,293.15,-0.9290493670000001,1.729594701699118
CON(C(=O)OC)C1=C(COC2=NN(C=C2)C2=CC=C(Cl)C=C2)C=CC=C1,CC(=O)C,293.15,0.110336443,1.6956274361662067
C1OC(OC1C1OC(OC1C1COC(O1)C1=CC=CC=C1)C1=CC=CC=C1)C1=CC=CC=C1,CC(=O)C,290.15,-2.1727002090000003,1.1098956384369514
OOC1(C2=CC=CC=C2)C2=CC=CC=C2C(OO)(C2=CC=CC=C2)C2=C1C=CC=C2,CC(=O)C,290.15,-2.054111614,3.5908378515267567
NC1=NC=CC=C1,CC(=O)C,298.14,0.8530806190000001,0.9422488576584757
CCN1C=C(C(O)=O)C(=O)C2=C1N=C(N1CCNCC1)C(F)=C2,CC(=O)C,298.15,-2.028466869,-0.4111851277737872
COC1=CC(CC2=C(N)N=C(N)N=C2)=CC(OC)=C1OC,CC(=O)C,297.95,-1.920111701,-1.4476406330020892
CC[C@H]1C2=C(CC[C@@]1(C)C(=O)O[C@@H]1C[C@H](C)CC[C@H]1C(C)C)C1=C(C=C2)C=C(OC)C=C1,CC(=O)C,293.15,-1.6230852059999998,2.2869634439209863
[H][C@](NC(C)=O)(C(C)C)C(O)=O,CC(=O)C,298.15,-0.46312158299999995,-0.3182744749890508
OC(=O)C1=CC=CC(O)=C1,CC(=O)C,296.15,0.274707345,0.417096773467306
OC(=O)C1=CC=CC=C1Cl,CC(=O)C,288.15,0.258612562,0.5149500130802691
C1CN2CCN1CC2,CC(=O)C,298.15,-0.041083069,-0.7083914472314046
CCCCCCCCCCCCCCCC(O)=O,CC(=O)C,297.2399999999999,-0.56827648,2.088894639448579
OC1=CC(O)=C2C(=O)C=C(OC2=C1)C1=CC(O)=C(O)C=C1,CC(=O)C,298.15,-1.6761818769999999,-0.4298202751363489
C\C=C\C(=O)N(C(=O)NC1=CC=C(C=C1)N(C)C)C1=CC=C(C=C1)N(C)C,CC(=O)C,293.15,-1.660560304,0.1286354540785018
CC1=CC=C2NC3=C(CCCC3=O)C2=C1,CC(=O)C,291.45,-0.9812871590000001,-0.4560617597476718
CC1(C)C2CCC1(C)C(=O)C2C(=O)C1=CC=CC=C1,CC(=O)C,290.15,-0.228397885,0.7056563140005667
O=C1O\C(=N\C2=C(C=CC=C2)N(=O)=O)C2=CC=CC=C12,CC(=O)C,293.15,-0.616930725,0.31897143292634733
CC(=O)OC1=CC=C(C=C1)C1=CC(=O)C2=C(OC(C)=O)C=C(OC(C)=O)C=C2O1,CC(=O)C,298.15,-1.899112145,-0.0425604968999037
CCCCCCCC\C=C\C(=O)N(C(=O)NC1=CC=C(C=C1)N(C)C)C1=CC=C(C=C1)N(C)C,CC(=O)C,293.15,-1.613894727,1.3458615963916938
[H][C@](N)(CSCC#C)C(O)=O,CC(=O)C,298.15,-3.088024262,-0.2690033256131279
OC1=C(C=CC=C1N(=O)=O)N(=O)=O,CC(=O)C,287.15,0.839847846,-0.013987098755544825
CCCCC(NC(C)=O)C(O)=O,CC(=O)C,298.15,0.13063788099999998,0.06602907149362727
NC1=NC(N)=NC(N)=N1,CC(=O)C,303.15,-2.619789332,-4.014703701726566
[H][C@](C)(CC)[C@@]([H])(NC(C)=O)C(O)=O,CC(=O)C,298.15,-0.467725965,-0.26267602201877444
OC(=O)C1=CC=CC(Cl)=C1C(=O)C1=CC=CC=C1,CC(=O)C,298.14,-1.420291159,0.9068693793211892
OC(=O)CNC(=O)C1=C(O)C=C(C=N1)C1=CC(Cl)=CC=C1,CC(=O)C,295.15,-0.48672085600000004,-0.2669226510703594
C1COCCOC2=C(OCCOCCOC3=C(OCCO1)C=CC=C3)C=CC=C2,CC(=O)C,298.15,-1.0525681690000002,1.3120315031209182
Cl[C@H]1[C@H](Cl)[C@@H](Cl)[C@H](Cl)[C@@H](Cl)[C@@H]1Cl,CC(=O)C,293.15,-0.671145442,0.12856639585466084
NC1=NC(=O)N(C=C1)[C@@H]1CS[C@H](CO)O1,CC(=O)C,298.15,-2.387200434,-2.392145564832609
N=C(C#N)C(=N)C#N,CC(=O)C,298.15,0.296557126,-1.2598150298806619
[H][C@@]12COC3=C(C=C(OC)C(OC)=C3)[C@]1([H])C(=O)C1=C(O2)C2=C(O[C@H](C2)C(C)=C)C=C1,CC(=O)C,293.15,-0.757114242,0.8653470367710178
CCC1=CC=C(C=C1)C(=O)C1=C(C=CC=C1)C(O)=O,CC(=O)C,299.82,-1.1369127159999999,0.5648298289441581
CC(C)(C)C1=CC(O)=C(C=C1O)C(C)(C)C,CC(=O)C,298.04,-0.065985952,0.8910149778338704
CCCCCC(=O)N(C(=O)NC1=CC=C(C=C1)N(C)C)C1=CC=C(C=C1)N(C)C,CC(=O)C,293.15,-1.7895958269999999,0.31267503443390876
CN1CCN(CC2=CC(C)=CC=C2)CC(C1)NC(=O)C1=NNC2=C1C=CC=C2,CC(=O)C,303.15,-1.00229436,1.600123301405978
OC(=O)CCC(O)=O,CC(=O)C,293.15,-0.48562214,-0.7965227015603997
OC(=O)C1=C(C(O)=O)C(=CC=C1)N(=O)=O,CC(=O)C,298.23,-0.08819764,-0.06261531114316406
ClCC1=CC=C(C=C1)N(=O)=O,CC(=O)C,303.15,0.763514653,-0.25685096477322256
OC(=O)CN(CCC#N)CCC#N,CC(=O)C,299.15,0.273335105,0.08804745348172509
C[C@H]1OC(=O)C(C1=O)C(C)(C)C1=C(CC(C)=O)[C@@H](C)OC1=O,CC(=O)C,293.15,-0.6351487020000001,1.5976839322221033
[H][C@](O)(C1=CC=NC2=C1C=CC=C2)[C@@]1([H])C[C@@H]2CC[N@]1C[C@@H]2C=C,CC(=O)C,298.15,-2.614625863,-0.6556875285758677
OC1=CC(=C(O)C=C1)P1(=O)OC2=C(C=CC=C2)C2=C1C=CC=C2,CC(=O)C,297.14,-1.6092350880000001,0.8377933338382716
O=C(N=N#N)C1=C(C=CC=C1)N(=O)=O,CC(=O)C,293.15,0.424178789,1.2134332284232316
NC(=O)C1=CC=CC2=NC3=CC=CC=C3N=C12,CC(=O)C,288.15,-2.277799425,-2.7308380977664766
COC(=O)CN1C(CC2=CC=CC=C2)C(=O)N(C1=O)C1=CC=CC=C1,CC(=O)C,293.15,-0.073451345,1.0553107005731939
OC(=O)CC(O)(CC(O)=O)C(O)=O,CC(=O)C,297.14,0.045776625999999994,-0.4573499325171496
CC(C)C1=CC2=C(SC3=CC=CC=C3C2=O)C=C1,CC(=O)C,299.14,0.231856107,-1.0760192595227756
CN(C)C(=S)SSC(=S)N(C)C,CC(=O)C,303.15,-0.49338761299999995,0.8953571093609637
CCCCCCCCCCCC(=O)N(C(=O)NC1=CC=C(C=C1)N(C)C)C1=CC=C(C=C1)N(C)C,CC(=O)C,293.15,-1.7456063590000002,1.7087881049716107
OC1=CC=C(C=C1)C1=CC(=O)C2=C(O)C=C(O)C=C2O1,CC(=O)C,298.15,-2.261489524,-0.1737299898111316
CC(N(CCC(O)=O)C(C)=O)C(O)=O,CC(=O)C,298.15,-0.759830847,-0.8730657445816733
O=C1OC(=O)C2=CC=CC=C12,CC(=O)C,298.14,0.24730126800000002,1.074986802909717
[H][C@@]12C[C@@]3([H])[C@]4([H])CCC5=CC(=O)CC[C@]5(C)[C@@]4([H])CC[C@]3(C)[C@@]1(O2)C(C)=O,CC(=O)C,298.95,-0.7319523640000001,-1.4789064533455618
N#CSCCSC#N,CC(=O)C,289.15,-0.04508515,0.4041845531143915
NC1=C(NC2=CC=CC=C2)C=CC(Cl)=C1,CC(=O)C,293.15,0.327631972,1.0972084544282175
CC(N(CCC#N)CCC#N)C(O)=O,CC(=O)C,299.15,0.49480330200000006,0.4471975908294387
CSC1=N[C@](C)(C(=O)N1NC1=CC=CC=C1)C1=CC=CC=C1,CC(=O)C,293.15,-0.09538836199999999,1.1162309923051177
[H][C@@]1(C[C@@H]2CC[N@]1C[C@@H]2C=C)[C@@H](O)C1=CC=NC2=CC=C(OC)C=C12,CC(=O)C,295.0,-1.232358035,-0.19908358515999164
CC(=O)OC[C@H]1O[C@@H](OC(C)=O)[C@H](OC(C)=O)[C@@H](OC(C)=O)[C@@H]1OC(C)=O,CC(=O)C,298.15,-0.022027947000000003,0.37343724987596283
NC1=C(NC2=CC(Cl)=CC=C2)C=CC(Cl)=C1,CC(=O)C,293.15,-0.136173606,1.640970151955677
CCCCCCCC(N)=O,CC(=O)C,303.15,-0.36906669999999997,-0.6899294843065945
OC1=C2C=CC=CC2=C(O)C(=C1)P1(=O)OC2=CC=CC=C2C2=CC=CC=C12,CC(=O)C,293.15,-1.900236048,0.6316745686254169
CN1C2C(N(C)C1=O)N(C)S(=O)(=O)N2C,CC(=O)C,292.15,-1.9066619809999998,-0.16542069145219893
O=C(N=N#N)C1=CC(=CC=C1)N(=O)=O,CC(=O)C,293.15,0.129779372,0.8852355503254803
[H][C@](C)(\C=C\[C@@]([H])(C)[C@@]1([H])CC[C@@]2([H])\C(CCC[C@]12C)=C\C=C1\C[C@@H](O)CCC1=C)C(C)C,CC(=O)C,299.15,-0.20047511399999998,1.9754551268708793
OC1=CC=C2C=CC=CC2=C1\N=N\C1=CC=CC=C1,CC(=O)C,298.0,-1.130189922,0.028590368736369776
NC(=O)C1=CC=C(C=C1)S(N)(=O)=O,CC(=O)C,298.15,-1.854345088,-1.5798925767610097
C1=CC2=CC3=CC=CC=C3C=C2C=C1,CC(=O)C,293.15,-1.337249478,-0.7401307050820539
OC(=O)C1=CN(C2CC2)C2=CC(N3CCNCC3)=C(F)C=C2C1=O,CC(=O)C,298.14,-3.76721595,-0.42701418169455113
CC(OCC(N)=O)C(N)=O,CC(=O)C,293.15,-1.155973924,-2.4174975322604086
NC(=O)C1=CC(O)=CC=C1,CC(=O)C,293.15,-0.537602221,-0.8762791577216016
CC(=O)OCC(COC(=O)C1=CC=C(C=C1)N(=O)=O)OC(=O)C1=CC=C(C=C1)N(=O)=O,CC(=O)C,294.15,-1.272611445,1.0463665949500416
C1C2=CC=CC=C2C2=C1C=CC=C2,CC(=O)C,297.9899999999999,-0.032223325,0.23581439360848258
O=C(OCC(COC(=O)C1=CC=C(C=C1)N(=O)=O)OC(=O)C1=CC=CC=C1)C1=CC=C(C=C1)N(=O)=O,CC(=O)C,294.15,-1.2310193790000001,1.9297055381709625
CO\C=C(\C(C)=O)C1=C(OC2=CC(OC3=C(C=CC=C3)C#N)=NC=N2)C=CC=C1,CC(=O)C,293.15,-0.65365556,0.9022146698790421
CN1CCN(CC1)C1=CC2=C(C=C1F)C(=O)C(=CN2C1=CC=C(F)C=C1)C(O)=O,CC(=O)C,298.14,-1.043231673,1.1130676578193512
CC1(C)[C@H](CC[C@@]1(C)C(O)=O)C(N)=O,CC(=O)C,291.15,-1.103498678,-1.0831370008336785
ClC1=CC=C(Cl)C=C1,CC(=O)C,293.15,0.588545704,0.7083470516942414
O=C1OC(NC2=CC(=CC=C2)N(=O)=O)(NC2=CC(=CC=C2)N(=O)=O)C2=CC=CC=C12,CC(=O)C,293.15,-0.51935619,1.2546761734695777
CCN1C=C(C(O)=O)C(=O)C2=CC(F)=C(C=C12)N1CCNCC1,CC(=O)C,298.15,-1.796677705,-0.33443269760350514
CC1(C)COP(=O)(NCCNP2(=O)OCC(C)(C)CO2)OC1,CC(=O)C,298.14,-1.3580882140000001,-0.3931452090896711
IC(I)I,CC(=O)C,298.15,-0.516019467,0.07620433708904051
COC1=C(NC2=CC(C)=C(C=C2N(=O)=O)N(=O)=O)C=CC=C1,CC(=O)C,297.65,-0.91579268,0.2512931135946818
CO\N=C(\C(=O)OC)C1=C(CO\N=C(/C)C2=CC(=CC=C2)C(F)(F)F)C=CC=C1,CC(=O)C,298.15,0.08790873,2.43337603073385
C1C2CC3CC1CC(C2)C3,CC(=O)C,293.15,0.24629601199999998,-0.38253498254601104
[H][C@@]12OC3=C(OC)C=CC4=C3[C@@]11CCN(C)[C@H](C4)[C@]1([H])C=C[C@@H]2O,CC(=O)C,293.15,-0.369151016,1.0627425483993638
CCCCCCC(=O)N(C(=O)NC1=CC=C(C=C1)N(C)C)C1=CC=C(C=C1)N(C)C,CC(=O)C,293.15,-1.6429600169999998,0.4053401383597682
OC1=C(C=C(C=C1N(=O)=O)N(=O)=O)N(=O)=O,CC(=O)C,293.15,0.456469311,0.6312266389641785
CC1(OC(=O)N(NC2=CC=CC=C2)C1=O)C1=CC=C(OC2=CC=CC=C2)C=C1,CC(=O)C,298.15,-0.135580637,0.5560166894229018
[H][C@]12[C@H](C[C@@H](C)C=C1C=C[C@H](C)[C@@H]2CC[C@@H]1C[C@@H](O)CC(=O)O1)OC(=O)[C@@H](C)CC,CC(=O)C,298.75,-0.778343399,-0.10308490673286341
O[C@@H]1CCCC[C@H]1O,CC(=O)C,293.15,-0.24551266800000002,-0.16798710515431053
CC1(C)[C@@H]2CC[C@@]1(C)C(=O)\C2=C(/O)C1=CC=CC=C1,CC(=O)C,290.15,-0.23520159300000001,0.4533209076049175
O=C(N=N#N)C1=CC=CC=C1,CC(=O)C,293.15,0.85748448,0.7997502764304412
CCCCCCCCCCCCCCCCCCCCCCCC,CC(=O)C,293.0,-2.585282514,6.342088069026239
CCCCCCCCCCCC(O)=O,CC(=O)C,297.9899999999999,0.48132913299999996,1.0054353023699796
O=N(=O)C1=CC=C(C2=C1C=CC=C2N(=O)=O)N(=O)=O,CC(=O)C,288.15,-0.487933625,-9.208595125781427e-05
[H][C@@]12C[C@@H](O)[C@H](O)[C@@]1(C)CC[C@]1([H])C3=C(CC[C@@]21[H])C=C(O)C=C3,CC(=O)C,303.15,-1.948105681,-0.7482003996934793
OC(=O)CC1=CC=CC2=CC=CC=C12,CC(=O)C,298.94,0.5162997979999999,0.5438455430269905
CCCCC(=O)N(C(=O)NC1=CC=C(C=C1)N(C)C)C1=CC=C(C=C1)N(C)C,CC(=O)C,293.15,-1.658384817,0.20643587525143064
CNC(=O)C(=N#N)C(=O)OC,CC(=O)C,291.15,0.35852951,0.21185815540450517
CS(=O)(=O)C1=CC=C(C=O)C=C1,CC(=O)C,298.14,-1.325526145,-0.37351345568696664
CCCCCCCCCCCCCCCC1=CC=CC(O)=C1,CC(=O)C,297.53,0.6760006409999999,3.8869592954099104
O=C1OC(=O)C2C3=C(C=CC=C3)C1C1=C2C=CC=C1,CC(=O)C,288.15,-1.097351032,0.3999455998026535
OC(=O)C1=CC=CN=C1,CC(=O)C,296.15,-1.4992322519999999,-0.061137099523301416
OC1=CC(O)=CC(O)=C1,CC(=O)C,298.15,0.5340391560000001,-0.1767871417329883
CC(=O)NC1=CC=C(C=C1)C(O)=O,CC(=O)C,293.15,-1.292430062,-0.9071487618791131
CCCCOC(=O)C1=CC=C(O)C=C1,CC(=O)C,293.0499999999999,0.430177531,0.5142773020472726
[H][C@@](CC1=CC=C(O)C=C1)(N(CCC#N)CCC#N)C(O)=O,CC(=O)C,299.15,0.17510562100000002,0.2502889199977478
CCCCCCCCCCCCCCCCCC(O)=O,CC(=O)C,298.04,-0.98281575,2.8993229288952604
CN(C)C1=CC=C(C=C1)N(=O)=O,CC(=O)C,298.15,-1.722553688,-0.356302797652521
COC1=CC(\C=C\CO)=CC(OC)=C1O[C@@H]1O[C@H](CO)[C@@H](O)[C@H](O)[C@H]1O,CC(=O)C,293.15,-2.676107361,-0.9707277801431856
OP(O)(=O)C1=CC=CC=C1,CC(=O)C,298.14,0.371741675,-0.6465497023974782
[H][C@]12C[C@@]3([H])C4=CCO[C@@]5([H])CC(=O)N6C7=C(C=CC=C7)[C@@]1(CCN2C4)[C@]6([H])[C@@]35[H],CC(=O)C,288.15,-2.403715714,-0.7635164507742259
CC1=NC(NS(=O)(=O)C2=CC=C(N)C=C2)=NC=C1,CC(=O)C,297.15,-1.3882886319999999,-0.07807866968564714
NNC(=O)C1=CC=NC=C1,CC(=O)C,300.9899999999999,-0.893415339,-1.2994907554557644
OC(=O)[C@H]1[C@H]([C@H]([C@@H]1C1=CC=CC=C1)C1=CC=CC=C1)C(O)=O,CC(=O)C,293.15,-1.207123417,1.7213557819305054
NC(=O)C1=CC=C(O)C=C1,CC(=O)C,293.15,-0.906578621,-1.0989296868297715
NC1=C(NC2=CC=CC=C2)C=CC=C1Cl,CC(=O)C,293.15,0.204247063,1.4324054127312484
CC(C)(O)[C@H]1CC[C@@](C)(O)CC1,CC(=O)C,298.15,-0.66756881,-1.5618849403635042
[H][C@@]12OC3=C4C(C[C@H]5N(C)CC[C@@]14[C@@]5([H])CC[C@@H]2O)=CC=C3OC,CC(=O)C,293.15,-0.936435936,1.0835692085138886
OC1=CC(O)=C2C(=O)C(O)=C(OC2=C1)C1=CC=C(O)C(O)=C1,CC(=O)C,293.15,-0.8782919490000001,-0.06590102908495293
CCCCCCC\C=C\C(=O)N(C(=O)NC1=CC=C(C=C1)N(C)C)C1=CC=C(C=C1)N(C)C,CC(=O)C,293.15,-1.37873342,1.0371757760582425
[H][C@@](CCC(O)=O)(NC(C)=O)C(O)=O,CC(=O)C,298.15,-1.9546283780000002,-1.5822152750342429
CC(=O)NC1=CC=CC(=C1)C(O)=O,CC(=O)C,293.15,-1.657577319,-0.7749198715271302
O=N(=O)C1=CC=C(NC2=CC=CC=C2)C(=C1)N(=O)=O,CC(=O)C,288.15,-0.9430355440000001,-0.36591335488605226
C1=CC=C(C=C1)P(C1=CC=CC=C1)C1=CC=CC=C1,CC(=O)C,303.19,0.080083531,1.6757554299869404
CCCCCCCCC(O)CC(=O)N(C(=O)NC1=CC=C(C=C1)N(C)C)C1=CC=C(C=C1)N(C)C,CC(=O)C,293.15,-1.7593932730000001,1.346537980894531
O=N(=O)C1=CC=CC2=C1C=CC=C2,CC(=O)C,291.15,0.7756503809999999,-0.03201004419916234
NC(=O)NCC1=CC=CC=C1,CC(=O)C,296.15,-0.685250406,-0.9535639439208334
O[C@@H]1CCC[C@@H](O)C1,CC(=O)C,290.65,-0.167429512,-1.5966457028664325
CC1=CC=C(C=C1N(=O)=O)N(=O)=O,CC(=O)C,288.15,0.547763067,-0.5092865039184227
O=C1CCC2=CC(OCCCCC3=NN=NN3C3CCCCC3)=CC=C2N1,CC(=O)C,298.15,-1.699519292,0.11962008888302243
[H][C@@]12CC[C@@H]3C[C@]1(CC3=C)[C@@H](C(O)=O)[C@]1([H])[C@@]3(C)[C@@H](O)CC[C@@]21OC3=O,CC(=O)C,298.14,-0.029194105,1.5319862445239343
ClC1=C(Cl)C2=C(Cl)C(Cl)=C(Cl)C(Cl)=C2C(Cl)=C1Cl,CC(=O)C,295.65,-2.004035333,-2.244929509743811
[H][C@@](C)(CCCC(C)C)[C@@]1([H])CC[C@@]2([H])[C@]3([H])CC=C4C[C@H](CC[C@]4(C)[C@@]3([H])CC[C@]12C)OC(=O)CCCC,CC(=O)C,293.15,-1.5588746519999999,4.698962366474874
O[C@@]1(C2=CC=CC=C2)C2=C(C=CC=C2)[C@@](O)(C2=CC=CC=C2)C2=C1C=CC=C2,CC(=O)C,290.15,-2.163690796,2.0666268111265444
CC1=CC=C(C=C1)C1=CC(=NN1C1=CC=C(C=C1)S(N)(=O)=O)C(F)(F)F,CC(=O)C,298.15,0.23155772,1.8522111173089633
CC(=O)NC1=CC=C(O)C=C1,CC(=O)C,298.15,-0.285320521,-0.8354928182743097
CC1(C)CC(\C=C\C2=CC=C(O)C=C2)=C/C(C1)=C(/C#N)C#N,CC(=O)C,298.15,-0.154774845,1.0849392418423558
OCCOC1=C2C=CC=CC2=C(OCCO)C(=C1)P1(=O)OC2=C(C=CC=C2)C2=C1C=CC=C2,CC(=O)C,293.15,-2.7701847969999998,0.3907128470931517
CN(C(N)=O)C1=CC=CC=C1,CC(=O)C,296.15,0.29173523,0.13574854532513103
CCCCCCCCCCCCCCCCCC(=O)OCCCCOP(O)(=O)OCCN,CC(=O)C,293.15,-2.9566377139999998,2.8804829197565
CSCC12CSCC(C1)C(C)=CC2=O,CC(=O)C,293.15,0.058657722999999995,-0.16066266982714
OC(=O)C1=CC=CO1,CC(=O)C,299.14,0.444349871,0.6657195455858054
CCCCCCC(O)CC(=O)N(C(=O)NC1=CC=C(C=C1)N(C)C)C1=CC=C(C=C1)N(C)C,CC(=O)C,293.15,-1.32820329,0.9793826509372187
CC(=O)N(C1CCCCC1)C1=CC=CC=C1,CC(=O)C,293.15,0.433770301,-0.32316552624607287
CC1=C(C=C(C=C1N(=O)=O)N(=O)=O)N(=O)=O,CC(=O)C,292.9899999999999,0.579982105,0.04018518562637788
OCCCP(=O)(CCCO)CCCO,CC(=O)C,298.13,-1.864985102,-2.6245106187862604
OC1=CC(Br)=C(C=C1)N(=O)=O,CC(=O)C,303.15,-1.915224565,0.6863499749354529
CCCCCCCCCCCCCC(O)=O,CC(=O)C,293.15,-0.262381779,1.37128341094319
OC(=O)C1=CC=C(Br)C=C1,CC(=O)C,293.15,-0.30364119,-0.3043377669852355
[H][C@](O)(C(=O)NCCC(=O)NCCSC(=O)C1=CC=CC2=C1C=CC=C2)C(C)(C)CO,CC(=O)C,293.15,-1.4599360209999999,0.2500328697690575
OC1=CC=C(C=C1)C1=COC2=CC(O)=CC(O)=C2C1=O,CC(=O)C,290.65,-1.169035538,-0.11283132755355735
CN(C)C1=CC=C(NC(=O)N(C=O)C2=CC=C(C=C2)N(C)C)C=C1,CC(=O)C,293.15,-1.6843793809999998,0.022982763223115432
ClP1(Cl)=NP(Cl)(Cl)=NP(Cl)(Cl)=N1,CC(=O)C,293.15,-0.423567349,2.1599076819827214
O=N(=O)C1=CC=C(OC2=C(C=C(C=C2N(=O)=O)N(=O)=O)N(=O)=O)C(=C1)N(=O)=O,CC(=O)C,296.15,-0.40113338600000004,2.893099782772258
OC1=CC=C(C=C1N(=O)=O)N(=O)=O,CC(=O)C,288.15,0.184891445,0.02946003413826384
C1=CC2=CC=CC=C2C=C1,CC(=O)C,298.1,0.470144966,0.3958616097637044
CCCCCCCCCC\C=C\C(=O)N(C(=O)NC1=CC=C(C=C1)N(C)C)C1=CC=C(C=C1)N(C)C,CC(=O)C,293.15,-3.8415488819999997,2.1706657102964533
O=N(=O)C1=CC(=C(NC2=CC=C(C=C2N(=O)=O)N(=O)=O)C=C1)N(=O)=O,CC(=O)C,288.15,-1.11674556,0.9036690451663214
CCOC(=O)C1=C(C)NC(\C=C2/N=C(C)C(C(=O)OCC)=C/2C)=C1C,CC(=O)C,298.15,-2.235825584,0.20461466108932175
[H][C@](O)(C(=O)NCCC(=O)NCCSC(=O)C1=CC=CC=C1)C(C)(C)CO,CC(=O)C,293.15,-0.883639862,0.10285221878973894
N1C2=C(C=CC=C2)C2=C1C=CC=C2,CC(=O)C,303.15,-0.34162085600000003,-0.15494776499493662
CC1=CC(=CC(C)=C1)C(O)=O,CC(=O)C,293.15,-0.194784817,0.02939985292523995
C1COCCOC2=C(OCCOCCOCCOC3=C(OCCO1)C=CC=C3)C=CC=C2,CC(=O)C,298.15,-1.498936526,1.5237139465960352
[H][C@](O)(CO)[C@]([H])(O)CO,CC(=O)C,296.5499999999999,-2.452585735,-2.0419776390577993
NC1=C(NC2=C(Cl)C=CC=C2)C=CC(Cl)=C1,CC(=O)C,293.15,-0.136173606,1.7355016245068244
COC(=O)C1=C(O)C(C)=C(O)C=C1C,CC(=O)C,293.14,0.35053991,-0.17995146862406178
NC1=CC=CC2=C1C(=O)N(C1CCC(=O)NC1=O)C2=O,CC(=O)C,293.15,-2.137703915,-0.5743836181979923
[H][C@@]12CC[C@H](O)[C@@]1(C)CC[C@]1([H])C3=CC=C(OC(=O)C4=CC=CC=C4)C=C3CC[C@@]21[H],CC(=O)C,293.15,-0.27473037100000003,1.3495010714308446
CCCCCCCCCC(O)CC(=O)N(C(=O)NC1=CC=C(C=C1)N(C)C)C1=CC=C(C=C1)N(C)C,CC(=O)C,293.15,-1.170790508,1.640923606146334
O=C1C2=CC(=CC(=C2C2=C1C=C(C=C2)N(=O)=O)N(=O)=O)N(=O)=O,CC(=O)C,295.15,-0.88605527,0.466486077709126
COC(=O)C1=C(O[C@@H]2O[C@H](CO[C@@H]3OC[C@@H](O)[C@H](O)[C@H]3O)[C@@H](O)[C@H](O)[C@H]2O)C=CC=C1,CC(=O)C,292.15,-2.567341591,-1.9064569716688888
O[C@H]1CC[C@H](O)CC1,CC(=O)C,289.15,-0.7840232359999999,-1.0361695102855197
C1N2CN3CN1CN(C2)C3,CC(=O)C,293.15,-0.950811187,-2.827113911065189
ONC(=O)CCCCCCNC(=O)C1=CN=C(N=C1)N(C1=CC=CC=C1)C1=CC=CC=C1Cl,CC(=O)C,288.15,-1.628811407,0.805464562159994
CC(=O)CC(=O)N(C1=CC=CC=C1)C1=CC=CC=C1,CC(=O)C,293.15,0.259120927,-0.4248915057785356
CN(C)C1=CC=C(NC(=O)N(C(C)=O)C2=CC=C(C=C2)N(C)C)C=C1,CC(=O)C,293.15,-1.6733639619999998,0.017857662603982
[H][C@@]12CC[C@H](O)[C@@]1(C)CC[C@]1([H])C3=CC=C(O)C=C3CC[C@@]21[H],CC(=O)C,303.15,-0.6805781540000001,0.28058976705233296
O=C1COCCO1,CC(=O)C,288.45,0.964031913,0.8476103080270704
CCCS(=O)C1=CC=C2NC(NC(=O)OC)=NC2=C1,CC(=O)C,298.15,-3.847163773,-1.7387354134733217
OC(=O)\C=C\C(O)=O,CC(=O)C,296.9899999999999,-1.103563434,-0.15325850557103798
CC#CC(=O)N1CCC[C@H]1C1=NC(=C2N1C=CN=C2N)C1=CC=C(C=C1)C(=O)NC1=NC=CC=C1,CC(=O)C,298.15,-2.190811492,0.7792221972884678
OC1=C2N=CC=CC2=C(Cl)C=C1Cl,CC(=O)C,298.15,-1.330517261,0.6218677316503269
ClC1=C2C(=O)C(Cl)(Cl)C(=O)C2=C(Cl)C(Cl)=C1Cl,CC(=O)C,298.15,-0.558543656,0.05949655594804698
O=C1OC(=O)C2=C1C=CC(=C2)C1=CC2=C(C=C1)C(=O)OC2=O,CC(=O)C,298.15,-2.573802534,0.500393324701477
OC(=O)CC1=CC=CC=C1,CC(=O)C,293.15,0.996380458,0.799526821543742
OC(=O)CCCCC(O)=O,CC(=O)C,298.14,-0.6421913929999999,-0.6793301755522927
CC(=O)OC(COC(=O)C1=CC=C(C=C1)N(=O)=O)COC(=O)C1=CC=C(C=C1)N(=O)=O,CC(=O)C,294.15,-1.371742918,1.1420112037683743
NS(=O)(=O)C1=CC=C(C=C1)S(N)(=O)=O,CC(=O)C,298.15,-0.771354104,-0.6548204424156263
OC(=O)C1=CC=CC=C1,CC(=O)C,298.15,0.513935905,0.26121453982738163
O=C(C(=O)C1=CC=CC=C1)C1=CC=CC=C1,CC(=O)C,298.15,0.334813507,0.6047770106021157
OC(=O)C1=CC(O)=CC=C1O,CC(=O)C,298.15,-0.187864636,0.6628006353684739
CNC(=O)C(=N\OC)\C1=C(COC2=CC(C)=CC=C2C)C=CC=C1,CC(=O)C,293.15,-0.6780529259999999,0.8356659774780081
FC1=CC=C(NC(=O)C2=C(OC3=CC(=CC=C3)C(F)(F)F)N=CC=C2)C(F)=C1,CC(=O)C,293.15,-0.595827879,0.17400361446529386
CC(OC1=CC=CC2=CC=CC=C12)C(N)=O,CC(=O)C,298.15,-1.08782952,-0.17848680897027544
ClCCN(CCCl)C1=CC2=CC=CC=C2C=C1,CC(=O)C,288.15,0.49584318299999997,0.11188721039490462
[H][C@@](C)(CCCC(C)C)[C@@]1([H])CC[C@@]2([H])[C@]3([H])CC=C4C[C@H](CC[C@]4(C)[C@@]3([H])CC[C@]12C)OC(=O)C(O)=O,CC(=O)C,293.15,-0.855331724,4.70725979245039
CCCCCCCCCCCCCCCCCCCCCCC(O)=O,CC(=O)C,288.15,-1.549759551,5.17093838930697
O1C2=C(OP11=NP3(OC4=C(O3)C=CC=C4)=NP3(OC4=C(O3)C=CC=C4)=N1)C=CC=C2,CC(=O)C,298.34,-2.363869395,1.2302833112292668
CN1C2C(N(C)C1=O)N(C)C(=O)N2C,CC(=O)C,292.15,-0.9266175809999999,0.04891321849182183
NC1=C(C(=C(C(=C1N(=O)=O)N(=O)=O)N(=O)=O)N(=O)=O)N(=O)=O,CC(=O)C,293.15,-0.12583523800000002,3.0401472501090705
ClC1=CC(Cl)=CC(Cl)=C1,CC(=O)C,298.14,0.19477696,0.14867748603855302
CN(C)C1=CC=C(NC(=O)N(C(=O)\C=C(/C)C)C2=CC=C(C=C2)N(C)C)C=C1,CC(=O)C,293.15,-1.361191135,-0.09086271685588482
[H][C@@]12C[C@@]3([H])[C@]4([H])CCC5=CC(=O)CC[C@]5(C)[C@@]4([H])[C@H](O)C[C@]3(C)[C@@]1(O2)C(C)=O,CC(=O)C,298.35,-1.657652075,-1.5297098664826092
O=C(NC1=CC=CC2=CC=CC=C12)N(C1=CC=CC=C1)C1=CC=CC=C1,CC(=O)C,293.15,-1.610363812,-0.1812756589227403
OC(=O)C1=CC=C(Cl)C=C1,CC(=O)C,293.15,-0.800254097,-0.3124281523720651
CC(C)(O)P1(=O)OCC2(CO1)COP(=O)(OC2)C(C)(C)O,CC(=O)C,298.42999999999995,-1.987351504,-0.9388757683157539
O=N(=O)N1CN(CN(C1)N(=O)=O)N(=O)=O,CC(=O)C,293.15,-0.583749167,-1.309888979412734
[H][C@@](C)(CCCC(C)C)[C@@]1([H])CC[C@@]2([H])[C@]3([H])CC=C4C[C@H](CC[C@]4(C)[C@@]3([H])CC[C@]12C)OC(C)=O,CC(=O)C,293.15,-1.2342124620000001,3.8371354312719523
OCCCCOC(=O)NCCCCCCNC(=O)OCCCCO,CC(=O)C,293.15,-1.843158001,-0.7635000852126073
COP(=O)(NC(C)=O)SC,CC(=O)C,299.44,-0.037053105,0.9075182996638583
O=C(N=N#N)C1=C(C=C(C=C1N(=O)=O)N(=O)=O)N(=O)=O,CC(=O)C,293.15,-0.9535180809999999,2.2832935912224572
[H][C@@](C)(CCCC(C)C)[C@@]1([H])CC[C@@]2([H])[C@]3([H])CC=C4C[C@H](CC[C@]4(C)[C@@]3([H])CC[C@]12C)OC=O,CC(=O)C,293.15,-0.825313022,3.819625391576202
OC(=O)C1=CC=CC=C1O,CC(=O)C,298.15,0.38412846,0.5706568678804532
[H][C@]12COC(=O)[C@]1([H])[C@H](C1=CC(OC)=C(OC)C(OC)=C1)C1=C(C=C3OCOC3=C1)[C@@H]2O,CC(=O)C,293.19,-0.983384521,1.1651726567120477
O[C@@H](CCC1=CCCC1=O)CC(O)=O,CC(=O)C,293.15,-0.9606855470000001,-0.15929024259395463
CCCCC1=NC2(CCCC2)C(=O)N1CC1=CC=C(C=C1)C1=CC=CC=C1C1=NN=NN1,CC(=O)C,298.2399999999999,-3.038076782,0.8798477248958592
CCCCCCCCCCCCC(=O)N(C(=O)NC1=CC=C(C=C1)N(C)C)C1=CC=C(C=C1)N(C)C,CC(=O)C,291.15,-1.9524212680000002,1.9501734554405137
OC(=O)C1=CC(O)=C(O)C=C1,CC(=O)C,298.15,-0.187864636,-0.6148289806011301
NC1=C(NC2=CC=CC=C2)C=C(Cl)C=C1,CC(=O)C,293.15,-0.10937206,1.3100621475908996
ClC1=NC=C(CN2CCN=C2NN(=O)=O)C=C1,CC(=O)C,300.04,-0.718857066,-1.1343236687521805
[H][C@@](C)(O)[C@@]1([H])CC[C@@]2([H])[C@]3([H])CC[C@]4([H])C[C@H](O)CC[C@]4(C)[C@@]3([H])CC[C@]12C,CC(=O)C,288.15,-2.872381259,-0.21793353237566537
CC1=C(C(O)=C(C=C1N(=O)=O)N(=O)=O)N(=O)=O,CC(=O)C,290.15,0.485879894,1.2839365718009172
[H][C@@]1(COC(O1)C1=CC=CC=C1)[C@]1([H])O[C@@H](O[C@]2([H])CO[C@@H](O[C@]12[H])C1=CC=CC=C1)C1=CC=CC=C1,CC(=O)C,290.15,-1.977723605,0.7586904288954878
OC1=C2N=CC=CC2=C(C=C1I)S(O)(=O)=O,CC(=O)C,298.15,-3.642366818,1.3689836354617868
CC1=CC=C(C)C(=C1N(=O)=O)N(=O)=O,CC(=O)C,288.15,0.18450416,0.145629551903758
OC1=C2N=CC=CC2=C(Br)C=C1Br,CC(=O)C,293.15,-1.812523609,0.32248428825200814
C1=CC=C2C(C=CC=C2C2=CC=CC3=CC=CC=C23)=C1,CC(=O)C,293.15,-1.193822267,1.0111495797561159
ClC1=CC=C(SSC2=CC=C(Cl)C=C2)C=C1,CC(=O)C,302.94,0.139293696,0.5191840126708447
CC1=CC(=C(C)C(=C1N(=O)=O)N(=O)=O)N(=O)=O,CC(=O)C,288.15,-0.6833352709999999,0.7605896397067944
OC1=CC=CC=C1C(=O)OC1=CC=CC=C1,CC(=O)C,303.15,0.563573103,1.3965745999115937
CCOC1=C(C=C(C=C1)N(=O)=O)\C=N\NC(N)=O,CC(=O)C,293.15,-2.029805828,-0.7191628699450303
OC1=CC=C(C=C1)C1=COC2=CC(O)=CC=C2C1=O,CC(=O)C,290.65,-1.037276829,-1.2041187382609395
OC1=CC=C(C=C1)C(=O)C1=C(O)C(O)=C(O)C=C1,CC(=O)C,298.14,0.144793846,0.050612241673988256
COC1=CN=C(Cl)N=C1Cl,CC(=O)C,297.34,0.671898215,0.8862156476192745
C1=CC=C(C=C1)C1=CC=CC=C1,CC(=O)C,298.15,0.684477909,0.7233755744083292
O=N(=O)C1=CC=CC2=C(C=CC=C12)N(=O)=O,CC(=O)C,289.15,-1.776470431,-0.6671018191904524
OCP1(=O)OC2=C(C=CC=C2)C2=CC=CC=C12,CC(=O)C,302.25,-1.402735403,-0.10138130753135419
COC1=CC=C(C=C1OC)C(=O)N1CCN(CC1)C1=CC2=C(NC(=O)CC2)C=C1,CC(=O)C,298.15,-2.8967978210000003,-0.5853475210160024
O=C1CCCCCCCCCCCCCCCCCN1,c1ccccc1,295.15,0.171100776,1.8145085483089132
CCCCCCC(N)=O,c1ccccc1,293.15,-1.3426903280000002,-1.8650878136750908
CN(c1c(cc(cc1[N+]([O-])=O)[N+]([O-])=O)[N+]([O-])=O)[N+]([O-])=O,c1ccccc1,291.15,-0.810589193,-1.603454436993161
CCCCCC(N)=O,c1ccccc1,293.15,-1.0581562740000001,-2.0321965466589367
Nc1ccc(cc1)C(O)=O,c1ccccc1,298.15,-2.34814254,-1.834193486649497
Cc1ccc(cc1)N(c2cccc(C)c2)c3cccc(C)c3,c1ccccc1,290.15,0.43661003200000004,1.4960752650304423
CCOc1c(cc(cc1[N+]([O-])=O)[N+]([O-])=O)[N+]([O-])=O,c1ccccc1,288.15,0.224355743,-0.7059091230879296
COc1cccc(C=NNc2ccc(cc2[N+]([O-])=O)[N+]([O-])=O)c1,c1ccccc1,293.15,-2.988178757,-0.9934544182966683
CC12SC3(C)SC(C)(S1)SC(C)(S2)S3,c1ccccc1,293.15,0.117757985,2.1161476812968925
[C@@H]45C3=NC1=C([C@H]2CC[C@@H]1C2(C)C)N=C3[C@@H](CC4)C5(C)C,c1ccccc1,293.15,-0.39912237,0.7469654718484905
C[C@@H]3CCCC(NC(=O)c1cccc2ccccc12)C3,c1ccccc1,299.15,-0.405925001,0.28410296240159766
Cc1ccccc1N=Nc2ccc(O)cc2,c1ccccc1,303.15,-0.044894197999999996,-0.8276700083729823
Clc1c(Cl)c(Cl)c2C(=O)OC(=O)c2c1Cl,c1ccccc1,298.15,-0.91164702,0.32743916485120406
[O-][N+](=O)c1cccc2cccc(c12)[N+]([O-])=O,c1ccccc1,289.15,-1.521227671,-1.3137631650853467
N#C/C(c1ccccc1)=N(=O)/c2ccc(Cl)cc2,c1ccccc1,299.15,-0.270795364,-0.7905004075911172
c1cc2ccc3cccc4ccc(c1)c2c34,c1ccccc1,293.15,-0.259626574,-0.8406980846694496
OC(=O)CCC(=O)NNC(=O)c1ccccc1,c1ccccc1,298.15,-3.397897726,-2.916474809766863
O=C(OCOC(=O)c1ccccc1)c2ccccc2,c1ccccc1,297.15,-0.034809562,-0.2177402080751352
OC(=O)CCCCCCCC(O)=O,c1ccccc1,298.15,-3.368383065,-3.116576247793006
[O-][N+](=O)c1cc2cccc(c2c(c1)[N+]([O-])=O)[N+]([O-])=O,c1ccccc1,288.15,-1.868131264,-1.5071301685042473
O[P](=O)(c1ccccc1)c2ccccc2,c1ccccc1,293.14,-2.1051044919999997,-3.2377374809597947
CCc1c(c2/cc/3\nc(/cc\4/c(c(/c(/[nH]4)c/c5n/c(c\c1[nH]2)/C(=C5C)CC)C)CC)C(=C3C)CC)C,c1ccccc1,298.15,-2.795880925,7.23893242975564
CCOC(=O)c1cnn(C)c1[S](=O)(=O)NC(=O)Nc2nc(OC)cc(OC)n2,c1ccccc1,293.15,-1.4242941,0.1500780906482166
NC(=O)C(O)c1ccccc1Cl,c1ccccc1,295.15,-1.8812115440000001,-2.1899349431739736
N#Cc1c2ccccc2c(C#N)c3ccccc13,c1ccccc1,293.15,-2.756356503,-1.9099970877532928
Cc1ccc(c(C)c1)C(O)=O,c1ccccc1,293.15,-0.625153426,-1.3027357643899837
C(=CC=Cc1ccccc1)C=Cc2ccccc2,c1ccccc1,292.15,-1.431597495,1.859931313870861
Oc1ccc(N=Nc2ccccc2)c(O)c1,c1ccccc1,303.15,-1.5075504259999999,-0.9970592921423138
CN1CC[C@]23[C@H]4Oc5c(O)ccc(C[C@@H]1[C@@H]2C=C[C@@H]4O)c35,c1ccccc1,293.15,-2.713522567,-2.6168703590425713
Oc1ccc(cc1)[N+]([O-])=O,c1ccccc1,298.15,-1.019509832,-1.7703878276471605
CC(C)CC(CC(C)C)(CC(C)C)C(=O)NO,c1ccccc1,299.15,-0.43179827600000004,0.4972891710130324
OC(C(O)=O)c1ccc(Cl)cc1,c1ccccc1,295.15,-1.598802144,-1.5061157600561077
[O-][N+](=O)c1ccc(C=O)cc1,c1ccccc1,299.15,-0.277373785,-0.6714173185198793
CCC\C=C/C(N)=O,c1ccccc1,293.15,0.648860333,9.948331707472882
ON=C1C(=O)C=Cc2ccccc12,c1ccccc1,299.15,-0.376755606,0.10298281240962458
O=C1c2ccccc2c3c4c1cccc4c5cccc6C(=O)c7ccccc7c3c56,c1ccccc1,296.15,-2.188086645,0.40256383181020833
CCCCCCC(C)=NNC(N)=O,c1ccccc1,293.15,-1.40926556,-1.9006712265376375
OC(C#CC(O)(c1ccccc1)c2ccccc2)(c3ccccc3)c4ccccc4,c1ccccc1,297.15,-3.81024671,2.1053940474221235
C[C@H]1OC=C2C(=C(C(O)=O)C(=O)C(=C2[C@@H]1C)C)O,c1ccccc1,298.15,-0.9423135970000001,-0.10349506063471818
O=C(C(C(=O)c1ccccc1)C(=O)c2ccccc2)c3ccccc3,c1ccccc1,294.15,-2.971795408,0.0384345168297863
C1Cc2cccc3cccc1c23,c1ccccc1,297.9899999999999,0.260115988,0.9245527195517198
O=C1NC(=O)C(N1)(c2ccccc2)c3ccccc3,c1ccccc1,293.15,-3.225777791,-3.0392477631658013
[O-][N+](=O)c1ccc(Cl)cc1,c1ccccc1,290.15,0.667218289,-0.5230474672976773
CCOC(=O)C(=O)C(=O)OCC,c1ccccc1,295.15,0.060099035999999995,2.0116452680772134
CCC1(C(=O)NC(=O)NC1=O)c2ccccc2,c1ccccc1,293.15,-2.380508679,-1.7868967397242506
CN(C(=O)C(=O)N(C)[N+]([O-])=O)[N+]([O-])=O,c1ccccc1,293.15,-0.38933425899999996,-0.04418607532756191
Cc5ccc(/N=C(Nc1ccc(C)cc1)/N(c2ccc(C)cc2)c4nc3cc(C)ccc3[nH]4)cc5,c1ccccc1,288.15,-1.560280876,3.935315903400894
c1ccc(cc1)/N=N/c2ccccc2,c1ccccc1,298.15,0.22596419199999998,0.516550930095802
CCCC(N)=O,c1ccccc1,293.15,-1.5996817280000002,-2.117352931795028
CC(C)[C@@H](C)/C=C/[C@@H](C)[C@H]1CC[C@H]2C3=CC=C4C[C@@H](O)CC[C@]4(C)[C@H]3CC[C@]12C,c1ccccc1,289.15,-1.62903887,2.5491904954252305
O=C1c2cccc3cccc(c23)C1=C4C(=O)c5cccc6cccc4c56,c1ccccc1,292.15,-2.325706484,-1.7087960061777951
Nc1ccccc1[N+]([O-])=O,c1ccccc1,298.15,0.012926413000000001,-0.5203061874270526
CCCCC(CCC)=NNC(N)=O,c1ccccc1,293.15,0.09392507900000001,-1.8365777947934547
COc1cc2OC[C@H]3Oc4c5C[C@@H](Oc5ccc4C(=O)[C@H]3c2cc1OC)C(C)C,c1ccccc1,298.15,-0.798836918,0.688632009095643
c1ccc2cc3c(ccc4ccccc34)cc2c1,c1ccccc1,293.15,-1.721252106,-0.7896497410589051
CC(=O)NC(Cc1c[nH]c2ccccc12)C(O)=O,c1ccccc1,294.15,-3.859925539,-3.255237805921442
c1ccc(cc1)/N=N/c2cc(cc(c2O)Cl)Cl,c1ccccc1,303.15,-0.292462151,0.4478065905735875
O=[P](c1ccccc1)(c2ccccc2)c3ccccc3,c1ccccc1,299.15,-0.038579503,-3.0795099082313446
COc1c(cc(cc1[N+]([O-])=O)[N+]([O-])=O)[N+]([O-])=O,c1ccccc1,288.15,0.5342923629999999,-1.1432741585204276
BrC1C(OC(=O)C1=O)c2ccc(Br)cc2,c1ccccc1,294.15,-0.921639663,0.12483987458179063
Cc1ccc(O)cc1O,c1ccccc1,298.0499999999999,-1.281816615,-1.4581512911975147
CCCC(=O)O[C@@]1(CC[C@H]2[C@@H]3CCC4=CC(=O)CC[C@]4(C)[C@H]3[C@@H](O)C[C@]12C)C(=O)COC(=O)CC,c1ccccc1,298.15,-1.071971787,0.26642071233596504
CCc1c(O)cc(C)cc1O,c1ccccc1,298.0499999999999,-1.2147633279999999,-0.7839789258738256
CCC1(CC)C(=O)NC(=O)NC1=O,c1ccccc1,293.15,-2.555160472,-1.5322971989775507
CCCCCCCCCC(C(O)=O)C(O)=O,c1ccccc1,298.15,-2.917370255,-1.456703585662252
OC(=O)[C@@H](Br)[C@@H](Br)c1ccccc1,c1ccccc1,289.15,-1.57469315,-0.33041310604630547
CC(=O)Nc1ccccc1,c1ccccc1,298.15,-1.07109206,-0.7925856704989529
COc1cc2OC[C@H]3Oc4c(CC=C(C)C)c(O)ccc4C(=O)[C@H]3c2cc1OC,c1ccccc1,298.15,-1.8992074630000002,-0.28970658021321616
CCCCCCCCC(N)=O,c1ccccc1,293.15,-1.697800618,-1.946448880500087
Oc1cccc(O)c1,c1ccccc1,297.15,-1.68029568,-1.4482179060086802
Cc1ccc3c(c1)nc(Nc2ccccc2)n3/C(=N\c4ccccc4)Nc5ccccc5,c1ccccc1,288.15,-1.979195892,1.724150063394851
[O-][N+](=O)c1ccc(Cc2ccc(cc2)[N+]([O-])=O)cc1,c1ccccc1,293.15,-0.99238638,-3.0024263867453684
CCC1(NC(=O)N(C)C1=O)c2ccccc2,c1ccccc1,297.15,-0.6146883320000001,-0.03669750781685323
c1(ccccc1)C(C#N)=N(=O)c2ccc(C)cc2,c1ccccc1,299.15,-0.339592419,-0.6718558679519988
CCCCC\C=C/C(N)=O,c1ccccc1,293.15,0.34126448600000003,5.367580044567496
CCCCC/C=C/C(N)=O,c1ccccc1,293.15,-1.845642737,-1.0080661842286933
CN1CC[C@]23[C@H]4Oc5c(OC(C)=O)ccc(C[C@@H]1[C@@H]2C=C[C@@H]4OC(C)=O)c35,c1ccccc1,298.15,-0.47060686399999996,1.0294670339948615
CCOC(=O)C(=NNc1c(Br)cc(Br)cc1Br)C#N,c1ccccc1,288.15,-0.7674290229999999,-0.5005716380033624
CCc1cc(O)c(C)cc1N=Nc2cccc(c2)C(C)=O,c1ccccc1,303.15,-0.53745977,-0.673994466167986
CCCCCCCCC(CC)(CC)C(=O)NO,c1ccccc1,299.15,-0.1487414,-0.38380058342650575
Cc1cccc(C)c1C(O)=O,c1ccccc1,293.15,-0.287862464,-1.406673102632644
CCCCCCCCCCC(C(O)=O)C(O)=O,c1ccccc1,298.15,-3.6259305310000003,-1.4485602122388046
CCc1cc(O)ccc1N=Nc2cccc(c2)C(C)=O,c1ccccc1,303.15,-1.551642395,-1.2932193787397381
CCC(CC)(Cc1ccc(C)cc1)C(=O)NO,c1ccccc1,299.15,-1.5228713630000001,-0.4274185980862872
S1C(SC(SC1c2ccccc2)c3ccccc3)c4ccccc4,c1ccccc1,298.15,-0.836325348,2.923963247527588
[O-][N+](=O)c1cc(c(Cl)c(c1)[N+]([O-])=O)[N+]([O-])=O,c1ccccc1,290.15,0.113387133,-1.1126034817669488
OC(=O)c1c(Br)cccc1Br,c1ccccc1,293.15,-0.779883089,-0.3958134919961375
[O-][N+](=O)c1ccc(NN=Cc2cccc(Br)c2)c(c1)[N+]([O-])=O,c1ccccc1,293.15,-3.030984062,-0.7839533063525693
O=[S](Cc1ccccc1)Cc2ccccc2,c1ccccc1,293.15,-0.863545786,-1.1356196721077516
CCCC(CCC)(c1ccccc1)C(=O)NO,c1ccccc1,299.15,-0.6020489179999999,-0.012309656071881982
O=C1c2ccccc2c3cccc4cccc1c34,c1ccccc1,293.15,-1.213439666,-1.9394680540034166
Cl[S](=O)(=O)c1cc2c(cccc2[S](Cl)(=O)=O)c(c1)[S](Cl)(=O)=O,c1ccccc1,293.15,-0.519907217,3.257033076628696
Nc1c(cc(cc1[N+]([O-])=O)[N+]([O-])=O)[N+]([O-])=O,c1ccccc1,292.65,-1.4580538730000001,-1.807000949757292
OOC1(c2ccccc2)c3ccccc3C(OO)(c4ccccc4)c5ccccc15,c1ccccc1,290.15,-2.297149663,2.334096908284085
Cc1ccc(cc1)C(=O)N(O)c2ccc(Cl)cc2,c1ccccc1,293.15,-1.307227288,-1.0973941408207182
Oc1ccc(cc1)N=Nc2ccccc2[N+]([O-])=O,c1ccccc1,303.15,-0.587374305,-1.0995150999612229
Nc1ccccn1,c1ccccc1,298.15,0.307369906,0.04034053240826507
COC(=O)c1ccc(cc1)C=NNc2ccc(cc2[N+]([O-])=O)[N+]([O-])=O,c1ccccc1,293.15,-3.390787543,-1.5646775231626875
c1ccc2cc3cc4ccccc4cc3cc2c1,c1ccccc1,293.15,-2.017735267,-0.9850951162132942
CC(C)(C)c1ccc(O)c(c1)N=Nc2ccccc2,c1ccccc1,303.15,0.646344068,0.34048324632817845
OC(=O)c1cccc(O)c1,c1ccccc1,298.15,-3.193440523,-1.80287703400118
N[C@@H](CO)c1ccccc1,c1ccccc1,293.15,-1.023350612,-0.8739534595816282
Cc1ccc(O)c(c1)C(C)(C)C,c1ccccc1,295.15,0.7724313909999999,0.823448109740228
Cl[S](=O)(=O)c1ccc2cc(cc(c2c1)[S](Cl)(=O)=O)[S](Cl)(=O)=O,c1ccccc1,293.15,-1.7551385069999998,3.1964798241598755
CCOCN1C(=O)c2ccccc2C1=O,c1ccccc1,298.15,-2.9142648610000004,0.4736982524903258
C[C@H](O)[C@H](NC(=O)c1ccccc1)C(O)=O,c1ccccc1,298.15,-0.649780609,-2.4052947738337216
CCCCCCCCCCCCCCCC(O)=O,c1ccccc1,293.15,-0.603140172,1.395903956053386
CCCCC(N)=O,c1ccccc1,293.15,-1.3548830180000002,-2.0758535426211706
OC(=O)CC1OC(OC1=O)C(Cl)(Cl)Cl,c1ccccc1,293.15,-0.94359673,-1.6075865555449362
OC(C(O)=O)c1ccccc1,c1ccccc1,292.15,-2.309533129,-1.5103423877114186
O=C1CCCCCN1,c1ccccc1,295.15,0.56215473,0.09649503659518757
CCc1c(Cl)c(Cl)c(Cl)c(Cl)c1Cl,c1ccccc1,295.25,0.7200433209999999,-0.38069537327854125
Oc1c(cccc1[N+]([O-])=O)[N+]([O-])=O,c1ccccc1,287.15,0.205061347,-1.649377159867682
Cc1ccc(Nc2[nH]c3ccc(C)cc3n2)cc1,c1ccccc1,288.15,-2.432800953,-1.8496922310319108
OC(=O)CCCC(O)=O,c1ccccc1,298.15,-2.9662637060000003,-2.4967878400820402
c1ccc(cc1)\C=C\C=C\c2ccccc2,c1ccccc1,292.15,-0.49394201200000004,1.1616287676315091
c1ccc(cc1)C(c2ccccc2)=C(c3ccccc3)c4ccccc4,c1ccccc1,293.15,-0.840478568,2.236177443928306
O=N(=O)/C(N(=O)=O)=S/1CCCC1,c1ccccc1,293.15,-3.39725362,0.8872766527562224
Cc1c2ccccc2c(C)c3ccccc13,c1ccccc1,293.15,-0.852073862,0.01340194550219967
c1ccc2C3C4c5ccccc5C(C(c2c1)c6ccccc36)c7ccccc47,c1ccccc1,298.15,-2.552019331,2.235753088717705
COc1cc2OC[C@H]3Oc4c5C[C@@H](Oc5ccc4C(=O)[C@H]3c2cc1OC)C(C)=C,c1ccccc1,293.15,-0.6665444070000001,0.37633772037177937
CCCC(=CC(O)=O)c1ccccc1,c1ccccc1,295.15,0.426625697,-0.22463537902227626
CCc1cc(O)ccc1N=Nc2ccc(cc2)C(C)=O,c1ccccc1,303.15,-0.647291755,-1.0607290958264841
C[C@]12CCC(=O)C=C1CC[C@H]3[C@@H]4CC[C@](O)(C(=O)CO)[C@@]4(C)C[C@H](O)[C@H]23,c1ccccc1,298.15,-3.445323923,-3.248075488328941
CCc1ccc(cc1)C(=O)c2ccccc2C(O)=O,c1ccccc1,302.77,-0.9127760340000001,-0.2742851914849549
COc1ccc2[C@H](OC(=O)c2c1OC)[C@@H]3N(C)CCc4cc5OCOc5cc34,c1ccccc1,288.15,-0.892961108,0.1602797261615852
CCOC(=O)C(=NNc1ccccc1OC)C#N,c1ccccc1,291.15,-0.94009421,-1.9924438041614445
C\C=C(\C)C(N)=O,c1ccccc1,293.15,-1.522233474,0.29257477202870025
C\C=C(/C)C(N)=O,c1ccccc1,293.15,-0.907584355,-1.0930792819926325
[O-][N+](=O)c1ccc(CCl)cc1,c1ccccc1,303.15,-0.421566245,-1.1721135384452241
O[C@@H]([C@@H]1C[C@@H]2CCN1C[C@@H]2C=C)c3ccnc4ccccc34,c1ccccc1,298.15,-2.423217846,-0.6082967748359056
[O-][N+](=O)c1ccccc1C(=O)N=[N+]=[N-],c1ccccc1,293.15,-0.26191887199999997,0.3460640735643526
C=CC(=O)Nc1cc(F)c(Br)c(F)c1,c1ccccc1,296.34,-2.1051044919999997,-2.007635255150811
[O-][N+](=O)c1ccccc1\C=C\C(=O)c2ccccc2,c1ccccc1,293.15,-0.8353597340000001,-0.1312269425405692
CN(C)C(=S)SSC(=S)N(C)C,c1ccccc1,303.15,-0.7015770159999999,-0.30699405635696997
Cc1ccc(cc1)N(c2ccc(C)cc2)c3cccc(C)c3,c1ccccc1,289.15,-0.232009418,1.5231166561805
N#CSCCSC#N,c1ccccc1,290.15,-0.840965168,-0.8363077713240591
CCCC(CCC)(C(=O)NO)C1CCCCC1,c1ccccc1,299.15,-0.638280143,0.2850213623645221
COc1ccc2nccc([C@H](O)[C@H]3C[C@@H]4CCN3C[C@@H]4C=C)c2c1,c1ccccc1,298.15,-1.435382236,-0.7010615776406602
CC(=O)OC[C@H]1O[C@@H](OC(C)=O)[C@H](OC(C)=O)[C@@H](OC(C)=O)[C@@H]1OC(C)=O,c1ccccc1,298.15,-0.49799430299999997,-0.5783103608480972
Cc1cccc(c1)N=Nc2ccc(O)cc2,c1ccccc1,303.15,-0.892983945,-1.2393808392131516
CCCCCCCC(N)=O,c1ccccc1,293.15,-1.5233307740000002,-1.8589189479195165
Cc1cccc(n1)C(O)=O,c1ccccc1,293.15,-1.0957651259999999,0.4773433410616958
OC(=O)c1cccc(Cl)c1,c1ccccc1,288.15,-1.3751618419999998,-1.52521515354686
Oc1ccc(Cc2ccccc2O)cc1,c1ccccc1,298.15,-1.404797714,-1.9794325508815864
OC(=O)CCCC(=O)NNC(=O)c1ccccc1,c1ccccc1,298.15,-1.522914612,-2.6918114422704233
CCOC(=O)c1ccc(C)cc1NC(C)=O,c1ccccc1,293.15,0.313612393,1.095339109363362
CCCCC(C(O)=O)C(O)=O,c1ccccc1,298.15,-2.618624393,-0.7454362042023849
N#CC(=NNc1ccccc1)C#N,c1ccccc1,298.15,-0.31069947600000003,-1.7166578962377015
Clc1nc(Cl)nc(Cl)n1,c1ccccc1,298.15,-0.044531470999999996,0.9090038489257463
Oc1ccc(cc1)C=C2CCCC(=Cc3ccc(O)cc3)C2=O,c1ccccc1,292.15,-3.486233478,-2.257180003346888
COc1cc2OC[C@H]3Oc4c(CCC(C)C)c(O)ccc4C(=O)[C@H]3c2cc1OC,c1ccccc1,298.15,-1.99832038,-0.3212521959032747
N#CSC=CSC#N,c1ccccc1,290.15,-0.698070007,-0.7357339514989294
Oc1ccc(cc1)N=Nc2ccc(Cl)cc2,c1ccccc1,303.15,-0.8764597120000001,-1.351306760421211
Oc1ccccc1Cc2ccccc2O,c1ccccc1,298.15,-0.8405262840000001,-1.2633374130723634
O=C\1C=Cc2ccccc2C1=N/Nc3ccccc3,c1ccccc1,298.0,-0.7812094209999999,-1.9215895879243163
OC(=O)c1ccc(Cl)cc1Nc2ccccc2,c1ccccc1,289.15,-1.6157414419999998,-0.3548301094694897
CCCC/C=C/C(N)=O,c1ccccc1,293.15,-1.656785224,-1.0465662995330658
CCCC\C=C/C(N)=O,c1ccccc1,293.15,-0.06606874900000001,7.686611745723011
Clc1ccc(cc1)C(=O)OC(=O)c2ccc(Cl)cc2,c1ccccc1,303.15,-1.5891879930000001,-0.6839096569371009
CC\C=C/C(N)=O,c1ccccc1,293.15,-0.484338481,7.3408236381417815
CC\C=C\C(N)=O,c1ccccc1,293.15,-1.907584355,-1.144173010583023
O=C(C=[P](c1ccccc1)(c2ccccc2)c3ccccc3)c4ccccc4,c1ccccc1,299.15,-0.718962843,2.1171331828113535
Cc1cc(C)c(O)c(c1)N=Nc2ccc(cc2)C(C)=O,c1ccccc1,303.15,-0.41352337,0.2555956863031426
COc1c(c(cc(c1[N+]([O-])=O)[N+]([O-])=O)[N+]([O-])=O)[N+]([O-])=O,c1ccccc1,302.15,-1.326752675,0.4257853701580902
C1c2ccccc2c3ccccc13,c1ccccc1,297.9899999999999,0.14913274599999998,0.2633642992873267
O=C1CCCCCCCCCCCCCCN1,c1ccccc1,295.15,0.143056052,0.8774593684719688
Cc1ccc(O)c(c1)N=Nc2ccccc2,c1ccccc1,303.15,-0.07684960099999999,0.34989444461840036
COCN1C(=O)c2ccccc2C1=O,c1ccccc1,298.15,-0.36063907,0.44437781048237385
CCC[C@H]1CC2=C(C[C@@H](CC)CC3=C1C(=O)OC3=O)C(=O)OC2=O,c1ccccc1,293.15,-0.64653834,1.3428666696547473
CC(=O)c1cccc(c1)N=Nc2cc(ccc2O)c3ccccc3,c1ccccc1,303.15,-0.771634878,0.39898951539441335
BrC(c1ccccc1)(c2ccccc2)c3ccccc3,c1ccccc1,298.15,0.029586852,0.6649115228376513
COc1cc(c(c(c1OC)[N+]([O-])=O)[N+]([O-])=O)[N+]([O-])=O,c1ccccc1,291.15,-0.917901574,0.3272526011321085
NC(=O)C(O)c1cccc(Cl)c1,c1ccccc1,295.15,-2.9463820760000003,-2.2893072339419342
O=C1CCCCCCCCCCCCN1,c1ccccc1,295.15,-1.329362948,0.33028754964082857
OC(=O)CC(O)=O,c1ccccc1,298.15,-3.928660027,-2.3114988890204544
CC2(C)COP(=O)(NCCNP1(=O)OCC(C)(C)CO1)OC2,c1ccccc1,298.14,-3.150861982,-2.137133136784101
O/N=C(/c1ccccc1)C(=O)c2ccccc2,c1ccccc1,306.65,-0.194327676,0.7531777730815366
CCCCCCCCCCC(C)(C)C(=O)NO,c1ccccc1,299.15,-1.9999821569999998,-0.10395854765957346
c1ccc2C#CC#Cc3ccccc3C#CC#Cc2c1,c1ccccc1,293.15,-1.616797483,0.4227828521817471
O=C(OCC(C)C)[C@@H](O)[C@H](O)C(=O)OCC(C)C,c1ccccc1,293.15,-0.24585023,0.9363555266904169
O=C(c1ccccc1)c2cccc3c(cccc23)C(=O)c4ccccc4,c1ccccc1,298.15,-1.429002933,-0.12977345806649201
CCOC(=O)C(=NNc1cccc(Br)c1)C#N,c1ccccc1,288.15,-1.6073855940000001,-1.2699160335681041
C1C2CC3CC1CC(C2)C3,c1ccccc1,293.15,-0.83006313,0.25529065616915614
COc1ccc2C[C@@H]3[C@@H]4C=C[C@H](O)[C@@H]5Oc1c2[C@]45CCN3C,c1ccccc1,298.15,-0.476208277,0.14732851924358473
CCCCCC(CC)=NNC(N)=O,c1ccccc1,293.15,-0.469843114,-1.6196139858030996
Oc1c(cc(cc1[N+]([O-])=O)[N+]([O-])=O)[N+]([O-])=O,c1ccccc1,295.5499999999999,-0.482089511,-1.4942178893575846
Cl[P](Cl)(Cl)=N[S](=O)(=O)c1ccc2ccccc2c1,c1ccccc1,292.15,-0.778874472,1.258142694342058
C[P](=O)(c1ccccc1)c2ccccc2,c1ccccc1,298.12,-0.17839989,-2.6917119764127033
Cl[P]1(=N[P](=N[P](=N[P](=N1)(Cl)Cl)(Cl)Cl)(Cl)Cl)Cl,c1ccccc1,293.15,-0.392769265,2.98693791518817
C\C(=C/C(O)=O)c1ccccc1,c1ccccc1,294.15,0.015786616,-0.8930424387373975
C\C(=C\C(O)=O)c1ccccc1,c1ccccc1,294.15,-0.372644955,-1.2442129111706364
CC1(C)C2CC[C@@]1(C)C(=O)\C2=C(/O)c3ccccc3,c1ccccc1,290.15,0.10538808699999999,0.6286059662503507
c1ccc(cc1)\C=C\c2ccccc2,c1ccccc1,292.15,-0.24676631100000002,1.0514354079588524
[N-]=[N+]=NC(=O)c1ccccc1,c1ccccc1,293.15,0.7747851609999999,0.4826054550199288
CCCC(=O)NNC(=O)CCCC(=O)O,c1ccccc1,298.15,-2.30102397,-2.6557780642043354
Cc1ccc(cc1)N=Nc2ccc(O)cc2,c1ccccc1,303.15,-0.907224384,-1.5299177588383681
CCCCCCCCCCCC(O)=O,c1ccccc1,298.15,0.910290571,0.26360810478897495
Cc1cccc(C=NNc2ccc(cc2[N+]([O-])=O)[N+]([O-])=O)c1,c1ccccc1,293.15,-2.295674141,-0.9679251295121839
CCCCCCC=CC(N)=O,c1ccccc1,293.15,0.512299784,-1.2919647606791405
Oc1ccc(cc1)C(O)(c2ccccc2)c3ccccc3,c1ccccc1,293.15,-1.61750544,-1.0767806631531247
CCCCCCCCCCCCCCCCCC(O)=O,c1ccccc1,293.15,-1.131340971,2.289347878821471
CCCCCCCCC(C(O)=O)C(O)=O,c1ccccc1,298.15,-3.271932299,-1.2877406012279062
Clc1ccc2c3ccccc3C(=O)c4cccc1c24,c1ccccc1,293.15,-1.360352472,-1.6812117057626599
O=C1C[C@@H]2OCC=C3CN4CC[C@@]56[C@@H]4C[C@@H]3[C@@H]2[C@@H]5N1c7ccccc67,c1ccccc1,298.15,-1.700971947,-0.5166561966860382
O=C(c1ccccc1)c2cccc3cccc(C(=O)c4ccccc4)c23,c1ccccc1,298.15,-1.057741262,0.17251714223248205
[O-][N+](=O)c1ccc2c(Cc3cc(Br)ccc23)c1,c1ccccc1,291.15,-2.025217553,-1.485082813788742
CC1(C)Oc2ccc3C=CC(=O)Oc3c2C=C1,c1ccccc1,291.15,-0.009360791,-0.20368702013574858
CCCCCCCCCCCCC(=O)CCCCC(O)=O,c1ccccc1,298.15,-1.599833602,0.35691538659797667
COc1ccc2C[C@@H]3[C@@H]4CC[C@H](O)[C@@H]5Oc1c2[C@]45CCN3C,c1ccccc1,293.15,-0.349532325,0.12493984279022818
Cc1cc(O)cc(O)c1C,c1ccccc1,298.0499999999999,-1.6224350419999998,-1.9418711407447424
Nc1ccc2c(Cc3cc(Br)ccc23)c1,c1ccccc1,291.15,-1.0167593879999999,-1.5783995778726538
CN1[C@@H]2CC[C@H]1CC(C2)OC(=O)C(CO)c3ccccc3,c1ccccc1,288.15,-0.554508694,-0.7170449727227007
CC(=O)Oc1ccc(OC(C)=O)c2C(=O)c3ccccc3C(=O)c12,c1ccccc1,298.15,-1.723331411,-1.5421461366665832
Cc1ccc(cc1[N+]([O-])=O)[N+]([O-])=O,c1ccccc1,288.15,0.46489615100000004,-1.5881559680765855
CCOC(=O)\C=C(/C)NC(C)=O,c1ccccc1,291.15,-0.035717002000000005,-1.2193501255238515
CCOC(=O)/C=C(/C)NC(C)=O,c1ccccc1,293.15,0.371768325,-1.2084202477247752
CCOC(=O)C(=NNc1ccc2ccccc2c1)C#N,c1ccccc1,290.15,-0.773764165,-1.7193224642372742
O=C1CCc2cc(OCCCCc3nnnn3C4CCCCC4)ccc2N1,c1ccccc1,298.15,-2.961194289,-0.711069519260322
CCOC(=O)C(=NNc1ccc(cc1)[N+]([O-])=O)C#N,c1ccccc1,291.15,-1.768599812,-1.5866556328326442
Oc1cccc(c1)[N+]([O-])=O,c1ccccc1,298.15,-0.7489097920000001,-1.0031384529968357
c1ccc(cc1)[C@]2(c3c(cccc3)[C@](c4c2cccc4)(O)c5ccccc5)O,c1ccccc1,290.15,-2.08450955,0.9874691570906943
Cn1cnc2N(C)C(=O)N(C)C(=O)c12,c1ccccc1,298.15,-1.279463121,-0.4561625988247342
CC(=O)Nc1ccc(O)cc1,c1ccccc1,298.15,-1.908809846,-3.163431438168126
Cc5ccc(N(/C(=N/c1ccccc1)Nc2ccccc2)c4nc3cc(C)ccc3[nH]4)cc5,c1ccccc1,288.15,-1.789426964,3.255686392919787
OC(C(O)=O)c1cccc(Cl)c1,c1ccccc1,295.15,-1.837930711,-1.2037271657890452
C\C(=N/Oc1c(cc(cc1[N+]([O-])=O)[N+]([O-])=O)[N+]([O-])=O)c2ccccc2,c1ccccc1,298.15,-0.21101770399999997,0.7050842016221562
[O-][N+](=O)c1ccc(NN=Cc2ccc(Br)cc2)c(c1)[N+]([O-])=O,c1ccccc1,293.15,-3.1645229710000002,-0.9291124688956565
OC(=O)c1ccccn1,c1ccccc1,303.15,-1.4882368680000002,0.896356393117689
CC(=O)[C@H]1C[C@@H](CC(O)=O)C1(C)C,c1ccccc1,293.15,0.6857321390000001,-0.5953638337241304
OC(=O)c1ccccc1[N+]([O-])=O,c1ccccc1,298.15,-1.78259426,-1.8414587821361839
CC(C)(CO)CO,c1ccccc1,306.65,-0.5686459660000001,-0.38209885645270375
CSCC12CSCC(C1)C(=CC2=O)C,c1ccccc1,293.15,0.233182798,-0.1964898541308561
COc1ccc(c(O)c1)C(=O)c2ccc(OC)cc2O,c1ccccc1,298.15,-0.779675607,-1.533516584309297
Cc1ccc(cc1)C(=O)C=Cc2ccccc2,c1ccccc1,294.15,0.34222424,-0.013693080726794593
OOC(=O)c1ccc(Cl)cc1,c1ccccc1,293.15,-0.908580662,0.06692768761497549
CC\C(=C/C(O)=O)c1ccccc1,c1ccccc1,293.15,0.34482124299999994,-0.5759962746373459
CC\C(=C\C(O)=O)c1ccccc1,c1ccccc1,293.15,0.028899692,-0.9931414737356352
c1ccc(cc1)c2cc(cc(c2)c3ccccc3)c4ccccc4,c1ccccc1,293.15,-0.28650512300000003,1.4150251086770262
CCCCC(CCCC)(CCCC)C(=O)NO,c1ccccc1,299.15,-1.119177956,0.5666079042493223
c1ccc2c(c1)c3c4cccc5cccc(c45)c6c7ccccc7c8c9cccc%10cccc(c9%10)c2c8c36,c1ccccc1,293.15,-1.408933126,4.220795106669873
N#C/C(c1ccccc1)=N(=O)/c2cccc(Cl)c2,c1ccccc1,292.15,-0.774933372,-0.7483662307182799
CCCCCCCCCCCCCC(O)=O,c1ccccc1,293.15,0.049238397,0.6980198360200589
OC(=O)c1ccc(Br)cc1,c1ccccc1,293.15,-2.769211002,-1.8795960822270155
[O-][N+](=O)c1ccc(N/N=C/c2ccc(I)cc2)c(c1)[N+]([O-])=O,c1ccccc1,293.15,-3.035264331,-1.2417274626158659
[O-][N+](=O)c1cc(cc(c1)[N+]([O-])=O)[N+]([O-])=O,c1ccccc1,290.15,-0.595103096,-2.144741539133368
Cl[P]1(=N[P](=N[P](=N1)(Cl)Cl)(Cl)Cl)Cl,c1ccccc1,293.15,-0.108690891,2.306576428162933
CCCCCCCC\C=C/C(N)=O,c1ccccc1,293.15,-0.175447737,-0.4616298122698239
CCCCCCCC/C=C/C(N)=O,c1ccccc1,293.15,-1.843522888,-0.40095932815293767
[O-][N+](=O)c1ccc(Oc2c(cc(cc2[N+]([O-])=O)[N+]([O-])=O)[N+]([O-])=O)c(c1)[N+]([O-])=O,c1ccccc1,296.15,-1.930035861,-0.12778832099089854
COC1=C(C)C(=O)C=C2OC(=CC=C12)c3ccccc3,c1ccccc1,291.15,-1.8812965990000001,-0.8438845263766543
OC(=O)C(O)(CCl)c1ccccc1,c1ccccc1,291.15,-1.770899639,-1.0001950007550802
OC(=O)[C@@H]1c2ccccc2[C@@H](C(=O)c3ccccc3)c4ccccc14,c1ccccc1,293.15,-1.641298242,-0.05563207693284564
[O-][N+](=O)c1ccc(Nc2ccc(cc2[N+]([O-])=O)[N+]([O-])=O)c(c1)[N+]([O-])=O,c1ccccc1,288.15,-2.095440049,-1.378570487819278
CCOC(=O)c1ccc(NC(C)=O)cc1C,c1ccccc1,293.15,-0.7034209459999999,-1.3906540903141897
[nH]1c2ccccc2c3ccccc13,c1ccccc1,288.65,-1.4356601009999999,-1.427530596619468
Cc1cc(C)cc(c1)C(O)=O,c1ccccc1,293.15,-0.8627362040000001,-1.2459910766648696
[O-][N+](=O)OCCN(c1c(cc(cc1[N+]([O-])=O)[N+]([O-])=O)[N+]([O-])=O)[N+]([O-])=O,c1ccccc1,298.15,-1.7713091280000002,-0.7362614730533675
CN(C)c1ccc(cc1)C(=Nc2ccc(N)cc2)c3ccc(cc3)N(C)C,c1ccccc1,293.15,-1.364140502,1.3908805812948326
Oc1ccc(cc1Cl)N=Nc2ccccc2,c1ccccc1,303.15,-0.063451727,-0.14860831862526125
C(C=CC=CC=Cc1ccccc1)=CC=CC=Cc2ccccc2,c1ccccc1,292.15,-3.713825025,4.316049507597923
C[C@]12CC[C@H]3[C@@H](CCc4cc(OC(=O)c5ccccc5)ccc34)[C@@H]1CC[C@@H]2O,c1ccccc1,293.15,-1.098639112,0.6565634444606099
Cc1ncc(n1CCO)[N+]([O-])=O,c1ccccc1,298.15,-0.18707649399999998,-2.86309539606404
Cc1cc2C(=O)c3ccccc3c4c2c(c1)c5cc(C)cc6C(=O)c7ccccc7c4c56,c1ccccc1,296.15,-3.334529936,0.9096239873818106
CC1(C)[C@H]2CC[C@]1(C)C(=O)OC2=O,c1ccccc1,293.15,-0.52151522,0.11222924536790024
CCc1ccc(O)cc1O,c1ccccc1,298.0499999999999,-1.138024757,-1.2306922689916084
C1N2CN3CN1CN(C2)C3,c1ccccc1,293.15,-1.8424788980000002,-3.0880937408561113
N#C/C(c1ccccc1)=N(=O)/c2ccccc2Cl,c1ccccc1,292.15,-0.537254369,-0.6364039477658012
OC(=O)c1cccc(Br)c1,c1ccccc1,293.15,-1.1290028029999999,-1.4803466434836106
COc1ccccc1N=Nc2ccc(O)cc2,c1ccccc1,303.15,-1.374513995,-1.6437616377437325
CC(=O)c1ccc(cc1)N=Nc2cc(Cl)ccc2O,c1ccccc1,303.15,-1.088125655,-0.26063360223507365
OC(=O)c1cc(cc(c1)[N+]([O-])=O)[N+]([O-])=O,c1ccccc1,298.15,-2.369076072,-2.3713018920745785
OC(=O)\C=C/C(O)=O,c1ccccc1,298.15,-2.742015861,-2.5140521678746914
c1ccc2c(c1)ccc3c4ccccc4ccc23,c1ccccc1,293.15,-1.7695567859999999,-0.839446759795231
[O-][N+](=O)c1ccc(/C=C/C(=O)c2ccccc2)cc1,c1ccccc1,299.15,-1.251793355,-1.0436541740578966
COc1ccc(cc1)N=Nc2ccc(O)cc2,c1ccccc1,303.15,-1.095760394,-2.21907217476572
CCCCc1ccc(cc1)\C(=N\Nc2ccc(C)cc2)C(O)=O,c1ccccc1,293.15,-0.508019325,0.19296277105164839
N1c2ccccc2Sc3ccccc13,c1ccccc1,293.15,-0.812316622,-1.1245696492863966
OC(=O)CCCCCC(O)=O,c1ccccc1,298.15,-2.963223993,-3.0006130364829877
CN1C(=O)CC(C1=O)c2ccccc2,c1ccccc1,298.15,0.665550839,0.46218854550087596
C=CCC1(C(=O)NC(=O)NC1=O)c2ccccc2,c1ccccc1,293.15,-2.126571704,-1.4714293844333253
OC(=O)c1ccccc1,c1ccccc1,298.15,-0.12610793,-1.1091782637800898
Oc1cccc(O)c1O,c1ccccc1,298.15,-2.237086256,-1.9023226497711512
Cc1cc(C)c(CC(C)(C)C(=O)NO)c(C)c1,c1ccccc1,299.15,-1.6575917480000002,-0.3415157342919111
O=C1CCCCCCCCCN1,c1ccccc1,295.15,-1.076283953,-0.20402164141443582
O=C(c1ccccc1)C(=O)c2ccccc2,c1ccccc1,298.15,0.390657296,0.44567379909362737
[O-][N+](c1ccccc1)=C(C#N)c2ccccc2,c1ccccc1,294.15,-0.49864483600000004,-0.3670465063823224
CN(C)c1ccc(cc1)C(=NC(=O)c2ccccc2)c3ccc(cc3)N(C)C,c1ccccc1,289.15,-1.603796042,1.5623222402446297
OC(C=CC(O)(c1ccccc1)c2ccccc2)(c3ccccc3)c4ccccc4,c1ccccc1,297.15,-3.3984792039999996,2.317345482329844
CCCCCCCCCCCCCC(=O)NO,c1ccccc1,299.15,-1.15490196,0.371699785457283
Nc1cccc(c1)[N+]([O-])=O,c1ccccc1,298.15,-0.807836975,-0.49495927073101587
C[C@H]1[C@@H]2CC[C@@]3(C)C=CC(=O)C(=C3[C@H]2OC1=O)C,c1ccccc1,293.15,-0.7304691959999999,-1.4339165786089316
c1ccc(cc1)c2ccc(cc2)c3ccccc3,c1ccccc1,293.15,-1.244122266,0.25327692706886235
[O-][N+](=O)c1cc(c(c(c1)[N+]([O-])=O)[N+]([O-])=O)[N+]([O-])=O,c1ccccc1,296.15,-1.109455147,-1.070950285442456
CN(C)C(=O)Nc1ccc(Cl)c(Cl)c1,c1ccccc1,298.15,-2.4998752509999997,-0.908367213354796
CCc1c(N=Nc2ccccc2O)c(O)cc(C)c1c3ccccc3,c1ccccc1,303.15,0.47714113399999997,1.9082002622041512
OC(=O)c1ccc(Cl)cc1,c1ccccc1,293.15,-2.4704299080000003,-1.7846172020610889
OC(=O)c1ccccc1Br,c1ccccc1,293.15,-1.265213368,-0.8507082017825509
O=C1CCCCN1,c1ccccc1,295.15,0.90774067,-0.17723701037155415
CCOC(=O)C(=NNc1ccccc1[N+]([O-])=O)C#N,c1ccccc1,291.15,-0.498903775,-1.2607599601159443
c1(ccc(cc1)/C(=C\C(=O)O)/C)C,c1ccccc1,293.15,-0.23165676100000002,-2.4302329421723656
O=C1CCCCCCCN1,c1ccccc1,295.15,0.365336625,-0.45602743536131435
C1c2ccccc2c3c1c4c(Cc5ccccc45)c6c3Cc7ccccc67,c1ccccc1,293.15,-2.978281988,0.5409499508042988
OC(=O)c1ccccc1O,c1ccccc1,298.15,-1.307759578,-0.8485026878462963
OC(=O)c1ccccc1C(=O)c2ccc(O)cc2,c1ccccc1,294.15,-3.301444352,-2.845354447276036
O=C1c2ccccc2c3ccccc13,c1ccccc1,296.15,0.519243772,-1.2513402940847616
CCOc1ccc2nc3cc(ccc3c(Cl)c2c1)[N+]([O-])=O,c1ccccc1,293.15,-1.70288556,-1.037188697093597
OCCSCCO,c1ccccc1,298.15,-1.115140672,-1.5093774251762098
CN(C)c1ccc(cc1)c2ccc(cc2)N(C)C,c1ccccc1,291.15,-1.079810517,1.053991660242668
Oc1ccc(cc1)C=C2CCC(=Cc3ccc(O)cc3)C2=O,c1ccccc1,293.15,-3.465879329,-2.4828749371969496
CCCCCCCC(C(O)=O)C(O)=O,c1ccccc1,298.15,-2.401017236,-1.0221699421103787
OC(=O)c1cc(nc2ccccc12)c3ccccc3,c1ccccc1,294.15,-3.0309182910000003,-0.623748381354661
Clc1ccc(cc1)C(c2ccc(Cl)cc2)C(Cl)(Cl)Cl,c1ccccc1,303.15,0.322319043,0.4214544406960433
Fc1ccc(cc1)C(CCCN2CCC(CC2)N3C(=O)Nc4ccccc34)c5ccc(F)cc5,c1ccccc1,298.15,-2.141130509,1.9041349308083866
Cc1c(cc(c(O)c1[N+]([O-])=O)[N+]([O-])=O)[N+]([O-])=O,c1ccccc1,290.15,-0.313006034,-0.662522052210837
OC(=O)c1c2ccccc2c(c3ccccc3)c4c(c5ccccc5)c6ccccc6c(c7ccccc7)c14,c1ccccc1,293.15,-3.5233961160000002,4.854461810538148
Cl[S](=O)(=O)c1ccc2c(c1)cc(cc2[S](Cl)(=O)=O)[S](Cl)(=O)=O,c1ccccc1,293.15,-0.654767962,2.9824164272025286
Cc1ccc(C)c(c1[N+]([O-])=O)[N+]([O-])=O,c1ccccc1,288.15,-0.116525836,-0.5439468561578656
OC(=O)C=Cc1occc1,c1ccccc1,297.9899999999999,-1.005719859,-1.2903674293077225
c1ccc2c(c1)cccc2c3cccc4ccccc34,c1ccccc1,293.15,-0.5686379429999999,0.9929146400881541
C(C=CC=Cc1ccccc1)=CC=Cc2ccccc2,c1ccccc1,292.15,-2.333049073,2.5328491652678506
CC(C(O)=O)C(O)=O,c1ccccc1,298.15,-3.652584084,-1.6701131125985818
Cc1cc(c(C)c(c1[N+]([O-])=O)[N+]([O-])=O)[N+]([O-])=O,c1ccccc1,288.15,-0.984365267,-0.6175251951074381
C1=C(C(=CC2=C1OCCC2(C(=O)C3=CC=C4C(=C3O[H])C[C@@H](O4)C(C)C)[H])OC)OC,c1ccccc1,298.15,-0.407255773,1.346268964864615
Cc1ccc(cc1)[N+]([O-])=O,c1ccccc1,288.15,0.91133309,-0.24681792541207775
CCCCc1c(O)cc(C)cc1O,c1ccccc1,298.0499999999999,-1.026130102,-0.6582789835107007
Oc1ccccc1C(=O)Oc2ccccc2,c1ccccc1,303.15,0.558928709,1.1198298074859097
CCC(C)C1(CC)C(=O)NC(=O)NC1=O,c1ccccc1,293.15,-2.162492797,-0.9742276502674575
COC(C)C(NC(=O)c1ccccc1)C(O)=O,c1ccccc1,298.15,-0.44579644799999996,-1.7413025684194432
Cc1c(O)cccc1O,c1ccccc1,298.0499999999999,-1.144457574,-0.9201808123932514
c1ccc(cc1)c2ccccc2,c1ccccc1,298.15,0.732112358,0.7854884428119708
[O-][N+](=O)c1cccc2c1cccc2[N+]([O-])=O,c1ccccc1,289.15,-1.8153639590000001,-1.707316919253451
OC[P]1(=O)Oc2ccccc2c3ccccc13,c1ccccc1,300.67999999999995,-2.164161321,-1.0609237909707394
COc1ccc(cc1OC)C(=O)N2CCN(CC2)c3ccc4NC(=O)CCc4c3,c1ccccc1,298.15,-3.789551538,-1.6331069439911192
Cc1ccc2[nH]c(Nc3ccccc3)nc2c1,c1ccccc1,288.15,-2.327158636,-2.215472800379396
Cc1ccccc1C(O)=O,c1ccccc1,294.25,-0.138627526,-1.0080619840715812
Cc1cc(cc(c1O)[N+]([O-])=O)[N+]([O-])=O,c1ccccc1,288.15,0.215501725,-0.9219089061763271
CN(C)c1ccc(cc1)C(=Nc2ccccc2N)c3ccc(cc3)N(C)C,c1ccccc1,290.15,-1.139498852,1.7074028782285935
c1ccc2c(c1)c1CCN3C[C@@H]4CC[C@@H]([C@@H]([C@H]4C[C@H]3c1[nH]2)C(=O)O)O,CCO,289.65,-2.122892155,0.6843638325636457
CN(C)c1ccc(cc1)N=C=Nc1ccc(cc1)N(C)C,CCO,294.15,-1.772342835,1.0504977902411374
C(c1c(c(cc(c1O)Cl)Cl)Cl)c1c(c(cc(c1O)Cl)Cl)Cl,CCO,293.15,0.08947484300000001,1.8343335208102407
c1ccc(cc1)C(c1ccccc1)(c1ccccc1)SCCC(=O)O,CCO,293.15,-2.110796646,1.0140614438576536
c1cc2C(c3cc(cc(c3C(=O)c2c(c1)O)O)CO)C1[C@@H]([C@H]([C@@H]([C@@H](CO)O1)O)O)O,CCO,291.15,-1.4455959719999998,-0.5674943746852164
CN(c1c(cc(cc1[N+](=O)[O-])[N+](=O)[O-])[N+](=O)[O-])[N+](=O)[O-],CCO,291.15,-1.83088487,-0.8161098749124273
C[n+]1ccc2cc(c(cc2c1Cc1ccc(c(c1)OC)OC)OC)[O-],CCO,293.15,-1.4167569690000001,-0.45279332590652027
CCCC(=O)NCCNC(=O)CCC,CCO,298.15,-0.164919184,0.42510364741222595
C=C(C)C1CC(=O)C(C)C(=O)C1,CCO,291.15,-0.277683685,-0.02365338048183402
COc1ccc(c(c1)OC)N=Cc1ccc(cc1)c1ccccc1,CCO,295.15,-2.06048026,-0.596725820967083
CCOc1c(cc(cc1[N+](=O)[O-])[N+](=O)[O-])[N+](=O)[O-],CCO,288.15,-1.2902431540000001,-0.3979490546945438
CC12SC3(C)SC(C)(S1)SC(C)(S2)S3,CCO,293.15,-0.711484813,-0.5111616945153226
Cc1cc(C)nc(n1)NS(=O)(=O)c1ccc(cc1)N,CCO,298.14,-3.6815252480000002,-1.114744103411532
c1c(cc(c(c1Cl)OP(=O)(O)Oc1c(cc(cc1Cl)Cl)Cl)Cl)Cl,CCO,298.15,-0.6344782210000001,2.072339284333766
C[C@H]([C@@H](C(=O)O)N)O,CCO,298.15,-2.230886645,-0.9103507622567362
C1=CC(=O)C=CC1=O,CCO,291.15,-0.528663663,-0.4548051490294005
C([C@@H]1[C@H]([C@@H]([C@@](CCl)(O1)O[C@@H]1[C@@H]([C@H]([C@H]([C@@H](CO)O1)Cl)O)O)O)O)Cl,CCO,298.14,-0.610212632,-1.1292603687053924
CCCCCCCCCCCCCCCC(=O)OC(CO)CO,CCO,298.15,-3.8554810510000004,-0.6108447311547165
c1ccc(c(c1)/C=C/C(=O)O)[N+](=O)[O-],CCO,298.15,-1.969944603,0.22312741855610813
C[C@H]1CC[C@@H](CC1)n1c2cnccc2c2cnc(Nc3ccc4CN(CCc4n3)C(=O)CO)nc12,CCO,293.15,-2.673538801,0.44395051706974215
C(CCCC(=O)O)CCCC(=O)O,CCO,296.25,-0.032780167,-0.3847648594711164
COc1ccc(cc1)C(c1ccccc1)(C(c1ccccc1)(c1ccc(cc1)OC)O)O,CCO,298.15,-2.8517800039999996,1.6443096597823943
c1cc2cc(cc(c2c(c1)[N+](=O)[O-])[N+](=O)[O-])[N+](=O)[O-],CCO,296.15,-2.757471948,-0.9987932813629723
c1ccc(cc1)P(=O)(c1ccccc1)O,CCO,298.06,-0.817557062,-0.2360953054578558
CCC(C)(CC)OC(=O)NC(=O)N,CCO,291.15,-1.3252919140000001,-0.7127850502385655
CCC(=O)N(c1ccc(cc1)N(C)C)C(=O)Nc1ccc(cc1)N(C)C,CCO,293.15,-3.14716535,-0.6102654650712929
Cc1cc(C)c(c(C)c1)C(=O)C(C(c1ccccc1)c1ccccc1)Br,CCO,298.15,-2.2795539469999997,-0.297144097391702
C(C(=O)NCC(=O)O)NC(=O)N,CCO,298.15,-2.940199207,-2.5941131383963607
CO[C@@H]1[C@@H]([C@H]([C@H]([C@@H](C(=O)O)O1)O)O)O,CCO,293.15,-0.36417146,-1.9256958711247885
CC(=Cc1ccco1)C=NNC(=O)N,CCO,295.15,-2.0711745130000003,-1.5781381255847697
c1ccc(cc1)OC(=O)NC(=O)N,CCO,293.15,-1.674740629,-1.018085665739442
Cc1ccc(cc1)OP(=O)(Oc1ccc(C)cc1)Oc1ccc(C)cc1,CCO,298.15,-0.7150247259999999,0.5867486368877521
COc1ccc(cc1)c1cc(c2ccc(c(c2)OC)O)c(C#N)c(=O)[nH]1,CCO,298.14,-1.9276726780000002,-2.224581959446958
C(CCC(=O)O)CCNC(=O)N,CCO,298.15,-2.1214623759999998,-1.407941712537683
CC(C)COc1ccc(cc1C#N)c1nc(C)c(C(=O)O)s1,CCO,298.14,-1.519664904,0.3762568936066454
c1cc(ccc1C=O)[N+](=O)[O-],CCO,299.15,-0.42481882,-0.43732571793744923
CC(=O)Nc1nnc(s1)S(=O)(=O)N,CCO,298.15,-1.752447265,-0.6089858702394765
CC(=O)O[C@H]1CC[C@@]2(C)C(=CC[C@H]3[C@@H]4CCC(=NNC(=O)N)[C@@]4(C)CC[C@H]23)C1,CCO,293.15,-2.287266367,-0.18799522333539437
c1ccc(cc1)C(=O)C(c1ccccc1)(c1ccccc1)c1ccccc1,CCO,292.15,-2.500740305,-0.0965355605862894
CCOC(=O)c1c(C)oc2cc3c(cc12)oc(C)c3C(=O)OCC,CCO,293.15,-3.8239091789999997,-1.5698102143883896
COc1cc(ccc1O)c1cc(c2ccc(cc2)F)[nH]c(=O)c1C#N,CCO,298.14,-1.8845038509999998,-2.213256961832482
C([C@@H]([C@@H]1C(=C(C(=O)O1)O)O)O)O,CCO,298.14,-1.190535841,-1.325657117720139
CCCCCCCC[C@H]([C@@H](CCCCCCCCCCCC(=O)O)[N+](=O)[O-])O,CCO,291.15,-0.338961823,2.6630808400512094
CCCOC(=O)NC(=O)N,CCO,290.15,-1.28972567,-0.5915970830431964
CCCC(=O)O[C@H]1CC[C@@]2(C)C(=CC[C@H]3[C@@H]4CC[C@H]([C@H](C)CCCC(C)C)[C@@]4(C)CC[C@H]23)C1,CCO,293.15,-2.057621417,3.857668872340793
CCCCCCCCCCCCCCCC(=O)OCc1ccccc1,CCO,289.15,-1.124014873,1.1448870604674708
C[C@@H](c1ccc2cc(ccc2c1)OC)C(=O)O,CCO,298.15,-0.270813985,0.18519404894326916
CCCCS(=O)(=O)NNC(=O)C(c1ccccc1)(c1ccccc1)O,CCO,294.15,-0.298151846,0.20018139051107403
c1ccc(cc1)CC(C(=O)O)N,CCO,298.15,-2.579499754,-0.343471979868486
c1cc2c(cc1COC(=O)NC(=O)N)OCO2,CCO,289.65,-2.557397822,-1.768623431023154
C(C1C(C2C(O1)OC(C(Cl)(Cl)Cl)O2)O)O,CCO,293.15,-0.45647403799999997,-1.3194119049169997
Cc1c(c(C(=O)C)c2c(c1O)[C@@]1(C)C(=CC(=O)C(C(=O)C)C1=O)O2)O,CCO,298.14,-3.042182953,-0.13740988755918424
c1ccc2c(c1)C(=O)NS2(=O)=O,CCO,295.65,-1.064624923,-0.43612592506832937
C=C[C@@H]1[C@@H]2CCNC(=O)C2=CO[C@H]1O[C@H]1[C@@H]([C@H]([C@@H]([C@@H](CO)O1)O)O)O,CCO,293.15,-1.4030120209999999,-1.6572783484454092
c1cc(ccc1Cl)[N+](=O)[O-],CCO,290.15,-0.360673591,-0.7229715519204368
c1cc2c(c3CN[C@H]4c5cc6c(cc5C[C@H]([C@H]4c13)O)OCO6)OCO2,CCO,294.65,-1.8230751180000002,-0.7307677311056154
c1ccc2c(c1)cccc2OP(=O)(Oc1cccc2ccccc12)Oc1cccc2ccccc12,CCO,298.15,-2.6780337380000003,1.983394833272821
CCCCCCCCCCCCCCCC,CCO,298.2,-0.123006146,1.8079189443958599
C(=C\c1ccco1)/C=N/NC(=O)N,CCO,295.15,-1.483907359,-2.1090403519864633
CCC(=O)NNC(=O)CC,CCO,293.15,0.15053329,-0.05070264569751927
c1ccc(cc1)c1cccc(c1)N=Cc1ccc(cc1)[N+](=O)[O-],CCO,295.15,-1.917214297,-0.91202243172648
c1cc(ccc1Cl)OP(=O)(Oc1ccc(cc1)Cl)Oc1ccc(cc1)Cl,CCO,298.15,-1.854937284,1.053697395704997
CN(C(=O)C(=O)N(C)[N+](=O)[O-])[N+](=O)[O-],CCO,293.15,-1.547635776,-0.05254060415711319
C=CC(C)(C)c1c(C[C@H]2C(=O)N[C@@H](C)C(=O)N2)c2cc(CC=C(C)C)cc(CC=C(C)C)c2[nH]1,CCO,296.15,-2.7100684489999995,0.7656293564378444
CCOC(=O)C(C)SC1=N/C(=C\c2ccccc2)/C(=O)N1c1ccccc1,CCO,293.15,-1.756386539,0.34667347886133754
c1ccc(cc1)N(c1ccccc1)C(=O)N1CCCCC1,CCO,293.15,-0.814263086,-0.9575320590333687
CC(c1cccc(c1)C(=O)c1ccccc1)C(=O)O,CCO,298.15,0.557583436,0.8174517217071261
c1(c(c(Cl)nc(c1Cl)Cl)Cl)Cl,CCO,297.15,-1.8574379680000002,-0.3855595602050937
c1ccc(c(c1)N)[N+](=O)[O-],CCO,298.15,0.202103636,0.10986794966326716
CC1CCC(CC1)C(C)(C)OC(=O)NC(=O)N,CCO,290.15,-2.1291131709999997,-0.7958002581996427
C(#N)/C(=C(\C#N)/N)/N,CCO,298.15,-0.477535246,-1.596639695912133
C(C1C(=O)NC(=O)N1)C(=O)O,CCO,298.15,-1.850860257,-1.456538496164084
CCCCCCCCCCOC(=O)NC(=O)N,CCO,293.85,-2.542885865,-0.27480970731035126
c1ccc(cc1)c1cccc(c1[N+](=O)[O-])O,CCO,298.15,-0.156767152,0.20981272347789517
CC1(C)[C@@H]2CC[C@@]1(C)C(=O)C2,CCO,298.15,0.9724033129999999,-0.017810238917149078
CCN(CC)CCOC(=O)c1ccc(cc1)NC(=O)/C=C\C(=O)O,CCO,288.15,-3.31785744,0.09682615149073859
C([C@H]([C@H]([C@@H]([C@H](CS)O)O)O)O)O,CCO,293.15,-1.0667423679999999,-2.493716516940715
CCCCCCCCCCP(=O)(O)O,CCO,293.15,-0.522888515,1.3969515278830973
c1c(c(Cl)nc(c1Cl)Cl)Cl,CCO,297.95,-0.43387898700000005,0.04056880550580839
c1ccc(cc1)/N=N/c1ccc(cc1)Oc1nc(Cl)nc(Cl)n1,CCO,298.15,-2.31657923,0.5224475962555711
C=C1CCC[C@]2(C)C[C@]3(C(=C(C)C(=O)O3)C[C@@H]12)O,CCO,298.19,-0.858778798,-0.1045795882693435
C([C@H]([C@H]([C@@H]([C@@H](CO)O)O)O)O)O,CCO,298.15,-2.886123037,-3.071057356914157
c1ccc(cc1)COC(=O)NCCCCCC(=O)NCCCCCC(=O)NCCCCCC(=O)O,CCO,293.15,-1.7530018219999999,0.3068792547891714
Cc1cc(ccc1OCC(=O)Nc1ccccc1)Cl,CCO,298.15,-1.399099211,-0.2734756914323865
[C@@H]([C@H](C(=O)O)O)(C(=O)O)O,CCO,298.15,0.161805214,-0.8498049632640818
CN(C)CC(=O)O,CCO,298.15,0.09099315699999999,0.5299973775231458
c1ccc2c(c1)C=Cc1ccccc1N2C(=O)N,CCO,298.15,-1.101572489,-1.2591957501668904
C1=C(C(=O)C(=CC1=O)Br)Br,CCO,293.15,-1.248609112,-0.8514964201417246
c1ccc(cc1)c1c[nH]c(c2ccccc2)n1,CCO,298.15,-0.241601153,0.4665788933865468
c1ccc(cc1)P(=O)(c1ccccc1)c1ccccc1,CCO,299.15,0.265996328,-2.374473162899954
COc1c(cc(cc1[N+](=O)[O-])[N+](=O)[O-])[N+](=O)[O-],CCO,288.15,-1.11385346,-0.5691801921560715
CCCC(=O)O[C@@]1(CC[C@H]2[C@@H]3CCC4=CC(=O)CC[C@]4(C)[C@H]3[C@H](C[C@]12C)O)C(=O)COC(=O)CC,CCO,298.15,0.072203685,-0.09195403694237976
CCCCCC(=O)O[C@H]1CC[C@@]2(C)C(=CC[C@H]3[C@@H]4CC[C@H]([C@H](C)CCCC(C)C)[C@@]4(C)CC[C@H]23)C1,CCO,293.15,-2.208446731,4.768940131185249
c1ccc(cc1)c1ccc(cc1)Cl,CCO,298.15,-0.250254149,-0.28949425045068977
C=C(C)[C@@H]1CC[C@@]2(CC[C@]3(C)[C@H](CC[C@@H]4[C@@]5(C)CC[C@@H](C(C)(C)[C@@H]5CC[C@@]34C)O)[C@@H]12)CO,CCO,298.19,-2.813182486,3.8809027330348025
CCCCC(=O)O[C@H]1CC[C@H]2[C@@H]3CCc4cc(ccc4[C@H]3CC[C@]12C)OC(=O)c1ccccc1,CCO,293.15,-1.663336191,1.253613331887626
c1cc(cc(c1)N=NC(=O)N)C(=O)N,CCO,288.15,-1.5413612669999999,-1.682450444802393
CC(=O)Nc1ccccc1,CCO,293.15,0.22576712899999998,0.27133446619480067
Cc1c(cc(c(C)c1[N+](=O)[O-])[N+](=O)[O-])[N+](=O)[O-],CCO,293.15,-2.791240668,-0.7578216012760262
CN1Cc2c(ccc3c2OCO3)[C@H]2[C@H](Cc3cc4c(cc3[C@@H]12)OCO4)O,CCO,296.15,-2.1960533030000002,-0.023461667756729337
Cc1ccc2c(c1)nc(Nc1ccccc1)n2/C(=N\c1ccccc1)/Nc1ccccc1,CCO,288.15,-2.76918539,0.9997407993900541
c1ccc(cc1)N(c1ccccc1)c1ccc(cc1)/N=N/c1nc2ccc(cc2s1)N(=O)=O,CCO,298.15,-3.698977699,0.8998438366676953
c1ccc(cc1)CCCOC(=O)NC(=O)N,CCO,289.65,-2.1509303930000003,-0.7041477089256447
COc1ccccc1OCC(COC(=O)N)O,CCO,298.14,-1.13076721,-0.35934988382845995
COc1cc(ccc1O)c1cc(c2ccc(cc2)O)[nH]c(=O)c1C#N,CCO,298.14,-1.894535791,-2.2040160328974947
C(CCCCCCC(=O)O)CCCCCC1CCCC1,CCO,293.15,-1.175426029,2.46958603242468
COc1ccccc1NC(C(Cl)(Cl)Cl)Nc1ccccc1OC,CCO,298.15,-1.176880379,1.9058687815226292
c1ccc2c(c1)c1cccc3cccc2c13,CCO,298.15,-1.030859923,-1.9034526642275027
CCCCCCCCCCCCCCC1CCC(=O)O1,CCO,298.15,-1.5006028630000001,0.45998987040930694
c1ccc(cc1)P(=S)(NN)NN,CCO,298.15,-1.6304307530000002,-1.9699280444851388
C([C@@H]([C@H]([C@@H](CO)O)O)O)O,CCO,298.27,-1.382822954,-2.109624834559979
CC(C)Cc1ccc(cc1)C(C)C(=O)O,CCO,298.14,0.408240294,0.8797273381842484
C=C(C)C1CCC(C)CC1OC(=O)NC(=O)N,CCO,290.15,-1.9608016369999999,-0.7376869155839583
CCC(CC)(Cc1ccc(C)cc1)C(=O)NO,CCO,299.15,7.38e-06,-0.042139579500169506
c1ccc(cc1)C1SC(c2ccccc2)SC(c2ccccc2)S1,CCO,298.15,-3.064857195,0.7543016268452802
COc1cc(C=CC(=O)CC(=O)C=Cc2ccc(cc2)O)ccc1O,CCO,293.15,-0.876166503,-1.748052923505284
c1cc(ccc1c1coc2c(ccc(c2[C@H]2[C@@H]([C@H]([C@@H]([C@@H](CO)O2)O)O)O)O)c1=O)O,CCO,298.2,-0.637898744,-1.2986873677874713
c1ccc2c(c1)c(c1cc(ccc1n2)F)N,CCO,293.15,-0.7827305440000001,1.2045688385721778
CCC(C)(C)OC(=O)NC(=O)N,CCO,288.65,-1.189895628,-0.7678096239082819
CCN(CC)CCNC(=O)c1ccc(cc1)NC(=O)CCC(=O)O,CCO,288.15,-2.037161485,-0.9313151605596416
C=CCNC(=O)N(c1ccccc1)c1ccccc1,CCO,293.15,-0.030876928999999997,-0.6231014868744426
CCCC(CCC)(c1ccccc1)C(=O)NO,CCO,299.15,7.38e-06,0.18033333257195389
c1cc(cc(c1)S(=O)(=O)N)S(=O)(=O)N,CCO,298.15,-1.29423285,-1.4222397976586891
CC(C)CCCC(C)[C@H]1CC[C@H]2[C@@H]3CC=C4C[C@H](CC[C@]4(C)[C@H]3CC[C@]12C)O,CCO,291.15,-1.242931359,3.135614959571671
CC(C)CCC[C@@H](C)[C@H]1CC[C@H]2[C@@H]3CC=C4C[C@H](CC[C@]4(C)[C@H]3CC[C@]12C)OC(=O)CC(C)C,CCO,293.15,-2.0707580130000003,4.2343617702144085
CCCSc1ccc2c(c1)nc([nH]2)NC(=O)OC,CCO,298.15,-2.879728133,-0.1583126288911092
c1cc2c(ccc(c2nc1)C(=O)O)[N+](=O)[O-],CCO,298.15,-2.356521808,-0.7058759073898817
c1ccc(cc1)C(c1ccccc1)C(c1ccccc1)(c1ccccc1)O,CCO,292.15,-2.891425943,0.7187901537314381
Cc1coc2c3ccc4c(CCCC4(C)C)c3C(=O)C(=O)c12,CCO,293.29,-2.530177734,-1.4458672798007224
CCCCCCCCC/C=C/C(=O)N(c1ccc(cc1)N(C)C)C(=O)Nc1ccc(cc1)N(C)C,CCO,293.15,-2.440378684,0.7648983924587862
C(CCCCCNCCCCN)CCCCC(=O)O,CCO,293.15,-2.5321665380000002,0.6420223519529114
c1c(cc(c(c1[N+](=O)[O-])N)[N+](=O)[O-])[N+](=O)[O-],CCO,292.65,-2.357119443,-0.8287501248828225
COC(=O)NC(=O)N,CCO,290.15,-1.9260924419999998,-0.919574574966132
CCOc1ccc(c(c1)n1nc2ccccc2n1)NC(=O)C,CCO,298.15,-0.764203979,0.09070871350974608
CCn1cc(c(=O)c2cc(c(nc12)N1CCNCC1)F)C(=O)O,CCO,298.15,-2.833490265,-1.1947902696585393
C(CCCCCNCCCCCCCCN)CCCCC(=O)O,CCO,293.15,-2.17416425,1.3804331706606296
c1ccc(c(c1)C(=O)O)Cl,CCO,298.15,0.052120124000000004,0.6505544774727816
c1ccc(cc1)c1cc(=O)c2c(cc(c(c2O)O)O[C@H]2[C@@H]([C@H]([C@@H]([C@@H](C(=O)O)O2)O)O)O)o1,CCO,298.19,-2.484920005,-0.9816910185605358
C1CN2CCN1CC2,CCO,298.14,-0.798443109,0.16831805052029677
CC(=NNc1ccc(cc1[N+](=O)[O-])[N+](=O)[O-])c1ccccc1,CCO,298.15,-3.692187894,-1.2829259060905682
c1ccc(cc1)/C=C(\c1ccccc1)/C(=O)c1ccccc1,CCO,293.15,-1.374682678,-0.2372497284195935
c1ccc(c(c1)Cl)OP(=O)(O)Oc1ccccc1Cl,CCO,298.15,0.357035676,2.724347464817203
c1cc(c(cc1c1coc2cc(cc(c2c1=O)O)O)O)O,CCO,291.15,-0.901912418,-0.6985621418567483
c1cc(ccc1Cl)N1CC(=NC1=O)N1CCOCC1,CCO,293.15,-2.512234384,-2.1529623738647206
c1cc(ccc1C(=O)OCC(CO)O)Br,CCO,299.15,-0.234013975,-0.45680326353570044
c1ccc(c(c1)[N+](=O)[O-])O,CCO,298.15,0.41663846200000004,0.12393719810605006
CCOc1c2c(c(c(c1OCC)OCC)N)C(=O)OC2C1c2c(CCN1C)cc1c(c2OC)OCO1,CCO,293.15,-2.301506589,1.6047192212791814
C/C=C/C(=O)N(c1ccc(cc1)N(C)C)C(=O)Nc1ccc(cc1)N(C)C,CCO,293.15,-2.763698043,-0.89872300518714
c1ccc(cc1)/N=N/c1ccc(c2ccccc12)N(c1ccccc1)c1ccccc1,CCO,298.15,-2.331620312,1.5121727291824723
c1ccc2c(c1)C(=Nc1ccccc1[N+](=O)[O-])OC2=O,CCO,293.15,-1.249528783,-1.667681795802804
c1ccc(cc1)N=Cc1ccc(cc1[N+](=O)[O-])[N+](=O)[O-],CCO,295.15,-1.954676329,-1.0254986084010957
CC(=O)CC(c1ccccc1)C(CC(=O)C)c1ccccc1,CCO,288.15,-2.070987471,-0.41241058239126144
CCCCCCCCCCCCCCCCCNC(=O)CCCCC(=O)O,CCO,290.15,-2.30514198,1.6238474056954635
c1ccc(c(c1)[N+](=O)[O-])[N+](=O)[O-],CCO,298.15,-2.74846971,-0.9881369020621453
CCCCCCCC/C=C/C(=O)N(c1ccc(cc1)N(C)C)C(=O)Nc1ccc(cc1)N(C)C,CCO,293.15,-2.7698847730000002,0.3551949790975364
CCOC1(C(c2ccccc2)Br)C(=O)N(C)C(=O)N1,CCO,293.15,-1.708604119,-0.0037211490790113044
C1CCC(CC1)C(=O)N(C1CCCCC1)O,CCO,298.15,-0.7662673940000001,0.3593567472542696
CC(C(=NNC(=O)N)C)c1ccccc1,CCO,293.15,-1.353697444,-0.8177587063272093
c1cc(c(c(c1)[N+](=O)[O-])O)[N+](=O)[O-],CCO,287.15,-0.627467868,-1.1541815935116757
Cc1ccc(cc1)Nc1[nH]c2ccc(C)cc2n1,CCO,288.15,-0.9465840390000001,-0.3222145068030885
CC[C@H](C)[C@@H](C(=O)O)NC(=O)C,CCO,293.15,0.7137300329999999,0.007675672702037034
c1cc2c(Cc3cc(ccc23)N)cc1Cl,CCO,291.15,-1.21472305,-1.4135510908543871
Cc1c(C)noc1N(C(=O)C)S(=O)(=O)c1ccc(cc1)N,CCO,293.15,-1.734569649,-1.2116918053182169
c1ccc2c(c1)nc1cccc(c1n2)C(=O)O,CCO,298.19,-2.19382051,-1.4709679562839364
c1ccc(cc1)C=NNc1ccccc1,CCO,297.15,-1.139914495,0.6220754706481065
c1cc(cc(c1)Cl)c1cc(c(C(=O)NCC(=O)O)nc1)O,CCO,295.15,-0.9552419390000001,-1.026710842112856
Cc1cccc2cc(C(=O)O)c(=O)oc12,CCO,287.15,-0.9520826059999999,-0.3010763844316994
CCC(CC)OC(=O)NC(=O)N,CCO,291.15,-1.2427888120000001,-0.5764887638010499
COc1ccc(c(c1)OC)/N=C/c1ccc(cc1N(=O)=O)N(=O)=O,CCO,295.15,-3.22184875,-1.5934568175804515
C(CCNC(=O)N)CC(=O)O,CCO,298.15,-2.118229479,-1.4574778180719294
CC(C(=O)O)NC(=O)Nc1cccc2ccccc12,CCO,298.15,-1.481419875,-0.3487820759011534
[C@@H]1([C@@H]([C@H]([C@H]([C@@H]([C@H]1Cl)Cl)Cl)Cl)Cl)Cl,CCO,293.15,-0.7602201129999999,-1.117037414049018
C1CCN2C[C@H]3C[C@H](CN4CCC[C@@H]([C@H]34)O)[C@@H]2C1,CCO,290.15,-1.10546509,0.06321005021276066
CCCC(Cc1ccccc1)/N(N(\O)/C(CCC)Cc1ccccc1)/O,CCO,298.15,0.041390235,1.7694801265105047
c1cc(c(c(c1)[N+](=O)[O-])Cl)C(=O)O,CCO,298.15,-0.207507264,0.6214763457715362
c1ccc(cc1)C(=NNc1ccc(cc1[N+](=O)[O-])[N+](=O)[O-])c1ccccc1,CCO,298.15,-3.689890553,-0.8797633356647392
Cc1c2ccccc2c(C)c2ccccc12,CCO,293.15,-2.235290614,-1.0025808365164852
Cn1cc(c(=O)[nH]c1=O)[N+](=O)[O-],CCO,290.15,-2.1725826269999997,-1.4268195693404508
CCCCCC(=O)NCCNC(=O)CCCCC,CCO,298.15,-0.597324383,0.436121622640801
C=C(C)[C@H]1Cc2c(ccc3C(=O)[C@H]4c5cc(c(cc5OC[C@H]4Oc23)OC)OC)O1,CCO,293.15,-2.294933337,-0.3973726918807306
C[C@]12CCC(=O)C=C1CC[C@H]1[C@@H]3CC[C@](C(=O)CO)([C@@]3(C)C[C@@H]([C@H]21)O)O,CCO,298.19,-1.391988349,-1.476049542174748
CCc1ccc(cc1)C(=O)c1ccccc1C(=O)O,CCO,294.9,0.32238574,-0.17531278495014146
CC(C)(C)c1cc(c(cc1O)C(C)(C)C)O,CCO,298.04,0.157251372,0.7579608052866116
c1ccc(c(c1)Cl)OC(=O)NC(=O)N,CCO,291.15,-2.041611296,-0.8322258988053874
c1c(cc(c(c1O)O)O)[C@@H]1[C@H](C(=O)c2c(cc(cc2O1)O)O)O,CCO,298.15,-0.275046998,-0.529184348962876
CC(=O)CC1=C(C(=O)O[C@@H]1C)C(C)(C)[C@@H]1C(=O)C(C)OC1=O,CCO,293.15,-0.6931371740000001,0.07056859852773562
c1ccc(c(c1)C(=O)N=[N+]=[N-])[N+](=O)[O-],CCO,293.15,-0.78430213,0.15437730990960585
CCCCCCCCCCCCCC(C(C(=O)O)O)O,CCO,292.15,-1.4074592780000001,0.9490480866523445
COC(=O)C(C(C(=O)OC)OC(=O)c1ccccc1)OC(=O)c1ccccc1,CCO,298.15,-2.316835803,-0.2290985381951874
c1ccc2c(c1)c1=Nc3cccc(=Nc4c5ccccc5c(N=c5cccc([nH]5)N=c2[nH]1)[nH]4)[nH]3,CCO,298.0499999999999,-1.681923089,2.8233247406890816
C[N+](C)(C)CC(=O)[O-],CCO,291.45,-0.237499612,-0.613612555556585
C[C@@H](c1cc2ccc(cc2nc1c1ccccn1)F)Nc1c2c([nH]cn2)ncn1,CCO,293.15,0.24014674800000002,-0.6699795312290872
c1ccc(cc1)C(=O)N,CCO,298.15,0.138857616,0.17757866990568166
c1cc(ccc1c1cc(=O)c2c(cc(cc2o1)O)O)O,CCO,298.15,-2.219563635,-0.4364781497077624
CC(C)[C@@H](C(=O)O)N,CCO,298.0499999999999,-3.601867258,0.31414359368051725
CC(C(=O)O)N(CCC(=O)O)C(=O)C,CCO,298.15,-0.06824823299999999,-0.49489173260154384
C1=CC[C@@H]2[C@H](C1)C(=O)N(C2=O)SC(Cl)(Cl)Cl,CCO,299.15,-2.015580865,-1.157710524024758
CCN(CC)CCOC(=O)c1ccc(cc1)NC(=O)CCC(=O)O,CCO,288.15,-3.388272563,0.1824744552120171
CC(=O)O[C@H]1CC[C@H]2[C@H]3Cc4ccc(c5c4[C@@]2(CCN3C)[C@H]1O5)OC,CCO,293.15,-0.7847153109999999,1.2856580174132026
c1ccc(cc1)c1cc(ccc1[N+](=O)[O-])O,CCO,298.15,0.054531415,0.013050533441474273
CC(=O)[C@@]12[C@@H](C[C@H]3[C@@H]4CCC5=CC(=O)CC[C@]5(C)[C@H]4CC[C@]13C)O2,CCO,297.7,-1.4421763669999998,-2.060124698957036
CCOc1cc(c(cc1[N+](=O)[O-])[N+](=O)[O-])Cl,CCO,298.15,-1.54690736,-0.4657684143486348
c1ccc(cc1)Nc1ccc(cc1N)Cl,CCO,293.15,-0.436730994,0.29513504108312627
COc1ccc(cc1)N=Cc1ccccc1,CCO,295.15,-1.500312969,-0.5331654451664728
Cc1cc(ccc1Nc1c(cc(C)s1)C#N)N(=O)=O,CCO,298.15,-1.7257003480000002,-1.4558916550574224
c1ccc(cc1)P(=O)(c1ccccc1)c1cc(ccc1O)O,CCO,298.25,-0.964369565,-0.686680701618024
Cc1ccc(cc1)S(=O)(=O)N,CCO,298.14,-0.047210424,-0.13657992511252207
c1c(cc(c(c1O)O)O)C(=O)O,CCO,298.19,-0.057056573,-0.2564178775949581
CCCC(CCC)(C1CCCCC1)C(=O)NO,CCO,299.15,-7.2000000000000005e-06,0.5412826297695515
C=C[C@H]1CN2CC[C@H]1C[C@H]2[C@@H](c1ccnc2ccc(cc12)OC)O,CCO,298.15,0.607805464,0.2091055437527881
Cc1ccc2ccc(C)cc2c1,CCO,295.7999999999999,0.074274412,-0.7027894517734466
c1cc(cc(c1)Nc1ccc(cc1N)Cl)Cl,CCO,293.15,-1.558247295,0.6570676345636947
CC1(C)[C@H](CC[C@@]1(C)C(=O)O)C(=O)O,CCO,298.15,0.597868172,0.11582282225780045
Cc1c(C#N)c(c2ccccc2)n(c2ccccc2)n1,CCO,293.15,-2.4793208140000003,-0.7030108415125034
COc1cc(ccc1O)CC1COC(=O)C1Cc1ccc(c(c1)OC)O,CCO,291.15,-0.7028724829999999,-0.7059409421238172
c1cc(cc(c1)[N+](=O)[O-])C(=O)N=[N+]=[N-],CCO,293.15,-1.432119612,0.006443590424827575
c1c(c(cc(c1[N+](=O)[O-])O)O)[N+](=O)[O-],CCO,298.15,-2.222083205,-0.9545092667529731
Cc1ccc(C)c(c1)OP(=O)(Oc1cc(C)ccc1C)Oc1cc(C)ccc1C,CCO,298.15,-0.780751347,1.0757280204670188
c1ccc(cc1)NN=C(C#N)C#N,CCO,298.15,-0.492149724,-1.1114951468329597
CC(C)NCC(COc1ccc(cc1)CC(=O)N)O,CCO,298.19,-0.725034713,-0.2973328212446581
CC1(C)CC[C@@]2(CC[C@]3(C)C(=CC[C@@H]4[C@@]5(C)CC[C@@H](C(C)(C)[C@@H]5CC[C@@]34C)O)[C@@H]2C1)C(=O)O,CCO,298.29,-1.869666337,3.8082667727558634
CC(C)COC(=O)c1ccc(cc1)N=Nc1ccc(cc1N)N,CCO,298.15,-0.68916985,0.9803542042837563
C(COCn1cnc2c1[nH]c(N)nc2=O)O,CCO,295.65,-3.398339376,-3.264547618718231
c1cc(C=C2COCC(=Cc3ccco3)C2=O)oc1,CCO,293.15,-2.4086774319999997,-0.7701330893751801
CC(CCC1CCCCC1)OC(=O)NC(=O)N,CCO,290.15,-2.0078087190000002,-0.7077735815632896
Cc1ccc2cc(C(=O)O)c(=O)oc2c1,CCO,287.15,-1.65680494,-0.334182294529623
COc1ccc(cc1)S(=O)(=O)NNC(=O)C(c1ccccc1)(c1ccccc1)O,CCO,294.15,-2.57399547,-0.20343604377048013
C([C@@H](C(=O)O)N)O,CCO,298.0499999999999,-3.745111985,-1.19078254718947
COc1ccc(cc1)N=Cc1ccc(cc1[N+](=O)[O-])[N+](=O)[O-],CCO,295.15,-2.2839971,-2.063660189379588
c1ccc2cc3ccccc3cc2c1,CCO,298.15,-2.1037009909999997,-1.5050558689548115
CCC(CC)CC1(CCO)C(=O)NC(=S)NC1=O,CCO,298.15,-0.649968662,0.2552123831323583
c1ccc(cc1)C(=O)C=P(c1ccccc1)(c1ccccc1)c1ccccc1,CCO,299.15,-0.563834417,1.0871863049185768
CN(C)c1ccc(cc1)C(=NC(=S)Nc1ccccc1)c1ccc(cc1)N(C)C,CCO,289.15,-1.7493147,-0.16546909964306544
C[C@H]1C[C@](C)(C[C@@H]([C@@H](CC2CC(=O)NC(=O)C2)O)C1=O)O,CCO,298.15,-0.297178144,-0.31645359986009153
c1cc(cc(c1)O)C(=O)N,CCO,293.15,-0.387215989,-0.23400638215631794
CC1(C)COP(=O)(C(C)(C)O)OC1,CCO,298.34,-0.223633396,-0.04873810545661914
c1ccc2c(c1)Cc1ccccc21,CCO,298.34,-0.8622844540000001,-0.4869459843578066
CCS(=O)(=O)C(C)(C(Cl)(Cl)Cl)S(=O)(=O)CC,CCO,293.15,-1.266915455,0.7727266685663672
CO/N=C(/c1csc(N)n1)\C(=O)O,CCO,298.16,-2.672337227,-1.4767845960314077
C1[C@@H]([C@H]([C@@H]([C@H]([C@@H]1N)O[C@@H]1[C@@H]([C@H]([C@@H]([C@@H](CO)O1)O)N)O)O)O[C@@H]1[C@@H](C[C@@H]([C@@H](CN)O1)O)N)N,CCO,298.14,-1.7078809730000002,-5.281050632395029
c1ccc(cc1)SCCS(=O)CCSc1ccccc1,CCO,291.15,-1.508551265,1.343988265692037
CN1CCN(CC1)c1cc2c(cc1F)c(=O)c(cn2c1ccc(cc1)F)C(=O)O,CCO,298.14,-0.061450863,0.1721950433769114
COCN1C(=O)c2ccccc2C1=O,CCO,298.15,-1.48557607,-0.18660903542823049
c1ccc(cc1)C(=O)c1ccc(cc1)C(=O)c1ccccc1,CCO,288.15,-2.854806862,-1.6566321991835338
CCC[C@H]1CC2=C(C[C@@H](CC)CC3=C1C(=O)OC3=O)C(=O)OC2=O,CCO,293.15,-2.0444783490000003,-0.10018557603257885
CCCCCCCCOC(=O)c1cc(c(c(c1)O)O)O,CCO,293.15,0.192684881,0.5480165677442783
Cc1ccc2c(c1)C(=O)c1cc(ccc1C2=O)C(=O)O,CCO,295.15,-2.080894376,-1.2221993199907304
COc1cc(c(c(c1OC)[N+](=O)[O-])[N+](=O)[O-])[N+](=O)[O-],CCO,292.15,-1.8343555230000002,0.3029260145493869
c1ccc(cc1)COP(=O)(OCc1ccccc1)OCc1ccccc1,CCO,298.15,0.167716211,-0.1417811399594819
CCCC(C)CC1(CCO)C(=O)NC(=S)NC1=O,CCO,298.15,-0.841870015,0.13696079357673205
CCCC(=O)N(c1ccc(cc1)N(C)C)C(=O)Nc1ccc(cc1)N(C)C,CCO,293.15,-2.589989393,-0.6899530609637781
c1cc(ccc1Cl)Cl,CCO,298.15,-0.20828776,0.2794652389970402
CN(C)CCn1c(nnn1)S,CCO,298.14,-2.977160211,-0.5580677444221493
c1cc(ccc1C(=O)Nc1ccc(cc1N)N)N,CCO,293.15,-1.863368836,-1.2359429057240598
c1ccc2c(c1)C(=O)OC2(Nc1cccc(c1)[N+](=O)[O-])Nc1cccc(c1)[N+](=O)[O-],CCO,293.15,-1.418572841,-0.2227720305675057
C[C@H]1C(=O)CC[C@@H]2[C@]1(C)CC[C@H]1[C@@]2(C)CC[C@@]2(C)[C@@H]3CC(C)(C)CC[C@]3(C)CC[C@]12C,CCO,294.15,-2.926857727,2.799832351984381
CC1(C)COP(=O)(NCCNP2(=O)OCC(C)(C)CO2)OC1,CCO,298.14,-2.1329903669999997,0.13739076505638373
C[C@]12C=CC(=O)C=C1CC[C@H]1[C@@H]3CC[C@](C(=O)CO)([C@@]3(C)C[C@@H]([C@H]21)O)O,CCO,298.19,-1.171224459,-1.3921439998240759
CC(=O)NCC(=O)O,CCO,297.14,-1.0869400790000001,-0.45726555253092266
CC(=O)Nc1cccc2ccccc12,CCO,298.15,-0.766231448,-0.24747798886557698
CCCCCCCCCCC(C)(C)C(=O)NO,CCO,299.15,0.0,0.40288087812049
CC(C(=O)c1ccccc1)C(=O)c1ccccc1,CCO,293.15,-0.772286248,-0.6116006515996553
C1C[C@@H](C(=O)O)NC1,CCO,292.15,-0.987862687,0.5092569160687831
CC(C)COC(=O)[C@H]([C@@H](C(=O)OCC(C)C)O)O,CCO,298.15,0.24485169199999998,0.16930221181262653
CCC(CC)(CC(C)C)OC(=O)NC(=O)N,CCO,289.15,-1.23520234,-0.2131499835245091
c1ccc(cc1)COC(=O)NC(=O)N,CCO,290.15,-1.945804181,-0.8826400672275712
CCCCC(CC)CC(CC)(CC)C(=O)NO,CCO,299.15,0.0,0.7974972204202643
c1ccc(cc1)N(c1ccccc1)c1ccc(cc1)/N=N/c1ccc(cc1)S(=O)(=O)C(F)(F)F,CCO,298.15,-2.130189117,0.9715071084862675
CC1CCCCC1OC(=O)NC(=O)N,CCO,291.15,-1.43525916,-1.0027916596481656
CN1CC[C@]23[C@H]4C=C[C@@H]([C@@H]3Oc3c(ccc(C[C@@H]14)c23)OC)O,CCO,298.15,0.222761727,1.022431866589889
CCC1(CCO)C(=O)NC(=S)NC1=O,CCO,298.15,-0.564126195,0.09520120585626882
CN(C)c1ccc(cc1)C(C#N)(c1ccccc1)c1ccc(cc1)N(C)C,CCO,297.65,-2.508637242,0.08191112498534389
c1ccc2c(c1)c(=O)nc(c1ccccc1S(=O)(=O)N)[nH]2,CCO,295.65,-2.612749267,-1.4966339785009117
c1ccc(cc1)C(c1ccccc1)(C(=O)NNS(=O)(=O)c1ccccc1)O,CCO,294.15,-0.71333159,0.1225286737953925
CCCCCCC(=O)N(c1ccc(cc1)N(C)C)C(=O)Nc1ccc(cc1)N(C)C,CCO,293.15,-2.761892022,-0.5073798943309278
c1cc(ccc1C(=O)O)[N+](=O)[O-],CCO,298.15,-0.860124642,-0.21306752117009575
c1cc(ccc1C(=O)N[C@@H](CCC(=O)O)C(=O)O)NCc1cnc2c(c(=O)nc(N)[nH]2)n1,CCO,298.15,-2.921360783,-4.513918280462633
Cc1c(c(c(c(c1Br)Br)Br)Br)Br,CCO,293.15,-3.670157508,-3.094342479535575
c1ccc(cc1)Nc1ccc(cc1)n1nc2ccccc2n1,CCO,298.15,-1.155845958,-0.3284817442174037
COc1ccc(cc1)N=Cc1ccc(cc1)[N+](=O)[O-],CCO,295.15,-1.9625742640000001,-2.323536714047229
COc1cc(C=CC(=O)O)cc(c1O)OC,CCO,298.14,-0.687277577,-0.7038792837832143
CCOC(=O)Nc1ccc(cc1N)NCc1ccc(cc1)F,CCO,293.15,-1.18089396,-0.2958481865411923
CC[C@H](C)C(=O)O[C@H]1C[C@@H](C)C=C2C=C[C@H](C)[C@H](CC[C@@H]3C[C@H](CC(=O)O3)O)[C@@H]12,CCO,298.15,-1.218807164,-0.5398174481538055
Cc1ccc(cc1)C(CCC(c1ccccc1)(c1ccc(C)cc1)O)(c1ccccc1)O,CCO,295.15,-1.90910954,2.6838595812279795
c1ccc2cc(ccc2c1)OP(=O)(Oc1ccc2ccccc2c1)Oc1ccc2ccccc2c1,CCO,298.15,-2.6780337380000003,1.7460370141834327
CCCCCCCCCCCCCCCCCNC(=O)CCCCCCCCC(=O)O,CCO,294.15,-2.52923583,3.6812462637464978
CN1[C@H]2CC[C@@H]1[C@H]([C@H](C2)O)C(=O)O,CCO,290.15,-1.093780574,0.7408002699259832
c1ccc(cc1)/C=C/c1ccccc1,CCO,298.15,-1.25995379,0.41680769113885585
CCCn1c2c(c(=O)n(CCC)c1=O)[nH]c(C13CC4CC(CC3C4)C1)n2,CCO,293.15,-1.296748044,-0.4267809640049096
c1ccc(cc1)C(=O)N=[N+]=[N-],CCO,293.15,0.008276759,0.21632201761817252
CCCCCCCCCCCCCCCCCCCCCCCC,CCO,293.0,-2.45058394,5.627205022915926
c1ccc(cc1)N(c1ccccc1)c1ccc(cc1)/N=N/c1ccc(cc1C(F)(F)F)N(=O)=O,CCO,298.15,-3.236573593,0.3512670250876843
CCCCCCCCCCCC(=O)O,CCO,293.15,0.555510462,1.0187792293952223
CCCCC(=O)N(c1ccc(cc1)N(C)C)C(=O)Nc1ccc(cc1)N(C)C,CCO,293.15,-2.685396149,-0.6793274454868752
CS(=O)(=O)c1ccc(cc1)C=O,CCO,298.14,-2.168330068,-1.2947791447073398
CC(C)c1ccc(cc1)NC(=O)N(C)C,CCO,293.15,-0.5662859379999999,-0.8247018774983681
Cc1ccccc1S(=O)(=O)NNC(=O)C(c1ccccc1)(c1ccccc1)O,CCO,294.15,-0.314498856,0.3599758512399692
c1cc2c3ccc(cc3C(c2cc1Br)O)N,CCO,291.15,-1.9240858769999998,-1.7735850145062673
CC(C)CCC[C@@H](C)[C@H]1CC[C@H]2[C@@H]3CC=C4C[C@H](CC[C@]4(C)[C@H]3CC[C@]12C)OC(=O)C(C)C,CCO,293.15,-2.057621417,3.469578173273371
CCCCCCCCCCCCCCCCOC(=O)CCCCCCCCCCCCCCC,CCO,295.15,-3.0901704469999998,6.7961208781312905
Cc1cc(cc(C)c1Oc1c(c(N)nc(Nc2ccc(cc2)C#N)n1)Br)C#N,CCO,298.15,-3.767782892,-0.5245279535823594
CC(c1ccccc1)OC(=O)NC(=O)N,CCO,292.15,-1.486007272,-0.7320506381802304
c1ccc(cc1)C(c1ccccc1)(C(=O)NNS(=O)(=O)c1ccc(cc1)N)O,CCO,294.15,-1.9628000680000002,-0.3371269392630572
CCC(C(=O)O)NC=O,CCO,298.15,-0.449776358,-0.19779435067589818
c1c(cc(cc1O)O)O,CCO,298.15,0.53062241,0.09970381979808432
CCCC1(CCO)C(=O)NC(=S)NC1=O,CCO,298.15,-0.204123,-0.003242674050755905
CC(=O)Nc1ccc(cc1)C(=O)O,CCO,293.15,-0.7670042440000001,-0.4746908234005094
CCCCCCCOC(=O)NC(=O)N,CCO,292.85,-1.7038371280000002,-0.5770243045332356
c1ccc(cc1)c1cccc(c1)/N=C/c1ccc(cc1N(=O)=O)N(=O)=O,CCO,295.15,-2.0655012580000003,-0.7371841268749826
CCC1(CC)C(=O)NC(=S)NC1=O,CCO,293.15,-0.014917656000000001,-0.028143436007452366
CC1=NNC(=O)N(C1)/N=C/c1cccnc1,CCO,293.15,-1.9847372840000002,-1.8713467593583033
c1cc(ccc1O)O,CCO,297.65,0.533701714,1.1692840972029808
CCCCCCCCCCCCCCCCCC(=O)O,CCO,298.15,-0.600165637,3.0018384595773298
c1ccc2c(c1)c(CC(C(=O)O)N)c[nH]2,CCO,298.15,-3.320665467,0.09973351921211104
CCCCCCCCCCCCCCCCCC(=O)OCCCl,CCO,298.15,-1.320844297,0.8494168461683049
CN(c1ccccc1)c1c(cc(cc1[N+](=O)[O-])[N+](=O)[O-])[N+](=O)[O-],CCO,298.15,-2.025641699,-0.11125723814706064
CC(C)[C@@](CC[C@](C)(C(=O)O)O)(C(=O)O)O,CCO,293.15,-0.7495416909999999,-0.19640270526938305
Cc1ccnc(n1)NS(=O)(=O)c1ccc(cc1)N,CCO,297.15,-2.101837285,-1.2755965886269458
c1ccc(cc1)C1C(=O)C(=O)OC1c1ccc2c(c1)OCO2,CCO,290.15,-2.210200097,-0.8306272040185653
CC(=O)Nc1ccccc1C(=O)O,CCO,293.15,-0.5686357870000001,0.4337997288682309
CCOC(=O)C(C(C(=O)OCC)OC(=O)C)OC(=O)C,CCO,297.35,0.5987928060000001,0.03363034442148882
CCCCCCCCCCCCC1C(=O)N=C(N)S1,CCO,298.15,-2.027519105,1.6115845752036233
CCCC(CCC)OC(=O)NC(=O)N,CCO,289.65,-1.693113263,-0.4208232333583942
c1ccc(cc1)c1ccc(cc1)/C=N/c1cccc(c1)c1ccccc1,CCO,295.15,-2.13076902,0.20434410307162038
c1cc(ccc1C(=O)N)O,CCO,293.15,0.170261202,-0.33520639822902676
CN1C(=C(c2ccccc2S1(=O)=O)O)C(=O)Nc1ccccn1,CCO,298.14,-2.438899077,-1.0634222836914622
CC(C)CCC[C@@H](C)[C@H]1CC[C@H]2/C(=C/C=C\3/C[C@H](CCC3=C)O)/CCC[C@]12C,CCO,298.15,0.595269013,2.222107448652887
Cc1cccc(c1OCC(=O)Nc1ccccc1)Cl,CCO,298.15,-0.440491896,0.09944254380027975
c1ccc(cc1)c1c(ccc(c1[N+](=O)[O-])O)[N+](=O)[O-],CCO,298.15,-0.394128008,0.00328513169727629
CCOC(=O)[C@H]([C@H](C(=O)N)O)O,CCO,295.15,-1.072362614,-1.2482144375877215
c1ccc(cc1)Nc1cccc(c1N)Cl,CCO,293.15,-0.686608467,0.555157615304134
CN1CC[C@]23[C@H]4CC[C@@H]([C@@H]3Oc3c(ccc(C[C@@H]14)c23)OC)O,CCO,293.15,-0.456942235,1.0966666892014483
c1cc(c(cc1c1c(c(=O)c2c(cc(cc2o1)O)O)O)O)O,CCO,298.59,-1.581767392,-0.23374128774561315
CCCCCCC/C=C/C(=O)N(c1ccc(cc1)N(C)C)C(=O)Nc1ccc(cc1)N(C)C,CCO,293.15,-2.477818615,0.030211258544774633
CC(=O)Nc1cccc(c1)C(=O)O,CCO,293.15,-1.214669172,-0.4362183096699038
c1cc(ccc1C=O)O,CCO,297.37,0.539322329,0.7278158824020242
c1ccc(cc1)Nc1ccc(cc1[N+](=O)[O-])[N+](=O)[O-],CCO,288.15,-2.402484727,-1.8214955471787426
CCCCCCCCC(CC(=O)N(c1ccc(cc1)N(C)C)C(=O)Nc1ccc(cc1)N(C)C)O,CCO,293.15,-2.001074769,0.6272367935848073
c1ccc2c(c1)cccc2[N+](=O)[O-],CCO,298.15,-0.323508953,-0.6719167347601719
c1cc2c(Cc3cc(ccc23)N)cc1Br,CCO,291.15,-1.517953347,-1.449848366694286
c1cc(c(c2c1cc(cc2[N+](=O)[O-])[N+](=O)[O-])[N+](=O)[O-])Cl,CCO,288.15,-2.531144873,-0.8415575478569364
Cc1ccc(cc1[N+](=O)[O-])[N+](=O)[O-],CCO,288.15,-0.965213683,-1.419514577256773
CCCCOC(=O)NC(=O)N,CCO,291.15,-1.114684198,-0.5614647351792998
c1ccc2c(c1)nc(CSCc1nc3ccccc3o1)o2,CCO,298.14,-0.190347928,-0.5910698108991489
c1ccc(cc1)OC(=O)Oc1ccccc1,CCO,297.9899999999999,-0.639030045,-0.4130741314605751
C1CCC(CC1)n1c(CCCCOc2ccc3c(CCC(=O)N3)c2)nnn1,CCO,298.15,-1.98098835,-0.02572060172409355
C=C1C[C@]23C[C@H]1CC[C@H]2[C@]12CC[C@@H]([C@](C)([C@H]1[C@@H]3C(=O)O)C(=O)O2)O,CCO,298.14,-1.6435879,0.9183268211342462
c1ccc(cc1)C(c1ccccc1)C(c1ccccc1)c1ccccc1,CCO,293.15,-2.7208883680000002,-0.27861619355446676
Cc1cc2C(c3ccc(c(c3C(=O)c2c(c1)O)OC)O)C1[C@@H]([C@H]([C@@H]([C@@H](CO)O1)O)O)O,CCO,288.15,-1.887724776,-1.0046996792367564
c1ccc(cc1)C(=O)c1ccccc1,CCO,290.75,-0.129832963,-0.351242264113115
CCCCCCCCCCC1C(=O)N=C(N)S1,CCO,298.15,-1.753799911,1.0326306004220223
c1ccc2c(c1)cccc2NC(=O)NCCC(=O)O,CCO,298.15,-2.1239085230000003,-0.7681874469356905
c1ccc(cc1)COC(=O)NCCCCCC(=O)O,CCO,293.15,0.061201085,0.5791502360274504
CC1(C)[C@@]2(C)CC[C@@]1(C(=O)OC2=O)Cl,CCO,291.15,-1.456273421,-1.3978349770464997
C1[C@@H]([C@H]([C@@H]([C@@H](O1)ON(=O)=O)ON(=O)=O)ON(=O)=O)ON(=O)=O,CCO,293.15,-0.8026711240000001,-0.850399551917721
CC(=O)Nc1ccc(cc1)O,CCO,298.15,-0.052566894,-0.19319681070002034
c1ccc2c(c1)C(=O)c1ccccc1C2=O,CCO,298.15,-1.77781932,-2.2044058557983197
Cc1ccc(cc1)N(/C(=N/c1ccccc1)/Nc1ccccc1)c1[nH]c2ccc(C)cc2n1,CCO,288.15,-2.737778954,2.0022816515129493
c1cc2c(cc1C=O)OCO2,CCO,293.15,0.8235209440000001,-0.33510416917126684
CC1(C)CC(=CC(=C(C#N)C#N)C1)/C=C/c1ccc(cc1)O,CCO,298.15,-2.1964863059999997,0.047848663973545535
COc1ccc2c(c1)c(ccn2)[C@H]([C@@H]1C[C@H]2CCN1C[C@@H]2C(=O)O)O,CCO,298.15,-2.376164922,0.26458396933464373
c1ccnc(c1)C(=O)O,CCO,298.15,-0.357903099,0.6629866344197983
c1ccc2c(c1)c(cc(c2Cl)[N+](=O)[O-])[N+](=O)[O-],CCO,298.15,-2.152037413,-1.1628810687355076
c1ccc(c(c1)C(=O)N)O,CCO,293.15,-0.2924297,-0.21910030242105272
c1ccc(c(c1)C(=O)O)[N+](=O)[O-],CCO,298.15,0.34634288399999996,0.0723620311955013
C(CCC(=O)[O-])CC[NH3+],CCO,298.15,-2.721651726,-4.298447836021609
c1cc(C(=O)O)oc1,CCO,297.65,0.5518132579999999,0.6305584931421847
c1ccc(cc1)/C=C/C=N/NC(=O)C(=O)N,CCO,293.15,-3.336913804,-2.5750209359968887
C[C@@H]1CCC[C@H](C1)NC(=O)c1ccc2ccccc2c1,CCO,299.15,-0.300009502,0.07520635687672389
C(C(CO[N+](=O)[O-])O[N+](=O)[O-])O[N+](=O)[O-],CCO,293.15,0.213147688,-0.07523439720464459
CCCCCCC(CC(=O)N(c1ccc(cc1)N(C)C)C(=O)Nc1ccc(cc1)N(C)C)O,CCO,293.15,-1.782676142,0.20045060929241504
CC(C)(C)OC(=O)NC(=O)N,CCO,288.15,-1.3454510130000001,-0.7352175561690196
Cc1c(cc(cc1[N+](=O)[O-])[N+](=O)[O-])[N+](=O)[O-],CCO,295.15,-1.141621798,-1.0882997908200502
CCCCCCCCC(=O)N(c1ccc(cc1)N(C)C)C(=O)Nc1ccc(cc1)N(C)C,CCO,293.15,-2.21336048,-0.22027153990859244
CC(=O)OC1C(C(C(C(C1OC(=O)C)OC(=O)C)OC(=O)C)OC(=O)C)Br,CCO,293.15,-3.48023793,-1.1750842243491637
c1cc(ccc1Br)Br,CCO,298.15,-0.8675890079999999,0.013826446918950921
CCC(C(C)C)OC(=O)NC(=O)N,CCO,293.15,-1.140823795,-0.5300912827564704
c1ccc(cc1)Cn1cc(CO)nn1,CCO,298.14,0.154186179,-0.6518297858737649
C(CO)CP(=O)(CCCO)CCCO,CCO,298.11,-0.41196622200000005,-0.6220375605358374
CCCCCCCCCCCCCC(=O)O,CCO,293.15,-0.18494465300000001,1.4460002843245183
CC(C)(CO)[C@@H](C(=O)NCCC(=O)NCCSC(=O)c1cccc2ccccc12)O,CCO,293.15,-0.880152424,0.11376942994948125
CC1(C)C2CCC1(C)C(=O)C2Cl,CCO,293.15,-0.169738033,0.0489256137386688
c1cc(ccc1N)[N+](=O)[O-],CCO,298.15,-0.47235575,-0.37601775242797164
Cc1c(c(=O)ccn1C)O,CCO,298.19,-1.610709477,-0.2901511522734842
c1c(cc(cc1[N+](=O)[O-])[N+](=O)[O-])[N+](=O)[O-],CCO,291.15,-1.158333962,-1.351119734765925
CN(C)c1ccc(cc1)NC(=O)N(C=O)c1ccc(cc1)N(C)C,CCO,293.15,-2.274082705,-1.0304196249385766
c1ccc2ccccc2c1,CCO,298.15,-0.18741569600000002,-0.2367215066225804
C(C(=O)O)NC=O,CCO,298.15,-0.522870319,-0.2653159735319106
CCCCCCCCCCCC(=O)OCC(=O)c1ccccc1,CCO,298.15,-0.77226716,-0.17225072403930503
C(CCCCCNCCCCCCN)CCCCC(=O)O,CCO,293.15,-2.477822797,1.1211705901767635
c1cc(c(cc1[N+](=O)[O-])[N+](=O)[O-])Nc1ccc(cc1[N+](=O)[O-])[N+](=O)[O-],CCO,288.15,-2.938281855,-0.9784053550916691
Cc1c(cc2c(c1[N+](=O)[O-])C(C)(C)CC2(C)C)[N+](=O)[O-],CCO,288.15,-1.702185548,-1.1394577299795996
CCCCC(=O)NNC(=O)CCCC,CCO,293.15,-0.5495913029999999,0.45185283552550776
C(CO[N+](=O)[O-])N(c1c(cc(cc1[N+](=O)[O-])[N+](=O)[O-])[N+](=O)[O-])[N+](=O)[O-],CCO,298.15,-2.620276486,0.33280271246035
CCCCN(CCCC)CCOC(=O)c1ccc(cc1)/N=N/c1ccc(cc1N)N,CCO,298.15,-0.886878183,2.521134857652671
CN(C)c1ccc(cc1)C(=Nc1ccc(cc1)N)c1ccc(cc1)N(C)C,CCO,293.15,-1.921003744,0.3486610043495623
CC(=O)C1=CC[C@H]2[C@@H]3CCC4=CC(=O)C=C[C@]4(C)[C@H]3[C@H](C[C@]12C)O,CCO,298.14,0.562124627,-1.1905461249066787
c1cc2c(c(c1)N)C(=O)N(C1CCC(=O)NC1=O)C2=O,CCO,297.15,-2.436556992,-1.363435830631623
Cc1ccc(cc1)C(c1ccc(C)cc1)(C(c1ccc(C)cc1)(c1ccc(C)cc1)O)O,CCO,298.15,-3.0238355869999998,1.3042684119842007
COc1ccc(cc1)P(c1ccc(cc1)OC)c1ccc(cc1)OC,CCO,298.25,-2.19358722,-1.160127128240121
CCOC(=O)C1C(=O)CC(C)(C(C1c1ccccc1)C(=O)OCC)O,CCO,293.15,-1.56390915,-0.49675045031365156
CC1(C)CC(CC(C)(C)N1)O,CCO,298.14,0.361215791,1.213956725663686
c1cc(ccc1CCC(=O)c1c(cc(cc1O)O)O)O,CCO,298.19,-0.178478611,0.6871929740579261
CCOC(=O)/C=C/C=C/C(=O)OCC,CCO,298.15,-0.40602626299999994,-0.07377748325243728
c1cc(N)nc(c1)N,CCO,297.14,0.542212284,-0.39949129542602585
c1ccc(cc1)C(C(c1ccccc1)C(=O)c1ccccc1)C1C(=O)c2ccccc2C1=O,CCO,293.15,-2.3329461869999997,0.9310352061110208
c1ccc(cc1)CCOC(=O)NC(=O)N,CCO,290.15,-2.415426198,-0.6909530658249998
CC(=CC(C(Cl)(Cl)Cl)O)C,CCO,293.15,0.39824594,1.5631392008464295
CCCCCCC(C)OC(=O)NC(=O)N,CCO,287.15,-2.025386193,-0.7372697175459677
CCCCCCC(CCC)(CCC)C(=O)NO,CCO,299.15,0.0,0.9076463576368041
c1cc(cc(c1)Br)C(=O)O,CCO,298.15,-0.43889811799999995,0.17227703394727456
CC(C)(C)NCC(COc1cccc2C[C@H]([C@H](Cc12)O)O)O,CCO,296.15,-0.799447239,-0.04982960091051508
CC(C)C1CCC(C)CC1OC(=O)NC(=O)N,CCO,291.15,-2.23825764,-0.6638570173642313
c1ccc(cc1)Nc1ccc(cc1)N=Nc1ccccc1,CCO,298.15,0.0681909,-0.6259609421070208
COC(=O)c1ccc(cc1)N=Nc1ccc(cc1N)N,CCO,298.15,-1.940469891,0.5776982689522667
C[C@@H]1CC[C@@]2(CC[C@]3(C)C(=CC[C@@H]4[C@@]5(C)CC[C@@H](C(C)(C)[C@@H]5CC[C@@]34C)O)[C@@H]2[C@H]1C)C(=O)O,CCO,291.15,-2.091437846,3.2860291235643277
c1cc2c3ccc(cc3C(c2cc1Cl)O)N,CCO,291.15,-1.467648316,-1.860049942040459
CC#CC(=O)N1CCC[C@H]1c1nc(c2ccc(cc2)C(=O)Nc2ccccn2)c2c(N)nccn12,CCO,298.15,-2.190811492,0.2727742670337909
C1CCC(CC1)N(C(=O)C1CCC1)O,CCO,298.15,-0.121328008,-0.04155530302777674
CCCCc1ccc(cc1)/C(=N\Nc1ccc(C)cc1)/C(=O)O,CCO,293.15,-1.050605969,1.2973708150401007
c1ccc2c(c1)[nH]c(c1cscn1)n2,CCO,298.15,-2.1643988309999997,-0.54571258702008
c1ccc2c(c1)Nc1ccccc1S2,CCO,293.15,-1.0393836090000002,-0.9423927716840622
c1cc(c(cc1c1coc2cc(cc(c2c1=O)O)O[C@H]1[C@@H]([C@H]([C@@H]([C@@H](CO)O1)O)O)O)O)O,CCO,291.15,-3.07662633,-2.3471721896901387
C(CCC(=O)O)CCC(=O)O,CCO,298.44,0.315608112,-0.16952024134321877
C(CCC(=O)O)CC(=O)O,CCO,298.15,-0.215388012,-0.12250355517867399
CC(=O)NCCNC(=O)C,CCO,298.15,-0.04161264,-0.6457163871104562
CCCOC(=O)c1ccc(cc1)N=Nc1ccc(cc1N)N,CCO,298.15,-1.4812825330000001,1.065754877125168
c1ccc(cc1)C(=O)O,CCO,298.0499999999999,0.4390219,0.39199628011934384
C([C@@H]1[C@H]([C@@H]([C@@H](C(O)O1)O)O)O)O,CCO,298.15,-1.2248725409999999,-2.8880523173356147
c1ccc(cc1)C(CC(=O)c1ccccc1)C(C#N)c1ccc(cc1)[N+](=O)[O-],CCO,293.15,-2.3467447580000003,-1.7067924238797303
CCCCCCCCCCCCCCCC(=O)O[C@H]1CO[C@@H](c2ccccc2)OC1,CCO,299.15,-1.378778812,1.1994935520871528
CCCCCCCC(=O)N(c1ccc(cc1)N(C)C)C(=O)Nc1ccc(cc1)N(C)C,CCO,293.15,-2.554632308,-0.3984477724778334
c1ccc(cc1)C(=O)C(=O)c1ccccc1,CCO,298.15,-0.73614786,-0.4134988111508853
C[C@H](CCC(=O)O)[C@H]1CC[C@H]2[C@H]3[C@H](CC(=O)[C@]12C)[C@@](C)(CCC(=O)O)[C@H](CC3=O)C(=O)O,CCO,296.15,-0.7092400790000001,0.2737915554395637
C/C=C/CCCCCCCC(=O)N(c1ccc(cc1)N(C)C)C(=O)Nc1ccc(cc1)N(C)C,CCO,293.15,-2.491131172,0.07133618975415873
c1ccc(cc1)C(c1ccc(cc1)Cl)(C(c1ccccc1)(c1ccc(cc1)Cl)O)O,CCO,298.15,-2.638838549,1.8337425630902526
c1ccc2cc(ccc2c1)N(CCCl)CCCl,CCO,288.15,-0.9232861240000001,-1.3194054411814766
CN(C)c1ccc(cc1)C(=NC(=O)c1ccccc1)c1ccc(cc1)N(C)C,CCO,289.15,-2.365817792,-0.3264271048183412
c1ccc(cc1)C(C=CC(c1ccccc1)(c1ccccc1)O)(c1ccccc1)O,CCO,297.15,-1.7147756319999998,2.2998866323406504
c1cc(c(cc1Cl)Cl)Oc1ccc(cc1O)Cl,CCO,298.14,0.885787518,0.7730356113118295
CCCCCCCCCCCCOC(=O)NC(=O)N,CCO,293.85,-2.98802994,0.3159634854912191
CC(C)C1CCC(C)CC1OC(=O)C(c1ccccc1)O,CCO,298.15,-0.613450986,0.7913977141281301
O=[S]1CC[S](=O)CC1,CCO,295.15,-0.8284146309999999,-1.7705279443006154
c1ccc2c(c1)OP1(=nP3(=nP4(=n1)Oc1ccccc1O4)Oc1ccccc1O3)O2,CCO,298.04,-2.687057915,-0.10484942079539315
Cc1cc(ccc1/N=N/c1ccc(cc1)N(c1ccccc1)c1ccccc1)N(=O)=O,CCO,298.15,-2.8268129539999998,-0.053521360664313705
CC(=CC(=O)N(c1ccc(cc1)N(C)C)C(=O)Nc1ccc(cc1)N(C)C)C,CCO,293.15,-2.569157792,-1.1341980307581645
COc1ccc(cc1)COC(=O)NC(=O)N,CCO,290.15,-2.505568561,-1.1079952640867994
c1cc(ccc1C=CC(=O)O)[N+](=O)[O-],CCO,298.15,-2.299143214,-0.14882596032446324
CC(=O)[C@@]12[C@@H](C[C@H]3[C@@H]4CCC5=CC(=O)CC[C@]5(C)[C@H]4[C@@H](C[C@]13C)O)O2,CCO,298.2,-1.8663102619999998,-1.769846326835811
c1cc(ccc1C(=O)O)Cl,CCO,298.15,-0.538348802,-0.22272016905224512
CC(C)(O)P1(=O)OCC2(CO1)COP(=O)(C(C)(C)O)OC2,CCO,297.62,-1.5011691969999998,-1.0412132964149692
CC(C)CCC[C@@H](C)[C@H]1CC[C@H]2[C@@H]3CC=C4C[C@H](CC[C@]4(C)[C@H]3CC[C@]12C)OC(=O)C,CCO,293.15,-1.9331824659999999,3.382789744755483
C(CCCNC(=O)OCCCCO)CCNC(=O)OCCCCO,CCO,293.15,-0.809734245,-0.014077296824708985
Cc1ccc2c(ccc(c2n1)O)[N+](=O)[O-],CCO,293.15,-1.910350113,-1.7488742659913514
CC(C)(C)c1ccc(cc1)C(=O)NN,CCO,298.15,0.137054209,-0.9056709581657889
CN1CC[C@]23[C@H]4C=CC(=O)[C@@H]3Oc3c(ccc(C[C@@H]14)c23)OC,CCO,293.15,-2.242824864,0.5162279558576572
CCCC(C)(C)OC(=O)NC(=O)N,CCO,289.15,-0.8944706790000001,-0.651377672409536
c1ccc(cc1)C(c1ccccc1Cl)(C(c1ccccc1)(c1ccccc1Cl)O)O,CCO,298.15,-3.258627307,2.0475220701332106
c1ccc(cc1)OP(=O)(Oc1ccccc1)Oc1ccccc1,CCO,298.15,0.333971557,0.12347432806304198
CCCC(=Cc1ccco1)C=NNC(=O)N,CCO,295.15,-0.946268355,-1.346722134593887
CC1CCC2(CCC3(C)C(=CCC4C5(C)CCC(C(C)(C)C5CCC34C)O)C2C1C)C(=O)OC,CCO,288.15,-0.9516265690000001,2.554871962218951
c1c(cc(c(c1[N+](=O)[O-])C(=O)N=[N+]=[N-])[N+](=O)[O-])[N+](=O)[O-],CCO,293.15,-2.854235622,0.7901051717309822
CC(C)CCC[C@@H](C)[C@H]1CC[C@H]2[C@@H]3CC=C4C[C@H](CC[C@]4(C)[C@H]3CC[C@]12C)OC=O,CCO,293.15,-1.839553461,3.2406224555629635
c1ccc(cc1)Nc1ccc(cc1)/N=N/c1ccc(cc1)N(=O)=O,CCO,298.15,-1.355566778,-1.7649958482017551
c1ccc(c(c1)C(=O)O)O,CCO,298.15,0.363600914,0.6553267110597308
c1ccc(c(c1)C(=O)c1ccc(cc1)O)C(=O)O,CCO,294.15,0.17207277899999998,0.0028212478343260516
c1ccc2c(c1)c1CCCCc1n2C(=O)N,CCO,298.15,-1.234045276,-0.596996604383798
COc1ccc(cc1)N=Cc1ccc(cc1)c1ccccc1,CCO,295.15,-2.638272361,-0.8831661990276614
CCOC1(C(c2ccccc2)Br)C(=O)NC(=O)N1,CCO,293.15,-1.042435463,-0.4963570423945728
CCc1c(c(=O)cco1)O,CCO,298.14,0.13554406900000002,0.13944644008380155
CCCCCCCCCCCCCCC1C(=O)N=C(N)S1,CCO,298.15,-2.581063963,2.07136502303584
c1ccc(cc1)CC1C(=O)N(c2ccccc2)C(=O)N1CC(=O)O,CCO,293.15,0.187974848,0.5085566936540984
C1C=C(CC[C@@H](CC(=O)O)O)C(=O)C1,CCO,293.15,-0.394055294,0.1632626067977676
Cc1ccc(cc1)C(c1ccccc1)(C(c1ccccc1)(c1ccc(C)cc1)O)O,CCO,298.15,-2.897091314,1.4476445818424268
CCCCC1=NC2(CCCC2)C(=O)N1Cc1ccc(cc1)c1ccccc1c1[nH]nnn1,CCO,297.79,-1.7415628619999999,0.20998084130886893
CN[C@]1(CCCCC1=O)c1ccccc1Cl,CCO,298.09,-0.528767431,2.647912481167908
CCOc1ccc(cc1OC)COC(=O)NC(=O)N,CCO,290.15,-2.837505883,-1.0345127564470251
c1ccc(cc1)Nc1cc(ccc1N)Cl,CCO,293.15,-1.225877629,0.5084607971423003
c1cc(ccc1C=C1CCC(=Cc2ccc(cc2)O)C1=O)O,CCO,293.15,-2.272754731,0.11623442034961134
Cc1c(c(C)c(c(C)c1[N+](=O)[O-])[N+](=O)[O-])[N+](=O)[O-],CCO,288.15,-3.105828551,-0.40179391351335064
c1ccc2c(c1)[nH]c(=O)n2C1CCN(CCCC(c2ccc(cc2)F)c2ccc(cc2)F)CC1,CCO,298.15,-1.687277577,1.3564836870130295
c1cc(Cl)ncc1CN1CCN/C/1=N\[N+](=O)[O-],CCO,298.67999999999995,-2.0654091919999997,-1.4375010142523432
c1cc(c(cc1O)O)c1c(c(=O)c2c(cc(cc2o1)O)O)O,CCO,298.14,-1.004364225,-0.25218663072863334
COc1c(cc(cc1Br)Br)Br,CCO,288.15,-1.524765299,-0.6470385383947793
C1[C@H]([C@@H]2[C@@H]([C@@H]3[C@H](O2)O[C@@H](C(Cl)(Cl)Cl)O3)O)O[C@@H](C(Cl)(Cl)Cl)O1,CCO,298.15,-3.1323435789999996,-0.4282230462157774
c1cc2c(cc(c(c2nc1)O)I)S(=O)(=O)O,CCO,298.15,-2.062583221,0.5587177104413504
Cc1ccc(C)c(c1[N+](=O)[O-])[N+](=O)[O-],CCO,288.15,-0.950194414,-1.1118393958997106
CCN(CC)CCNC(=O)c1ccc(cc1)NC(=O)/C=C\C(=O)O,CCO,288.15,-3.171335925,-0.8773800254142364
c1(=O)[nH]c(=O)[nH]c(=O)[nH]1,CCO,295.65,-2.213600031,-1.2680538373257553
COc1cc(/C=C/C(=O)CC(=O)/C=C/c2ccc(c(c2)OC)O)ccc1O,CCO,298.15,-2.166852656,-1.165649878467246
CCOC(=O)c1ccc(cc1)NC(=S)N,CCO,293.15,-0.873675102,-0.3026545867204768
Cc1cc(c(C)c(c1[N+](=O)[O-])[N+](=O)[O-])[N+](=O)[O-],CCO,288.15,-2.08127528,-0.5622513720551257
CC(=O)NNC(=O)C,CCO,293.15,0.115505606,-0.4194043123474013
c1ccc(cc1)C(c1ccccc1)(C(=O)NNS(=O)(=O)c1ccc(cc1)[N+](=O)[O-])O,CCO,294.15,-1.1775537729999999,0.4123010238181051
c1ccc(cc1)Nc1ccc(cc1)n1nc2ccccc2[n+]1[O-],CCO,298.15,-2.003367172,-0.202484992751963
CCCCCCCCCCCCCCCCCC(=O)Nc1ccccc1,CCO,293.15,-2.379723593,2.3647037271588403
c1ccc(cc1)OC(=O)c1ccccc1O,CCO,298.14,0.338028289,0.8256526656482595
CCOc1ccc(cc1/C=N/NC(=O)N)[N+](=O)[O-],CCO,293.15,-2.504554637,-1.627411289793225
Cc1cnc(NC(=O)C2=C(c3ccccc3S(=O)(=O)N2C)O)s1,CCO,298.14,-3.012875764,1.0529352463481607
CCCCC(C)OC(=O)NC(=O)N,CCO,290.15,-1.287910186,-0.617273693300348
COc1cnc(Cl)nc1Cl,CCO,299.42999999999995,-0.090405698,0.2514987658458973
CCCOC(=O)c1cc(c(c(c1)O)O)O,CCO,298.15,0.583329855,0.2773497145647548
c1cc2c(cccc2[N+](=O)[O-])c(c1)[N+](=O)[O-],CCO,289.15,-3.02657759,-1.7738642227191144
COc1ccc(cc1OC)C(=O)N1CCN(CC1)c1ccc2c(CCC(=O)N2)c1,CCO,298.15,-3.0972557419999998,-0.9308083179801557
Cc1ccccc1C(=O)O,CCO,296.0499999999999,0.365480473,0.18091247333317406
Cc1cc(cc(c1O)[N+](=O)[O-])[N+](=O)[O-],CCO,288.15,-0.766250641,-0.8351662020552485
CN(C)c1ccc(cc1)C(=Nc1ccccc1N)c1ccc(cc1)N(C)C,CCO,290.15,-2.3503522169999997,0.5995832455154806
CN(C1=C(C=C(C=C1N(=O)=O)N(=O)=O)N(=O)=O)N(=O)=O,CC(=O)C,291.15,0.24370094899999997,0.9177605042408695
COC1=CC=C(C=C1O)[C@@H]1CC(=O)C2=C(O1)C=C(O)C=C2O,CC(=O)C,298.19,-0.468519224,-0.4221345770088404
CCOC1=C(C=C(C=C1N(=O)=O)N(=O)=O)N(=O)=O,CC(=O)C,288.15,-1.436150825,1.0068142791107495
CC12SC3(C)SC(C)(S1)SC(C)(S2)S3,CC(=O)C,293.15,-0.459237338,1.3206602091659219
OC(=O)C1=CC=C2C(=O)C3=C(C=CC=C3)C(=O)C2=C1,CC(=O)C,298.15,-1.963880817,-0.0013658176622475928
C1=CC2=C3C(C=CC4=C3C(C=C2)=CC=C4)=C1,CC(=O)C,293.15,-0.420205667,-0.8317777257863874
O=C(OCOC(=O)C1=CC=CC=C1)C1=CC=CC=C1,CC(=O)C,297.15,-0.25853527,0.2019436030917593
CCOC(=O)C1=C(N(C)N=C1)S(=O)(=O)NC(=O)NC1=NC(OC)=CC(OC)=N1,CC(=O)C,293.15,-1.116359437,1.0078104042611862
[H][C@@]12CC[C@@H](C)[C@]3([H])CC[C@@]4(C)OO[C@@]13[C@]([H])(OC(=O)[C@@H]2C)O4,CC(=O)C,298.14,-0.940910623,-1.5956744879779472
[H][C@@]12COC(=O)[C@@]1([H])CC1=CC(OC)=C(O)C=C1[C@H]2C1=CC=C(O)C(OC)=C1,CC(=O)C,293.15,-0.949847239,0.21211471465584988
C1CC2=C3C1=CC=CC3=CC=C2,CC(=O)C,297.9899999999999,-0.029200381,0.7770361844345505
C1=CC=C(C=C1)\N=N\C1=CC=CC=C1,CC(=O)C,298.15,0.2903599,0.6212360065598916
[H][C@](C)(\C=C\[C@@]([H])(C)[C@@]1([H])CC[C@@]2([H])C3=CC=C4C[C@@H](O)CC[C@]4(C)[C@@]3([H])CC[C@]12C)C(C)C,CC(=O)C,295.15,-2.004575462,2.233043506057344
[H][C@@]12C[C@H]3OC(C)=N[C@@]3(C(=O)COC(C)=O)[C@@]1(C)C[C@H](O)[C@@]1([H])[C@@]2([H])CCC2=CC(=O)C=C[C@]12C,CC(=O)C,303.14,-1.0111291340000002,-0.17062735138607027
C(N(C1=CC=CC=C1)C1=CC=CC=C1)C1=CC=CC=C1,CC(=O)C,293.15,-0.41388792700000004,1.623333771563201
[H][C@@](C)(CCCC(C)C)[C@@]1([H])CC[C@@]2([H])[C@]3([H])CC=C4C[C@H](CC[C@]4(C)[C@@]3([H])CC[C@]12C)OC(=O)CCCCC,CC(=O)C,293.15,-1.9074167359999998,5.182150491218115
CCN(C(=O)C1=C(O)C2=C(Cl)C=CC=C2N(C)C1=O)C1=CC=CC=C1,CC(=O)C,293.15,-1.863660145,0.5205351259382883
OC(=O)C1=CC=C(C=O)C=C1,CC(=O)C,303.15,-1.10551814,-0.8389428287420576
CC1(C)[C@@H](CC[C@@]1(C)C(N)=O)C(O)=O,CC(=O)C,293.15,-0.501438686,-1.1073002336043423
COC(=O)C1=NNN(C)C1=O,CC(=O)C,291.15,-0.958964009,-0.20118400504005096
CN(C)C1=CC2=C(NC3=C(C(=C(N(C)N(=O)=O)C(=C3)N(=O)=O)N(=O)=O)S2(=O)=O)C=C1,CC(=O)C,293.15,-2.641848751,1.5089083763011728
CC(C)CC1=CC=C(C=C1)C(C)C(O)=O,CC(=O)C,297.86,-2.052242072,0.8627272708204435
FC1=CC(=CC(F)=C1Br)N1C(=O)C=CC1=O,CC(=O)C,298.34,-2.869306476,-0.5049448619603882
OC(=O)C1=C(Br)C=CC=C1Br,CC(=O)C,293.15,0.643456062,1.2302884041565187
O=C(OCC(COC(=O)C1=CC=C(C=C1)N(=O)=O)OC(=O)C1=CC=C(C=C1)N(=O)=O)C1=CC=CC=C1,CC(=O)C,294.15,-0.81694987,1.938127743131537
NC1=C(C=C(C=C1N(=O)=O)N(=O)=O)N(=O)=O,CC(=O)C,292.65,-0.782235366,0.33606908123059176
CO\C=C(\C(=O)OC)C1=C(COC2=NC(=CC=C2)C(F)(F)F)C=CC=C1,CC(=O)C,293.15,-0.167110479,1.0634077590393907
C1=CC2=CC3=CC4=CC=CC=C4C=C3C=C2C=C1,CC(=O)C,293.15,-2.167497354,-0.9734571384035999
CCOCN1C(=O)C2=C(C=CC=C2)C1=O,CC(=O)C,298.15,-2.9142648610000004,0.5704120603432102
OC1=CC(O)=C2C(=O)C(=COC2=C1)C1=CC(O)=C(O)C=C1,CC(=O)C,291.15,-0.792311105,-0.36767313813327984
C1OC(OC1C1COC(O1)C1=CC=CC=C1)C1=CC=CC=C1,CC(=O)C,290.15,-1.9432311130000002,0.21548841886113387
ClC1=C(Cl)C=C(C=C1)C1CCC(=O)C2=CC=CC=C12,CC(=O)C,298.27,-0.362530939,0.24760303099600112
[H][C@@]12CC[C@@](C)([C@@H](O)[C@H]1NC(=O)[C@@H](O)C(C)(C)CO)C2(C)C,CC(=O)C,293.15,-0.415569911,0.17895070035117772
[H][C@@]12OC3=C4C(C[C@H]5N(C)CC[C@@]14[C@@]5([H])CC[C@@H]2OC(C)=O)=CC=C3OC,CC(=O)C,293.15,-0.294172235,1.8460309486464956
CCCCCCCCCCCCCC(=O)CCCCCCCCC(O)=O,CC(=O)C,288.15,-2.265526513,2.0676938563652993
OC1=CC=C(O)C(=C1)P(=O)(C1=CC=CC=C1)C1=CC=CC=C1,CC(=O)C,299.44,-1.6262684269999998,-0.40800596964374675
N#C\C(=N/NC1=CC=CC=C1)C#N,CC(=O)C,298.15,0.389157907,-0.3896838103504092
ClC1=NC(Cl)=NC(Cl)=N1,CC(=O)C,298.15,0.027020488,0.896805511646895
[H][C@@]12CC(C)(C)CC[C@@]1(CC[C@]1(C)C2=CC[C@]2([H])[C@@]3(C)CC[C@H](O)C(C)(C)[C@]3([H])CC[C@@]12C)C(O)=O,CC(=O)C,298.29,-1.8632796619999998,3.991402185997001
N#CSC=CSC#N,CC(=O)C,289.15,-0.038971514,0.4054341648097503
CC(C)(O)P1(=O)OCC(C)(C)CO1,CC(=O)C,298.64,-1.166015098,-0.2928019808267755
COC1=C(C(=CC(=C1N(=O)=O)N(=O)=O)N(=O)=O)N(=O)=O,CC(=O)C,302.15,0.440247065,2.4677806891007323
COCN1C(=O)C2=C(C=CC=C2)C1=O,CC(=O)C,298.15,-0.18454607399999998,0.5867257824466433
CCC[C@H]1CC2=C(C[C@@H](CC)CC3=C1C(=O)OC3=O)C(=O)OC2=O,CC(=O)C,293.15,0.277740946,1.504280450797675
CCCC(=O)N(C(=O)NC1=CC=C(C=C1)N(C)C)C1=CC=C(C=C1)N(C)C,CC(=O)C,293.15,-1.947267216,0.20171327893538382
[H][C@@]12CCC(=O)[C@@]1(C)CCC1=C3C=CC(O)=CC3=CC=C21,CC(=O)C,303.15,-0.918843431,0.2544327142888404
[H][C@@](C)(CCCC(C)C)[C@@]1([H])CC[C@@]2([H])[C@]3([H])CC=C4C[C@H](CC[C@]4(C)[C@@]3([H])CC[C@]12C)OC(=O)C(C)C,CC(=O)C,293.15,-1.659681409,3.853845933964288
ClC1=CC=CC2=C1C=CC1=NC3=CC=CC=C3N(=O)=C21,CC(=O)C,291.15,-1.30213449,-1.7289399926851134
OC1=CC=CC2=C1C(=O)C1=C(O)C=CC=C1C2=O,CC(=O)C,298.14,-1.6005955,-1.2137311380922915
CC(=O)NC1=CC=CC=C1C(O)=O,CC(=O)C,293.15,-0.6989700040000001,0.4343006496127161
CNC(=O)C1=CC=CC=C1SC1=CC=C2C(NN=C2\C=C\C2=NC=CC=C2)=C1,CC(=O)C,295.65,-2.587123653,0.5157896235258075
CN1C=NC2=C1C(=O)N(C)C(=O)N2C,CC(=O)C,298.15,-1.214386967,-0.3435969306962103
NC(=O)C1=CC=CC=C1O,CC(=O)C,298.15,0.24272847600000003,0.13240683826555058
OC(=O)C1=CC=CC=C1N(=O)=O,CC(=O)C,293.15,0.40653656299999996,0.19235457097236688
Cl[C@H]1[C@H](Cl)[C@@H](Cl)C2=CC=CC=C2[C@@H]1Cl,CC(=O)C,293.15,-0.25091427899999996,0.4054352958923305
CCCCCCCCC(=O)N(C(=O)NC1=CC=C(C=C1)N(C)C)C1=CC=C(C=C1)N(C)C,CC(=O)C,293.15,-1.274455393,0.725664564205182
NC1=CC=C(C=C1)N(=O)=O,CC(=O)C,298.15,0.304933209,0.32162310765185004
O=N(=O)C1=CC(=CC(=C1)N(=O)=O)N(=O)=O,CC(=O)C,290.15,0.337934939,-0.37177095560428197
ClC1=C2C(=O)OC(=O)C2=CC=C1,CC(=O)C,298.14,0.46994615799999995,0.9758730469935945
[H][C@@]12CC=C(C(C)=O)[C@@]1(C)C[C@H](O)[C@@]1([H])[C@@]2([H])CCC2=CC(=O)C=C[C@]12C,CC(=O)C,298.14,0.414898592,-1.331706742653178
OC(=O)C1=CC=CC(Br)=C1,CC(=O)C,293.15,0.017033838,0.0929371181023019
OC[C@H]1O[C@@H](OC2=CC3=C(C(=O)C(=CO3)C3=CC(O)=C(O)C=C3)C(O)=C2)[C@H](O)[C@@H](O)[C@@H]1O,CC(=O)C,291.15,-2.987228403,-1.9554733358911593
CC(C)(C)C(=O)OCOP(=O)(COCCN1C=NC2=C1N=CN=C2N)OCOC(=O)C(C)(C)C,CC(=O)C,298.14,-0.048751483,1.0435279974570333
NC1=CC=C(C(O)=O)C(O)=C1,CC(=O)C,296.65,-0.059761557,0.19289918896981145
CCCCCCCC(=O)N(C(=O)NC1=CC=C(C=C1)N(C)C)C1=CC=C(C=C1)N(C)C,CC(=O)C,293.15,-1.661214006,0.5330230684105717
[H][C@](CC(C)C)(NC(C)=O)C(O)=O,CC(=O)C,298.15,-1.000531873,0.01810401560175033
C\C=C\CCCCCCCC(=O)N(C(=O)NC1=CC=C(C=C1)N(C)C)C1=CC=C(C=C1)N(C)C,CC(=O)C,293.15,-2.008829226,1.0316370981928311
OC(=O)CC1=CC=C(O)C=C1,CC(=O)C,298.15,0.584462402,0.3327999189846271
OC(=O)C1=CC=CC=C1Br,CC(=O)C,293.15,0.158363452,0.6086596084634368
[H][C@@](CCSC)(NC(C)=O)C(O)=O,CC(=O)C,298.15,0.188218301,0.1265317157699289
OC1CCN2CC3=CC=CC=C3N=C12,CC(=O)C,298.15,-1.973656539,0.1333427110798457
OCC1OC(OC2COC(OC12)C1=CC=CC=C1)C1=CC=CC=C1,CC(=O)C,290.15,-1.710176886,0.044852381220635895
CC(O)(C1=CC=CC=C1)P1(=O)OCC(C)(C)CO1,CC(=O)C,298.34,-1.377944782,-0.3418691671157104
CC1=C(C(C)=C(C(C)=C1N(=O)=O)N(=O)=O)N(=O)=O,CC(=O)C,288.15,-1.503768559,0.8814525854940449
OC1=C2C=CC=CC2=C(O)C(=C1)P1(=O)OC2=C(C=CC=C2CC2=CC=CC=C2)C2=C1C=CC=C2,CC(=O)C,293.15,-1.047799986,1.4578832499468932
OC(=O)C=CC1=CC=CO1,CC(=O)C,297.9899999999999,0.10520521699999999,0.12365758675036664
C1C2CC3C4CC5CC(C14)C(C2)C3C5,CC(=O)C,303.14,-1.578606935,0.07684023436120775
COC1=CC(\C=C\C(=O)C=C(O)\C=C\C2=CC=C(O)C(OC)=C2)=CC=C1O,CC(=O)C,298.15,-0.864231194,0.8402457719410326
CO\N=C(\C(=O)OC)C1=CC=CC=C1COC1=C(C)C=CC=C1,CC(=O)C,293.15,-0.159574123,0.7026024115464573
CC1=CC=C(C=C1)N(=O)=O,CC(=O)C,288.15,0.9843375240000001,-0.05838299243638943
CC1=C(O)C(=CC(=C1)N(=O)=O)N(=O)=O,CC(=O)C,288.15,0.6005064379999999,0.12656679474156557
Cc1cc(O)c2C(=O)c3c(O)cc(O)c4C(=O)C(C)(C)c5cc(O)c1c2c5c34,c1ccccc1,293.15,-3.332075128,-0.172057066266032
Oc1c(Cl)cc(Cl)c(Cl)c1Cc2c(O)c(Cl)cc(Cl)c2Cl,c1ccccc1,293.15,-0.885219291,2.4286719835543336
OC(=O)c1cccc(c1)[N+]([O-])=O,c1ccccc1,298.15,-0.969402295,-1.9839682107188963
Cc1cc(O)ccc1N=Nc2ccccc2,c1ccccc1,303.15,-0.25369029,-0.9262341447341497
Cl[S](=O)(=O)c1cccc2c1cccc2[S](Cl)(=O)=O,c1ccccc1,293.15,-0.842909873,2.1847301002958135
c1ccc(cc1)/N=N/c2ccc(cc2)O,c1ccccc1,303.15,-1.1398082809999999,-0.9073403934369588
CCC\C=C\C(N)=O,c1ccccc1,293.15,-1.5548824940000001,-1.1318183847217105
CCOc1ccc(NC(C)=O)cc1,c1ccccc1,298.15,-2.497966587,-1.2551548957978227
c1cc2cccc3c4cccc5cccc(c(c1)c23)c45,c1ccccc1,293.15,-2.0315262130000002,-1.3263511820273792
CCC1=CC(N=Nc2ccccc2O)(C(O)C=C1)c3ccccc3,c1ccccc1,303.15,0.969157398,1.222531099304172
CCCCCCCCC(O)C(O)CCCCCCCC,c1ccccc1,298.15,-2.0421497619999998,1.3566080715128923
CCCc1ccc(O)cc1O,c1ccccc1,298.0499999999999,-0.757635078,-1.2430568097731793
C[C@]12CC[C@H]3[C@@H](CCc4cc(O)ccc34)[C@@H]1CCC2=O,c1ccccc1,303.15,-2.375512649,-1.0442425425925759
COc1cc(ccc1c2ccccc2)c3ccc(c(OC)c3)c4ccccc4,c1ccccc1,293.15,-1.2216027109999998,1.0348209819696081
CCCCCCCCCCC(N)=O,c1ccccc1,293.15,-1.757193026,-1.8006518951810067
c1ccc2c(c1)C(c3ccccc23)C4(C5c6ccccc6c7ccccc57)c8ccccc8c9ccccc49,c1ccccc1,293.15,-1.303584743,5.033607755379675
CC1OC(C)OC(C)OC(C)O1,c1ccccc1,296.15,-2.166856699,-1.4550911641749356
CC(=O)c1cccc(c1)N=Nc2cc(C)c(O)cc2C,c1ccccc1,303.15,-1.389230833,-0.9561220417700526
OC(=O)C1c2ccccc2Cc3ccccc13,c1ccccc1,288.15,-1.873628627,-0.4757895506383509
CCCCCCC/C=C/C(N)=O,c1ccccc1,293.15,-1.434809842,-0.6894321241089105
CCCCCCCC=CC(N)=O,c1ccccc1,293.15,0.028641502000000003,-1.0718126854137389
Cc1ccc(NC(=Nc2ccc(C)cc2)n3c(Nc4ccc(C)cc4)nc5cc(C)ccc35)cc1,c1ccccc1,288.15,-1.719870244,3.2991935881711103
O[C@H]([C@@H](O)c1ccccc1)c2ccccc2,c1ccccc1,298.15,-1.588474696,-0.3914830971566039
Cc1ccc2C(=O)c3ccccc3c4c2c1c5c(C)ccc6C(=O)c7ccccc7c4c56,c1ccccc1,296.15,-1.694205445,1.225200492975182
OC(=O)c1ccccc1Cl,c1ccccc1,288.15,-1.240463268,-1.0071444496873685
C1CN2CCN1CC2,c1ccccc1,298.15,0.600178204,-0.629423321967265
Oc1ccccc1[N+]([O-])=O,c1ccccc1,298.15,0.701736567,0.2932702712200051
CC1(C)C2CCC1(C)C(=O)C2C(=O)c3ccccc3,c1ccccc1,290.15,-0.23843404,0.9133671142366995
ClC(c1ccccc1)(c2ccccc2)c3ccccc3,c1ccccc1,298.15,0.43072822200000005,0.7073010939998923
Nc1ccc2c(Cc3cc(Cl)ccc23)c1,c1ccccc1,291.15,-0.733732477,-1.5291462611852515
[O-][N+](=O)c1cc(c(\C=C\c2ccccc2)c(c1)[N+]([O-])=O)[N+]([O-])=O,c1ccccc1,293.15,-0.79967407,-0.0971162845445775
O=C1CCCCCCCCCCCN1,c1ccccc1,295.15,-0.916775407,0.10081549321816552
Cl[C@@H]1[C@@H](Cl)[C@H](Cl)[C@@H](Cl)[C@H](Cl)[C@H]1Cl,c1ccccc1,293.15,-1.242384483,-0.5145636244804354
O=c5c1ccccc1c6c2ccccc2c7c(=O)c3ccccc3c8c4ccccc4c5c6c78,c1ccccc1,293.15,-3.8400840030000003,2.137954372657334
O=C1CCCCCCCCN1,c1ccccc1,295.15,-0.465092002,-0.3076083399178624
BrC(SC#N)C(Br)SC#N,c1ccccc1,289.15,-1.085573957,-1.3098713104658097
O=C1CCC(=O)N1,c1ccccc1,293.15,-2.167031491,-1.2043971430770917
CCCCCC(C(O)=O)C(O)=O,c1ccccc1,298.15,-1.41487513,-0.6353063475245893
NC(=O)C(O)c1ccc(Cl)cc1,c1ccccc1,295.15,-2.625148694,-2.523625732843101
ClC(Cl)(Cl)SN1C(=O)[C@H]2CC=CC[C@H]2C1=O,c1ccccc1,299.15,-1.1495992590000002,-0.06763002833895096
COc1ccc2C[C@@H]3[C@@H]4CC[C@H](OC(C)=O)[C@@H]5Oc1c2[C@]45CCN3C,c1ccccc1,293.15,-0.634717957,1.62074403829742
CC1(C(=O)NC(=O)NC1=O)c2ccccc2,c1ccccc1,293.15,-3.183542592,-2.5881661240080365
OC(=O)CCCCCCCCCC(O)=O,c1ccccc1,298.15,-3.824304507,-2.8203020095875546
OC(c1ccccc1)(c2ccccc2)c3ccccc3,c1ccccc1,298.15,-0.255544509,1.5619493937016313
ClCc1c(Br)cc(Br)cc1Br,c1ccccc1,293.15,-0.569895461,-0.9643694479284416
[O-][N+](=O)c1cccc(c1)C(=O)N=[N+]=[N-],c1ccccc1,293.15,-0.136980136,-0.1104388736809771
Oc1cccc2cccnc12,c1ccccc1,292.15,0.185868316,0.3662567006745779
CC1=CC(=O)c2ccccc2C1=O,c1ccccc1,299.42999999999995,0.086426364,-0.3996220727405709
c1ccc2cc3ccccc3cc2c1,c1ccccc1,298.15,-1.038971067,-0.6983782000015814
COC1=CC(=O)C(=C2OC(=CC=C12)c3ccccc3)C,c1ccccc1,293.15,-1.685001954,-0.7922541131914094
C(=CC=CC=Cc1ccccc1)C=CC=Cc2ccccc2,c1ccccc1,292.15,-3.3570211060000004,3.298779609239286
Oc1ccc(cc1)N=Nc2ccc(cc2)[N+]([O-])=O,c1ccccc1,303.15,-1.9249848090000001,-1.4165558955711879
CCC(C)(C)c1ccc(O)c(c1)N=Nc2ccc(cc2)C(C)=O,c1ccccc1,303.15,-0.476427265,0.4175633987694338
Oc1ccc(cc1)N=Nc2cccc(Cl)c2,c1ccccc1,303.15,-0.6187335589999999,-1.1016609281746064
OC1(N(CCBr)C(=O)c2ccccc12)c3ccccc3,c1ccccc1,292.15,-1.624649091,-0.15287286834465794
CCCCC(CC)CC(CC)(CC)C(=O)NO,c1ccccc1,299.15,0.0,0.4611800887818902
C[C@]12CCc3c(ccc4cc(O)ccc34)[C@@H]1CCC2=O,c1ccccc1,303.15,-2.3689889369999997,-1.6277535144671331
O=C1CCCc2c1[nH]c3ccccc23,c1ccccc1,293.15,-0.768892997,-1.086947559660433
c1ccc(cc1)C(c2ccccc2)(c3ccccc3)c4ccccc4,c1ccccc1,293.15,-1.602648604,0.24758856957024655
[O-][N+](=O)c1ccc(c2c1cccc2[N+]([O-])=O)[N+]([O-])=O,c1ccccc1,288.15,-1.5153563380000001,-1.5925486568729716
O[C@H]1C=Cc2ccccc2[C@@H]1O,c1ccccc1,296.15,-1.778654954,-1.5513545275512544
OC1=C(CCCC2CCCCC2)C(=O)c3ccccc3C1=O,c1ccccc1,293.15,-0.655228685,1.0977477210906206
CCCC1(CCC)C(=O)NC(=O)NC1=O,c1ccccc1,293.15,-2.066774265,-1.2123175349162862
[O-][N+](=O)c1cccc2ccccc12,c1ccccc1,298.15,-0.324273039,-0.2073375507306583
COc1cc2N3[C@H]4[C@@H]5[C@H](CC3=O)OCC=C6CN7CC[C@]4([C@@H]7C[C@H]56)c2cc1OC,c1ccccc1,298.15,-1.374156545,0.6613592483166856
Cl[C@H]1[C@H](Cl)[C@@H](Cl)c2ccccc2[C@@H]1Cl,c1ccccc1,293.15,-0.282011262,0.06188205629162455
OC(=O)c1occc1,c1ccccc1,297.9899999999999,-0.97019916,-1.1958091747470772
Brc1ccc(Br)cc1,c1ccccc1,298.15,0.494044405,0.6864279806459365
Nc1ccc(cc1)[N+]([O-])=O,c1ccccc1,298.15,-1.415999566,-1.620257333505476
CC[C@]1(NC(=O)NC1=O)c2ccccc2,c1ccccc1,297.15,-3.0090852889999997,-1.9668397729266347
Oc1ccc(cc1[N+]([O-])=O)[N+]([O-])=O,c1ccccc1,288.15,-0.51638858,-1.3153613762667185
Oc1ccc(cc1)N=Nc2ccccc2Cl,c1ccccc1,303.15,-0.24525747,-0.8473580180175103
CCC1CCCCC1OC(=O)c2ccccc2C(=O)O,c1ccccc1,290.15,-0.15650439300000002,-0.15330346940656936
COc1ccccc1C(/C)=C\C(O)=O,c1ccccc1,294.15,-0.42746705799999996,-0.7170605276502707
C[C@@H](C(O)=O)c1cccc2ccccc12,c1ccccc1,298.15,0.331421669,-0.6012609507251366
CCCCCCC(CCC)(CCC)C(=O)NO,c1ccccc1,299.15,-0.6108306379999999,0.7445349926117463
C[C@]12CC[C@H]3[C@@H](CCc4cc(O)ccc34)[C@@H]1CC[C@@H]2O,c1ccccc1,303.15,-2.760288511,-2.150221274779965
CCCC(C(O)=O)C(O)=O,c1ccccc1,298.15,-2.506270568,-0.8375199358506199
CCCCCCCCCCCC(C(O)=O)C(O)=O,c1ccccc1,298.15,-3.326703008,-1.3039076486984664
CCCCCCCC=NNC(N)=O,c1ccccc1,293.15,-0.23841898,-2.174332285816154
CCC1(C(=O)NC(=O)NC1=O)C2=CCCCC2,c1ccccc1,293.15,-1.9551091280000001,-1.0318641965250666
ClCCN(CCCl)c1ccc2ccccc2c1,c1ccccc1,288.15,0.47465388399999997,0.022322261066909405
Cc1ccc(cc1)C(/C)=C/C(O)=O,c1ccccc1,293.15,-0.88856542,-2.094008871295866
[O-][N+](=O)c1cc(c(C(=O)N=[N+]=[N-])c(c1)[N+]([O-])=O)[N+]([O-])=O,c1ccccc1,293.15,-1.507943623,0.12372175972500375
Cc1cc(ccc1O)N=Nc2ccccc2,c1ccccc1,303.15,-0.49796773200000005,-0.927454916797585
Cc1c(C)c(C)c(C)c(C)c1C,c1ccccc1,293.15,-0.387229525,-0.13273205433225393
OC(=O)/C=C/c1occc1,c1ccccc1,292.15,-1.0833611509999999,-1.6002944778248231
c1ccc2c(c1)cc(C(=O)O)c(=O)o2,CCO,293.15,-2.823897322,-0.05160132899144863
c1cc(cc(c1)[N+](=O)[O-])C(=O)O,CCO,298.15,0.40841274299999997,-0.05155421383747944
CCC(C)C(C(=O)O)N,CCO,298.15,-2.493568977,0.33382797201490755
c1cc(ccc1N)S(=O)(=O)NC(CO)(CO)CO,CCO,293.15,-1.4827944380000002,-1.098961598057663
c1ccc(cc1)C(=O)OCOC(=O)c1ccccc1,CCO,297.15,-1.113495321,-0.7319775721109661
c1ccc(cc1)COc1ccc(cc1)c1cc(COC(=O)N)on1,CCO,293.15,-2.334903897,-0.7311054459650806
Cc1ccc(cc1)OC(=O)NC(=O)N,CCO,291.15,-1.84106883,-1.4726154696210185
CC(C)C1CCC(C)C(C1)OC(=O)NC(=O)N,CCO,290.15,-2.026450829,-0.7244100879441429
CCC(=O)O[C@H]1CC[C@@]2(C)C(=CC[C@H]3[C@@H]4CC[C@H]([C@H](C)CCCC(C)C)[C@@]4(C)CC[C@H]23)C1,CCO,293.15,-2.0440750359999997,3.5155839237529984
c1(c(c(c(c(c1Cl)Cl)Cl)Cl)Cl)Cl,CCO,298.15,-3.6270946139999998,-1.6131278509286857
CC1=C(CCC1(C)C)C(=O)O,CCO,288.15,0.134109574,-0.045639573467327055
c1cc2cccc3CCc(c1)c23,CCO,298.15,-1.971432302,0.1146813754096804
C(CCCCC(=O)O)CCCC(=O)O,CCO,298.14,-0.482479538,-0.15443001513230944
c1cc(cnc1)C(=O)N,CCO,298.14,-0.096910013,0.09089445283605702
Cc1cc(C)c(c(c1[N+](=O)[O-])[N+](=O)[O-])[N+](=O)[O-],CCO,293.15,-1.301321832,-0.532038327457053
C=C(C)C1C/C(=N/Nc2ccccc2)/C(=C(C1)/N=N/c1ccccc1)C,CCO,291.15,-1.5102993390000001,-0.7728171503830024
C1CCC2C(C1)C1CC2NC2CCCC(NC3CC(C4CCCCC34)NC3CCCC(N1)N3)N2,CCO,298.0499999999999,-2.505874587,1.1635534691260223
C1CCC(C(C1)Cl)SC1CCCCC1Cl,CCO,298.15,-0.730356187,-0.26851631355842054
CC(C(C(=O)O)O)(C(=O)O)O,CCO,298.15,-1.199537073,-0.8642510309096864
c1ccnc(c1)NS(=O)(=O)c1ccc(cc1)N,CCO,294.15,-2.020133127,-1.4089760832329141
CCCCCCCCCC(=O)N(c1ccc(cc1)N(C)C)C(=O)Nc1ccc(cc1)N(C)C,CCO,293.15,-3.214442783,0.07620902328040002
C(C(=O)O)n1cnnn1,CCO,298.21,0.183613807,-0.3916740196736726
c1ccc(cc1)CSSCc1ccccc1,CCO,299.54,-1.4870200340000002,-0.4011638059620799
c1ccc(cc1)[C@@H]1OC[C@@H](CO1)OC(=O)c1ccc(cc1)Br,CCO,299.15,-1.861185401,-0.5384180739051104
c1ccc(cc1)Nc1ccc(cc1)/N=N/c1ccc(c2ccccc12)N(=O)=O,CCO,298.15,-2.614399475,-0.6051726337374149
CC(=O)Nc1ccc(cc1Cl)Cl,CCO,293.15,-0.7902932429999999,-0.013755402516704582
CC[C@H](/C=C/[C@@H](C)[C@H]1CC[C@H]2[C@@H]3CC=C4C[C@H](CC[C@]4(C)[C@H]3CC[C@]12C)O)C(C)C,CCO,298.15,-0.78418759,3.61784124262592
C(c1c[nH]cn1)[C@@H](C(=O)O)N,CCO,298.0499999999999,-3.1864472010000005,-1.0698312843624678
c1cc(cc(c1)[N+](=O)[O-])NC(=S)N,CCO,293.15,-0.6928843570000001,-0.2131834180574352
CCCCCCCCCOC(=O)NC(=O)N,CCO,290.15,-2.2831258919999997,-0.546043248180633
CC(C)CC(C)(C)OC(=O)NC(=O)N,CCO,287.15,-1.342109292,-0.6109230567682431
Cc1ccc(cc1)N/C(=N/c1ccc(C)cc1)/n1c2ccc(C)cc2nc1Nc1ccc(C)cc1,CCO,289.15,-2.986980997,2.087935106706384
c1ccc(cc1)c1ccc(c(c1)O)[N+](=O)[O-],CCO,298.15,-1.218915059,-0.6601307765995565
COc1cc(ccc1O)c1cc(c2ccc(cc2)Cl)[nH]c(=O)c1C#N,CCO,298.14,-1.9030764740000001,-1.792535835553243
CC(=C1CC(=O)C(C)C(=O)C1)C,CCO,291.15,-0.402622421,-0.6164707797924461
COc1cc(Cc2cnc(N)nc2N)cc(c1OC)OC,CCO,297.94,-1.9334392759999999,-1.61753344688842
CC(C)(C)c1ccc(cc1)C(=O)NN(C)C,CCO,298.15,0.11301815800000001,-0.2542917261711817
CCOC(=O)CSC1=N/C(=C\c2ccccc2)/C(=O)N1c1ccccc1,CCO,293.15,-2.075890678,-0.018317981001929023
C#CCSC[C@@H](C(=O)O)N,CCO,298.15,-2.8402397789999996,-0.7329285724744087
CC1(C)C2CCC1(C)C(=NO)C2=NO,CCO,293.15,0.707192548,0.22548850359287842
c1ccc(cc1)C(=C(c1ccccc1)c1ccccc1)c1ccccc1,CCO,293.15,-2.618629819,1.1494019356450658
CN(C)c1ccc(cc1)C(=N)c1ccc(cc1)N(C)C,CCO,293.15,-0.582021133,0.668440978968534
c1cn([C@@H]2CS[C@H](CO)O2)c(=O)nc1N,CCO,298.15,-1.303423437,-1.8846246879853963
C[C@@H](Cc1ccccc1)N(O)N(O)[C@H](C)Cc2ccccc2,CCO,298.15,0.380203964,1.3103428672440918
C[C@]12CCC=CC1=CC[C@@H]1[C@@H]2CC[C@]2(C)[C@H](CC[C@]12O)c1ccc(=O)oc1,CCO,293.15,-2.910861465,0.8410782015468072
CCCCCC(=O)N(c1ccc(cc1)N(C)C)C(=O)Nc1ccc(cc1)N(C)C,CCO,293.15,-2.701037233,-0.5633590544194476
C(CC(=O)O)C(=O)O,CCO,293.15,-0.170645968,-0.15702309868808986
c1ccc2c(c1)c1NC3=CC=CC(=Nc4c5ccccc5c([nH]4)N=c4c5ccccc5c(=Nc2[nH]1)[nH]4)C3,CCO,298.15,-0.420217749,4.221819940691175
CC(=O)Oc1ccc(cc1C(=O)O)n1nc2ccccc2n1,CCO,298.15,-2.05739504,0.11387818043842775
CC(CO)[C@H](C(=O)N[C@@H]1C2CC[C@@](C)([C@@H]1O)C2(C)C)O,CCO,293.15,-0.36232439899999996,0.5631544882702868
C(C(=O)O)C(CC(=O)O)(C(=O)O)O,CCO,298.15,0.39078633799999996,0.0071058973866508
C(CCCCCNCCCCCCCN)CCCCC(=O)O,CCO,293.15,-1.3836938680000002,1.2184756631096763
CCn1cc(c(=O)c2cc3c(cc12)OCO3)C(=O)O,CCO,298.15,-1.850758304,-2.1220283856661997
c1cc(ccc1[C@H](C(=O)O)N)O,CCO,298.37,-3.7934695960000004,-0.3433921009780415
c1ccc(c(c1)C(=O)O)Nc1cccc(c1)C(F)(F)F,CCO,288.15,-0.098819806,0.945996840536339
CC(C)c1cc(c(C)c(c1)N)N,CCO,298.15,-1.443202012,-0.13479523901518994
CCCCC(C(=O)[O-])[NH3+],CCO,298.15,-2.984312165,-3.1540998121689894
CCC(=Cc1ccco1)C=NNC(=O)N,CCO,295.15,-1.586482533,-1.5993760933871473
C=CC(CC)OC(=O)NC(=O)N,CCO,291.15,-1.015884705,-0.8586797450211462
C(CS(=O)(=O)CCCl)Cl,CCO,293.15,-0.429952338,-0.952916346497439
CC(=C(c1ccccc1)O)C(=O)c1ccccc1,CCO,293.15,-1.289524726,0.3582663046573098
CC(C)[C@@H](C)/C=C/[C@@H](C)[C@H]1CC[C@H]2/C(=C/C=C\3/C[C@H](CCC3=C)O)/CCC[C@]12C,CCO,299.15,-0.15125709199999998,1.9404261667327989
c1ccc(cc1)C(c1ccccc1)(C(c1ccccc1)(c1ccccc1)O)O,CCO,298.15,-2.484844146,1.4821609121071766
CCn1cc(c(=O)c2ccc(C)nc12)C(=O)O,CCO,298.15,-2.4500142659999997,-1.631463036193757
CCOC(=O)C(c1ccccc1)SC1=NC(=Cc2ccccc2)C(=O)N1c1ccccc1,CCO,293.15,-2.24801056,0.8511842175690275
C1CC1n1cc(c(=O)c2cc(c(cc12)N1CCNCC1)F)C(=O)O,CCO,298.14,-3.757007927,-0.778151514807619
CC(C)CCC1(CCO)C(=O)NC(=S)NC1=O,CCO,298.15,-0.277383831,0.2494809864929842
CCOC(=O)NC(C)(C(=O)O)NC(=O)OCC,CCO,293.15,0.626228979,0.6797105668921222
c1ccc2c(c1)c1CCCC(=O)c1[nH]2,CCO,293.15,-0.9902462590000001,-0.2473384734747653
CC1(C)C2CC[C@@]1(C)C(=O)/C/2=C(/c1ccccc1)\O,CCO,290.15,-0.9839528470000001,-0.19995465854213845
c1ccc2c(c1)c1=NC3=CC=CC(=Nc4c5ccccc5c(N=C5C=CC=C(C5)N=c2[nH]1)[nH]4)C3,CCO,298.15,0.160128574,3.2153542831747224
c1cc(ccc1C=CC(=O)CC(=O)C=Cc1ccc(cc1)O)O,CCO,293.15,-0.7647455470000001,-1.4937512687019758
CCCCCCCCCCCCCCCc1cccc(c1)O,CCO,297.54,0.591476024,3.7767432799471723
c1cc(c(c(c1)Cl)Cl)c1c(N)nc(N)nn1,CCO,298.19,-1.848997955,-1.3713198618372175
CCCCCCCCCCCCCCCC(=O)OCC(CO)O,CCO,298.15,-0.907458668,-0.17644024764052235
COc1cc(/C=C/CO)cc(c1O[C@H]1[C@@H]([C@H]([C@@H]([C@@H](CO)O1)O)O)O)OC,CCO,293.15,-2.0716749230000002,-1.2397380716539694
c1cc(I)oc1C=O,CCO,293.15,-0.869196505,-0.12670194793163447
c1ccc(cc1)N=Nc1ccc(cc1)N(c1ccccc1)c1ccccc1,CCO,298.15,-0.714448841,0.630992524631505
c1cc(ccc1Cl)NC(=S)NNC(=O)c1ccncc1,CCO,298.14,-3.955554542,-1.0251468682002507
CCCCCCCCCCCCCCCC(=O)OC(=O)CCCCCCCCCCCCCCC,CCO,293.15,-2.439194048,6.368472540320955
CC(C)CC(C)OC(=O)NC(=O)N,CCO,289.65,-1.8152894330000002,-0.5898996601635768
CCCCCCCCCCCCCCCCCC(=O)OCCO,CCO,298.15,-0.999204807,0.6179586674599743
CCCCCCCC[C@@H]([C@H](CCCCCCCCCCCC(=O)O)O)N(=O)=O,CCO,291.15,-0.049896619,2.6629420611416856
CC(C)OC(=O)NC(=O)N,CCO,289.15,-1.253629325,-0.735170455841293
CC(C)CC(C(=O)O)N,CCO,298.15,-2.9779719860000005,0.26724599290344053
CCCCCCCCCCCCOC(=O)c1cc(c(c(c1)O)O)O,CCO,293.15,0.169483185,1.5051325724063223
COc1cc2c(cc1OC)N1C(=O)C[C@H]3[C@@H]4[C@H]5C[C@H]6[C@]2(CCN6CC5=CCO3)[C@@H]14,CCO,298.15,0.22789432699999998,0.36322213746633325
C=CCc1ccc(c(c1)OC)OCCSCCOc1ccc(CC=C)cc1OC,CCO,291.15,-2.617593681,1.9953317373192583
C=CCNC(=S)NNc1ccc(cc1)[N+](=O)[O-],CCO,298.15,-0.886966081,-0.28060925483843474
c1cc(c(cc1[N+](=O)[O-])C(=O)O)N,CCO,291.15,-1.114267759,-0.17016180254792024
CCCCC(=O)O[C@H]1CC[C@@]2(C)C(=CC[C@H]3[C@@H]4CC[C@H]([C@H](C)CCCC(C)C)[C@@]4(C)CC[C@H]23)C1,CCO,293.15,-2.0707580130000003,4.2710062213303015
CC(C)C1=CC[C@H]2C(=C1)CC[C@@H]1[C@]2(C)CCC[C@@]1(C)C(=O)O,CCO,293.15,-1.70251239,2.498767568215529
c1ccc(cc1)N(c1ccccc1)c1ccc(cc1)/N=N/c1ccc(cc1)N(=O)=O,CCO,298.15,-2.221129619,-0.6194685299251045
CC(C)(C)S(=O)(=O)C(C)(C)C,CCO,293.15,-0.044315724,-0.4023552647581806
C1[C@H]([C@@H]([C@H](C(O)O1)O)O)O,CCO,298.15,-1.245804519,-2.6435716728325507
CCCCCCCCCCCCCCCC(=O)NN,CCO,292.15,-2.4754528590000002,1.2312439200953444
C([C@@H]1[C@H]([C@@H]([C@H]([C@@H](O1)O[N+](=O)[O-])O[N+](=O)[O-])O[N+](=O)[O-])O[N+](=O)[O-])O[N+](=O)[O-],CCO,293.15,-1.102460505,-0.7056589689063895
C(=C\C(=O)O)/C=C/C(=O)O,CCO,298.15,-2.000113088,-1.960647828577439
c1cc(c(cc1[N+](=O)[O-])[N+](=O)[O-])Oc1c(cc(cc1[N+](=O)[O-])[N+](=O)[O-])[N+](=O)[O-],CCO,296.15,-1.9287217230000002,0.9338222796449756
CCCCCCCCCCCCCCCCC1C(=O)N=C(N)S1,CCO,298.15,-3.68711345,2.663225092729848
c1ccc(c(c1)C(=O)NO)/N=C/c1ccccn1,CCO,293.15,-1.5373674819999998,-1.6248066670638683
CCOC(=O)c1ccc(cc1C)NC(=O)C,CCO,293.15,-0.493410444,-0.22890911454858942
CC(C)(CO)[C@H](C(=O)NCCC(=O)NCCSC(=O)c1ccccc1)O,CCO,293.15,-0.468666514,0.20020984730069025
CC(C)CCCOC(=O)NC(=O)N,CCO,287.15,-1.6016610130000002,-0.5991189108691546
CCC(=O)NCCNC(=O)CC,CCO,298.15,-0.09622215,-0.16203007056801189
c1ccc(c(c1)Cl)Nc1ccc(cc1N)Cl,CCO,293.15,-1.8012853430000002,0.8043911582289932
Cc1cc(c(C)c(c1C(=O)OC)O)O,CCO,293.14,0.205744016,-0.4203033505257562
Cc1cc(=O)n(c2ccccc2)n1C,CCO,295.15,0.49237377600000004,0.125822424189912
c1cnccc1C(=O)N,CCO,298.15,-0.24171009300000001,0.2865613600089416
COC(=O)c1ccccc1O[C@H]1[C@@H]([C@H]([C@@H]([C@@H](CO[C@H]2[C@@H]([C@H]([C@@H](CO2)O)O)O)O1)O)O)O,CCO,292.15,-2.157324451,-2.0194489616896307
C1N2CN3CN1CN(C2)C3,CCO,293.15,-0.788570894,-1.6362788198183036
CC(=O)N(c1ccc(cc1)N(C)C)C(=O)Nc1ccc(cc1)N(C)C,CCO,293.15,-2.593386658,-0.8623781606470339
C1COC(=O)CO1,CCO,288.35,0.8456890159999999,0.3957416799543927
C1(C(Cl)(Cl)Cl)OC(C(Cl)(Cl)Cl)OC(C(Cl)(Cl)Cl)O1,CCO,298.15,-1.9553882830000002,0.1166082114094705
c1ccc(cc1)C(=O)/C=C/c1ccc(cc1)[N+](=O)[O-],CCO,299.15,-2.312598381,-1.578726010645158
c1cc(Br)oc1C=O,CCO,293.15,-0.5440233720000001,0.03526436664585331
c1cc(ccc1S(=O)(=O)N)S(=O)(=O)N,CCO,298.15,-1.771354104,-1.7416601962910425
CC(C)(C)C(=O)OCOP(=O)(COCCn1cnc2c(N)ncnc12)OCOC(=O)C(C)(C)C,CCO,298.14,-0.23370444399999998,0.41367791371859625
C1CCC2C(C1)C1CC2NC2CCCC(NC3CC(C4CCCCC34)NC3CCCC(C3)N1)N2,CCO,293.15,-2.7569649289999996,1.8475453852352655
CCCCCC1(CCO)C(=O)NC(=S)NC1=O,CCO,298.15,-0.12894129199999999,0.3502905734558982
CCCCCCCCCCCCCC(=O)NO,CCO,299.15,-1.0,1.0375560429885706
Cc1cc(cc(c1OCC(=O)Nc1ccccc1)Cl)Cl,CCO,298.15,-0.973099852,0.06787448619387801
Cc1ccc(cc1)S(=O)(=O)NNC(=O)C(c1ccccc1)(c1ccccc1)O,CCO,294.15,-1.4576990019999998,0.015818314721247617
Cn1cnc2c1c(=O)[nH]c(=O)n2C,CCO,294.15,-2.6024603230000003,-1.8283143347071826
c1ccc2c(c1)ccc1ccccc21,CCO,298.15,-1.9531226000000002,-0.8425054288205961
CCCCCCCCCCCCC(=O)N(c1ccc(cc1)N(C)C)C(=O)Nc1ccc(cc1)N(C)C,CCO,291.15,-3.279386998,1.0757373460864987
c1ccc(cc1)N(c1ccccc1)c1ccc(cc1)/N=N/c1ccc(cc1N(=O)=O)N(=O)=O,CCO,298.15,-3.22184875,-0.38163700399557887
C1C/C(=N\O)/C(=N/NC(=S)N)/C(=N/O)/C1,CCO,298.15,-2.065867745,-1.0197530935592132
c1cnccc1C(=O)N/N=C/[C@H]([C@@H]1[C@@H]([C@@H](C(=O)O1)O)O)O,CCO,294.15,-2.0552194999999998,-1.2878515354567162
Cc1ccc(cc1)[N+](=O)[O-],CCO,288.15,-0.14023506800000002,-0.7434354781401071
c1ccc(cc1)c1ccccc1,CCO,298.15,-0.22788508899999999,0.04676540869664091
Cc1ccc2c(c1)nc(Nc1ccccc1)[nH]2,CCO,288.15,-0.438764661,-0.6045807169534523
