solute_smiles,solvent_smiles,temperature,y_true,y_pred
CC(C(=O)O)c1cccc(C(=O)c2ccccc2)c1,Cc1ccccc1,278.15,-1.13392896293359,-1.5401485216871051
CC(C(=O)O)c1cccc(C(=O)c2ccccc2)c1,CC#N,298.15,-0.18441890082767398,0.6213806423584023
CC(C(=O)O)c1cccc(C(=O)c2ccccc2)c1,CC#N,278.15,-0.622625231830459,-0.13454650148564673
CC(C(=O)O)c1cccc(C(=O)c2ccccc2)c1,CC#N,288.15,-0.42845226787510604,0.2617407183223405
CC(C(=O)O)c1cccc(C(=O)c2ccccc2)c1,CC(C)O,293.15,0.092612840082728,0.4334263202687906
CC(C(=O)O)c1cccc(C(=O)c2ccccc2)c1,CC#N,273.15,-0.7211107295927851,-0.3477188658997853
CC(C(=O)O)c1cccc(C(=O)c2ccccc2)c1,Cc1ccccc1,288.15,-0.8875592340426591,-1.0773442065192484
CC(C(=O)O)c1cccc(C(=O)c2ccccc2)c1,CC#N,283.15,-0.5431007953361071,0.06842506833658746
CC(C(=O)O)c1cccc(C(=O)c2ccccc2)c1,Cc1ccccc1,293.15,-0.750837819484697,-0.8592768973233775
CC(C(=O)O)c1cccc(C(=O)c2ccccc2)c1,CCO,288.15,0.195380223480674,0.4791074369331412
CC(C(=O)O)c1cccc(C(=O)c2ccccc2)c1,CCOC(C)=O,298.15,0.034059994637912996,1.0372613538869093
CC(C(=O)O)c1cccc(C(=O)c2ccccc2)c1,CC(C)O,303.15,0.37466512923371204,0.7648168662254536
CC(C(=O)O)c1cccc(C(=O)c2ccccc2)c1,Cc1ccccc1,273.15,-1.23616904348388,-1.7858262207296236
CC(C(=O)O)c1cccc(C(=O)c2ccccc2)c1,CC#N,293.15,-0.31161535367778304,0.4459039982960121
CC(C(=O)O)c1cccc(C(=O)c2ccccc2)c1,CCO,298.15,0.44003584591832506,0.8174517205837952
CC(C(=O)O)c1cccc(C(=O)c2ccccc2)c1,CO,303.15,0.764168204167601,1.0210852673208646
CC(C(=O)O)c1cccc(C(=O)c2ccccc2)c1,Cc1ccccc1,298.15,-0.611230558996677,-0.6495275557694954
CC(C(=O)O)c1cccc(C(=O)c2ccccc2)c1,CC#N,303.15,-0.070830114725695,0.7886017264522955
CC(C(=O)O)c1cccc(C(=O)c2ccccc2)c1,CCO,283.15,0.069276231070328,0.29493548159403526
CC(C(=O)O)c1cccc(C(=O)c2ccccc2)c1,Cc1ccccc1,283.15,-0.9874390896412399,-1.3041504413664324
CC(C(=O)O)c1cccc(C(=O)c2ccccc2)c1,CCCCO,288.15,-0.14505026888819597,0.08060306112241827
CC(C(=O)O)c1cccc(C(=O)c2ccccc2)c1,CCO,303.15,0.538488389249764,0.9727267557193108
CC(C(=O)O)c1cccc(C(=O)c2ccccc2)c1,CC(C)O,273.15,-0.501526654261669,-0.3607121510610206
CC(C(=O)O)c1cccc(C(=O)c2ccccc2)c1,CC(C)O,288.15,-0.06189003578548599,0.25224445205368495
CC(C(=O)O)c1cccc(C(=O)c2ccccc2)c1,CO,283.15,0.30033028085669106,0.3505289789356655
CC(C(=O)O)c1cccc(C(=O)c2ccccc2)c1,CCCCO,273.15,-0.462825848333396,-0.4877528157696627
CC(C(=O)O)c1cccc(C(=O)c2ccccc2)c1,Cc1ccccc1,303.15,-0.484311866627474,-0.4477045720600166
CC(C(=O)O)c1cccc(C(=O)c2ccccc2)c1,CC(C)O,278.15,-0.291151724748331,-0.14413741014543013
CC(C(=O)O)c1cccc(C(=O)c2ccccc2)c1,CCO,273.15,-0.136921353233738,-0.1065260073362394
CC(C(=O)O)c1cccc(C(=O)c2ccccc2)c1,CO,273.15,0.066081411624599,-0.044479943273565636
CC(C(=O)O)c1cccc(C(=O)c2ccccc2)c1,CCOC(C)=O,283.15,-0.21988229710870497,0.5410350110041813
CC(C(=O)O)c1cccc(C(=O)c2ccccc2)c1,CCOC(C)=O,288.15,-0.13836815357532098,0.7149974528060014
CC(C(=O)O)c1cccc(C(=O)c2ccccc2)c1,CCCCO,293.15,-0.010338773376786998,0.25543871044874567
CC(C(=O)O)c1cccc(C(=O)c2ccccc2)c1,CCO,293.15,0.32158296514473805,0.6530882628769833
CC(C(=O)O)c1cccc(C(=O)c2ccccc2)c1,CC(C)O,298.15,0.250170217168264,0.6040967238542518
CC(C(=O)O)c1cccc(C(=O)c2ccccc2)c1,CO,293.15,0.563845957148354,0.7042791679176221
CC(C(=O)O)c1cccc(C(=O)c2ccccc2)c1,CCCCO,278.15,-0.31328058501792605,-0.29063845198676275
CC(C(=O)O)c1cccc(C(=O)c2ccccc2)c1,CC(C)O,283.15,-0.215139895730147,0.05994299260189184
CC(C(=O)O)c1cccc(C(=O)c2ccccc2)c1,CCOC(C)=O,273.15,-0.30622229282901503,0.16509561100870884
CC(C(=O)O)c1cccc(C(=O)c2ccccc2)c1,CCCCO,283.15,-0.25457416342125894,-0.10130908551002549
CC(C(=O)O)c1cccc(C(=O)c2ccccc2)c1,CCOC(C)=O,278.15,-0.26085573840064896,0.35790421683975815
CC(C(=O)O)c1cccc(C(=O)c2ccccc2)c1,CO,278.15,0.19767133010943397,0.15847925654194472
CC(C(=O)O)c1cccc(C(=O)c2ccccc2)c1,CCOC(C)=O,303.15,0.104716257762051,1.1863976216732077
CC(C(=O)O)c1cccc(C(=O)c2ccccc2)c1,C1COCCO1,273.15,0.409772879586309,0.8040093094497943
CC(C(=O)O)c1cccc(C(=O)c2ccccc2)c1,C1COCCO1,288.15,0.5255266535346099,1.3011922672782898
CC(C(=O)O)c1cccc(C(=O)c2ccccc2)c1,CCO,278.15,0.014237495653131002,0.09994971896561111
CC(C(=O)O)c1cccc(C(=O)c2ccccc2)c1,CCOC(C)=O,293.15,-0.05105675741411099,0.880261582471017
CC(C(=O)O)c1cccc(C(=O)c2ccccc2)c1,CO,288.15,0.441432206694671,0.5322757278656007
CC(C(=O)O)c1cccc(C(=O)c2ccccc2)c1,CCCCO,303.15,0.224013722455722,0.5851211566583385
CC(C(=O)O)c1cccc(C(=O)c2ccccc2)c1,C1COCCO1,283.15,0.483909993928883,1.1420475097449059
CC(C(=O)O)c1cccc(C(=O)c2ccccc2)c1,C1COCCO1,293.15,0.588374097614797,1.4541608505248924
CC(C(=O)O)c1cccc(C(=O)c2ccccc2)c1,CCCCO,298.15,0.135245335453617,0.4235137357559454
CC(C(=O)O)c1cccc(C(=O)c2ccccc2)c1,C1COCCO1,278.15,0.44796385859749704,0.9764274238895225
CC(C(=O)O)c1cccc(C(=O)c2ccccc2)c1,CO,298.15,0.6984055255915749,0.867056317432315
CC(C(=O)O)c1cccc(C(=O)c2ccccc2)c1,C1COCCO1,303.15,0.6438317047618679,1.7426595361114305
CC(C(=O)O)c1cccc(C(=O)c2ccccc2)c1,C1COCCO1,298.15,0.6133945564531109,1.601230755152137
CC(C(=O)O)c1cccc(C(=O)c2ccccc2)c1,CCO,298.15,-0.642995145026669,0.8174517205837952
CC(C(=O)O)c1cccc(C(=O)c2ccccc2)c1,CCO,293.15,-0.266747417664171,0.6530882628769833
CC(C(=O)O)c1cccc(C(=O)c2ccccc2)c1,CO,298.15,0.008462604696959001,0.867056317432315
CC(C(=O)O)c1cccc(C(=O)c2ccccc2)c1,CO,298.15,0.043660649228208,0.867056317432315
CC(C(=O)O)c1cccc(C(=O)c2ccccc2)c1,CCO,298.15,-0.10431244839491699,0.8174517205837952
CC(C(=O)O)c1cccc(C(=O)c2ccccc2)c1,CCO,303.15,0.054664565410516,0.9727267557193108
CC(C(=O)O)c1cccc(C(=O)c2ccccc2)c1,CCO,298.15,0.066565548989918,0.8174517205837952
CC(C(=O)O)c1cccc(C(=O)c2ccccc2)c1,CCO,298.15,0.10894319399908999,0.8174517205837952
CC(C(=O)O)c1cccc(C(=O)c2ccccc2)c1,CCCCO,298.15,0.016777939995468002,0.4235137357559454
CC(C(=O)O)c1cccc(C(=O)c2ccccc2)c1,CC(C)O,298.15,0.277869277145611,0.6040967238542518
CC(C(=O)O)c1cccc(C(=O)c2ccccc2)c1,CCOC(C)=O,298.15,0.26727321473689103,1.0372613538869093
CC(C(=O)O)c1cccc(C(=O)c2ccccc2)c1,CO,298.15,0.658680938174487,0.867056317432315
CC(C(=O)O)c1cccc(C(=O)c2ccccc2)c1,CO,298.15,0.85360586723241,0.867056317432315
CC(=O)NCC(=O)O,CC#N,278.15,-1.20144106047347,-1.5345788030147436
CC(=O)NCC(=O)O,CO,278.15,-1.01358893274034,-0.4529221805143456
CC(=O)NCC(=O)O,CC#N,283.15,-1.12219879188122,-1.4180731200836942
CC(=O)NCC(=O)O,CC#N,288.15,-1.05363138663296,-1.3059177038712766
CC(=O)NCC(=O)O,CO,283.15,-0.9247360461115359,-0.35575962909656134
CC(=O)NCC(=O)O,CC#N,293.15,-0.9872666752837209,-1.1979409151135951
CC(=O)NCC(=O)O,CO,288.15,-0.839124847200427,-0.26386469973215826
CC(=O)NCC(=O)O,CC#N,298.15,-0.9100420881118292,-1.0939840906967195
CC(=O)NCC(=O)O,CO,293.15,-0.7554638612979608,-0.1769819027167958
CC(=O)NCC(=O)O,CC#N,303.15,-0.8524443824340041,-0.9939005238010277
CC(=O)NCC(=O)O,CO,298.15,-0.670573101854603,-0.0948758556806715
CC(=O)NCC(=O)O,CC#N,308.15,-0.782114237888694,-0.8975545433822152
CC(=O)NCC(=O)O,CO,303.15,-0.5926871423429761,-0.017329483850171676
CC(=O)NCC(=O)O,CC#N,313.15,-0.7047521436739258,-0.8048206864634277
CC(=O)NCC(=O)O,CC#N,318.15,-0.645526524701657,-0.7155829569635153
CC(=O)NCC(=O)O,CO,308.15,-0.514010663968744,0.05585754151575742
CC(=O)NCC(=O)O,CC#N,323.15,-0.590623970206856,-0.6297341664397118
CC(=O)NCC(=O)O,CO,313.15,-0.436871512215176,0.12487014323258991
CC(=O)NCC(=O)O,CC#N,328.15,-0.51087325390144,-0.5471753509002792
CC(=O)NCC(=O)O,CO,318.15,-0.3615465467418879,0.18987897437239304
CC(=O)NCC(=O)O,CO,323.15,-0.33456148888664194,0.2510413683371469
CC(=O)NCC(=O)O,CC#N,333.15,-0.439511039011634,-0.4678152607200874
CC(=O)NCC(=O)O,CO,328.15,-0.21384144440652697,0.3085021201515309
CC(=O)NCC(=O)O,CO,333.15,-0.141819036129891,0.36239411533213284
CCc1ccc2c(c1)C(=O)c1ccccc1C2=O,C1COCCO1,298.15,0.10992489057925399,-1.038195426058766
CCc1ccc2c(c1)C(=O)c1ccccc1C2=O,C1CCOC1,298.15,0.30357305374981397,-0.9165624998814175
O=C(O)c1cccc(Cl)c1,C1COCCO1,298.15,0.30919472956788,0.312262784223028
c1ccc2c(c1)Cc1ccccc1O2,C1COCCO1,298.15,0.31500613412792305,1.0049078263396742
c1ccc2c(c1)Nc1ccccc1S2,C1CCOC1,298.15,0.37492909657592793,0.2860673646575264
c1ccc2c(c1)Cc1ccccc1O2,C1CCOC1,298.15,0.45011102022887794,1.1970451006182752
CC(=O)NCC(=O)O,CCCCO,278.15,-1.7961760394788402,-1.155291208942315
CC(=O)NCC(=O)O,CCCO,278.15,-1.6787669898086297,-1.0415060081455192
CC(=O)NCC(=O)O,CCCCO,282.15,-1.7237940844419097,-1.0683485420911216
CC(=O)NCC(=O)O,CC(C)O,278.15,-1.6155824035303101,-1.1329805667875108
CC(=O)NCC(=O)O,CCCO,282.15,-1.59329556629719,-0.9547495139759796
CC(=O)NCC(=O)O,CCCCO,286.15,-1.65045779113283,-0.9838767901452549
CC(=O)NCC(=O)O,CC(C)O,282.15,-1.54326464487597,-1.0422902611421068
CC(=O)NCC(=O)O,CCCO,286.15,-1.52989481832581,-0.8709497249389142
CC(=O)NCC(=O)O,CCO,278.15,-1.41068113990399,-0.8285843154938921
CC(=O)NCC(=O)O,CCCCO,290.15,-1.5924356825710602,-0.9017993985518838
CC(=O)NCC(=O)O,CCCO,290.15,-1.4567987331855903,-0.790005389224264
CC(=O)NCC(=O)O,CC(C)O,286.15,-1.4636644880357799,-0.9554560200489316
CC(=O)NCC(=O)O,CCCCO,293.15,-1.53938344869495,-0.8417692071369521
CC(=O)NCC(=O)O,CCO,282.15,-1.33087387449231,-0.7436696353099268
CC(=O)NCC(=O)O,CCCO,293.15,-1.4123319055085302,-0.7311137296150998
CC(=O)NCC(=O)O,CCCCO,297.15,-1.4766522325648201,-0.7637114273785002
CC(=O)NCC(=O)O,CC(C)O,290.15,-1.3956884327718702,-0.8723278544341112
CC(=O)NCC(=O)O,CCO,286.15,-1.2601009560260101,-0.6624765515306165
CC(=O)NCC(=O)O,CC(C)O,293.15,-1.3585981806010299,-0.8123291249117391
CC(=O)NCC(=O)O,CCCO,297.15,-1.3490671616720802,-0.6549417545052402
CC(=O)NCC(=O)O,CCCCO,302.15,-1.40506256073381,-0.6692352245692534
CC(=O)NCC(=O)O,CCO,290.15,-1.19970214482298,-0.584841748056895
CC(=O)NCC(=O)O,CO,278.15,-1.01941778566241,-0.4529221805143456
CC(=O)NCC(=O)O,CC(C)O,297.15,-1.2863273124206,-0.7353546031507525
CC(=O)NCC(=O)O,CCCO,302.15,-1.2745300836842,-0.5633858199487984
CC(=O)NCC(=O)O,CCO,293.15,-1.1540648499776398,-0.5288586680705248
CC(=O)NCC(=O)O,CCCCO,307.15,-1.33769827585645,-0.5780896441869743
CC(=O)NCC(=O)O,CO,282.15,-0.937643387388639,-0.37476217781126414
CC(=O)NCC(=O)O,CCCO,307.15,-1.20092309820408,-0.47575250608560454
CC(=O)NCC(=O)O,CCO,297.15,-1.0862407958290299,-0.45709012944994615
CC(=O)NCC(=O)O,CC(C)O,302.15,-1.20551294798109,-0.6438221622810626
CC(=O)NCC(=O)O,CCCCO,311.15,-1.2853918579375,-0.5074977396995259
CC(=O)NCC(=O)O,CCCO,311.15,-1.14614451676453,-0.40837445150955176
CC(=O)NCC(=O)O,CCCCO,315.15,-1.23243161936879,-0.43891552929280997
CC(=O)NCC(=O)O,CO,286.15,-0.860358587483847,-0.30000737943803635
CC(=O)NCC(=O)O,CCO,302.15,-1.01602407429151,-0.37181245269472535
CC(=O)NCC(=O)O,CC(C)O,307.15,-1.13393182723458,-0.5572860714237815
CC(=O)NCC(=O)O,CO,290.15,-0.8106635238883191,-0.22852373637336804
CC(=O)NCC(=O)O,CCCO,315.15,-1.08551809037686,-0.34334842707660107
CC(=O)NCC(=O)O,CCCCO,319.15,-1.17409662942536,-0.3722941115208019
CC(=O)NCC(=O)O,CC(C)O,311.15,-1.0763715454105,-0.49151442915121346
CC(=O)NCC(=O)O,CCO,307.15,-0.9381135312672159,-0.2912332315059799
CC(=O)NCC(=O)O,CO,293.15,-0.7474716711850681,-0.1769819027167958
CC(=O)NCC(=O)O,CCCO,319.15,-1.02050741759807,-0.2806112587094032
CC(=O)NCC(=O)O,CC(C)O,315.15,-1.0185613565459102,-0.42870875157606253
CC(=O)NCC(=O)O,CCO,311.15,-0.8880427930639109,-0.23000146346601993
CC(=O)NCC(=O)O,CO,297.15,-0.6789858239286579,-0.11092559503774527
CC(=O)NCC(=O)O,CC(C)O,319.15,-0.9564281647211189,-0.3687771476397261
CC(=O)NCC(=O)O,CCO,315.15,-0.820229525431342,-0.17152677216822065
CC(=O)NCC(=O)O,CO,302.15,-0.599095283599961,-0.03248382968849635
CC(=O)NCC(=O)O,CCO,319.15,-0.7582265262167309,-0.11571022067344577
CC(=O)NCC(=O)O,CO,307.15,-0.523281543772243,0.04155979575555874
CC(=O)NCC(=O)O,CO,311.15,-0.468644583088443,0.09775480383589374
CC(=O)NCC(=O)O,CO,315.15,-0.40431949285975205,0.15134502827580043
CC(=O)NCC(=O)O,CO,319.15,-0.3388313243846469,0.2024143585603156
COc1ccc(C(=O)O)cc1,CC(O)COC(C)(C)C,298.15,-0.7312570631037251,-0.09371726501875123
O=C(O)c1ccc(Cl)cc1,CCCCOCCO,298.15,-0.6291504233278779,-0.10280094321352501
O=C(O)c1ccc(Cl)cc1,CCCOCCO,298.15,-0.5533221824830991,-0.06296854651765683
COc1ccc(C(=O)O)cc1,CCCOCCO,298.15,-0.519759553424229,0.056944934902181686
O=C(O)c1ccc(Cl)cc1,CCOCCO,298.15,-0.44511381842189707,-0.003106199183074281
O=C(O)c1ccc(Cl)cc1,CC(C)OCCO,298.15,-0.49703909111853,-0.06666144855823591
COc1ccc(C(=O)O)cc1,CC(C)OCCO,298.15,-0.48821987392397603,0.06915216318848016
COc1ccc(C(=O)O)cc1,COC(C)CCO,298.15,-0.4640421467438421,0.10491785645287506
COc1ccc(C(=O)O)cc1,CCCCOCCO,298.15,-0.5166683373579051,0.009002879594271148
COc1ccc(C(=O)O)cc1,CCOCCO,298.15,-0.35446254908236297,0.19660004433992578
CC(=O)Nc1ccc(O)cc1,CC(O)COC(C)(C)C,298.15,-0.542984814770987,-0.8584606354680284
CC(=O)Nc1ccc(O)cc1,CCCCOCCO,298.15,-0.30307145041421196,-0.5360100457240495
CC(=O)Nc1ccc(O)cc1,COC(C)CCO,298.15,-0.191561782191975,-0.4700532321150779
CC(=O)Nc1ccc(O)cc1,CCCOCCO,298.15,-0.114667921543888,-0.41499277010813673
NC(=O)c1ccccc1O,COC(C)CCO,298.15,-0.08239573475993099,-0.05277753285096913
CC(=O)Nc1ccc(O)cc1,CC(C)OCCO,298.15,-0.07720726173670099,-0.4312293271705975
NC(=O)c1ccccc1O,CCCCOCCO,298.15,-0.129205852359214,-0.09191131041571339
NC(=O)c1ccccc1O,CC(O)COC(C)(C)C,298.15,-0.137557499622091,-0.21407426623348882
NC(=O)c1ccccc1O,CC(C)OCCO,298.15,0.0025639746749330002,0.02219887646802459
NC(=O)c1ccccc1O,CCCOCCO,298.15,0.031530361669057004,-0.01790768354019057
CC(=O)Nc1ccc(O)cc1,CCOCCO,298.15,0.167667153408725,-0.21577810166820505
NC(=O)c1ccccc1O,CCOCCO,298.15,0.195936702007644,0.1780923592028795
c1ccc(-c2ccccc2)cc1,CCOCCO,298.15,0.22795267125920496,0.4336181551751508
c1ccc(-c2ccccc2)cc1,COC(C)CCO,298.15,0.184451800652862,0.3220810104739766
c1ccc(-c2ccccc2)cc1,CCCCOCCO,298.15,0.145801380635228,0.44065877975010426
c1ccc(-c2ccccc2)cc1,CC(C)OCCO,298.15,0.22233262881304897,0.42164318561485703
c1ccc(-c2ccccc2)cc1,CCCOCCO,298.15,0.249205346154776,0.43962501355239825
Cc1cccc(C(=O)O)c1,COC(C)CCO,298.15,0.36288305501559204,0.09294802841467549
Cc1cccc(C(=O)O)c1,CCOCCO,298.15,0.43852950503609,0.20314375844346513
Cc1cccc(C(=O)O)c1,CCCOCCO,298.15,0.36924917645231103,0.12668180437418555
Cc1cccc(C(=O)O)c1,CCCCOCCO,298.15,0.323413792818004,0.09722573206050816
Cc1cccc(C(=O)O)c1,CC(O)COC(C)(C)C,298.15,0.285181505545232,0.04708634080273207
Cc1cccc(C(=O)O)c1,CC(C)OCCO,298.15,0.407140660984461,0.13057709540867768
CCCCOC(=O)c1ccc(N)cc1,Cc1ccccc1,268.15,-0.495399091061913,-1.3258174650799726
CCCCOC(=O)c1ccc(N)cc1,CC(C)O,268.15,-0.31148628654615,-0.579045240660209
CCCCOC(=O)c1ccc(N)cc1,CO,268.15,0.036361390705293,-0.4295300880506529
CCCCOC(=O)c1ccc(N)cc1,CCCCO,268.15,-0.320245909291246,-0.7341904071268082
CCCCOC(=O)c1ccc(N)cc1,CCCO,268.15,-0.21136626731166397,-0.6413943854482953
CCCCOC(=O)c1ccc(N)cc1,CC(C)O,273.15,-0.18035496926309802,-0.480474889244667
CCCCOC(=O)c1ccc(N)cc1,Cc1ccccc1,273.15,-0.32392895217281603,-1.205546258844598
CCCCOC(=O)c1ccc(N)cc1,CCCCO,273.15,-0.20524947818929798,-0.6467839669484756
CCCCOC(=O)c1ccc(N)cc1,CO,273.15,0.176302660122643,-0.341168491110317
CCCCOC(=O)c1ccc(N)cc1,CCCO,273.15,-0.091908369966274,-0.5529295510207971
CCCCOC(=O)c1ccc(N)cc1,CC(C)O,278.15,-0.033625415920453,-0.3862022084501787
CCCCOC(=O)c1ccc(N)cc1,Cc1ccccc1,278.15,-0.156112930816894,-1.0888993426874807
CCCCOC(=O)c1ccc(N)cc1,CCCCO,278.15,-0.07192173161184899,-0.5611576265452591
CCCCOC(=O)c1ccc(N)cc1,CO,278.15,0.315550562955232,-0.2560309531188637
CCCCOC(=O)c1ccc(N)cc1,CCCO,278.15,0.054331984483622,-0.4668420819503974
CCCCOC(=O)c1ccc(N)cc1,CC(C)O,283.15,0.122342829158892,-0.2960672156578483
CCCCOC(=O)c1ccc(N)cc1,CCCCO,283.15,0.063896573671273,-0.4773140547960465
CCCCOC(=O)c1ccc(N)cc1,CCCO,283.15,0.186130621276686,-0.3831033302796586
CCCCOC(=O)c1ccc(N)cc1,CO,283.15,0.463069056300279,-0.17402681226865596
CCCCOC(=O)c1ccc(N)cc1,Cc1ccccc1,283.15,0.06156404286178701,-0.9757474928908093
CCCCOC(=O)c1ccc(N)cc1,CC(C)O,288.15,0.286110402452139,-0.2099233439106293
CCCCOC(=O)c1ccc(N)cc1,CCCCO,288.15,0.226603933383674,-0.39525513558838177
CCCCOC(=O)c1ccc(N)cc1,CCCO,288.15,0.31822661413985304,-0.3016868740027357
CCCCOC(=O)c1ccc(N)cc1,CO,288.15,0.6144757726683471,-0.0950729224460447
CCCCOC(=O)c1ccc(N)cc1,Cc1ccccc1,288.15,0.21946079537823104,-0.8659701070274912
CCCCOC(=O)c1ccc(N)cc1,CCCCO,293.15,0.388919088638752,-0.3149822120772193
CCCCOC(=O)c1ccc(N)cc1,CC(C)O,293.15,0.47286930816864403,-0.1276363939731599
CCCCOC(=O)c1ccc(N)cc1,CCCO,293.15,0.48530706289427794,-0.22256847598310023
CCCCOC(=O)c1ccc(N)cc1,CO,293.15,0.7857652238341359,-0.01909291883727536
CCCCOC(=O)c1ccc(N)cc1,Cc1ccccc1,293.15,0.429254133509264,-0.7594545952422569
CCCCOC(=O)c1ccc(N)cc1,CCCCO,298.15,0.5500432503725179,-0.23649628720104837
CCCCOC(=O)c1ccc(N)cc1,CCCO,298.15,0.657176313104045,-0.1457260381357014
CCCCOC(=O)c1ccc(N)cc1,CC(C)O,298.15,0.663467712214264,-0.049083607891109174
CCCCOC(=O)c1ccc(N)cc1,CO,298.15,0.967847806338154,0.05398341509847078
CCCCOC(=O)c1ccc(N)cc1,Cc1ccccc1,298.15,0.5943950304154251,-0.6560958151311798
CCCCOC(=O)c1ccc(N)cc1,Cc1ccccc1,273.15,-0.32099678872875703,-1.205546258844598
CCCCOC(=O)c1ccc(N)cc1,CCCO,298.15,0.6580500183901291,-0.1457260381357014
CCCCOC(=O)c1ccc(N)cc1,CCCCO,268.15,-0.31697589201254306,-0.7341904071268082
CCCCOC(=O)c1ccc(N)cc1,CC(C)O,298.15,0.662348510640036,-0.049083607891109174
CCCCOC(=O)c1ccc(N)cc1,CC(C)O,268.15,-0.30785772895387103,-0.579045240660209
CCCCOC(=O)c1ccc(N)cc1,CCCO,268.15,-0.21099252529725301,-0.6413943854482953
CCCCOC(=O)c1ccc(N)cc1,CCCCO,273.15,-0.20645686489857,-0.6467839669484756
CCCCOC(=O)c1ccc(N)cc1,CO,293.15,0.7865978803127479,-0.01909291883727536
CCCCOC(=O)c1ccc(N)cc1,Cc1ccccc1,278.15,-0.153971749246051,-1.0888993426874807
CCCCOC(=O)c1ccc(N)cc1,CC(C)O,273.15,-0.17884589692359498,-0.480474889244667
CCCCOC(=O)c1ccc(N)cc1,CCCO,273.15,-0.093837471078746,-0.5529295510207971
CCCCOC(=O)c1ccc(N)cc1,CCCCO,278.15,-0.072455779361258,-0.5611576265452591
CCCCOC(=O)c1ccc(N)cc1,CC(C)O,278.15,-0.035908529465627,-0.3862022084501787
CCCCOC(=O)c1ccc(N)cc1,CO,298.15,0.967028230061736,0.05398341509847078
CCCCOC(=O)c1ccc(N)cc1,Cc1ccccc1,283.15,0.0600751333669,-0.9757474928908093
CCCCOC(=O)c1ccc(N)cc1,CO,268.15,0.040069709884938,-0.4295300880506529
CCCCOC(=O)c1ccc(N)cc1,CCCO,278.15,0.051990752440205006,-0.4668420819503974
CCCCOC(=O)c1ccc(N)cc1,CCCCO,283.15,0.063316689846607,-0.4773140547960465
CCCCOC(=O)c1ccc(N)cc1,CC(C)O,283.15,0.12446129545136901,-0.2960672156578483
CCCCOC(=O)c1ccc(N)cc1,CO,273.15,0.173382055661739,-0.341168491110317
CCCCOC(=O)c1ccc(N)cc1,CCCO,283.15,0.18455080862695103,-0.3831033302796586
CCCCOC(=O)c1ccc(N)cc1,Cc1ccccc1,288.15,0.21772563464862899,-0.8659701070274912
CCCCOC(=O)c1ccc(N)cc1,CCCCO,288.15,0.22559979614586398,-0.39525513558838177
CCCCOC(=O)c1ccc(N)cc1,CC(C)O,288.15,0.28584476084118204,-0.2099233439106293
CCCCOC(=O)c1ccc(N)cc1,CO,278.15,0.31260357015553103,-0.2560309531188637
CCCCOC(=O)c1ccc(N)cc1,CCCO,288.15,0.31784543779003305,-0.3016868740027357
CCCCOC(=O)c1ccc(N)cc1,CCCCO,293.15,0.38597355956999296,-0.3149822120772193
CCCCOC(=O)c1ccc(N)cc1,Cc1ccccc1,293.15,0.42885978649441103,-0.7594545952422569
CCCCOC(=O)c1ccc(N)cc1,Cc1ccccc1,268.15,-0.502484150544361,-1.3258174650799726
CCCCOC(=O)c1ccc(N)cc1,CO,283.15,0.465122809487238,-0.17402681226865596
CCCCOC(=O)c1ccc(N)cc1,CC(C)O,293.15,0.47323737563456497,-0.1276363939731599
CCCCOC(=O)c1ccc(N)cc1,CCCO,293.15,0.485467829508399,-0.22256847598310023
CCCCOC(=O)c1ccc(N)cc1,CCCCO,298.15,0.5489191492493529,-0.23649628720104837
CCCCOC(=O)c1ccc(N)cc1,Cc1ccccc1,298.15,0.594039571252387,-0.6560958151311798
CCCCOC(=O)c1ccc(N)cc1,CO,288.15,0.614505478179266,-0.0950729224460447
CCOC(=O)c1ccc(N)cc1,ClC(Cl)Cl,278.15,0.165297351381342,-0.2671039261886374
CCOC(=O)c1ccc(N)cc1,ClC(Cl)Cl,283.15,0.249264889814634,-0.18917559221405025
CCOC(=O)c1ccc(N)cc1,ClC(Cl)Cl,288.15,0.333317551707821,-0.11412809144255989
CCOC(=O)c1ccc(N)cc1,ClC(Cl)Cl,293.15,0.410493636465595,-0.04187491163237515
CCOC(=O)c1ccc(N)cc1,ClC(Cl)Cl,298.15,0.49653428020401397,0.027663375736159533
CCOC(=O)c1ccc(N)cc1,ClC(Cl)Cl,298.15,0.49921993237518697,0.027663375736159533
CCOC(=O)c1ccc(N)cc1,ClC(Cl)Cl,303.15,0.579034431573103,0.0945596357059299
CCOC(=O)c1ccc(N)cc1,ClC(Cl)Cl,303.15,0.5824536630320749,0.0945596357059299
CCOC(=O)c1ccc(N)cc1,ClC(Cl)Cl,308.15,0.6595427971212501,0.15888063644999817
CCOC(=O)c1ccc(N)cc1,ClC(Cl)Cl,313.15,0.742893726507726,0.22068746277124293
CCOC(=O)c1ccc(N)cc1,ClC(Cl)Cl,318.15,0.835805358942674,0.2800358776676856
CCOC(=O)c1ccc(N)cc1,ClC(Cl)Cl,323.15,0.922872161679609,0.3369766333703695
CCOC(=O)c1ccc(N)cc1,C1COCCO1,283.15,0.5418124357179,0.44111673268827567
CCOC(=O)c1ccc(N)cc1,C1COCCO1,288.15,0.596488563748497,0.48570492024061007
CCOC(=O)c1ccc(N)cc1,C1COCCO1,293.15,0.650441350150358,0.5302044449342713
CCOC(=O)c1ccc(N)cc1,C1COCCO1,298.15,0.707475445794792,0.5745325240010972
CCOC(=O)c1ccc(N)cc1,C1COCCO1,303.15,0.7686523181398491,0.6186124842472405
CCOC(=O)c1ccc(N)cc1,C1COCCO1,308.15,0.824360592839807,0.6623731275431265
CCOC(=O)c1ccc(N)cc1,C1COCCO1,313.15,0.8904634360660211,0.7057481725971324
CCOC(=O)c1ccc(N)cc1,C1COCCO1,318.15,0.951666563754327,0.7486757612394723
CCOC(=O)c1ccc(N)cc1,C1COCCO1,323.15,1.02350869980044,0.7910980197669479
CCOC(=O)c1ccc(N)cc1,CC(C)=O,278.15,0.53880041428746,0.22388298990763347
CCOC(=O)c1ccc(N)cc1,CC(C)=O,283.15,0.591430154244788,0.2867534021131032
CCOC(=O)c1ccc(N)cc1,CC(C)=O,288.15,0.6399550963056729,0.3465759412955005
CCOC(=O)c1ccc(N)cc1,CC(C)=O,293.15,0.692989207800543,0.4034353504688323
CCOC(=O)c1ccc(N)cc1,CC(C)=O,298.15,0.746856528807615,0.45740841590600534
CCOC(=O)c1ccc(N)cc1,CC(C)=O,303.15,0.8068589246543291,0.5085643985034345
CCOC(=O)c1ccc(N)cc1,CC(C)=O,303.15,0.8109865983461441,0.5085643985034345
CCOC(=O)c1ccc(N)cc1,CC(C)=O,308.15,0.8603083455751128,0.5569653965292864
CCOC(=O)c1ccc(N)cc1,CC(C)=O,313.15,0.926943198085655,0.6026666441127662
CCOC(=O)c1ccc(N)cc1,CC(C)=O,318.15,1.00632639168155,0.645716748600971
CCOC(=O)c1ccc(N)cc1,CC(C)=O,323.15,1.08767368338535,0.6861578687361395
CCOC(=O)c1ccc(N)cc1,CC#N,278.15,0.22861209375375402,-0.08325508740625381
CCOC(=O)c1ccc(N)cc1,CC#N,283.15,0.31863441620119604,-0.004268959166609798
CCOC(=O)c1ccc(N)cc1,CC#N,288.15,0.414276922063688,0.07156386046083202
CCOC(=O)c1ccc(N)cc1,CC#N,293.15,0.5075772226136099,0.1443575719177796
CCOC(=O)c1ccc(N)cc1,CC#N,298.15,0.60863194255889,0.2142172555558713
CCOC(=O)c1ccc(N)cc1,CC#N,298.15,0.612201953708871,0.2142172555558713
CCOC(=O)c1ccc(N)cc1,CC#N,303.15,0.705732739564168,0.28123958305677266
CCOC(=O)c1ccc(N)cc1,CC#N,303.15,0.7001389057249561,0.28123958305677266
CCOC(=O)c1ccc(N)cc1,CC#N,308.15,0.791626329262412,0.3455134598469326
CCOC(=O)c1ccc(N)cc1,CC#N,313.15,0.8917361014990001,0.40712060172674047
CCOC(=O)c1ccc(N)cc1,CC#N,318.15,0.9826640905090591,0.46613604910640494
CCOC(=O)c1ccc(N)cc1,CC#N,323.15,1.08450831412822,0.5226286209533015
CCOC(=O)c1ccc(N)cc1,Cc1ccccc1,278.15,-0.81226239423916,-1.1835181059319766
CCOC(=O)c1ccc(N)cc1,Cc1ccccc1,283.15,-0.699557634837321,-1.0843280560950517
CCOC(=O)c1ccc(N)cc1,Cc1ccccc1,288.15,-0.586261045460928,-0.9877744436314193
CCOC(=O)c1ccc(N)cc1,Cc1ccccc1,293.15,-0.491361404285384,-0.8937853953608199
CCOC(=O)c1ccc(N)cc1,Cc1ccccc1,298.15,-0.366423907283639,-0.8022935239995252
CCOC(=O)c1ccc(N)cc1,Cc1ccccc1,298.15,-0.36108339975140796,-0.8022935239995252
CCOC(=O)c1ccc(N)cc1,Cc1ccccc1,303.15,-0.23275654140764804,-0.7132356521989789
CCOC(=O)c1ccc(N)cc1,Cc1ccccc1,308.15,-0.09450177026178999,-0.6265525511517722
CCOC(=O)c1ccc(N)cc1,Cc1ccccc1,313.15,0.080144828513378,-0.5421886949333071
CCOC(=O)c1ccc(N)cc1,Cc1ccccc1,318.15,0.250611967770731,-0.460092031562908
CCOC(=O)c1ccc(N)cc1,Cc1ccccc1,323.15,0.438693066961426,-0.38021377150417135
CCOC(=O)c1ccc(N)cc1,CCCCO,278.15,-0.483664463256601,-0.6178534233203237
CCOC(=O)c1ccc(N)cc1,CCCCO,283.15,-0.392726875406204,-0.5480736561791814
CCOC(=O)c1ccc(N)cc1,CCCCO,288.15,-0.29703163094567303,-0.47932980686471616
CCOC(=O)c1ccc(N)cc1,CCCCO,293.15,-0.19772885645882202,-0.4116640521837157
CCOC(=O)c1ccc(N)cc1,CCCCO,298.15,-0.08863061295881099,-0.34511522532932865
CCOC(=O)c1ccc(N)cc1,CCCCO,298.15,-0.083956933512886,-0.34511522532932865
CCOC(=O)c1ccc(N)cc1,CCCCO,303.15,0.026683367555764,-0.2797192283664688
CCOC(=O)c1ccc(N)cc1,CCCCO,303.15,0.029631179618942998,-0.2797192283664688
CCOC(=O)c1ccc(N)cc1,CCCCO,308.15,0.145685219392936,-0.21550939190582566
CCOC(=O)c1ccc(N)cc1,CCCCO,313.15,0.278755074373802,-0.15251679190998593
CCOC(=O)c1ccc(N)cc1,CCCCO,318.15,0.421906128050769,-0.09077053255342632
CCOC(=O)c1ccc(N)cc1,CCCCO,323.15,0.574734373630182,-0.030298003161231546
CCOC(=O)c1ccc(N)cc1,CCOC(C)=O,278.15,0.244316924538826,-0.03157430231169861
CCOC(=O)c1ccc(N)cc1,CCOC(C)=O,283.15,0.303056108920231,0.03182945554098604
CCOC(=O)c1ccc(N)cc1,CCOC(C)=O,288.15,0.368002023848918,0.09332297215469759
CCOC(=O)c1ccc(N)cc1,CCOC(C)=O,293.15,0.424641219302628,0.15291871958952238
CCOC(=O)c1ccc(N)cc1,CCOC(C)=O,298.15,0.49317394320406804,0.21062744973679115
CCOC(=O)c1ccc(N)cc1,CCOC(C)=O,298.15,0.49567696568911207,0.21062744973679115
CCOC(=O)c1ccc(N)cc1,CCOC(C)=O,303.15,0.5584218050173579,0.26645822241674677
CCOC(=O)c1ccc(N)cc1,CCOC(C)=O,303.15,0.5641193620083821,0.26645822241674677
CCOC(=O)c1ccc(N)cc1,CCOC(C)=O,308.15,0.624979381855406,0.32041842428782447
CCOC(=O)c1ccc(N)cc1,CCOC(C)=O,313.15,0.699526689419098,0.37251377366466865
CCOC(=O)c1ccc(N)cc1,CCOC(C)=O,318.15,0.7711481051803609,0.4227483078250763
CCOC(=O)c1ccc(N)cc1,CCOC(C)=O,323.15,0.8566538576209789,0.47112434985329193
CCOC(=O)c1ccc(N)cc1,CO,278.15,0.005178087208212,-0.16237117859180245
CCOC(=O)c1ccc(N)cc1,CO,283.15,0.093497473027777,-0.09679158595728757
CCOC(=O)c1ccc(N)cc1,CO,288.15,0.18447382965499698,-0.03345669048732419
CCOC(=O)c1ccc(N)cc1,CO,293.15,0.289928649098386,0.027667864409337932
CCOC(=O)c1ccc(N)cc1,CO,298.15,0.39730810142325396,0.08661341277798831
CCOC(=O)c1ccc(N)cc1,CO,298.15,0.4039945736549129,0.08661341277798831
CCOC(=O)c1ccc(N)cc1,CO,303.15,0.515250825840568,0.14340854243535467
CCOC(=O)c1ccc(N)cc1,CO,303.15,0.5161606118405611,0.14340854243535467
CCOC(=O)c1ccc(N)cc1,CO,308.15,0.6354405187948411,0.19807928806529637
CCOC(=O)c1ccc(N)cc1,CO,313.15,0.7675581446474609,0.2506492398418607
CCOC(=O)c1ccc(N)cc1,CO,318.15,0.9002088726973521,0.30113956944744513
CCOC(=O)c1ccc(N)cc1,CO,323.15,1.03501381210256,0.34956897761329386
O=C[C@H](O)[C@H](O)[C@H](O)CO,CCCCCC,283.15,-3.5338716285080296,-6.579931072152251
O=C[C@H](O)[C@H](O)[C@H](O)CO,CCCCCC,293.15,-3.2512936494559996,-5.986038007469282
O=C[C@H](O)[C@H](O)[C@H](O)CO,CCCCCC,303.15,-3.1185973089725096,-5.439079220617313
O=C[C@H](O)[C@H](O)[C@H](O)CO,ClCCl,283.15,-2.78567259270428,-3.6515475907275268
O=C[C@H](O)[C@H](O)[C@H](O)CO,CCCCCC,313.15,-2.88739103479398,-4.934515595301159
O=C[C@H](O)[C@H](O)[C@H](O)CO,CCCCCC,323.15,-2.8218164188141297,-4.468411955918985
O=C[C@H](O)[C@H](O)[C@H](O)CO,ClCCl,288.15,-2.3890456088743504,-3.42493702891764
O=C[C@H](O)[C@H](O)[C@H](O)CO,ClCCl,293.15,-2.23760866983823,-3.208392340136397
O=C[C@H](O)[C@H](O)[C@H](O)CO,ClCCl,298.15,-2.19556964297551,-3.001408584284814
O=C[C@H](O)[C@H](O)[C@H](O)CO,ClCCl,303.15,-2.08385722757231,-2.8035179928422957
O=C[C@H](O)[C@H](O)[C@H](O)CO,CCOC(C)=O,283.15,-2.04202771547551,-2.8316047321890356
O=C[C@H](O)[C@H](O)[C@H](O)CO,CCOC(C)=O,293.15,-1.95945505017183,-2.4969366161082536
O=C[C@H](O)[C@H](O)[C@H](O)CO,CC#N,283.15,-1.67793988966802,-1.6405125464353172
O=C[C@H](O)[C@H](O)[C@H](O)CO,CC#N,293.15,-1.56035144963873,-1.3199488437713842
O=C[C@H](O)[C@H](O)[C@H](O)CO,CCOC(C)=O,303.15,-1.7857354187035301,-2.180185465525234
O=C[C@H](O)[C@H](O)[C@H](O)CO,CC#N,303.15,-1.38290559972604,-1.0219344951484874
O=C[C@H](O)[C@H](O)[C@H](O)CO,CC(C)=O,283.15,-1.4888549553083799,-2.1755396949161985
O=C[C@H](O)[C@H](O)[C@H](O)CO,CCOC(C)=O,313.15,-1.59161979072364,-1.8805890063739605
O=C[C@H](O)[C@H](O)[C@H](O)CO,CC(C)=O,293.15,-1.38471337318188,-1.8608284650243365
O=C[C@H](O)[C@H](O)[C@H](O)CO,CC(C)CO,283.15,-1.4359147152848202,-2.8345053618665337
O=C[C@H](O)[C@H](O)[C@H](O)CO,CC#N,313.15,-1.17660258849075,-0.7448071252675036
O=C[C@H](O)[C@H](O)[C@H](O)CO,CCOC(C)=O,323.15,-1.45043079936355,-1.5974872114944403
O=C[C@H](O)[C@H](O)[C@H](O)CO,CCCCO,283.15,-1.36670333605584,-2.8003592175669163
O=C[C@H](O)[C@H](O)[C@H](O)CO,CC(C)CO,293.15,-1.3389702934071699,-2.497620923172472
O=C[C@H](O)[C@H](O)[C@H](O)CO,CC(C)O,283.15,-1.21663990947405,-2.662925138826173
O=C[C@H](O)[C@H](O)[C@H](O)CO,CCC(C)O,283.15,-1.27196482321651,-2.9011886886723404
O=C[C@H](O)[C@H](O)[C@H](O)CO,CCCCO,293.15,-1.27372678140887,-2.4701835619588084
O=C[C@H](O)[C@H](O)[C@H](O)CO,CC(C)=O,303.15,-1.16260699154933,-1.5679460428567056
O=C[C@H](O)[C@H](O)[C@H](O)CO,CCCO,283.15,-1.15534707359303,-2.5468941897440627
O=C[C@H](O)[C@H](O)[C@H](O)CO,CCC(C)O,293.15,-1.20698919404021,-2.5544433264316195
O=C[C@H](O)[C@H](O)[C@H](O)CO,CC#N,323.15,-0.9383854698145979,-0.487135180056239
O=C[C@H](O)[C@H](O)[C@H](O)CO,CC(C)CO,303.15,-1.1672480691359899,-2.177811452510151
O=C[C@H](O)[C@H](O)[C@H](O)CO,CCCO,293.15,-1.03100344427976,-2.2172601330280357
O=C[C@H](O)[C@H](O)[C@H](O)CO,CC(C)O,293.15,-1.03317538864717,-2.3251357390005096
O=C[C@H](O)[C@H](O)[C@H](O)CO,CC(C)=O,313.15,-0.988239805775702,-1.2956742537322328
O=C[C@H](O)[C@H](O)[C@H](O)CO,CCO,283.15,-0.855551538628366,-2.190964625043745
O=C[C@H](O)[C@H](O)[C@H](O)CO,CCCCO,303.15,-1.05141529286302,-2.155258956361142
O=C[C@H](O)[C@H](O)[C@H](O)CO,CCC(C)O,303.15,-1.0127172693919302,-2.227177315677885
O=C[C@H](O)[C@H](O)[C@H](O)CO,CCO,288.15,-0.770301230315641,-2.0289190284990264
O=C[C@H](O)[C@H](O)[C@H](O)CO,CC(C)CO,313.15,-0.96134485580223,-1.8743171984648086
O=C[C@H](O)[C@H](O)[C@H](O)CO,CCCO,303.15,-0.824817127790241,-1.906101280507941
O=C[C@H](O)[C@H](O)[C@H](O)CO,CC(C)O,303.15,-0.814714081862327,-2.0098145016634454
O=C[C@H](O)[C@H](O)[C@H](O)CO,CC(C)=O,323.15,-0.805800176728384,-1.042986404924084
O=C[C@H](O)[C@H](O)[C@H](O)CO,CCO,293.15,-0.6783332749426619,-1.8725807688895322
O=C[C@H](O)[C@H](O)[C@H](O)CO,CCO,293.15,-0.674202950610655,-1.8725807688895322
O=C[C@H](O)[C@H](O)[C@H](O)CO,CCCCO,313.15,-0.8719122540463771,-1.8550009452235874
O=C[C@H](O)[C@H](O)[C@H](O)CO,CCC(C)O,313.15,-0.7843204569839799,-1.918365750297673
O=C[C@H](O)[C@H](O)[C@H](O)CO,CC(C)CO,323.15,-0.776755859745744,-1.5864723105873144
O=C[C@H](O)[C@H](O)[C@H](O)CO,CCO,298.15,-0.544993275536525,-1.7217272595747244
O=C[C@H](O)[C@H](O)[C@H](O)CO,CCCO,313.15,-0.6219519604753481,-1.6124923591356946
O=C[C@H](O)[C@H](O)[C@H](O)CO,CCCCO,323.15,-0.662266821745193,-1.5688903400074676
O=C[C@H](O)[C@H](O)[C@H](O)CO,CC(C)O,313.15,-0.561966033141125,-1.715660188136751
O=C[C@H](O)[C@H](O)[C@H](O)CO,CCO,303.15,-0.4328610306504361,-1.5761534521166782
O=C[C@H](O)[C@H](O)[C@H](O)CO,CCC(C)O,323.15,-0.5828023442494129,-1.627119152114548
O=C[C@H](O)[C@H](O)[C@H](O)CO,CCCO,323.15,-0.38803828152691,-1.3356320247566755
O=C[C@H](O)[C@H](O)[C@H](O)CO,CO,283.15,-0.09244592597528599,-1.3781323325307069
O=C[C@H](O)[C@H](O)[C@H](O)CO,CCO,313.15,-0.16214719661886903,-1.3001049942322656
O=C[C@H](O)[C@H](O)[C@H](O)CO,CC(C)O,323.15,-0.250472833935013,-1.4415660901385507
O=C[C@H](O)[C@H](O)[C@H](O)CO,CO,288.15,0.076253409146144,-1.2230590423889296
O=C[C@H](O)[C@H](O)[C@H](O)CO,CO,293.15,0.188110555616608,-1.074351630733479
O=C[C@H](O)[C@H](O)[C@H](O)CO,CCO,323.15,0.076700305498847,-1.0431009384177479
O=C[C@H](O)[C@H](O)[C@H](O)CO,CO,298.15,0.315153480394773,-0.931744561094693
O=C[C@H](O)[C@H](O)[C@H](O)CO,CO,303.15,0.46957310689216497,-0.7949918588736475
CC(C)(Oc1ccc(CCNC(=O)c2ccc(Cl)cc2)cc1)C(=O)O,CO,283.12,-1.23375703101808,-0.34360398467457587
CC(C)(Oc1ccc(CCNC(=O)c2ccc(Cl)cc2)cc1)C(=O)O,CO,288.24,-1.20846251679595,0.011281156185161456
CC(C)(Oc1ccc(CCNC(=O)c2ccc(Cl)cc2)cc1)C(=O)O,CO,293.26,-1.15539106932195,0.3394705017972457
CC(C)(Oc1ccc(CCNC(=O)c2ccc(Cl)cc2)cc1)C(=O)O,CO,298.17,-1.0825213432429799,0.6426351825063156
CC(C)(Oc1ccc(CCNC(=O)c2ccc(Cl)cc2)cc1)C(=O)O,CO,303.12,-0.9991731339814849,0.9314233850553966
CC(C)(Oc1ccc(CCNC(=O)c2ccc(Cl)cc2)cc1)C(=O)O,CO,308.14,-0.9154138508018491,1.2079759761056952
CC(C)(Oc1ccc(CCNC(=O)c2ccc(Cl)cc2)cc1)C(=O)O,CO,313.13,-0.8266048262283691,1.4674781505703745
CC(C)(Oc1ccc(CCNC(=O)c2ccc(Cl)cc2)cc1)C(=O)O,CO,318.14,-0.7397500900988799,1.7134072689794617
CC(C)(Oc1ccc(CCNC(=O)c2ccc(Cl)cc2)cc1)C(=O)O,CO,323.12,-0.6562615902385771,1.9441162099673195
CC(C)(Oc1ccc(CCNC(=O)c2ccc(Cl)cc2)cc1)C(=O)O,CC#N,283.24,-2.6592061738159503,-0.7955939036207131
CC(C)(Oc1ccc(CCNC(=O)c2ccc(Cl)cc2)cc1)C(=O)O,CC#N,288.25,-2.53109596049369,-0.4197615106912155
CC(C)(Oc1ccc(CCNC(=O)c2ccc(Cl)cc2)cc1)C(=O)O,CC#N,293.24,-2.41271503426923,-0.0650006602562967
CC(C)(Oc1ccc(CCNC(=O)c2ccc(Cl)cc2)cc1)C(=O)O,CC#N,298.25,-2.27977286643712,0.2726478772492308
CC(C)(Oc1ccc(CCNC(=O)c2ccc(Cl)cc2)cc1)C(=O)O,CCCCOC(C)=O,283.17,-2.60278407691805,-1.0311073577346357
CC(C)(Oc1ccc(CCNC(=O)c2ccc(Cl)cc2)cc1)C(=O)O,CC#N,303.24,-2.17506655060884,0.5915161679905955
CC(C)(Oc1ccc(CCNC(=O)c2ccc(Cl)cc2)cc1)C(=O)O,CCCCOC(C)=O,288.19,-2.5140480091710096,-0.6753428272676532
CC(C)(Oc1ccc(CCNC(=O)c2ccc(Cl)cc2)cc1)C(=O)O,CCC(=O)OC,283.19,-2.34642879878468,-0.761249580174032
CC(C)(Oc1ccc(CCNC(=O)c2ccc(Cl)cc2)cc1)C(=O)O,CCCOC(C)=O,283.16,-2.3959555059000897,-0.821170371056291
CC(C)(Oc1ccc(CCNC(=O)c2ccc(Cl)cc2)cc1)C(=O)O,CC#N,308.22,-2.05639041199526,0.8933479721192003
CC(C)(Oc1ccc(CCNC(=O)c2ccc(Cl)cc2)cc1)C(=O)O,CCCCOC(C)=O,293.2,-2.4256673726861298,-0.33556842582189317
CC(C)(Oc1ccc(CCNC(=O)c2ccc(Cl)cc2)cc1)C(=O)O,CCC(=O)OC,288.22,-2.25325240040526,-0.3936335818198713
CC(C)(Oc1ccc(CCNC(=O)c2ccc(Cl)cc2)cc1)C(=O)O,CCCOC(C)=O,288.24,-2.3186911250107403,-0.45741121723779743
CC(C)(Oc1ccc(CCNC(=O)c2ccc(Cl)cc2)cc1)C(=O)O,CCOC(C)=O,283.17,-2.23856953958179,-0.5159304868787199
CC(C)(Oc1ccc(CCNC(=O)c2ccc(Cl)cc2)cc1)C(=O)O,CC#N,313.22,-1.93541684797007,1.1807954658185222
CC(C)(Oc1ccc(CCNC(=O)c2ccc(Cl)cc2)cc1)C(=O)O,CCCCOC(C)=O,298.14,-2.32206095000632,-0.014716117138592721
CC(C)(Oc1ccc(CCNC(=O)c2ccc(Cl)cc2)cc1)C(=O)O,CCC(=O)OC,293.23,-2.16785748431481,-0.04737730672961704
CC(C)(Oc1ccc(CCNC(=O)c2ccc(Cl)cc2)cc1)C(=O)O,CCCOC(C)=O,293.16,-2.23852051375906,-0.12238982702613654
CC(C)(Oc1ccc(CCNC(=O)c2ccc(Cl)cc2)cc1)C(=O)O,CCOC(C)=O,288.17,-2.16446425180539,-0.16097202683859524
CC(C)(Oc1ccc(CCNC(=O)c2ccc(Cl)cc2)cc1)C(=O)O,CCCCOC(C)=O,303.19,-2.23304826076347,0.2994703404530861
CC(C)(Oc1ccc(CCNC(=O)c2ccc(Cl)cc2)cc1)C(=O)O,CCOC(C)=O,293.16,-2.09294876824188,0.17412632447611764
CC(C)(Oc1ccc(CCNC(=O)c2ccc(Cl)cc2)cc1)C(=O)O,CC#N,318.23,-1.8262070585449197,1.4539687683286682
CC(C)(Oc1ccc(CCNC(=O)c2ccc(Cl)cc2)cc1)C(=O)O,CCCOC(C)=O,298.18,-2.1482266560974197,0.20287346436500986
CC(C)(Oc1ccc(CCNC(=O)c2ccc(Cl)cc2)cc1)C(=O)O,CCC(=O)OC,298.17,-2.06885015203214,0.2757050107070296
CC(C)(Oc1ccc(CCNC(=O)c2ccc(Cl)cc2)cc1)C(=O)O,CCCCOC(C)=O,308.16,-2.1532916699804603,0.5957229394142884
CC(C)(Oc1ccc(CCNC(=O)c2ccc(Cl)cc2)cc1)C(=O)O,CCOC(C)=O,298.14,-1.99176025521445,0.4905589307986698
CC(C)(Oc1ccc(CCNC(=O)c2ccc(Cl)cc2)cc1)C(=O)O,CCCOC(C)=O,303.16,-2.06642872546389,0.5098912154598247
CC(C)(Oc1ccc(CCNC(=O)c2ccc(Cl)cc2)cc1)C(=O)O,CCC(=O)OC,303.23,-1.98768296466955,0.5888175447806899
CC(C)(Oc1ccc(CCNC(=O)c2ccc(Cl)cc2)cc1)C(=O)O,CC#N,323.24,-1.72556122824583,1.7130475827801679
CC(C)(Oc1ccc(CCNC(=O)c2ccc(Cl)cc2)cc1)C(=O)O,CCCCOC(C)=O,313.14,-2.07483797902181,0.8803069249945423
CC(C)(Oc1ccc(CCNC(=O)c2ccc(Cl)cc2)cc1)C(=O)O,CC(C)CO,282.95,-1.90093324262591,-0.8814451948076358
CC(C)(Oc1ccc(CCNC(=O)c2ccc(Cl)cc2)cc1)C(=O)O,CCC(=O)OC,308.14,-1.91289890134138,0.8763523504506134
CC(C)(Oc1ccc(CCNC(=O)c2ccc(Cl)cc2)cc1)C(=O)O,CCOC(C)=O,303.17,-1.9147732360637097,0.792935853215903
CC(C)(Oc1ccc(CCNC(=O)c2ccc(Cl)cc2)cc1)C(=O)O,CCCOC(C)=O,308.16,-1.98449528871549,0.8032800585453967
CC(C)(Oc1ccc(CCNC(=O)c2ccc(Cl)cc2)cc1)C(=O)O,CCCCOC(C)=O,318.14,-1.99231674123303,1.1542689545241323
CC(C)(Oc1ccc(CCNC(=O)c2ccc(Cl)cc2)cc1)C(=O)O,CC(C)O,283.06,-1.7139385081098402,-0.6558268449146338
CC(C)(Oc1ccc(CCNC(=O)c2ccc(Cl)cc2)cc1)C(=O)O,CCCOC(C)=O,313.18,-1.90654517039332,1.083631603138747
CC(C)(Oc1ccc(CCNC(=O)c2ccc(Cl)cc2)cc1)C(=O)O,CCOC(C)=O,308.14,-1.83109507908626,1.0756226656817045
CC(C)(Oc1ccc(CCNC(=O)c2ccc(Cl)cc2)cc1)C(=O)O,CCC(=O)OC,313.24,-1.82405131228904,1.158940160875197
CC(C)(Oc1ccc(CCNC(=O)c2ccc(Cl)cc2)cc1)C(=O)O,CC(C)CCO,283.77,-1.85742757790328,-0.9336411606578745
CC(C)(Oc1ccc(CCNC(=O)c2ccc(Cl)cc2)cc1)C(=O)O,CC(C)CO,288.04,-1.78729771279331,-0.5188226776343994
CC(C)(Oc1ccc(CCNC(=O)c2ccc(Cl)cc2)cc1)C(=O)O,CCCCOC(C)=O,323.2,-1.91094821947931,1.4200775422764267
CC(C)(Oc1ccc(CCNC(=O)c2ccc(Cl)cc2)cc1)C(=O)O,CCCOC(C)=O,318.16,-1.8259179115266002,1.3483882304331098
CC(C)(Oc1ccc(CCNC(=O)c2ccc(Cl)cc2)cc1)C(=O)O,CCOC(C)=O,313.17,-1.7512950200141,1.3463171797056765
CC(C)(Oc1ccc(CCNC(=O)c2ccc(Cl)cc2)cc1)C(=O)O,CCC(=O)OC,318.16,-1.73708579554351,1.4168495944762114
CC(C)(Oc1ccc(CCNC(=O)c2ccc(Cl)cc2)cc1)C(=O)O,CCC(C)=O,283.14,-1.6643111866783402,-0.3374706402742278
CC(C)(Oc1ccc(CCNC(=O)c2ccc(Cl)cc2)cc1)C(=O)O,CC(C)O,288.14,-1.5893383827321699,-0.2817406096020586
CC(C)(Oc1ccc(CCNC(=O)c2ccc(Cl)cc2)cc1)C(=O)O,CC(C)CCO,288.56,-1.74093065988817,-0.5996136397614619
CC(C)(Oc1ccc(CCNC(=O)c2ccc(Cl)cc2)cc1)C(=O)O,CC(C)CO,292.93,-1.65650764741264,-0.1872891120717256
CC(C)(Oc1ccc(CCNC(=O)c2ccc(Cl)cc2)cc1)C(=O)O,CCCOC(C)=O,323.16,-1.74556433732094,1.6014800067026491
CC(C)(Oc1ccc(CCNC(=O)c2ccc(Cl)cc2)cc1)C(=O)O,CCOC(C)=O,318.16,-1.66070985891868,1.6003479896039725
CC(C)(Oc1ccc(CCNC(=O)c2ccc(Cl)cc2)cc1)C(=O)O,CCC(=O)OC,323.18,-1.6559613230937702,1.6658907385976829
CC(C)(Oc1ccc(CCNC(=O)c2ccc(Cl)cc2)cc1)C(=O)O,CCC(C)=O,288.16,-1.5929665845675303,0.018034312915436668
CC(C)(Oc1ccc(CCNC(=O)c2ccc(Cl)cc2)cc1)C(=O)O,CCCCO,283.16,-1.6003243692056799,-0.7032569472793516
CC(C)(Oc1ccc(CCNC(=O)c2ccc(Cl)cc2)cc1)C(=O)O,CCC(C)O,283.16,-1.5958570832377401,-0.7124845476352213
CC(C)(Oc1ccc(CCNC(=O)c2ccc(Cl)cc2)cc1)C(=O)O,CCCCCO,283.23,-1.66123879449596,-0.8598372017184015
CC(C)(Oc1ccc(CCNC(=O)c2ccc(Cl)cc2)cc1)C(=O)O,CCCO,283.13,-1.48987827863586,-0.551964504780719
CC(C)(Oc1ccc(CCNC(=O)c2ccc(Cl)cc2)cc1)C(=O)O,CC(C)O,293.19,-1.4923617117229098,0.06688187354607278
CC(C)(Oc1ccc(CCNC(=O)c2ccc(Cl)cc2)cc1)C(=O)O,CC(C)CCO,293.5,-1.64017541058505,-0.26937894321902633
CC(C)(Oc1ccc(CCNC(=O)c2ccc(Cl)cc2)cc1)C(=O)O,CCO,283.14,-1.3480226470825702,-0.3954245272425909
CC(C)(Oc1ccc(CCNC(=O)c2ccc(Cl)cc2)cc1)C(=O)O,CC(C)CO,298.24,-1.54951654684386,0.15506192093422275
CC(C)(Oc1ccc(CCNC(=O)c2ccc(Cl)cc2)cc1)C(=O)O,CCOC(C)=O,323.19,-1.5880623691382199,1.8425407782985928
CC(C)(Oc1ccc(CCNC(=O)c2ccc(Cl)cc2)cc1)C(=O)O,CCC(C)=O,293.17,-1.5223830360134198,0.3537033019052414
CC(C)(Oc1ccc(CCNC(=O)c2ccc(Cl)cc2)cc1)C(=O)O,CCCCO,288.17,-1.52690572391269,-0.35336579067022855
CC(C)(Oc1ccc(CCNC(=O)c2ccc(Cl)cc2)cc1)C(=O)O,CCO,288.24,-1.31281787205201,-0.0369990824107328
CC(C)(Oc1ccc(CCNC(=O)c2ccc(Cl)cc2)cc1)C(=O)O,CCCCCO,288.23,-1.5739965420168,-0.5114899041865347
CC(C)(Oc1ccc(CCNC(=O)c2ccc(Cl)cc2)cc1)C(=O)O,CCCO,288.18,-1.40902577426916,-0.1956099693917004
CC(C)(Oc1ccc(CCNC(=O)c2ccc(Cl)cc2)cc1)C(=O)O,CCC(C)O,288.17,-1.4915769427174,-0.34854675801040436
CC(C)(Oc1ccc(CCNC(=O)c2ccc(Cl)cc2)cc1)C(=O)O,CC(C)O,298.24,-1.40348200524296,0.39373147376414835
CC(C)(Oc1ccc(CCNC(=O)c2ccc(Cl)cc2)cc1)C(=O)O,CC(C)CCO,298.59,-1.55292503220604,0.056512701713111485
CC(C)(Oc1ccc(CCNC(=O)c2ccc(Cl)cc2)cc1)C(=O)O,CCC(C)=O,298.16,-1.45720535953013,0.6701150121817822
CC(C)(Oc1ccc(CCNC(=O)c2ccc(Cl)cc2)cc1)C(=O)O,CC(C)CO,303.2,-1.46861233683299,0.4591316288767562
CC(C)(Oc1ccc(CCNC(=O)c2ccc(Cl)cc2)cc1)C(=O)O,CCO,293.3,-1.24688857543092,0.29794004868162
CC(C)(Oc1ccc(CCNC(=O)c2ccc(Cl)cc2)cc1)C(=O)O,CCCCO,293.14,-1.4383602662146802,-0.022168179764181895
CC(C)(Oc1ccc(CCNC(=O)c2ccc(Cl)cc2)cc1)C(=O)O,CCCCCO,293.29,-1.4960433382421598,-0.17409027090747564
CC(C)(Oc1ccc(CCNC(=O)c2ccc(Cl)cc2)cc1)C(=O)O,CCCO,293.27,-1.32683320433544,0.1446663656494785
CC(C)(Oc1ccc(CCNC(=O)c2ccc(Cl)cc2)cc1)C(=O)O,CC(C)CCO,303.13,-1.4768913291361698,0.33548580642156467
CC(C)(Oc1ccc(CCNC(=O)c2ccc(Cl)cc2)cc1)C(=O)O,CCC(C)O,293.14,-1.39928241172616,-0.00656490276362498
CC(C)(Oc1ccc(CCNC(=O)c2ccc(Cl)cc2)cc1)C(=O)O,CCC(C)=O,303.17,-1.3878096272520102,0.9708061594788565
CC(C)(Oc1ccc(CCNC(=O)c2ccc(Cl)cc2)cc1)C(=O)O,CC(C)O,303.21,-1.31720348768861,0.695410167129181
CC(C)(Oc1ccc(CCNC(=O)c2ccc(Cl)cc2)cc1)C(=O)O,CCO,298.28,-1.17482853264809,0.6086841867663485
CC(C)(Oc1ccc(CCNC(=O)c2ccc(Cl)cc2)cc1)C(=O)O,CC(C)CO,308.22,-1.37263820043015,0.75224237640154
CC(C)(Oc1ccc(CCNC(=O)c2ccc(Cl)cc2)cc1)C(=O)O,CCCCO,298.17,-1.35419284084378,0.2977585882649048
CC(C)(Oc1ccc(CCNC(=O)c2ccc(Cl)cc2)cc1)C(=O)O,CCCCCO,298.5,-1.4238767715127598,0.15824300751424203
CC(C)(Oc1ccc(CCNC(=O)c2ccc(Cl)cc2)cc1)C(=O)O,CCCO,298.53,-1.24925327133804,0.4775093723379371
CC(C)(Oc1ccc(CCNC(=O)c2ccc(Cl)cc2)cc1)C(=O)O,CCC(C)=O,308.14,-1.31898249895084,1.2531923278880588
CC(C)(Oc1ccc(CCNC(=O)c2ccc(Cl)cc2)cc1)C(=O)O,CCC(C)O,298.16,-1.3148847887472699,0.3206842263302401
CC(C)(Oc1ccc(CCNC(=O)c2ccc(Cl)cc2)cc1)C(=O)O,CC(C)CCO,308.21,-1.38542136484222,0.635190411492133
CC(C)(Oc1ccc(CCNC(=O)c2ccc(Cl)cc2)cc1)C(=O)O,CC(C)O,308.16,-1.22446610697595,0.9773072376681792
CC(C)(Oc1ccc(CCNC(=O)c2ccc(Cl)cc2)cc1)C(=O)O,CCO,303.24,-1.10118296908956,0.9006348177739406
CC(C)(Oc1ccc(CCNC(=O)c2ccc(Cl)cc2)cc1)C(=O)O,CC(C)CO,313.23,-1.2826560105804898,1.0308352332334607
CC(C)(Oc1ccc(CCNC(=O)c2ccc(Cl)cc2)cc1)C(=O)O,CCCCO,303.16,-1.27028441980142,0.6007504652156567
CC(C)(Oc1ccc(CCNC(=O)c2ccc(Cl)cc2)cc1)C(=O)O,O=C1CCCCC1,283.14,-1.31417437402705,0.10930905183489148
CC(C)(Oc1ccc(CCNC(=O)c2ccc(Cl)cc2)cc1)C(=O)O,CCCCCO,303.24,-1.3398018691375702,0.44798472004638806
CC(C)(Oc1ccc(CCNC(=O)c2ccc(Cl)cc2)cc1)C(=O)O,CCC(C)=O,313.16,-1.25764796917869,1.5231986353439242
CC(C)(Oc1ccc(CCNC(=O)c2ccc(Cl)cc2)cc1)C(=O)O,CCCO,303.33,-1.16244415295853,0.7654899988041635
CC(C)(Oc1ccc(CCNC(=O)c2ccc(Cl)cc2)cc1)C(=O)O,CCC(C)O,303.16,-1.24086766848679,0.6294801840246054
CC(C)(Oc1ccc(CCNC(=O)c2ccc(Cl)cc2)cc1)C(=O)O,CCO,308.22,-1.03962700266055,1.177153718301342
CC(C)(Oc1ccc(CCNC(=O)c2ccc(Cl)cc2)cc1)C(=O)O,CC(C)CCO,313.25,-1.2987302985229698,0.9201535350709426
CC(C)(Oc1ccc(CCNC(=O)c2ccc(Cl)cc2)cc1)C(=O)O,CC(C)O,313.14,-1.13521103870768,1.243277613312135
CC(C)(Oc1ccc(CCNC(=O)c2ccc(Cl)cc2)cc1)C(=O)O,CCC(C)=O,318.17,-1.2000129979181497,1.778214786904476
CC(C)(Oc1ccc(CCNC(=O)c2ccc(Cl)cc2)cc1)C(=O)O,CCCCO,308.14,-1.18776367952498,0.8895713250355951
CC(C)(Oc1ccc(CCNC(=O)c2ccc(Cl)cc2)cc1)C(=O)O,CCCCCO,308.02,-1.26079114370547,0.7285938535732992
CC(C)(Oc1ccc(CCNC(=O)c2ccc(Cl)cc2)cc1)C(=O)O,CC(C)CO,318.17,-1.19306930078865,1.292584072795539
CC(C)(Oc1ccc(CCNC(=O)c2ccc(Cl)cc2)cc1)C(=O)O,O=C1CCCCC1,288.19,-1.22920183100371,0.43898626267372876
CC(C)(Oc1ccc(CCNC(=O)c2ccc(Cl)cc2)cc1)C(=O)O,CCCO,308.23,-1.08722232360437,1.04479079122475
CC(C)(Oc1ccc(CCNC(=O)c2ccc(Cl)cc2)cc1)C(=O)O,CCC(C)O,308.14,-1.15990556690115,0.9209536716124515
CC(C)(Oc1ccc(CCNC(=O)c2ccc(Cl)cc2)cc1)C(=O)O,CCO,313.13,-0.950301355896652,1.4344034443115012
CC(C)(Oc1ccc(CCNC(=O)c2ccc(Cl)cc2)cc1)C(=O)O,CC(C)CCO,318.17,-1.21760996670249,1.186999268938512
CC(C)(Oc1ccc(CCNC(=O)c2ccc(Cl)cc2)cc1)C(=O)O,CCC(C)=O,323.16,-1.13072995040206,2.0185987624883777
CC(C)(Oc1ccc(CCNC(=O)c2ccc(Cl)cc2)cc1)C(=O)O,CC(C)O,318.22,-1.04485741765427,1.4973898276832343
CC(C)(Oc1ccc(CCNC(=O)c2ccc(Cl)cc2)cc1)C(=O)O,CCCCCO,313.08,-1.1814586216454,1.013568026373508
CC(C)(Oc1ccc(CCNC(=O)c2ccc(Cl)cc2)cc1)C(=O)O,CCCCO,313.17,-1.10498352542847,1.1682213855608388
CC(C)(Oc1ccc(CCNC(=O)c2ccc(Cl)cc2)cc1)C(=O)O,CCCO,313.37,-1.01617023448349,1.322659859809616
CC(C)(Oc1ccc(CCNC(=O)c2ccc(Cl)cc2)cc1)C(=O)O,O=C1CCCCC1,293.24,-1.1471145633322801,0.7561924339867008
CC(C)(Oc1ccc(CCNC(=O)c2ccc(Cl)cc2)cc1)C(=O)O,CC(C)CO,323.2,-1.1040436661448,1.5465312126987678
CC(C)(Oc1ccc(CCNC(=O)c2ccc(Cl)cc2)cc1)C(=O)O,CCC(C)O,313.17,-1.0847906730855301,1.1999257747699872
CC(C)(Oc1ccc(CCNC(=O)c2ccc(Cl)cc2)cc1)C(=O)O,CCO,318.18,-0.8726062199309901,1.6839343128381747
CC(C)(Oc1ccc(CCNC(=O)c2ccc(Cl)cc2)cc1)C(=O)O,CC(C)CCO,323.25,-1.1343296004251202,1.4513185350708022
CC(C)(Oc1ccc(CCNC(=O)c2ccc(Cl)cc2)cc1)C(=O)O,CC(C)O,323.2,-0.964193995716802,1.7305731794854424
CC(C)(Oc1ccc(CCNC(=O)c2ccc(Cl)cc2)cc1)C(=O)O,CCCO,318.35,-0.9485454233870558,1.5778797823662243
CC(C)(Oc1ccc(CCNC(=O)c2ccc(Cl)cc2)cc1)C(=O)O,CCCCCO,317.95,-1.10748178914768,1.2766606830748541
CC(C)(Oc1ccc(CCNC(=O)c2ccc(Cl)cc2)cc1)C(=O)O,CCCCO,318.16,-1.0235983920710399,1.4323078088735142
CC(C)(Oc1ccc(CCNC(=O)c2ccc(Cl)cc2)cc1)C(=O)O,O=C1CCCCC1,298.14,-1.06211091812619,1.0526455990706902
CC(C)(Oc1ccc(CCNC(=O)c2ccc(Cl)cc2)cc1)C(=O)O,CCC(C)O,318.16,-1.01017830456196,1.4621600043888947
CC(C)(Oc1ccc(CCNC(=O)c2ccc(Cl)cc2)cc1)C(=O)O,CCO,323.24,-0.79144698095477,1.9194810232011659
CC(C)(Oc1ccc(CCNC(=O)c2ccc(Cl)cc2)cc1)C(=O)O,CCCCCO,322.74,-1.03139693199861,1.525219744119103
CC(C)(Oc1ccc(CCNC(=O)c2ccc(Cl)cc2)cc1)C(=O)O,CCCO,323.26,-0.8661374691815921,1.8167023477570898
CC(C)(Oc1ccc(CCNC(=O)c2ccc(Cl)cc2)cc1)C(=O)O,CCCCO,323.17,-0.952991113306526,1.6856704252609795
CC(C)(Oc1ccc(CCNC(=O)c2ccc(Cl)cc2)cc1)C(=O)O,CCC(C)O,323.16,-0.9472014216168271,1.7111587818989669
CC(C)(Oc1ccc(CCNC(=O)c2ccc(Cl)cc2)cc1)C(=O)O,O=C1CCCCC1,303.27,-0.986974340263924,1.3516386012206425
CC(C)(Oc1ccc(CCNC(=O)c2ccc(Cl)cc2)cc1)C(=O)O,O=C1CCCCC1,308.13,-0.9103139168448101,1.6246682370677412
CC(C)(Oc1ccc(CCNC(=O)c2ccc(Cl)cc2)cc1)C(=O)O,O=C1CCCCC1,313.19,-0.8358665648338599,1.8988549425121133
CC(C)(Oc1ccc(CCNC(=O)c2ccc(Cl)cc2)cc1)C(=O)O,O=C1CCCCC1,318.22,-0.7699582973843508,2.1616892132196783
CC(C)(Oc1ccc(CCNC(=O)c2ccc(Cl)cc2)cc1)C(=O)O,O=C1CCCCC1,323.22,-0.7078287178506241,2.413777197861263
N[C@@H](CS)C(=O)O,CC#N,283.15,-3.7138367502151204,-1.1635443115405115
N[C@@H](CS)C(=O)O,CC#N,293.15,-3.6048165461635,-0.6992964538831378
N[C@@H](CS)C(=O)O,CC#N,303.15,-3.36375486999072,-0.2579352585813389
N[C@@H](CS)C(=O)O,CCOC(C)=O,283.15,-3.60459151318943,-1.8378150646153446
N[C@@H](CS)C(=O)O,CC(C)CO,283.15,-3.5465076958101203,-1.6097630086544221
N[C@@H](CS)C(=O)O,CC#N,313.15,-3.28419067133925,0.16175789678275976
N[C@@H](CS)C(=O)O,CCC(C)O,283.15,-3.5118823108284105,-1.50908081495344
N[C@@H](CS)C(=O)O,CCOC(C)=O,293.15,-3.5279483244389396,-1.2659941194375592
N[C@@H](CS)C(=O)O,CC#N,323.15,-3.18149454170405,0.560859867068958
N[C@@H](CS)C(=O)O,CC(C)CO,293.15,-3.3857297561427497,-1.2194767831102213
N[C@@H](CS)C(=O)O,CCCCO,283.15,-3.3339109212631697,-1.540948311759382
N[C@@H](CS)C(=O)O,CCC(C)O,293.15,-3.30051033350388,-1.090051027056416
N[C@@H](CS)C(=O)O,CC(C)CO,303.15,-3.2883486479813997,-0.8336252584192008
N[C@@H](CS)C(=O)O,CCC(C)O,303.15,-3.2195218604112203,-0.6820382503196718
N[C@@H](CS)C(=O)O,CCOC(C)=O,303.15,-3.23263561575613,-0.7358721644655156
N[C@@H](CS)C(=O)O,CC(C)CO,313.15,-3.1883739901784103,-0.4536614665657219
N[C@@H](CS)C(=O)O,CCC(C)O,313.15,-3.15953774096565,-0.28565553172188396
N[C@@H](CS)C(=O)O,CCOC(C)=O,313.15,-3.17590534139422,-0.243639859670983
N[C@@H](CS)C(=O)O,CC(C)CO,323.15,-3.13275534192169,-0.08080108141744147
N[C@@H](CS)C(=O)O,CCCCO,293.15,-3.0920460858474703,-1.1587617240387151
N[C@@H](CS)C(=O)O,CCC(C)O,323.15,-3.1082467646283196,0.09859874219942022
N[C@@H](CS)C(=O)O,CCCCO,303.15,-3.05172371790033,-0.7802703725164453
N[C@@H](CS)C(=O)O,CCOC(C)=O,323.15,-3.05871349718414,0.21400762868950163
N[C@@H](CS)C(=O)O,CCCCO,313.15,-2.94463073148256,-0.4068920212536833
N[C@@H](CS)C(=O)O,CCCO,283.15,-2.8084454267269,-1.397539806669093
N[C@@H](CS)C(=O)O,CCCCO,323.15,-2.88457829505122,-0.03980930285497286
N[C@@H](CS)C(=O)O,C1COCCO1,293.15,-2.8158599283601897,-1.0148484846304127
N[C@@H](CS)C(=O)O,CC(C)O,283.15,-2.7288543274454,-1.382108148489762
N[C@@H](CS)C(=O)O,CC(C)O,293.15,-2.72774666547755,-0.9789403687256766
N[C@@H](CS)C(=O)O,CCCO,293.15,-2.7151564414306004,-1.022674556857156
N[C@@H](CS)C(=O)O,CC(C)O,303.15,-2.68942062782889,-0.5844975251355067
N[C@@H](CS)C(=O)O,C1COCCO1,303.15,-2.7309735071648102,-0.5016923238126065
N[C@@H](CS)C(=O)O,CCCO,303.15,-2.67075848672342,-0.6502900748039824
N[C@@H](CS)C(=O)O,C1COCCO1,308.15,-2.67983404864003,-0.2572068363711656
N[C@@H](CS)C(=O)O,CCCO,313.15,-2.6032050152998503,-0.28222101747080464
N[C@@H](CS)C(=O)O,C1COCCO1,313.15,-2.64106786119769,-0.02032289558795275
N[C@@H](CS)C(=O)O,CC(C)O,313.15,-2.55465495737942,-0.2000639693456644
N[C@@H](CS)C(=O)O,CCCO,323.15,-2.52088400194308,0.07998332493157745
N[C@@H](CS)C(=O)O,C1COCCO1,323.15,-2.5559555261557403,0.43188919263491443
N[C@@H](CS)C(=O)O,CC(C)O,323.15,-2.49167464198908,0.17326539970591825
N[C@@H](CS)C(=O)O,CCO,283.15,-2.2519160512569503,-1.1361516749203118
N[C@@H](CS)C(=O)O,CCO,293.15,-2.24468353534685,-0.783605500204311
N[C@@H](CS)C(=O)O,CCO,303.15,-2.22650428436825,-0.43149163714647476
N[C@@H](CS)C(=O)O,CCO,313.15,-2.20128519418232,-0.08199700387389597
N[C@@H](CS)C(=O)O,CCO,323.15,-2.1887314064028502,0.2629973051733142
N[C@@H](CS)C(=O)O,CC(C)=O,283.15,-1.8378889515481298,-1.3655529924490575
N[C@@H](CS)C(=O)O,CO,283.15,-1.3451181820673201,-0.7602030071381283
N[C@@H](CS)C(=O)O,CO,293.15,-1.2947178435403401,-0.4397913498591467
N[C@@H](CS)C(=O)O,CO,303.15,-1.27012670305448,-0.11428933130347835
N[C@@H](CS)C(=O)O,CO,313.15,-1.2478666853390301,0.21315288643446623
N[C@@H](CS)C(=O)O,CO,323.15,-1.18891164911926,0.5398492318647572
N[C@@H](CS)C(=O)O,CC(C)=O,293.15,-1.229986262703,-0.8488113432486084
N[C@@H](CS)C(=O)O,CC(C)=O,303.15,-0.8052471189299059,-0.3679665931618422
N[C@@H](CS)C(=O)O,O,283.15,0.076091986021841,-0.9424147606148964
N[C@@H](CS)C(=O)O,CC(C)=O,313.15,-0.541351416757691,0.07984213257434414
N[C@@H](CS)C(=O)O,O,293.15,0.148693289589735,-0.6280830450973423
N[C@@H](CS)C(=O)O,O,303.15,0.219240728257022,-0.31106445476755384
N[C@@H](CS)C(=O)O,CC(C)=O,323.15,-0.402485720797596,0.4970857277662395
N[C@@H](CS)C(=O)O,O,313.15,0.298968210911885,0.006973244842918669
N[C@@H](CS)C(=O)O,O,323.15,0.35834116079664796,0.32462246488802393
c1cnc2[nH]ccc2c1,CCCCCC,278.15,-0.8155461680704391,-2.3447727842528763
c1cnc2[nH]ccc2c1,CCCCCC,283.15,-0.797774269060764,-2.233677175258263
c1cnc2[nH]ccc2c1,CCCCCC,288.15,-0.7707891904438059,-2.1272536652598317
c1cnc2[nH]ccc2c1,CCCCCC,293.15,-0.7361473812580359,-2.025290612009973
c1cnc2[nH]ccc2c1,CCCCCC,298.15,-0.6986527309272641,-1.9275922003280792
c1cnc2[nH]ccc2c1,CCCCCC,303.15,-0.663137185804663,-1.8339771207183324
c1cnc2[nH]ccc2c1,CCCCCC,308.15,-0.624183115607286,-1.7442774003123
c1cnc2[nH]ccc2c1,CCCCCC,313.15,-0.5848650264363989,-1.6583373713810299
c1cnc2[nH]ccc2c1,CCCCCC,318.15,-0.540082562259923,-1.5760127642439232
c1cnc2[nH]ccc2c1,CCCCCC,323.15,-0.487683006606632,-1.497169912934474
c1cnc2[nH]ccc2c1,CC#N,278.15,0.3826343051565871,-0.013337494502190211
c1cnc2[nH]ccc2c1,CC#N,283.15,0.40458799265786605,0.050149381769405366
c1cnc2[nH]ccc2c1,CC#N,288.15,0.4361797935364679,0.11026138382751453
c1cnc2[nH]ccc2c1,CC#N,293.15,0.471195493872923,0.16716436803392432
c1cnc2[nH]ccc2c1,CC#N,298.15,0.5128094680878129,0.22101084674792645
c1cnc2[nH]ccc2c1,CCO,278.15,0.495142703147351,0.4490687507954972
c1cnc2[nH]ccc2c1,CC#N,303.15,0.551757665485193,0.2719411312902602
c1cnc2[nH]ccc2c1,CCO,283.15,0.556544114369308,0.47030115567012715
c1cnc2[nH]ccc2c1,CC#N,308.15,0.59633727127917,0.3200843629834817
c1cnc2[nH]ccc2c1,CCCO,278.15,0.503875700506052,0.3926058625387083
c1cnc2[nH]ccc2c1,CCO,288.15,0.6097598773904329,0.4907854293996283
c1cnc2[nH]ccc2c1,CC#N,313.15,0.647044017237723,0.36555944089801684
c1cnc2[nH]ccc2c1,CCCO,283.15,0.534424634624293,0.41428572786049556
c1cnc2[nH]ccc2c1,CC(C)O,278.15,0.532989937997439,0.3864018407279129
c1cnc2[nH]ccc2c1,CCOC(C)=O,278.15,0.442490065995658,0.03621295899356722
c1cnc2[nH]ccc2c1,CCO,293.15,0.660978707598381,0.510514236422773
c1cnc2[nH]ccc2c1,CC#N,318.15,0.7014404664314,0.40847585444180673
c1cnc2[nH]ccc2c1,CCCO,288.15,0.56698008500665,0.4361007078153255
c1cnc2[nH]ccc2c1,CCOC(C)=O,283.15,0.456861706983769,0.07869396156196783
c1cnc2[nH]ccc2c1,CC(C)O,283.15,0.5655850162453799,0.4119940148261031
c1cnc2[nH]ccc2c1,CCOC(C)=O,288.15,0.47854674421003207,0.11963755808964799
c1cnc2[nH]ccc2c1,CO,278.15,0.870232864349598,0.5231519778095371
c1cnc2[nH]ccc2c1,CC(C)O,288.15,0.5975913728248411,0.4367218027040514
c1cnc2[nH]ccc2c1,CCO,298.15,0.712031896611086,0.5294783859670906
c1cnc2[nH]ccc2c1,CCCO,293.15,0.609707799103081,0.4579551986137781
c1cnc2[nH]ccc2c1,CCOC(C)=O,293.15,0.5023450832577571,0.15906575750112867
c1cnc2[nH]ccc2c1,CO,283.15,0.893683813416695,0.5428572891036446
c1cnc2[nH]ccc2c1,CC#N,323.15,0.767516428409822,0.4489344270833475
c1cnc2[nH]ccc2c1,CC(C)O,293.15,0.631822644898071,0.4605475512242749
c1cnc2[nH]ccc2c1,CO,288.15,0.918785054264458,0.56216907315556
c1cnc2[nH]ccc2c1,CCOC(C)=O,298.15,0.535657098031571,0.19699791130291444
c1cnc2[nH]ccc2c1,CCO,303.15,0.7570049540590759,0.5476668862033214
c1cnc2[nH]ccc2c1,CCCO,298.15,0.654421630345087,0.47975982556286023
c1cnc2[nH]ccc2c1,CC(C)=O,278.15,0.6933676808478411,0.25841295674319276
c1cnc2[nH]ccc2c1,CC(C)O,298.15,0.665941153872458,0.48343477299785326
c1cnc2[nH]ccc2c1,CO,293.15,0.9439684383200491,0.5810290792681013
c1cnc2[nH]ccc2c1,CCOC(C)=O,303.15,0.5615384110084229,0.2334508874398646
c1cnc2[nH]ccc2c1,CCCO,303.15,0.69566012305317,0.5014308226000137
c1cnc2[nH]ccc2c1,CCO,308.15,0.8063628662718779,0.5650669972950021
c1cnc2[nH]ccc2c1,CO,298.15,0.976994652207311,0.5993825639656198
c1cnc2[nH]ccc2c1,CC(C)O,303.15,0.699738472232182,0.5053479238272315
c1cnc2[nH]ccc2c1,CC(C)=O,283.15,0.7350190560244889,0.29817097802031534
c1cnc2[nH]ccc2c1,CCOC(C)=O,308.15,0.597454659746984,0.26843922191626673
c1cnc2[nH]ccc2c1,CCCO,308.15,0.73344695828805,0.5228894729645551
c1cnc2[nH]ccc2c1,CO,303.15,1.00509740058998,0.6171780463651778
c1cnc2[nH]ccc2c1,CC(C)O,308.15,0.7362277357597821,0.5262521792460156
c1cnc2[nH]ccc2c1,CCO,313.15,0.855302310140643,0.5816642784329277
c1cnc2[nH]ccc2c1,CC(C)=O,288.15,0.7720446285878461,0.33569224505446527
c1cnc2[nH]ccc2c1,CCOC(C)=O,313.15,0.6339362322165529,0.30197524535370185
c1cnc2[nH]ccc2c1,CO,308.15,1.0382976813815499,0.6343670335671402
c1cnc2[nH]ccc2c1,CCCO,313.15,0.7749295871961591,0.544061598686096
c1cnc2[nH]ccc2c1,CC(C)O,313.15,0.7698163196461322,0.5461132044882137
c1cnc2[nH]ccc2c1,CC(C)=O,293.15,0.811596337282782,0.37104021673465226
c1cnc2[nH]ccc2c1,CCOC(C)=O,318.15,0.6747525144656139,0.3340691829273467
c1cnc2[nH]ccc2c1,CCO,318.15,0.90464321400384,0.5974426239077664
c1cnc2[nH]ccc2c1,CO,313.15,1.07585944111698,0.650903709160772
c1cnc2[nH]ccc2c1,CCCO,318.15,0.812774817183095,0.5648770889332657
c1cnc2[nH]ccc2c1,CC(C)O,318.15,0.8075226536310859,0.5648969129188306
c1cnc2[nH]ccc2c1,CC(C)=O,298.15,0.843863763184144,0.4042720254714532
c1cnc2[nH]ccc2c1,C1CCOC1,278.15,0.816002062381193,0.5270411843280834
c1cnc2[nH]ccc2c1,CCOC(C)=O,323.15,0.715931848825473,0.3647292264194075
c1cnc2[nH]ccc2c1,CO,318.15,1.11318050599338,0.6667445818234137
c1cnc2[nH]ccc2c1,CCO,323.15,0.9600269918812201,0.6123842836066665
c1cnc2[nH]ccc2c1,CCCO,323.15,0.8621410700757649,0.5852694585950987
c1cnc2[nH]ccc2c1,CC(C)O,323.15,0.8521738910971058,0.5825692090242637
c1cnc2[nH]ccc2c1,CC(C)=O,303.15,0.881030067574989,0.4354388422228379
c1cnc2[nH]ccc2c1,C1CCOC1,283.15,0.8482595550170698,0.5531899517887139
c1cnc2[nH]ccc2c1,CO,323.15,1.14982025080296,0.6818480939192629
c1cnc2[nH]ccc2c1,C1CCOC1,288.15,0.8740035323522909,0.5787913151318481
c1cnc2[nH]ccc2c1,CC(C)=O,308.15,0.918416696658335,0.46458618383750283
c1cnc2[nH]ccc2c1,C1CCOC1,293.15,0.9083546703820992,0.6038052144763484
c1cnc2[nH]ccc2c1,CC(C)=O,313.15,0.949472707359365,0.49175416673689865
c1cnc2[nH]ccc2c1,C1CCOC1,298.15,0.948725118835005,0.62819356372283
c1cnc2[nH]ccc2c1,CC(C)=O,318.15,0.9845611774445779,0.5169777098930702
c1cnc2[nH]ccc2c1,C1CCOC1,303.15,0.9737881577431441,0.6519200180057407
c1cnc2[nH]ccc2c1,CC(C)=O,323.15,1.01555854782058,0.5402866890570189
c1cnc2[nH]ccc2c1,C1CCOC1,308.15,1.00936045532919,0.6749497642495565
c1cnc2[nH]ccc2c1,C1CCOC1,313.15,1.04270075537698,0.697249327779331
c1cnc2[nH]ccc2c1,C1CCOC1,318.15,1.07657670658255,0.7187863887727111
O=C1N=c2ccccc2=N1,CCCOC(C)=O,283.15,-2.26617105749406,-1.0051729153188949
O=C1N=c2ccccc2=N1,CCOC(C)=O,283.15,-2.12904314033833,-0.8743377174592222
O=C1N=c2ccccc2=N1,CCC(C)=O,283.15,-2.0793099863414897,-0.8372819850521144
O=C1N=c2ccccc2=N1,CCCOC(C)=O,288.15,-2.14023375788714,-0.9416770586275718
O=C1N=c2ccccc2=N1,COC(C)=O,283.15,-1.9190761235209,-0.7719120606183517
O=C1N=c2ccccc2=N1,CCOC(C)=O,288.15,-2.00664646711274,-0.8121617401497835
O=C1N=c2ccccc2=N1,CCC(C)=O,288.15,-1.95204691410274,-0.7737698965199801
O=C1N=c2ccccc2=N1,CCCOC(C)=O,293.15,-2.0507505352653,-0.8804545072643517
O=C1N=c2ccccc2=N1,CCOC(C)=O,293.15,-1.91741176879776,-0.7526965755140944
O=C1N=c2ccccc2=N1,COC(C)=O,288.15,-1.82567747374275,-0.7100961180521356
O=C1N=c2ccccc2=N1,CCC(C)=O,293.15,-1.8484860559812,-0.7130840545150903
O=C1N=c2ccccc2=N1,CCCOC(C)=O,298.15,-1.94451757528735,-0.8214330117901806
O=C1N=c2ccccc2=N1,COC(C)=O,293.15,-1.7735189948316699,-0.6517200109330743
O=C1N=c2ccccc2=N1,CCOC(C)=O,298.15,-1.8354975750997498,-0.6958421935360786
O=C1N=c2ccccc2=N1,CCC(C)=O,298.15,-1.7683884456058,-0.6551130622864029
O=C1N=c2ccccc2=N1,CCCOC(C)=O,303.15,-1.84973004826603,-0.7645460983651612
O=C1N=c2ccccc2=N1,CC(C)CO,283.15,-1.7387538819061201,-1.5770423763815313
O=C1N=c2ccccc2=N1,COC(C)=O,298.15,-1.66005855314195,-0.596633727809159
O=C1N=c2ccccc2=N1,CCOC(C)=O,303.15,-1.72898395040818,-0.6415067531847782
O=C1N=c2ccccc2=N1,CC(C)CO,288.15,-1.69011066680428,-1.4845030868878846
O=C1N=c2ccccc2=N1,CCC(C)=O,303.15,-1.6706004287062202,-0.5997545047865465
O=C1N=c2ccccc2=N1,CCCOC(C)=O,308.15,-1.7665575275574898,-0.7097326157311693
O=C1N=c2ccccc2=N1,COC(C)=O,303.15,-1.58403720254577,-0.544699679946432
O=C1N=c2ccccc2=N1,CC(C)CO,293.15,-1.6393617159908997,-1.3962273771729345
O=C1N=c2ccccc2=N1,CCCO,283.15,-1.52358412912582,-1.4955093337037724
O=C1N=c2ccccc2=N1,CCOC(C)=O,308.15,-1.64922552348195,-0.5896059444498551
O=C1N=c2ccccc2=N1,C1COCCO1,288.15,-1.56008156375642,-0.5996604389161269
O=C1N=c2ccccc2=N1,CCC(C)=O,308.15,-1.59210657403276,-0.5469142140181331
O=C1N=c2ccccc2=N1,CC(C)O,283.15,-1.4927097263555602,-1.5761278667130136
O=C1N=c2ccccc2=N1,CCCOC(C)=O,313.15,-1.67915678345148,-0.6569363254897429
O=C1N=c2ccccc2=N1,CC(C)CO,298.15,-1.5661112611919499,-1.3120037545778036
O=C1N=c2ccccc2=N1,CO,283.15,-1.20066566119162,-1.0279875047448426
O=C1N=c2ccccc2=N1,COC(C)=O,308.15,-1.50417963047913,-0.4957917049174283
O=C1N=c2ccccc2=N1,CCCO,288.15,-1.45782617524131,-1.4037460331276528
O=C1N=c2ccccc2=N1,CCOC(C)=O,313.15,-1.5801488531730903,-0.5400624040525177
O=C1N=c2ccccc2=N1,C1COCCO1,293.15,-1.50243207161675,-0.5439124532202853
O=C1N=c2ccccc2=N1,CC(C)O,288.15,-1.4363330208618799,-1.4803553659355628
O=C1N=c2ccccc2=N1,CCCO,293.15,-1.4245063421035702,-1.3165432273010025
O=C1N=c2ccccc2=N1,CCC(C)=O,313.15,-1.5098641945671,-0.49650561302012897
O=C1N=c2ccccc2=N1,CCO,283.15,-1.30708894091678,-1.343124444815183
O=C1N=c2ccccc2=N1,CO,288.15,-1.14304550936507,-0.9454518644608798
O=C1N=c2ccccc2=N1,CC(C)CO,303.15,-1.50246591306603,-1.2316366449114795
O=C1N=c2ccccc2=N1,CCCOC(C)=O,318.15,-1.60658314253413,-0.6061055346141124
O=C1N=c2ccccc2=N1,COC(C)=O,313.15,-1.4389559545412298,-0.4497941917220959
O=C1N=c2ccccc2=N1,C1COCCO1,298.15,-1.44163707919505,-0.4899132630860175
O=C1N=c2ccccc2=N1,CC(C)O,293.15,-1.39022396852382,-1.3902432981765578
O=C1N=c2ccccc2=N1,CCOC(C)=O,318.15,-1.5107991923173503,-0.4928052006872723
O=C1N=c2ccccc2=N1,CCCCO,283.15,-1.4613596575936498,-1.493666720970194
O=C1N=c2ccccc2=N1,CO,293.15,-1.09957139093473,-0.8682055041526474
O=C1N=c2ccccc2=N1,CCC(C)O,283.15,-1.44910641071969,-1.6050345813462759
O=C1N=c2ccccc2=N1,CCO,288.15,-1.2527287091991102,-1.251708599579417
O=C1N=c2ccccc2=N1,CCCO,298.15,-1.3579368436551398,-1.23366815566986
O=C1N=c2ccccc2=N1,CC(C)CO,308.15,-1.43094574909969,-1.154945043403426
O=C1N=c2ccccc2=N1,CCCCO,288.15,-1.4171886105555098,-1.4000518538988773
O=C1N=c2ccccc2=N1,CCC(C)=O,318.15,-1.4239581570714799,-0.4484491332719228
O=C1N=c2ccccc2=N1,CCCOC(C)=O,323.15,-1.53187411815959,-0.5571927692237006
O=C1N=c2ccccc2=N1,CC(C)O,298.15,-1.3380916982983,-1.3054795426681576
O=C1N=c2ccccc2=N1,COC(C)=O,318.15,-1.3591558397952,-0.40660131854305387
O=C1N=c2ccccc2=N1,C1COCCO1,303.15,-1.37272942498048,-0.43761118860132486
O=C1N=c2ccccc2=N1,CCC(C)O,288.15,-1.3980529029647801,-1.5081114716619994
O=C1N=c2ccccc2=N1,CCO,293.15,-1.20171484189347,-1.1662475740911376
O=C1N=c2ccccc2=N1,CO,298.15,-1.03961583363399,-0.7959437357478183
O=C1N=c2ccccc2=N1,CCCO,303.15,-1.3017008334605802,-1.1549057468465718
O=C1N=c2ccccc2=N1,CCOC(C)=O,323.15,-1.42399455194285,-0.4477693860389825
O=C1N=c2ccccc2=N1,CCCCO,293.15,-1.37585311951635,-1.3107221318874447
O=C1N=c2ccccc2=N1,CC(C)O,303.15,-1.28261585419023,-1.2257760067895311
O=C1N=c2ccccc2=N1,CC(C)CO,313.15,-1.36690963677248,-1.0817612967612478
O=C1N=c2ccccc2=N1,CCC(C)=O,323.15,-1.3613757723207098,-0.40267170130354063
O=C1N=c2ccccc2=N1,CO,303.15,-0.9916258650569871,-0.7283847522787794
O=C1N=c2ccccc2=N1,CCC(C)O,293.15,-1.34292985463918,-1.4161146591361455
O=C1N=c2ccccc2=N1,CCO,298.15,-1.14489473091826,-1.0863674858121337
O=C1N=c2ccccc2=N1,C1COCCO1,308.15,-1.31070063632776,-0.38695851963788125
O=C1N=c2ccccc2=N1,COC(C)=O,323.15,-1.28590711349949,-0.3661163945448068
O=C1N=c2ccccc2=N1,CCCO,308.15,-1.24248332045347,-1.0800571096313083
O=C1N=c2ccccc2=N1,CCCCO,298.15,-1.3174270551237701,-1.225460633703553
O=C1N=c2ccccc2=N1,CCO,303.15,-1.11150977514457,-1.0117240281730875
O=C1N=c2ccccc2=N1,CC(C)CO,318.15,-1.30050204465618,-1.011930005126957
O=C1N=c2ccccc2=N1,CO,308.15,-0.9382822766513921,-0.6652675326946733
O=C1N=c2ccccc2=N1,CC(C)O,308.15,-1.2137436582984098,-1.1508665742317148
O=C1N=c2ccccc2=N1,CCC(C)O,298.15,-1.28224224934823,-1.3287856149840032
O=C1N=c2ccccc2=N1,CCCCO,303.15,-1.2757269353593101,-1.1440666525897558
O=C1N=c2ccccc2=N1,C1COCCO1,313.15,-1.24744650143908,-0.3379112314096596
O=C1N=c2ccccc2=N1,CCCO,313.15,-1.18687083227902,-1.0089381764220655
O=C1N=c2ccccc2=N1,CCO,308.15,-1.0686590320284701,-0.9419999028977534
O=C1N=c2ccccc2=N1,CO,313.15,-0.886224254096998,-0.6063500110817667
O=C1N=c2ccccc2=N1,CCC(C)O,303.15,-1.22208775209064,-1.24588538250204
O=C1N=c2ccccc2=N1,CCCCO,308.15,-1.2188066649317,-1.0663543292888435
O=C1N=c2ccccc2=N1,CCCO,318.15,-1.13225878134146,-0.9413784855393528
O=C1N=c2ccccc2=N1,CC(C)O,313.15,-1.13454997053679,-1.080505275344222
O=C1N=c2ccccc2=N1,CCO,313.15,-1.0157753357372301,-0.8769024995792265
O=C1N=c2ccccc2=N1,CC(C)CO,323.15,-1.2171420309802001,-0.9453070340708023
O=C1N=c2ccccc2=N1,C1COCCO1,318.15,-1.1736394951537,-0.29042871749941657
O=C1N=c2ccccc2=N1,CO,318.15,-0.83055304612873,-0.5514074860833336
O=C1N=c2ccccc2=N1,CCC(C)O,308.15,-1.16475285503073,-1.167192900864639
O=C1N=c2ccccc2=N1,CCCCO,313.15,-1.16409833103368,-0.9921514127148314
O=C1N=c2ccccc2=N1,CCCO,323.15,-1.0748692315216601,-0.8772200905297511
O=C1N=c2ccccc2=N1,CCO,318.15,-0.962872764023071,-0.8161617986053352
O=C1N=c2ccccc2=N1,CC(C)O,318.15,-1.06706254853266,-1.0144646584828283
O=C1N=c2ccccc2=N1,C1COCCO1,323.15,-1.10485747766081,-0.24447354039706493
O=C1N=c2ccccc2=N1,CO,323.15,-0.7720170013288221,-0.5002312465998804
O=C1N=c2ccccc2=N1,CCC(C)O,313.15,-1.11668727113161,-1.09250349782127
O=C1N=c2ccccc2=N1,CCCCO,318.15,-1.10473224933227,-0.9212981373355607
O=C1N=c2ccccc2=N1,CCO,323.15,-0.9019288588274449,-0.7595284766069487
O=C1N=c2ccccc2=N1,CC(C)O,323.15,-0.9962908275457459,-0.9525343431294799
O=C1N=c2ccccc2=N1,C1COCCO1,328.15,-1.0397769145557099,-0.2000112020677744
O=C1N=c2ccccc2=N1,CCC(C)O,318.15,-1.06048762775658,-1.0216275362533884
O=C1N=c2ccccc2=N1,CCCCO,323.15,-1.04621360413194,-0.853646207907097
O=C1N=c2ccccc2=N1,CCC(C)O,323.15,-0.9899049981156729,-0.9543892008305654
CC(C)(c1ccc(O)cc1)c1ccc(O)cc1,CCC(C)O,273.15,-0.40633019265477294,-0.8198186898182446
CC(C)(c1ccc(O)cc1)c1ccc(O)cc1,CCC(C)O,278.15,-0.34087403714373304,-0.6546156785015589
CC(C)(c1ccc(O)cc1)c1ccc(O)cc1,CCC(C)O,283.15,-0.26382263100960396,-0.4967523393579045
CC(C)(c1ccc(O)cc1)c1ccc(O)cc1,CC(C)O,273.15,-0.14919658610091,-0.671681457537451
CC(C)(c1ccc(O)cc1)c1ccc(O)cc1,CCC(C)O,288.15,-0.183256494657685,-0.34589183802844203
CC(C)(c1ccc(O)cc1)c1ccc(O)cc1,CC(C)O,278.15,-0.06839907640598901,-0.5015220171660902
CC(C)(c1ccc(O)cc1)c1ccc(O)cc1,CCC(C)O,293.15,-0.11826512387386401,-0.20172340038227818
CC(C)(c1ccc(O)cc1)c1ccc(O)cc1,CC(C)O,283.15,0.011064515559591,-0.3410050598822684
CC(C)(c1ccc(O)cc1)c1ccc(O)cc1,CCC(C)O,298.15,-0.064346138958376,-0.06396019801374343
CC(C)(c1ccc(O)cc1)c1ccc(O)cc1,CCCCO,273.15,-0.045195717269366005,-0.6809700558241395
CC(C)(c1ccc(O)cc1)c1ccc(O)cc1,CCC(C)O,303.15,-0.011196662043055,0.06766254845577066
CC(C)(c1ccc(O)cc1)c1ccc(O)cc1,CCCCO,278.15,0.003367138863121,-0.5340151990786237
CC(C)(c1ccc(O)cc1)c1ccc(O)cc1,CC(C)O,288.15,0.091696859471233,-0.18962616203216714
CC(C)(c1ccc(O)cc1)c1ccc(O)cc1,CCC(C)O,308.15,0.040943493630402,0.1933892687522048
CC(C)(c1ccc(O)cc1)c1ccc(O)cc1,O=C1CCCCC1,273.15,0.005979498258499001,-0.04256678889671439
CC(C)(c1ccc(O)cc1)c1ccc(O)cc1,CCCCO,283.15,0.059891029657025,-0.39195558834314453
CC(C)(c1ccc(O)cc1)c1ccc(O)cc1,CC(C)O,293.15,0.147889588087249,-0.046921370975312404
CC(C)(c1ccc(O)cc1)c1ccc(O)cc1,CCC(C)O,313.15,0.09271186525239501,0.3134455613803096
CC(C)(c1ccc(O)cc1)c1ccc(O)cc1,CCCCO,288.15,0.12202409961136801,-0.254621042170549
CC(C)(c1ccc(O)cc1)c1ccc(O)cc1,CC(C)O,298.15,0.20968796887199398,0.0875361624449915
CC(C)(c1ccc(O)cc1)c1ccc(O)cc1,O=C1CCCCC1,278.15,0.084795068502768,0.0871964865324989
CC(C)(c1ccc(O)cc1)c1ccc(O)cc1,CCCCO,293.15,0.17338862933819502,-0.12185377027131793
CC(C)(c1ccc(O)cc1)c1ccc(O)cc1,CC(C)O,303.15,0.26036735464639604,0.21413917968784113
CC(C)(c1ccc(O)cc1)c1ccc(O)cc1,O=C1CCCCC1,283.15,0.14742448616651502,0.21395377937832427
CC(C)(c1ccc(O)cc1)c1ccc(O)cc1,CC#N,273.15,0.48648967970405294,-1.028370300036058
CC(C)(c1ccc(O)cc1)c1ccc(O)cc1,CCCCO,298.15,0.235849283528498,0.006492512725776552
CC(C)(c1ccc(O)cc1)c1ccc(O)cc1,CC(C)O,308.15,0.316827968290537,0.3332489740548945
CC(C)(c1ccc(O)cc1)c1ccc(O)cc1,NC=O,278.15,0.618710646541213,-1.2732038208164131
CC(C)(c1ccc(O)cc1)c1ccc(O)cc1,CC#N,278.15,0.504886794297748,-0.8447211062985068
CC(C)(c1ccc(O)cc1)c1ccc(O)cc1,O=C1CCCCC1,288.15,0.206499193320476,0.3377830961261762
CC(C)(c1ccc(O)cc1)c1ccc(O)cc1,CCCCO,303.15,0.27699813236714804,0.13055339717368733
CC(C)(c1ccc(O)cc1)c1ccc(O)cc1,CC#N,283.15,0.53214961955069,-0.6695979570410127
CC(C)(c1ccc(O)cc1)c1ccc(O)cc1,NC=O,283.15,0.6544640394016601,-1.1166715989524172
CC(C)(c1ccc(O)cc1)c1ccc(O)cc1,CC(C)O,313.15,0.362931269637954,0.44519774507659804
CC(C)(c1ccc(O)cc1)c1ccc(O)cc1,O=C1CCCCC1,293.15,0.25896948073903,0.4587585953454549
CC(C)(c1ccc(O)cc1)c1ccc(O)cc1,CC#N,288.15,0.564626889211195,-0.5025735452710385
CC(C)(c1ccc(O)cc1)c1ccc(O)cc1,CCCCO,308.15,0.322018967531014,0.25045451579499733
CC(C)(c1ccc(O)cc1)c1ccc(O)cc1,NC=O,288.15,0.6954250943882979,-0.9636807020643928
CC(C)(c1ccc(O)cc1)c1ccc(O)cc1,CC#N,293.15,0.5892108229253461,-0.3432531868158028
CC(C)(c1ccc(O)cc1)c1ccc(O)cc1,CCCO,273.15,0.46326212578850395,-0.5847332335958118
CC(C)(c1ccc(O)cc1)c1ccc(O)cc1,CC#N,298.15,0.6125416742045611,-0.19127210201343922
CC(C)(c1ccc(O)cc1)c1ccc(O)cc1,O=C1CCCCC1,298.15,0.314916551080186,0.5769506968168554
CC(C)(c1ccc(O)cc1)c1ccc(O)cc1,NC=O,293.15,0.7344796457785441,-0.8141136768588421
CC(C)(c1ccc(O)cc1)c1ccc(O)cc1,CCCO,278.15,0.47597120867221104,-0.43119935091288863
CC(C)(c1ccc(O)cc1)c1ccc(O)cc1,CCCCO,313.15,0.374412038706312,0.36631221242642303
CC(C)(c1ccc(O)cc1)c1ccc(O)cc1,CC#N,303.15,0.631672629162228,-0.04629296935174965
CC(C)(c1ccc(O)cc1)c1ccc(O)cc1,CO,273.15,0.7659793959758789,-0.3547031288941066
CC(C)(c1ccc(O)cc1)c1ccc(O)cc1,CCCO,283.15,0.49455460556907505,-0.2841768275054281
CC(C)(c1ccc(O)cc1)c1ccc(O)cc1,CO,278.15,0.770959659793984,-0.19419725262322718
CC(C)(c1ccc(O)cc1)c1ccc(O)cc1,NC=O,298.15,0.7790287149855841,-0.6678587784921118
CC(C)(c1ccc(O)cc1)c1ccc(O)cc1,CO,283.15,0.7795326145894979,-0.042125881474903926
CC(C)(c1ccc(O)cc1)c1ccc(O)cc1,O=C1CCCCC1,303.15,0.363599298781698,0.692426195214188
CC(C)(c1ccc(O)cc1)c1ccc(O)cc1,CCCO,288.15,0.512047960219997,-0.14338748750805375
CC(C)(c1ccc(O)cc1)c1ccc(O)cc1,CC#N,308.15,0.657457263492635,0.09199627447474457
CC(C)(c1ccc(O)cc1)c1ccc(O)cc1,CO,288.15,0.786796775019566,0.10193761686595265
CC(C)(c1ccc(O)cc1)c1ccc(O)cc1,CCCO,293.15,0.525443455314691,-0.008574768683502904
CC(C)(c1ccc(O)cc1)c1ccc(O)cc1,CO,293.15,0.795814170798482,0.23838626615768296
CC(C)(c1ccc(O)cc1)c1ccc(O)cc1,C1COCCO1,288.15,0.48512371606398,0.15400557717843583
CC(C)(c1ccc(O)cc1)c1ccc(O)cc1,CO,298.15,0.8088576912019059,0.36758244895810416
CC(C)(c1ccc(O)cc1)c1ccc(O)cc1,CC#N,313.15,0.684542159243906,0.22388441098897643
CC(C)(c1ccc(O)cc1)c1ccc(O)cc1,CCCO,298.15,0.541249252845416,0.12049798814795153
CC(C)(c1ccc(O)cc1)c1ccc(O)cc1,NC=O,303.15,0.8216469272198342,-0.5248096648809946
CC(C)(c1ccc(O)cc1)c1ccc(O)cc1,CCO,273.15,0.667620265263849,-0.38840423810709424
CC(C)(c1ccc(O)cc1)c1ccc(O)cc1,CO,303.15,0.8178279654437,0.4898605210714313
CC(C)(c1ccc(O)cc1)c1ccc(O)cc1,CCCO,303.15,0.5565619567016751,0.24404907459948844
CC(C)(c1ccc(O)cc1)c1ccc(O)cc1,O=C1CCCCC1,308.15,0.41818926435356296,0.8052483777703706
CC(C)(c1ccc(O)cc1)c1ccc(O)cc1,CCO,278.15,0.6785902661153521,-0.23082443033671773
CC(C)(c1ccc(O)cc1)c1ccc(O)cc1,CO,308.15,0.8290987741209541,0.60552909902298
CC(C)(c1ccc(O)cc1)c1ccc(O)cc1,CCCO,308.15,0.5690943715816179,0.36227978941695016
CC(C)(c1ccc(O)cc1)c1ccc(O)cc1,CCO,283.15,0.692352365865766,-0.08159046594209507
CC(C)(c1ccc(O)cc1)c1ccc(O)cc1,CO,313.15,0.8404643258818141,0.7148730461960661
CC(C)(c1ccc(O)cc1)c1ccc(O)cc1,C1COCCO1,293.15,0.531525309557679,0.27675677276440763
CC(C)(c1ccc(O)cc1)c1ccc(O)cc1,CCCO,313.15,0.5818352790157779,0.4753756643844297
CC(C)(c1ccc(O)cc1)c1ccc(O)cc1,CCO,288.15,0.7042403890265,0.059742055491470436
CC(C)(c1ccc(O)cc1)c1ccc(O)cc1,NC=O,308.15,0.873467754429037,-0.3848651127797517
CC(C)(c1ccc(O)cc1)c1ccc(O)cc1,CCO,293.15,0.715378744317738,0.19358129627623655
CC(C)(c1ccc(O)cc1)c1ccc(O)cc1,CCOC(C)=O,273.15,0.507491696199706,-0.7617981133846801
CC(C)(c1ccc(O)cc1)c1ccc(O)cc1,O=C1CCCCC1,313.15,0.46498543771116296,0.91547714533433
CC(C)(c1ccc(O)cc1)c1ccc(O)cc1,COC(C)=O,273.15,0.5993604341175699,-0.7998102681459207
CC(C)(c1ccc(O)cc1)c1ccc(O)cc1,CCOC(C)=O,278.15,0.5091604472310111,-0.6036924614815856
CC(C)(c1ccc(O)cc1)c1ccc(O)cc1,COC(C)=O,278.15,0.598790509183647,-0.629353256988599
CC(C)(c1ccc(O)cc1)c1ccc(O)cc1,COC(C)=O,283.15,0.603938633721476,-0.4682194447511054
CC(C)(c1ccc(O)cc1)c1ccc(O)cc1,CCO,298.15,0.730106129268005,0.3203021468370702
CC(C)(c1ccc(O)cc1)c1ccc(O)cc1,CCOC(C)=O,283.15,0.5141081354020589,-0.4525314105520317
CC(C)(c1ccc(O)cc1)c1ccc(O)cc1,COC(C)=O,288.15,0.603842271978739,-0.3159315612463294
CC(C)(c1ccc(O)cc1)c1ccc(O)cc1,CCOC(C)=O,288.15,0.5189451812111429,-0.30801086168592146
CC(C)(c1ccc(O)cc1)c1ccc(O)cc1,C1COCCO1,298.15,0.579810685739278,0.3960064151450137
CC(C)(c1ccc(O)cc1)c1ccc(O)cc1,COC(C)=O,293.15,0.6111584953248941,-0.17205055465851682
CC(C)(c1ccc(O)cc1)c1ccc(O)cc1,CCO,303.15,0.743307557087777,0.440248890508606
CC(C)(c1ccc(O)cc1)c1ccc(O)cc1,CCOC(C)=O,293.15,0.523906979506814,-0.16985051587150354
CC(C)(c1ccc(O)cc1)c1ccc(O)cc1,COC(C)=O,298.15,0.6192131039378579,-0.03617242920252327
CC(C)(c1ccc(O)cc1)c1ccc(O)cc1,CCOC(C)=O,298.15,0.5347325721503511,-0.03779197671424061
CC(C)(c1ccc(O)cc1)c1ccc(O)cc1,NC=O,313.15,0.92041838805623,-0.24792875384303847
CC(C)(c1ccc(O)cc1)c1ccc(O)cc1,COC(C)=O,303.15,0.619640145351173,0.09207456780731471
CC(C)(c1ccc(O)cc1)c1ccc(O)cc1,CCO,308.15,0.756962307096688,0.5537375951863142
CC(C)(c1ccc(O)cc1)c1ccc(O)cc1,CCOC(C)=O,303.15,0.5382951085561329,0.08840294680064142
CC(C)(c1ccc(O)cc1)c1ccc(O)cc1,COC(C)=O,308.15,0.6259040646845679,0.21303244254560744
CC(C)(c1ccc(O)cc1)c1ccc(O)cc1,CCO,313.15,0.7695848473623841,0.6610582565191012
CC(C)(c1ccc(O)cc1)c1ccc(O)cc1,CCOC(C)=O,308.15,0.546940695642107,0.20895375508440928
CC(C)(c1ccc(O)cc1)c1ccc(O)cc1,COC(C)=O,313.15,0.635882759850229,0.3270156637632523
CC(C)(c1ccc(O)cc1)c1ccc(O)cc1,C1COCCO1,303.15,0.618668643592595,0.5118444027986807
CC(C)(c1ccc(O)cc1)c1ccc(O)cc1,CCOC(C)=O,313.15,0.5558407517189891,0.3240626042795552
CC(C)(c1ccc(O)cc1)c1ccc(O)cc1,C1COCCO1,308.15,0.663799718986949,0.6243544766064882
CC(C)(c1ccc(O)cc1)c1ccc(O)cc1,CC(C)=O,273.15,0.763416749039572,-0.3422814710963724
CC(C)(c1ccc(O)cc1)c1ccc(O)cc1,CN(C)C=O,273.15,0.7515993037705959,0.9710130937785187
CC(C)(c1ccc(O)cc1)c1ccc(O)cc1,CC(C)=O,278.15,0.7768172876101049,-0.1751316506958993
CC(C)(c1ccc(O)cc1)c1ccc(O)cc1,C1COCCO1,313.15,0.7055809423882919,0.733614579719579
CC(C)(c1ccc(O)cc1)c1ccc(O)cc1,CN(C)C=O,278.15,0.769943910624633,1.0773149537451134
CC(C)(c1ccc(O)cc1)c1ccc(O)cc1,CC(C)=O,283.15,0.7954119504754341,-0.018224896485479702
CC(C)(c1ccc(O)cc1)c1ccc(O)cc1,CC(C)=O,288.15,0.8115799027077891,0.1289913994808945
CC(C)(c1ccc(O)cc1)c1ccc(O)cc1,CN(C)C=O,283.15,0.798072904932952,1.1813729535459299
CC(C)(c1ccc(O)cc1)c1ccc(O)cc1,CN(C)C=O,288.15,0.8313285540149151,1.2832239782915005
CC(C)(c1ccc(O)cc1)c1ccc(O)cc1,CN(C)C=O,293.15,0.865824161247125,1.3829037858209172
CC(C)(c1ccc(O)cc1)c1ccc(O)cc1,CN(C)C=O,298.15,0.9046164781868209,1.4804468859430564
CC(C)(c1ccc(O)cc1)c1ccc(O)cc1,CN(C)C=O,303.15,0.9498833364886842,1.5758864472766236
CC(C)(c1ccc(O)cc1)c1ccc(O)cc1,CN(C)C=O,308.15,0.984414157579647,1.6692542284332272
CC(C)(c1ccc(O)cc1)c1ccc(O)cc1,CN(C)C=O,313.15,1.02102883633808,1.7605805303995354
CCCNC(=O)NS(=O)(=O)c1ccc(Cl)cc1,CC(C)CCO,283.2,-1.3075203854472,-1.0674355572216465
CCCNC(=O)NS(=O)(=O)c1ccc(Cl)cc1,CC(C)CO,283.13,-1.2271407937136,-0.9999172470968776
CCCNC(=O)NS(=O)(=O)c1ccc(Cl)cc1,CC(C)O,283.26,-1.10439729084972,-0.6957119346976659
CCCNC(=O)NS(=O)(=O)c1ccc(Cl)cc1,CC(C)CCO,288.12,-1.21214274102593,-0.9311853324408089
CCCNC(=O)NS(=O)(=O)c1ccc(Cl)cc1,CCCCO,283.28,-1.1217593791953402,-0.821965161260972
CCCNC(=O)NS(=O)(=O)c1ccc(Cl)cc1,CCCCCO,283.12,-1.1893685294983602,-0.9665957819430233
CCCNC(=O)NS(=O)(=O)c1ccc(Cl)cc1,CCCO,283.13,-1.02771218983869,-0.7204810622996893
CCCNC(=O)NS(=O)(=O)c1ccc(Cl)cc1,CCCCOC(C)=O,283.12,-1.26875495339373,-0.41834998030855153
CCCNC(=O)NS(=O)(=O)c1ccc(Cl)cc1,CC(C)CO,288.28,-1.1025404227828501,-0.8523754536431
CCCNC(=O)NS(=O)(=O)c1ccc(Cl)cc1,CC(=O)OC(C)C,283.18,-1.1953561567580901,-0.21945876461320768
CCCNC(=O)NS(=O)(=O)c1ccc(Cl)cc1,CCCCCOC(C)=O,283.17,-1.29779612861641,-0.6003308095953006
CCCNC(=O)NS(=O)(=O)c1ccc(Cl)cc1,CC(C)O,290.23,-0.9489768174439259,-0.4929683089306026
CCCNC(=O)NS(=O)(=O)c1ccc(Cl)cc1,CCC(C)O,283.22,-1.02466656125213,-0.8012673922800351
CCCNC(=O)NS(=O)(=O)c1ccc(Cl)cc1,CCCCO,288.25,-1.0222970508577,-0.6866163349527563
CCCNC(=O)NS(=O)(=O)c1ccc(Cl)cc1,CCO,282.98,-0.8188263428280941,-0.47519115402904033
CCCNC(=O)NS(=O)(=O)c1ccc(Cl)cc1,CCCO,288.17,-0.9281072607027758,-0.5807425175493377
CCCNC(=O)NS(=O)(=O)c1ccc(Cl)cc1,CCCCCOC(C)=O,288.12,-1.21647938688479,-0.4685633836960593
CCCNC(=O)NS(=O)(=O)c1ccc(Cl)cc1,CC(=O)OC(C)C,288.22,-1.11018997625777,-0.08477776367136022
CCCNC(=O)NS(=O)(=O)c1ccc(Cl)cc1,CC(C)CCO,293.28,-1.07166354314411,-0.7933382131572172
CCCNC(=O)NS(=O)(=O)c1ccc(Cl)cc1,CCCCCO,289.7,-1.06435184285704,-0.7863378199955529
CCCNC(=O)NS(=O)(=O)c1ccc(Cl)cc1,CC(C)CO,293.17,-0.9898061584196429,-0.7184509965029079
CCCNC(=O)NS(=O)(=O)c1ccc(Cl)cc1,CCC(=O)OC,283.02,-0.987137049162744,-0.21243389854405453
CCCNC(=O)NS(=O)(=O)c1ccc(Cl)cc1,CCCOC(C)=O,283.17,-1.06435212137758,-0.2543199150377352
CCCNC(=O)NS(=O)(=O)c1ccc(Cl)cc1,CCCCOC(C)=O,289.9,-1.10253042257784,-0.23826799410565394
CCCNC(=O)NS(=O)(=O)c1ccc(Cl)cc1,CCOC(C)=O,283.17,-0.9589238200090219,-0.007366753358961864
CCCNC(=O)NS(=O)(=O)c1ccc(Cl)cc1,CCO,288.2,-0.7333627507762759,-0.3324550246848915
CCCNC(=O)NS(=O)(=O)c1ccc(Cl)cc1,CC(C)O,294.18,-0.8502735603751149,-0.38612089272410577
CCCNC(=O)NS(=O)(=O)c1ccc(Cl)cc1,CCCCCOC(C)=O,293.18,-1.13269871321914,-0.3385924561398174
CCCNC(=O)NS(=O)(=O)c1ccc(Cl)cc1,CCCCO,293.2,-0.9235170816513929,-0.5571473666235578
CCCNC(=O)NS(=O)(=O)c1ccc(Cl)cc1,CC(=O)OC(C)C,293.07,-1.0217139753181,0.037689024545638314
CCCNC(=O)NS(=O)(=O)c1ccc(Cl)cc1,CCC(C)O,288.06,-0.913185801556175,-0.6570883162383443
CCCNC(=O)NS(=O)(=O)c1ccc(Cl)cc1,CCCCCO,293.1,-0.9848333043972249,-0.696523867619047
CCCNC(=O)NS(=O)(=O)c1ccc(Cl)cc1,CCCO,293.17,-0.8229022348078551,-0.448889292160059
CCCNC(=O)NS(=O)(=O)c1ccc(Cl)cc1,CC(C)CCO,298.06,-0.963213806101433,-0.6700796578394939
CCCNC(=O)NS(=O)(=O)c1ccc(Cl)cc1,CCCOC(C)=O,288.1,-0.9785814930559799,-0.12146651050439455
CCCNC(=O)NS(=O)(=O)c1ccc(Cl)cc1,CCCCOC(C)=O,293.4,-1.03875400168347,-0.14917575446617096
CCCNC(=O)NS(=O)(=O)c1ccc(Cl)cc1,CCC(=O)OC,288.05,-0.891388581967784,-0.06809450752345009
CCCNC(=O)NS(=O)(=O)c1ccc(Cl)cc1,CC(C)CO,298.17,-0.8691353188450509,-0.5874516958695436
CCCNC(=O)NS(=O)(=O)c1ccc(Cl)cc1,CCCCCOC(C)=O,298.1,-1.05723675480977,-0.2166149852711008
CCCNC(=O)NS(=O)(=O)c1ccc(Cl)cc1,CCOC(C)=O,288.12,-0.864850327905048,0.1256050260541674
CCCNC(=O)NS(=O)(=O)c1ccc(Cl)cc1,CCCO,298.16,-0.7392366150873521,-0.32371746887064723
CCCNC(=O)NS(=O)(=O)c1ccc(Cl)cc1,CC(=O)OC(C)C,298.32,-0.93346718409137,0.16276213269528872
CCCNC(=O)NS(=O)(=O)c1ccc(Cl)cc1,CC(C)O,298.4,-0.74572010968994,-0.2780553564102903
CCCNC(=O)NS(=O)(=O)c1ccc(Cl)cc1,CCO,293.28,-0.621801266552228,-0.20209036592599275
CCCNC(=O)NS(=O)(=O)c1ccc(Cl)cc1,CCCCO,298.0,-0.8154533011266459,-0.4364804286207722
CCCNC(=O)NS(=O)(=O)c1ccc(Cl)cc1,CCCCCO,297.95,-0.880828083507958,-0.5721796239418313
CCCNC(=O)NS(=O)(=O)c1ccc(Cl)cc1,CCC(C)O,292.95,-0.808534834442088,-0.5187962291787382
CCCNC(=O)NS(=O)(=O)c1ccc(Cl)cc1,CCCCOC(C)=O,298.2,-0.9493133390849641,-0.03109077301671285
CCCNC(=O)NS(=O)(=O)c1ccc(Cl)cc1,CCCOC(C)=O,293.3,-0.875526981368967,0.011552220313272174
CCCNC(=O)NS(=O)(=O)c1ccc(Cl)cc1,CC(C)CCO,303.18,-0.848844772434364,-0.5426109404434698
CCCNC(=O)NS(=O)(=O)c1ccc(Cl)cc1,CCC(=O)OC,293.23,-0.7850502781472841,0.07146964876976476
CCCNC(=O)NS(=O)(=O)c1ccc(Cl)cc1,CCCCCOC(C)=O,303.23,-0.9674434239219971,-0.09386791140464032
CCCNC(=O)NS(=O)(=O)c1ccc(Cl)cc1,CCOC(C)=O,293.08,-0.7740392470784649,0.2509282879940403
CCCNC(=O)NS(=O)(=O)c1ccc(Cl)cc1,CC(C)CO,303.2,-0.752425309031048,-0.461466726574449
CCCNC(=O)NS(=O)(=O)c1ccc(Cl)cc1,CC(=O)OC(C)C,303.12,-0.8472724569571641,0.2706235421301144
CCCNC(=O)NS(=O)(=O)c1ccc(Cl)cc1,CCO,298.1,-0.521947711190252,-0.08575851384971458
CCCNC(=O)NS(=O)(=O)c1ccc(Cl)cc1,CC(C)O,303.2,-0.634197065555184,-0.1624329246697416
CCCNC(=O)NS(=O)(=O)c1ccc(Cl)cc1,CCCCO,303.1,-0.7091235409990941,-0.31332734102007326
CCCNC(=O)NS(=O)(=O)c1ccc(Cl)cc1,CCC(C)O,297.85,-0.6972993159690439,-0.38729713236343055
CCCNC(=O)NS(=O)(=O)c1ccc(Cl)cc1,CCCCCO,303.05,-0.7711528328450219,-0.44604920653461066
CCCNC(=O)NS(=O)(=O)c1ccc(Cl)cc1,CCCOC(C)=O,299.2,-0.793848532236872,0.15408829316529837
CCCNC(=O)NS(=O)(=O)c1ccc(Cl)cc1,CCCCOC(C)=O,303.27,-0.853558650244787,0.08868125106657639
CCCNC(=O)NS(=O)(=O)c1ccc(Cl)cc1,CCCO,303.17,-0.6021207576655631,-0.2042056348211724
CCCNC(=O)NS(=O)(=O)c1ccc(Cl)cc1,CCC(=O)OC,298.2,-0.706404362964035,0.19718179461109944
CCCNC(=O)NS(=O)(=O)c1ccc(Cl)cc1,CCCCCOC(C)=O,308.08,-0.880286920165537,0.018169604063642958
CCCNC(=O)NS(=O)(=O)c1ccc(Cl)cc1,CCOC(C)=O,298.1,-0.683066838901802,0.3701162809136118
CCCNC(=O)NS(=O)(=O)c1ccc(Cl)cc1,CC(C)CCO,308.22,-0.7292434246598442,-0.4215736219466034
CCCNC(=O)NS(=O)(=O)c1ccc(Cl)cc1,CC(=O)OC(C)C,308.18,-0.7591663774442281,0.3779300364524902
CCCNC(=O)NS(=O)(=O)c1ccc(Cl)cc1,CC(C)CO,308.07,-0.646085612639842,-0.34480467660586556
CCCNC(=O)NS(=O)(=O)c1ccc(Cl)cc1,CCO,303.22,-0.41637866456383005,0.030382701515813237
CCCNC(=O)NS(=O)(=O)c1ccc(Cl)cc1,CCCOC(C)=O,304.23,-0.711004928524505,0.2689144869096055
CCCNC(=O)NS(=O)(=O)c1ccc(Cl)cc1,CCCCOC(C)=O,308.1,-0.7694517867624571,0.19823775212519568
CCCNC(=O)NS(=O)(=O)c1ccc(Cl)cc1,CCC(=O)OC,303.08,-0.6133039317655811,0.313215353842089
CCCNC(=O)NS(=O)(=O)c1ccc(Cl)cc1,CCCCO,308.07,-0.589403977238489,-0.19813350951211198
CCCNC(=O)NS(=O)(=O)c1ccc(Cl)cc1,CCCCCO,308.17,-0.6597110977563521,-0.3240161300381047
CCCNC(=O)NS(=O)(=O)c1ccc(Cl)cc1,CCCCCOC(C)=O,313.2,-0.796639891729385,0.13236991994322628
CCCNC(=O)NS(=O)(=O)c1ccc(Cl)cc1,CCC(C)O,303.15,-0.581837728458975,-0.25264942800492796
CCCNC(=O)NS(=O)(=O)c1ccc(Cl)cc1,CC(C)O,307.73,-0.5022809134134361,-0.06010760091883313
CCCNC(=O)NS(=O)(=O)c1ccc(Cl)cc1,CCCO,308.14,-0.482224907151384,-0.09148535025781013
CCCNC(=O)NS(=O)(=O)c1ccc(Cl)cc1,CCOC(C)=O,303.12,-0.595808354671578,0.48199677186802903
CCCNC(=O)NS(=O)(=O)c1ccc(Cl)cc1,CC(=O)OC(C)C,313.22,-0.671977123377745,0.47857819305250304
CCCNC(=O)NS(=O)(=O)c1ccc(Cl)cc1,CC(C)CCO,313.08,-0.616171158977779,-0.3088865266609
CCCNC(=O)NS(=O)(=O)c1ccc(Cl)cc1,CCCOC(C)=O,308.18,-0.6243984620161851,0.3549613609256091
CCCNC(=O)NS(=O)(=O)c1ccc(Cl)cc1,CC(C)CO,313.28,-0.520732041358281,-0.2255553176191406
CCCNC(=O)NS(=O)(=O)c1ccc(Cl)cc1,CCCCOC(C)=O,313.18,-0.672296257389153,0.30886730994098405
CCCNC(=O)NS(=O)(=O)c1ccc(Cl)cc1,CCO,308.17,-0.31050144685096304,0.13576349499427434
CCCNC(=O)NS(=O)(=O)c1ccc(Cl)cc1,CCC(=O)OC,308.18,-0.511702145243383,0.4270361639683062
CCCNC(=O)NS(=O)(=O)c1ccc(Cl)cc1,CCCCCOC(C)=O,318.17,-0.7043226471406909,0.2393617068916103
CCCNC(=O)NS(=O)(=O)c1ccc(Cl)cc1,CCOC(C)=O,308.08,-0.515292020969579,0.5857161000722786
CCCNC(=O)NS(=O)(=O)c1ccc(Cl)cc1,CCCCCO,313.17,-0.55296045998058,-0.20912456014022374
CCCNC(=O)NS(=O)(=O)c1ccc(Cl)cc1,CCCCO,313.07,-0.46418956921432897,-0.08686647704614786
CCCNC(=O)NS(=O)(=O)c1ccc(Cl)cc1,CC(C)O,313.1,-0.3859388423156261,0.05306191797983206
CCCNC(=O)NS(=O)(=O)c1ccc(Cl)cc1,CCC(C)O,308.1,-0.460661235627805,-0.13367572278534964
CCCNC(=O)NS(=O)(=O)c1ccc(Cl)cc1,CC(=O)OC(C)C,318.27,-0.572641315509753,0.5734607425652329
CCCNC(=O)NS(=O)(=O)c1ccc(Cl)cc1,CCCO,313.17,-0.35931607416606004,0.01692285428005269
CCCNC(=O)NS(=O)(=O)c1ccc(Cl)cc1,CCCOC(C)=O,313.2,-0.529526803877751,0.45929357528308096
CCCNC(=O)NS(=O)(=O)c1ccc(Cl)cc1,CC(C)CCO,318.33,-0.4907610272149461,-0.19145071939187136
CCCNC(=O)NS(=O)(=O)c1ccc(Cl)cc1,CCCCOC(C)=O,318.2,-0.5767197550192521,0.4137352682810766
CCCNC(=O)NS(=O)(=O)c1ccc(Cl)cc1,CCCCCOC(C)=O,323.18,-0.613760010909094,0.3434942418776856
CCCNC(=O)NS(=O)(=O)c1ccc(Cl)cc1,CCO,313.27,-0.187987366974775,0.23759891004241135
CCCNC(=O)NS(=O)(=O)c1ccc(Cl)cc1,CCC(=O)OC,313.2,-0.40608553588017704,0.5320061788329276
CCCNC(=O)NS(=O)(=O)c1ccc(Cl)cc1,CC(C)CO,318.2,-0.3849022760870971,-0.11801524259201762
CCCNC(=O)NS(=O)(=O)c1ccc(Cl)cc1,CCOC(C)=O,313.18,-0.40922570438992895,0.6856293582028883
CCCNC(=O)NS(=O)(=O)c1ccc(Cl)cc1,CC(=O)OC(C)C,323.1,-0.479737710568034,0.6588569836273587
CCCNC(=O)NS(=O)(=O)c1ccc(Cl)cc1,CCCCCO,318.19,-0.42817288918235996,-0.0978833925123952
CCCNC(=O)NS(=O)(=O)c1ccc(Cl)cc1,CCC(C)O,313.18,-0.341685248575072,-0.018071640511940823
CCCNC(=O)NS(=O)(=O)c1ccc(Cl)cc1,CC(C)O,318.15,-0.25772242153592,0.15182561963655067
CCCNC(=O)NS(=O)(=O)c1ccc(Cl)cc1,CCCOC(C)=O,318.32,-0.43280215265827393,0.560141114361897
CCCNC(=O)NS(=O)(=O)c1ccc(Cl)cc1,CCCCOC(C)=O,323.23,-0.480113695906665,0.5145348695109359
CCCNC(=O)NS(=O)(=O)c1ccc(Cl)cc1,CCCO,318.13,-0.22571091421780803,0.1184577204022732
CCCNC(=O)NS(=O)(=O)c1ccc(Cl)cc1,CCCCO,318.02,-0.311734134114922,0.01888319578803671
CCCNC(=O)NS(=O)(=O)c1ccc(Cl)cc1,CCOC(C)=O,318.2,-0.318323371996952,0.7776174159627386
CCCNC(=O)NS(=O)(=O)c1ccc(Cl)cc1,CCC(=O)OC,318.15,-0.30644979367777697,0.6289773061807279
CCCNC(=O)NS(=O)(=O)c1ccc(Cl)cc1,CCO,318.12,-0.054632142430651995,0.3284041736318537
CCCNC(=O)NS(=O)(=O)c1ccc(Cl)cc1,CCCOC(C)=O,323.23,-0.330545617559489,0.6517905491285358
CCCNC(=O)NS(=O)(=O)c1ccc(Cl)cc1,CCC(C)O,318.2,-0.19492986278257501,0.08999027781435553
CCCNC(=O)NS(=O)(=O)c1ccc(Cl)cc1,CCOC(C)=O,323.3,-0.21616535203041198,0.8649046368497948
CCCNC(=O)NS(=O)(=O)c1ccc(Cl)cc1,CCC(=O)OC,323.5,-0.18920131127615103,0.7268310056685353
NS(=O)(=O)Cc1noc2ccccc12,Cc1ccccc1,273.15,-3.46595671338566,-3.1093615926804645
NS(=O)(=O)Cc1noc2ccccc12,Cc1ccccc1,278.15,-3.3158066258885004,-2.9724649107052583
NS(=O)(=O)Cc1noc2ccccc12,Cc1ccccc1,283.15,-3.1931924998218197,-2.8409370503564815
NS(=O)(=O)Cc1noc2ccccc12,Cc1ccccc1,288.15,-3.08453851789096,-2.7145260958141417
NS(=O)(=O)Cc1noc2ccccc12,Cc1ccccc1,293.15,-3.00117728962313,-2.5929984263546184
NS(=O)(=O)Cc1noc2ccccc12,Cc1ccccc1,298.15,-2.9089161158725094,-2.476137232193489
NS(=O)(=O)Cc1noc2ccccc12,Cc1ccccc1,303.15,-2.8274393787482595,-2.363741167453822
NS(=O)(=O)Cc1noc2ccccc12,CCCCO,273.15,-2.72265261107035,-2.6141539113030454
NS(=O)(=O)Cc1noc2ccccc12,Cc1ccccc1,308.15,-2.7468744034601897,-2.255623126953334
NS(=O)(=O)Cc1noc2ccccc12,Cc1ccccc1,313.15,-2.67413513231607,-2.1516091354911207
NS(=O)(=O)Cc1noc2ccccc12,CCCCO,278.15,-2.54007808711947,-2.4991873874749526
NS(=O)(=O)Cc1noc2ccccc12,CCCCO,283.15,-2.37381331179593,-2.3889220237453093
NS(=O)(=O)Cc1noc2ccccc12,CCCO,273.15,-2.2521624487046603,-2.410325477776918
NS(=O)(=O)Cc1noc2ccccc12,CCCCO,288.15,-2.23636531952845,-2.2831484967313345
NS(=O)(=O)Cc1noc2ccccc12,CCCO,278.15,-2.12952720741245,-2.292829826735189
NS(=O)(=O)Cc1noc2ccccc12,CC(C)O,273.15,-2.08280672013233,-2.3643928644302417
NS(=O)(=O)Cc1noc2ccccc12,CCCO,283.15,-2.0256576269249,-2.1813823632020974
NS(=O)(=O)Cc1noc2ccccc12,CCCCO,293.15,-2.1030614405820502,-2.1816735088097894
NS(=O)(=O)Cc1noc2ccccc12,CC(C)O,278.15,-1.97720701532134,-2.234685212125716
NS(=O)(=O)Cc1noc2ccccc12,CCCO,288.15,-1.9354785030967598,-2.0756780929116116
NS(=O)(=O)Cc1noc2ccccc12,CCCCO,298.15,-1.98303950121658,-2.0843184984413905
NS(=O)(=O)Cc1noc2ccccc12,CC(C)O,283.15,-1.8794425686558798,-2.113838854917985
NS(=O)(=O)Cc1noc2ccccc12,CCCO,293.15,-1.8502828777720002,-1.9754362256283466
NS(=O)(=O)Cc1noc2ccccc12,CCO,273.15,-1.70739377736222,-2.026976980601484
NS(=O)(=O)Cc1noc2ccccc12,CC(C)O,288.15,-1.79440650088238,-2.0013360818156842
NS(=O)(=O)Cc1noc2ccccc12,CCCCO,303.15,-1.8786831904840002,-1.990918468791207
NS(=O)(=O)Cc1noc2ccccc12,CCCO,298.15,-1.7736554985475301,-1.8803981337233893
NS(=O)(=O)Cc1noc2ccccc12,CCO,278.15,-1.62870282096002,-1.9099695590632229
NS(=O)(=O)Cc1noc2ccccc12,CC(C)O,293.15,-1.7187536241048602,-1.8967009681798568
NS(=O)(=O)Cc1noc2ccccc12,CCCCO,308.15,-1.79597573786344,-1.9013209253870806
NS(=O)(=O)Cc1noc2ccccc12,CCCO,303.15,-1.7026543711970499,-1.7903255186196578
NS(=O)(=O)Cc1noc2ccccc12,CCO,283.15,-1.5583507148251499,-1.8008465138876166
NS(=O)(=O)Cc1noc2ccccc12,CC(C)O,298.15,-1.64623350857548,-1.7994957527599589
NS(=O)(=O)Cc1noc2ccccc12,CCCO,308.15,-1.6366706479172701,-1.7049987661881252
NS(=O)(=O)Cc1noc2ccccc12,CCCCO,313.15,-1.7183003315582799,-1.8153849142126683
NS(=O)(=O)Cc1noc2ccccc12,CCO,288.15,-1.48932576488801,-1.6991255839860635
NS(=O)(=O)Cc1noc2ccccc12,CCCO,313.15,-1.58035932237809,-1.6242154750185342
NS(=O)(=O)Cc1noc2ccccc12,CC(C)O,303.15,-1.5721178410093604,-1.7093176074363154
NS(=O)(=O)Cc1noc2ccccc12,CCO,293.15,-1.42002225612158,-1.6043641623848588
NS(=O)(=O)Cc1noc2ccccc12,CC(C)O,308.15,-1.50739460111541,-1.6257957602511943
NS(=O)(=O)Cc1noc2ccccc12,CO,273.15,-1.1920048631246298,-1.631966217994868
NS(=O)(=O)Cc1noc2ccccc12,CCO,298.15,-1.3608603108573503,-1.5161558922744636
NS(=O)(=O)Cc1noc2ccccc12,CO,278.15,-1.1608078612198898,-1.5187944727562415
NS(=O)(=O)Cc1noc2ccccc12,CC(C)O,313.15,-1.4539462159533798,-1.548588937059237
NS(=O)(=O)Cc1noc2ccccc12,CCO,303.15,-1.30736556462892,-1.434127605789099
NS(=O)(=O)Cc1noc2ccccc12,CO,283.15,-1.12541363015278,-1.413579118971806
NS(=O)(=O)Cc1noc2ccccc12,CO,288.15,-1.0899569625296301,-1.315850167601134
NS(=O)(=O)Cc1noc2ccccc12,CCO,308.15,-1.2533820570392,-1.3579365711188103
NS(=O)(=O)Cc1noc2ccccc12,CO,293.15,-1.05692153788125,-1.2251752931830322
NS(=O)(=O)Cc1noc2ccccc12,CCO,313.15,-1.2017971080960301,-1.2872680178095415
NS(=O)(=O)Cc1noc2ccccc12,CO,298.15,-1.01738548457209,-1.1411563648328926
NS(=O)(=O)Cc1noc2ccccc12,CO,303.15,-0.9855037468657091,-1.063426378685273
NS(=O)(=O)Cc1noc2ccccc12,CO,308.15,-0.949576274672312,-0.991646758844738
NS(=O)(=O)Cc1noc2ccccc12,CCOC(C)=O,273.15,-1.28047234246917,-1.5612038801667136
NS(=O)(=O)Cc1noc2ccccc12,CO,313.15,-0.916109214108034,-0.9255049949995193
NS(=O)(=O)Cc1noc2ccccc12,CCOC(C)=O,278.15,-1.23311606311897,-1.4559943716456616
NS(=O)(=O)Cc1noc2ccccc12,CC#N,273.15,-0.955698359568297,-0.9117982659500034
NS(=O)(=O)Cc1noc2ccccc12,CCOC(C)=O,283.15,-1.18600057999788,-1.3574332608383424
NS(=O)(=O)Cc1noc2ccccc12,CC#N,278.15,-0.868081621360291,-0.7944157974845838
NS(=O)(=O)Cc1noc2ccccc12,CCOC(C)=O,288.15,-1.13711072788257,-1.2651576051033913
NS(=O)(=O)Cc1noc2ccccc12,O=C1CCCCC1,273.15,-1.1363395012992499,-1.1824763531672573
NS(=O)(=O)Cc1noc2ccccc12,CCOC(C)=O,293.15,-1.08773846796728,-1.1788338832155707
NS(=O)(=O)Cc1noc2ccccc12,CC#N,283.15,-0.796024346273755,-0.6854774951652494
NS(=O)(=O)Cc1noc2ccccc12,CCOC(C)=O,298.15,-1.0401690757884199,-1.09815547094925
NS(=O)(=O)Cc1noc2ccccc12,O=C1CCCCC1,278.15,-1.05252263815004,-1.1030577153743215
NS(=O)(=O)Cc1noc2ccccc12,CCOC(C)=O,303.15,-1.0005408933369802,-1.0228403812929812
NS(=O)(=O)Cc1noc2ccccc12,CC#N,288.15,-0.7191841900747199,-0.5844716626298663
NS(=O)(=O)Cc1noc2ccccc12,CCOC(C)=O,308.15,-0.960074695340595,-0.9526292431985031
NS(=O)(=O)Cc1noc2ccccc12,O=C1CCCCC1,283.15,-0.969642564981428,-1.0258440140273477
NS(=O)(=O)Cc1noc2ccccc12,CC#N,293.15,-0.6561112604107371,-0.4909273896984709
NS(=O)(=O)Cc1noc2ccccc12,CCOC(C)=O,313.15,-0.9231137674339971,-0.8872834973924637
NS(=O)(=O)Cc1noc2ccccc12,O=C1CCCCC1,288.15,-0.8961353000465551,-0.9507635211495716
NS(=O)(=O)Cc1noc2ccccc12,CC#N,298.15,-0.59330262327342,-0.4044109804228801
NS(=O)(=O)Cc1noc2ccccc12,CCC(C)=O,273.15,-0.8161560903336892,-1.3835375027757704
NS(=O)(=O)Cc1noc2ccccc12,CC#N,303.15,-0.545490961857439,-0.32452274394929087
NS(=O)(=O)Cc1noc2ccccc12,CCC(C)=O,278.15,-0.748984672347999,-1.2810908042890983
NS(=O)(=O)Cc1noc2ccccc12,O=C1CCCCC1,293.15,-0.815838784665492,-0.8777489443251052
NS(=O)(=O)Cc1noc2ccccc12,CC#N,308.15,-0.488728594288565,-0.25089411124492017
NS(=O)(=O)Cc1noc2ccccc12,CCC(C)=O,283.15,-0.685080152911666,-1.1851118422398457
NS(=O)(=O)Cc1noc2ccccc12,O=C1CCCCC1,298.15,-0.7429824184790319,-0.8067372065531233
NS(=O)(=O)Cc1noc2ccccc12,CC#N,313.15,-0.443112754606702,-0.18318504485896417
NS(=O)(=O)Cc1noc2ccccc12,CN(C)C=O,273.15,-0.5849052451780601,0.11280140510081138
NS(=O)(=O)Cc1noc2ccccc12,CCC(C)=O,288.15,-0.619502023240191,-1.0952473258850888
NS(=O)(=O)Cc1noc2ccccc12,O=C1CCCCC1,303.15,-0.672041288144644,-0.7376692360094472
NS(=O)(=O)Cc1noc2ccccc12,C1COCCO1,288.15,-0.535640650172142,-0.663306285997127
NS(=O)(=O)Cc1noc2ccccc12,CCC(C)=O,293.15,-0.5527839406488989,-1.0111725614452236
NS(=O)(=O)Cc1noc2ccccc12,O=C1CCCCC1,308.15,-0.588435345811871,-0.6704897642913269
NS(=O)(=O)Cc1noc2ccccc12,CN(C)C=O,278.15,-0.422587590207447,0.16600746089617033
NS(=O)(=O)Cc1noc2ccccc12,CCC(C)=O,298.15,-0.49011390814618105,-0.932588997889266
NS(=O)(=O)Cc1noc2ccccc12,C1COCCO1,293.15,-0.44824841212538796,-0.5938727133078006
NS(=O)(=O)Cc1noc2ccccc12,O=C1CCCCC1,313.15,-0.523239802365425,-0.6051471320290666
NS(=O)(=O)Cc1noc2ccccc12,CCC(C)=O,303.15,-0.43962199908668,-0.8592220274451986
NS(=O)(=O)Cc1noc2ccccc12,C1COCCO1,298.15,-0.36807277632941404,-0.5274194798352275
NS(=O)(=O)Cc1noc2ccccc12,CCC(C)=O,308.15,-0.39066625851366793,-0.7908190145696442
NS(=O)(=O)Cc1noc2ccccc12,CN(C)C=O,283.15,-0.292547592649797,0.2176715736940702
NS(=O)(=O)Cc1noc2ccccc12,CCC(C)=O,313.15,-0.34418706388898,-0.7271475338188274
NS(=O)(=O)Cc1noc2ccccc12,C1COCCO1,303.15,-0.29728978208326196,-0.46383204430558067
NS(=O)(=O)Cc1noc2ccccc12,CN(C)C=O,288.15,-0.192344226676133,0.2678348716205293
NS(=O)(=O)Cc1noc2ccccc12,C1COCCO1,308.15,-0.227443257533182,-0.4030048399298945
NS(=O)(=O)Cc1noc2ccccc12,C1COCCO1,313.15,-0.164741808663531,-0.34484060252656534
NS(=O)(=O)Cc1noc2ccccc12,CN(C)C=O,293.15,-0.10066350838390302,0.31653586086525665
NS(=O)(=O)Cc1noc2ccccc12,CN(C)C=O,298.15,-0.02106911389951,0.36381050137594995
NS(=O)(=O)Cc1noc2ccccc12,CN(C)C=O,303.15,0.055131086011002,0.4096922866045569
NS(=O)(=O)Cc1noc2ccccc12,CN(C)C=O,308.15,0.12642838813798699,0.4542123271300651
NS(=O)(=O)Cc1noc2ccccc12,CN(C)C=O,313.15,0.186099006797651,0.4973994376653008
CC(=O)Oc1ccccc1C(=O)Nc1ncc([N+](=O)[O-])s1,Cc1ccccc1,273.15,-3.1360873095544797,-1.7690939940066563
CC(=O)Oc1ccccc1C(=O)Nc1ncc([N+](=O)[O-])s1,Cc1ccccc1,278.15,-3.02352773928949,-1.610717767778386
CC(=O)Oc1ccccc1C(=O)Nc1ncc([N+](=O)[O-])s1,CO,273.15,-2.58403141324481,-0.6659253957136979
CC(=O)Oc1ccccc1C(=O)Nc1ncc([N+](=O)[O-])s1,CCO,273.15,-2.68847343434883,-0.7974438495554174
CC(=O)Oc1ccccc1C(=O)Nc1ncc([N+](=O)[O-])s1,Cc1ccccc1,283.15,-2.9315363253028797,-1.459578189334816
CC(=O)Oc1ccccc1C(=O)Nc1ncc([N+](=O)[O-])s1,CO,278.15,-2.4991657884354503,-0.5253769907193212
CC(=O)Oc1ccccc1C(=O)Nc1ncc([N+](=O)[O-])s1,CCCO,273.15,-2.72518537949893,-1.0086914008284167
CC(=O)Oc1ccccc1C(=O)Nc1ncc([N+](=O)[O-])s1,Cc1ccccc1,288.15,-2.8593796455415,-1.3153017432431129
CC(=O)Oc1ccccc1C(=O)Nc1ncc([N+](=O)[O-])s1,CCO,278.15,-2.59159735632519,-0.6513591643182663
CC(=O)Oc1ccccc1C(=O)Nc1ncc([N+](=O)[O-])s1,CO,283.15,-2.42549986522211,-0.39534684073892656
CC(=O)Oc1ccccc1C(=O)Nc1ncc([N+](=O)[O-])s1,CC(C)O,273.15,-2.66377455061236,-1.0104837039436596
CC(=O)Oc1ccccc1C(=O)Nc1ncc([N+](=O)[O-])s1,Cc1ccccc1,293.15,-2.7955964862352203,-1.1775426909914113
CC(=O)Oc1ccccc1C(=O)Nc1ncc([N+](=O)[O-])s1,CCCO,278.15,-2.62883579708903,-0.8647627728137657
CC(=O)Oc1ccccc1C(=O)Nc1ncc([N+](=O)[O-])s1,CCCCO,273.15,-2.70758625841671,-1.1792106567338974
CC(=O)Oc1ccccc1C(=O)Nc1ncc([N+](=O)[O-])s1,CO,288.15,-2.3562751405770896,-0.2751896710167292
CC(=O)Oc1ccccc1C(=O)Nc1ncc([N+](=O)[O-])s1,CCO,283.15,-2.50832809671474,-0.516442354257059
CC(=O)Oc1ccccc1C(=O)Nc1ncc([N+](=O)[O-])s1,Cc1ccccc1,298.15,-2.73268607796844,-1.0459807533285577
CC(=O)Oc1ccccc1C(=O)Nc1ncc([N+](=O)[O-])s1,CO,293.15,-2.3012864923495897,-0.16431186266579378
CC(=O)Oc1ccccc1C(=O)Nc1ncc([N+](=O)[O-])s1,CC(C)O,278.15,-2.57028805589715,-0.8488636581370447
CC(=O)Oc1ccccc1C(=O)Nc1ncc([N+](=O)[O-])s1,CCO,288.15,-2.43923187314595,-0.3919745501241628
CC(=O)Oc1ccccc1C(=O)Nc1ncc([N+](=O)[O-])s1,CCCO,283.15,-2.5448191127155804,-0.7300000796024494
CC(=O)Oc1ccccc1C(=O)Nc1ncc([N+](=O)[O-])s1,CCCCO,278.15,-2.6246576440230696,-1.0420609191343666
CC(=O)Oc1ccccc1C(=O)Nc1ncc([N+](=O)[O-])s1,Cc1ccccc1,303.15,-2.6785334118897204,-0.9203190164059251
CC(=O)Oc1ccccc1C(=O)Nc1ncc([N+](=O)[O-])s1,CO,298.15,-2.2449526946062797,-0.062166755357484414
CC(=O)Oc1ccccc1C(=O)Nc1ncc([N+](=O)[O-])s1,CC(C)O,283.15,-2.49242285995841,-0.7003765363865524
CC(=O)Oc1ccccc1C(=O)Nc1ncc([N+](=O)[O-])s1,CCO,293.15,-2.37492387207005,-0.27729543290020975
CC(=O)Oc1ccccc1C(=O)Nc1ncc([N+](=O)[O-])s1,CCCO,288.15,-2.47331169634113,-0.6038767503362337
CC(=O)Oc1ccccc1C(=O)Nc1ncc([N+](=O)[O-])s1,CCCCO,283.15,-2.54713370105441,-0.9119726949556047
CC(=O)Oc1ccccc1C(=O)Nc1ncc([N+](=O)[O-])s1,Cc1ccccc1,308.15,-2.62145844633058,-0.8002820383733749
CC(=O)Oc1ccccc1C(=O)Nc1ncc([N+](=O)[O-])s1,CO,303.15,-2.19496779076844,0.03174951858076927
CC(=O)Oc1ccccc1C(=O)Nc1ncc([N+](=O)[O-])s1,CCO,298.15,-2.31336992467887,-0.171798145042456
CC(=O)Oc1ccccc1C(=O)Nc1ncc([N+](=O)[O-])s1,CC(C)O,288.15,-2.4225765251232403,-0.5641856126416773
CC(=O)Oc1ccccc1C(=O)Nc1ncc([N+](=O)[O-])s1,CCCO,293.15,-2.4110575148701097,-0.48590808419408454
CC(=O)Oc1ccccc1C(=O)Nc1ncc([N+](=O)[O-])s1,Cc1ccccc1,313.15,-2.5715655819372003,-0.6856141363886807
CC(=O)Oc1ccccc1C(=O)Nc1ncc([N+](=O)[O-])s1,CO,308.15,-2.14027521894542,0.11790171641762356
CC(=O)Oc1ccccc1C(=O)Nc1ncc([N+](=O)[O-])s1,CCCCO,288.15,-2.4776543704367797,-0.7885752922831218
CC(=O)Oc1ccccc1C(=O)Nc1ncc([N+](=O)[O-])s1,CCO,303.15,-2.25075258934859,-0.07492472146849931
CC(=O)Oc1ccccc1C(=O)Nc1ncc([N+](=O)[O-])s1,CC(C)O,293.15,-2.3605559338410096,-0.4395215064748331
CC(=O)Oc1ccccc1C(=O)Nc1ncc([N+](=O)[O-])s1,CO,313.15,-2.0932772882402597,0.19671872828488846
CC(=O)Oc1ccccc1C(=O)Nc1ncc([N+](=O)[O-])s1,CCCO,298.15,-2.34843335118691,-0.37564763646613974
CC(=O)Oc1ccccc1C(=O)Nc1ncc([N+](=O)[O-])s1,CCCCO,293.15,-2.41215291506843,-0.6715268278732096
CC(=O)Oc1ccccc1C(=O)Nc1ncc([N+](=O)[O-])s1,CC(C)O,298.15,-2.3011632161127498,-0.32567626137714933
CC(=O)Oc1ccccc1C(=O)Nc1ncc([N+](=O)[O-])s1,CCO,308.15,-2.1874394135438897,0.013838014595063675
CC(=O)Oc1ccccc1C(=O)Nc1ncc([N+](=O)[O-])s1,CCCO,303.15,-2.2864202748849998,-0.27268397745042394
CC(=O)Oc1ccccc1C(=O)Nc1ncc([N+](=O)[O-])s1,CCCCO,298.15,-2.3503384909673,-0.560511806691201
CC(=O)Oc1ccccc1C(=O)Nc1ncc([N+](=O)[O-])s1,CC(C)O,303.15,-2.24847045577937,-0.22199805672137418
CC(=O)Oc1ccccc1C(=O)Nc1ncc([N+](=O)[O-])s1,CCO,313.15,-2.122071362607,0.09496213878735238
CC(=O)Oc1ccccc1C(=O)Nc1ncc([N+](=O)[O-])s1,CCCO,308.15,-2.2239257214867902,-0.17663778613344974
CC(=O)Oc1ccccc1C(=O)Nc1ncc([N+](=O)[O-])s1,CCCCO,303.15,-2.2923476758745696,-0.45523893809379085
CC(=O)Oc1ccccc1C(=O)Nc1ncc([N+](=O)[O-])s1,CC(C)O,308.15,-2.18989890050078,-0.12788648592404675
CC(=O)Oc1ccccc1C(=O)Nc1ncc([N+](=O)[O-])s1,CCCO,313.15,-2.1616537721631204,-0.08715924599501207
CC(=O)Oc1ccccc1C(=O)Nc1ncc([N+](=O)[O-])s1,CCCCO,308.15,-2.23432914365163,-0.35543916568824496
CC(=O)Oc1ccccc1C(=O)Nc1ncc([N+](=O)[O-])s1,CC(C)O,313.15,-2.12952618006326,-0.04278834180972335
CC(=O)Oc1ccccc1C(=O)Nc1ncc([N+](=O)[O-])s1,CCCCO,313.15,-2.17942942797429,-0.26086389036842716
CC(=O)Oc1ccccc1C(=O)Nc1ncc([N+](=O)[O-])s1,CC#N,273.15,-1.79340121100776,-0.4746531239106717
CC(=O)Oc1ccccc1C(=O)Nc1ncc([N+](=O)[O-])s1,CC#N,278.15,-1.74462417188457,-0.33224180510406104
CC(=O)Oc1ccccc1C(=O)Nc1ncc([N+](=O)[O-])s1,CC#N,283.15,-1.70013443930947,-0.1993780322288246
CC(=O)Oc1ccccc1C(=O)Nc1ncc([N+](=O)[O-])s1,CC#N,288.15,-1.6554750218764698,-0.07549716362908296
CC(=O)Oc1ccccc1C(=O)Nc1ncc([N+](=O)[O-])s1,CC#N,293.15,-1.61338393161385,0.0399206593485657
CC(=O)Oc1ccccc1C(=O)Nc1ncc([N+](=O)[O-])s1,CC#N,298.15,-1.5665785058197501,0.1473543996287353
CC(=O)Oc1ccccc1C(=O)Nc1ncc([N+](=O)[O-])s1,CC#N,303.15,-1.52725149372681,0.24724561532049708
CC(=O)Oc1ccccc1C(=O)Nc1ncc([N+](=O)[O-])s1,CC#N,308.15,-1.4767572221900702,0.34000159480053915
CC(=O)Oc1ccccc1C(=O)Nc1ncc([N+](=O)[O-])s1,CCOC(C)=O,273.15,-1.71051577591516,-0.2216785329429164
CC(=O)Oc1ccccc1C(=O)Nc1ncc([N+](=O)[O-])s1,CC#N,313.15,-1.42707454694853,0.4259981718834674
CC(=O)Oc1ccccc1C(=O)Nc1ncc([N+](=O)[O-])s1,CCOC(C)=O,278.15,-1.66733934769245,-0.09440328519897562
CC(=O)Oc1ccccc1C(=O)Nc1ncc([N+](=O)[O-])s1,CCOC(C)=O,283.15,-1.6239820209069198,0.023566432949101324
CC(=O)Oc1ccccc1C(=O)Nc1ncc([N+](=O)[O-])s1,CCOC(C)=O,288.15,-1.5847234564785302,0.1327802305115152
CC(=O)Oc1ccccc1C(=O)Nc1ncc([N+](=O)[O-])s1,CCOC(C)=O,293.15,-1.5482495250344699,0.2337432913486284
CC(=O)Oc1ccccc1C(=O)Nc1ncc([N+](=O)[O-])s1,CCOC(C)=O,298.15,-1.5108184049509599,0.3269202253307298
CC(=O)Oc1ccccc1C(=O)Nc1ncc([N+](=O)[O-])s1,CCOC(C)=O,303.15,-1.4764034775458899,0.4127385147702075
CC(=O)Oc1ccccc1C(=O)Nc1ncc([N+](=O)[O-])s1,CCC(C)=O,273.15,-1.4158922654775101,-0.10855927886125427
CC(=O)Oc1ccccc1C(=O)Nc1ncc([N+](=O)[O-])s1,CCOC(C)=O,308.15,-1.4385023130136498,0.4915915983420306
CC(=O)Oc1ccccc1C(=O)Nc1ncc([N+](=O)[O-])s1,CCOC(C)=O,313.15,-1.39930004590158,0.5638416279269121
CC(=O)Oc1ccccc1C(=O)Nc1ncc([N+](=O)[O-])s1,CCC(C)=O,278.15,-1.2455389113263,0.016276746558493205
CC(=O)Oc1ccccc1C(=O)Nc1ncc([N+](=O)[O-])s1,CCC(C)=O,283.15,-1.1235866338315,0.13216213528438936
CC(=O)Oc1ccccc1C(=O)Nc1ncc([N+](=O)[O-])s1,CCC(C)=O,288.15,-1.0111915918569598,0.23962166571027824
CC(=O)Oc1ccccc1C(=O)Nc1ncc([N+](=O)[O-])s1,C1COCCO1,288.15,-0.913845482144646,0.9047876085009746
CC(=O)Oc1ccccc1C(=O)Nc1ncc([N+](=O)[O-])s1,CCC(C)=O,293.15,-0.9173474191584391,0.3391377861756235
CC(=O)Oc1ccccc1C(=O)Nc1ncc([N+](=O)[O-])s1,C1COCCO1,293.15,-0.807533948700684,0.984631932040268
CC(=O)Oc1ccccc1C(=O)Nc1ncc([N+](=O)[O-])s1,CCC(C)=O,298.15,-0.828921479704706,0.4311542800747053
CC(=O)Oc1ccccc1C(=O)Nc1ncc([N+](=O)[O-])s1,CCC(C)=O,303.15,-0.752477649085135,0.5160795485143713
CC(=O)Oc1ccccc1C(=O)Nc1ncc([N+](=O)[O-])s1,C1COCCO1,298.15,-0.7033757803338512,1.0602547740948298
CC(=O)Oc1ccccc1C(=O)Nc1ncc([N+](=O)[O-])s1,CCC(C)=O,308.15,-0.670278639783347,0.5942895514730069
CC(=O)Oc1ccccc1C(=O)Nc1ncc([N+](=O)[O-])s1,C1COCCO1,303.15,-0.610966158433695,1.1318482249070638
CC(=O)Oc1ccccc1C(=O)Nc1ncc([N+](=O)[O-])s1,CCC(C)=O,313.15,-0.5941773146050071,0.66613043974238
CC(=O)Oc1ccccc1C(=O)Nc1ncc([N+](=O)[O-])s1,C1COCCO1,308.15,-0.5224619613823379,1.199589410019042
CC(=O)Oc1ccccc1C(=O)Nc1ncc([N+](=O)[O-])s1,C1COCCO1,313.15,-0.43395852028984494,1.2636416582620238
CC(=O)Oc1ccccc1C(=O)Nc1ncc([N+](=O)[O-])s1,CN(C)C=O,273.15,-0.044374545777687,1.3413025292541891
CC(=O)Oc1ccccc1C(=O)Nc1ncc([N+](=O)[O-])s1,CN(C)C=O,278.15,-0.022215546111456003,1.4103378971625247
CC(=O)Oc1ccccc1C(=O)Nc1ncc([N+](=O)[O-])s1,CN(C)C=O,283.15,0.002365863053495,1.4769526756910052
CC(=O)Oc1ccccc1C(=O)Nc1ncc([N+](=O)[O-])s1,CN(C)C=O,288.15,0.025715108450764,1.5412368362718187
CC(=O)Oc1ccccc1C(=O)Nc1ncc([N+](=O)[O-])s1,CN(C)C=O,293.15,0.050980799162072,1.603274077173221
CC(=O)Oc1ccccc1C(=O)Nc1ncc([N+](=O)[O-])s1,CN(C)C=O,298.15,0.07703871540374001,1.663142210508564
CC(=O)Oc1ccccc1C(=O)Nc1ncc([N+](=O)[O-])s1,CN1CCCC1=O,273.15,0.009507243784764,1.5668123719855678
CC(=O)Oc1ccccc1C(=O)Nc1ncc([N+](=O)[O-])s1,CN1CCCC1=O,278.15,0.01827393125295,1.6271124250232576
CC(=O)Oc1ccccc1C(=O)Nc1ncc([N+](=O)[O-])s1,CN(C)C=O,303.15,0.104548126842128,1.7209135214136413
CC(=O)Oc1ccccc1C(=O)Nc1ncc([N+](=O)[O-])s1,CN1CCCC1=O,283.15,0.029956581826657,1.6861246145186248
CC(=O)Oc1ccccc1C(=O)Nc1ncc([N+](=O)[O-])s1,CN1CCCC1=O,288.15,0.042167507624666,1.743871373947414
CC(=O)Oc1ccccc1C(=O)Nc1ncc([N+](=O)[O-])s1,CN(C)C=O,308.15,0.13815977004478197,1.7766551028711415
CC(=O)Oc1ccccc1C(=O)Nc1ncc([N+](=O)[O-])s1,CN1CCCC1=O,293.15,0.053933866785272996,1.8003747712312625
CC(=O)Oc1ccccc1C(=O)Nc1ncc([N+](=O)[O-])s1,CN1CCCC1=O,298.15,0.06833556801613,1.855656391132195
CC(=O)Oc1ccccc1C(=O)Nc1ncc([N+](=O)[O-])s1,CN(C)C=O,313.15,0.17096803129114904,1.8304291688683223
CC(=O)Oc1ccccc1C(=O)Nc1ncc([N+](=O)[O-])s1,CN1CCCC1=O,303.15,0.083348484895308,1.90973723573332
CC(=O)Oc1ccccc1C(=O)Nc1ncc([N+](=O)[O-])s1,CN1CCCC1=O,308.15,0.09821014011302401,1.9626376404195078
CC(=O)Oc1ccccc1C(=O)Nc1ncc([N+](=O)[O-])s1,CN1CCCC1=O,313.15,0.11386622760121601,2.0143772043692425
NC(=O)c1cnccn1,CCCCO,278.15,-2.15555012513815,-1.2423939131332449
NC(=O)c1cnccn1,CCC(C)O,278.15,-2.12072445680187,-1.2383365469486949
NC(=O)c1cnccn1,O,278.15,-1.39923659673304,-0.6728840063373719
NC(=O)c1cnccn1,CCCO,278.15,-1.99740382304684,-1.1647159200908335
NC(=O)c1cnccn1,CC(C)O,278.15,-2.00617394507468,-1.2369521031591404
NC(=O)c1cnccn1,CC(C)O,283.15,-1.9142779892799198,-1.159937048754887
NC(=O)c1cnccn1,CCC(C)O,283.15,-1.9950539790372699,-1.162917738575085
NC(=O)c1cnccn1,CCO,278.15,-1.77263767279784,-1.018190919053342
NC(=O)c1cnccn1,CCCCO,283.15,-1.9658371849337102,-1.1667145609256742
NC(=O)c1cnccn1,O,283.15,-1.2106190352258202,-0.6340651001207411
NC(=O)c1cnccn1,CCCO,283.15,-1.78717763613855,-1.0894576250239114
NC(=O)c1cnccn1,CCC(C)O,288.15,-1.87635093481423,-1.09067775352096
NC(=O)c1cnccn1,CC#N,278.15,-1.61955152822298,-0.983826243906214
NC(=O)c1cnccn1,CC(C)O,288.15,-1.74177771422938,-1.0870568639086502
NC(=O)c1cnccn1,CCO,283.15,-1.62232698197174,-0.9437003445515934
NC(=O)c1cnccn1,CCCCO,288.15,-1.8051913794569499,-1.0937695959066438
NC(=O)c1cnccn1,CCCO,288.15,-1.7031970127513798,-1.0174825298460028
NC(=O)c1cnccn1,O,288.15,-1.07110872962662,-0.5947196355759637
NC(=O)c1cnccn1,CCC(C)O,293.15,-1.76016158997276,-1.0214915456864224
NC(=O)c1cnccn1,CCCCO,293.15,-1.7421081261862998,-1.0234575881633305
NC(=O)c1cnccn1,CCCOC(C)=O,278.15,-1.81856436395076,-1.5712848663408203
NC(=O)c1cnccn1,CC(C)O,293.15,-1.6263894765688403,-1.0181239416098573
NC(=O)c1cnccn1,O,293.15,-0.9992847051637981,-0.5549374664943689
NC(=O)c1cnccn1,CC#N,283.15,-1.45643467620054,-0.8931449101254756
NC(=O)c1cnccn1,CCO,288.15,-1.49900629931324,-0.8737070934083749
NC(=O)c1cnccn1,COC(C)=O,278.15,-1.6243604291976201,-1.205082700031467
NC(=O)c1cnccn1,CCOC(C)=O,278.15,-1.7074048659968302,-1.3428273292457722
NC(=O)c1cnccn1,CO,278.15,-1.30526356416322,-0.7262553962231875
NC(=O)c1cnccn1,CC#N,288.15,-1.4085539675143,-0.8075166226711729
NC(=O)c1cnccn1,CCCO,293.15,-1.56524580144519,-0.9486561298577459
NC(=O)c1cnccn1,CCC(C)O,298.15,-1.64161601200921,-0.9552441344558248
NC(=O)c1cnccn1,CCCCO,298.15,-1.6309313414260802,-0.9556849552274218
NC(=O)c1cnccn1,CCO,293.15,-1.39984453395716,-0.8079544074410643
NC(=O)c1cnccn1,O,298.15,-0.8852985943681709,-0.5148031578707611
NC(=O)c1cnccn1,CCCOC(C)=O,283.15,-1.68163242891319,-1.4913691028648635
NC(=O)c1cnccn1,CC(C)O,298.15,-1.50935608297627,-0.9529661438004959
NC(=O)c1cnccn1,COC(C)=O,283.15,-1.49464002893775,-1.1227505259061865
NC(=O)c1cnccn1,CCOC(C)=O,283.15,-1.5855597333479199,-1.2646500898164212
NC(=O)c1cnccn1,CC(C)=O,278.15,-1.45310361411421,-1.0123038590370135
NC(=O)c1cnccn1,CC#N,293.15,-1.31103113343187,-0.7266684795318392
NC(=O)c1cnccn1,CCCO,298.15,-1.4575102625936398,-0.8828547319518931
NC(=O)c1cnccn1,CCCOC(C)=O,288.15,-1.6392163003194198,-1.4142596521386814
NC(=O)c1cnccn1,CO,283.15,-1.1633025740723402,-0.6618433698950217
NC(=O)c1cnccn1,CCOC(C)=O,288.15,-1.5445101141664197,-1.1898837797210724
NC(=O)c1cnccn1,CCC(C)O,303.15,-1.52340564573677,-0.8918297877797763
NC(=O)c1cnccn1,O,303.15,-0.808418787938759,-0.4743960446578638
NC(=O)c1cnccn1,CCO,298.15,-1.3181312803981298,-0.7462070656581887
NC(=O)c1cnccn1,CCCCO,303.15,-1.50874064275123,-0.8903653489401988
NC(=O)c1cnccn1,CC(C)O,303.15,-1.4225389080753401,-0.8914255361641147
NC(=O)c1cnccn1,CCCO,303.15,-1.40042046218133,-0.8199645689875779
NC(=O)c1cnccn1,CC#N,298.15,-1.23577417042911,-0.6503488899535204
NC(=O)c1cnccn1,CCCOC(C)=O,293.15,-1.56882750069512,-1.3398598695369028
NC(=O)c1cnccn1,CC(C)=O,283.15,-1.35916277067988,-0.9350923928340484
NC(=O)c1cnccn1,CCOC(C)=O,293.15,-1.48641155527437,-1.1183898629086486
NC(=O)c1cnccn1,CO,288.15,-1.08098237110945,-0.6010631472442015
NC(=O)c1cnccn1,COC(C)=O,288.15,-1.35843936393837,-1.045217094566274
NC(=O)c1cnccn1,CCC(C)O,308.15,-1.42146808159242,-0.8311512883059793
NC(=O)c1cnccn1,CCO,303.15,-1.21962728632596,-0.6882495660926028
NC(=O)c1cnccn1,CCCOC(C)=O,298.15,-1.50273069265858,-1.2680806313051904
NC(=O)c1cnccn1,CC(C)O,308.15,-1.3298272957058002,-0.833357271278837
NC(=O)c1cnccn1,CCCCO,308.15,-1.4030334201116899,-0.8274190935933259
NC(=O)c1cnccn1,O,308.15,-0.690156185775558,-0.43379044361127606
NC(=O)c1cnccn1,CC(C)=O,288.15,-1.28797019000355,-0.8625716354368884
NC(=O)c1cnccn1,CCOC(C)=O,298.15,-1.4066317379341102,-1.0500409521653378
NC(=O)c1cnccn1,CC#N,303.15,-1.1410373551672899,-0.578325740334613
NC(=O)c1cnccn1,COC(C)=O,293.15,-1.301700507164,-0.9722411540753204
NC(=O)c1cnccn1,CO,293.15,-1.00221695522949,-0.543744964688404
NC(=O)c1cnccn1,CCCO,308.15,-1.2718654187095,-0.7598810038546878
NC(=O)c1cnccn1,CCC(C)O,313.15,-1.34208680511346,-0.7731192780486531
NC(=O)c1cnccn1,CCO,308.15,-1.13473520000929,-0.633884484423298
NC(=O)c1cnccn1,CCCOC(C)=O,303.15,-1.4259179542038198,-1.1988397479249384
NC(=O)c1cnccn1,CC#N,308.15,-1.08138959801411,-0.5103847419213993
NC(=O)c1cnccn1,CC(C)=O,293.15,-1.21409280682425,-0.7945112169435538
NC(=O)c1cnccn1,CCOC(C)=O,303.15,-1.3441285072846698,-0.9847198991046142
NC(=O)c1cnccn1,CC(C)O,313.15,-1.23014702061313,-0.7786286084218759
NC(=O)c1cnccn1,O,313.15,-0.594163534400347,-0.39305593651985027
NC(=O)c1cnccn1,COC(C)=O,298.15,-1.23350816329869,-0.9036009985324424
NC(=O)c1cnccn1,CO,298.15,-0.9389955536607679,-0.48973261994285633
NC(=O)c1cnccn1,CCCCO,313.15,-1.27513987267869,-0.7667726730299358
NC(=O)c1cnccn1,CC#N,313.15,-1.0205100548972,-0.44632794369576223
NC(=O)c1cnccn1,CCCOC(C)=O,308.15,-1.3535173010538601,-1.1320614309579113
NC(=O)c1cnccn1,CCCO,313.15,-1.1637315976477,-0.7025078180557229
NC(=O)c1cnccn1,CC(C)=O,298.15,-1.14081968405391,-0.7306995315128935
NC(=O)c1cnccn1,CCO,313.15,-1.0407340479579499,-0.5829309936289175
NC(=O)c1cnccn1,C1COCCO1,288.15,-1.1923241767928603,-0.9285731792380931
NC(=O)c1cnccn1,CO,303.15,-0.8614926781585279,-0.43888219002770934
NC(=O)c1cnccn1,CCC(C)O,318.15,-1.21875623022016,-0.7176516773393046
NC(=O)c1cnccn1,O,318.15,-0.50136966262383,-0.35225768078199526
NC(=O)c1cnccn1,CCOC(C)=O,308.15,-1.2323198873419199,-0.9223189800357938
NC(=O)c1cnccn1,CCCOC(C)=O,313.15,-1.30137770196547,-1.0676758115321814
NC(=O)c1cnccn1,CC#N,318.15,-0.959203244449204,-0.38597239536367894
NC(=O)c1cnccn1,COC(C)=O,303.15,-1.13004750154147,-0.8390928251248857
NC(=O)c1cnccn1,CC(C)O,318.15,-1.1166682583953502,-0.7271180597712732
NC(=O)c1cnccn1,CC(C)=O,303.15,-1.0725606737831401,-0.6709422693815859
NC(=O)c1cnccn1,CO,308.15,-0.814405757597345,-0.39106093178762474
NC(=O)c1cnccn1,CCCO,318.15,-1.07617545595989,-0.6477565794873315
NC(=O)c1cnccn1,COC(C)=O,308.15,-1.09594018268092,-0.7785292762696256
NC(=O)c1cnccn1,CCOC(C)=O,313.15,-1.1842842923334298,-0.8627391721006469
NC(=O)c1cnccn1,CCCCO,318.15,-1.14042529929439,-0.7083582649346739
NC(=O)c1cnccn1,CCO,318.15,-0.944998323846688,-0.5352235315354004
NC(=O)c1cnccn1,CCCOC(C)=O,318.15,-1.23446982754322,-1.005618508622409
NC(=O)c1cnccn1,C1COCCO1,293.15,-1.08514190413875,-0.8674080095812097
NC(=O)c1cnccn1,CO,313.15,-0.768664053294566,-0.34614635393780857
NC(=O)c1cnccn1,CC(C)=O,308.15,-1.00051779870208,-0.6150611168979497
NC(=O)c1cnccn1,COC(C)=O,313.15,-1.03767222586924,-0.7217381506858513
NC(=O)c1cnccn1,CCOC(C)=O,318.15,-1.1246030460173502,-0.8058895138723733
NC(=O)c1cnccn1,CC(C)=O,313.15,-0.9379746614862808,-0.5628926076901333
NC(=O)c1cnccn1,CO,318.15,-0.6788566194492529,-0.30402544801285236
NC(=O)c1cnccn1,C1COCCO1,298.15,-0.9768008015904529,-0.8078314556823087
NC(=O)c1cnccn1,COC(C)=O,318.15,-0.9386059051609659,-0.66856126933284
NC(=O)c1cnccn1,CC(C)=O,318.15,-0.8797654526371791,-0.5142871107703586
NC(=O)c1cnccn1,C1COCCO1,303.15,-0.896219164113521,-0.7498141084413484
NC(=O)c1cnccn1,C1COCCO1,308.15,-0.8040005519874659,-0.6933288034303471
NC(=O)c1cnccn1,C1COCCO1,313.15,-0.7458581992430809,-0.6383505000939929
NC(=O)c1cnccn1,C1COCCO1,318.15,-0.66284146819303,-0.5848561624327961
CC1=NN(c2ccccc2)C(=O)C1,O,283.15,-2.07088237772806,-1.8507831806871358
CC1=NN(c2ccccc2)C(=O)C1,O,293.15,-2.0440470129790698,-1.7783194013147998
CC1=NN(c2ccccc2)C(=O)C1,O,303.15,-2.01679144736326,-1.6965267683270795
CC1=NN(c2ccccc2)C(=O)C1,O,313.15,-1.9823798360858997,-1.6071779054374506
CC1=NN(c2ccccc2)C(=O)C1,O,323.15,-1.9384466918186298,-1.5118009621394053
CC1=NN(c2ccccc2)C(=O)C1,CC#N,283.15,-0.8136569311947909,0.7282422768732189
CC1=NN(c2ccccc2)C(=O)C1,CC#N,293.15,-0.613027774596424,0.8257816004991124
CC1=NN(c2ccccc2)C(=O)C1,CCOC(C)=O,283.15,-0.861781440366372,0.5944046579013986
CC1=NN(c2ccccc2)C(=O)C1,CC(C)O,283.15,-0.742550681993707,-0.239402099963233
CC1=NN(c2ccccc2)C(=O)C1,CCCO,283.15,-0.6900497925244211,-0.12848713444765733
CC1=NN(c2ccccc2)C(=O)C1,CC(C)CO,283.15,-0.7709415863937341,-0.2003678951574932
CC1=NN(c2ccccc2)C(=O)C1,CCC(C)O,283.15,-0.7588167927639009,-0.250153713745615
CC1=NN(c2ccccc2)C(=O)C1,CCOC(C)=O,293.15,-0.780809125968049,0.6831434587162173
CC1=NN(c2ccccc2)C(=O)C1,CC(C)=O,283.15,-0.6283682690809329,0.8016450788411625
CC1=NN(c2ccccc2)C(=O)C1,CCO,283.15,-0.507858768393162,0.0012814017746408946
CC1=NN(c2ccccc2)C(=O)C1,CC(C)O,293.15,-0.6052400667314229,-0.08967592938342411
CC1=NN(c2ccccc2)C(=O)C1,CC#N,303.15,-0.4379190597828,0.9107749026545796
CC1=NN(c2ccccc2)C(=O)C1,CCCCO,283.15,-0.6611198024041469,-0.13404957175514745
CC1=NN(c2ccccc2)C(=O)C1,CO,283.15,-0.30450254047264,0.1371170420138196
CC1=NN(c2ccccc2)C(=O)C1,CCOC(C)=O,303.15,-0.691096482970445,0.7605077963678022
CC1=NN(c2ccccc2)C(=O)C1,CC(C)CO,293.15,-0.6183979989824351,-0.06349767956745926
CC1=NN(c2ccccc2)C(=O)C1,CCC(C)O,293.15,-0.616115475726705,-0.09976850523390124
CC1=NN(c2ccccc2)C(=O)C1,CCO,293.15,-0.374926380791614,0.13549198988204503
CC1=NN(c2ccccc2)C(=O)C1,CCCCCO,283.15,-0.629741594506509,-0.15010885506470967
CC1=NN(c2ccccc2)C(=O)C1,CCCO,293.15,-0.46389837244921,0.007831687473634823
CC1=NN(c2ccccc2)C(=O)C1,CC(C)=O,293.15,-0.44938523842772105,0.8995702896235711
CC1=NN(c2ccccc2)C(=O)C1,CC(C)O,303.15,-0.44886350451923995,0.03881884087021653
CC1=NN(c2ccccc2)C(=O)C1,C1COCCO1,288.15,-0.48424258162502504,0.9050901746146119
CC1=NN(c2ccccc2)C(=O)C1,CCCCO,293.15,-0.514321661155695,0.004628288628350803
CC1=NN(c2ccccc2)C(=O)C1,CO,293.15,-0.151224465844051,0.254183938742244
CC1=NN(c2ccccc2)C(=O)C1,CC#N,313.15,-0.264853746983434,0.9843414174228002
CC1=NN(c2ccccc2)C(=O)C1,CCCCCO,293.15,-0.566078960671791,-0.005746791157990275
CC1=NN(c2ccccc2)C(=O)C1,CC(C)CO,303.15,-0.49695278257116,0.0597007166316949
CC1=NN(c2ccccc2)C(=O)C1,CCC(C)O,303.15,-0.48295502356704495,0.033281340264008905
CC1=NN(c2ccccc2)C(=O)C1,CCOC(C)=O,313.15,-0.4624614816711599,0.827388258954933
CC1=NN(c2ccccc2)C(=O)C1,CCO,303.15,-0.22593145793507996,0.24972118629367865
CC1=NN(c2ccccc2)C(=O)C1,C1COCCO1,293.15,-0.38223535470165904,0.9431183712178555
CC1=NN(c2ccccc2)C(=O)C1,CCCO,303.15,-0.325618618375225,0.12897863244589255
CC1=NN(c2ccccc2)C(=O)C1,CC(C)O,313.15,-0.326544926891779,0.14830061364680888
CC1=NN(c2ccccc2)C(=O)C1,CC(C)=O,303.15,-0.28608877668429805,0.9786380265667575
CC1=NN(c2ccccc2)C(=O)C1,CCCCO,303.15,-0.378384475997361,0.129942998789155
CC1=NN(c2ccccc2)C(=O)C1,CCCCCO,303.15,-0.44060145254126104,0.1254444733630271
CC1=NN(c2ccccc2)C(=O)C1,CC(C)CO,313.15,-0.35633397047449106,0.17041153175266122
CC1=NN(c2ccccc2)C(=O)C1,CO,303.15,0.010154776093868,0.3551946954102906
CC1=NN(c2ccccc2)C(=O)C1,CCC(C)O,313.15,-0.34784105371044105,0.1506776847896922
CC1=NN(c2ccccc2)C(=O)C1,CC#N,323.15,-0.076762887427387,1.0474241288304322
CC1=NN(c2ccccc2)C(=O)C1,ClCCl,283.15,-0.126205374058905,1.3664208638489894
CC1=NN(c2ccccc2)C(=O)C1,CCO,313.15,-0.09546720844767802,0.34628849352461716
CC1=NN(c2ccccc2)C(=O)C1,C1COCCO1,303.15,-0.229357033342035,1.0144630151519278
CC1=NN(c2ccccc2)C(=O)C1,CCCO,313.15,-0.166709839999635,0.23633613511587667
CC1=NN(c2ccccc2)C(=O)C1,ClCCl,288.15,-0.079020801235135,1.398887362808733
CC1=NN(c2ccccc2)C(=O)C1,CCCCCO,313.15,-0.32076501249727196,0.24464790869760902
CC1=NN(c2ccccc2)C(=O)C1,CCCCO,313.15,-0.245365109614125,0.24307303095681454
CC1=NN(c2ccccc2)C(=O)C1,CC(C)O,323.15,-0.164178442612544,0.24065111388672678
CC1=NN(c2ccccc2)C(=O)C1,CCOC(C)=O,323.15,-0.24701965319552102,0.8845268102742472
CC1=NN(c2ccccc2)C(=O)C1,CO,313.15,0.157564676281534,0.4417348637045999
CC1=NN(c2ccccc2)C(=O)C1,CC(C)=O,313.15,-0.10253231107967999,1.0407941149573188
CC1=NN(c2ccccc2)C(=O)C1,CC(C)CO,323.15,-0.194448510730969,0.2696415723778824
CC1=NN(c2ccccc2)C(=O)C1,CCC(C)O,323.15,-0.188897217424025,0.2538521706300412
CC1=NN(c2ccccc2)C(=O)C1,ClCCl,293.15,-0.010671587373808,1.4273717798233834
CC1=NN(c2ccccc2)C(=O)C1,CCO,323.15,0.019134634922306,0.42715170608171227
CC1=NN(c2ccccc2)C(=O)C1,C1COCCO1,313.15,-0.084300772053608,1.0798240929148402
CC1=NN(c2ccccc2)C(=O)C1,ClCCl,298.15,0.06858947983701699,1.452085539363873
CC1=NN(c2ccccc2)C(=O)C1,CCCO,323.15,-0.017304020013323002,0.33107767518174624
CC1=NN(c2ccccc2)C(=O)C1,CCCCCO,323.15,-0.176397595703173,0.35287551131189976
CC1=NN(c2ccccc2)C(=O)C1,CCCCO,323.15,-0.09608383586357001,0.34502297189511955
CC1=NN(c2ccccc2)C(=O)C1,ClCCl,303.15,0.12461052982796401,1.4732216800848965
CC1=NN(c2ccccc2)C(=O)C1,CO,323.15,0.33601691479864,0.5151572484341621
CC1=NN(c2ccccc2)C(=O)C1,C1COCCO1,323.15,0.10181634566308198,1.1395071646898935
CC1=NN(c2ccccc2)C(=O)C1,CC(C)=O,323.15,0.197581712486724,1.087672069254229
OCc1ccccc1O[C@@H]1O[C@H](CO)[C@@H](O)[C@H](O)[C@H]1O,CCOC(C)=O,283.15,-4.06730407691092,-4.23313896715852
OCc1ccccc1O[C@@H]1O[C@H](CO)[C@@H](O)[C@H](O)[C@H]1O,CC#N,283.15,-3.6353790722493,-2.9004127665976407
OCc1ccccc1O[C@@H]1O[C@H](CO)[C@@H](O)[C@H](O)[C@H]1O,CCOC(C)=O,293.15,-3.6086919765376697,-3.5252968098023834
OCc1ccccc1O[C@@H]1O[C@H](CO)[C@@H](O)[C@H](O)[C@H]1O,CC#N,293.15,-3.1738145474792403,-2.1918000431597475
OCc1ccccc1O[C@@H]1O[C@H](CO)[C@@H](O)[C@H](O)[C@H]1O,CCOC(C)=O,303.15,-3.3411229506772298,-2.879017608319269
OCc1ccccc1O[C@@H]1O[C@H](CO)[C@@H](O)[C@H](O)[C@H]1O,CCOC(C)=O,313.15,-3.27787427930776,-2.2884125158615145
OCc1ccccc1O[C@@H]1O[C@H](CO)[C@@H](O)[C@H](O)[C@H]1O,CC(C)=O,283.15,-3.05618636249687,-3.087680847639894
OCc1ccccc1O[C@@H]1O[C@H](CO)[C@@H](O)[C@H](O)[C@H]1O,CC#N,303.15,-2.86089049217992,-1.550916400986646
OCc1ccccc1O[C@@H]1O[C@H](CO)[C@@H](O)[C@H](O)[C@H]1O,CCCCCO,283.15,-3.1597977657117498,-3.759832534146134
OCc1ccccc1O[C@@H]1O[C@H](CO)[C@@H](O)[C@H](O)[C@H]1O,CC(C)CO,283.15,-2.94970815248861,-3.5998983255583132
OCc1ccccc1O[C@@H]1O[C@H](CO)[C@@H](O)[C@H](O)[C@H]1O,CC#N,313.15,-2.7102914551244104,-0.9707863816632797
OCc1ccccc1O[C@@H]1O[C@H](CO)[C@@H](O)[C@H](O)[C@H]1O,CC(C)=O,293.15,-2.8318765463300197,-2.3919954636567202
OCc1ccccc1O[C@@H]1O[C@H](CO)[C@@H](O)[C@H](O)[C@H]1O,CCOC(C)=O,323.15,-2.91800709649509,-1.748412072079372
OCc1ccccc1O[C@@H]1O[C@H](CO)[C@@H](O)[C@H](O)[C@H]1O,CCCCO,283.15,-2.86447421375731,-3.4746157721402717
OCc1ccccc1O[C@@H]1O[C@H](CO)[C@@H](O)[C@H](O)[C@H]1O,CCCCCO,293.15,-2.9312323187290095,-3.0968883915032435
OCc1ccccc1O[C@@H]1O[C@H](CO)[C@@H](O)[C@H](O)[C@H]1O,CC(C)CO,293.15,-2.77839376803022,-2.937182582580724
OCc1ccccc1O[C@@H]1O[C@H](CO)[C@@H](O)[C@H](O)[C@H]1O,CC#N,323.15,-2.53815326511737,-0.4454034421234414
OCc1ccccc1O[C@@H]1O[C@H](CO)[C@@H](O)[C@H](O)[C@H]1O,CC(C)O,283.15,-2.66994580366612,-3.387010914715123
OCc1ccccc1O[C@@H]1O[C@H](CO)[C@@H](O)[C@H](O)[C@H]1O,CCCCO,293.15,-2.71103231267504,-2.820444452035227
OCc1ccccc1O[C@@H]1O[C@H](CO)[C@@H](O)[C@H](O)[C@H]1O,CC(C)=O,303.15,-2.60633645066988,-1.7742264837260997
OCc1ccccc1O[C@@H]1O[C@H](CO)[C@@H](O)[C@H](O)[C@H]1O,CCCO,283.15,-2.6023404722366403,-3.1803110956911396
OCc1ccccc1O[C@@H]1O[C@H](CO)[C@@H](O)[C@H](O)[C@H]1O,CCCCCO,303.15,-2.7312445425917597,-2.4804182373614405
OCc1ccccc1O[C@@H]1O[C@H](CO)[C@@H](O)[C@H](O)[C@H]1O,CC(C)CO,303.15,-2.63671536727196,-2.327003000821964
OCc1ccccc1O[C@@H]1O[C@H](CO)[C@@H](O)[C@H](O)[C@H]1O,CC(C)=O,313.15,-2.49627281193371,-1.2259592623613047
OCc1ccccc1O[C@@H]1O[C@H](CO)[C@@H](O)[C@H](O)[C@H]1O,CC(C)O,293.15,-2.4981665487219398,-2.706850629697398
OCc1ccccc1O[C@@H]1O[C@H](CO)[C@@H](O)[C@H](O)[C@H]1O,CCCCO,303.15,-2.56834203426912,-2.215397563281922
OCc1ccccc1O[C@@H]1O[C@H](CO)[C@@H](O)[C@H](O)[C@H]1O,CCCO,293.15,-2.4436639108400096,-2.523579509100292
OCc1ccccc1O[C@@H]1O[C@H](CO)[C@@H](O)[C@H](O)[C@H]1O,CCCCCO,313.15,-2.5991656974636697,-1.9064308501983729
OCc1ccccc1O[C@@H]1O[C@H](CO)[C@@H](O)[C@H](O)[C@H]1O,CCO,283.15,-2.2905289335585097,-2.704512552521162
OCc1ccccc1O[C@@H]1O[C@H](CO)[C@@H](O)[C@H](O)[C@H]1O,CC(C)CO,313.15,-2.48988237515063,-1.7646330607286862
OCc1ccccc1O[C@@H]1O[C@H](CO)[C@@H](O)[C@H](O)[C@H]1O,CC(C)O,303.15,-2.3447960275322997,-2.0965559707574526
OCc1ccccc1O[C@@H]1O[C@H](CO)[C@@H](O)[C@H](O)[C@H]1O,CC(C)=O,323.15,-2.32336956477664,-0.7399943656908037
OCc1ccccc1O[C@@H]1O[C@H](CO)[C@@H](O)[C@H](O)[C@H]1O,CCCO,303.15,-2.31066784082831,-1.923787056605403
OCc1ccccc1O[C@@H]1O[C@H](CO)[C@@H](O)[C@H](O)[C@H]1O,CCCCO,313.15,-2.35949679611163,-1.6551577557556891
OCc1ccccc1O[C@@H]1O[C@H](CO)[C@@H](O)[C@H](O)[C@H]1O,CCCCCO,323.15,-2.4114302986092597,-1.3714578247470257
OCc1ccccc1O[C@@H]1O[C@H](CO)[C@@H](O)[C@H](O)[C@H]1O,CC(C)CO,323.15,-2.30256922046096,-1.2459919358036866
OCc1ccccc1O[C@@H]1O[C@H](CO)[C@@H](O)[C@H](O)[C@H]1O,CCO,293.15,-2.03634936483253,-2.0563731804369487
OCc1ccccc1O[C@@H]1O[C@H](CO)[C@@H](O)[C@H](O)[C@H]1O,CC(C)O,313.15,-2.15339529990927,-1.5489525264227
OCc1ccccc1O[C@@H]1O[C@H](CO)[C@@H](O)[C@H](O)[C@H]1O,CCCO,313.15,-2.10444841826614,-1.3755719091324479
OCc1ccccc1O[C@@H]1O[C@H](CO)[C@@H](O)[C@H](O)[C@H]1O,CCCCO,323.15,-2.17862175997921,-1.1359874356716144
OCc1ccccc1O[C@@H]1O[C@H](CO)[C@@H](O)[C@H](O)[C@H]1O,C1COCCO1,283.15,-2.10493693563152,-3.204293975344826
OCc1ccccc1O[C@@H]1O[C@H](CO)[C@@H](O)[C@H](O)[C@H]1O,CCO,303.15,-1.9081573153505502,-1.4721880659216502
OCc1ccccc1O[C@@H]1O[C@H](CO)[C@@H](O)[C@H](O)[C@H]1O,C1COCCO1,293.15,-2.06081779395722,-2.550474523852455
OCc1ccccc1O[C@@H]1O[C@H](CO)[C@@H](O)[C@H](O)[C@H]1O,CC(C)O,323.15,-1.9799827476740801,-1.0578995929235049
OCc1ccccc1O[C@@H]1O[C@H](CO)[C@@H](O)[C@H](O)[C@H]1O,CCCO,323.15,-1.9571910722942,-0.8743197679826238
OCc1ccccc1O[C@@H]1O[C@H](CO)[C@@H](O)[C@H](O)[C@H]1O,C1COCCO1,303.15,-1.94753080186941,-1.943739422587318
OCc1ccccc1O[C@@H]1O[C@H](CO)[C@@H](O)[C@H](O)[C@H]1O,CCO,313.15,-1.72447225391325,-0.9453302960054066
OCc1ccccc1O[C@@H]1O[C@H](CO)[C@@H](O)[C@H](O)[C@H]1O,C1COCCO1,313.15,-1.8216890199895501,-1.3799317322737235
OCc1ccccc1O[C@@H]1O[C@H](CO)[C@@H](O)[C@H](O)[C@H]1O,CO,283.15,-1.4595669061958398,-1.9678038546115784
OCc1ccccc1O[C@@H]1O[C@H](CO)[C@@H](O)[C@H](O)[C@H]1O,CCO,323.15,-1.5956500771746698,-0.4701337066278537
OCc1ccccc1O[C@@H]1O[C@H](CO)[C@@H](O)[C@H](O)[C@H]1O,C1COCCO1,323.15,-1.68534674481334,-0.8554405148491913
OCc1ccccc1O[C@@H]1O[C@H](CO)[C@@H](O)[C@H](O)[C@H]1O,CO,293.15,-1.32471388100985,-1.3376892558200608
OCc1ccccc1O[C@@H]1O[C@H](CO)[C@@H](O)[C@H](O)[C@H]1O,O,283.15,-0.953338464539205,-1.6078589352795316
OCc1ccccc1O[C@@H]1O[C@H](CO)[C@@H](O)[C@H](O)[C@H]1O,O,293.15,-0.8533048588541942,-1.062932174585858
OCc1ccccc1O[C@@H]1O[C@H](CO)[C@@H](O)[C@H](O)[C@H]1O,CO,303.15,-1.15308200231217,-0.772780916035895
OCc1ccccc1O[C@@H]1O[C@H](CO)[C@@H](O)[C@H](O)[C@H]1O,O,303.15,-0.7332722535497621,-0.5481978103519747
OCc1ccccc1O[C@@H]1O[C@H](CO)[C@@H](O)[C@H](O)[C@H]1O,CO,313.15,-1.0222348277673199,-0.26632130733405956
OCc1ccccc1O[C@@H]1O[C@H](CO)[C@@H](O)[C@H](O)[C@H]1O,O,313.15,-0.606527118961264,-0.06140512299028811
OCc1ccccc1O[C@@H]1O[C@H](CO)[C@@H](O)[C@H](O)[C@H]1O,CO,323.15,-0.90580566913396,0.1874885365956811
OCc1ccccc1O[C@@H]1O[C@H](CO)[C@@H](O)[C@H](O)[C@H]1O,O,323.15,-0.464470705610402,0.39941364287634107
OC[C@H]1O[C@@H](Oc2ccc(O)cc2)[C@H](O)[C@@H](O)[C@@H]1O,ClCCl,283.15,-4.19395529486679,-6.4928215418395965
OC[C@H]1O[C@@H](Oc2ccc(O)cc2)[C@H](O)[C@@H](O)[C@@H]1O,ClCCl,288.15,-3.9538202176404798,-6.065219849230446
OC[C@H]1O[C@@H](Oc2ccc(O)cc2)[C@H](O)[C@@H](O)[C@@H]1O,ClCCl,293.15,-3.8018375039512997,-5.661336676787125
OC[C@H]1O[C@@H](Oc2ccc(O)cc2)[C@H](O)[C@@H](O)[C@@H]1O,ClCCl,298.15,-3.6862374194412704,-5.2797669521076465
OC[C@H]1O[C@@H](Oc2ccc(O)cc2)[C@H](O)[C@@H](O)[C@@H]1O,ClCCl,303.15,-3.60366212306675,-4.9192099673373075
OC[C@H]1O[C@@H](Oc2ccc(O)cc2)[C@H](O)[C@@H](O)[C@@H]1O,CC#N,283.15,-3.1697578482585,-2.7471218047779447
OC[C@H]1O[C@@H](Oc2ccc(O)cc2)[C@H](O)[C@@H](O)[C@@H]1O,CC#N,293.15,-2.86140177757559,-2.121435825035933
OC[C@H]1O[C@@H](Oc2ccc(O)cc2)[C@H](O)[C@@H](O)[C@@H]1O,CC#N,303.15,-2.56406171539546,-1.5575688907862142
OC[C@H]1O[C@@H](Oc2ccc(O)cc2)[C@H](O)[C@@H](O)[C@@H]1O,CCOC(C)=O,283.15,-2.7944141590612,-4.162768210579711
OC[C@H]1O[C@@H](Oc2ccc(O)cc2)[C@H](O)[C@@H](O)[C@@H]1O,CCOC(C)=O,293.15,-2.78616944172791,-3.54126308567386
OC[C@H]1O[C@@H](Oc2ccc(O)cc2)[C@H](O)[C@@H](O)[C@@H]1O,CCOC(C)=O,303.15,-2.77590861222111,-2.9740453843831816
OC[C@H]1O[C@@H](Oc2ccc(O)cc2)[C@H](O)[C@@H](O)[C@@H]1O,CCOC(C)=O,313.15,-2.76388800022624,-2.4560592642465293
OC[C@H]1O[C@@H](Oc2ccc(O)cc2)[C@H](O)[C@@H](O)[C@@H]1O,CCOC(C)=O,323.15,-2.7527914726116096,-1.9829605671344004
OC[C@H]1O[C@@H](Oc2ccc(O)cc2)[C@H](O)[C@@H](O)[C@@H]1O,CC#N,313.15,-2.35285915336225,-1.0491624752180542
OC[C@H]1O[C@@H](Oc2ccc(O)cc2)[C@H](O)[C@@H](O)[C@@H]1O,CCCCCO,283.15,-2.5005260219384797,-3.6072609051267284
OC[C@H]1O[C@@H](Oc2ccc(O)cc2)[C@H](O)[C@@H](O)[C@@H]1O,CCC(C)O,283.15,-2.4086699476177404,-3.631820007513416
OC[C@H]1O[C@@H](Oc2ccc(O)cc2)[C@H](O)[C@@H](O)[C@@H]1O,CC#N,323.15,-2.17536126647527,-0.5907498052834901
OC[C@H]1O[C@@H](Oc2ccc(O)cc2)[C@H](O)[C@@H](O)[C@@H]1O,CCCCCO,293.15,-2.36080417110991,-3.022840415212983
OC[C@H]1O[C@@H](Oc2ccc(O)cc2)[C@H](O)[C@@H](O)[C@@H]1O,CC(C)O,283.15,-2.1519919415011297,-3.2747168608758908
OC[C@H]1O[C@@H](Oc2ccc(O)cc2)[C@H](O)[C@@H](O)[C@@H]1O,CC(C)=O,283.15,-2.08039893794501,-2.9342161206594817
OC[C@H]1O[C@@H](Oc2ccc(O)cc2)[C@H](O)[C@@H](O)[C@@H]1O,CCCCCO,303.15,-2.19947486652526,-2.4797477601667652
OC[C@H]1O[C@@H](Oc2ccc(O)cc2)[C@H](O)[C@@H](O)[C@@H]1O,CCC(C)O,293.15,-2.12350989459846,-3.021912986505086
OC[C@H]1O[C@@H](Oc2ccc(O)cc2)[C@H](O)[C@@H](O)[C@@H]1O,CC(C)=O,293.15,-1.9724372839110402,-2.325112026454586
OC[C@H]1O[C@@H](Oc2ccc(O)cc2)[C@H](O)[C@@H](O)[C@@H]1O,CCCO,283.15,-1.97287655713673,-3.001733393751787
OC[C@H]1O[C@@H](Oc2ccc(O)cc2)[C@H](O)[C@@H](O)[C@@H]1O,CC(C)O,293.15,-1.98243228140954,-2.6680779919361495
OC[C@H]1O[C@@H](Oc2ccc(O)cc2)[C@H](O)[C@@H](O)[C@@H]1O,CCCCCO,313.15,-2.1117486802893097,-1.9744957652904662
OC[C@H]1O[C@@H](Oc2ccc(O)cc2)[C@H](O)[C@@H](O)[C@@H]1O,CC(C)=O,303.15,-1.8879479134190602,-1.7873154275129826
OC[C@H]1O[C@@H](Oc2ccc(O)cc2)[C@H](O)[C@@H](O)[C@@H]1O,CCC(C)O,303.15,-1.98098939616108,-2.4663466969439374
OC[C@H]1O[C@@H](Oc2ccc(O)cc2)[C@H](O)[C@@H](O)[C@@H]1O,CCCO,293.15,-1.86496452072043,-2.4215678170751396
OC[C@H]1O[C@@H](Oc2ccc(O)cc2)[C@H](O)[C@@H](O)[C@@H]1O,CCCCCO,323.15,-1.97049704819526,-1.5040581584606076
OC[C@H]1O[C@@H](Oc2ccc(O)cc2)[C@H](O)[C@@H](O)[C@@H]1O,CC(C)=O,313.15,-1.77557512702116,-1.3131511514547891
OC[C@H]1O[C@@H](Oc2ccc(O)cc2)[C@H](O)[C@@H](O)[C@@H]1O,CC(C)O,303.15,-1.7797011908322702,-2.127368977041196
OC[C@H]1O[C@@H](Oc2ccc(O)cc2)[C@H](O)[C@@H](O)[C@@H]1O,CCCO,303.15,-1.7259756396521801,-1.8939962591398984
OC[C@H]1O[C@@H](Oc2ccc(O)cc2)[C@H](O)[C@@H](O)[C@@H]1O,CC(C)=O,323.15,-1.6769362774821202,-0.8960665373687244
OC[C@H]1O[C@@H](Oc2ccc(O)cc2)[C@H](O)[C@@H](O)[C@@H]1O,CCC(C)O,313.15,-1.7482562035782598,-1.9599695893922877
OC[C@H]1O[C@@H](Oc2ccc(O)cc2)[C@H](O)[C@@H](O)[C@@H]1O,CC(C)O,313.15,-1.6579429645022898,-1.6457474003397436
OC[C@H]1O[C@@H](Oc2ccc(O)cc2)[C@H](O)[C@@H](O)[C@@H]1O,CCCO,313.15,-1.61430047508845,-1.4140454258573814
OC[C@H]1O[C@@H](Oc2ccc(O)cc2)[C@H](O)[C@@H](O)[C@@H]1O,CCC(C)O,323.15,-1.6233836372075001,-1.498353637339311
OC[C@H]1O[C@@H](Oc2ccc(O)cc2)[C@H](O)[C@@H](O)[C@@H]1O,CCO,283.15,-1.4015697106846001,-2.483333172942789
OC[C@H]1O[C@@H](Oc2ccc(O)cc2)[C@H](O)[C@@H](O)[C@@H]1O,CCCO,323.15,-1.4912939354811001,-0.9774448266854978
OC[C@H]1O[C@@H](Oc2ccc(O)cc2)[C@H](O)[C@@H](O)[C@@H]1O,CC(C)O,323.15,-1.4838995356834999,-1.2173679500766907
OC[C@H]1O[C@@H](Oc2ccc(O)cc2)[C@H](O)[C@@H](O)[C@@H]1O,CCO,293.15,-1.32686475761247,-1.9112987980561276
OC[C@H]1O[C@@H](Oc2ccc(O)cc2)[C@H](O)[C@@H](O)[C@@H]1O,CCO,303.15,-1.22376603792026,-1.3994267147694126
OC[C@H]1O[C@@H](Oc2ccc(O)cc2)[C@H](O)[C@@H](O)[C@@H]1O,CCO,313.15,-1.13030988822327,-0.9413872259920918
OC[C@H]1O[C@@H](Oc2ccc(O)cc2)[C@H](O)[C@@H](O)[C@@H]1O,C1COCCO1,283.15,-1.25966768200022,-3.1095201942107304
OC[C@H]1O[C@@H](Oc2ccc(O)cc2)[C@H](O)[C@@H](O)[C@@H]1O,C1COCCO1,293.15,-1.23655173393774,-2.539794000180266
OC[C@H]1O[C@@H](Oc2ccc(O)cc2)[C@H](O)[C@@H](O)[C@@H]1O,O,283.15,-0.5339439780622199,-1.7827646682625389
OC[C@H]1O[C@@H](Oc2ccc(O)cc2)[C@H](O)[C@@H](O)[C@@H]1O,C1COCCO1,303.15,-1.17011346075876,-2.0106276991579666
OC[C@H]1O[C@@H](Oc2ccc(O)cc2)[C@H](O)[C@@H](O)[C@@H]1O,CCO,323.15,-1.01553657655405,-0.5317801925162502
OC[C@H]1O[C@@H](Oc2ccc(O)cc2)[C@H](O)[C@@H](O)[C@@H]1O,C1COCCO1,313.15,-1.09436487358111,-1.5185610842932973
OC[C@H]1O[C@@H](Oc2ccc(O)cc2)[C@H](O)[C@@H](O)[C@@H]1O,O,293.15,-0.351646627790299,-1.2836149431248671
OC[C@H]1O[C@@H](Oc2ccc(O)cc2)[C@H](O)[C@@H](O)[C@@H]1O,C1COCCO1,323.15,-1.02997948595837,-1.0605906084005063
OC[C@H]1O[C@@H](Oc2ccc(O)cc2)[C@H](O)[C@@H](O)[C@@H]1O,O,303.15,-0.22045708311907397,-0.8132137245810134
OC[C@H]1O[C@@H](Oc2ccc(O)cc2)[C@H](O)[C@@H](O)[C@@H]1O,CO,283.15,-0.546606531804684,-1.759153614000791
OC[C@H]1O[C@@H](Oc2ccc(O)cc2)[C@H](O)[C@@H](O)[C@@H]1O,CO,293.15,-0.48995167412751794,-1.1996664988436445
OC[C@H]1O[C@@H](Oc2ccc(O)cc2)[C@H](O)[C@@H](O)[C@@H]1O,CO,303.15,-0.42677976308894605,-0.7027686567032974
OC[C@H]1O[C@@H](Oc2ccc(O)cc2)[C@H](O)[C@@H](O)[C@@H]1O,O,313.15,-0.014372782158028,-0.369360001715588
OC[C@H]1O[C@@H](Oc2ccc(O)cc2)[C@H](O)[C@@H](O)[C@@H]1O,CO,313.15,-0.35246257653499796,-0.2618216666325346
OC[C@H]1O[C@@H](Oc2ccc(O)cc2)[C@H](O)[C@@H](O)[C@@H]1O,CO,323.15,-0.259485733608203,0.12886080439837588
OC[C@H]1O[C@@H](Oc2ccc(O)cc2)[C@H](O)[C@@H](O)[C@@H]1O,O,323.15,0.203386470282613,0.049865128030503136
CC(C)OC(=O)C(C)(C)Oc1ccc(C(=O)c2ccc(Cl)cc2)cc1,CO,253.15,-1.794945386426,-2.8168468143662238
CC(C)OC(=O)C(C)(C)Oc1ccc(C(=O)c2ccc(Cl)cc2)cc1,CO,258.15,-1.67039275405535,-2.500174374356332
CC(C)OC(=O)C(C)(C)Oc1ccc(C(=O)c2ccc(Cl)cc2)cc1,CO,263.15,-1.60957577767881,-2.2006659987879056
CC(C)OC(=O)C(C)(C)Oc1ccc(C(=O)c2ccc(Cl)cc2)cc1,CO,268.15,-1.48345354699709,-1.9172589056623055
CC(C)OC(=O)C(C)(C)Oc1ccc(C(=O)c2ccc(Cl)cc2)cc1,CO,273.15,-1.3657255223203102,-1.6489761840853712
CC(C)OC(=O)C(C)(C)Oc1ccc(C(=O)c2ccc(Cl)cc2)cc1,CO,278.15,-1.27853614668268,-1.3949186540039498
CC(C)OC(=O)C(C)(C)Oc1ccc(C(=O)c2ccc(Cl)cc2)cc1,CC#N,243.15,-1.3334616312441399,-2.955896928605131
CC(C)OC(=O)C(C)(C)Oc1ccc(C(=O)c2ccc(Cl)cc2)cc1,CO,283.15,-1.14101121289758,-1.1542575736296512
CC(C)OC(=O)C(C)(C)Oc1ccc(C(=O)c2ccc(Cl)cc2)cc1,CC#N,248.15,-1.2119501426024,-2.6212355853772062
CC(C)OC(=O)C(C)(C)Oc1ccc(C(=O)c2ccc(Cl)cc2)cc1,CC#N,253.15,-1.1076448109653998,-2.303952129982058
NC(=O)c1ccccc1O,CC#N,243.15,-0.989327533955126,-1.0928139855010126
CC(C)OC(=O)C(C)(C)Oc1ccc(C(=O)c2ccc(Cl)cc2)cc1,CC#N,258.15,-0.9880371320769329,-2.0029622770161697
O=C(O)c1ccccc1O,CC#N,243.15,-0.9722068905085192,-0.13943809569598598
CC(C)OC(=O)C(C)(C)Oc1ccc(C(=O)c2ccc(Cl)cc2)cc1,CC#N,263.15,-0.9507319517486089,-1.7172699550994686
NC(=O)c1ccccc1O,CC#N,248.15,-0.911051794093014,-0.9682425350254211
O=C(O)c1ccccc1O,CC#N,248.15,-0.9052834949518481,-0.12137581123852775
O=C(O)c1ccccc1O,CC#N,253.15,-0.84234071366565,-0.10013626740707188
NC(=O)c1ccccc1O,CC#N,253.15,-0.8411068747240071,-0.8500951569745973
O=C(O)c1ccccc1O,CC#N,258.15,-0.7703983628457859,-0.07607720237785787
CC(C)OC(=O)C(C)(C)Oc1ccc(C(=O)c2ccc(Cl)cc2)cc1,CC#N,268.15,-0.766169612708928,-1.4459590140365772
NC(=O)c1ccccc1O,CC#N,258.15,-0.75502698437159,-0.7379933774304099
O=C(O)c1ccccc1O,CC#N,263.15,-0.696994057718771,-0.04952514968198221
NC(=O)c1ccccc1O,CC#N,263.15,-0.6615961268101811,-0.6315902006102305
CC(C)OC(=O)C(C)(C)Oc1ccc(C(=O)c2ccc(Cl)cc2)cc1,CC#N,273.15,-0.6338988368678089,-1.1881858308317303
O=C(O)c1ccccc1O,CC#N,268.15,-0.6199948479233671,-0.0207788071814754
NC(=O)c1ccccc1O,CC#N,268.15,-0.6199948479233671,-0.5305672502449541
NC(=O)c1ccccc1O,CO,253.15,-0.502815963478291,-0.5668578684205322
NC(=O)c1ccccc1O,CO,258.15,-0.45034561574442106,-0.5021675300675752
O=C(O)c1ccccc1O,CC#N,273.15,-0.552185084914917,0.009888016580883036
NC(=O)c1ccccc1O,CC#N,273.15,-0.5465966918810271,-0.43463219996079516
CC(C)OC(=O)C(C)(C)Oc1ccc(C(=O)c2ccc(Cl)cc2)cc1,CC#N,278.15,-0.526575301318368,-0.9431727049162465
NC(=O)c1ccccc1O,CO,263.15,-0.38949196636855393,-0.4394603193742635
O=C(O)c1ccccc1O,CC#N,278.15,-0.503729646974549,0.042223818358209625
NC(=O)c1ccccc1O,CC#N,278.15,-0.472023232227525,-0.3435164607396029
CC(C)OC(=O)C(C)(C)Oc1ccc(C(=O)c2ccc(Cl)cc2)cc1,CC(C)=O,253.15,-0.5847094796260861,-1.788397578224982
NC(=O)c1ccccc1O,CO,268.15,-0.328016143782438,-0.37870801519525715
O=C(O)c1ccccc1O,CC#N,283.15,-0.43855966871466495,0.07599712597428705
NC(=O)c1ccccc1O,CC#N,283.15,-0.40581328595027,-0.2569730990736811
NC(=O)c1ccccc1O,CO,273.15,-0.279202108554961,-0.3198858221838296
CC(C)OC(=O)C(C)(C)Oc1ccc(C(=O)c2ccc(Cl)cc2)cc1,CC#N,283.15,-0.386649163020378,-0.7102019496026586
CC(C)OC(=O)C(C)(C)Oc1ccc(C(=O)c2ccc(Cl)cc2)cc1,CC(C)=O,258.15,-0.471833773324154,-1.4571276671324476
NC(=O)c1ccccc1O,CO,278.15,-0.222760321265283,-0.2629720151373802
NC(=O)c1ccccc1O,CO,283.15,-0.165065978612797,-0.20794758171869573
NC(=O)c1ccccc1O,CCOC(C)=O,253.15,-0.471369125652928,-0.757505055243739
CC(C)OC(=O)C(C)(C)Oc1ccc(C(=O)c2ccc(Cl)cc2)cc1,CC(C)=O,263.15,-0.329019410983609,-1.147362881837257
CC(C)OC(=O)C(C)(C)Oc1ccc(C(=O)c2ccc(Cl)cc2)cc1,CCOC(C)=O,253.15,-0.4346747180412679,-1.5844439959582122
NC(=O)c1ccccc1O,CCOC(C)=O,258.15,-0.431798262829095,-0.6757065146682819
CC(C)OC(=O)C(C)(C)Oc1ccc(C(=O)c2ccc(Cl)cc2)cc1,CC(C)=O,268.15,-0.30321362636836,-0.8576868692389115
NC(=O)c1ccccc1O,CCOC(C)=O,263.15,-0.384536916425324,-0.5970126822796885
CC(C)OC(=O)C(C)(C)Oc1ccc(C(=O)c2ccc(Cl)cc2)cc1,CCOC(C)=O,258.15,-0.36329999214341496,-1.2969955714366725
NC(=O)c1ccccc1O,CCOC(C)=O,268.15,-0.350269438410801,-0.5213105410632647
NC(=O)c1ccccc1O,CCOC(C)=O,273.15,-0.31068967215064397,-0.44849661549228226
CC(C)OC(=O)C(C)(C)Oc1ccc(C(=O)c2ccc(Cl)cc2)cc1,CCOC(C)=O,263.15,-0.260327935993929,-1.0253494215245547
NC(=O)c1ccccc1O,CCOC(C)=O,278.15,-0.26360647797918496,-0.3784762372125434
CC(C)OC(=O)C(C)(C)Oc1ccc(C(=O)c2ccc(Cl)cc2)cc1,CC(C)=O,273.15,-0.114626779101308,-0.5867988394861858
NC(=O)c1ccccc1O,CCOC(C)=O,283.15,-0.22281564034568999,-0.3111628670715394
O=C(O)c1ccccc1O,CCOC(C)=O,253.15,-0.20085932809724102,0.3596038589691642
NC(=O)c1ccccc1O,CC(C)=O,253.15,-0.044183137100432,-0.46352396982804656
CC(C)OC(=O)C(C)(C)Oc1ccc(C(=O)c2ccc(Cl)cc2)cc1,CCOC(C)=O,268.15,-0.17719220851878897,-0.7685374696402134
O=C(O)c1ccccc1O,CO,253.15,0.22125216820697305,0.5039598700346722
NC(=O)c1ccccc1O,CC(C)=O,258.15,-0.01141703069753,-0.3820292853505628
CC(C)OC(=O)C(C)(C)Oc1ccc(C(=O)c2ccc(Cl)cc2)cc1,CC(C)=O,278.15,-0.021748487004391998,-0.3335027454441384
O=C(O)c1ccccc1O,CO,258.15,0.252270285243375,0.5130312392971885
O=C(O)c1ccccc1O,CCOC(C)=O,258.15,-0.128825382713945,0.34422842273007703
O=C(O)c1ccccc1O,CO,263.15,0.28368339769876505,0.5248531952330596
NC(=O)c1ccccc1O,CC(C)=O,263.15,0.030318462065757005,-0.3047424919212774
CC(C)OC(=O)C(C)(C)Oc1ccc(C(=O)c2ccc(Cl)cc2)cc1,CCOC(C)=O,273.15,-0.0986308781424,-0.5256695252914803
O=C(O)c1ccccc1O,CCOC(C)=O,263.15,-0.065284335052479,0.334573478354314
O=C(O)c1ccccc1O,CO,268.15,0.31431567180888803,0.5391004867827739
NC(=O)c1ccccc1O,CC(C)=O,268.15,0.070253184853125,-0.23147498753291101
O=C(O)c1ccccc1O,CO,273.15,0.359795384120565,0.5554736043438142
CC(C)OC(=O)C(C)(C)Oc1ccc(C(=O)c2ccc(Cl)cc2)cc1,CCOC(C)=O,278.15,-0.025393380741767002,-0.2959261248687596
NC(=O)c1ccccc1O,CC(C)=O,273.15,0.10799729228927199,-0.1620543504384434
O=C(O)c1ccccc1O,CCOC(C)=O,268.15,-0.003243502348381,0.3300833415988881
O=C(O)c1ccccc1O,CCOC(C)=O,273.15,0.015769682097619,0.330247947483818
O=C(O)c1ccccc1O,CO,278.15,0.39561005901277796,0.5736963364224741
NC(=O)c1ccccc1O,CC(C)=O,278.15,0.14434966129978302,-0.09632297570172454
O=C(O)c1ccccc1O,CC(C)=O,253.15,0.15912069734238599,0.5701864540380882
O=C(O)c1ccccc1O,CC(C)=O,258.15,0.18958802857297802,0.5523293657311105
NC(=O)c1ccccc1O,CC(C)=O,283.15,0.17922937011805198,-0.03413687674986199
O=C(O)c1ccccc1O,CCOC(C)=O,278.15,0.058808266170667,0.3345982726747787
O=C(O)c1ccccc1O,CO,283.15,0.444101217224299,0.5935136366658369
CC(C)OC(=O)C(C)(C)Oc1ccc(C(=O)c2ccc(Cl)cc2)cc1,CCOC(C)=O,283.15,0.068610786600814,-0.07855213165720842
O=C(O)c1ccccc1O,CCOC(C)=O,283.15,0.09371914070297802,0.34270228719007606
O=C(O)c1ccccc1O,CC(C)=O,263.15,0.23476486911570496,0.5401602071624476
O=C(O)c1ccccc1O,CC(C)=O,268.15,0.258435290155977,0.533094999455532
O=C(O)c1ccccc1O,CC(C)=O,273.15,0.28904352937060496,0.5305977233294366
O=C(O)c1ccccc1O,CC(C)=O,278.15,0.34735400883266193,0.5321754658863456
O=C(O)c1ccccc1O,CC(C)=O,283.15,0.36282071614524497,0.5373740877688875
CN1COCN(Cc2cnc(Cl)s2)/C1=N/[N+](=O)[O-],CCOC(C)=O,278.15,-1.98603677834661,-0.5010969509305275
CN1COCN(Cc2cnc(Cl)s2)/C1=N/[N+](=O)[O-],CCOC(C)=O,283.15,-1.88770796687941,-0.4306617859453532
CN1COCN(Cc2cnc(Cl)s2)/C1=N/[N+](=O)[O-],CCOC(C)=O,288.15,-1.79655983603389,-0.36587667648476063
CN1COCN(Cc2cnc(Cl)s2)/C1=N/[N+](=O)[O-],CCOC(C)=O,293.15,-1.7266370905517099,-0.30643689385764633
CN1COCN(Cc2cnc(Cl)s2)/C1=N/[N+](=O)[O-],CCOC(C)=O,298.15,-1.64595782754756,-0.2520629841034787
CN1COCN(Cc2cnc(Cl)s2)/C1=N/[N+](=O)[O-],CCOC(C)=O,303.15,-1.58571631522473,-0.2024986411926694
CN1COCN(Cc2cnc(Cl)s2)/C1=N/[N+](=O)[O-],COC(C)=O,278.15,-1.43969525505712,-0.24532875985832653
CN1COCN(Cc2cnc(Cl)s2)/C1=N/[N+](=O)[O-],CCOC(C)=O,308.15,-1.52792155108374,-0.1575088073307817
CN1COCN(Cc2cnc(Cl)s2)/C1=N/[N+](=O)[O-],COC(C)=O,283.15,-1.3718067175954598,-0.17000638569171603
CN1COCN(Cc2cnc(Cl)s2)/C1=N/[N+](=O)[O-],CCOC(C)=O,313.15,-1.47033478517145,-0.11687798023459248
CN1COCN(Cc2cnc(Cl)s2)/C1=N/[N+](=O)[O-],COC(C)=O,288.15,-1.3151566107910302,-0.1027037661759681
CN1COCN(Cc2cnc(Cl)s2)/C1=N/[N+](=O)[O-],CCOC(C)=O,318.15,-1.41905027418381,-0.0804087090444914
CN1COCN(Cc2cnc(Cl)s2)/C1=N/[N+](=O)[O-],CCOC(C)=O,323.15,-1.3738177343798401,-0.047920262889823734
CN1COCN(Cc2cnc(Cl)s2)/C1=N/[N+](=O)[O-],COC(C)=O,293.15,-1.25112912151507,-0.042930848789091876
CN1COCN(Cc2cnc(Cl)s2)/C1=N/[N+](=O)[O-],COC(C)=O,298.15,-1.1904681961921,0.009761906873506716
CN1COCN(Cc2cnc(Cl)s2)/C1=N/[N+](=O)[O-],COC(C)=O,303.15,-1.13043520065652,0.055786993559504
CN1COCN(Cc2cnc(Cl)s2)/C1=N/[N+](=O)[O-],CC(C)=O,278.15,-1.05311293363998,-0.05060983109598394
CN1COCN(Cc2cnc(Cl)s2)/C1=N/[N+](=O)[O-],COC(C)=O,308.15,-1.05923867210216,0.09552293976246043
CN1COCN(Cc2cnc(Cl)s2)/C1=N/[N+](=O)[O-],CC(C)=O,283.15,-0.9739130757797679,0.03044107164391799
CN1COCN(Cc2cnc(Cl)s2)/C1=N/[N+](=O)[O-],COC(C)=O,313.15,-0.991836377567718,0.1293170498873804
CN1COCN(Cc2cnc(Cl)s2)/C1=N/[N+](=O)[O-],CC(C)=O,288.15,-0.909973379944779,0.10205382553341648
CN1COCN(Cc2cnc(Cl)s2)/C1=N/[N+](=O)[O-],COC(C)=O,318.15,-0.9326415386548349,0.15748783391287982
CN1COCN(Cc2cnc(Cl)s2)/C1=N/[N+](=O)[O-],CC(C)=O,293.15,-0.8553963512233691,0.16482981129179802
CN1COCN(Cc2cnc(Cl)s2)/C1=N/[N+](=O)[O-],COC(C)=O,323.15,-0.8610447832525991,0.18032715568450827
CN1COCN(Cc2cnc(Cl)s2)/C1=N/[N+](=O)[O-],CC(C)=O,298.15,-0.78208013797367,0.21932124593651992
CN1COCN(Cc2cnc(Cl)s2)/C1=N/[N+](=O)[O-],ClCCl,278.15,-0.6872160683014239,0.2624412036088429
CN1COCN(Cc2cnc(Cl)s2)/C1=N/[N+](=O)[O-],CC(C)=O,303.15,-0.719289857098022,0.2660353350473234
CN1COCN(Cc2cnc(Cl)s2)/C1=N/[N+](=O)[O-],ClCCl,283.15,-0.608974479783655,0.31493519658806146
CN1COCN(Cc2cnc(Cl)s2)/C1=N/[N+](=O)[O-],CC(C)=O,308.15,-0.653733566879704,0.3054379743875152
CN1COCN(Cc2cnc(Cl)s2)/C1=N/[N+](=O)[O-],ClCCl,288.15,-0.550748809242954,0.36086129664189437
CN1COCN(Cc2cnc(Cl)s2)/C1=N/[N+](=O)[O-],CC(C)=O,313.15,-0.580877297933306,0.3379570497095618
CN1COCN(Cc2cnc(Cl)s2)/C1=N/[N+](=O)[O-],ClCCl,293.15,-0.4989595636152229,0.400603236979947
CN1COCN(Cc2cnc(Cl)s2)/C1=N/[N+](=O)[O-],ClCCl,298.15,-0.44408347609024607,0.43451193542532623
CN1COCN(Cc2cnc(Cl)s2)/C1=N/[N+](=O)[O-],CC(C)=O,318.15,-0.50969056926215,0.36398537660417973
CN1COCN(Cc2cnc(Cl)s2)/C1=N/[N+](=O)[O-],ClCCl,303.15,-0.40099674250920797,0.46290824865530406
CN1COCN(Cc2cnc(Cl)s2)/C1=N/[N+](=O)[O-],CC(C)=O,323.15,-0.44386366933338894,0.38388331616233956
CN1COCN(Cc2cnc(Cl)s2)/C1=N/[N+](=O)[O-],ClCCl,308.15,-0.355633842099966,0.4860854132371093
CN1COCN(Cc2cnc(Cl)s2)/C1=N/[N+](=O)[O-],ClCCl,313.15,-0.314348139602743,0.5043112029644441
CN1COCN(Cc2cnc(Cl)s2)/C1=N/[N+](=O)[O-],CN(C)C=O,278.15,-0.082256685084411,0.3840486224831938
CN1COCN(Cc2cnc(Cl)s2)/C1=N/[N+](=O)[O-],CN(C)C=O,283.15,-0.034228662456796004,0.4357039132460605
CN1COCN(Cc2cnc(Cl)s2)/C1=N/[N+](=O)[O-],CN(C)C=O,288.15,0.017522547995349996,0.4851457705331113
CN1COCN(Cc2cnc(Cl)s2)/C1=N/[N+](=O)[O-],CN(C)C=O,293.15,0.06234579259644,0.5324675526734637
CN1COCN(Cc2cnc(Cl)s2)/C1=N/[N+](=O)[O-],CN1CCCC1=O,278.15,-0.026725581225131,0.47771110912857784
CN1COCN(Cc2cnc(Cl)s2)/C1=N/[N+](=O)[O-],CN1CCCC1=O,283.15,0.006755805594010999,0.5222845304248906
CN1COCN(Cc2cnc(Cl)s2)/C1=N/[N+](=O)[O-],CN(C)C=O,298.15,0.102063308007342,0.5777557995536413
CN1COCN(Cc2cnc(Cl)s2)/C1=N/[N+](=O)[O-],CN1CCCC1=O,288.15,0.04196590715954,0.5656648635017119
CN1COCN(Cc2cnc(Cl)s2)/C1=N/[N+](=O)[O-],CN(C)C=O,303.15,0.147695037959785,0.6210906955463946
CN1COCN(Cc2cnc(Cl)s2)/C1=N/[N+](=O)[O-],CN1CCCC1=O,293.15,0.074223943890215,0.6078838842389409
CN1COCN(Cc2cnc(Cl)s2)/C1=N/[N+](=O)[O-],CN(C)C=O,308.15,0.200506881269589,0.6625464970821303
CN1COCN(Cc2cnc(Cl)s2)/C1=N/[N+](=O)[O-],CN1CCCC1=O,298.15,0.111307831561569,0.6489719144685101
CN1COCN(Cc2cnc(Cl)s2)/C1=N/[N+](=O)[O-],CN1CCCC1=O,303.15,0.145478328748377,0.6889578242308974
CN1COCN(Cc2cnc(Cl)s2)/C1=N/[N+](=O)[O-],CN(C)C=O,313.15,0.251349068957128,0.7021919289238489
CN1COCN(Cc2cnc(Cl)s2)/C1=N/[N+](=O)[O-],CN1CCCC1=O,308.15,0.17908695463121302,0.7278690385123965
CN1COCN(Cc2cnc(Cl)s2)/C1=N/[N+](=O)[O-],CN(C)C=O,318.15,0.30185640348531106,0.7400905528731995
CN1COCN(Cc2cnc(Cl)s2)/C1=N/[N+](=O)[O-],CN1CCCC1=O,313.15,0.213653992127788,0.7657315488188833
CN1COCN(Cc2cnc(Cl)s2)/C1=N/[N+](=O)[O-],CN1CCCC1=O,318.15,0.251881134591694,0.8025699289007165
CN1COCN(Cc2cnc(Cl)s2)/C1=N/[N+](=O)[O-],CN(C)C=O,323.15,0.35427241607305293,0.7763011106235564
CN1COCN(Cc2cnc(Cl)s2)/C1=N/[N+](=O)[O-],CN1CCCC1=O,323.15,0.289685847543237,0.8384073548377957
O=Cc1cc(C=O)cc(C=O)c1,O,283.15,-2.64283859752658,-2.6163255964503764
O=Cc1cc(C=O)cc(C=O)c1,O,288.15,-2.4679703705702596,-2.5620799532130185
O=Cc1cc(C=O)cc(C=O)c1,O,293.15,-2.31178452140733,-2.5065133624590175
O=Cc1cc(C=O)cc(C=O)c1,O,298.15,-2.22336150930248,-2.4497915288942056
O=Cc1cc(C=O)cc(C=O)c1,O,303.15,-2.13678500759945,-2.39206825323035
O=Cc1cc(C=O)cc(C=O)c1,O,308.15,-2.07687845684156,-2.3334862444641873
O=Cc1cc(C=O)cc(C=O)c1,O,313.15,-2.02840097195745,-2.2741779418368244
O=Cc1cc(C=O)cc(C=O)c1,O,318.15,-1.99431025092805,-2.21426630953655
O=Cc1cc(C=O)cc(C=O)c1,O,323.15,-1.96400600888817,-2.1538655867368717
O=Cc1cc(C=O)cc(C=O)c1,CC(C)CO,283.15,-2.62095309983648,-1.5144937305519282
O=Cc1cc(C=O)cc(C=O)c1,CCC(C)O,283.15,-2.4905774708235096,-1.4225566140221844
O=Cc1cc(C=O)cc(C=O)c1,CC(C)CO,288.15,-2.47482459942935,-1.4233392275979821
O=Cc1cc(C=O)cc(C=O)c1,CCC(C)O,288.15,-2.36546562362934,-1.3291455114526993
O=Cc1cc(C=O)cc(C=O)c1,CC(C)CO,293.15,-2.36766265566194,-1.33640126146651
O=Cc1cc(C=O)cc(C=O)c1,CC(C)O,283.15,-2.21329201397041,-1.399813317726783
O=Cc1cc(C=O)cc(C=O)c1,CC(C)CO,298.15,-2.27685472351829,-1.25347793614571
O=Cc1cc(C=O)cc(C=O)c1,CC(C)O,288.15,-2.17109070556931,-1.3066368492204823
O=Cc1cc(C=O)cc(C=O)c1,CCC(C)O,293.15,-2.18415258173952,-1.240643550730866
O=Cc1cc(C=O)cc(C=O)c1,CC(C)O,293.15,-2.1011266091669802,-1.2193032709205704
O=Cc1cc(C=O)cc(C=O)c1,CC(C)O,298.15,-2.04537949936804,-1.1374925445993616
O=Cc1cc(C=O)cc(C=O)c1,CCCCO,283.15,-2.10074207273384,-1.4632641330561795
O=Cc1cc(C=O)cc(C=O)c1,CCCCO,288.15,-2.0752348125300903,-1.3711516212138037
O=Cc1cc(C=O)cc(C=O)c1,CCC(C)O,298.15,-2.06662329433224,-1.1567983078093533
O=Cc1cc(C=O)cc(C=O)c1,CC(C)O,303.15,-1.98308191489174,-1.0609095979421197
O=Cc1cc(C=O)cc(C=O)c1,CCCCO,293.15,-2.02442080945503,-1.2831880754511658
O=Cc1cc(C=O)cc(C=O)c1,CCCO,283.15,-1.9102343773784598,-1.3769628000810759
O=Cc1cc(C=O)cc(C=O)c1,CC(C)CO,303.15,-2.0068429655740903,-1.1743826663286947
O=Cc1cc(C=O)cc(C=O)c1,CCC(C)O,303.15,-1.9634046179979598,-1.0773766872189046
O=Cc1cc(C=O)cc(C=O)c1,CCCO,288.15,-1.85471190689693,-1.2860116610004562
O=Cc1cc(C=O)cc(C=O)c1,CCC(C)O,308.15,-1.86062505031793,-1.0021632842365173
O=Cc1cc(C=O)cc(C=O)c1,CCCCO,298.15,-1.8456652119452102,-1.1991724936195545
O=Cc1cc(C=O)cc(C=O)c1,CCCO,293.15,-1.75673789470096,-1.1997686473201914
O=Cc1cc(C=O)cc(C=O)c1,CCCCCO,283.15,-1.9009298763980502,-1.4764124997790014
O=Cc1cc(C=O)cc(C=O)c1,CC(C)O,308.15,-1.72227312576377,-0.9892822169704826
O=Cc1cc(C=O)cc(C=O)c1,CCCCCO,288.15,-1.84601991932628,-1.3813426435232596
O=Cc1cc(C=O)cc(C=O)c1,CCCO,298.15,-1.687011062158,-1.1179956151258963
O=Cc1cc(C=O)cc(C=O)c1,CCC(C)O,313.15,-1.78063288834784,-0.9309589137744904
O=Cc1cc(C=O)cc(C=O)c1,CCO,283.15,-1.50399705726021,-1.2069759167047205
O=Cc1cc(C=O)cc(C=O)c1,CCCCO,303.15,-1.7059075938363502,-1.1189189596447606
O=Cc1cc(C=O)cc(C=O)c1,CCCCCO,293.15,-1.7672312952278,-1.2904207473045548
O=Cc1cc(C=O)cc(C=O)c1,CC(C)CO,308.15,-1.68504393319372,-1.0989428964927714
O=Cc1cc(C=O)cc(C=O)c1,CCCO,303.15,-1.5901321465202298,-1.0404726889037628
O=Cc1cc(C=O)cc(C=O)c1,CCC(C)O,318.15,-1.6597776824798602,-0.8635792914084783
O=Cc1cc(C=O)cc(C=O)c1,CCO,288.15,-1.4442201053805699,-1.117140416768926
O=Cc1cc(C=O)cc(C=O)c1,CCCCCO,298.15,-1.70036292297375,-1.2034425568481169
O=Cc1cc(C=O)cc(C=O)c1,CC(C)O,313.15,-1.55801483973809,-0.922359169333516
O=Cc1cc(C=O)cc(C=O)c1,CCCCO,308.15,-1.5832537334184098,-1.042255387874747
O=Cc1cc(C=O)cc(C=O)c1,CCCO,308.15,-1.49355780997087,-0.9669967175859281
O=Cc1cc(C=O)cc(C=O)c1,CCCCCO,303.15,-1.64882950401115,-1.1202189210802238
O=Cc1cc(C=O)cc(C=O)c1,CCO,293.15,-1.36554771788164,-1.0333606418826122
O=Cc1cc(C=O)cc(C=O)c1,CCC(C)O,323.15,-1.5715723954122,-0.7998538532161386
O=Cc1cc(C=O)cc(C=O)c1,CCCCCO,308.15,-1.5979336087821698,-1.0405745507437127
O=Cc1cc(C=O)cc(C=O)c1,CC(C)CO,313.15,-1.5300458839489999,-1.0269989453077955
O=Cc1cc(C=O)cc(C=O)c1,CCCCO,313.15,-1.50873306347655,-0.9690223846218495
O=Cc1cc(C=O)cc(C=O)c1,CC(C)O,318.15,-1.43065173625103,-0.8599085367286083
O=Cc1cc(C=O)cc(C=O)c1,CCCO,313.15,-1.40960919248077,-0.8973798878813014
O=Cc1cc(C=O)cc(C=O)c1,CCO,298.15,-1.29370409586734,-0.9552617142747287
O=Cc1cc(C=O)cc(C=O)c1,CCCCCO,313.15,-1.5074269117554,-0.9643468880017525
O=Cc1cc(C=O)cc(C=O)c1,CCCO,318.15,-1.3431733856252899,-0.8314484810461432
O=Cc1cc(C=O)cc(C=O)c1,CO,283.15,-1.05531904968813,-0.9786404571156415
O=Cc1cc(C=O)cc(C=O)c1,CC(C)O,323.15,-1.33707981776271,-0.8017162368116275
O=Cc1cc(C=O)cc(C=O)c1,CCO,303.15,-1.20696285605264,-0.8824986565268866
O=Cc1cc(C=O)cc(C=O)c1,CCCCO,318.15,-1.4027847488173797,-0.8990722172662864
O=Cc1cc(C=O)cc(C=O)c1,CC(C)CO,318.15,-1.3861846572979297,-0.9584029649768855
O=Cc1cc(C=O)cc(C=O)c1,CCCO,323.15,-1.27725526757327,-0.7690417608604717
O=Cc1cc(C=O)cc(C=O)c1,CCCCCO,318.15,-1.4188320345774401,-0.891385077570592
O=Cc1cc(C=O)cc(C=O)c1,CCO,308.15,-1.13914982538255,-0.8147538193348338
O=Cc1cc(C=O)cc(C=O)c1,CO,288.15,-0.956683199399143,-0.8974453219185043
O=Cc1cc(C=O)cc(C=O)c1,CC#N,283.15,-1.01051719577611,-0.4161531010038131
O=Cc1cc(C=O)cc(C=O)c1,CCO,313.15,-1.0570439084926502,-0.7517345594293137
O=Cc1cc(C=O)cc(C=O)c1,CCCCCO,323.15,-1.3129893453482702,-0.8215490302696884
O=Cc1cc(C=O)cc(C=O)c1,CO,293.15,-0.853765216521015,-0.8214803549276524
O=Cc1cc(C=O)cc(C=O)c1,CCCCO,323.15,-1.2202596286183,-0.8322678827090875
O=Cc1cc(C=O)cc(C=O)c1,CC(C)CO,323.15,-1.19646403173623,-0.893018006374694
O=Cc1cc(C=O)cc(C=O)c1,CCO,318.15,-0.989181992970645,-0.6931711437755357
O=Cc1cc(C=O)cc(C=O)c1,CC#N,288.15,-0.923130765707534,-0.36611783292113204
O=Cc1cc(C=O)cc(C=O)c1,CO,298.15,-0.764037914117647,-0.7504540497443926
O=Cc1cc(C=O)cc(C=O)c1,CCO,323.15,-0.933026682213396,-0.6388148593022784
O=Cc1cc(C=O)cc(C=O)c1,CC#N,293.15,-0.863797080278951,-0.31806816140879435
O=Cc1cc(C=O)cc(C=O)c1,CO,303.15,-0.674696319338069,-0.6840969969727696
O=Cc1cc(C=O)cc(C=O)c1,CC#N,298.15,-0.773171599398572,-0.2719526507660874
O=Cc1cc(C=O)cc(C=O)c1,CC(C)=O,283.15,-0.8553890889409681,-0.3109121031012958
O=Cc1cc(C=O)cc(C=O)c1,CC#N,303.15,-0.720952451706632,-0.2277245157449218
O=Cc1cc(C=O)cc(C=O)c1,CO,308.15,-0.604113475478365,-0.6221598859982628
O=Cc1cc(C=O)cc(C=O)c1,CC(C)=O,288.15,-0.8077991995772069,-0.25711285433044667
O=Cc1cc(C=O)cc(C=O)c1,CC#N,308.15,-0.6695712448561271,-0.1853412797722765
O=Cc1cc(C=O)cc(C=O)c1,CO,313.15,-0.526054999611838,-0.5644117640311481
O=Cc1cc(C=O)cc(C=O)c1,CC(C)=O,293.15,-0.7399505585606909,-0.20701749358035493
O=Cc1cc(C=O)cc(C=O)c1,C1COCCO1,288.15,-0.7902769722058108,-0.33591896220242695
O=Cc1cc(C=O)cc(C=O)c1,CC#N,313.15,-0.590065762068293,-0.14476446898523976
O=Cc1cc(C=O)cc(C=O)c1,CO,318.15,-0.463224172557099,-0.5106385294205288
O=Cc1cc(C=O)cc(C=O)c1,CC(C)=O,298.15,-0.6800022913689351,-0.16046240919859864
O=Cc1cc(C=O)cc(C=O)c1,CC#N,318.15,-0.5432258143746049,-0.10595934190284953
O=Cc1cc(C=O)cc(C=O)c1,CO,323.15,-0.417590285176452,-0.4606416364447334
O=Cc1cc(C=O)cc(C=O)c1,C1COCCO1,293.15,-0.707834414638758,-0.2899448266909349
O=Cc1cc(C=O)cc(C=O)c1,CC#N,323.15,-0.480662025137837,-0.06889465543062301
O=Cc1cc(C=O)cc(C=O)c1,CC(C)=O,303.15,-0.582294639057965,-0.11729798775536393
O=Cc1cc(C=O)cc(C=O)c1,C1COCCO1,298.15,-0.6089451307037099,-0.2451333540032023
O=Cc1cc(C=O)cc(C=O)c1,CC(C)=O,308.15,-0.503814784277808,-0.07738760651569272
O=Cc1cc(C=O)cc(C=O)c1,C1COCCO1,303.15,-0.52753009969757,-0.20147622007028793
O=Cc1cc(C=O)cc(C=O)c1,CC(C)=O,313.15,-0.44373662394409,-0.04060674965013358
O=Cc1cc(C=O)cc(C=O)c1,C1COCCO1,308.15,-0.464855757469255,-0.158966010102027
O=Cc1cc(C=O)cc(C=O)c1,CC(C)=O,318.15,-0.38067594542796,-0.006842237267882495
O=Cc1cc(C=O)cc(C=O)c1,C1COCCO1,313.15,-0.39851749529872,-0.11759620504977447
O=Cc1cc(C=O)cc(C=O)c1,CC(C)=O,323.15,-0.325036940576242,0.02400844163380872
O=Cc1cc(C=O)cc(C=O)c1,C1COCCO1,318.15,-0.35558738809998497,-0.07736115958776296
O=Cc1cc(C=O)cc(C=O)c1,C1COCCO1,323.15,-0.31385427239422303,-0.038256074634246406
O=C(O)[C@@H]1C[C@@H](O)CN1,COC(C)=O,283.15,-3.71697683693432,-2.136585293244227
O=C(O)[C@@H]1C[C@@H](O)CN1,CC#N,288.15,-3.1970085896157205,-1.1291305043579944
O=C(O)[C@@H]1C[C@@H](O)CN1,CC(C)O,283.15,-3.3340514350170802,-1.7262634837723292
O=C(O)[C@@H]1C[C@@H](O)CN1,CCC(C)O,283.15,-3.37925240246568,-1.8230948954442026
O=C(O)[C@@H]1C[C@@H](O)CN1,COC(C)=O,288.15,-3.29680479196114,-1.8825236532498089
O=C(O)[C@@H]1C[C@@H](O)CN1,CCC(C)=O,283.15,-3.3027995056222403,-2.1545584059290865
O=C(O)[C@@H]1C[C@@H](O)CN1,CCCCCO,283.15,-3.23022162769654,-1.9783397844443162
O=C(O)[C@@H]1C[C@@H](O)CN1,CC#N,293.15,-2.90582395763363,-0.8864725462329925
O=C(O)[C@@H]1C[C@@H](O)CN1,CCCO,283.15,-3.0496206138943194,-1.6871856741271647
O=C(O)[C@@H]1C[C@@H](O)CN1,CC(C)O,288.15,-3.04804463652802,-1.4816941568095376
O=C(O)[C@@H]1C[C@@H](O)CN1,CCC(C)O,288.15,-3.12859454546357,-1.577330958405511
O=C(O)[C@@H]1C[C@@H](O)CN1,CC(C)CO,283.15,-3.1226132774938704,-1.916094325638303
O=C(O)[C@@H]1C[C@@H](O)CN1,CCO,283.15,-2.91613043167328,-1.4011479881289883
O=C(O)[C@@H]1C[C@@H](O)CN1,CCC(C)=O,288.15,-3.05137203925314,-1.907412416041996
O=C(O)[C@@H]1C[C@@H](O)CN1,COC(C)=O,293.15,-2.9992805339684,-1.6379006838623444
O=C(O)[C@@H]1C[C@@H](O)CN1,CC(C)CO,288.15,-3.0496596332425,-1.6719650530489172
O=C(O)[C@@H]1C[C@@H](O)CN1,CCCCCO,288.15,-3.1076287656094106,-1.7326231005071357
O=C(O)[C@@H]1C[C@@H](O)CN1,CCCCO,283.15,-3.01265756066611,-1.8489129406188578
O=C(O)[C@@H]1C[C@@H](O)CN1,CCC(C)O,293.15,-3.0090065454894304,-1.3398629694002469
O=C(O)[C@@H]1C[C@@H](O)CN1,CC(C)CO,293.15,-2.9787159933891805,-1.4355052750359227
O=C(O)[C@@H]1C[C@@H](O)CN1,CC(C)O,293.15,-2.88746661961473,-1.2464378412676909
O=C(O)[C@@H]1C[C@@H](O)CN1,CCCCO,288.15,-2.9591851784873904,-1.6066753115041683
O=C(O)[C@@H]1C[C@@H](O)CN1,CC#N,298.15,-2.7047604829103897,-0.6529561193497745
O=C(O)[C@@H]1C[C@@H](O)CN1,CCO,288.15,-2.72613213562903,-1.164391633817095
O=C(O)[C@@H]1C[C@@H](O)CN1,CCCO,288.15,-2.83388645358834,-1.4464644837370058
O=C(O)[C@@H]1C[C@@H](O)CN1,CC(C)CO,298.15,-2.91235901142448,-1.2064183724121158
O=C(O)[C@@H]1C[C@@H](O)CN1,CCCCCO,293.15,-2.9770753153973994,-1.4941523589491352
O=C(O)[C@@H]1C[C@@H](O)CN1,COC(C)=O,298.15,-2.8366056603815495,-1.40231488714908
O=C(O)[C@@H]1C[C@@H](O)CN1,CC(C)O,298.15,-2.8089297112180494,-1.020096644710922
O=C(O)[C@@H]1C[C@@H](O)CN1,CCCCO,293.15,-2.87489712672544,-1.3717875777817365
O=C(O)[C@@H]1C[C@@H](O)CN1,CCCO,293.15,-2.77315620676444,-1.2137353470410799
O=C(O)[C@@H]1C[C@@H](O)CN1,CO,283.15,-2.4977973934785496,-0.8527917821201978
O=C(O)[C@@H]1C[C@@H](O)CN1,CCC(C)=O,293.15,-2.84454770795241,-1.6680807434726939
O=C(O)[C@@H]1C[C@@H](O)CN1,CCC(C)O,298.15,-2.85339735323647,-1.1103536884571794
O=C(O)[C@@H]1C[C@@H](O)CN1,ClCCl,283.15,-2.66885402565132,-2.246884876853506
O=C(O)[C@@H]1C[C@@H](O)CN1,CCCCCO,298.15,-2.88280083446037,-1.2626452465584779
O=C(O)[C@@H]1C[C@@H](O)CN1,CCCCO,298.15,-2.80882586378437,-1.1439672987337095
O=C(O)[C@@H]1C[C@@H](O)CN1,CC(C)CO,303.15,-2.8142125859756,-0.9844277954319562
O=C(O)[C@@H]1C[C@@H](O)CN1,CCO,293.15,-2.6045348492582003,-0.9366690068208684
O=C(O)[C@@H]1C[C@@H](O)CN1,CC#N,303.15,-2.56107642748831,-0.42816678561141247
O=C(O)[C@@H]1C[C@@H](O)CN1,CO,288.15,-2.43107430075456,-0.6231402865692693
O=C(O)[C@@H]1C[C@@H](O)CN1,COC(C)=O,303.15,-2.7242521571499902,-1.1753937781718453
O=C(O)[C@@H]1C[C@@H](O)CN1,CCCO,298.15,-2.68733096870615,-0.9886812485609844
O=C(O)[C@@H]1C[C@@H](O)CN1,CC(C)O,303.15,-2.70055873139582,-0.8023017422742041
O=C(O)[C@@H]1C[C@@H](O)CN1,CCC(C)O,303.15,-2.7475540216809797,-0.8884893341052741
O=C(O)[C@@H]1C[C@@H](O)CN1,CCCCCO,303.15,-2.8074706627461805,-1.037837855126015
O=C(O)[C@@H]1C[C@@H](O)CN1,CO,293.15,-2.3736552170443503,-0.40258626442988954
O=C(O)[C@@H]1C[C@@H](O)CN1,CCCCO,303.15,-2.7078159946065097,-0.9229507986396801
O=C(O)[C@@H]1C[C@@H](O)CN1,CC#N,308.15,-2.45884579452933,-0.2117191953849188
O=C(O)[C@@H]1C[C@@H](O)CN1,CCO,298.15,-2.49409907195377,-0.7175608210310215
O=C(O)[C@@H]1C[C@@H](O)CN1,CC(C)CO,308.15,-2.69512174676367,-0.7692755558671193
O=C(O)[C@@H]1C[C@@H](O)CN1,CCC(C)=O,298.15,-2.67442517393796,-1.4362685925589895
O=C(O)[C@@H]1C[C@@H](O)CN1,CCCO,303.15,-2.57007008115346,-0.7710071655442777
O=C(O)[C@@H]1C[C@@H](O)CN1,CC(C)O,308.15,-2.58110191567778,-0.5927111852486329
O=C(O)[C@@H]1C[C@@H](O)CN1,CCC(C)O,308.15,-2.6582437047095,-0.6739777925836781
O=C(O)[C@@H]1C[C@@H](O)CN1,CO,298.15,-2.2803524887238,-0.19071879896309912
O=C(O)[C@@H]1C[C@@H](O)CN1,CCCCCO,308.15,-2.7075111575399102,-0.8194833116470888
O=C(O)[C@@H]1C[C@@H](O)CN1,CCCCO,308.15,-2.6272221899029304,-0.7084917636036998
O=C(O)[C@@H]1C[C@@H](O)CN1,COC(C)=O,308.15,-2.5718184354361497,-0.9567916925954474
O=C(O)[C@@H]1C[C@@H](O)CN1,ClCCl,288.15,-2.4544330343538903,-1.9704594628925265
O=C(O)[C@@H]1C[C@@H](O)CN1,CC(C)CO,313.15,-2.62728091943152,-0.5607208645837187
O=C(O)[C@@H]1C[C@@H](O)CN1,CCO,303.15,-2.41651775760094,-0.5066791473724896
O=C(O)[C@@H]1C[C@@H](O)CN1,CC#N,313.15,-2.37715426230421,-0.0032548017443526644
O=C(O)[C@@H]1C[C@@H](O)CN1,CCC(C)O,313.15,-2.58320682811833,-0.4665470083524331
O=C(O)[C@@H]1C[C@@H](O)CN1,CO,303.15,-2.2084912521798996,0.012843646114109541
O=C(O)[C@@H]1C[C@@H](O)CN1,CCCO,308.15,-2.47699029189249,-0.5604384051141227
O=C(O)[C@@H]1C[C@@H](O)CN1,CC(C)O,313.15,-2.4882620960721002,-0.3910079560087226
O=C(O)[C@@H]1C[C@@H](O)CN1,CC(C)CO,318.15,-2.5557348751902,-0.35853890316560555
O=C(O)[C@@H]1C[C@@H](O)CN1,CCCCO,313.15,-2.54826403865244,-0.5003599665010223
O=C(O)[C@@H]1C[C@@H](O)CN1,CC#N,318.15,-2.30769771799133,0.1975601987355935
O=C(O)[C@@H]1C[C@@H](O)CN1,CCO,308.15,-2.33678615300181,-0.3036649761576341
O=C(O)[C@@H]1C[C@@H](O)CN1,COC(C)=O,313.15,-2.46772257040229,-0.7461878381959152
O=C(O)[C@@H]1C[C@@H](O)CN1,CCC(C)=O,303.15,-2.51021281119562,-1.2117012850178115
O=C(O)[C@@H]1C[C@@H](O)CN1,CO,308.15,-2.14911123810908,0.20845561762924825
O=C(O)[C@@H]1C[C@@H](O)CN1,CCC(C)O,318.15,-2.50796789591358,-0.26594354118545804
O=C(O)[C@@H]1C[C@@H](O)CN1,CC(C)CO,323.15,-2.49918654570315,-0.16251971955722788
O=C(O)[C@@H]1C[C@@H](O)CN1,CCCO,313.15,-2.39903551084105,-0.3567191099520709
O=C(O)[C@@H]1C[C@@H](O)CN1,CC(C)O,318.15,-2.40476282091275,-0.1968982485885622
O=C(O)[C@@H]1C[C@@H](O)CN1,CCO,313.15,-2.27979905988729,-0.10818602142070377
O=C(O)[C@@H]1C[C@@H](O)CN1,ClCCl,293.15,-2.3061615539204103,-1.7059569869653484
O=C(O)[C@@H]1C[C@@H](O)CN1,CC#N,323.15,-2.2393652992517596,0.3910367184404364
O=C(O)[C@@H]1C[C@@H](O)CN1,CCCCO,318.15,-2.47241841998968,-0.29834011020337436
O=C(O)[C@@H]1C[C@@H](O)CN1,CCCCCO,313.15,-2.5354035190121,-0.6073505272419836
O=C(O)[C@@H]1C[C@@H](O)CN1,CCC(C)O,323.15,-2.47086616002669,-0.07193127647728303
O=C(O)[C@@H]1C[C@@H](O)CN1,CO,313.15,-2.10115251796983,0.3964467622881874
O=C(O)[C@@H]1C[C@@H](O)CN1,COC(C)=O,318.15,-2.3991303709730096,-0.5432845697612106
O=C(O)[C@@H]1C[C@@H](O)CN1,CC(C)CO,328.15,-2.44075191674181,0.02753276106307334
O=C(O)[C@@H]1C[C@@H](O)CN1,CCCO,318.15,-2.334378670413,-0.15961091889875778
O=C(O)[C@@H]1C[C@@H](O)CN1,CC#N,328.15,-2.1876578741096497,0.5774644435797045
O=C(O)[C@@H]1C[C@@H](O)CN1,CC(C)O,323.15,-2.3418667067085095,-0.010109956494765537
O=C(O)[C@@H]1C[C@@H](O)CN1,CCCCO,323.15,-2.41567101439905,-0.1022307806918028
O=C(O)[C@@H]1C[C@@H](O)CN1,CCC(C)O,328.15,-2.4176780928185697,0.11570972302066096
O=C(O)[C@@H]1C[C@@H](O)CN1,CCO,318.15,-2.20265374186924,0.08006525321066038
O=C(O)[C@@H]1C[C@@H](O)CN1,CCC(C)=O,308.15,-2.3781528629116897,-0.9941227718548415
O=C(O)[C@@H]1C[C@@H](O)CN1,CC(C)CO,333.15,-2.39871784110806,0.2118016175705093
O=C(O)[C@@H]1C[C@@H](O)CN1,COC(C)=O,323.15,-2.3203097643303,-0.34780586886900755
O=C(O)[C@@H]1C[C@@H](O)CN1,CO,318.15,-2.01049195697824,0.5771236400352492
O=C(O)[C@@H]1C[C@@H](O)CN1,CCC(C)O,333.15,-2.37308323727644,0.2971842344199118
O=C(O)[C@@H]1C[C@@H](O)CN1,CCCO,323.15,-2.27457178405836,0.031108229481395355
O=C(O)[C@@H]1C[C@@H](O)CN1,C1COCCO1,288.15,-2.31436620850819,-1.6527205936505125
O=C(O)[C@@H]1C[C@@H](O)CN1,ClCCl,298.15,-2.18511023538382,-1.4527810604356242
O=C(O)[C@@H]1C[C@@H](O)CN1,CC#N,333.15,-2.12603481769867,0.7571133260971286
O=C(O)[C@@H]1C[C@@H](O)CN1,CC(C)O,328.15,-2.27930714608383,0.16960864754197735
O=C(O)[C@@H]1C[C@@H](O)CN1,CCCCO,328.15,-2.35345581572185,0.08815649846028029
O=C(O)[C@@H]1C[C@@H](O)CN1,CCO,323.15,-2.1486301766251104,0.26137340459839364
O=C(O)[C@@H]1C[C@@H](O)CN1,CCOC(C)=O,283.15,-2.32660413247876,-2.428370981375401
O=C(O)[C@@H]1C[C@@H](O)CN1,CCCO,328.15,-2.23018679404494,0.21564516093977737
O=C(O)[C@@H]1C[C@@H](O)CN1,COC(C)=O,328.15,-2.2499687569011297,-0.1594960133616572
O=C(O)[C@@H]1C[C@@H](O)CN1,CCC(C)=O,313.15,-2.27913980316652,-0.7832942972654496
O=C(O)[C@@H]1C[C@@H](O)CN1,CCCCCO,318.15,-2.3563763188165896,-0.4012230553220333
O=C(O)[C@@H]1C[C@@H](O)CN1,CC(C)O,333.15,-2.21044501489052,0.3424900531827455
O=C(O)[C@@H]1C[C@@H](O)CN1,CCCCO,333.15,-2.2800862141070097,0.272998117170701
O=C(O)[C@@H]1C[C@@H](O)CN1,CCCO,333.15,-2.19115484464609,0.3941924067728737
O=C(O)[C@@H]1C[C@@H](O)CN1,ClCCl,303.15,-2.09914617315398,-1.2103788525292474
O=C(O)[C@@H]1C[C@@H](O)CN1,CCO,328.15,-2.076836715787,0.43600159098602576
O=C(O)[C@@H]1C[C@@H](O)CN1,CO,323.15,-1.9021897662708203,0.7507712863478458
O=C(O)[C@@H]1C[C@@H](O)CN1,CCO,333.15,-2.03101617229729,0.60419297626579
O=C(O)[C@@H]1C[C@@H](O)CN1,CCC(C)=O,318.15,-2.18637859291029,-0.5789932025061136
O=C(O)[C@@H]1C[C@@H](O)CN1,ClCCl,308.15,-2.02236171629733,-0.9782375770183638
O=C(O)[C@@H]1C[C@@H](O)CN1,CCCCCO,323.15,-2.24796311983501,-0.2008980498557491
O=C(O)[C@@H]1C[C@@H](O)CN1,C1COCCO1,293.15,-2.1302455014206396,-1.4193301640373728
O=C(O)[C@@H]1C[C@@H](O)CN1,CO,328.15,-1.81042187196199,0.9176545469465336
O=C(O)[C@@H]1C[C@@H](O)CN1,CCOC(C)=O,288.15,-2.17236834468147,-2.1747189484660443
O=C(O)[C@@H]1C[C@@H](O)CN1,CCC(C)=O,323.15,-2.10974971259186,-0.38101185965256534
O=C(O)[C@@H]1C[C@@H](O)CN1,CO,333.15,-1.7337656716835002,1.0780192065963945
O=C(O)[C@@H]1C[C@@H](O)CN1,CCCCCO,328.15,-2.13016681999335,-0.00618531822208479
O=C(O)[C@@H]1C[C@@H](O)CN1,C1COCCO1,298.15,-2.0025588387849798,-1.1924552849515127
O=C(O)[C@@H]1C[C@@H](O)CN1,CCOC(C)=O,293.15,-2.05397316338977,-1.9291638928796921
O=C(O)[C@@H]1C[C@@H](O)CN1,CCC(C)=O,328.15,-2.0348130424804802,-0.18915672615026935
O=C(O)[C@@H]1C[C@@H](O)CN1,CC(C)=O,283.15,-1.8944029741237398,-1.769803213730254
O=C(O)[C@@H]1C[C@@H](O)CN1,CCC(C)=O,333.15,-1.97047989663199,-0.0032475120860109286
O=C(O)[C@@H]1C[C@@H](O)CN1,CCCCCO,333.15,-2.01041462767027,0.18309354086817708
O=C(O)[C@@H]1C[C@@H](O)CN1,CCOC(C)=O,298.15,-1.95644762292296,-1.6913977352773895
O=C(O)[C@@H]1C[C@@H](O)CN1,C1COCCO1,303.15,-1.9020757996703601,-0.9718589164982017
O=C(O)[C@@H]1C[C@@H](O)CN1,CC(C)=O,288.15,-1.82137798518935,-1.5233003979712136
O=C(O)[C@@H]1C[C@@H](O)CN1,C1COCCO1,308.15,-1.8210805016959,-0.7573190007521126
O=C(O)[C@@H]1C[C@@H](O)CN1,CCOC(C)=O,303.15,-1.8762610019153898,-1.4611334921382206
O=C(O)[C@@H]1C[C@@H](O)CN1,CC(C)=O,293.15,-1.72180874477574,-1.2863210193608516
O=C(O)[C@@H]1C[C@@H](O)CN1,C1COCCO1,313.15,-1.7543667657548703,-0.5486273888618537
O=C(O)[C@@H]1C[C@@H](O)CN1,CC(C)=O,298.15,-1.6546650926209399,-1.058456906195083
O=C(O)[C@@H]1C[C@@H](O)CN1,CCOC(C)=O,308.15,-1.7758448495117802,-1.2381037151923602
O=C(O)[C@@H]1C[C@@H](O)CN1,C1COCCO1,318.15,-1.6924035428917,-0.345588857873219
O=C(O)[C@@H]1C[C@@H](O)CN1,CCOC(C)=O,313.15,-1.72220074640176,-1.0220590929180533
O=C(O)[C@@H]1C[C@@H](O)CN1,C1COCCO1,323.15,-1.6340714878696299,-0.14802021003894406
O=C(O)[C@@H]1C[C@@H](O)CN1,CC(C)=O,303.15,-1.55804758032557,-0.8393297268339983
O=C(O)[C@@H]1C[C@@H](O)CN1,CCOC(C)=O,318.15,-1.6474646888661102,-0.8127672015268531
O=C(O)[C@@H]1C[C@@H](O)CN1,CC(C)=O,308.15,-1.5029616700291002,-0.6285888303666445
O=C(O)[C@@H]1C[C@@H](O)CN1,C1COCCO1,328.15,-1.56947111792098,0.04425054926145533
O=C(O)[C@@H]1C[C@@H](O)CN1,CCOC(C)=O,323.15,-1.5890340416763202,-0.6100113943945447
O=C(O)[C@@H]1C[C@@H](O)CN1,C1COCCO1,333.15,-1.5118440213762598,0.23138496316802848
O=C(O)[C@@H]1C[C@@H](O)CN1,CC(C)=O,313.15,-1.4337156553911101,-0.4259093268380102
O=C(O)[C@@H]1C[C@@H](O)CN1,CCOC(C)=O,328.15,-1.51286034877748,-0.41358982007292067
O=C(O)[C@@H]1C[C@@H](O)CN1,CC(C)=O,318.15,-1.37445905910059,-0.2309903849574968
O=C(O)[C@@H]1C[C@@H](O)CN1,CCOC(C)=O,333.15,-1.4347928833031398,-0.22331456048990228
O=C(O)[C@@H]1C[C@@H](O)CN1,CC(C)=O,323.15,-1.29936901743279,-0.04355372879803343
O=C(O)[C@@H]1C[C@@H](O)CN1,CC(C)=O,328.15,-1.2410992796053302,0.13665768176064996
O=C(O)[C@@H]1C[C@@H](O)CN1,O,283.15,0.425009079338141,-0.2584886538198705
O=C(O)[C@@H]1C[C@@H](O)CN1,O,288.15,0.44296362466558004,-0.05332999548342843
O=C(O)[C@@H]1C[C@@H](O)CN1,O,293.15,0.45821995096301793,0.1466281483913083
O=C(O)[C@@H]1C[C@@H](O)CN1,O,298.15,0.47466375976758296,0.34157652796531496
O=C(O)[C@@H]1C[C@@H](O)CN1,O,303.15,0.49077778501906,0.5316929756243839
O=C(O)[C@@H]1C[C@@H](O)CN1,O,308.15,0.509332657268577,0.7171436517572001
O=C(O)[C@@H]1C[C@@H](O)CN1,O,313.15,0.523416109075722,0.8980840795002725
O=C(O)[C@@H]1C[C@@H](O)CN1,O,318.15,0.535786096380729,1.0746600277716538
O=C(O)[C@@H]1C[C@@H](O)CN1,O,323.15,0.553065746367969,1.247008279581964
O=C(O)[C@@H]1C[C@@H](O)CN1,O,328.15,0.564313584003569,1.415257309713366
O=C(O)[C@@H]1C[C@@H](O)CN1,O,333.15,0.5938933344618841,1.5795278882626884
C[C@H]1[C@H](C)CC[C@]2(C(=O)O)CC[C@]3(C)C(=CC[C@@H]4[C@@]5(C)CC[C@H](O)C(C)(C)[C@@H]5CC[C@]43C)[C@H]12,CC(=O)CC(C)C,278.2,-2.11504203289932,2.2099312565297504
C[C@H]1[C@H](C)CC[C@]2(C(=O)O)CC[C@]3(C)C(=CC[C@@H]4[C@@]5(C)CC[C@H](O)C(C)(C)[C@@H]5CC[C@]43C)[C@H]12,CC(=O)CC(C)C,283.2,-2.07531386516824,2.6875252417006763
C[C@H]1[C@H](C)CC[C@]2(C(=O)O)CC[C@]3(C)C(=CC[C@@H]4[C@@]5(C)CC[C@H](O)C(C)(C)[C@@H]5CC[C@]43C)[C@H]12,CC(=O)CC(C)C,288.2,-2.06742171179632,3.1402125339491707
C[C@H]1[C@H](C)CC[C@]2(C(=O)O)CC[C@]3(C)C(=CC[C@@H]4[C@@]5(C)CC[C@H](O)C(C)(C)[C@@H]5CC[C@]43C)[C@H]12,CC(=O)CC(C)C,293.2,-2.05907702455514,3.569437120322634
C[C@H]1[C@H](C)CC[C@]2(C(=O)O)CC[C@]3(C)C(=CC[C@@H]4[C@@]5(C)CC[C@H](O)C(C)(C)[C@@H]5CC[C@]43C)[C@H]12,CC(=O)CC(C)C,298.2,-1.99288396431983,3.9765366676906293
C[C@H]1[C@H](C)CC[C@]2(C(=O)O)CC[C@]3(C)C(=CC[C@@H]4[C@@]5(C)CC[C@H](O)C(C)(C)[C@@H]5CC[C@]43C)[C@H]12,CC(=O)CC(C)C,303.2,-1.9942014096316498,4.362751566071852
C[C@H]1[C@H](C)CC[C@]2(C(=O)O)CC[C@]3(C)C(=CC[C@@H]4[C@@]5(C)CC[C@H](O)C(C)(C)[C@@H]5CC[C@]43C)[C@H]12,CC(=O)CC(C)C,308.2,-1.9285353144117001,4.72923307256375
C[C@H]1[C@H](C)CC[C@]2(C(=O)O)CC[C@]3(C)C(=CC[C@@H]4[C@@]5(C)CC[C@H](O)C(C)(C)[C@@H]5CC[C@]43C)[C@H]12,CCCCO,278.2,-1.76869343982094,2.2415078258733123
C[C@H]1[C@H](C)CC[C@]2(C(=O)O)CC[C@]3(C)C(=CC[C@@H]4[C@@]5(C)CC[C@H](O)C(C)(C)[C@@H]5CC[C@]43C)[C@H]12,COC(C)(C)C,278.2,-1.8426272791324698,2.037521319922586
C[C@H]1[C@H](C)CC[C@]2(C(=O)O)CC[C@]3(C)C(=CC[C@@H]4[C@@]5(C)CC[C@H](O)C(C)(C)[C@@H]5CC[C@]43C)[C@H]12,CCCCO,283.2,-1.7316783883389597,2.699222517983987
C[C@H]1[C@H](C)CC[C@]2(C(=O)O)CC[C@]3(C)C(=CC[C@@H]4[C@@]5(C)CC[C@H](O)C(C)(C)[C@@H]5CC[C@]43C)[C@H]12,CC(=O)CC(C)C,313.2,-1.87707012362016,5.077050656026579
CC1(C)CC[C@]2(C(=O)O)CC[C@]3(C)C(=CC[C@@H]4[C@@]5(C)CC[C@H](O)C(C)(C)[C@@H]5CC[C@]43C)[C@@H]2C1,CC(=O)CC(C)C,278.2,-1.85154410307053,2.184366527911972
C[C@H]1[C@H](C)CC[C@]2(C(=O)O)CC[C@]3(C)C(=CC[C@@H]4[C@@]5(C)CC[C@H](O)C(C)(C)[C@@H]5CC[C@]43C)[C@H]12,COC(C)(C)C,283.2,-1.8267847262885901,2.5394650085135773
C[C@H]1[C@H](C)CC[C@]2(C(=O)O)CC[C@]3(C)C(=CC[C@@H]4[C@@]5(C)CC[C@H](O)C(C)(C)[C@@H]5CC[C@]43C)[C@H]12,CC(=O)CC(C)C,318.2,-1.84322824249233,5.407198627975444
CC1(C)CC[C@]2(C(=O)O)CC[C@]3(C)C(=CC[C@@H]4[C@@]5(C)CC[C@H](O)C(C)(C)[C@@H]5CC[C@]43C)[C@@H]2C1,CCCCO,278.2,-1.6843964319081202,2.2243866531445633
CC1(C)CC[C@]2(C(=O)O)CC[C@]3(C)C(=CC[C@@H]4[C@@]5(C)CC[C@H](O)C(C)(C)[C@@H]5CC[C@]43C)[C@@H]2C1,CC(=O)CC(C)C,283.2,-1.7907500716149398,2.654526381933217
C[C@H]1[C@H](C)CC[C@]2(C(=O)O)CC[C@]3(C)C(=CC[C@@H]4[C@@]5(C)CC[C@H](O)C(C)(C)[C@@H]5CC[C@]43C)[C@H]12,COC(C)(C)C,288.2,-1.74958079793063,3.0051149678684403
CC1(C)CC[C@]2(C(=O)O)CC[C@]3(C)C(=CC[C@@H]4[C@@]5(C)CC[C@H](O)C(C)(C)[C@@H]5CC[C@]43C)[C@@H]2C1,CC(=O)CC(C)C,288.2,-1.76757407345707,3.099977601040008
CC1(C)CC[C@]2(C(=O)O)CC[C@]3(C)C(=CC[C@@H]4[C@@]5(C)CC[C@H](O)C(C)(C)[C@@H]5CC[C@]43C)[C@@H]2C1,CC(=O)CC(C)C,293.2,-1.76830570809784,3.522156321323078
CC1(C)CC[C@]2(C(=O)O)CC[C@]3(C)C(=CC[C@@H]4[C@@]5(C)CC[C@H](O)C(C)(C)[C@@H]5CC[C@]43C)[C@@H]2C1,CCCCO,283.2,-1.6140184085693101,2.6753642493637404
CC1(C)CC[C@]2(C(=O)O)CC[C@]3(C)C(=CC[C@@H]4[C@@]5(C)CC[C@H](O)C(C)(C)[C@@H]5CC[C@]43C)[C@@H]2C1,CCCCO,288.2,-1.6115398306747402,3.1028019957787976
C[C@H]1[C@H](C)CC[C@]2(C(=O)O)CC[C@]3(C)C(=CC[C@@H]4[C@@]5(C)CC[C@H](O)C(C)(C)[C@@H]5CC[C@]43C)[C@H]12,CCCCO,288.2,-1.6039663473987702,3.1332832791901426
CC1(C)CC[C@]2(C(=O)O)CC[C@]3(C)C(=CC[C@@H]4[C@@]5(C)CC[C@H](O)C(C)(C)[C@@H]5CC[C@]43C)[C@@H]2C1,CC(=O)CC(C)C,298.2,-1.73633147638894,3.9223928299937354
C[C@H]1[C@H](C)CC[C@]2(C(=O)O)CC[C@]3(C)C(=CC[C@@H]4[C@@]5(C)CC[C@H](O)C(C)(C)[C@@H]5CC[C@]43C)[C@H]12,COC(C)(C)C,293.2,-1.6780041525556397,3.4368625893075047
CC1(C)CC[C@]2(C(=O)O)CC[C@]3(C)C(=CC[C@@H]4[C@@]5(C)CC[C@H](O)C(C)(C)[C@@H]5CC[C@]43C)[C@@H]2C1,CCCCO,293.2,-1.56404930942223,3.508053904931326
CC1(C)CC[C@]2(C(=O)O)CC[C@]3(C)C(=CC[C@@H]4[C@@]5(C)CC[C@H](O)C(C)(C)[C@@H]5CC[C@]43C)[C@@H]2C1,CC(=O)CC(C)C,303.2,-1.6815147438051101,4.301920574066775
CC1(C)CC[C@]2(C(=O)O)CC[C@]3(C)C(=CC[C@@H]4[C@@]5(C)CC[C@H](O)C(C)(C)[C@@H]5CC[C@]43C)[C@@H]2C1,CCCCO,298.2,-1.53891900536903,3.8923739164984705
C[C@H]1[C@H](C)CC[C@]2(C(=O)O)CC[C@]3(C)C(=CC[C@@H]4[C@@]5(C)CC[C@H](O)C(C)(C)[C@@H]5CC[C@]43C)[C@H]12,CCCCO,293.2,-1.53545673397365,3.545045604939223
C[C@H]1[C@H](C)CC[C@]2(C(=O)O)CC[C@]3(C)C(=CC[C@@H]4[C@@]5(C)CC[C@H](O)C(C)(C)[C@@H]5CC[C@]43C)[C@H]12,COC(C)(C)C,298.2,-1.6148927815315601,3.8369156332307184
C[C@H]1[C@H](C)CC[C@]2(C(=O)O)CC[C@]3(C)C(=CC[C@@H]4[C@@]5(C)CC[C@H](O)C(C)(C)[C@@H]5CC[C@]43C)[C@H]12,COC(C)(C)C,303.2,-1.6009567963458002,4.207314256756603
C[C@H]1[C@H](C)CC[C@]2(C(=O)O)CC[C@]3(C)C(=CC[C@@H]4[C@@]5(C)CC[C@H](O)C(C)(C)[C@@H]5CC[C@]43C)[C@H]12,COC(C)(C)C,308.2,-1.60497971833175,4.549945381922141
C[C@H]1[C@H](C)CC[C@]2(C(=O)O)CC[C@]3(C)C(=CC[C@@H]4[C@@]5(C)CC[C@H](O)C(C)(C)[C@@H]5CC[C@]43C)[C@H]12,COC(C)(C)C,313.2,-1.6112502478813202,4.86655558933044
CC1(C)CC[C@]2(C(=O)O)CC[C@]3(C)C(=CC[C@@H]4[C@@]5(C)CC[C@H](O)C(C)(C)[C@@H]5CC[C@]43C)[C@@H]2C1,CC(=O)CC(C)C,308.2,-1.5978292645607501,4.661884272876118
C[C@H]1[C@H](C)CC[C@]2(C(=O)O)CC[C@]3(C)C(=CC[C@@H]4[C@@]5(C)CC[C@H](O)C(C)(C)[C@@H]5CC[C@]43C)[C@H]12,CCCCO,298.2,-1.4357155939200499,3.9357649340862206
C[C@H]1[C@H](C)CC[C@]2(C(=O)O)CC[C@]3(C)C(=CC[C@@H]4[C@@]5(C)CC[C@H](O)C(C)(C)[C@@H]5CC[C@]43C)[C@H]12,COC(C)(C)C,318.2,-1.5922100701763302,5.158762698374882
CC1(C)CC[C@]2(C(=O)O)CC[C@]3(C)C(=CC[C@@H]4[C@@]5(C)CC[C@H](O)C(C)(C)[C@@H]5CC[C@]43C)[C@@H]2C1,CC(=O)CC(C)C,313.2,-1.55017097376662,5.003347234240071
CC1(C)CC[C@]2(C(=O)O)CC[C@]3(C)C(=CC[C@@H]4[C@@]5(C)CC[C@H](O)C(C)(C)[C@@H]5CC[C@]43C)[C@@H]2C1,COC(C)(C)C,278.2,-1.50918830337403,1.98105941782073
CC1(C)CC[C@]2(C(=O)O)CC[C@]3(C)C(=CC[C@@H]4[C@@]5(C)CC[C@H](O)C(C)(C)[C@@H]5CC[C@]43C)[C@@H]2C1,CCCCO,303.2,-1.39578325557803,4.256924394427747
C[C@H]1[C@H](C)CC[C@]2(C(=O)O)CC[C@]3(C)C(=CC[C@@H]4[C@@]5(C)CC[C@H](O)C(C)(C)[C@@H]5CC[C@]43C)[C@H]12,CCCCO,303.2,-1.3766507633053002,4.306605136733275
CC1(C)CC[C@]2(C(=O)O)CC[C@]3(C)C(=CC[C@@H]4[C@@]5(C)CC[C@H](O)C(C)(C)[C@@H]5CC[C@]43C)[C@@H]2C1,COC(C)(C)C,283.2,-1.47983107589025,2.4759176737729183
CC1(C)CC[C@]2(C(=O)O)CC[C@]3(C)C(=CC[C@@H]4[C@@]5(C)CC[C@H](O)C(C)(C)[C@@H]5CC[C@]43C)[C@@H]2C1,CCCCO,308.2,-1.37156958075532,4.602783776511045
CC1(C)CC[C@]2(C(=O)O)CC[C@]3(C)C(=CC[C@@H]4[C@@]5(C)CC[C@H](O)C(C)(C)[C@@H]5CC[C@]43C)[C@@H]2C1,COC(C)(C)C,288.2,-1.4594353649650702,2.934711667500502
C[C@H]1[C@H](C)CC[C@]2(C(=O)O)CC[C@]3(C)C(=CC[C@@H]4[C@@]5(C)CC[C@H](O)C(C)(C)[C@@H]5CC[C@]43C)[C@H]12,CCCCO,308.2,-1.3521527501767001,4.658646155720673
CC1(C)CC[C@]2(C(=O)O)CC[C@]3(C)C(=CC[C@@H]4[C@@]5(C)CC[C@H](O)C(C)(C)[C@@H]5CC[C@]43C)[C@@H]2C1,COC(C)(C)C,293.2,-1.4545217669540802,3.3598228433030677
CC1(C)CC[C@]2(C(=O)O)CC[C@]3(C)C(=CC[C@@H]4[C@@]5(C)CC[C@H](O)C(C)(C)[C@@H]5CC[C@]43C)[C@@H]2C1,COC(C)(C)C,298.2,-1.44812679329909,3.7534496916349154
CC1(C)CC[C@]2(C(=O)O)CC[C@]3(C)C(=CC[C@@H]4[C@@]5(C)CC[C@H](O)C(C)(C)[C@@H]5CC[C@]43C)[C@@H]2C1,COC(C)(C)C,303.2,-1.4594886992225802,4.117623726980013
CC1(C)CC[C@]2(C(=O)O)CC[C@]3(C)C(=CC[C@@H]4[C@@]5(C)CC[C@H](O)C(C)(C)[C@@H]5CC[C@]43C)[C@@H]2C1,CC(=O)CC(C)C,318.2,-1.47740931696145,5.327297959436001
C[C@H]1[C@H](C)CC[C@]2(C(=O)O)CC[C@]3(C)C(=CC[C@@H]4[C@@]5(C)CC[C@H](O)C(C)(C)[C@@H]5CC[C@]43C)[C@H]12,CCCCO,313.2,-1.29996475213246,4.992890894277155
CC1(C)CC[C@]2(C(=O)O)CC[C@]3(C)C(=CC[C@@H]4[C@@]5(C)CC[C@H](O)C(C)(C)[C@@H]5CC[C@]43C)[C@@H]2C1,COC(C)(C)C,308.2,-1.41959210077718,4.454223811526316
C[C@H]1[C@H](C)CC[C@]2(C(=O)O)CC[C@]3(C)C(=CC[C@@H]4[C@@]5(C)CC[C@H](O)C(C)(C)[C@@H]5CC[C@]43C)[C@H]12,CCCCO,318.2,-1.26763984696064,5.310271428550044
CC1(C)CC[C@]2(C(=O)O)CC[C@]3(C)C(=CC[C@@H]4[C@@]5(C)CC[C@H](O)C(C)(C)[C@@H]5CC[C@]43C)[C@@H]2C1,CCCCO,313.2,-1.25867581280592,4.930953469090312
CC1(C)CC[C@]2(C(=O)O)CC[C@]3(C)C(=CC[C@@H]4[C@@]5(C)CC[C@H](O)C(C)(C)[C@@H]5CC[C@]43C)[C@@H]2C1,CCCCO,318.2,-1.2283174822762,5.242364065774616
CC1(C)CC[C@]2(C(=O)O)CC[C@]3(C)C(=CC[C@@H]4[C@@]5(C)CC[C@H](O)C(C)(C)[C@@H]5CC[C@]43C)[C@@H]2C1,COC(C)(C)C,313.2,-1.34938073494746,4.7649890090258005
CC1(C)CC[C@]2(C(=O)O)CC[C@]3(C)C(=CC[C@@H]4[C@@]5(C)CC[C@H](O)C(C)(C)[C@@H]5CC[C@]43C)[C@@H]2C1,COC(C)(C)C,318.2,-1.32179107193798,5.051530129543507
O=C(O)c1ccccc1,O=C(OCc1ccccc1)c1ccccc1,288.15,-0.44132016314963507,-0.760579004221876
O=C(O)c1ccccc1,O=C(OCc1ccccc1)c1ccccc1,293.15,-0.33848767228481,-0.721348435523699
O=C(O)c1ccccc1,O=C(OCc1ccccc1)c1ccccc1,298.15,-0.23306620976572198,-0.6810609533785741
O=C(O)c1ccccc1,CC(=O)OCc1ccccc1,288.15,-0.028094075020082997,-0.45967606972870917
O=C(O)c1ccccc1,O=C(OCc1ccccc1)c1ccccc1,303.15,-3.1384928342173097,-0.6398324514761009
O=C(O)c1ccccc1,CC(=O)OCc1ccccc1,293.15,0.025548965415276,-0.42590116492025903
O=C(O)c1ccccc1,O=C(OCc1ccccc1)c1ccccc1,308.15,-0.07140004373236701,-0.5977689640923327
O=C(O)c1ccccc1,OCc1ccccc1,288.15,0.20272718218598001,-0.06651391646550864
O=C(O)c1ccccc1,CC(=O)OCc1ccccc1,298.15,0.07453855761605499,-0.3905098585159398
O=C(O)c1ccccc1,CC(=O)OCc1ccccc1,303.15,0.11362257349446,-0.3536656679617527
O=C(O)c1ccccc1,OCc1ccccc1,293.15,0.258756436557423,-0.03143418746557451
O=C(O)c1ccccc1,O=C(OCc1ccccc1)c1ccccc1,313.15,-0.004700637572574,-0.5549676007820087
O=C(O)c1ccccc1,OCc1ccccc1,298.15,0.291664044784231,0.004713771428069289
O=C(O)c1ccccc1,CC(=O)OCc1ccccc1,308.15,0.177160920745374,-0.3155191548288238
O=C(O)c1ccccc1,O=C(OCc1ccccc1)c1ccccc1,318.15,0.078527374382836,-0.5115173852172323
O=C(O)c1ccccc1,OCc1ccccc1,303.15,0.348692754457901,0.041809297438686284
O=C(O)c1ccccc1,CC(=O)OCc1ccccc1,313.15,0.23215711344958104,-0.2762091522170857
O=C(O)c1ccccc1,O=C(OCc1ccccc1)c1ccccc1,323.15,0.15199986355614,-0.4675000092292505
O=C(O)c1ccccc1,OCc1ccccc1,308.15,0.416666715317457,0.07974156239110795
O=C(O)c1ccccc1,CC(=O)OCc1ccccc1,318.15,0.305435479840567,-0.23586386294764064
O=C(O)c1ccccc1,OCc1ccccc1,313.15,0.46434394970005,0.11840861849819889
O=C(O)c1ccccc1,O=C(OCc1ccccc1)c1ccccc1,328.15,0.23495181911174598,-0.42299051163167417
O=C(O)c1ccccc1,CC(=O)OCc1ccccc1,323.15,0.36299667530143104,-0.19460184259884736
O=C(O)c1ccccc1,OCc1ccccc1,318.15,0.5317206077394929,0.15771654456688186
O=C(O)c1ccccc1,OCc1ccccc1,323.15,0.583715320316793,0.19757868117199434
O=C(O)c1ccccc1,CC(=O)OCc1ccccc1,328.15,0.450844434757871,-0.15253287987397723
O=C(O)c1ccccc1,OCc1ccccc1,328.15,0.630983738866527,0.2379149463765545
NC(=O)[C@@H]1CCCN1,CCCCCC,278.15,-3.32885894885814,-3.9654727134903043
NC(=O)[C@@H]1CCCN1,C1CCCCC1,278.15,-3.24771397595765,-3.8929323408473255
NC(=O)[C@@H]1CCCN1,CCCCCC,283.15,-3.15594775422273,-3.7125172222638607
NC(=O)[C@@H]1CCCN1,C1CCCCC1,283.15,-3.0741110261559,-3.640704220771422
NC(=O)[C@@H]1CCCN1,C1CCCCC1,288.15,-2.8847362481771497,-3.3975417975810376
NC(=O)[C@@H]1CCCN1,CCCCCC,288.15,-2.93692309616013,-3.469413238876794
NC(=O)[C@@H]1CCCN1,C1CCCCC1,293.15,-2.6909709075680093,-3.16299370308858
NC(=O)[C@@H]1CCCN1,CCCCCC,293.15,-2.75400878679677,-3.235672132915393
NC(=O)[C@@H]1CCCN1,CCCCCCC,278.15,-2.75900663261804,-3.9565738244108677
NC(=O)[C@@H]1CCCN1,CCCCCC,298.15,-2.61338845836934,-3.010839881189659
NC(=O)[C@@H]1CCCN1,C1CCCCC1,298.15,-2.5279380636202697,-2.9366534133102347
NC(=O)[C@@H]1CCCN1,CCCCCCC,283.15,-2.6033763575012405,-3.706660962168947
NC(=O)[C@@H]1CCCN1,CCCCCCC,288.15,-2.4722494416642595,-3.4657642758998515
NC(=O)[C@@H]1CCCN1,CCCCCC,303.15,-2.41387879239967,-2.7944941693201892
NC(=O)[C@@H]1CCCN1,C1CCCCC1,303.15,-2.33092785172081,-2.718142020454029
NC(=O)[C@@H]1CCCN1,CCCCCCC,293.15,-2.33275281198479,-3.233446056176279
NC(=O)[C@@H]1CCCN1,CCCCCC,308.15,-2.23832981457772,-2.586241798877475
NC(=O)[C@@H]1CCCN1,C1CCCCC1,308.15,-2.14343372944437,-2.5071059606182406
NC(=O)[C@@H]1CCCN1,CCCCCCC,298.15,-2.18279894110344,-3.009299171879162
NC(=O)[C@@H]1CCCN1,CCCCCC,313.15,-2.0778115887646202,-2.3857163679162094
NC(=O)[C@@H]1CCCN1,C1CCCCC1,313.15,-1.9501389591729799,-2.303214964265179
NC(=O)[C@@H]1CCCN1,CCCCCCC,303.15,-2.05340546562657,-2.7929445167206985
NC(=O)[C@@H]1CCCN1,CCCCCC,318.15,-1.92922612465867,-2.192576196493702
NC(=O)[C@@H]1CCCN1,C1CCCCC1,318.15,-1.8156584563695801,-2.106160207669391
NC(=O)[C@@H]1CCCN1,CCCCCCC,308.15,-1.9181738884751898,-2.5840287034706524
NC(=O)[C@@H]1CCCN1,CCCCCC,323.15,-1.807248528766,-2.006502472149391
NC(=O)[C@@H]1CCCN1,C1CCCCC1,323.15,-1.6850231801902198,-1.9156526456148124
NC(=O)[C@@H]1CCCN1,CCCCCCC,313.15,-1.7976842331787801,-2.3822219807157894
NC(=O)[C@@H]1CCCN1,CCCCCCC,318.15,-1.6958373969367297,-2.1872163521103847
NC(=O)[C@@H]1CCCN1,CCCCCCC,323.15,-1.5781415200008702,-1.9987238789093613
NC(=O)[C@@H]1CCCN1,CCOC(C)=O,278.15,-0.850454397800249,-1.6220787698520827
NC(=O)[C@@H]1CCCN1,CCOC(C)=O,283.15,-0.7241158581564091,-1.4380245371010816
NC(=O)[C@@H]1CCCN1,CCOC(C)=O,288.15,-0.592375608201952,-1.2605778133893377
NC(=O)[C@@H]1CCCN1,CCOC(C)=O,293.15,-0.47843278673005296,-1.0894499467830379
NC(=O)[C@@H]1CCCN1,CCOC(C)=O,298.15,-0.347974945440083,-0.9243729453844527
NC(=O)[C@@H]1CCCN1,CN(C)C=O,278.15,-0.235588914892274,-0.8205601429113665
NC(=O)[C@@H]1CCCN1,CCCO,278.15,-0.177064896607822,-0.23434686599244892
NC(=O)[C@@H]1CCCN1,CC(C)O,278.15,-0.125901366692142,-0.45082722826017985
NC(=O)[C@@H]1CCCN1,CCOC(C)=O,303.15,-0.23182684318837,-0.7650978028585826
NC(=O)[C@@H]1CCCN1,CC#N,278.15,0.06037775482765099,-0.9253561170181349
NC(=O)[C@@H]1CCCN1,CN(C)C=O,283.15,-0.09378780281894099,-0.6688455427411122
NC(=O)[C@@H]1CCCN1,CCCO,283.15,-0.066872294706206,-0.09889324664808474
NC(=O)[C@@H]1CCCN1,CC(C)O,283.15,-0.059591462523545,-0.30967524841758476
NC(=O)[C@@H]1CCCN1,C1CCOC1,278.15,-0.080611643577923,-1.5963104976514253
NC(=O)[C@@H]1CCCN1,CC#N,283.15,0.11640137464608499,-0.7456085807985671
NC(=O)[C@@H]1CCCN1,CC(C)=O,278.15,-0.019001136702509996,-1.3703085089259188
NC(=O)[C@@H]1CCCN1,CCOC(C)=O,308.15,-0.11486302940579099,-0.6113929922584811
NC(=O)[C@@H]1CCCN1,CC#N,288.15,0.18057789364548701,-0.573032797250898
NC(=O)[C@@H]1CCCN1,C1CCOC1,283.15,0.004294634292636,-1.4243715343817702
NC(=O)[C@@H]1CCCN1,CCCO,288.15,0.039683252831998,0.03262017291395816
NC(=O)[C@@H]1CCCN1,CN(C)C=O,288.15,0.030134644596854998,-0.5209751962270772
NC(=O)[C@@H]1CCCN1,CC(C)=O,283.15,0.067527147951703,-1.1910894224644302
NC(=O)[C@@H]1CCCN1,CC(C)O,288.15,0.055878932444671,-0.17326614368364357
NC(=O)[C@@H]1CCCN1,C1CCOC1,283.15,0.03745102070295,-1.4243715343817702
NC(=O)[C@@H]1CCCN1,CC#N,293.15,0.24248818685491302,-0.40728046748275404
NC(=O)[C@@H]1CCCN1,C1CCOC1,288.15,0.079861218620916,-1.2576235172518535
NC(=O)[C@@H]1CCCN1,C1CCOC1,288.15,0.101650537664627,-1.2576235172518535
NC(=O)[C@@H]1CCCN1,CCOC(C)=O,313.15,0.0074744663500649995,-0.4630431145189562
NC(=O)[C@@H]1CCCN1,CCCO,293.15,0.138939217736145,0.1603054054736141
NC(=O)[C@@H]1CCCN1,CC#N,298.15,0.304139314501432,-0.24802863682699114
NC(=O)[C@@H]1CCCN1,CC(C)=O,288.15,0.161890988812357,-1.018979600694394
NC(=O)[C@@H]1CCCN1,CN(C)C=O,293.15,0.147729599773029,-0.3768100619878819
NC(=O)[C@@H]1CCCN1,CC(C)O,293.15,0.16024302043088,-0.041450041882377275
NC(=O)[C@@H]1CCCN1,CC#N,303.15,0.3474205737886681,-0.09497758629919845
NC(=O)[C@@H]1CCCN1,C1CCOC1,293.15,0.170138526953765,-1.0958797774857032
NC(=O)[C@@H]1CCCN1,CCCO,298.15,0.22247004147790397,0.2842666046976609
NC(=O)[C@@H]1CCCN1,CC(C)=O,293.15,0.23981384137626302,-0.8536631973017177
NC(=O)[C@@H]1CCCN1,CC#N,308.15,0.38969324094732,0.0521510703666086
NC(=O)[C@@H]1CCCN1,CCOC(C)=O,318.15,0.135252924630196,-0.31984768878049363
NC(=O)[C@@H]1CCCN1,CN(C)C=O,298.15,0.259447412864609,-0.23621932199466017
NC(=O)[C@@H]1CCCN1,CC(C)O,298.15,0.271801291634649,0.08591159417726195
NC(=O)[C@@H]1CCCN1,CC#N,313.15,0.431271908454545,0.1936161030270902
NC(=O)[C@@H]1CCCN1,C1CCOC1,298.15,0.263376643763792,-0.93896638654142
NC(=O)[C@@H]1CCCN1,CCCO,303.15,0.29615510149737,0.4046005997304042
NC(=O)[C@@H]1CCCN1,CC(C)=O,298.15,0.31629424940886197,-0.6948475934922869
NC(=O)[C@@H]1CCCN1,C1CCOC1,298.15,0.289392307431307,-0.93896638654142
NC(=O)[C@@H]1CCCN1,CC#N,318.15,0.46829187918159404,0.32965821191740174
NC(=O)[C@@H]1CCCN1,CC#N,323.15,0.501354705962712,0.4605014190834952
NC(=O)[C@@H]1CCCN1,CC(C)O,303.15,0.367856859419968,0.20894674541546548
NC(=O)[C@@H]1CCCN1,CC(C)=O,303.15,0.389908079170948,-0.5422616289902359
NC(=O)[C@@H]1CCCN1,CCOC(C)=O,323.15,0.25350646100352997,-0.18162007317997986
NC(=O)[C@@H]1CCCN1,C1CCOC1,303.15,0.351458610605225,-0.7867211903885658
NC(=O)[C@@H]1CCCN1,CN(C)C=O,303.15,0.3757781065991379,-0.09907986501227456
NC(=O)[C@@H]1CCCN1,CCCO,308.15,0.399426082218827,0.5213973774570508
NC(=O)[C@@H]1CCCN1,CC(C)=O,308.15,0.4567887446955421,-0.3956540267472875
NC(=O)[C@@H]1CCCN1,C1CCOC1,308.15,0.449018419145755,-0.6389929355001644
NC(=O)[C@@H]1CCCN1,CC(C)O,308.15,0.47812033056115205,0.3277735157922195
NC(=O)[C@@H]1CCCN1,CN(C)C=O,308.15,0.48939116540447997,0.03472419482811734
NC(=O)[C@@H]1CCCN1,CC(C)=O,313.15,0.519145047420877,-0.2547919920068452
NC(=O)[C@@H]1CCCN1,CCCO,313.15,0.527664854633351,0.6347405127050727
NC(=O)[C@@H]1CCCN1,CC(C)=O,313.15,0.5436778663267879,-0.2547919920068452
NC(=O)[C@@H]1CCCN1,C1CCOC1,313.15,0.539788272905302,-0.4956404808239696
NC(=O)[C@@H]1CCCN1,CC(C)=O,318.15,0.5808216238720141,-0.11945996934015823
NC(=O)[C@@H]1CCCN1,C1CCOC1,313.15,0.549941235847776,-0.4956404808239696
NC(=O)[C@@H]1CCCN1,CC(C)=O,318.15,0.5899202716217471,-0.11945996934015823
NC(=O)[C@@H]1CCCN1,CC(C)O,313.15,0.581000365556703,0.44250071722756573
NC(=O)[C@@H]1CCCN1,CN(C)C=O,313.15,0.5992766840894449,0.16530196801757013
NC(=O)[C@@H]1CCCN1,CC(C)=O,323.15,0.6427374407734189,0.01054145608597179
NC(=O)[C@@H]1CCCN1,CCCO,318.15,0.6591727981430461,0.7447075474135332
NC(=O)[C@@H]1CCCN1,CC(C)O,318.15,0.693307825517804,0.5532283644639686
NC(=O)[C@@H]1CCCN1,C1CCOC1,318.15,0.6820479930191671,-0.35653209074858716
NC(=O)[C@@H]1CCCN1,CN(C)C=O,318.15,0.709381976673135,0.2927562116683462
NC(=O)[C@@H]1CCCN1,CCCO,323.15,0.801243433477627,0.8513703197500915
NC(=O)[C@@H]1CCCN1,CN(C)C=O,323.15,0.825433297901527,0.417183725035301
NC(=O)[C@@H]1CCCN1,CC(C)O,323.15,0.841451346995606,0.6600480840727925
NC(=O)[C@@H]1CCCN1,C1CCOC1,323.15,0.8283828718683102,-0.2215448046774915
CC(=O)NCC(=O)O,CC#N,283.15,-2.3693528298087903,-1.4180731200836942
CC(=O)NCC(=O)O,CC#N,288.15,-2.3174882655815097,-1.3059177038712766
CC(=O)NCC(=O)O,CC#N,293.15,-2.2415139817239,-1.1979409151135951
CC(=O)NCC(=O)O,CC#N,298.15,-2.1847399435844,-1.0939840906967195
CC(=O)NCC(=O)O,CC#N,303.15,-2.1135917241113202,-0.9939005238010277
CC(=O)NCC(=O)O,CC#N,308.15,-2.00475405042999,-0.8975545433822152
CC(=O)NCC(=O)O,CC#N,313.15,-1.9324369604744198,-0.8048206864634277
CC(=O)NCC(=O)O,CC(C)=O,283.15,-2.00613520713573,-1.4329681623567452
CC(=O)NCC(=O)O,CC#N,318.15,-1.8754740800300602,-0.7155829569635153
CC(=O)NCC(=O)O,CC(C)=O,288.15,-1.97846364505281,-1.3311665891677378
CC(=O)NCC(=O)O,CC(C)=O,293.15,-1.9382037913762,-1.2335080302809045
CC(=O)NCC(=O)O,CC(C)=O,298.15,-1.9090341990233202,-1.1398649771388345
CC(=O)NCC(=O)O,CC#N,323.15,-1.75648492075704,-0.6297341664397118
CC(=O)NCC(=O)O,CC(C)=O,303.15,-1.86764245610391,-1.0501206624994601
CC(=O)NCC(=O)O,CC(C)=O,308.15,-1.8211112113484198,-0.9641684573509175
CC(=O)NCC(=O)O,CC#N,328.15,-1.6797433312863201,-0.5471753509002792
CC(=O)NCC(=O)O,C1COCCO1,288.15,-1.8361820739855803,-1.4426502648223838
CC(=O)NCC(=O)O,CCCCCO,283.15,-1.9124133655601299,-1.1673991394110033
CC(=O)NCC(=O)O,CC(C)=O,313.15,-1.76003090202136,-0.8819113554692706
CC(=O)NCC(=O)O,C1COCCO1,293.15,-1.81135573910752,-1.3467244655278936
CC(=O)NCC(=O)O,CC#N,333.15,-1.60735847989028,-0.4678152607200874
CC(=O)NCC(=O)O,C1COCCO1,298.15,-1.7602681991451201,-1.252708080815229
CC(=O)NCC(=O)O,CC(C)CO,283.15,-1.7682477238013998,-1.1909289663612683
CC(=O)NCC(=O)O,CC(C)=O,318.15,-1.68649882828674,-0.8032615401317791
CC(=O)NCC(=O)O,C1COCCO1,303.15,-1.7355439496437701,-1.1605886369721368
CC(=O)NCC(=O)O,CCCCCO,288.15,-1.80798151273244,-1.060830506749469
CC(=O)NCC(=O)O,C1COCCO1,308.15,-1.6985417548983401,-1.0703540504311633
CC(=O)NCC(=O)O,CC(C)CO,288.15,-1.72295425534214,-1.084399417871469
CC(=O)NCC(=O)O,CCCO,283.15,-1.595841240145,-0.9335264438715443
CC(=O)NCC(=O)O,CC(C)=O,323.15,-1.60810038994349,-0.7281400289859316
CC(=O)NCC(=O)O,C1COCCO1,313.15,-1.65859957504645,-0.9819927123012646
CC(=O)NCC(=O)O,CCCCO,283.15,-1.66053249727803,-1.0470020277733765
CC(=O)NCC(=O)O,C1COCCO1,318.15,-1.6374674603558002,-0.8954935532488912
CC(=O)NCC(=O)O,CC(C)CO,293.15,-1.65629465310846,-0.9818072325478046
CC(=O)NCC(=O)O,CCCCO,288.15,-1.63984274123947,-0.9425434005832894
CC(=O)NCC(=O)O,CC(C)O,283.15,-1.55603985130046,-1.0202262266350774
CC(=O)NCC(=O)O,CC(C)=O,328.15,-1.5538727536744699,-0.6564763944973429
CC(=O)NCC(=O)O,C1COCCO1,323.15,-1.606623080205,-0.8108460932867165
CC(=O)NCC(=O)O,CCCO,288.15,-1.52463069934863,-0.8301266993370988
CC(=O)NCC(=O)O,CCCCCO,293.15,-1.68573228197606,-0.9576635749009342
CC(=O)NCC(=O)O,CCCCO,293.15,-1.5972592751761698,-0.8417692071369521
CC(=O)NCC(=O)O,CC(C)CO,298.15,-1.5956254567996397,-0.8830068319773694
CC(=O)NCC(=O)O,CCC(C)O,283.15,-1.58034459842991,-1.117667679280135
CC(=O)NCC(=O)O,C1COCCO1,328.15,-1.5597201591256002,-0.7280404829428763
CC(=O)NCC(=O)O,CC(C)O,288.15,-1.4827767557880602,-0.9134376638498198
CC(=O)NCC(=O)O,CCC(C)O,288.15,-1.5553662144172,-1.0095167382786256
CC(=O)NCC(=O)O,CCCCCO,298.15,-1.6257976683237298,-0.8577783928015975
CC(=O)NCC(=O)O,C1COCCO1,333.15,-1.53369483659511,-0.6470675367365788
CC(=O)NCC(=O)O,CCCCO,298.15,-1.54340038461915,-0.744544219675495
CC(=O)NCC(=O)O,CCCO,293.15,-1.4548061337832099,-0.7311137296150998
CC(=O)NCC(=O)O,CCO,283.15,-1.3183612502761,-0.7230290370326342
CC(=O)NCC(=O)O,CCC(C)O,293.15,-1.51335973795673,-0.9059333090053385
CC(=O)NCC(=O)O,CC(C)O,293.15,-1.4296661346084898,-0.8123291249117391
CC(=O)NCC(=O)O,CC(C)CO,303.15,-1.50445210366452,-0.7878636684053895
CC(=O)NCC(=O)O,CCC(C)O,298.15,-1.47984724143968,-0.8067290844227979
CC(=O)NCC(=O)O,CCCCCO,303.15,-1.54881078733756,-0.7610635712569843
CC(=O)NCC(=O)O,CCCO,298.15,-1.3730305079946599,-0.6363095548182286
CC(=O)NCC(=O)O,CCCCO,303.15,-1.45067024296395,-0.6507432664673123
CC(=O)NCC(=O)O,CC(C)CO,308.15,-1.4497400298366698,-0.6962533821701857
CC(=O)NCC(=O)O,CCO,288.15,-1.23128925734195,-0.6232241389326753
CC(=O)NCC(=O)O,CC(C)O,298.15,-1.3418109928233402,-0.7166378354277262
CC(=O)NCC(=O)O,CCCO,303.15,-1.3318145794446299,-0.5455500528784486
CC(=O)NCC(=O)O,CCC(C)O,303.15,-1.39957511068427,-0.7117303106888122
CC(=O)NCC(=O)O,CCCCCO,308.15,-1.46976040948349,-0.6674156583436387
CC(=O)NCC(=O)O,O,283.15,-0.663102237990897,-0.3971480837002954
CC(=O)NCC(=O)O,CCCCO,308.15,-1.36287203104597,-0.5602504692741059
CC(=O)NCC(=O)O,CC(C)CO,313.15,-1.35534982099482,-0.6080610429005848
CC(=O)NCC(=O)O,CC(C)O,303.15,-1.2688179120653,-0.6261221363567547
CC(=O)NCC(=O)O,CCO,293.15,-1.14632188095236,-0.5288586680705248
CC(=O)NCC(=O)O,CCCCCO,313.15,-1.42177367340828,-0.5767385645483505
CC(=O)NCC(=O)O,CCC(C)O,308.15,-1.33181487746143,-0.6207766442204847
CC(=O)NCC(=O)O,CCCO,308.15,-1.23813679430676,-0.4586838759109165
CC(=O)NCC(=O)O,CO,283.15,-0.952635592345021,-0.35575962909656134
CC(=O)NCC(=O)O,O,288.15,-0.5853534708032181,-0.31792394615514896
CC(=O)NCC(=O)O,CC(C)CO,318.15,-1.3038015281381399,-0.5231804693681854
CC(=O)NCC(=O)O,CCCCO,313.15,-1.2883825493681103,-0.4729585501131023
CC(=O)NCC(=O)O,CCCCCO,318.15,-1.3575251978257001,-0.488943035456089
CC(=O)NCC(=O)O,CCO,298.15,-1.0700819005041,-0.4396472915576908
CC(=O)NCC(=O)O,CC(C)O,308.15,-1.18283107309177,-0.5405598329019949
CC(=O)NCC(=O)O,CCCCO,318.15,-1.24913263469394,-0.388768203548171
CC(=O)NCC(=O)O,CCC(C)O,313.15,-1.2477116650059499,-0.5337201295671026
CC(=O)NCC(=O)O,CO,288.15,-0.878566095835668,-0.26386469973215826
CC(=O)NCC(=O)O,CCCO,313.15,-1.1505422709926698,-0.37557148154088627
CC(=O)NCC(=O)O,CCCCCO,323.15,-1.3097554640004099,-0.40394616923934296
CC(=O)NCC(=O)O,O,293.15,-0.5191409386912379,-0.23991551154242624
CC(=O)NCC(=O)O,CC(C)CO,323.15,-1.21998638091455,-0.44151362353262075
CC(=O)NCC(=O)O,CC(C)O,313.15,-1.11712659135104,-0.4597467377110249
CC(=O)NCC(=O)O,CCCCO,323.15,-1.19036270825229,-0.30758753145339984
CC(=O)NCC(=O)O,CCCO,318.15,-1.09285182525437,-0.2960842709083594
CC(=O)NCC(=O)O,CCO,303.15,-0.974575662717723,-0.35532818617656675
CC(=O)NCC(=O)O,CO,293.15,-0.805890822691504,-0.1769819027167958
CC(=O)NCC(=O)O,O,298.15,-0.449711636799244,-0.1631204787055973
CC(=O)NCC(=O)O,CCC(C)O,318.15,-1.1672254337538102,-0.45042428949715135
CC(=O)NCC(=O)O,CCCCCO,328.15,-1.22401023607697,-0.321670979065657
CC(=O)NCC(=O)O,CC(C)CO,328.15,-1.14168577722684,-0.3629700748720269
CC(=O)NCC(=O)O,CC(C)O,318.15,-1.0572643682649498,-0.38349539243989217
CC(=O)NCC(=O)O,CCO,308.15,-0.92667149447488,-0.27566113747609533
CC(=O)NCC(=O)O,CCCCO,328.15,-1.1242012103708998,-0.22933153642282855
CC(=O)NCC(=O)O,CCCO,323.15,-1.02345762981304,-0.22010382605929946
CC(=O)NCC(=O)O,CCC(C)O,323.15,-1.1089132146853,-0.3707633192864755
CC(=O)NCC(=O)O,CO,298.15,-0.7300863340203739,-0.0948758556806715
CC(=O)NCC(=O)O,O,303.15,-0.364622737623326,-0.08753731910324641
CC(=O)NCC(=O)O,CCCCCO,333.15,-1.1288538035321798,-0.2420459958664093
CC(=O)NCC(=O)O,CC(C)O,323.15,-0.9862003573695971,-0.31163395335131916
CC(=O)NCC(=O)O,CC(C)CO,333.15,-1.0671565208128,-0.2874665318911811
CC(=O)NCC(=O)O,CCC(C)O,328.15,-1.0589644958692699,-0.29462137810691813
CC(=O)NCC(=O)O,CCO,313.15,-0.849941546363224,-0.20042582973097792
CC(=O)NCC(=O)O,O,308.15,-0.315675390085623,-0.013164996314166122
CC(=O)NCC(=O)O,CCCCO,333.15,-1.03580822832489,-0.15392167101882248
CC(=O)NCC(=O)O,CCCO,328.15,-0.9450798245805291,-0.14752124023261243
CC(=O)NCC(=O)O,CC(C)O,328.15,-0.9290210034908409,-0.24400522913080824
CC(=O)NCC(=O)O,CO,303.15,-0.628838320273599,-0.017329483850171676
CC(=O)NCC(=O)O,CCO,318.15,-0.7966902360381021,-0.12942031107049168
CC(=O)NCC(=O)O,CCCO,333.15,-0.8818288479168069,-0.07823653501736627
CC(=O)NCC(=O)O,CCC(C)O,333.15,-0.9712235454203759,-0.2218919712208507
CC(=O)NCC(=O)O,O,313.15,-0.24526918280699697,0.059997195017933075
CC(=O)NCC(=O)O,CO,308.15,-0.573563974281875,0.05585754151575742
CC(=O)NCC(=O)O,CCO,323.15,-0.74014264039288,-0.06245962038882358
CC(=O)NCC(=O)O,CC(C)O,333.15,-0.857669129977967,-0.18046586054580138
CC(=O)NCC(=O)O,O,318.15,-0.183892474037377,0.1319497201534952
CC(=O)NCC(=O)O,CO,313.15,-0.519820193015531,0.12487014323258991
CC(=O)NCC(=O)O,CCO,328.15,-0.67576388408839,0.000625435293929888
CC(=O)NCC(=O)O,O,323.15,-0.10967167164129,0.20269285338727655
CC(=O)NCC(=O)O,CCO,333.15,-0.634721313087864,0.05998936258851728
CC(=O)NCC(=O)O,CO,318.15,-0.45413497066816294,0.18987897437239304
CC(=O)NCC(=O)O,O,328.15,-0.04512019362085,0.2722267017486912
CC(=O)NCC(=O)O,CO,323.15,-0.38514976785951005,0.2510413683371469
CC(=O)NCC(=O)O,O,333.15,0.022903871601724995,0.34055121300499924
CC(=O)NCC(=O)O,CO,328.15,-0.31628037518529495,0.3085021201515309
CC(=O)NCC(=O)O,CO,333.15,-0.263325798466875,0.36239411533213284
OC1C(O)C(O)C(O)C(O)C1O,CC(C)=O,283.15,-4.39564024661193,-2.614472101982611
OC1C(O)C(O)C(O)C(O)C1O,CC(C)=O,288.15,-4.15318525806065,-2.469323007790094
OC1C(O)C(O)C(O)C(O)C1O,CC(C)=O,293.15,-3.91069893030908,-2.334601719190098
OC1C(O)C(O)C(O)C(O)C1O,CC(C)=O,298.15,-3.7400518489309706,-2.209723830353783
OC1C(O)C(O)C(O)C(O)C1O,CC(C)=O,303.15,-3.6475188919686903,-2.0941515406200617
OC1C(O)C(O)C(O)C(O)C1O,CC(C)O,283.15,-3.6226131454066497,-3.8851163597730225
OC1C(O)C(O)C(O)C(O)C1O,CC(C)O,288.15,-3.58987235712125,-3.7531739360236225
OC1C(O)C(O)C(O)C(O)C1O,CO,283.15,-3.27613142020476,-1.8157577961985387
OC1C(O)C(O)C(O)C(O)C1O,CC(C)O,293.15,-3.54408159503323,-3.626762785377511
OC1C(O)C(O)C(O)C(O)C1O,CC(C)=O,308.15,-3.4809192914681804,-1.987389946334874
OC1C(O)C(O)C(O)C(O)C1O,CC(C)O,298.15,-3.4617629195007598,-3.5057053355393695
OC1C(O)C(O)C(O)C(O)C1O,CO,288.15,-3.1511475615447795,-1.7124310279740733
OC1C(O)C(O)C(O)C(O)C1O,CC(C)O,303.15,-3.4095667706783996,-3.389839222868842
OC1C(O)C(O)C(O)C(O)C1O,CC(C)=O,313.15,-3.38259116708889,-1.8889837387379596
OC1C(O)C(O)C(O)C(O)C1O,CC(C)O,308.15,-3.38120094263688,-3.2790163421767855
OC1C(O)C(O)C(O)C(O)C1O,CC(C)O,313.15,-3.3506145127860405,-3.1731020337887856
OC1C(O)C(O)C(O)C(O)C1O,CO,293.15,-3.04216195183042,-1.615113855440288
OC1C(O)C(O)C(O)C(O)C1O,CC(C)=O,318.15,-3.29917089522224,-1.7985142669308902
OC1C(O)C(O)C(O)C(O)C1O,CC(C)O,318.15,-3.30229182090852,-3.071974400874093
OC1C(O)C(O)C(O)C(O)C1O,CCO,283.15,-3.1459223060801103,-3.048469389141121
OC1C(O)C(O)C(O)C(O)C1O,CCO,288.15,-3.14251545355904,-2.936912243680676
OC1C(O)C(O)C(O)C(O)C1O,CO,298.15,-2.96124071435421,-1.5235393713681349
OC1C(O)C(O)C(O)C(O)C1O,CCO,293.15,-3.1069811818146604,-2.829907181886633
OC1C(O)C(O)C(O)C(O)C1O,CC(C)O,323.15,-3.2319746942911602,-2.975523750889738
OC1C(O)C(O)C(O)C(O)C1O,CCO,298.15,-3.07608735963947,-2.7273003529696704
OC1C(O)C(O)C(O)C(O)C1O,CO,303.15,-2.9163060182728797,-1.4374624175913537
OC1C(O)C(O)C(O)C(O)C1O,CCO,303.15,-3.01383532238087,-2.628952108464924
OC1C(O)C(O)C(O)C(O)C1O,CO,308.15,-2.8535706195251,-1.35665785067144
OC1C(O)C(O)C(O)C(O)C1O,CCO,308.15,-2.99279591035384,-2.5347360865458066
OC1C(O)C(O)C(O)C(O)C1O,CO,313.15,-2.8061693297108,-1.2809190582108116
OC1C(O)C(O)C(O)C(O)C1O,CCO,313.15,-2.9625377661830496,-2.4445384008923354
OC1C(O)C(O)C(O)C(O)C1O,CO,318.15,-2.77259823596828,-1.2100567067899601
OC1C(O)C(O)C(O)C(O)C1O,CCO,318.15,-2.9218615098247405,-2.3582569304508993
OC1C(O)C(O)C(O)C(O)C1O,CO,323.15,-2.74339100628772,-1.143897702701441
OC1C(O)C(O)C(O)C(O)C1O,CCO,323.15,-2.8943517800694103,-2.2758007075305504
OC1C(O)C(O)C(O)C(O)C1O,O,283.15,-0.155067799653719,-0.23379580413059153
OC1C(O)C(O)C(O)C(O)C1O,O,288.15,-0.10653209722539,-0.14620570034143376
OC1C(O)C(O)C(O)C(O)C1O,O,293.15,-0.064475654879209,-0.06137092407717251
OC1C(O)C(O)C(O)C(O)C1O,O,298.15,-0.019154344295608,0.02080959059987454
OC1C(O)C(O)C(O)C(O)C1O,O,303.15,0.02698221049361,0.10042846257491429
OC1C(O)C(O)C(O)C(O)C1O,O,308.15,0.07400964617111501,0.1775707991940106
OC1C(O)C(O)C(O)C(O)C1O,O,313.15,0.12067877941848801,0.25231494584158787
OC1C(O)C(O)C(O)C(O)C1O,O,318.15,0.16709708214454402,0.324733106419624
OC1C(O)C(O)C(O)C(O)C1O,O,323.15,0.217731607390376,0.39489186950392235
CCOC(=O)[C@@H]1CSCN1.Cl,COC(C)=O,283.15,-3.3132745103354,0.15596912031343613
CCOC(=O)[C@@H]1CSCN1.Cl,CC(C)=O,283.15,-3.25745713594194,0.1346566969911156
CCOC(=O)[C@@H]1CSCN1.Cl,CCC(C)=O,283.15,-3.33346962832752,0.0040573596668338485
CCOC(=O)[C@@H]1CSCN1.Cl,COC(C)=O,293.15,-3.05727682421665,0.4447196646320464
CCOC(=O)[C@@H]1CSCN1.Cl,CCOC(C)=O,283.15,-2.971931218753,-0.003242765318221541
CCOC(=O)[C@@H]1CSCN1.Cl,CCC(C)=O,293.15,-2.9223830211709303,0.2956518359302631
CCOC(=O)[C@@H]1CSCN1.Cl,CC(C)=O,293.15,-2.8009192639900804,0.43026815298088905
CCOC(=O)[C@@H]1CSCN1.Cl,COC(C)=O,303.15,-2.80858477043704,0.7096667606631822
CCOC(=O)[C@@H]1CSCN1.Cl,CCOC(C)=O,293.15,-2.7834631139877897,0.28235235909216205
CCOC(=O)[C@@H]1CSCN1.Cl,CCC(C)=O,303.15,-2.70214177687383,0.5667495513435223
CCOC(=O)[C@@H]1CSCN1.Cl,COC(C)=O,313.15,-2.62850349572144,0.9527672116453809
CCOC(=O)[C@@H]1CSCN1.Cl,CCOC(C)=O,303.15,-2.66355695586124,0.5483946797019525
CCOC(=O)[C@@H]1CSCN1.Cl,CCOC(C)=O,313.15,-2.5657280171791204,0.7962751240293593
CCOC(=O)[C@@H]1CSCN1.Cl,COC(C)=O,323.15,-2.4815145443171804,1.1756963496850137
CCOC(=O)[C@@H]1CSCN1.Cl,CCC(C)=O,313.15,-2.48895104570793,0.8189025815631995
CCOC(=O)[C@@H]1CSCN1.Cl,CCOC(C)=O,323.15,-2.47017320523664,1.0271932670563264
CCOC(=O)[C@@H]1CSCN1.Cl,CC(C)=O,303.15,-2.32981057310526,0.7004851711703707
CCOC(=O)[C@@H]1CSCN1.Cl,CC#N,283.15,-2.10300370178612,0.23310472390411802
CCOC(=O)[C@@H]1CSCN1.Cl,CCC(C)=O,323.15,-2.33152386413023,1.0534507262311623
CCOC(=O)[C@@H]1CSCN1.Cl,C1COCCO1,288.15,-2.24951443636809,0.40365306460796274
CCOC(=O)[C@@H]1CSCN1.Cl,C1COCCO1,293.15,-2.15654743623793,0.539370690895888
CCOC(=O)[C@@H]1CSCN1.Cl,CCC(C)O,283.15,-2.0744909359030803,-0.7423344604278751
CCOC(=O)[C@@H]1CSCN1.Cl,CC(C)=O,313.15,-1.9435051133087302,0.9474598880059946
CCOC(=O)[C@@H]1CSCN1.Cl,C1COCCO1,303.15,-1.99426762756528,0.7987271970235436
CCOC(=O)[C@@H]1CSCN1.Cl,CCC(C)O,293.15,-1.9483183116144698,-0.3997037602766319
CCOC(=O)[C@@H]1CSCN1.Cl,CC#N,293.15,-1.62235718769093,0.528040346494437
CCOC(=O)[C@@H]1CSCN1.Cl,CCCCO,283.15,-1.8082728723626202,-0.743667309684521
CCOC(=O)[C@@H]1CSCN1.Cl,CC(C)CO,283.15,-1.77500025673156,-0.7662130856128133
CCOC(=O)[C@@H]1CSCN1.Cl,C1COCCO1,313.15,-1.7464836622021398,1.042933002801454
CCOC(=O)[C@@H]1CSCN1.Cl,CCC(C)O,303.15,-1.7059164981386599,-0.08264099045682846
CCOC(=O)[C@@H]1CSCN1.Cl,CC(C)=O,323.15,-1.6120401738598302,1.1730327580808981
CCOC(=O)[C@@H]1CSCN1.Cl,CC#N,303.15,-1.3235149821336598,0.8008609644199945
CCOC(=O)[C@@H]1CSCN1.Cl,CC(C)CO,293.15,-1.55380199852123,-0.43049157307953617
CCOC(=O)[C@@H]1CSCN1.Cl,C1COCCO1,323.15,-1.5193533613267698,1.273004971835477
CCOC(=O)[C@@H]1CSCN1.Cl,CC(C)O,283.15,-1.44318413295276,-0.7271599822939219
CCOC(=O)[C@@H]1CSCN1.Cl,CC(C)O,293.15,-1.3721327582333,-0.388049302126633
CCOC(=O)[C@@H]1CSCN1.Cl,CCC(C)O,313.15,-1.4080016920787701,0.21106349755226045
CCOC(=O)[C@@H]1CSCN1.Cl,CCCCO,293.15,-1.3291258179435,-0.41058598088129616
CCOC(=O)[C@@H]1CSCN1.Cl,CC#N,313.15,-1.07551151557543,1.0534150588351299
CCOC(=O)[C@@H]1CSCN1.Cl,CCCO,283.15,-1.17793397998704,-0.6826382951600791
CCOC(=O)[C@@H]1CSCN1.Cl,CC(C)O,303.15,-1.19403923345688,-0.07661831605067704
CCOC(=O)[C@@H]1CSCN1.Cl,CC(C)CO,303.15,-1.27276227324652,-0.11788506347315697
CCOC(=O)[C@@H]1CSCN1.Cl,ClCCl,283.15,-0.988553707216395,0.6954658446305605
CCOC(=O)[C@@H]1CSCN1.Cl,CC#N,323.15,-0.9128171140168171,1.2872983399298228
CCOC(=O)[C@@H]1CSCN1.Cl,CCCO,293.15,-0.978254478037771,-0.35016974322477734
CCOC(=O)[C@@H]1CSCN1.Cl,CC(C)O,313.15,-0.982813628073121,0.20956914362289453
CCOC(=O)[C@@H]1CSCN1.Cl,CC(C)CO,313.15,-1.06122696721712,0.17349621912359875
CCOC(=O)[C@@H]1CSCN1.Cl,CCCCO,303.15,-1.04361469912973,-0.09951123334104056
CCOC(=O)[C@@H]1CSCN1.Cl,CCC(C)O,323.15,-1.00233802370692,0.48332132723641785
CCOC(=O)[C@@H]1CSCN1.Cl,CCO,283.15,-0.785617949439924,-0.5626408363852888
CCOC(=O)[C@@H]1CSCN1.Cl,ClCCl,288.15,-0.794731999591522,0.8338679176023527
CCOC(=O)[C@@H]1CSCN1.Cl,CC(C)CO,323.15,-0.903049473681936,0.4452918015054138
CCOC(=O)[C@@H]1CSCN1.Cl,CCCO,303.15,-0.7950653070091701,-0.041493306387119566
CCOC(=O)[C@@H]1CSCN1.Cl,CCCCO,313.15,-0.872171661249231,0.19133407749782672
CCOC(=O)[C@@H]1CSCN1.Cl,CCO,293.15,-0.663276382392647,-0.23271828814820006
CCOC(=O)[C@@H]1CSCN1.Cl,ClCCl,293.15,-0.6874588388831049,0.9658251938236913
CCOC(=O)[C@@H]1CSCN1.Cl,CC(C)O,323.15,-0.774622553776979,0.4726094253046653
CCOC(=O)[C@@H]1CSCN1.Cl,ClCCl,298.15,-0.5968244692648851,1.091638715011661
CCOC(=O)[C@@H]1CSCN1.Cl,CCCCO,323.15,-0.736355641367774,0.46349497181949684
CCOC(=O)[C@@H]1CSCN1.Cl,CCCO,313.15,-0.603257423671513,0.24535157117480588
CCOC(=O)[C@@H]1CSCN1.Cl,ClCCl,303.15,-0.5286494855978471,1.211586573640096
CCOC(=O)[C@@H]1CSCN1.Cl,CCO,303.15,-0.47759897292035103,0.06929355334459272
CCOC(=O)[C@@H]1CSCN1.Cl,CCCO,323.15,-0.398727372971439,0.5120620838824163
CCOC(=O)[C@@H]1CSCN1.Cl,CCO,313.15,-0.276964226536326,0.34615844229482207
CCOC(=O)[C@@H]1CSCN1.Cl,CO,283.15,0.08621144031824099,-0.29667375912613697
CCOC(=O)[C@@H]1CSCN1.Cl,CCO,323.15,-0.087563199957969,0.600243409786101
CCOC(=O)[C@@H]1CSCN1.Cl,CO,293.15,0.21274583007992498,0.024581069965365826
CCOC(=O)[C@@H]1CSCN1.Cl,O,283.15,0.6982133524300639,-1.5843366277170903
CCOC(=O)[C@@H]1CSCN1.Cl,CO,303.15,0.347650710997402,0.31881197496214775
CCOC(=O)[C@@H]1CSCN1.Cl,O,293.15,0.807967650632838,-1.3193773980187626
CCOC(=O)[C@@H]1CSCN1.Cl,CO,313.15,0.483588187495582,0.5885274867696403
CCOC(=O)[C@@H]1CSCN1.Cl,O,303.15,0.8931733685600279,-1.0589386443972677
CCOC(=O)[C@@H]1CSCN1.Cl,CO,323.15,0.5949678893178921,0.8359005849556239
CCOC(=O)[C@@H]1CSCN1.Cl,O,313.15,0.9824463189770519,-0.8033953917432499
CCOC(=O)[C@@H]1CSCN1.Cl,O,323.15,1.1044190593140901,-0.5530549293291364
CCOC(=O)N1CCC(=C2c3ccc(Cl)cc3CCc3cccnc32)CC1,CC#N,283.2,-1.23528625244654,-0.17077604672997881
CCOC(=O)N1CCC(=C2c3ccc(Cl)cc3CCc3cccnc32)CC1,CC#N,288.25,-1.1292272612396699,0.05366099928099638
CCOC(=O)N1CCC(=C2c3ccc(Cl)cc3CCc3cccnc32)CC1,CC#N,293.15,-1.0382621171011301,0.25790470683672007
CCOC(=O)N1CCC(=C2c3ccc(Cl)cc3CCc3cccnc32)CC1,CC#N,298.15,-0.9481625758114742,0.4533918990609011
CCOC(=O)N1CCC(=C2c3ccc(Cl)cc3CCc3cccnc32)CC1,CC(C)O,283.17,-1.03762245997069,-0.6063695122861119
CCOC(=O)N1CCC(=C2c3ccc(Cl)cc3CCc3cccnc32)CC1,CC#N,303.15,-0.8486229526047879,0.6365768450964074
CCOC(=O)N1CCC(=C2c3ccc(Cl)cc3CCc3cccnc32)CC1,CC(C)O,288.15,-0.932909445145204,-0.37945525397497554
CCOC(=O)N1CCC(=C2c3ccc(Cl)cc3CCc3cccnc32)CC1,CC#N,308.75,-0.744044325728816,0.8280033700444478
CCOC(=O)N1CCC(=C2c3ccc(Cl)cc3CCc3cccnc32)CC1,CC(C)O,293.16,-0.8247478735321179,-0.16781306268503857
CCOC(=O)N1CCC(=C2c3ccc(Cl)cc3CCc3cccnc32)CC1,CCO,283.15,-0.6805128112674169,-0.27677372593012917
CCOC(=O)N1CCC(=C2c3ccc(Cl)cc3CCc3cccnc32)CC1,CC#N,313.15,-0.6436519437838439,0.968795525243913
CCOC(=O)N1CCC(=C2c3ccc(Cl)cc3CCc3cccnc32)CC1,CC(C)=O,283.15,-0.7501799154546981,0.45857200158149636
CCOC(=O)N1CCC(=C2c3ccc(Cl)cc3CCc3cccnc32)CC1,CCO,288.45,-0.579615034328969,-0.04824692579492723
CCOC(=O)N1CCC(=C2c3ccc(Cl)cc3CCc3cccnc32)CC1,CC(C)O,298.15,-0.696613444956353,0.027429319312542767
CCOC(=O)N1CCC(=C2c3ccc(Cl)cc3CCc3cccnc32)CC1,CO,283.14,-0.40882435959758506,-0.17725133892308897
CCOC(=O)N1CCC(=C2c3ccc(Cl)cc3CCc3cccnc32)CC1,CC(C)=O,288.13,-0.6693327990307729,0.6844256648636613
CCOC(=O)N1CCC(=C2c3ccc(Cl)cc3CCc3cccnc32)CC1,CC#N,318.15,-0.535504610557729,1.1190816152258647
CCOC(=O)N1CCC(=C2c3ccc(Cl)cc3CCc3cccnc32)CC1,CCOC(C)=O,283.15,-0.732846514276557,0.38579030324512
CCOC(=O)N1CCC(=C2c3ccc(Cl)cc3CCc3cccnc32)CC1,CCCO,283.16,-0.604565770239923,-0.33338467227464796
CCOC(=O)N1CCC(=C2c3ccc(Cl)cc3CCc3cccnc32)CC1,CCO,293.44,-0.48913984100773106,0.15140148798943767
CCOC(=O)N1CCC(=C2c3ccc(Cl)cc3CCc3cccnc32)CC1,CC(C)=O,293.15,-0.5839700440557429,0.892637922408559
CCOC(=O)N1CCC(=C2c3ccc(Cl)cc3CCc3cccnc32)CC1,CO,288.15,-0.303472515089568,0.031467250669482916
CCOC(=O)N1CCC(=C2c3ccc(Cl)cc3CCc3cccnc32)CC1,CC#N,323.19,-0.417051680690693,1.260664156658303
CCOC(=O)N1CCC(=C2c3ccc(Cl)cc3CCc3cccnc32)CC1,CC(C)O,303.15,-0.566964554856312,0.20844962397550096
CCOC(=O)N1CCC(=C2c3ccc(Cl)cc3CCc3cccnc32)CC1,CCOC(C)=O,288.15,-0.660160102257393,0.5914746242581578
CCOC(=O)N1CCC(=C2c3ccc(Cl)cc3CCc3cccnc32)CC1,CN(C)C=O,283.11,-0.552611472345057,0.8809261123051206
CCOC(=O)N1CCC(=C2c3ccc(Cl)cc3CCc3cccnc32)CC1,CCCCO,283.15,-0.619240153531577,-0.33513841049557713
CCOC(=O)N1CCC(=C2c3ccc(Cl)cc3CCc3cccnc32)CC1,CCCCCO,283.12,-0.668496340159348,-0.33503629739863083
CCOC(=O)N1CCC(=C2c3ccc(Cl)cc3CCc3cccnc32)CC1,CC(C)=O,298.15,-0.49933477398330894,1.0818783463968256
CCOC(=O)N1CCC(=C2c3ccc(Cl)cc3CCc3cccnc32)CC1,CCO,298.15,-0.39284792462614904,0.32691821657319087
CCOC(=O)N1CCC(=C2c3ccc(Cl)cc3CCc3cccnc32)CC1,CCCO,288.12,-0.48300477882821596,-0.12213257799479343
CCOC(=O)N1CCC(=C2c3ccc(Cl)cc3CCc3cccnc32)CC1,CCOC(C)=O,293.15,-0.587702481753574,0.7829028702555851
CCOC(=O)N1CCC(=C2c3ccc(Cl)cc3CCc3cccnc32)CC1,CO,293.15,-0.189841937291504,0.2255637699667421
CCOC(=O)N1CCC(=C2c3ccc(Cl)cc3CCc3cccnc32)CC1,CN(C)C=O,288.15,-0.45679271080565104,1.0806080220384082
CCOC(=O)N1CCC(=C2c3ccc(Cl)cc3CCc3cccnc32)CC1,CCCCO,288.13,-0.51795506897328,-0.12679438954825434
CCOC(=O)N1CCC(=C2c3ccc(Cl)cc3CCc3cccnc32)CC1,CC(C)O,308.15,-0.441493551713067,0.37572660827485127
CCOC(=O)N1CCC(=C2c3ccc(Cl)cc3CCc3cccnc32)CC1,CC(C)=O,303.15,-0.411570740643502,1.2541881124933587
CCOC(=O)N1CCC(=C2c3ccc(Cl)cc3CCc3cccnc32)CC1,CCCCCO,288.15,-0.563758873969833,-0.12472636453557417
CCOC(=O)N1CCC(=C2c3ccc(Cl)cc3CCc3cccnc32)CC1,CCO,303.15,-0.292931117444203,0.5003412018565827
CCOC(=O)N1CCC(=C2c3ccc(Cl)cc3CCc3cccnc32)CC1,CCOC(C)=O,298.15,-0.5092943500841111,0.9609359206122415
CCOC(=O)N1CCC(=C2c3ccc(Cl)cc3CCc3cccnc32)CC1,CCCO,293.15,-0.367388386810574,0.07894325603460961
CCOC(=O)N1CCC(=C2c3ccc(Cl)cc3CCc3cccnc32)CC1,CN(C)C=O,293.15,-0.378449975164114,1.2693123674735205
CCOC(=O)N1CCC(=C2c3ccc(Cl)cc3CCc3cccnc32)CC1,CCCCO,293.15,-0.42456233971406804,0.07188243496366367
CCOC(=O)N1CCC(=C2c3ccc(Cl)cc3CCc3cccnc32)CC1,CO,298.14,-0.06173543842919001,0.40598327680883234
CCOC(=O)N1CCC(=C2c3ccc(Cl)cc3CCc3cccnc32)CC1,CC(C)=O,308.15,-0.31668552433787606,1.4106513287143416
CCOC(=O)N1CCC(=C2c3ccc(Cl)cc3CCc3cccnc32)CC1,CCOC(C)=O,303.12,-0.428502004719394,1.1254123019525213
CCOC(=O)N1CCC(=C2c3ccc(Cl)cc3CCc3cccnc32)CC1,CCCCCO,293.13,-0.4648119805513711,0.07297074796108563
CCOC(=O)N1CCC(=C2c3ccc(Cl)cc3CCc3cccnc32)CC1,CC(C)O,313.14,-0.32122536772183,0.5297824166773051
CCOC(=O)N1CCC(=C2c3ccc(Cl)cc3CCc3cccnc32)CC1,CCO,308.15,-0.180875236565843,0.6612773603716685
CCOC(=O)N1CCC(=C2c3ccc(Cl)cc3CCc3cccnc32)CC1,CCCO,298.17,-0.269017076804564,0.2671759472678301
CCOC(=O)N1CCC(=C2c3ccc(Cl)cc3CCc3cccnc32)CC1,CN(C)C=O,298.15,-0.281832249754411,1.4491700275128456
CCOC(=O)N1CCC(=C2c3ccc(Cl)cc3CCc3cccnc32)CC1,CCCCO,298.17,-0.32362935678132,0.25980500098573844
CCOC(=O)N1CCC(=C2c3ccc(Cl)cc3CCc3cccnc32)CC1,CCOC(C)=O,308.15,-0.34625908469792,1.2799363176625895
CCOC(=O)N1CCC(=C2c3ccc(Cl)cc3CCc3cccnc32)CC1,CC(C)=O,313.15,-0.217049832443583,1.5522699321638436
CCOC(=O)N1CCC(=C2c3ccc(Cl)cc3CCc3cccnc32)CC1,CCCCCO,298.15,-0.365288316572859,0.26223655327360007
CCOC(=O)N1CCC(=C2c3ccc(Cl)cc3CCc3cccnc32)CC1,CO,303.15,0.066313759683224,0.5745691646877619
CCOC(=O)N1CCC(=C2c3ccc(Cl)cc3CCc3cccnc32)CC1,CN(C)C=O,303.15,-0.19439192857143697,1.6206521738274602
CCOC(=O)N1CCC(=C2c3ccc(Cl)cc3CCc3cccnc32)CC1,CCCO,303.15,-0.18088271729185298,0.44232665271808624
CCOC(=O)N1CCC(=C2c3ccc(Cl)cc3CCc3cccnc32)CC1,CC(C)O,318.2,-0.19084058024754003,0.6736259053151319
CCOC(=O)N1CCC(=C2c3ccc(Cl)cc3CCc3cccnc32)CC1,CCO,313.54,-0.06605011583467099,0.821645459157121
CCOC(=O)N1CCC(=C2c3ccc(Cl)cc3CCc3cccnc32)CC1,CCOC(C)=O,313.15,-0.26000322278081,1.4223179773592136
CCOC(=O)N1CCC(=C2c3ccc(Cl)cc3CCc3cccnc32)CC1,CCCCO,303.15,-0.221993099125892,0.436181901056097
CCOC(=O)N1CCC(=C2c3ccc(Cl)cc3CCc3cccnc32)CC1,CC(C)=O,318.17,-0.11554963124276899,1.6804544430209691
CCOC(=O)N1CCC(=C2c3ccc(Cl)cc3CCc3cccnc32)CC1,CCCCCO,303.15,-0.265188326172874,0.44128143469715686
CCOC(=O)N1CCC(=C2c3ccc(Cl)cc3CCc3cccnc32)CC1,CN(C)C=O,308.19,-0.114479119997126,1.785474302732202
CCOC(=O)N1CCC(=C2c3ccc(Cl)cc3CCc3cccnc32)CC1,CCCO,308.16,-0.092441453287977,0.607542658379624
CCOC(=O)N1CCC(=C2c3ccc(Cl)cc3CCc3cccnc32)CC1,CO,308.15,0.18909169166002102,0.7310124661412045
CCOC(=O)N1CCC(=C2c3ccc(Cl)cc3CCc3cccnc32)CC1,CCOC(C)=O,318.15,-0.17444416285733896,1.5541425837298062
CCOC(=O)N1CCC(=C2c3ccc(Cl)cc3CCc3cccnc32)CC1,CCO,318.37,0.051555136418294005,0.954482622155787
CCOC(=O)N1CCC(=C2c3ccc(Cl)cc3CCc3cccnc32)CC1,CCCCO,308.15,-0.12323595239701302,0.603734245181193
CCOC(=O)N1CCC(=C2c3ccc(Cl)cc3CCc3cccnc32)CC1,CC(C)O,323.15,-0.043036410598309,0.8029802773295892
CCOC(=O)N1CCC(=C2c3ccc(Cl)cc3CCc3cccnc32)CC1,CCCCCO,308.13,-0.17643652502676002,0.6107085807976893
CCOC(=O)N1CCC(=C2c3ccc(Cl)cc3CCc3cccnc32)CC1,CN(C)C=O,313.15,-0.029327081063445996,1.9402115260249135
CCOC(=O)N1CCC(=C2c3ccc(Cl)cc3CCc3cccnc32)CC1,CC(C)=O,323.15,-0.01517134349444,1.7946098797888093
CCOC(=O)N1CCC(=C2c3ccc(Cl)cc3CCc3cccnc32)CC1,CCCO,313.13,0.010583621385446999,0.7611430894703494
CCOC(=O)N1CCC(=C2c3ccc(Cl)cc3CCc3cccnc32)CC1,CCOC(C)=O,323.2,-0.086577843300237,1.6771622124408623
CCOC(=O)N1CCC(=C2c3ccc(Cl)cc3CCc3cccnc32)CC1,CO,313.15,0.305706522852138,0.8763446222147632
CCOC(=O)N1CCC(=C2c3ccc(Cl)cc3CCc3cccnc32)CC1,CCCCO,313.15,-0.032039429747814,0.7622313972043123
CCOC(=O)N1CCC(=C2c3ccc(Cl)cc3CCc3cccnc32)CC1,CCO,323.15,0.167445677376718,1.0764203344261305
CCOC(=O)N1CCC(=C2c3ccc(Cl)cc3CCc3cccnc32)CC1,CN(C)C=O,318.17,0.05657097403321099,2.089657284315619
CCOC(=O)N1CCC(=C2c3ccc(Cl)cc3CCc3cccnc32)CC1,CCCCCO,313.15,-0.086939381006255,0.7729646524391529
CCOC(=O)N1CCC(=C2c3ccc(Cl)cc3CCc3cccnc32)CC1,CCCO,318.15,0.116712893217708,0.9064366943225239
CCOC(=O)N1CCC(=C2c3ccc(Cl)cc3CCc3cccnc32)CC1,CCCCO,318.12,0.054626664682346,0.9112602113989265
CCOC(=O)N1CCC(=C2c3ccc(Cl)cc3CCc3cccnc32)CC1,CO,318.75,0.41722399119588105,1.0267045969189987
CCOC(=O)N1CCC(=C2c3ccc(Cl)cc3CCc3cccnc32)CC1,CN(C)C=O,323.15,0.14547419812593101,2.231142904705635
CCOC(=O)N1CCC(=C2c3ccc(Cl)cc3CCc3cccnc32)CC1,CCCCCO,318.17,0.012147214857125001,0.9270832737560109
CCOC(=O)N1CCC(=C2c3ccc(Cl)cc3CCc3cccnc32)CC1,CCCO,323.17,0.213966153040008,1.0423491673025718
CCOC(=O)N1CCC(=C2c3ccc(Cl)cc3CCc3cccnc32)CC1,CCCCO,323.15,0.14134731898504402,1.0538730348667285
CCOC(=O)N1CCC(=C2c3ccc(Cl)cc3CCc3cccnc32)CC1,CO,323.2,0.502972668719509,1.1373604360608085
CCOC(=O)N1CCC(=C2c3ccc(Cl)cc3CCc3cccnc32)CC1,CCCCCO,323.15,0.09752052896961301,1.072326972032529
CCCCC1C(=O)N(c2ccccc2)N(c2ccccc2)C1=O,CC(C)O,283.15,-1.48085259101085,0.8721898040998387
CCCCC1C(=O)N(c2ccccc2)N(c2ccccc2)C1=O,CC(C)O,288.15,-1.39926258550457,1.0905087207073136
CCCCC1C(=O)N(c2ccccc2)N(c2ccccc2)C1=O,CCCCCCO,283.15,-1.47683590514352,0.7623280679164949
CCCCC1C(=O)N(c2ccccc2)N(c2ccccc2)C1=O,CCO,283.13,-1.1618295798931002,1.049791563773745
CCCCC1C(=O)N(c2ccccc2)N(c2ccccc2)C1=O,CC(C)O,293.05,-1.2760362968919199,1.291817025492215
CCCCC1C(=O)N(c2ccccc2)N(c2ccccc2)C1=O,CCCCO,283.14,-1.34473743075105,0.8590548057104906
CCCCC1C(=O)N(c2ccccc2)N(c2ccccc2)C1=O,CCCCCO,283.15,-1.41289933316623,0.8353707538501802
CCCCC1C(=O)N(c2ccccc2)N(c2ccccc2)C1=O,CO,283.12,-0.976562847589922,0.9729804764922682
CCCCC1C(=O)N(c2ccccc2)N(c2ccccc2)C1=O,CCCCCCO,288.05,-1.4056983575694701,0.9637136991698039
CCCCC1C(=O)N(c2ccccc2)N(c2ccccc2)C1=O,CCO,288.1,-1.08758736064013,1.2582190731331466
CCCCC1C(=O)N(c2ccccc2)N(c2ccccc2)C1=O,CO,288.03,-0.887652799015495,1.1733825515221312
CCCCC1C(=O)N(c2ccccc2)N(c2ccccc2)C1=O,CCCCCO,288.15,-1.29800859015161,1.0420604999093535
CCCCC1C(=O)N(c2ccccc2)N(c2ccccc2)C1=O,CCCCO,288.15,-1.2236754333508402,1.0653444539635413
CCCCC1C(=O)N(c2ccccc2)N(c2ccccc2)C1=O,CC(C)O,298.15,-1.1323444219013301,1.4888210277396
CCCCC1C(=O)N(c2ccccc2)N(c2ccccc2)C1=O,CCO,293.2,-0.9815970045978901,1.4597800937264735
CCCCC1C(=O)N(c2ccccc2)N(c2ccccc2)C1=O,CCCCCCO,293.05,-1.29202524695448,1.16157373934314
CCCCC1C(=O)N(c2ccccc2)N(c2ccccc2)C1=O,CO,293.13,-0.7882872699688069,1.3704367637017287
CCCCC1C(=O)N(c2ccccc2)N(c2ccccc2)C1=O,CCCCCO,293.12,-1.19026564290503,1.2390714853752498
CCCCC1C(=O)N(c2ccccc2)N(c2ccccc2)C1=O,CCCCO,293.15,-1.1112907471574098,1.2622547941589148
CCCCC1C(=O)N(c2ccccc2)N(c2ccccc2)C1=O,CCO,298.15,-0.876788943559573,1.6441894522587528
CCCCC1C(=O)N(c2ccccc2)N(c2ccccc2)C1=O,CC(C)O,303.9,-0.971693541369686,1.6965306684209267
CCCCC1C(=O)N(c2ccccc2)N(c2ccccc2)C1=O,CO,298.16,-0.683555339977833,1.5543174863440958
CCCCC1C(=O)N(c2ccccc2)N(c2ccccc2)C1=O,CCCCCCO,298.15,-1.1676808776696002,1.355828441881349
CCCCC1C(=O)N(c2ccccc2)N(c2ccccc2)C1=O,CCCCCO,298.11,-1.08434696764626,1.428831138200289
CCCCC1C(=O)N(c2ccccc2)N(c2ccccc2)C1=O,CCCCO,298.15,-0.99624198337198,1.4506588755976946
CCCCC1C(=O)N(c2ccccc2)N(c2ccccc2)C1=O,CCO,303.15,-0.766359552991484,1.8198933095044858
CCCCC1C(=O)N(c2ccccc2)N(c2ccccc2)C1=O,CO,303.14,-0.576431234695985,1.7266859286713527
CCCCC1C(=O)N(c2ccccc2)N(c2ccccc2)C1=O,CC(C)O,308.15,-0.8470260045079159,1.840795648891743
CCCCC1C(=O)N(c2ccccc2)N(c2ccccc2)C1=O,CCCCCO,303.15,-0.949557866590823,1.6127080088220769
CCCCC1C(=O)N(c2ccccc2)N(c2ccccc2)C1=O,CCCCO,303.15,-0.8728025587312891,1.6309758962289698
CCCCC1C(=O)N(c2ccccc2)N(c2ccccc2)C1=O,CCCCCCO,303.15,-0.9963290495541891,1.539211709795881
CCCCC1C(=O)N(c2ccccc2)N(c2ccccc2)C1=O,CCO,308.15,-0.6460562621246609,1.9855805133071607
CCCCC1C(=O)N(c2ccccc2)N(c2ccccc2)C1=O,CO,308.15,-0.457986758635871,1.89088481437313
CCCCC1C(=O)N(c2ccccc2)N(c2ccccc2)C1=O,CC(C)O,313.13,-0.669557024139785,2.0003734742580646
CCCCC1C(=O)N(c2ccccc2)N(c2ccccc2)C1=O,CCCCCO,308.15,-0.814264196265377,1.7877631237288685
CCCCC1C(=O)N(c2ccccc2)N(c2ccccc2)C1=O,CCCCO,308.15,-0.739320642272287,1.803594925934911
CCCCC1C(=O)N(c2ccccc2)N(c2ccccc2)C1=O,CCCCCCO,308.15,-0.8482117032950419,1.7159265675872672
CCCCC1C(=O)N(c2ccccc2)N(c2ccccc2)C1=O,CCO,313.2,-0.5179861316372101,2.1433283528646827
CCCCC1C(=O)N(c2ccccc2)N(c2ccccc2)C1=O,CO,313.15,-0.332420305178098,2.0460250077618225
CCCCC1C(=O)N(c2ccccc2)N(c2ccccc2)C1=O,CCCCCO,313.15,-0.6879501547688499,1.955825912873824
CCCCC1C(=O)N(c2ccccc2)N(c2ccccc2)C1=O,CCCCO,313.15,-0.5863216159477429,1.9688773366259271
CCCCC1C(=O)N(c2ccccc2)N(c2ccccc2)C1=O,CCCCCCO,313.15,-0.714963277884742,1.8862730202713256
CCCCC1C(=O)N(c2ccccc2)N(c2ccccc2)C1=O,CCO,318.15,-0.369418638950606,2.2891065518356957
CCCCC1C(=O)N(c2ccccc2)N(c2ccccc2)C1=O,CC(C)O,318.65,-0.48035558612075,2.165946114764028
CCCCC1C(=O)N(c2ccccc2)N(c2ccccc2)C1=O,CO,318.15,-0.19145410492671802,2.192885758347897
CCCCC1C(=O)N(c2ccccc2)N(c2ccccc2)C1=O,CCCCCO,318.13,-0.524858584254373,2.1165799575448054
CCCCC1C(=O)N(c2ccccc2)N(c2ccccc2)C1=O,CCCCO,318.15,-0.434685688435753,2.1271589976251226
CCCCC1C(=O)N(c2ccccc2)N(c2ccccc2)C1=O,CC#N,283.12,-0.17165224128111198,1.519765183414417
CCCCC1C(=O)N(c2ccccc2)N(c2ccccc2)C1=O,CCCCCCO,318.15,-0.555702009798016,2.050530852538579
CCCCC1C(=O)N(c2ccccc2)N(c2ccccc2)C1=O,CCO,323.15,-0.197623531686446,2.427944148737172
CCCCC1C(=O)N(c2ccccc2)N(c2ccccc2)C1=O,CO,323.15,-0.029306909610473,2.3318777874412335
CCCCC1C(=O)N(c2ccccc2)N(c2ccccc2)C1=O,CC(C)O,323.15,-0.280804211197779,2.2925877396759926
CCCCC1C(=O)N(c2ccccc2)N(c2ccccc2)C1=O,CC#N,288.15,-0.03550479178575,1.7208020047154968
CCCCC1C(=O)N(c2ccccc2)N(c2ccccc2)C1=O,CCCCCCO,323.15,-0.411597720989395,2.2089611744068227
CCCCC1C(=O)N(c2ccccc2)N(c2ccccc2)C1=O,CCCCCO,323.16,-0.34224064358457496,2.272521479130532
CCCCC1C(=O)N(c2ccccc2)N(c2ccccc2)C1=O,CCCCO,323.15,-0.269278762497345,2.2787522580648
CCCCC1C(=O)N(c2ccccc2)N(c2ccccc2)C1=O,CC#N,293.15,0.110084542909532,1.9104621856234991
CCCCC1C(=O)N(c2ccccc2)N(c2ccccc2)C1=O,CCOC(C)=O,283.15,-0.15136113616394598,2.0343308255503905
CCCCC1C(=O)N(c2ccccc2)N(c2ccccc2)C1=O,CC(C)=O,283.15,0.02060400760173,2.1089905056126055
CCCCC1C(=O)N(c2ccccc2)N(c2ccccc2)C1=O,CCOC(C)=O,288.15,-0.069525130349727,2.2210970845169697
CCCCC1C(=O)N(c2ccccc2)N(c2ccccc2)C1=O,CC(C)=O,288.13,0.09317693345427001,2.3076279238449073
CCCCC1C(=O)N(c2ccccc2)N(c2ccccc2)C1=O,CC#N,298.17,0.27500722093514,2.0912244136949925
CCCCC1C(=O)N(c2ccccc2)N(c2ccccc2)C1=O,CCOC(C)=O,293.15,0.0030893975210570003,2.397354310690502
CCCCC1C(=O)N(c2ccccc2)N(c2ccccc2)C1=O,CC(C)=O,293.15,0.16386843051117403,2.493891289973063
CCCCC1C(=O)N(c2ccccc2)N(c2ccccc2)C1=O,CCOC(C)=O,298.13,0.075656387169715,2.563036323839972
CCCCC1C(=O)N(c2ccccc2)N(c2ccccc2)C1=O,CC#N,303.15,0.37526869329500706,2.2614894347155334
CCCCC1C(=O)N(c2ccccc2)N(c2ccccc2)C1=O,CC(C)=O,298.17,0.23663870866145,2.6669816513666817
CCCCC1C(=O)N(c2ccccc2)N(c2ccccc2)C1=O,CN(C)C=O,283.13,0.22869333195761798,2.4274370970708574
CCCCC1C(=O)N(c2ccccc2)N(c2ccccc2)C1=O,CCOC(C)=O,303.15,0.145843238552708,2.720617953180679
CCCCC1C(=O)N(c2ccccc2)N(c2ccccc2)C1=O,CN(C)C=O,288.15,0.292333522329544,2.6102567212678385
CCCCC1C(=O)N(c2ccccc2)N(c2ccccc2)C1=O,CC(C)=O,303.15,0.312707605441948,2.82645428570587
CCCCC1C(=O)N(c2ccccc2)N(c2ccccc2)C1=O,CC#N,308.13,0.47026351952145795,2.4231978739420477
CCCCC1C(=O)N(c2ccccc2)N(c2ccccc2)C1=O,CCOC(C)=O,308.15,0.224496913168585,2.8686561190875794
CCCCC1C(=O)N(c2ccccc2)N(c2ccccc2)C1=O,CN(C)C=O,293.15,0.35138171616435804,2.785110065854773
CCCCC1C(=O)N(c2ccccc2)N(c2ccccc2)C1=O,CC(C)=O,308.13,0.382975806469644,2.9744506285952417
CCCCC1C(=O)N(c2ccccc2)N(c2ccccc2)C1=O,CC#N,313.1,0.561480688681289,2.576478257242038
CCCCC1C(=O)N(c2ccccc2)N(c2ccccc2)C1=O,CN(C)C=O,298.13,0.411718787489474,2.9524446082937525
CCCCC1C(=O)N(c2ccccc2)N(c2ccccc2)C1=O,CCOC(C)=O,313.37,0.306266314385486,3.014211045051533
CCCCC1C(=O)N(c2ccccc2)N(c2ccccc2)C1=O,CC(C)=O,313.15,0.452641655545514,3.112687795997842
CCCCC1C(=O)N(c2ccccc2)N(c2ccccc2)C1=O,CN(C)C=O,303.15,0.47040854196043397,3.1145743902090626
CCCCC1C(=O)N(c2ccccc2)N(c2ccccc2)C1=O,CC#N,318.17,0.6475132487443921,2.7249121637252367
CCCCC1C(=O)N(c2ccccc2)N(c2ccccc2)C1=O,CCOC(C)=O,318.3,0.378819784708034,3.143669200277668
CCCCC1C(=O)N(c2ccccc2)N(c2ccccc2)C1=O,CC(C)=O,318.15,0.519971709897488,3.2400642838331875
CCCCC1C(=O)N(c2ccccc2)N(c2ccccc2)C1=O,CN(C)C=O,308.15,0.527672184060648,3.2698376899268022
CCCCC1C(=O)N(c2ccccc2)N(c2ccccc2)C1=O,CCOC(C)=O,323.17,0.44975167358821005,3.2642868798415288
CCCCC1C(=O)N(c2ccccc2)N(c2ccccc2)C1=O,CC#N,323.16,0.7260637417059059,2.863558854328976
CCCCC1C(=O)N(c2ccccc2)N(c2ccccc2)C1=O,CC(C)=O,323.15,0.5813026896141059,3.3577206058609415
CCCCC1C(=O)N(c2ccccc2)N(c2ccccc2)C1=O,CN(C)C=O,313.15,0.586288215889426,3.419186462356105
CCCCC1C(=O)N(c2ccccc2)N(c2ccccc2)C1=O,CN(C)C=O,318.6,0.64757041897985,3.575560017048682
CCCCC1C(=O)N(c2ccccc2)N(c2ccccc2)C1=O,CN(C)C=O,323.17,0.7046793900596949,3.7017588034061215
O=C(c1ccccc1)C(O)c1ccccc1,CCCCO,283.15,-2.11177629980895,-0.9237324222623801
O=C(c1ccccc1)C(O)c1ccccc1,CCCCO,288.15,-1.96316325100599,-0.742248088220006
O=C(c1ccccc1)C(O)c1ccccc1,CCCCO,293.15,-1.80232161770082,-0.5714957269795744
O=C(c1ccccc1)C(O)c1ccccc1,CCCCO,298.15,-1.66364993659769,-0.4108395980034596
O=C(c1ccccc1)C(O)c1ccccc1,CCCCO,303.15,-1.53790080547851,-0.2596914270529103
O=C(c1ccccc1)C(O)c1ccccc1,CCCCO,308.15,-1.42092725400101,-0.11750635993981828
O=C(c1ccccc1)C(O)c1ccccc1,CCCCO,313.15,-1.30332956913729,0.016220687577077453
O=C(c1ccccc1)C(O)c1ccccc1,CCCCO,318.15,-1.18211186843963,0.14195832488927818
O=C(c1ccccc1)C(O)c1ccccc1,CCCCO,323.15,-1.09214083251095,0.26014166235144953
O=C(c1ccccc1)C(O)c1ccccc1,CCCO,283.15,-1.9938061073583702,-0.8705811284875175
O=C(c1ccccc1)C(O)c1ccccc1,CCCO,288.15,-1.8255549788007701,-0.6871420783023174
O=C(c1ccccc1)C(O)c1ccccc1,CCCO,293.15,-1.69683828658548,-0.515944755786163
O=C(c1ccccc1)C(O)c1ccccc1,CCCO,298.15,-1.5686890445005301,-0.35623427348252634
O=C(c1ccccc1)C(O)c1ccccc1,CCCO,303.15,-1.4231007986746,-0.20731282379723384
O=C(c1ccccc1)C(O)c1ccccc1,CCCO,308.15,-1.3175356037957802,-0.06853476298225109
O=C(c1ccccc1)C(O)c1ccccc1,CCCO,313.15,-1.199620357846,0.060697810330254676
O=C(c1ccccc1)C(O)c1ccccc1,CCCO,318.15,-1.06901574018461,0.18093903414844803
O=C(c1ccccc1)C(O)c1ccccc1,CCCO,323.15,-0.94771413731857,0.29270286534285994
O=C(c1ccccc1)C(O)c1ccccc1,CC(C)=O,283.15,-0.9142106483468041,-0.13423056429192332
O=C(c1ccccc1)C(O)c1ccccc1,CC(C)=O,288.15,-0.816261049068878,0.04180772613257322
O=C(c1ccccc1)C(O)c1ccccc1,CC(C)=O,293.15,-0.747497018727812,0.20251519316490116
O=C(c1ccccc1)C(O)c1ccccc1,CC(C)=O,298.15,-0.660512636728959,0.3489129699387014
O=C(c1ccccc1)C(O)c1ccccc1,CC(C)=O,303.15,-0.5900833875917328,0.48194367901908797
O=C(c1ccccc1)C(O)c1ccccc1,CC(C)=O,308.15,-0.49689515270678103,0.6024781781333732
O=C(c1ccccc1)C(O)c1ccccc1,CC(C)=O,313.15,-0.411883298918031,0.7113216158018398
O=C(c1ccccc1)C(O)c1ccccc1,CC(C)=O,318.15,-0.314577251979036,0.8092188736543454
O=C(c1ccccc1)C(O)c1ccccc1,CC(C)=O,323.15,-0.21561817079586898,0.8968594621001436
O=C(c1ccccc1)C(O)c1ccccc1,CCO,283.15,-1.70385864390029,-0.7421856698483954
O=C(c1ccccc1)C(O)c1ccccc1,CCO,288.15,-1.59564975691789,-0.5579538982871994
O=C(c1ccccc1)C(O)c1ccccc1,CCO,293.15,-1.4640663743823998,-0.38796615754195435
O=C(c1ccccc1)C(O)c1ccccc1,CCO,298.15,-1.36931147194261,-0.23126474554889903
O=C(c1ccccc1)C(O)c1ccccc1,CCO,303.15,-1.26146780215207,-0.08696574215127512
O=C(c1ccccc1)C(O)c1ccccc1,CCO,308.15,-1.1836724333513602,0.045747419178681525
O=C(c1ccccc1)C(O)c1ccccc1,CCO,313.15,-1.08137224760871,0.16762974585867424
O=C(c1ccccc1)C(O)c1ccccc1,CCO,318.15,-0.959881637352776,0.2793799148293342
O=C(c1ccccc1)C(O)c1ccccc1,CCO,323.15,-0.8794611008455301,0.3816449945354228
O=C(c1ccccc1)C(O)c1ccccc1,CCOC(C)=O,273.15,-1.2602413362144,-0.6197665550488127
O=C(c1ccccc1)C(O)c1ccccc1,CCOC(C)=O,278.15,-1.18133693769425,-0.4284678580164586
O=C(c1ccccc1)C(O)c1ccccc1,CCOC(C)=O,283.15,-1.17041478629823,-0.25073360369533415
O=C(c1ccccc1)C(O)c1ccccc1,CCOC(C)=O,283.15,-1.0901041292890001,-0.25073360369533415
O=C(c1ccccc1)C(O)c1ccccc1,CCOC(C)=O,288.15,-1.08871562623721,-0.08569303823838109
O=C(c1ccccc1)C(O)c1ccccc1,CCOC(C)=O,288.15,-1.00726810000875,-0.08569303823838109
O=C(c1ccccc1)C(O)c1ccccc1,CCOC(C)=O,293.15,-0.9773061947737192,0.06745652747656403
O=C(c1ccccc1)C(O)c1ccccc1,CCOC(C)=O,293.15,-0.926552070827334,0.06745652747656403
O=C(c1ccccc1)C(O)c1ccccc1,CCOC(C)=O,298.15,-0.875014827938365,0.20945577076515876
O=C(c1ccccc1)C(O)c1ccccc1,CCOC(C)=O,298.15,-0.8582166602712851,0.20945577076515876
O=C(c1ccccc1)C(O)c1ccccc1,CCOC(C)=O,303.15,-0.810503989285362,0.3409887864870626
O=C(c1ccccc1)C(O)c1ccccc1,CCOC(C)=O,303.15,-0.7827625432185921,0.3409887864870626
O=C(c1ccccc1)C(O)c1ccccc1,CCOC(C)=O,308.15,-0.721359738659063,0.4626879616646978
O=C(c1ccccc1)C(O)c1ccccc1,CCOC(C)=O,308.15,-0.712641586697113,0.4626879616646978
O=C(c1ccccc1)C(O)c1ccccc1,CCOC(C)=O,313.15,-0.6297895967660511,0.575138354098621
O=C(c1ccccc1)C(O)c1ccccc1,CCOC(C)=O,313.15,-0.6429151199418129,0.575138354098621
O=C(c1ccccc1)C(O)c1ccccc1,CCOC(C)=O,318.15,-0.5486025602692429,0.6788816270897585
O=C(c1ccccc1)C(O)c1ccccc1,CCOC(C)=O,323.15,-0.44911604861022203,0.7744195859120788
O=C(c1ccccc1)C(O)c1ccccc1,CO,283.15,-1.5442560438713202,-0.6422681608221146
O=C(c1ccccc1)C(O)c1ccccc1,CO,288.15,-1.45758880990686,-0.46331133923699297
O=C(c1ccccc1)C(O)c1ccccc1,CO,288.15,-1.39950987354843,-0.46331133923699297
O=C(c1ccccc1)C(O)c1ccccc1,CO,293.15,-1.21649418673887,-0.2979286744061344
O=C(c1ccccc1)C(O)c1ccccc1,CO,293.15,-1.23463594276133,-0.2979286744061344
O=C(c1ccccc1)C(O)c1ccccc1,CO,298.15,-1.107099689257,-0.14523488229179538
O=C(c1ccccc1)C(O)c1ccccc1,CO,298.15,-1.12115396819799,-0.14523488229179538
O=C(c1ccccc1)C(O)c1ccccc1,CO,303.15,-1.04664814462855,-0.004411409069142308
O=C(c1ccccc1)C(O)c1ccccc1,CO,308.15,-0.9442064629055409,0.12529949252818284
O=C(c1ccccc1)C(O)c1ccccc1,CCO,313.15,-1.09948263132625,0.16762974585867424
O=C(c1ccccc1)C(O)c1ccccc1,CO,313.15,-0.861116317486942,0.24460003965099775
O=C(c1ccccc1)C(O)c1ccccc1,CCO,318.15,-0.987336674350896,0.2793799148293342
O=C(c1ccccc1)C(O)c1ccccc1,CO,318.15,-0.7543580284585399,0.3541416163467207
O=C(c1ccccc1)C(O)c1ccccc1,CO,323.15,-0.665383216654059,0.4545289531278198
O=C(c1ccccc1)C(O)c1ccccc1,CC(C)O,273.15,-2.232688661421,-1.4525112161325553
O=C(c1ccccc1)C(O)c1ccccc1,CC(C)CO,273.15,-2.19764463250126,-1.4307069177992533
O=C(c1ccccc1)C(O)c1ccccc1,CC(C)O,278.15,-2.11219707370501,-1.224750291426336
O=C(c1ccccc1)C(O)c1ccccc1,C1CCCCC1,283.15,-2.2532521586394303,-2.3769392464996884
O=C(c1ccccc1)C(O)c1ccccc1,CCCCO,273.15,-2.09722350014552,-1.3217047391768937
O=C(c1ccccc1)C(O)c1ccccc1,CC(C)CO,278.15,-2.09871203400991,-1.2220760576571823
O=C(c1ccccc1)C(O)c1ccccc1,CCCO,273.15,-1.99101405495228,-1.2775227987155824
O=C(c1ccccc1)C(O)c1ccccc1,CCO,273.15,-1.86920803350828,-1.157624667759214
O=C(c1ccccc1)C(O)c1ccccc1,CC(C)O,283.15,-1.9851443295522202,-1.0144546210455392
O=C(c1ccccc1)C(O)c1ccccc1,C1CCCCC1,288.15,-2.12737888073399,-2.1773546556554555
O=C(c1ccccc1)C(O)c1ccccc1,CO,273.15,-1.6872187177115199,-1.0448197339451766
O=C(c1ccccc1)C(O)c1ccccc1,CCCCO,278.15,-1.9990842709361398,-1.116636425813641
O=C(c1ccccc1)C(O)c1ccccc1,CC(C)CO,283.15,-1.98735528297722,-1.0263656799245897
O=C(c1ccccc1)C(O)c1ccccc1,CCCO,278.15,-1.89010379160587,-1.0670793430512246
O=C(c1ccccc1)C(O)c1ccccc1,CC(C)O,288.15,-1.89231561867833,-0.8204489769245039
O=C(c1ccccc1)C(O)c1ccccc1,CCO,278.15,-1.7648495905161599,-0.9417000966473353
O=C(c1ccccc1)C(O)c1ccccc1,CO,278.15,-1.59785430912143,-0.835757798386868
O=C(c1ccccc1)C(O)c1ccccc1,C1CCCCC1,293.15,-2.00201817939698,-1.9880630693213477
O=C(c1ccccc1)C(O)c1ccccc1,CCCCO,283.15,-1.89409456815452,-0.9237324222623801
O=C(c1ccccc1)C(O)c1ccccc1,CCCO,283.15,-1.79276389934318,-0.8705811284875175
O=C(c1ccccc1)C(O)c1ccccc1,CCO,283.15,-1.67651263283509,-0.7421856698483954
O=C(c1ccccc1)C(O)c1ccccc1,CC(C)CO,288.15,-1.87165768921148,-0.8427732892014913
O=C(c1ccccc1)C(O)c1ccccc1,CC(C)O,293.15,-1.7902375570449098,-0.6416500562871315
O=C(c1ccccc1)C(O)c1ccccc1,CO,283.15,-1.5059458884113701,-0.6422681608221146
O=C(c1ccccc1)C(O)c1ccccc1,C1CCCCC1,298.15,-1.89973709574606,-1.8084892828008121
O=C(c1ccccc1)C(O)c1ccccc1,CCCCO,288.15,-1.7895007604271,-0.742248088220006
O=C(c1ccccc1)C(O)c1ccccc1,CCCO,288.15,-1.69781844805172,-0.6871420783023174
O=C(c1ccccc1)C(O)c1ccccc1,CCO,288.15,-1.5811017564850802,-0.5579538982871994
O=C(c1ccccc1)C(O)c1ccccc1,CC(C)CO,293.15,-1.77340342323742,-0.6705581388595195
O=C(c1ccccc1)C(O)c1ccccc1,CO,288.15,-1.40746628570471,-0.46331133923699297
O=C(c1ccccc1)C(O)c1ccccc1,CC(C)O,298.15,-1.6832616571519399,-0.47705821702452306
O=C(c1ccccc1)C(O)c1ccccc1,C1CCCCC1,303.15,-1.7954183351825,-1.6381002281229475
O=C(c1ccccc1)C(O)c1ccccc1,CCCCO,293.15,-1.69192517317625,-0.5714957269795744
O=C(c1ccccc1)C(O)c1ccccc1,CCO,293.15,-1.49587833417889,-0.38796615754195435
O=C(c1ccccc1)C(O)c1ccccc1,CCCO,293.15,-1.6027923896689098,-0.515944755786163
O=C(c1ccccc1)C(O)c1ccccc1,CC(C)CO,298.15,-1.68044507780936,-0.5090357865300604
O=C(c1ccccc1)C(O)c1ccccc1,CO,293.15,-1.31539721350859,-0.2979286744061344
O=C(c1ccccc1)C(O)c1ccccc1,CC(C)O,303.15,-1.58191680719019,-0.32575007399786704
O=C(c1ccccc1)C(O)c1ccccc1,CC#N,273.15,-1.4002659654364398,-0.6239328096015834
O=C(c1ccccc1)C(O)c1ccccc1,C1CCCCC1,308.15,-1.69096008000132,-1.4764014000267307
O=C(c1ccccc1)C(O)c1ccccc1,CC(C)CO,303.15,-1.60236413327093,-0.3575731987854551
O=C(c1ccccc1)C(O)c1ccccc1,CCCCO,298.15,-1.5920602025671002,-0.4108395980034596
O=C(c1ccccc1)C(O)c1ccccc1,CCCO,298.15,-1.50487134958976,-0.35623427348252634
O=C(c1ccccc1)C(O)c1ccccc1,CCO,298.15,-1.3867211429799997,-0.23126474554889903
O=C(c1ccccc1)C(O)c1ccccc1,CC(C)O,308.15,-1.5057731970233201,-0.18687186020106766
O=C(c1ccccc1)C(O)c1ccccc1,CO,298.15,-1.21975936863244,-0.14523488229179538
O=C(c1ccccc1)C(O)c1ccccc1,CC#N,278.15,-1.2969445559828,-0.42388119130148283
O=C(c1ccccc1)C(O)c1ccccc1,Cc1ccccc1,273.15,-1.59352266334634,-0.8406341370949285
O=C(c1ccccc1)C(O)c1ccccc1,CCCCO,303.15,-1.5271080928237,-0.2596914270529103
O=C(c1ccccc1)C(O)c1ccccc1,CCCO,303.15,-1.4342844100650098,-0.20731282379723384
O=C(c1ccccc1)C(O)c1ccccc1,C1CCCCC1,313.15,-1.59790675855053,-1.3229336408838481
O=C(c1ccccc1)C(O)c1ccccc1,CCO,303.15,-1.32219308388796,-0.08696574215127512
O=C(c1ccccc1)C(O)c1ccccc1,CC(C)CO,308.15,-1.52080829143471,-0.21558434580277153
O=C(c1ccccc1)C(O)c1ccccc1,CC(C)O,313.15,-1.42969707396049,-0.059633468598860984
O=C(c1ccccc1)C(O)c1ccccc1,CO,303.15,-1.14387711184682,-0.004411409069142308
O=C(c1ccccc1)C(O)c1ccccc1,Cc1ccccc1,278.15,-1.52607444464645,-0.6578316664842555
O=C(c1ccccc1)C(O)c1ccccc1,CCCCO,308.15,-1.4523245181598798,-0.11750635993981828
O=C(c1ccccc1)C(O)c1ccccc1,CCCO,308.15,-1.3610641812876898,-0.06853476298225109
O=C(c1ccccc1)C(O)c1ccccc1,CC#N,283.15,-1.19323190895348,-0.23745065465670312
O=C(c1ccccc1)C(O)c1ccccc1,CC(C)CO,313.15,-1.4341577528029998,-0.0825262337949565
O=C(c1ccccc1)C(O)c1ccccc1,CCO,308.15,-1.23198248754529,0.045747419178681525
O=C(c1ccccc1)C(O)c1ccccc1,CO,308.15,-1.06940390024951,0.12529949252818284
O=C(c1ccccc1)C(O)c1ccccc1,Cc1ccccc1,283.15,-1.4688634536577299,-0.48478377329529
O=C(c1ccccc1)C(O)c1ccccc1,CCCCO,313.15,-1.37023403362185,0.016220687577077453
O=C(c1ccccc1)C(O)c1ccccc1,CCCO,313.15,-1.28064529242359,0.060697810330254676
O=C(c1ccccc1)C(O)c1ccccc1,Cc1ccccc1,288.15,-1.4194505507542399,-0.32092466313574264
O=C(c1ccccc1)C(O)c1ccccc1,CCO,313.15,-1.16961240030327,0.16762974585867424
O=C(c1ccccc1)C(O)c1ccccc1,CC#N,288.15,-1.10599648546736,-0.06377228294593612
O=C(c1ccccc1)C(O)c1ccccc1,CO,313.15,-0.9925072205575171,0.24460003965099775
O=C(c1ccccc1)C(O)c1ccccc1,CCCCOC(C)=O,273.15,-1.45670260886343,-0.8021133217996331
O=C(c1ccccc1)C(O)c1ccccc1,CC(C)=O,273.15,-1.18425083034958,-0.5368227275287021
O=C(c1ccccc1)C(O)c1ccccc1,Cc1ccccc1,293.15,-1.3550498462922902,-0.1657310161232987
O=C(c1ccccc1)C(O)c1ccccc1,CC#N,293.15,-1.01232566186722,0.0979554229993814
O=C(c1ccccc1)C(O)c1ccccc1,Cc1ccccc1,298.15,-1.28329058876151,-0.018718325108189396
O=C(c1ccccc1)C(O)c1ccccc1,CCCCOC(C)=O,278.15,-1.36101427701783,-0.6221824417182731
O=C(c1ccccc1)C(O)c1ccccc1,CC(C)=O,278.15,-1.09425252746236,-0.3267068461656627
O=C(c1ccccc1)C(O)c1ccccc1,Cc1ccccc1,303.15,-1.22547990702406,0.12056240445102084
O=C(c1ccccc1)C(O)c1ccccc1,CCCCOC(C)=O,283.15,-1.30512037296117,-0.4522324041868401
O=C(c1ccccc1)C(O)c1ccccc1,CC#N,298.15,-0.8902825381456829,0.2484725197224881
O=C(c1ccccc1)C(O)c1ccccc1,CC(C)=O,283.15,-1.01729828339436,-0.13423056429192332
O=C(c1ccccc1)C(O)c1ccccc1,Cc1ccccc1,308.15,-1.15520966685408,0.2525276326259203
O=C(c1ccccc1)C(O)c1ccccc1,CC#N,303.15,-0.8259197122504569,0.38846298975188265
O=C(c1ccccc1)C(O)c1ccccc1,CCCCOC(C)=O,288.15,-1.21727269379329,-0.29167284335374627
O=C(c1ccccc1)C(O)c1ccccc1,CC(C)=O,288.15,-0.924360744644253,0.04180772613257322
O=C(c1ccccc1)C(O)c1ccccc1,Cc1ccccc1,313.15,-1.09621622759359,0.3775639754103391
O=C(c1ccccc1)C(O)c1ccccc1,CCCCOC(C)=O,293.15,-1.14769743967519,-0.1399582428084006
O=C(c1ccccc1)C(O)c1ccccc1,CC#N,308.15,-0.749394764046381,0.5185595696274563
O=C(c1ccccc1)C(O)c1ccccc1,CCCCOC(C)=O,298.15,-1.0838591124374,0.0034159402455964227
O=C(c1ccccc1)C(O)c1ccccc1,CC(C)=O,293.15,-0.8281017617702621,0.20251519316490116
O=C(c1ccccc1)C(O)c1ccccc1,CC#N,313.15,-0.6752948371555569,0.6393480952568601
O=C(c1ccccc1)C(O)c1ccccc1,CC(C)=O,298.15,-0.761111012999244,0.3489129699387014
O=C(c1ccccc1)C(O)c1ccccc1,CCCCOC(C)=O,303.15,-1.0135344616291402,0.13891676702352995
O=C(c1ccccc1)C(O)c1ccccc1,CC(C)=O,303.15,-0.699895987573542,0.48194367901908797
O=C(c1ccccc1)C(O)c1ccccc1,CCCCOC(C)=O,308.15,-0.945630669392119,0.2669769722886725
O=C(c1ccccc1)C(O)c1ccccc1,CC(C)=O,308.15,-0.6336774227151171,0.6024781781333732
O=C(c1ccccc1)C(O)c1ccccc1,CCCCOC(C)=O,313.15,-0.8773543233598601,0.38799781592662397
O=C(c1ccccc1)C(O)c1ccccc1,CC(C)=O,313.15,-0.580421634780436,0.7113216158018398
NS(=O)(=O)c1cc2c(cc1Cl)NCNS2(=O)=O,O,283.25,-2.893876372116,-3.3452239160231767
NS(=O)(=O)c1cc2c(cc1Cl)NCNS2(=O)=O,O,287.95,-2.8060916965180405,-3.1960066671536755
NS(=O)(=O)c1cc2c(cc1Cl)NCNS2(=O)=O,O,292.95,-2.71210036479904,-3.0388866046072414
NS(=O)(=O)c1cc2c(cc1Cl)NCNS2(=O)=O,O,298.15,-2.6335646399772594,-2.8773087093721483
NS(=O)(=O)c1cc2c(cc1Cl)NCNS2(=O)=O,CCCCCO,282.94,-3.38601748604048,-3.3334666152452606
NS(=O)(=O)c1cc2c(cc1Cl)NCNS2(=O)=O,O,303.15,-2.54139034192578,-2.7237497026464847
NS(=O)(=O)c1cc2c(cc1Cl)NCNS2(=O)=O,CCCCCO,288.39,-3.2611889647948997,-3.1472098172431906
NS(=O)(=O)c1cc2c(cc1Cl)NCNS2(=O)=O,O,308.15,-2.4458464758633904,-2.572001902086099
NS(=O)(=O)c1cc2c(cc1Cl)NCNS2(=O)=O,CC(C)CO,282.85,-3.1417963451149498,-3.2866937055613237
NS(=O)(=O)c1cc2c(cc1Cl)NCNS2(=O)=O,CCCCCO,293.37,-3.1476708366283397,-2.981032724756241
NS(=O)(=O)c1cc2c(cc1Cl)NCNS2(=O)=O,O,312.85,-2.3668565336039102,-2.4310440754518927
NS(=O)(=O)c1cc2c(cc1Cl)NCNS2(=O)=O,CC(C)CO,288.0,-3.02890861536052,-3.102185537060034
NS(=O)(=O)c1cc2c(cc1Cl)NCNS2(=O)=O,O,318.15,-2.27924940393181,-2.274086648879181
NS(=O)(=O)c1cc2c(cc1Cl)NCNS2(=O)=O,CCCCCO,297.82,-3.0436043206472796,-2.835735604290646
NS(=O)(=O)c1cc2c(cc1Cl)NCNS2(=O)=O,O,323.05,-2.21540359241605,-2.1308868676113524
NS(=O)(=O)c1cc2c(cc1Cl)NCNS2(=O)=O,CC(C)CO,293.57,-2.8974665155449997,-2.9093995795707643
NS(=O)(=O)c1cc2c(cc1Cl)NCNS2(=O)=O,CCC(C)O,283.3,-2.86563565614188,-2.973465938617976
NS(=O)(=O)c1cc2c(cc1Cl)NCNS2(=O)=O,CCCCCO,302.63,-2.9349855600650496,-2.682025705438823
NS(=O)(=O)c1cc2c(cc1Cl)NCNS2(=O)=O,CC(C)CO,298.4,-2.7811403960033196,-2.747744969088675
NS(=O)(=O)c1cc2c(cc1Cl)NCNS2(=O)=O,CCC(C)O,288.24,-2.7597043381022996,-2.800469870007772
NS(=O)(=O)c1cc2c(cc1Cl)NCNS2(=O)=O,CCCCCO,307.76,-2.82121651639192,-2.5218618031618676
NS(=O)(=O)c1cc2c(cc1Cl)NCNS2(=O)=O,CC(C)CO,302.64,-2.68601842155368,-2.6099445211664873
NS(=O)(=O)c1cc2c(cc1Cl)NCNS2(=O)=O,CCC(C)O,293.17,-2.65784903739748,-2.634023214419313
NS(=O)(=O)c1cc2c(cc1Cl)NCNS2(=O)=O,CCCCCO,312.95,-2.70959761765075,-2.363730921556077
NS(=O)(=O)c1cc2c(cc1Cl)NCNS2(=O)=O,CC(C)O,283.33,-2.53373381734889,-2.433437780494086
NS(=O)(=O)c1cc2c(cc1Cl)NCNS2(=O)=O,CC(C)CO,308.22,-2.55996133652438,-2.434291543601659
NS(=O)(=O)c1cc2c(cc1Cl)NCNS2(=O)=O,CCC(C)O,298.2,-2.5456279997552795,-2.4703677829440056
NS(=O)(=O)c1cc2c(cc1Cl)NCNS2(=O)=O,CCCCCO,317.7,-2.60826148798419,-2.2224036822458966
NS(=O)(=O)c1cc2c(cc1Cl)NCNS2(=O)=O,CC(C)O,288.3,-2.42114240679444,-2.2670562168697916
NS(=O)(=O)c1cc2c(cc1Cl)NCNS2(=O)=O,CCCO,283.25,-2.39929122098856,-2.6172327493488177
NS(=O)(=O)c1cc2c(cc1Cl)NCNS2(=O)=O,CC(C)CO,312.94,-2.4536702552464704,-2.2906390626222586
NS(=O)(=O)c1cc2c(cc1Cl)NCNS2(=O)=O,CCCCCO,322.05,-2.52711776825615,-2.0957919992425365
NS(=O)(=O)c1cc2c(cc1Cl)NCNS2(=O)=O,CCC(C)O,303.04,-2.44379367677898,-2.318586744568443
NS(=O)(=O)c1cc2c(cc1Cl)NCNS2(=O)=O,CCCO,288.75,-2.3188005808249,-2.4355007393322814
NS(=O)(=O)c1cc2c(cc1Cl)NCNS2(=O)=O,CC(C)O,293.38,-2.32800494476784,-2.1056351030635856
NS(=O)(=O)c1cc2c(cc1Cl)NCNS2(=O)=O,CCC(C)O,307.85,-2.34444857370852,-2.173110166032715
NS(=O)(=O)c1cc2c(cc1Cl)NCNS2(=O)=O,CC(C)CO,317.83,-2.3460771423817204,-2.1464584336794497
NS(=O)(=O)c1cc2c(cc1Cl)NCNS2(=O)=O,CCCO,293.95,-2.23124527319806,-2.270324203288863
NS(=O)(=O)c1cc2c(cc1Cl)NCNS2(=O)=O,CC(C)O,298.49,-2.22250051271073,-1.9516943848577288
NS(=O)(=O)c1cc2c(cc1Cl)NCNS2(=O)=O,CCCO,298.65,-2.17224900151093,-2.126401466097723
NS(=O)(=O)c1cc2c(cc1Cl)NCNS2(=O)=O,CC(C)CO,322.6,-2.2597581298252796,-2.01027023315043
NS(=O)(=O)c1cc2c(cc1Cl)NCNS2(=O)=O,CCC(C)O,312.91,-2.2421562147046803,-2.0256770247902653
NS(=O)(=O)c1cc2c(cc1Cl)NCNS2(=O)=O,CC(C)O,302.85,-2.1380205815985,-1.8267682767443012
NS(=O)(=O)c1cc2c(cc1Cl)NCNS2(=O)=O,CCCO,303.65,-2.09954256608248,-1.9787205671989732
NS(=O)(=O)c1cc2c(cc1Cl)NCNS2(=O)=O,CCC(C)O,318.03,-2.14273714647675,-1.8821819364474435
NS(=O)(=O)c1cc2c(cc1Cl)NCNS2(=O)=O,CCCO,308.65,-2.0252326758851997,-1.83647631180712
NS(=O)(=O)c1cc2c(cc1Cl)NCNS2(=O)=O,CC(C)O,307.9,-2.02586787899321,-1.6891799390697404
NS(=O)(=O)c1cc2c(cc1Cl)NCNS2(=O)=O,CCCO,313.35,-1.95973626603723,-1.7075897339552604
NS(=O)(=O)c1cc2c(cc1Cl)NCNS2(=O)=O,CCOC(C)=O,283.15,-2.06016893136205,-0.962175884802509
NS(=O)(=O)c1cc2c(cc1Cl)NCNS2(=O)=O,CCC(C)O,323.13,-2.0472001871181598,-1.7447814460830222
NS(=O)(=O)c1cc2c(cc1Cl)NCNS2(=O)=O,CCOC(C)=O,288.25,-2.0329891823276998,-0.8089254364557319
NS(=O)(=O)c1cc2c(cc1Cl)NCNS2(=O)=O,CC(C)O,312.9,-1.9246680402471599,-1.5601995390301246
NS(=O)(=O)c1cc2c(cc1Cl)NCNS2(=O)=O,CCOC(C)=O,293.05,-2.00266472224558,-0.6723505876521486
NS(=O)(=O)c1cc2c(cc1Cl)NCNS2(=O)=O,CCCO,317.85,-1.89430906545511,-1.588459187105247
NS(=O)(=O)c1cc2c(cc1Cl)NCNS2(=O)=O,CCOC(C)=O,299.25,-1.9664470745616298,-0.5063931963438515
NS(=O)(=O)c1cc2c(cc1Cl)NCNS2(=O)=O,CCOC(C)=O,303.25,-1.9429629217796,-0.40529843152816525
NS(=O)(=O)c1cc2c(cc1Cl)NCNS2(=O)=O,CC(C)O,318.16,-1.82980606818378,-1.432011267439734
NS(=O)(=O)c1cc2c(cc1Cl)NCNS2(=O)=O,CCCO,325.15,-1.80865523720332,-1.4038527686507634
NS(=O)(=O)c1cc2c(cc1Cl)NCNS2(=O)=O,CCOC(C)=O,308.65,-1.9106535751250602,-0.2759232077222183
NS(=O)(=O)c1cc2c(cc1Cl)NCNS2(=O)=O,CCOC(C)=O,313.25,-1.8912605798006898,-0.17190479040419954
NS(=O)(=O)c1cc2c(cc1Cl)NCNS2(=O)=O,CCOC(C)=O,318.15,-1.86678516626287,-0.06712180272733037
NS(=O)(=O)c1cc2c(cc1Cl)NCNS2(=O)=O,CC(C)O,323.35,-1.74710297556304,-1.3128048903904064
NS(=O)(=O)c1cc2c(cc1Cl)NCNS2(=O)=O,CCOC(C)=O,323.05,-1.85487020585802,0.03167581475987713
NS(=O)(=O)c1cc2c(cc1Cl)NCNS2(=O)=O,CCO,279.95,-1.57218847623144,-2.001623539224526
NS(=O)(=O)c1cc2c(cc1Cl)NCNS2(=O)=O,CCO,285.86,-1.53858791756111,-1.8114315117239754
NS(=O)(=O)c1cc2c(cc1Cl)NCNS2(=O)=O,CCO,291.46,-1.49764137352615,-1.6410594278382002
NS(=O)(=O)c1cc2c(cc1Cl)NCNS2(=O)=O,CCO,296.34,-1.4637899214271,-1.500017291589107
NS(=O)(=O)c1cc2c(cc1Cl)NCNS2(=O)=O,CCO,301.7,-1.43599384750007,-1.352707253666382
NS(=O)(=O)c1cc2c(cc1Cl)NCNS2(=O)=O,CCO,307.17,-1.42102089980362,-1.2102284695015675
NS(=O)(=O)c1cc2c(cc1Cl)NCNS2(=O)=O,CCO,311.9,-1.39311859571533,-1.093161079565788
NS(=O)(=O)c1cc2c(cc1Cl)NCNS2(=O)=O,CCO,316.15,-1.3804553041806102,-0.9926532948159442
NS(=O)(=O)c1cc2c(cc1Cl)NCNS2(=O)=O,CCO,323.7,-1.34278170473286,-0.8246078453656137
NS(=O)(=O)c1cc2c(cc1Cl)NCNS2(=O)=O,CC#N,283.15,-1.2387674355606002,-0.44258601527733726
NS(=O)(=O)c1cc2c(cc1Cl)NCNS2(=O)=O,CC#N,288.15,-1.21076849120533,-0.2764219748415719
NS(=O)(=O)c1cc2c(cc1Cl)NCNS2(=O)=O,CC#N,293.25,-1.18405558899127,-0.11696481036789103
NS(=O)(=O)c1cc2c(cc1Cl)NCNS2(=O)=O,CO,283.05,-1.04701997411753,-1.5010263657170175
NS(=O)(=O)c1cc2c(cc1Cl)NCNS2(=O)=O,CC#N,298.15,-1.1619584250763,0.02720130274412936
NS(=O)(=O)c1cc2c(cc1Cl)NCNS2(=O)=O,CO,288.15,-1.02472766869414,-1.344314344218971
NS(=O)(=O)c1cc2c(cc1Cl)NCNS2(=O)=O,CC#N,303.15,-1.14142490728265,0.16564868601990076
NS(=O)(=O)c1cc2c(cc1Cl)NCNS2(=O)=O,CO,293.15,-1.0055490256428499,-1.198463256940802
NS(=O)(=O)c1cc2c(cc1Cl)NCNS2(=O)=O,CC#N,308.05,-1.12042535709187,0.2932581255491138
NS(=O)(=O)c1cc2c(cc1Cl)NCNS2(=O)=O,CO,297.65,-0.9770771656986921,-1.0735111254997123
NS(=O)(=O)c1cc2c(cc1Cl)NCNS2(=O)=O,CC#N,313.65,-1.10179541536852,0.42980657584116155
NS(=O)(=O)c1cc2c(cc1Cl)NCNS2(=O)=O,CO,303.45,-0.958065089543456,-0.9209094430390744
NS(=O)(=O)c1cc2c(cc1Cl)NCNS2(=O)=O,CC#N,318.25,-1.07165872729977,0.534908744780381
NS(=O)(=O)c1cc2c(cc1Cl)NCNS2(=O)=O,CO,308.05,-0.937155927345352,-0.8063761002207513
NS(=O)(=O)c1cc2c(cc1Cl)NCNS2(=O)=O,CC#N,323.45,-1.0521337920651301,0.6464075670949452
NS(=O)(=O)c1cc2c(cc1Cl)NCNS2(=O)=O,CO,313.15,-0.915062710369433,-0.6858440322455259
NS(=O)(=O)c1cc2c(cc1Cl)NCNS2(=O)=O,CO,318.65,-0.888365604217024,-0.5631791260224152
NS(=O)(=O)c1cc2c(cc1Cl)NCNS2(=O)=O,CO,323.35,-0.8618119653963231,-0.464162901749095
O=C(O)[C@@H]1CCCN1,CC#N,283.15,-3.29885645340751,0.13662597280257993
O=C(O)[C@@H]1CCCN1,CC#N,293.15,-3.24163126058574,0.34151488769812277
O=C(O)[C@@H]1CCCN1,CC#N,303.15,-2.83336421591501,0.549421346722333
O=C(O)[C@@H]1CCCN1,CC(C)=O,283.15,-2.86385630751696,-0.13295289723448106
O=C(O)[C@@H]1CCCN1,CC#N,313.15,-2.68598967494739,0.7584641119611242
O=C(O)[C@@H]1CCCN1,CC#N,323.15,-2.4729149368072703,0.9670372632042369
O=C(O)[C@@H]1CCCN1,CC(C)=O,293.15,-2.5578434256563902,0.10314812561452714
O=C(O)[C@@H]1CCCN1,CC(C)=O,303.15,-2.42116938120013,0.33770783525960263
O=C(O)[C@@H]1CCCN1,CC(C)=O,313.15,-2.29792283653662,0.5690346603163063
O=C(O)[C@@H]1CCCN1,CC(C)=O,323.15,-2.212159906777,0.7956667049957822
O=C(O)[C@@H]1CCCN1,CCO,283.15,-1.26981538508755,0.42561341223656646
O=C(O)[C@@H]1CCCN1,CCO,293.15,-1.1175354438249199,0.5198895230878994
O=C(O)[C@@H]1CCCN1,CCO,303.15,-1.05413910645119,0.6388629255211355
O=C(O)[C@@H]1CCCN1,CCO,313.15,-0.9239695281838629,0.7772865053691638
O=C(O)[C@@H]1CCCN1,CCO,323.15,-0.8137809616633241,0.9306274771197462
O=C(O)[C@@H]1CCCN1,CO,283.15,0.090047652966372,0.8029821616625943
O=C(O)[C@@H]1CCCN1,CO,293.15,0.170564651045101,0.8634911233106004
O=C(O)[C@@H]1CCCN1,CO,303.15,0.261922695378652,0.9546481285412489
O=C(O)[C@@H]1CCCN1,CO,313.15,0.355930168375502,1.0701736064444394
O=C(O)[C@@H]1CCCN1,CO,323.15,0.442809603409461,1.2046701428353033
O=C(O)[C@@H]1CCCN1,O,283.15,1.10776851440807,0.4019911220853495
O=C(O)[C@@H]1CCCN1,O,293.15,1.1525801600973602,0.4856785140317661
O=C(O)[C@@H]1CCCN1,O,303.15,1.2037766207887601,0.5895706936713254
O=C(O)[C@@H]1CCCN1,O,313.15,1.24188466178551,0.7101801359714843
O=C(O)[C@@H]1CCCN1,O,323.15,1.28576284598346,0.8445137663869263
c1cc2ccc3cccc4ccc(c1)c2c34,CC#N,299.15,-0.9306286246527429,-1.033036453476564
NC(=O)CN1CCCC1=O,CC(C)=O,298.0,-1.3717085156608897,-1.5495702353815588
NC(=O)CN1CCCC1=O,CCO,283.0,-0.9388020915877711,-0.8808263281237132
NC(=O)CN1CCCC1=O,C1COCCO1,293.0,-1.67366518073549,-1.6202679800809299
NC(=O)CN1CCCC1=O,CO,288.0,-0.17385803226938798,-0.39605143713370805
NC(=O)CN1CCCC1=O,CC(C)=O,283.0,-1.62497252802307,-1.819921243762419
NC(=O)CN1CCCC1=O,CO,298.0,0.001723590891214,-0.26676728037392294
NC(=O)CN1CCCC1=O,CC(C)=O,293.0,-1.4547732204953798,-1.6347724771545358
NC(=O)CN1CCCC1=O,CO,293.0,-0.082837743972639,-0.3290736532777093
NC(=O)CN1CCCC1=O,CC(C)O,293.0,-1.08092415005982,-1.0481607424828376
NC(=O)CN1CCCC1=O,CC(C)=O,323.0,-0.97210840397782,-1.1897198825126796
NC(=O)CN1CCCC1=O,CO,283.0,-0.26092925664169897,-0.4679510262309232
NC(=O)CN1CCCC1=O,CC(C)=O,278.0,-1.6655622854311898,-1.920324129171386
NC(=O)CN1CCCC1=O,CO,303.0,0.075800036029141,-0.20890181726004603
NC(=O)CN1CCCC1=O,CCO,278.0,-1.0414500823448,-0.9729088066140377
NC(=O)CN1CCCC1=O,CC(C)O,283.0,-1.29297023341732,-1.2344103368923052
NC(=O)CN1CCCC1=O,CCO,293.0,-0.744700680007495,-0.7152515123553831
NC(=O)CN1CCCC1=O,CC(C)O,323.0,-0.45998877915932,-0.6287618293585098
NC(=O)CN1CCCC1=O,CC(C)=O,288.0,-1.5435685504444798,-1.7248166318261842
NC(=O)CN1CCCC1=O,CC(C)O,308.0,-0.7705465586164542,-0.8145398617305235
NC(=O)CN1CCCC1=O,C1COCCO1,323.0,-1.13380744187536,-1.1482136260026126
NC(=O)CN1CCCC1=O,CO,323.0,0.412101463737777,-0.01784506783651052
NC(=O)CN1CCCC1=O,CC(C)=O,308.0,-1.19890133502378,-1.3929052011755623
NC(=O)CN1CCCC1=O,CCO,308.0,-0.462333298403846,-0.5081527955024379
NC(=O)CN1CCCC1=O,C1COCCO1,298.0,-1.60230193693933,-1.535771396202195
NC(=O)CN1CCCC1=O,C1COCCO1,308.0,-1.4242940218181201,-1.3739360583722586
NC(=O)CN1CCCC1=O,CC(C)O,298.0,-0.979722701760375,-0.9645118581408205
NC(=O)CN1CCCC1=O,CC(C)=O,313.0,-1.11733032020252,-1.3210895473450956
NC(=O)CN1CCCC1=O,C1COCCO1,313.0,-1.3190441158642199,-1.2964779406689646
NC(=O)CN1CCCC1=O,CCO,298.0,-0.6470408113446321,-0.6410351860209555
NC(=O)CN1CCCC1=O,CC(C)O,313.0,-0.665020584990609,-0.7476430372288903
NC(=O)CN1CCCC1=O,CO,308.0,0.157786925284914,-0.15526492811242207
NC(=O)CN1CCCC1=O,CC(C)O,278.0,-1.38628163983832,-1.3377479690308365
NC(=O)CN1CCCC1=O,CO,283.0,-0.258256666780373,-0.4679510262309232
NC(=O)CN1CCCC1=O,CO,318.0,0.328214932363293,-0.05990963925012402
NC(=O)CN1CCCC1=O,CO,318.0,0.329096077949666,-0.05990963925012402
NC(=O)CN1CCCC1=O,C1COCCO1,288.0,-1.7267870632450402,-1.7072376951124655
NC(=O)CN1CCCC1=O,CC(C)O,318.0,-0.5600100283303591,-0.6857944982740647
NC(=O)CN1CCCC1=O,CC(C)O,288.0,-1.17527838064175,-1.1380092292920367
NC(=O)CN1CCCC1=O,CO,278.0,-0.34560139520886196,-0.5450446934246115
NC(=O)CN1CCCC1=O,C1COCCO1,303.0,-1.5165073721053601,-1.4536813807030697
NC(=O)CN1CCCC1=O,CCO,313.0,-0.36604907654762203,-0.4489271973835371
NC(=O)CN1CCCC1=O,CCO,323.0,-0.176350858788207,-0.34367703853220355
NC(=O)CN1CCCC1=O,C1COCCO1,318.0,-1.22810839499314,-1.2212536437373442
NC(=O)CN1CCCC1=O,CC(C)=O,303.0,-1.2870980152076201,-1.469009193994097
NC(=O)CN1CCCC1=O,CCO,318.0,-0.277469651845685,-0.3941770548971998
NC(=O)CN1CCCC1=O,CCO,288.0,-0.8379293516173659,-0.7950664202622321
NC(=O)CN1CCCC1=O,CCO,303.0,-0.5515824104808641,-0.5720995361452953
NC(=O)CN1CCCC1=O,CO,278.0,-0.34451157159580204,-0.5450446934246115
NC(=O)CN1CCCC1=O,CC(C)O,303.0,-0.872855544547795,-0.8867378305495164
NC(=O)CN1CCCC1=O,CC(C)=O,318.0,-1.0497005738536,-1.2534079859525185
NC(=O)CN1CCCC1=O,CO,313.0,0.244940062731151,-0.10566095329402078
O=C(O)c1ccccc1,CCO,278.15,0.4077149476603,0.26892342117606616
O=C(O)c1ccccc1,CCO,283.15,0.44675277543509706,0.29919143066994736
O=C(O)c1ccccc1,CCO,293.15,0.5329762086433061,0.3611707555113459
O=C(O)c1ccccc1,CCO,303.15,0.61627566421409,0.42423829476805014
O=C(O)c1ccccc1,CCO,313.15,0.709507734892822,0.4874912743267321
O=C(O)c1ccccc1,CCO,323.15,0.7978758478114459,0.5501204821607246
CC(C(=O)O)c1cccc(C(=O)c2ccccc2)c1,CCO,303.15,0.054664565410516,0.9727267557193108
CC(C(=O)O)c1cccc(C(=O)c2ccccc2)c1,CCO,293.15,-0.266747417664171,0.6530882628769833
CC(C(=O)O)c1cccc(C(=O)c2ccccc2)c1,CCO,298.15,-0.10431244839491699,0.8174517205837952
CC(C(=O)O)c1cccc(C(=O)c2ccccc2)c1,CCO,308.15,0.21573187608471803,1.1194011867915692
CC(C(=O)O)c1cccc(C(=O)c2ccccc2)c1,CCO,313.15,0.42339095658858,1.257925022186736
Clc1cc(Cl)c(-c2c(Cl)cc(Cl)cc2Cl)c(Cl)c1,O,278.15,-8.55369424488663,-8.76781617140624
Clc1cc(Cl)c(-c2c(Cl)cc(Cl)cc2Cl)c(Cl)c1,O,288.15,-8.323245323508349,-8.48282623138425
Clc1cc(Cl)c(-c2c(Cl)cc(Cl)cc2Cl)c(Cl)c1,O,298.15,-8.10653621354441,-8.177691843278243
Clc1cc(-c2ccccc2)c(Cl)c(Cl)c1Cl,O,278.15,-7.71409368557606,-7.605918763006479
Clc1cc(Cl)c(-c2c(Cl)cc(Cl)cc2Cl)c(Cl)c1,O,308.15,-7.92022578930704,-7.856577823362937
Clc1cc(-c2ccccc2)c(Cl)c(Cl)c1Cl,O,298.15,-7.2691571142278,-7.138269683002234
Clc1cc(-c2ccccc2)c(Cl)c(Cl)c1Cl,O,288.15,-7.45368154082034,-7.3808623724754785
Clc1cc(Cl)c(-c2c(Cl)cc(Cl)cc2Cl)c(Cl)c1,O,318.15,-7.74751427090274,-7.523018182627123
Clc1ccc(-c2ccc(Cl)cc2)cc1,O,278.15,-7.024134277587219,-7.013931842673615
Clc1cc(-c2ccccc2)c(Cl)c(Cl)c1Cl,O,308.15,-7.00743685257375,-6.88168878678819
Clc1cc(Cl)c(-c2ccccc2)cc1Cl,O,288.15,-6.57438998902096,-6.6861163959270336
Clc1ccc(-c2ccc(Cl)cc2)cc1,O,288.15,-6.8072774735283605,-6.80442885049383
Clc1ccc(-c2ccc(Cl)cc2)cc1,O,318.15,-6.076840628103219,-6.120494772564465
Clc1ccc(-c2ccccc2)cc1,O,278.15,-5.3593767573782305,-5.548587075363332
Clc1ccc(-c2ccc(Cl)cc2)cc1,O,298.15,-6.59047871664865,-6.584114178756592
Clc1cc(-c2ccccc2)c(Cl)c(Cl)c1Cl,O,318.15,-6.71409368557606,-6.6141367659129315
Clc1cc(Cl)c(-c2ccccc2)cc1Cl,O,278.15,-6.79222431202103,-6.915400384021169
Clc1ccc(-c2ccccc2)cc1,O,288.15,-5.24486479723307,-5.328186566031872
Clc1ccc(-c2ccc(Cl)cc2)cc1,O,308.15,-6.32104770705637,-6.355440865319113
Clc1cc(Cl)c(-c2ccccc2)cc1Cl,O,298.15,-6.382868498412661,-6.443173311021959
Clc1cc(Cl)c(Cl)c(Cl)c1Cl,O,288.15,-5.98935886605505,-5.905848517903004
Clc1cc(Cl)c(Cl)c(Cl)c1Cl,O,278.15,-6.23282458044001,-5.995796834440502
Clc1cc(Cl)c(-c2ccccc2)cc1Cl,O,308.15,-6.100678325764219,-6.189533491492485
Clc1cc(Cl)c(-c2ccccc2)cc1Cl,O,318.15,-5.889660423799549,-5.927713995324498
Clc1cc(Cl)c(Cl)c(Cl)c1,O,278.15,-5.0997437129674195,-5.098141960418802
Clc1cc(Cl)c(Cl)c(Cl)c1Cl,O,308.15,-5.60320410758617,-5.6555656975949935
Clc1cc(Cl)c(Cl)c(Cl)c1Cl,O,298.15,-5.771978559708691,-5.791057431634651
Clc1cc(Cl)c(Cl)c(Cl)c1,O,288.15,-4.94458636074738,-4.998253285998345
Clc1cc(Cl)c(Cl)c(Cl)c1Cl,O,318.15,-5.4617188179978395,-5.502915554435751
Clc1ccc(-c2ccccc2)cc1,O,308.15,-4.93778884106975,-4.872143212582409
Clc1ccc(-c2ccccc2)cc1,O,298.15,-5.137528007761881,-5.102140505895282
c1ccc2c(c1)oc1ccccc12,O,278.15,-4.9435160037527,-4.954967225649968
c1ccc2c(c1)oc1ccccc12,O,288.15,-4.742013289094991,-4.772155667892769
Clc1cccc(Cl)c1Cl,O,278.15,-4.37087489030338,-3.883008461013809
Clc1ccc(-c2ccccc2)cc1,O,318.15,-4.79137499130953,-4.639632215195979
Clc1cc(Cl)c(Cl)c(Cl)c1,O,298.15,-4.79363419177416,-4.877564145098933
Clc1cc(Cl)c(Cl)c(Cl)c1,O,308.15,-4.624328922061769,-4.739626901903343
Clc1cc(Cl)cc(Cl)c1,O,278.15,-4.59046168437986,-4.652347767322612
c1ccc2c(c1)oc1ccccc12,O,298.15,-4.5487643275686604,-4.586621482578622
Clc1cc(Cl)c(Cl)c(Cl)c1,O,318.15,-4.483237309325871,-4.5874795860363164
c1ccc2c(c1)oc1ccccc12,O,308.15,-4.3469361416923205,-4.399466608564401
Clc1cccc(Cl)c1Cl,O,298.15,-3.96932138615659,-3.6399422682871214
Clc1cc(Cl)cc(Cl)c1,O,298.15,-4.32773329689696,-4.413701867581079
Clc1cc(Cl)cc(Cl)c1,O,288.15,-4.4564530144907195,-4.540999606896628
c1ccc2c(c1)oc1ccccc12,O,318.15,-4.15727207544737,-4.211629518873655
Clc1cc(Cl)cc(Cl)c1,O,308.15,-4.20821846909828,-4.273296133945381
Clc1cc(Cl)cc(Cl)c1,O,318.15,-4.06337326657313,-4.122212855229785
CC(=O)Nc1ccc(O)cc1,Cc1ccccc1,303.0,-2.7143396591391302,-3.1750300262219366
CC(=O)Nc1ccc(O)cc1,Cc1ccccc1,298.0,-2.67411195707872,-3.3555793775260634
CC(=O)Nc1ccc(O)cc1,Cc1ccccc1,293.0,-2.6729232009332797,-3.5421493052285404
CC(=O)Nc1ccc(O)cc1,O,303.0,-0.9406568180031919,-1.2774661392881834
CC(=O)Nc1ccc(O)cc1,Cc1ccccc1,273.0,-2.8895183772876094,-4.354222353352725
CC(=O)Nc1ccc(O)cc1,O,298.0,-1.00727762298329,-1.38542018292142
CC(=O)Nc1ccc(O)cc1,CC(C)O,268.0,-0.46259556282359704,-1.223652891963669
CC(=O)Nc1ccc(O)cc1,CCOC(C)=O,293.0,-1.2942550294730402,-1.4785246409881572
CC(=O)Nc1ccc(O)cc1,O,293.0,-1.07331492382429,-1.4947251278655205
CC(=O)Nc1ccc(O)cc1,CC(C)O,283.0,-0.335804365373481,-0.8133446181760792
CC(=O)Nc1ccc(O)cc1,CCOC(C)=O,283.0,-1.41161489754222,-1.7192680156202789
CC(=O)Nc1ccc(O)cc1,O,273.0,-1.3149974196110301,-1.9450577438340209
CC(=O)Nc1ccc(O)cc1,O,283.0,-1.2040524449833,-1.717295915889753
CC(=O)Nc1ccc(O)cc1,CC#N,293.0,-0.9211977715797941,-0.9548433444299956
CC(=O)Nc1ccc(O)cc1,O,288.0,-1.13666105964762,-1.605358503641933
CC(=O)Nc1ccc(O)cc1,CCOC(C)=O,303.0,-1.1998188083745902,-1.2526839697694088
CC(=O)Nc1ccc(O)cc1,CC#N,273.0,-1.2251804012249699,-1.487971850660378
CC(=O)Nc1ccc(O)cc1,CC#N,283.0,-1.07600797874868,-1.2104550503390796
CC(=O)Nc1ccc(O)cc1,O,278.0,-1.2620150582499698,-1.830511238598386
CC(=O)Nc1ccc(O)cc1,CCCCO,273.0,-0.546946476991171,-1.0865185146496101
CC(=O)Nc1ccc(O)cc1,CC#N,303.0,-0.775180866749187,-0.7193437338048765
CC(=O)Nc1ccc(O)cc1,CC(C)O,273.0,-0.421462401868586,-1.0791698799989051
CC(=O)Nc1ccc(O)cc1,CCOC(C)=O,273.0,-1.49195856427955,-1.975660799956873
CC(=O)Nc1ccc(O)cc1,CCCO,303.0,-0.15517330737492901,-0.3166016981588231
CC(=O)Nc1ccc(O)cc1,CC(C)=O,278.0,-0.477362183572895,-1.3016909359067812
CC(=O)Nc1ccc(O)cc1,CCCCCO,303.0,-0.441121510084068,-0.5328567447425631
CC(=O)Nc1ccc(O)cc1,CCCCCCCO,303.0,-0.694616453495573,-0.7866394293044873
CC(=O)Nc1ccc(O)cc1,CCCO,273.0,-0.406540693543636,-0.9845102105264615
CC(=O)Nc1ccc(O)cc1,CCCCCCCCO,303.0,-0.8271384686962192,-0.8904439901225016
CC(=O)Nc1ccc(O)cc1,CC(C)O,293.0,-0.24711010082575602,-0.5758190244299989
CC(=O)Nc1ccc(O)cc1,CCCCO,303.0,-0.30354493751131395,-0.4265697734776059
CC(=O)Nc1ccc(O)cc1,CC(C)O,303.0,-0.158299437836526,-0.36394564116011957
CC(=O)Nc1ccc(O)cc1,CCO,303.0,0.080242632848397,-0.10113830432162556
CC(=O)Nc1ccc(O)cc1,CC(C)=O,273.0,-0.524001087456426,-1.4318720742885338
CC(=O)Nc1ccc(O)cc1,CC(C)=O,293.0,-0.335830906152151,-0.94620854245668
CC(=O)Nc1ccc(O)cc1,CC(C)=O,303.0,-0.239010887589267,-0.7361994208419096
CC(=O)Nc1ccc(O)cc1,CCC(C)=O,303.0,-0.433848805470452,-1.0900041920820618
CC(=O)Nc1ccc(O)cc1,CC(C)=O,283.0,-0.4320691694347971,-1.1775153387458237
CC(=O)Nc1ccc(O)cc1,CCO,293.0,-0.0017437550492920002,-0.29641099860070225
CC(=O)Nc1ccc(O)cc1,CCCCO,293.0,-0.383863741574041,-0.6326673902467126
CC(=O)Nc1ccc(O)cc1,C1COCCO1,303.0,-0.9370036193168271,-0.9292464770292908
CC(=O)Nc1ccc(O)cc1,CCCO,293.0,-0.24007427288503,-0.5211390190708295
CC(=O)Nc1ccc(O)cc1,CC(C)=O,288.0,-0.38302347835992895,-1.059097206833934
CC(=O)Nc1ccc(O)cc1,CC(=O)CC(C)C,303.0,-1.0292986221132199,-1.3164076809185745
CC(=O)Nc1ccc(O)cc1,CCO,283.0,-0.083685523804263,-0.5139940389133756
CC(=O)Nc1ccc(O)cc1,CCCO,283.0,-0.32414829908840304,-0.7433081437920812
CC(=O)Nc1ccc(O)cc1,CC(C)=O,298.0,-0.28558191590967996,-0.8386399642694755
CC(=O)Nc1ccc(O)cc1,CO,303.0,0.284789931002831,0.1605968898225213
CC(=O)Nc1ccc(O)cc1,CC(C)=O,268.0,-0.5640242247057421,-1.5683285652557237
CC(=O)Nc1ccc(O)cc1,CO,283.0,0.10424754595989401,-0.2385692129111977
CC(=O)Nc1ccc(O)cc1,CCCCCCO,303.0,-0.5727155623542379,-0.6644862791173332
CC(=O)Nc1ccc(O)cc1,CO,293.0,0.193609582793823,-0.02800116447090774
CC(=O)Nc1ccc(O)cc1,CCO,273.0,-0.159879096407711,-0.7563201630240401
CC(=O)Nc1ccc(O)cc1,CO,268.0,-0.026431673307025,-0.6005428576299914
CC(=O)Nc1ccc(O)cc1,CC(=O)O,303.0,-0.24468225312837696,-0.277281767804798
CC(=O)Nc1ccc(O)cc1,C1CCOC1,303.0,-0.04515394053787,-0.429685628380938
CC(=O)Nc1ccc(O)cc1,OCCO,303.0,0.024027299003737998,-0.53447131729753
CC(=O)Nc1ccc(O)cc1,CO,273.0,0.011620927227930001,-0.47331099492340745
CC(=O)Nc1ccc(O)cc1,CCNCC,303.0,0.783738667972405,-0.00516565759534314
CC(=O)Nc1ccc(O)cc1,CN(C)C=O,303.0,0.798778881232803,0.49275716510201995
CC(=O)Nc1ccc(O)cc1,CS(C)=O,303.0,0.9162948545055608,1.3039197682769696
CC(=O)Nc1ccc(O)cc1,Cc1ccccc1,278.0,-2.80284895552015,-4.140725352297093
CC(=O)Nc1ccc(O)cc1,Cc1ccccc1,283.0,-2.7313513037200696,-3.934428307741696
CC(=O)Nc1ccc(O)cc1,ClCCl,303.0,-2.5576736769022204,-2.442528451790259
CC(=O)Nc1ccc(O)cc1,Cc1ccccc1,288.0,-2.6824994673792797,-3.735004401482633
CC(=O)Nc1ccc(O)cc1,ClC(Cl)(Cl)Cl,303.0,-2.03232858371066,-4.106672425058568
CC(=O)Nc1ccc(O)cc1,ClC(Cl)Cl,303.0,-1.8242176029824901,-2.4180947892349143
CC(=O)Nc1ccc(O)cc1,CCOC(C)=O,268.0,-1.5617991273823402,-2.1099935626152764
CC(=O)Nc1ccc(O)cc1,CCOC(C)=O,278.0,-1.4545115503018702,-1.8454567670583775
CC(=O)Nc1ccc(O)cc1,CCOC(C)=O,288.0,-1.3544339579449298,-1.5969896240440262
CC(=O)Nc1ccc(O)cc1,CC#N,268.0,-1.2954929821038301,-1.6355878353212532
CC(=O)Nc1ccc(O)cc1,CCOC(C)=O,298.0,-1.24852070365601,-1.363783580487901
CC(=O)Nc1ccc(O)cc1,CC#N,278.0,-1.1483434726803798,-1.3463518228094702
CC(=O)Nc1ccc(O)cc1,CC#N,288.0,-0.9951249680748421,-1.0800297511539192
CC(=O)Nc1ccc(O)cc1,CC#N,298.0,-0.8437725677469058,-0.8346808990682781
CC(=O)Nc1ccc(O)cc1,CCCCO,268.0,-0.583501149421786,-1.2093084293200826
CC(=O)Nc1ccc(O)cc1,CCCCO,278.0,-0.5071324034239171,-0.9675814312198722
CC(=O)Nc1ccc(O)cc1,CCCCO,283.0,-0.46514585339511,-0.8523706554003017
CC(=O)Nc1ccc(O)cc1,CCCO,268.0,-0.4457238852945589,-1.1127534246482926
CC(=O)Nc1ccc(O)cc1,CCCCO,288.0,-0.427992149878195,-0.7407688826991792
CC(=O)Nc1ccc(O)cc1,CC(C)O,278.0,-0.37851122080275795,-0.9425363244892364
CC(=O)Nc1ccc(O)cc1,CCCO,278.0,-0.36646268470768495,-0.8614332415146857
CC(=O)Nc1ccc(O)cc1,CCCCO,298.0,-0.350185466170272,-0.5279654476159621
CC(=O)Nc1ccc(O)cc1,CCCO,288.0,-0.286146718596002,-0.6299374035226922
CC(=O)Nc1ccc(O)cc1,CC(C)O,288.0,-0.292633602668906,-0.6912202586383707
CC(=O)Nc1ccc(O)cc1,CCO,268.0,-0.19645712331436302,-0.8876455369408871
CC(=O)Nc1ccc(O)cc1,CCCO,298.0,-0.198797023526617,-0.41674528471584793
CC(=O)Nc1ccc(O)cc1,CC(C)O,298.0,-0.20179663042908502,-0.46682446000920663
CC(=O)Nc1ccc(O)cc1,CCO,278.0,-0.123182223527537,-0.6318951559638096
CC(=O)Nc1ccc(O)cc1,CCO,288.0,-0.045535628190410994,-0.4022715419668599
CC(=O)Nc1ccc(O)cc1,CCO,298.0,0.037688408007885005,-0.1961220035304745
CC(=O)Nc1ccc(O)cc1,CO,278.0,0.059462010429703,-0.35276594375693826
CC(=O)Nc1ccc(O)cc1,CO,288.0,0.14608032332405999,-0.1304097018370076
CC(=O)Nc1ccc(O)cc1,CO,298.0,0.24084808450394898,0.0689200349014758
CC(=O)Nc1ccc(O)cc1,O,303.15,-0.940748407727211,-1.2742486088828047
CC(=O)Nc1ccc(O)cc1,O,298.15,-1.00727762298329,-1.3821617987062762
CC(=O)Nc1ccc(O)cc1,O,293.15,-1.07340627960031,-1.4914265337856976
CC(=O)Nc1ccc(O)cc1,O,273.15,-1.32089818621065,-1.9415938484104385
CC(=O)Nc1ccc(O)cc1,O,283.15,-1.20429998665614,-1.7139190656948777
CC(=O)Nc1ccc(O)cc1,O,289.15,-1.12370437179156,-1.5797964391392674
CC(=O)Nc1ccc(O)cc1,O,288.15,-1.13675179104685,-1.6020204022019482
CC(=O)Nc1ccc(O)cc1,O,278.15,-1.2619244521435902,-1.8270964447446474
CC(=O)Nc1ccc(O)cc1,O,296.15,-1.03376915364055,-1.4257067185393966
NC(=O)N1c2ccccc2C=Cc2ccccc21,CCO,278.0,-1.27851567835896,-1.8639876919489915
NC(=O)N1c2ccccc2C=Cc2ccccc21,CO,283.0,-0.6698263902669921,-1.3999750647753544
NC(=O)N1c2ccccc2C=Cc2ccccc21,CO,288.0,-0.613862090986715,-1.2504762477110871
NC(=O)N1c2ccccc2C=Cc2ccccc21,CO,293.0,-0.553091315130809,-1.1114411880135415
NC(=O)N1c2ccccc2C=Cc2ccccc21,CCO,293.0,-1.06251734428545,-1.3974798585539672
NC(=O)N1c2ccccc2C=Cc2ccccc21,CCO,283.0,-1.2063095477865902,-1.6972387083418556
NC(=O)N1c2ccccc2C=Cc2ccccc21,CCO,288.0,-1.13701438389225,-1.541977663927625
NC(=O)N1c2ccccc2C=Cc2ccccc21,CCO,303.0,-0.920668103732063,-1.1381573517979309
NC(=O)N1c2ccccc2C=Cc2ccccc21,CCO,308.0,-0.8464461794472141,-1.0221511058920587
NC(=O)N1c2ccccc2C=Cc2ccccc21,CCO,298.0,-0.991134017109925,-1.2630780181826928
NC(=O)N1c2ccccc2C=Cc2ccccc21,CO,278.0,-0.727513536649038,-1.5606170244214739
NC(=O)N1c2ccccc2C=Cc2ccccc21,CO,298.0,-0.487589805814674,-0.9822431560570024
NC(=O)N1c2ccccc2C=Cc2ccccc21,CO,303.0,-0.427686742759062,-0.8623033756567419
NC(=O)N1c2ccccc2C=Cc2ccccc21,CO,308.0,-0.35692338504061605,-0.7510868543333511
CC(=O)Oc1ccccc1C(=O)O,CCCCOCCCC,298.15,-1.37386124278824,-0.8934195175429624
CC(=O)Oc1ccccc1C(=O)O,CC(C)OC(C)C,298.15,-1.0555767451253,-0.52998663600874
CC(=O)Oc1ccccc1C(=O)O,CCCCCOC(C)=O,298.15,-0.7327002991255329,-0.27948212188616856
CC(=O)Oc1ccccc1C(=O)O,CCCC(=O)OC,298.15,-0.571095195852956,-0.17133220279832004
CC(=O)Oc1ccccc1C(=O)O,CCCCC(CC)CO,298.15,-0.6985032178052571,-0.2448674091069893
CC(=O)Oc1ccccc1C(=O)O,CC(C)CCCC(C)CCO,298.15,-0.784952105720752,-0.46246660177187304
CC(=O)Oc1ccccc1C(=O)O,CC1COC(=O)O1,298.15,-0.417963505310075,-0.2970390094336276
CC(=O)Oc1ccccc1C(=O)O,CC(C)CO,298.15,-0.44817892544429994,0.008585466380178073
CC(=O)Oc1ccccc1C(=O)O,CCCC(C)CO,298.15,-0.5720895773565071,-0.11246049322196137
CC(=O)Oc1ccccc1C(=O)O,CCCCOC(C)=O,298.15,-0.5816057402246619,-0.14224724923060958
CC(=O)Oc1ccccc1C(=O)O,CCCCCCCCO,298.15,-0.651332959832661,-0.17233408378237494
CC(=O)Oc1ccccc1C(=O)O,CCC(C)CO,298.15,-0.48147928230875,-0.012900137889858287
CC(=O)Oc1ccccc1C(=O)O,CCOCC,298.15,-0.45331649339106894,-0.16459561065920603
CC(=O)Oc1ccccc1C(=O)O,CCCCCCCCO,298.15,-0.629313474674475,-0.17233408378237494
CC(=O)Oc1ccccc1C(=O)O,CCCCCCCCCCO,298.15,-0.7023714302723231,-0.3026557764434789
CC(=O)Oc1ccccc1C(=O)O,CC(C)CCO,298.15,-0.438403751637515,-0.03395294955609142
CC(=O)Oc1ccccc1C(=O)O,CCCCCCCO,298.15,-0.548046436889141,-0.08252428493594914
CC(=O)Oc1ccccc1C(=O)O,CCCCCCCO,298.15,-0.544316331882633,-0.08252428493594914
CC(=O)Oc1ccccc1C(=O)O,CCCCCCO,298.15,-0.486418208074812,0.0024676113510329065
CC(=O)Oc1ccccc1C(=O)O,CC(C)CC(C)O,298.15,-0.4897135998478,-0.06628430826792217
CC(=O)Oc1ccccc1C(=O)O,CCCCCO,298.15,-0.4210511266100839,0.08732552653779091
CC(=O)Oc1ccccc1C(=O)O,CCCCCO,298.15,-0.41922316160690004,0.08732552653779091
CC(=O)Oc1ccccc1C(=O)O,CCCCCCO,298.15,-0.481497763882351,0.0024676113510329065
CC(=O)Oc1ccccc1C(=O)O,COC(C)(C)C,298.15,-0.45443230665292894,-0.138866349520011
CC(=O)Oc1ccccc1C(=O)O,CCCO,298.15,-0.235198460790315,0.2613574271899768
CC(=O)Oc1ccccc1C(=O)O,CCCC(C)O,298.15,-0.378082633788677,0.1121949540496383
CC(=O)Oc1ccccc1C(=O)O,CCOC(C)=O,298.15,-0.318351105537151,0.12432978044469643
CC(=O)Oc1ccccc1C(=O)O,CCCCO,298.15,-0.284944602914897,0.1613911759569277
CC(=O)Oc1ccccc1C(=O)O,CCOC(C)=O,298.15,-0.30801070631680894,0.12432978044469643
CC(=O)Oc1ccccc1C(=O)O,CCCCO,298.15,-0.27638561316162796,0.1613911759569277
CC(=O)Oc1ccccc1C(=O)O,CCCO,298.15,-0.15587151229340804,0.2613574271899768
CC(=O)Oc1ccccc1C(=O)O,C1COCCO1,298.15,-0.19668891546567,0.5720090530953373
CC(=O)Oc1ccccc1C(=O)O,CC(C)O,298.15,-0.14252233670984898,0.2551935389452921
CC(=O)Oc1ccccc1C(=O)O,COC(C)=O,298.15,-0.154314313235711,0.2035718093283308
CC(=O)Oc1ccccc1C(=O)O,CCC(C)O,298.15,-0.21095303306484803,0.1858051150718544
CC(=O)Oc1ccccc1C(=O)O,CC(C)(C)O,298.15,-0.110910698706155,0.27820645695635177
CC(=O)Oc1ccccc1C(=O)O,CCC(C)(C)O,298.15,-0.08417848364387,0.2520585624360181
CC(=O)Oc1ccccc1C(=O)O,C1COCCO1,298.15,0.22769394305683802,0.5720090530953373
CC(=O)Oc1ccccc1C(=O)O,C1CCOC1,298.15,0.462618925452895,0.7444167794472376
Cc1ccccc1C(=O)O,CC1COC(=O)O1,298.15,-0.29888609809685496,-0.5487778719171503
Cc1ccccc1C(=O)O,CCCCOCCCC,298.15,-0.212416483030195,-0.38819780470860316
Cc1ccccc1C(=O)O,CC(C)OC(C)C,298.15,-0.035806244991191,-0.23325394342754593
Cc1ccccc1C(=O)O,CC(C)CO,298.15,0.18101623892073498,-0.04756428995034418
Cc1ccccc1C(=O)O,COC(C)=O,298.15,0.27560951039371,-0.017234593252021764
Cc1ccccc1C(=O)O,CCC(C)CO,298.15,0.17097363883539698,-0.06258510588085653
Cc1ccccc1C(=O)O,CCO,298.15,0.443651610080941,0.19658063224483496
Cc1ccccc1C(=O)O,CCCO,298.15,0.354483311463578,0.08609986269316318
Cc1ccccc1C(=O)O,CC(C)CCO,298.15,0.200970734966379,-0.05831324540189047
Cc1ccccc1C(=O)O,CCCCCOC(C)=O,298.15,0.07249203646409699,-0.2391210121424626
Cc1ccccc1C(=O)O,CCOC(C)=O,298.15,0.260195593144759,-0.019546397542536894
Cc1ccccc1C(=O)O,CCCCOC(C)=O,298.15,0.130645310569763,-0.149068128279845
Cc1ccccc1C(=O)O,CCCCO,298.15,0.302630605339172,0.042040960305820683
Cc1ccccc1C(=O)O,CC(C)O,298.15,0.39917825894657394,0.0544170744584926
Cc1ccccc1C(=O)O,CCCCCO,298.15,0.259384506908317,0.020673465170252273
Cc1ccccc1C(=O)O,CCC(C)O,298.15,0.34732773786445603,0.03795582012298393
Cc1ccccc1C(=O)O,CCCCCCO,298.15,0.21529888798383603,-0.0213268657179956
Cc1ccccc1C(=O)O,CCOCC,298.15,0.30031656193925393,-0.03097201818707879
Cc1ccccc1C(=O)O,CC(C)CC(C)O,298.15,0.22042324762509302,-0.07641939288129555
Cc1ccccc1C(=O)O,CCCCCCCO,298.15,0.17635683705303698,-0.07585108266338154
Cc1ccccc1C(=O)O,CCCCCCCCO,298.15,0.129831087791437,-0.1132538808743556
Cc1ccccc1C(=O)O,CCCCCCCCCCO,298.15,0.07581820783682001,-0.14268366330896864
Cc1ccccc1C(=O)O,CCCC(C)O,298.15,0.322375468359734,0.001921234324594083
Cc1ccccc1C(=O)O,CC(C)(C)O,298.15,0.4574647940245129,0.07286103368835485
Cc1ccccc1C(=O)O,C1COCCO1,298.15,0.598371553170406,0.2656152931248903
Cc1ccccc1C(=O)O,C1CCOC1,298.15,0.643486655806782,0.4816636065465992
CC(C(=O)O)c1cccc(C(=O)c2ccccc2)c1,CO,298.15,0.043660649228208,0.867056317432315
CC(C(=O)O)c1cccc(C(=O)c2ccccc2)c1,CCO,298.15,0.10894319399908999,0.8174517205837952
CC(C(=O)O)c1cccc(C(=O)c2ccccc2)c1,CCCCCO,298.15,-0.11020842606728601,0.27816635399065437
CC(C(=O)O)c1cccc(C(=O)c2ccccc2)c1,CCCCCCCCCCO,298.15,-0.32378044411690804,-0.1723060241568524
CC(C(=O)O)c1cccc(C(=O)c2ccccc2)c1,CCCO,298.15,0.091961264764541,0.573680669052166
CC(C(=O)O)c1cccc(C(=O)c2ccccc2)c1,CC(C)CO,298.15,0.084596635614291,0.2686594655537733
CC(C(=O)O)c1cccc(C(=O)c2ccccc2)c1,CCOCC,298.15,0.080729369923617,0.5012129171590473
CC(C(=O)O)c1cccc(C(=O)c2ccccc2)c1,CC(C)O,298.15,0.277869277145611,0.6040967238542518
CC(C(=O)O)c1cccc(C(=O)c2ccccc2)c1,CCC(C)O,298.15,0.27577902949051397,0.5150111829853155
CC(C(=O)O)c1cccc(C(=O)c2ccccc2)c1,CCOC(C)=O,298.15,0.26727321473689103,1.0372613538869093
Nc1ccc(C(=O)O)cc1,CCCCCCCCCCO,298.15,-1.03390421317078,-0.5073940341853328
Nc1ccc(C(=O)O)cc1,CC(C)CO,298.15,-0.714528525598765,-0.11135187851574802
Nc1ccc(C(=O)O)cc1,CC(C)CCO,298.15,-0.7290757860652008,-0.14998982234722957
Nc1ccc(C(=O)O)cc1,CCCCCCCCO,298.15,-0.8702606002042,-0.3523971682771896
Nc1ccc(C(=O)O)cc1,CCCCCCCO,298.15,-0.784363384072687,-0.23753439885937783
Nc1ccc(C(=O)O)cc1,CCCC(C)O,298.15,-0.658725201201275,0.03729132262254818
Nc1ccc(C(=O)O)cc1,CCCCCO,298.15,-0.603620274555377,-0.01368489668156167
Nc1ccc(C(=O)O)cc1,CCCCCCO,298.15,-0.6609622422950351,-0.12495142066704912
Nc1ccc(C(=O)O)cc1,CCC(C)O,298.15,-0.5032765067334041,0.1384295398276561
Nc1ccc(C(=O)O)cc1,CCCCO,298.15,-0.450533515084228,0.07441485878097638
Nc1ccc(C(=O)O)cc1,CC(C)O,298.15,-0.36273690952685206,0.2890641269515632
Nc1ccc(C(=O)O)cc1,CCCO,298.15,-0.33965866385666105,0.2050154429092621
Nc1ccc(C(=O)O)cc1,CCO,298.15,-0.041456513899678,0.46195798026653595
Nc1ccc(C(=O)O)cc1,C1COCCO1,298.15,-0.055865421759631,0.4718088528898725
O=C(O)c1ccc(Cl)c([N+](=O)[O-])c1,CCCCOCCCC,298.15,-1.28403821813765,-0.6372966180267253
O=C(O)c1ccc(Cl)c([N+](=O)[O-])c1,CC(C)OC(C)C,298.15,-1.0328193620311998,-0.4950814398778068
O=C(O)c1ccc(Cl)c([N+](=O)[O-])c1,CC1COC(=O)O1,298.15,-0.793799942941405,-0.39373759043716877
O=C(O)c1cc([N+](=O)[O-])ccc1Cl,CCCCOCCCC,298.15,-1.0085810118765302,-0.254384557236898
O=C(O)c1ccc(Cl)c([N+](=O)[O-])c1,CC(C)CO,298.15,-0.7155394477196041,-0.23017763867475738
O=C(O)c1ccc(Cl)c([N+](=O)[O-])c1,CCCC(C)CO,298.15,-0.7095349629767109,-0.2491325160048707
O=C(O)c1ccc(Cl)c([N+](=O)[O-])c1,CCCCC(CC)CO,298.15,-0.8031756880717641,-0.3719793919751173
O=C(O)c1ccc(Cl)c([N+](=O)[O-])c1,CCCC(=O)OC,298.15,-0.6643338892160949,-0.19269075421928286
O=C(O)c1ccc(Cl)c([N+](=O)[O-])c1,CCCCCOC(C)=O,298.15,-0.7776786304330949,-0.27771237207296173
O=C(O)c1ccc(Cl)c([N+](=O)[O-])c1,CCOCC,298.15,-0.615000046359339,-0.12860198124414227
O=C(O)c1ccc(Cl)c([N+](=O)[O-])c1,CC(C)CCO,298.15,-0.6089935403174399,-0.21013163408113344
O=C(O)c1cc([N+](=O)[O-])ccc1Cl,CC(C)OC(C)C,298.15,-0.7187050172469491,-0.15106747128660902
O=C(O)c1ccc(Cl)c([N+](=O)[O-])c1,CCCO,298.15,-0.41351590470906896,-0.013282404117835399
O=C(O)c1ccc(Cl)c([N+](=O)[O-])c1,CCCCO,298.15,-0.49002462185102796,-0.04948856298654635
O=C(O)c1ccc(Cl)c([N+](=O)[O-])c1,CC(C)CC(C)O,298.15,-0.627999484960021,-0.22248068512559632
O=C(O)c1ccc(Cl)c([N+](=O)[O-])c1,CCC(C)O,298.15,-0.479399873884496,-0.023898127931210638
O=C(O)c1ccc(Cl)c([N+](=O)[O-])c1,CCCOC(C)=O,298.15,-0.576513023904933,-0.12968144593819894
O=C(O)c1ccc(Cl)c([N+](=O)[O-])c1,CCCCCO,298.15,-0.544652114594445,-0.056241603551699264
O=C(O)c1ccc(Cl)c([N+](=O)[O-])c1,CCCCOC(C)=O,298.15,-0.626120138065748,-0.17304265998124918
O=C(O)c1ccc(Cl)c([N+](=O)[O-])c1,CC(C)O,298.15,-0.38883711239742896,0.03391581621132198
O=C(O)c1ccc(Cl)c([N+](=O)[O-])c1,CCCC(C)O,298.15,-0.503640223870039,-0.061043907244670945
O=C(O)c1ccc(Cl)c([N+](=O)[O-])c1,CCCCCCO,298.15,-0.562421525780153,-0.10107325356525516
O=C(O)c1ccc(Cl)c([N+](=O)[O-])c1,CCO,298.15,-0.228763972158778,0.14680224023697028
O=C(O)c1ccc(Cl)c([N+](=O)[O-])c1,CCCCCCCO,298.15,-0.594638414169011,-0.1685755958870439
O=C(O)c1ccc(Cl)c([N+](=O)[O-])c1,CCCCCCCCCCO,298.15,-0.7206195382643991,-0.3071029384082606
O=C(O)c1ccc(Cl)c([N+](=O)[O-])c1,CC(C)(C)O,298.15,-0.41631330645507897,0.08842457628573104
O=C(O)c1ccc(Cl)c([N+](=O)[O-])c1,COC(C)=O,298.15,-0.339008662008472,0.043731621974279294
O=C(O)c1ccc(Cl)c([N+](=O)[O-])c1,CCOC(C)=O,298.15,-0.425642531288206,-0.005787381921741607
O=C(O)c1ccc(Cl)c([N+](=O)[O-])c1,CCCCCCCCO,298.15,-0.6283083019244471,-0.22378578850486397
O=C(O)c1cc([N+](=O)[O-])ccc1Cl,CCOCC,298.15,-0.22307815260458602,0.19869010482888133
O=C(O)c1cc([N+](=O)[O-])ccc1Cl,CC(C)CO,298.15,-0.164561247217017,0.16608538453238902
O=C(O)c1cc([N+](=O)[O-])ccc1Cl,CCCOC(C)=O,298.15,-0.257661736310862,0.19365558713434206
O=C(O)c1cc([N+](=O)[O-])ccc1Cl,CCCCOC(C)=O,298.15,-0.296128153137456,0.1218928774933552
O=C(O)c1cc([N+](=O)[O-])ccc1Cl,COC(C)=O,298.15,-0.018134836897418998,0.3838669706843656
O=C(O)c1cc([N+](=O)[O-])ccc1Cl,CCCCCCCCCCO,298.15,-0.387325467023589,0.03223447570237682
O=C(O)c1cc([N+](=O)[O-])ccc1Cl,CCCCO,298.15,-0.061733966933548,0.2984114721277979
O=C(O)c1cc([N+](=O)[O-])ccc1Cl,CCCCCCCCO,298.15,-0.295964352559057,0.10151598927516936
O=C(O)c1cc([N+](=O)[O-])ccc1Cl,CC(C)CCO,298.15,-0.128581545358539,0.1617829990951931
O=C(O)c1cc([N+](=O)[O-])ccc1Cl,CCCO,298.15,0.037121460090772,0.3895873752160585
O=C(O)c1cc([N+](=O)[O-])ccc1Cl,CCOC(C)=O,298.15,-0.076810806346531,0.30005539056358477
O=C(O)c1cc([N+](=O)[O-])ccc1Cl,CCCCCCCO,298.15,-0.23757846665576604,0.15076678114338632
O=C(O)c1cc([N+](=O)[O-])ccc1Cl,CCCCCCO,298.15,-0.16010230532662398,0.2434833543655832
O=C(O)c1cc([N+](=O)[O-])ccc1Cl,CCCCCO,298.15,-0.0894565303641,0.2840278287400674
O=C(O)c1cc([N+](=O)[O-])ccc1Cl,CCCC(C)O,298.15,-0.07586748536865599,0.3185088010863941
O=C(O)c1cc([N+](=O)[O-])ccc1Cl,CCC(C)O,298.15,0.014184608194877,0.3934050806048124
O=C(O)c1cc([N+](=O)[O-])ccc1Cl,CC(C)O,298.15,0.114634967252209,0.44853114795478627
O=C(O)c1cc([N+](=O)[O-])ccc1Cl,CCO,298.15,0.23423488699936104,0.5656653045292572
O=C(O)c1cc([N+](=O)[O-])ccc1Cl,CC(C)(C)O,298.15,0.14014818145738597,0.4949883266537563
O=C(O)c1ccc(Cl)c([N+](=O)[O-])c1,C1COCCO1,298.15,0.256865466624895,0.5509433937202644
O=C(O)c1ccc(Cl)c([N+](=O)[O-])c1,C1CCOC1,298.15,0.405664060742043,0.7288761387273899
O=C(O)c1cc([N+](=O)[O-])ccc1Cl,C1CCOC1,298.15,0.668909313882838,0.9899932273925629
O=C1c2ccccc2C(=O)c2c(Cl)cccc21,CO,298.15,-2.23192914384238,-2.210803665885225
O=C1c2ccccc2C(=O)c2c(Cl)cccc21,CC(C)CC(C)(C)C,298.15,-2.7530823298884797,-2.6662313191763536
O=C1c2ccccc2C(=O)c2c(Cl)cccc21,CCCCCC,298.15,-2.6371031934936497,-2.576457088105528
O=C1c2ccccc2C(=O)c2c(Cl)cccc21,CC(C)O,298.15,-2.3685120410607703,-2.2777555940050127
O=C1c2ccccc2C(=O)c2c(Cl)cccc21,CCO,298.15,-2.20707908063727,-2.1595846141649035
O=C1c2ccccc2C(=O)c2c(Cl)cccc21,C1CCCCC1,298.15,-2.4521365650124602,-2.3802799634298917
O=C1c2ccccc2C(=O)c2c(Cl)cccc21,CC(C)CO,298.15,-2.3589296774245696,-2.265590518748731
O=C1c2ccccc2C(=O)c2c(Cl)cccc21,CCCCCCC,298.15,-2.55785634898967,-2.519718149801163
O=C1c2ccccc2C(=O)c2c(Cl)cccc21,CC(C)(C)O,298.15,-2.3207148853770097,-2.2697631190172567
O=C1c2ccccc2C(=O)c2c(Cl)cccc21,CC1CCCCC1,298.15,-2.43570081708437,-2.4210566038472368
O=C1c2ccccc2C(=O)c2c(Cl)cccc21,CCCCCCCC,298.15,-2.52903603078785,-2.4922483087952716
O=C1c2ccccc2C(=O)c2c(Cl)cccc21,CCCO,298.15,-2.19346882726958,-2.180218534454648
O=C1c2ccccc2C(=O)c2c(Cl)cccc21,CCC(C)O,298.15,-2.25625136835483,-2.2076236815916297
O=C1c2ccccc2C(=O)c2c(Cl)cccc21,CC(C)CCO,298.15,-2.25585647819177,-2.204307439524526
O=C1c2ccccc2C(=O)c2c(Cl)cccc21,CCCCO,298.15,-2.17772349449698,-2.1527759747524713
O=C1c2ccccc2C(=O)c2c(Cl)cccc21,CCCCCCCCCC,298.15,-2.4650760681367796,-2.4528556122386003
O=C1c2ccccc2C(=O)c2c(Cl)cccc21,CCCC(C)O,298.15,-2.2109491335450495,-2.1310657466417697
O=C1c2ccccc2C(=O)c2c(Cl)cccc21,CC(C)CC(C)O,298.15,-2.2618551250016696,-2.1983773499714268
O=C1c2ccccc2C(=O)c2c(Cl)cccc21,CCCC(C)CO,298.15,-2.19851818284382,-2.1308482297939766
O=C1c2ccccc2C(=O)c2c(Cl)cccc21,CCC(C)(C)O,298.15,-2.13414543956481,-2.174285422209577
O=C1c2ccccc2C(=O)c2c(Cl)cccc21,CCCCCO,298.15,-2.0902858334870498,-2.067610015614772
O=C1c2ccccc2C(=O)c2c(Cl)cccc21,CC(C)OC(C)C,298.15,-2.14008977208392,-2.1279176377687907
O=C1c2ccccc2C(=O)c2c(Cl)cccc21,CCCCCCCCCCCCCCCC,298.15,-2.41414076244455,-2.4089797505487733
O=C1c2ccccc2C(=O)c2c(Cl)cccc21,CCCCC(CC)CO,298.15,-2.1100812761882,-2.1436039352485365
O=C1c2ccccc2C(=O)c2c(Cl)cccc21,CCCCCCO,298.15,-2.01062072945825,-2.025185841775086
O=C1c2ccccc2C(=O)c2c(Cl)cccc21,CCCCCCCO,298.15,-1.99093288651412,-2.0069261531385356
O=C1c2ccccc2C(=O)c2c(Cl)cccc21,CCCCOCCCC,298.15,-1.9987701375599298,-1.9311323940630187
O=C1c2ccccc2C(=O)c2c(Cl)cccc21,CCCCCCCCO,298.15,-1.96796732249257,-2.0014501752453415
O=C1c2ccccc2C(=O)c2c(Cl)cccc21,CC#N,298.15,-1.4750885050959501,-1.5525910913205787
O=C1c2ccccc2C(=O)c2c(Cl)cccc21,CCOCC,298.15,-1.7112044222107,-1.6693368201988519
O=C1c2ccccc2C(=O)c2c(Cl)cccc21,COC(C)(C)C,298.15,-1.7413048590470201,-1.6923960839792103
O=C1c2ccccc2C(=O)c2c(Cl)cccc21,CCCCCCCCCCO,298.15,-1.9406580821996298,-2.0140998547064575
O=C1c2ccccc2C(=O)c2c(Cl)cccc21,CCC#N,298.15,-1.2945160321513898,-1.4115441841023595
O=C1c2ccccc2C(=O)c2c(Cl)cccc21,CCCCCl,298.15,-1.4300955856242499,-1.3428123851458573
O=C1c2ccccc2C(=O)c2c(Cl)cccc21,ClC1CCCCC1,298.15,-1.3813609276683199,-1.2944236515912728
O=C1c2ccccc2C(=O)c2c(Cl)cccc21,CCCC#N,298.15,-1.22209214569923,-1.365013014740205
O=C1c2ccccc2C(=O)c2c(Cl)cccc21,CC(C)=O,298.15,-1.13630020683014,-1.0267774824993017
O=C1c2ccccc2C(=O)c2c(Cl)cccc21,CCCCCOC(C)=O,298.15,-1.36078091574448,-1.2548758853935698
O=C1c2ccccc2C(=O)c2c(Cl)cccc21,CCC(C)=O,298.15,-1.12192391531751,-1.0805216283208772
O=C1c2ccccc2C(=O)c2c(Cl)cccc21,CCCOC(C)=O,298.15,-1.2292560045128798,-1.1858760798904153
O=C1c2ccccc2C(=O)c2c(Cl)cccc21,COC(C)=O,298.15,-1.06647857682713,-1.0213447301041103
O=C1c2ccccc2C(=O)c2c(Cl)cccc21,CCOC(C)=O,298.15,-1.14920241498529,-1.091071481496343
O=C1c2ccccc2C(=O)c2c(Cl)cccc21,CCCCOC(C)=O,298.15,-1.27406812175083,-1.2049844071430706
O=C1c2ccccc2C(=O)c2c(Cl)cccc21,c1ccccc1,298.15,-0.8576963959153129,-1.5303357024355384
O=C1c2ccccc2C(=O)c2c(Cl)cccc21,O=C1CCCCC1,298.15,-0.8721909776467371,-0.7650373756027957
O=C1c2ccccc2C(=O)c2c(Cl)cccc21,Cc1ccccc1,298.15,-0.8496078959507559,-1.456796706685986
O=C1c2ccccc2C(=O)c2c(Cl)cccc21,C1CCOC1,298.15,-0.6156751249028921,-0.6289533250948252
O=C1c2ccccc2C(=O)c2c(Cl)cccc21,Clc1ccccc1,298.15,-0.7059860152563441,-0.8644788443604097
c1ccc2c(c1)Nc1ccccc1S2,CC(C)CC(C)(C)C,298.15,-2.49244927540496,-2.417899697955254
c1ccc2c(c1)Nc1ccccc1S2,CCCCCC,298.15,-2.3512674304677703,-2.3138668967021596
c1ccc2c(c1)Nc1ccccc1S2,CCCCCCC,298.15,-2.3225756832882998,-2.284937419322569
c1ccc2c(c1)Nc1ccccc1S2,CCCCCCCC,298.15,-2.2766257070998397,-2.260807016059055
c1ccc2c(c1)Nc1ccccc1S2,C1CCCCC1,298.15,-2.0420189640553303,-2.2080307764897937
c1ccc2c(c1)Nc1ccccc1S2,CC1CCCCC1,298.15,-2.09320386732709,-2.2305584269327716
c1ccc2c(c1)Nc1ccccc1S2,CCCCCCCCCC,298.15,-2.26536889763216,-2.2306924462621516
c1ccc2c(c1)Nc1ccccc1S2,C1CCCCCCC1,298.15,-1.9300200657330702,13.480061204698636
c1ccc2c(c1)Nc1ccccc1S2,CCCCCCCCCCCCCCCC,298.15,-2.24700323706279,-2.16303499862336
c1ccc2c(c1)Nc1ccccc1S2,OCCO,298.15,-1.46546260214879,-1.8865730409820862
c1ccc2c(c1)Nc1ccccc1S2,CO,298.15,-0.895281169230831,-1.0379484110557158
c1ccc2c(c1)Nc1ccccc1S2,CC(C)CO,298.15,-1.23561992917905,-1.2037726731914025
c1ccc2c(c1)Nc1ccccc1S2,CC(C)(C)O,298.15,-1.2088019663678702,-1.1935690120127096
c1ccc2c(c1)Nc1ccccc1S2,CC(C)O,298.15,-1.1037634907428602,-1.0843157406448576
c1ccc2c(c1)Nc1ccccc1S2,CCC(C)CO,298.15,-1.1696620593843101,-1.1295194310988965
c1ccc2c(c1)Nc1ccccc1S2,CC(C)CC(C)O,298.15,-1.2363287658355802,-1.1740270901916954
c1ccc2c(c1)Nc1ccccc1S2,CCC(C)O,298.15,-1.09634128210782,-1.1218693817355774
c1ccc2c(c1)Nc1ccccc1S2,CCCC(C)CO,298.15,-1.15076942509613,-1.1004482232174397
c1ccc2c(c1)Nc1ccccc1S2,CCCC(C)O,298.15,-1.09154730861895,-1.0580694327773008
c1ccc2c(c1)Nc1ccccc1S2,CCCO,298.15,-0.9241146906506521,-1.0181018908382602
c1ccc2c(c1)Nc1ccccc1S2,CCO,298.15,-0.815066045748239,-0.8900344287687152
c1ccc2c(c1)Nc1ccccc1S2,CC(C)CCO,298.15,-1.08021892290752,-1.1028979516944764
c1ccc2c(c1)Nc1ccccc1S2,CCCCC(CC)CO,298.15,-1.1854562139065399,-1.2349564564677646
c1ccc2c(c1)Nc1ccccc1S2,CCCCO,298.15,-0.915378872762868,-0.9610176683066185
c1ccc2c(c1)Nc1ccccc1S2,CCCCOCCCC,298.15,-1.16448295410248,-1.1346529535724474
c1ccc2c(c1)Nc1ccccc1S2,CC#N,298.15,-0.644721120790725,-0.6160014280473273
c1ccc2c(c1)Nc1ccccc1S2,CC(C)OC(C)C,298.15,-1.06981125243177,-1.1209829060662637
c1ccc2c(c1)Nc1ccccc1S2,CCCCCO,298.15,-0.902515789061327,-0.9305353185858711
c1ccc2c(c1)Nc1ccccc1S2,CCCCCCO,298.15,-0.8977047196116121,-0.9679777099964508
c1ccc2c(c1)Nc1ccccc1S2,CCCCCCCO,298.15,-0.9000149122254971,-0.9949713442924786
c1ccc2c(c1)Nc1ccccc1S2,CCCCCCCCO,298.15,-0.922679438160726,-1.0433190468721008
c1ccc2c(c1)Nc1ccccc1S2,CCCCCCCCCCO,298.15,-0.974814802479754,-1.0893126211039628
c1ccc2c(c1)Nc1ccccc1S2,OC1CCCC1,298.15,-0.6221690009457629,
c1ccc2c(c1)Nc1ccccc1S2,COC(C)(C)C,298.15,-0.696379993161539,-0.7712106742944131
c1ccc2c(c1)Nc1ccccc1S2,CCOCC,298.15,-0.593427034098421,-0.7104926041491733
c1ccc2c(c1)Nc1ccccc1S2,CCC#N,298.15,-0.23688515383338102,-0.4358020209825976
c1ccc2c(c1)Nc1ccccc1S2,CCCC#N,298.15,-0.154181200780503,-0.36653459735400745
c1ccc2c(c1)Nc1ccccc1S2,C1COCCO1,298.15,0.125814223792011,-0.0022272901347091608
NC(=O)c1ccccc1O,CCCCOCCCC,298.15,-1.6283774460847602,-1.6447520307495918
NC(=O)c1ccccc1O,CCCCCCCCCCO,298.15,-0.9534413043139841,-0.8936949090887687
NC(=O)c1ccccc1O,CC(C)CO,298.15,-0.594620632154357,-0.5697291652218442
NC(=O)c1ccccc1O,CCCCC(CC)CO,298.15,-0.8013246368320329,-0.8915796355884361
NC(=O)c1ccccc1O,CCCCCCCCO,298.15,-0.7859635214676199,-0.7557371463035155
NC(=O)c1ccccc1O,CC(C)CCO,298.15,-0.616758988645275,-0.6366148145444875
NC(=O)c1ccccc1O,CC(C)(C)O,298.15,-0.495855042742751,-0.5109815062545452
NC(=O)c1ccccc1O,CCCCCCCO,298.15,-0.6575160099131719,-0.6806525707973881
NC(=O)c1ccccc1O,CCCCO,298.15,-0.465337134388164,-0.44582564724947915
NC(=O)c1ccccc1O,CCCCCO,298.15,-0.519394629068958,-0.5109447687035225
NC(=O)c1ccccc1O,CCCCCCO,298.15,-0.569236402861635,-0.602298035688869
NC(=O)c1ccccc1O,CCCO,298.15,-0.34087941600454097,-0.34847788604800667
NC(=O)c1ccccc1O,CC(C)O,298.15,-0.350217641395462,-0.408246041284703
NC(=O)c1ccccc1O,CCCC(C)O,298.15,-0.497403459041335,-0.5452996372814073
NC(=O)c1ccccc1O,CCC(C)O,298.15,-0.40027822643567895,-0.48640246435163637
NC(=O)c1ccccc1O,CCO,298.15,-0.16617922884201097,-0.16959137380479122
NC(=O)c1ccccc1O,CO,298.15,0.022303363222801,-0.05405432498368907
NC(=O)c1ccccc1O,CCCCOC(C)=O,298.15,-0.310012458628767,-0.4193431895761946
NC(=O)c1ccccc1O,CCCOC(C)=O,298.15,-0.21638212980091798,-0.3126716515504209
NC(=O)c1ccccc1O,CCOC(C)=O,298.15,-0.083880945842179,-0.12470868746262086
NC(=O)c1ccccc1O,COC(C)=O,298.15,0.059969977031133,-0.0403664758449934
NC(=O)c1ccccc1O,C1COCCO1,298.15,0.269463667412144,0.1778726112535087
NC(=O)c1ccccc1O,C1CCOC1,298.15,0.42200472374997,0.317495877462985
CCc1ccc2c(c1)C(=O)c1ccccc1C2=O,CO,298.15,-1.4889398354443601,-2.3464906636667635
CCc1ccc2c(c1)C(=O)c1ccccc1C2=O,CCO,298.15,-1.38347094387272,-2.2851359127352793
CCc1ccc2c(c1)C(=O)c1ccccc1C2=O,CC(C)CC(C)(C)C,298.15,-1.81609566967522,-2.7038678644207175
CCc1ccc2c(c1)C(=O)c1ccccc1C2=O,CC(C)O,298.15,-1.4751751720140902,-2.39757782183171
CCc1ccc2c(c1)C(=O)c1ccccc1C2=O,CCCO,298.15,-1.45052029411349,-2.3354824813587975
CCc1ccc2c(c1)C(=O)c1ccccc1C2=O,CC(C)CO,298.15,-1.49143830979372,-2.398372253662652
CCc1ccc2c(c1)C(=O)c1ccccc1C2=O,CCCCCC,298.15,-1.5921752972217398,-2.607501715311864
CCc1ccc2c(c1)C(=O)c1ccccc1C2=O,CCCCCCC,298.15,-1.56827657522502,-2.5754956150077315
CCc1ccc2c(c1)C(=O)c1ccccc1C2=O,C1CCCCC1,298.15,-1.4272516028939501,-2.441679104227667
CCc1ccc2c(c1)C(=O)c1ccccc1C2=O,CCC(C)O,298.15,-1.34209224169271,-2.339216278206159
CCc1ccc2c(c1)C(=O)c1ccccc1C2=O,CC(C)CCO,298.15,-1.4092866972588798,-2.359354210498039
CCc1ccc2c(c1)C(=O)c1ccccc1C2=O,CCCCO,298.15,-1.3089227111263602,-2.282918880800899
CCc1ccc2c(c1)C(=O)c1ccccc1C2=O,CC1CCCCC1,298.15,-1.4414098744092199,-2.4924086819127784
CCc1ccc2c(c1)C(=O)c1ccccc1C2=O,CCCCCCCC,298.15,-1.53820265737519,-2.5701048111918845
CCc1ccc2c(c1)C(=O)c1ccccc1C2=O,CCCC(C)O,298.15,-1.28865470750372,-2.286676164164302
CCc1ccc2c(c1)C(=O)c1ccccc1C2=O,CCCCCCCCCC,298.15,-1.5160697352774901,-2.5559805685499257
CCc1ccc2c(c1)C(=O)c1ccccc1C2=O,CCCCCO,298.15,-1.2543859870525,-2.230359733473098
CCc1ccc2c(c1)C(=O)c1ccccc1C2=O,CCCCCCO,298.15,-1.2181453794955,-2.2056486636255386
CCc1ccc2c(c1)C(=O)c1ccccc1C2=O,CC(C)OC(C)C,298.15,-1.20690587948129,-2.216531021377055
CCc1ccc2c(c1)C(=O)c1ccccc1C2=O,CCCCC(CC)CO,298.15,-1.24393911374256,-2.2774293952597424
CCc1ccc2c(c1)C(=O)c1ccccc1C2=O,CCCCCCCO,298.15,-1.1625368179845401,-2.1862245376340486
CCc1ccc2c(c1)C(=O)c1ccccc1C2=O,CCCCCCCCO,298.15,-1.16798064564326,-2.1869368178769006
CCc1ccc2c(c1)C(=O)c1ccccc1C2=O,CCCCOCCCC,298.15,-1.10794140083049,-2.0469614282580846
CCc1ccc2c(c1)C(=O)c1ccccc1C2=O,CCCCCCCCCl,298.15,-0.670686381264385,-1.666371680299894
CCc1ccc2c(c1)C(=O)c1ccccc1C2=O,ClC1CCCCC1,298.15,-0.506411747102187,-1.4149289422311357
CCc1ccc2c(c1)C(=O)c1ccccc1C2=O,CCCCCl,298.15,-0.421813997910997,-1.3982442026028106
CCc1ccc2c(c1)C(=O)c1ccccc1C2=O,CCOC(C)=O,298.15,-0.38386632142224,-1.3178425459589338
CCc1ccc2c(c1)C(=O)c1ccccc1C2=O,COC(C)=O,298.15,-0.241954762145768,-1.268010798926658
CCc1ccc2c(c1)C(=O)c1ccccc1C2=O,CCCCOC(C)=O,298.15,-0.459333968832021,-1.3978597208155368
CCc1ccc2c(c1)C(=O)c1ccccc1C2=O,CCCCCOC(C)=O,298.15,-0.487737627045969,-1.4478378561469216
O=C(c1ccccc1)C(O)c1ccccc1,CC(C)O,298.15,-1.67083238940824,-0.47705821702452306
O=C(c1ccccc1)C(O)c1ccccc1,CC(C)CO,298.15,-1.73225625743116,-0.5090357865300604
O=C(c1ccccc1)C(O)c1ccccc1,CCCCOCCCC,298.15,-1.97891756629924,-0.935767662435443
O=C(c1ccccc1)C(O)c1ccccc1,CCC(C)O,298.15,-1.6696049142805702,-0.49655344021457837
O=C(c1ccccc1)C(O)c1ccccc1,CCCC(C)O,298.15,-1.7360841217028502,-0.5177606624862757
O=C(c1ccccc1)C(O)c1ccccc1,CC(C)(C)O,298.15,-1.67467546517775,-0.5197286314438355
O=C(c1ccccc1)C(O)c1ccccc1,CC(C)CCO,298.15,-1.7126821932053,-0.5585785388569202
O=C(c1ccccc1)C(O)c1ccccc1,CC(C)CC(C)O,298.15,-1.73928419205084,-0.6620322690685075
O=C(c1ccccc1)C(O)c1ccccc1,CCCO,298.15,-1.50449928707606,-0.35623427348252634
O=C(c1ccccc1)C(O)c1ccccc1,CCCCO,298.15,-1.58705331365527,-0.4108395980034596
O=C(c1ccccc1)C(O)c1ccccc1,CCO,298.15,-1.38744670864124,-0.23126474554889903
O=C(c1ccccc1)C(O)c1ccccc1,CCCCCCO,298.15,-1.68989146786484,-0.5013316562156078
O=C(c1ccccc1)C(O)c1ccccc1,CCCCCO,298.15,-1.60813133273745,-0.428516976310355
O=C(c1ccccc1)C(O)c1ccccc1,CCCCCCCO,298.15,-1.7115178113459297,-0.5406293131839359
O=C(c1ccccc1)C(O)c1ccccc1,CCCCCCCCO,298.15,-1.73444580832924,-0.6157096468315311
O=C(c1ccccc1)C(O)c1ccccc1,CCCCCCCCCCO,298.15,-1.7586084220292801,-0.7102673309250016
O=C(c1ccccc1)C(O)c1ccccc1,COC(C)(C)C,298.15,-1.51360309621642,-0.4054238619408691
O=C(c1ccccc1)C(O)c1ccccc1,CCc1ccccc1,298.15,-1.43781152146229,-0.25055725415851754
O=C(c1ccccc1)C(O)c1ccccc1,Cc1ccc(C)cc1,298.15,-1.42643245965911,-0.21124172363097588
O=C(c1ccccc1)C(O)c1ccccc1,Cc1ccccc1,298.15,-1.29023425804041,-0.018718325108189396
O=C(c1ccccc1)C(O)c1ccccc1,Cc1ccccc1C,298.15,-1.31312995429749,-0.12699869328226615
O=C(c1ccccc1)C(O)c1ccccc1,c1ccccc1,298.15,-0.9713758134465229,0.17651476253445017
O=C(c1ccccc1)C(O)c1ccccc1,CCCCCOC(C)=O,298.15,-1.15607947353356,-0.13174422418645693
O=C(c1ccccc1)C(O)c1ccccc1,CC(C)OCCO,298.15,-1.04436144111829,-0.07846649933633981
O=C(c1ccccc1)C(O)c1ccccc1,CCCCOC(C)=O,298.15,-1.08836590086329,0.0034159402455964227
O=C(c1ccccc1)C(O)c1ccccc1,CCCCOCCO,298.15,-1.08272022422775,-0.08450464663900237
O=C(c1ccccc1)C(O)c1ccccc1,CCCOCCO,298.15,-1.0079299992283701,-0.08814001386460539
O=C(c1ccccc1)C(O)c1ccccc1,CCCOC(C)=O,298.15,-1.00961578656106,0.050316736104118076
O=C(c1ccccc1)C(O)c1ccccc1,COC(C)CCO,298.15,-0.996117632984029,-0.15051034386658757
O=C(c1ccccc1)C(O)c1ccccc1,CCOC(C)=O,298.15,-0.875014827938365,0.20945577076515876
O=C(c1ccccc1)C(O)c1ccccc1,CCOCCO,298.15,-0.8445989147960471,0.13926473880264137
O=C(c1ccccc1)C(O)c1ccccc1,COC(C)=O,298.15,-0.734924845874771,0.3668028611978458
O=C(c1ccccc1)C(O)c1ccccc1,ClCCCl,298.15,-0.562953375714089,0.4697871813202688
O=C(c1ccccc1)C(O)c1ccccc1,C1COCCO1,298.15,-0.280212888822169,0.7310781717780791
O=C(O)c1ccc(Cl)c(Cl)c1,CCCCOCCCC,298.15,-1.23735333235254,-0.42382376618496215
O=C(O)c1ccc(Cl)c(Cl)c1,COC(C)=O,298.15,-0.819629883995402,-0.08150283591117612
O=C(O)c1ccc(Cl)c(Cl)c1,CC(C)OC(C)C,298.15,-1.04422780438074,-0.21351560573382045
O=C(O)c1ccc(Cl)c(Cl)c1,CC(C)CO,298.15,-0.8167096501613329,-0.13414753866794174
O=C(O)c1ccc(Cl)c(Cl)c1,CCCC(=O)OC,298.15,-0.895354332878848,-0.20666479909883806
O=C(O)c1ccc(Cl)c(Cl)c1,CCOC(C)=O,298.15,-0.7672403293844742,-0.027820223483247714
O=C(O)c1ccc(Cl)c(Cl)c1,CCO,298.15,-0.522202805735721,0.12827215326167332
O=C(O)c1ccc(Cl)c(Cl)c1,CCCOC(C)=O,298.15,-0.808284813129261,-0.0988920077365864
O=C(O)c1ccc(Cl)c(Cl)c1,CC(C)O,298.15,-0.629549214666844,0.047602971492604784
O=C(O)c1ccc(Cl)c(Cl)c1,CCC(C)CO,298.15,-0.7623249227227672,-0.13407497029511206
O=C(O)c1ccc(Cl)c(Cl)c1,CCCO,298.15,-0.600594882143458,0.04814406123346623
O=C(O)c1ccc(Cl)c(Cl)c1,CCC(C)O,298.15,-0.677424744454041,0.037034697929899815
O=C(O)c1ccc(Cl)c(Cl)c1,CCCCO,298.15,-0.645647280758945,0.020095831969969776
O=C(O)c1ccc(Cl)c(Cl)c1,CCCCOC(C)=O,298.15,-0.798732263325333,-0.1109387146267992
O=C(O)c1ccc(Cl)c(Cl)c1,CCCCCOC(C)=O,298.15,-0.829018625081489,-0.20063094183791988
O=C(O)c1ccc(Cl)c(Cl)c1,CC(C)CCO,298.15,-0.6931153640846971,-0.12103557783882198
O=C(O)c1ccc(Cl)c(Cl)c1,CCCCCO,298.15,-0.6871220179194909,0.013338046579903135
O=C(O)c1ccc(Cl)c(Cl)c1,CCCCCCO,298.15,-0.711933129702946,-0.01905830374285808
O=C(O)c1ccc(Cl)c(Cl)c1,CCCC(C)CO,298.15,-0.703533575838102,-0.14351154062413934
O=C(O)c1ccc(Cl)c(Cl)c1,CCCCCCCCO,298.15,-0.804884568799873,-0.13819428921424262
O=C(O)c1ccc(Cl)c(Cl)c1,CCCC(C)O,298.15,-0.6305457845160078,0.02128158640333931
O=C(O)c1ccc(Cl)c(Cl)c1,CCCCCCCO,298.15,-0.741726446172036,-0.08575582387104795
O=C(O)c1ccc(Cl)c(Cl)c1,CC(C)CC(C)O,298.15,-0.6830020290665311,-0.10650885952431663
O=C(O)c1ccc(Cl)c(Cl)c1,CCOCC,298.15,-0.5148707232745809,0.03970389034393636
O=C(O)c1ccc(Cl)c(Cl)c1,CC(C)(C)O,298.15,-0.424073449219219,0.10211003496713882
O=C(O)c1ccc(Cl)c(Cl)c1,COC(C)(C)C,298.15,-0.5055958542262841,0.02749760975944275
O=C(O)c1ccc(Cl)c(Cl)c1,CCCCOCCO,298.15,-0.49923532552159294,0.2922719733753663
O=C(O)c1ccc(Cl)c(Cl)c1,CCOCCO,298.15,-0.31899199614484397,0.4078976275741972
O=C(O)c1ccc(Cl)c(Cl)c1,CCCOCCO,298.15,-0.36614240040973706,0.33848004467509385
O=C(O)c1ccc(Cl)c(Cl)c1,CC(C)OCCO,298.15,-0.356153564004559,0.3397048717566499
O=C(O)c1ccc(Cl)c(Cl)c1,C1COCCO1,298.15,-0.21745099498667803,0.4061477917760393
O=C(O)c1ccc(Cl)c(Cl)c1,COC(C)CCO,298.15,-0.325580658148253,0.29022892380850124
O=C(O)c1ccc(Cl)c(Cl)c1,C1CCOC1,298.15,0.14034735804032097,0.7500418895522726
c1ccc2cc3ccccc3cc2c1,Cc1ccccc1,298.15,-1.15584597408156,-0.6204274480059968
c1ccc2cc3ccccc3cc2c1,CCc1ccccc1,298.15,-1.23672265750747,-0.7425668286394808
O=[N+]([O-])c1cc(Cl)ccc1Cl,CCC(C)O,298.15,-0.372210860541871,-0.5632992980735285
O=[N+]([O-])c1cc(Cl)ccc1Cl,CC(C)CC(C)(C)C,298.15,-0.5920656943967479,-0.865315471519547
O=[N+]([O-])c1cc(Cl)ccc1Cl,CCCCCC,298.15,-0.48771218361500396,-0.7925528914528291
O=[N+]([O-])c1cc(Cl)ccc1Cl,CC(C)O,298.15,-0.251359166057673,-0.5513072848709456
O=[N+]([O-])c1cc(Cl)ccc1Cl,CC(C)CO,298.15,-0.30043128979299605,-0.6409319141206208
O=[N+]([O-])c1cc(Cl)ccc1Cl,CCCCCCC,298.15,-0.487251833169275,-0.7942777030428402
O=[N+]([O-])c1cc(Cl)ccc1Cl,Cc1ccccc1,298.15,-0.337150581027383,0.05604225954059122
O=[N+]([O-])c1cc(Cl)ccc1Cl,CCO,298.15,-0.058190595863788,-0.4495737121193888
O=[N+]([O-])c1cc(Cl)ccc1Cl,CCCCCCCC,298.15,-0.49940310211240097,-0.8013793527886
O=[N+]([O-])c1cc(Cl)ccc1Cl,CCCO,298.15,-0.12526519300522101,-0.5480205079689366
O=[N+]([O-])c1cc(Cl)ccc1Cl,CCCCCCCCCC,298.15,-0.509747129498175,-0.8132346453320808
O=[N+]([O-])c1cc(Cl)ccc1Cl,C1CCCCC1,298.15,-0.224368448199081,-0.6698650985223634
O=[N+]([O-])c1cc(Cl)ccc1Cl,CCCCCCCCCCCC,298.15,-0.531257713630882,-0.8243556218038133
O=[N+]([O-])c1cc(Cl)ccc1Cl,CC(C)CCO,298.15,-0.204440038269124,-0.6257055991767415
O=[N+]([O-])c1cc(Cl)ccc1Cl,CCCCO,298.15,-0.12554730012025,-0.542821783777589
O=[N+]([O-])c1cc(Cl)ccc1Cl,CC1CCCCC1,298.15,-0.260268588909729,-0.7081414470058732
O=[N+]([O-])c1cc(Cl)ccc1Cl,CCCCCO,298.15,-0.127484879272952,-0.5217736164529638
O=[N+]([O-])c1cc(Cl)ccc1Cl,CCCCCCO,298.15,-0.139805197691874,-0.5266142916801182
O=[N+]([O-])c1cc(Cl)ccc1Cl,CCCCCCCO,298.15,-0.160253501455565,-0.5390346053553331
O=[N+]([O-])c1cc(Cl)ccc1Cl,CCCCCCCCO,298.15,-0.17105436110324201,-0.5567884796324947
O=[N+]([O-])c1cc(Cl)ccc1Cl,CCCCCCCCCCO,298.15,-0.210308561329249,-0.5652929926417204
O=[N+]([O-])c1cc(Cl)ccc1Cl,CC#N,298.15,1.00854030240815,0.11494333048936879
O=[N+]([O-])c1cc(Cl)ccc1Cl,COC(C)=O,298.15,1.03099812951238,0.40956391868166997
O=[N+]([O-])c1cc(Cl)ccc1Cl,Cc1ccc(C)cc1,298.15,0.862775773356953,-0.011909371747092692
COc1ccc2cc([C@H](C)C(=O)O)ccc2c1,CO,298.15,-0.5526708649181229,0.1546107682035373
CC(C(=O)O)c1cccc(C(=O)c2ccccc2)c1,CO,298.15,0.85360586723241,0.867056317432315
O=C(O)c1cccc(C(=O)O)c1,CC(C)CO,298.15,-1.5860494258508,-1.355297666744983
O=C(O)c1cccc(C(=O)O)c1,CCCCCCCCCCO,298.15,-1.8673064344388997,-1.455244816915882
O=C(O)c1cccc(C(=O)O)c1,CCCCCCCCO,298.15,-1.75218152570845,-1.4015470272321335
O=C(O)c1cccc(C(=O)O)c1,CC(C)CCO,298.15,-1.56978290246101,-1.3450558397218029
O=C(O)c1cccc(C(=O)O)c1,CCCCCCCO,298.15,-1.68284498965693,-1.3538748352526648
O=C(O)c1cccc(C(=O)O)c1,CCCCCCO,298.15,-1.61402711805051,-1.2563541104164688
O=C(O)c1cccc(C(=O)O)c1,CCCCCO,298.15,-1.5334004168368403,-1.2046990447566492
O=C(O)c1cccc(C(=O)O)c1,CCCC(C)O,298.15,-1.5234103297418002,-1.212055699944572
O=C(O)c1cccc(C(=O)O)c1,CCCCO,298.15,-1.43233862698224,-1.137146977683761
O=C(O)c1cccc(C(=O)O)c1,CCCO,298.15,-1.31729200762447,-1.0519463761984436
O=C(O)c1cccc(C(=O)O)c1,CCC(C)O,298.15,-1.3994462138933998,-1.1006022148776908
O=C(O)c1cccc(C(=O)O)c1,CO,298.15,-1.0213463403985201,-0.65157398817675
O=C(O)c1cccc(C(=O)O)c1,CC(C)O,298.15,-1.26331020415192,-0.9920287936379519
O=C(O)c1cccc(C(=O)O)c1,CCO,298.15,-1.09689536686698,-0.8051665586088368
O=C(O)c1cccc(C(=O)O)c1,CCCCOCCO,298.15,-1.19992169565042,-0.9707479839132055
O=C(O)c1cccc(C(=O)O)c1,CCOCCO,298.15,-0.820833057581258,-0.6999178760010722
O=C(O)c1cccc(C(=O)O)c1,COCCO,298.15,-0.7101257594487909,-0.7987477767316704
COc1cc(C(=O)O)cc(OC)c1OC,CC(C)OC(C)C,298.15,-1.7376560309502598,-0.5932211801813155
COc1cc(C(=O)O)cc(OC)c1OC,OCCO,298.15,-0.9813720302819989,-0.29253280296442524
COc1cc(C(=O)O)cc(OC)c1OC,CCOCC,298.15,-1.1908520222021297,-0.18247253292986157
COc1cc(C(=O)O)cc(OC)c1OC,CC(C)CO,298.15,-1.00151275729439,-0.10558262637154964
COc1cc(C(=O)O)cc(OC)c1OC,CCCCCCCCCCO,298.15,-1.2723294456411498,-0.5221412445301481
COc1cc(C(=O)O)cc(OC)c1OC,CCC(C)CO,298.15,-1.0038291997950202,-0.16519500982424068
COc1cc(C(=O)O)cc(OC)c1OC,CC(C)CCO,298.15,-1.00650178965634,-0.1744810516756281
COc1cc(C(=O)O)cc(OC)c1OC,CC1COC(=O)O1,298.15,-0.8896084026791601,0.09808534873634339
COc1cc(C(=O)O)cc(OC)c1OC,CCCCCCCCO,298.15,-1.1334340060538302,-0.39541032604234727
COc1cc(C(=O)O)cc(OC)c1OC,CCCCCOC(C)=O,298.15,-1.1026079301404,-0.061703059096968285
COc1cc(C(=O)O)cc(OC)c1OC,CCCCO,298.15,-0.884138724610099,0.020443480405700824
COc1cc(C(=O)O)cc(OC)c1OC,CCCOC(C)=O,298.15,-0.977335934611968,0.2246836512411575
COc1cc(C(=O)O)cc(OC)c1OC,CCCCCO,298.15,-0.947078468153952,-0.09172997512640402
COc1cc(C(=O)O)cc(OC)c1OC,CCCCOC(C)=O,298.15,-1.03270515227881,0.0851601498379969
COc1cc(C(=O)O)cc(OC)c1OC,CCCO,298.15,-0.783227767194005,0.1269490087858002
COc1cc(C(=O)O)cc(OC)c1OC,CCCC(C)CO,298.15,-1.0003738781993199,-0.26900992898280596
COc1cc(C(=O)O)cc(OC)c1OC,CCCCCCCO,298.15,-1.05288901986593,-0.2945806514163321
COc1cc(C(=O)O)cc(OC)c1OC,CCCCCCO,298.15,-0.995850059039018,-0.19709778081165197
COc1cc(C(=O)O)cc(OC)c1OC,CCCC(=O)OC,298.15,-0.954572705079889,0.10840693972185891
COc1cc(C(=O)O)cc(OC)c1OC,CC(C)CC(C)O,298.15,-0.995755951360282,-0.22061101332158434
COc1cc(C(=O)O)cc(OC)c1OC,CC(C)O,298.15,-0.77172353377049,0.12985336230796982
COc1cc(C(=O)O)cc(OC)c1OC,CCCC(C)O,298.15,-0.8926532044976321,-0.059809231575009024
COc1cc(C(=O)O)cc(OC)c1OC,CCC(C)O,298.15,-0.8149492496849351,0.014941825985992401
COc1cc(C(=O)O)cc(OC)c1OC,CCO,298.15,-0.609839045691512,0.3577453344705036
COc1cc(C(=O)O)cc(OC)c1OC,CO,298.15,-0.43004311761567204,0.4784794093366741
COc1cc(C(=O)O)cc(OC)c1OC,CCOC(C)=O,298.15,-0.778409921525418,0.430375246880099
COc1cc(C(=O)O)cc(OC)c1OC,COC(C)=O,298.15,-0.6764044507319771,0.5654495029865594
COc1cc(C(=O)O)cc(OC)c1OC,CC(C)(C)O,298.15,-0.6413679671151761,0.11180065940658365
COc1cc(C(=O)O)cc(OC)c1OC,CCCOCCO,298.15,-0.46628153879047995,0.4302176790176303
COc1cc(C(=O)O)cc(OC)c1OC,CC(C)OCCO,298.15,-0.4318356785424621,0.5009321657252135
COc1cc(C(=O)O)cc(OC)c1OC,CCCCOCCO,298.15,-0.422100131546551,0.3521505081584667
COc1cc(C(=O)O)cc(OC)c1OC,CCOCCO,298.15,-0.267300512222066,0.6611376881365117
COc1cc(C(=O)O)cc(OC)c1OC,C1COCCO1,298.15,-0.158310196620332,0.8703025305489576
COc1cc(C(=O)O)cc(OC)c1OC,C1CCOC1,298.15,-0.001111545333958,0.9479131613016815
Cc1cnc(C(=O)O)c[n+]1[O-],CC#N,298.15,-1.651,-1.5997256458662903
Cc1cnc(C(=O)O)c[n+]1[O-],CC(C)=O,298.15,-1.5230000000000001,-1.6857230297084205
Cc1cnc(C(=O)O)c[n+]1[O-],CO,298.15,-1.097,-1.2965130288970454
Cc1cnc(C(=O)O)c[n+]1[O-],CO,283.15,-1.27645648855857,-1.6590924724817575
Cc1cnc(C(=O)O)c[n+]1[O-],CO,288.15,-1.2151613674145099,-1.5318579928863278
Cc1cnc(C(=O)O)c[n+]1[O-],CO,293.15,-1.15125293812426,-1.4111068199816874
Cc1cnc(C(=O)O)c[n+]1[O-],CO,298.15,-1.0901444769500601,-1.2965130288970454
Cc1cnc(C(=O)O)c[n+]1[O-],CO,303.15,-1.02913886594927,-1.1877751320283112
Cc1cnc(C(=O)O)c[n+]1[O-],CO,308.15,-0.9666830587024922,-1.0846139775406385
Cc1cnc(C(=O)O)c[n+]1[O-],CO,313.15,-0.9017650513422141,-0.9867709197444319
Cc1cnc(C(=O)O)c[n+]1[O-],CO,318.15,-0.840811000155987,-0.8940062378050271
CC(C)(C)c1ccc(C(=O)O)cc1,CC#N,298.15,-0.685230805950664,-0.4453006262490696
CC(C)(C)c1ccc(C(=O)O)cc1,CCC#N,298.15,-0.579301241218833,-0.2743123238650928
CC(C)(C)c1ccc(C(=O)O)cc1,CC(C)CO,298.15,-0.29086467892545503,-0.026797840678225104
CC(C)(C)c1ccc(C(=O)O)cc1,CC(C)O,298.15,-0.20131889975171302,0.0869332261305707
CC(C)(C)c1ccc(C(=O)O)cc1,CCCCCOC(C)=O,298.15,-0.395071108227344,-0.17976538423477964
CC(C)(C)c1ccc(C(=O)O)cc1,CC(C)CCO,298.15,-0.249129724567025,-0.03331534622413451
CC(C)(C)c1ccc(C(=O)O)cc1,CCC(C)O,298.15,-0.163661620566611,0.09536768400532562
CC(C)(C)c1ccc(C(=O)O)cc1,COC(C)=O,298.15,-0.09964552908205901,-0.07521106087767061
CC(C)(C)c1ccc(C(=O)O)cc1,CCO,298.15,0.053490464197867,0.18896355527266348
CC(C)(C)c1ccc(C(=O)O)cc1,CCCOC(C)=O,298.15,-0.225119180700932,-0.07746986699023362
CC(C)(C)c1ccc(C(=O)O)cc1,CC(C)(C)O,298.15,-0.133908691088177,0.1504653536670795
CC(C)(C)c1ccc(C(=O)O)cc1,CCCO,298.15,-0.019281524443736,0.11603602022069213
CC(C)(C)c1ccc(C(=O)O)cc1,CCCCOC(C)=O,298.15,-0.25878216086260997,-0.09721318838013943
CC(C)(C)c1ccc(C(=O)O)cc1,CCOC(C)=O,298.15,-0.11646788608819401,-0.014644606029391286
CC(C)(C)c1ccc(C(=O)O)cc1,CCCCO,298.15,-0.06589632890432401,0.0748789853763838
CC(C)(C)c1ccc(C(=O)O)cc1,CCCCCO,298.15,-0.134117049376016,0.0691690638895992
CC(C)(C)c1ccc(C(=O)O)cc1,CCCCCCO,298.15,-0.18283402974140398,0.02283479029170552
CC(C)(C)c1ccc(C(=O)O)cc1,CCCCCCCO,298.15,-0.192118870736501,-0.03612552676192941
CC(C)(C)c1ccc(C(=O)O)cc1,CCCCOCCO,298.15,-0.034045314309809,0.26301933797682264
CC(C)(C)c1ccc(C(=O)O)cc1,CCCOCCO,298.15,0.069083914679589,0.30660959058119497
CC(C)(C)c1ccc(C(=O)O)cc1,CCOCCO,298.15,0.18985628658588,0.3540620954882425
CC(C)(C)c1ccc(C(=O)O)cc1,C1COCCO1,298.15,0.31056703544993,0.2639788348529757
CC(=O)CC(=O)Nc1ccccc1,CCCCOCCCC,298.15,-1.6162190412421498,-1.591922305311837
CC(=O)CC(=O)Nc1ccccc1,CC(C)OC(C)C,298.15,-1.5216610378783997,-1.3525283816356548
CC(=O)CC(=O)Nc1ccccc1,CC(C)O,298.15,-0.8517051159332429,-0.35803329408566553
CC(=O)CC(=O)Nc1ccccc1,CC(C)CO,298.15,-0.9161079327527509,-0.4433965878826897
CC(=O)CC(=O)Nc1ccccc1,COC(C)(C)C,298.15,-1.01111548399821,-0.9451975666999877
CC(=O)CC(=O)Nc1ccccc1,CC(C)CC(C)O,298.15,-1.0313511943527,-0.6113358790538871
CC(=O)CC(=O)Nc1ccccc1,CC(C)CCO,298.15,-0.9312570273065409,-0.47480090870318775
CC(=O)CC(=O)Nc1ccccc1,CCCCCCO,298.15,-0.9738831487709271,-0.4714739935415743
CC(=O)CC(=O)Nc1ccccc1,CC(C)(C)O,298.15,-0.844046180125491,-0.45981924199019003
CC(=O)CC(=O)Nc1ccccc1,CCC(C)O,298.15,-0.830751022459268,-0.45957759170348084
CC(=O)CC(=O)Nc1ccccc1,CCC(C)(C)O,298.15,-0.8859385038505552,-0.5007711721427919
CC(=O)CC(=O)Nc1ccccc1,CCCCCCCO,298.15,-0.984322273734255,-0.5306130947645885
CC(=O)CC(=O)Nc1ccccc1,CCCCCO,298.15,-0.862302444999702,-0.4163106149683665
CC(=O)CC(=O)Nc1ccccc1,CCCCO,298.15,-0.7415801777813209,-0.3424539987647711
CC(=O)CC(=O)Nc1ccccc1,CCO,298.15,-0.493057151788875,-0.046797555590267575
CC(=O)CC(=O)Nc1ccccc1,CCCO,298.15,-0.587135513756255,-0.26708041978125074
CC(=O)CC(=O)Nc1ccccc1,CCCCCOC(C)=O,298.15,-0.457422426523346,-0.5213589736114702
CC(=O)CC(=O)Nc1ccccc1,CCCCOC(C)=O,298.15,-0.331320964119685,-0.407081148404476
CC(=O)CC(=O)Nc1ccccc1,CCCOC(C)=O,298.15,-0.23313035530518103,-0.25618618165436363
CC(=O)CC(=O)Nc1ccccc1,CCCC(=O)OC,298.15,-0.22458542062374598,-0.36834253663930944
CC(=O)CC(=O)Nc1ccccc1,CCOC(C)=O,298.15,-0.044949050241465,-0.12962905144425596
CC(=O)CC(=O)Nc1ccccc1,COC(C)=O,298.15,0.09720650350894801,0.017336543911263623
CC(=O)CC(=O)Nc1ccccc1,CCC#N,298.15,0.272210532709764,0.11015966312710997
O=c1c2ccccc2oc2ccccc12,CCC(C)O,298.15,-1.59139806489716,-1.1594346449351323
O=c1c2ccccc2oc2ccccc12,CCO,298.15,-1.37245754027414,-1.0437840623645231
O=c1c2ccccc2oc2ccccc12,CC(C)O,298.15,-1.45279758359252,-1.2001754094441968
O=c1c2ccccc2oc2ccccc12,CCCO,298.15,-1.3834750877654298,-1.0844574128108735
O=c1c2ccccc2oc2ccccc12,CC(C)OC(C)C,298.15,-1.5895081637096,-1.156910581391167
O=c1c2ccccc2oc2ccccc12,CC(C)CO,298.15,-1.39993689066024,-1.1368585523015207
O=c1c2ccccc2oc2ccccc12,CC(C)(C)O,298.15,-1.3860405620885101,-1.226303122565842
O=c1c2ccccc2oc2ccccc12,CCCCO,298.15,-1.32451926109796,-1.0553685840841562
O=c1c2ccccc2oc2ccccc12,CC(C)CCO,298.15,-1.38653111216712,-1.1227588429120017
O=c1c2ccccc2oc2ccccc12,CCC(C)(C)O,298.15,-1.3711899178301798,-1.1592651007958834
O=c1c2ccccc2oc2ccccc12,CC(C)CC(C)O,298.15,-1.42517465604883,-1.1837057255691938
O=c1c2ccccc2oc2ccccc12,CCCCCO,298.15,-1.3079908270808702,-1.0203833446353616
O=c1c2ccccc2oc2ccccc12,CCCCC(CC)CO,298.15,-1.4193681840820398,-1.0247789303910937
O=c1c2ccccc2oc2ccccc12,CCCCCCO,298.15,-1.28368968087251,-1.0161723436167833
O=c1c2ccccc2oc2ccccc12,CCOCCO,298.15,-1.1167735899213702,-0.7250368325553553
O=c1c2ccccc2oc2ccccc12,CCCCCCCO,298.15,-1.24362167362201,-1.0082575758917642
O=c1c2ccccc2oc2ccccc12,CCCCCCCCO,298.15,-1.24519388437978,-1.0118789825080603
O=c1c2ccccc2oc2ccccc12,COC(C)=O,298.15,-0.850152836861908,-0.5401368450158032
O=c1c2ccccc2oc2ccccc12,CCOC(C)=O,298.15,-0.906210786810424,-0.5909020460514687
O=c1c2ccccc2oc2ccccc12,CCCOC(C)=O,298.15,-0.962919632169624,-0.6515192401626055
O=c1c2ccccc2oc2ccccc12,CCCCOC(C)=O,298.15,-1.00352696488784,-0.6893689679830005
O=c1c2ccccc2oc2ccccc12,CCCCCOC(C)=O,298.15,-0.9549803219775981,-0.7513957378315872
Nc1ccc(S(=O)(=O)Nc2ncccn2)cc1,CC#N,293.15,-1.99262280589619,-1.0670694792142053
Nc1ccc(S(=O)(=O)Nc2ncccn2)cc1,CC#N,298.15,-1.9377844269885098,-0.901884479778029
Nc1ccc(S(=O)(=O)Nc2ncccn2)cc1,CC#N,303.15,-1.9017291292412701,-0.7481901877841748
Nc1ccc(S(=O)(=O)Nc2ncccn2)cc1,CC#N,308.15,-1.8388011138129698,-0.605317962988478
Nc1ccc(S(=O)(=O)Nc2ncccn2)cc1,CC#N,313.15,-1.7939689283368,-0.4726493680752264
CC(=O)Nc1ccc(O)cc1,CCCO,293.15,-0.251086150231694,-0.5179439226747784
CC(=O)Nc1ccc(O)cc1,CCCO,298.15,-0.21836848476597498,-0.4136798773701388
CC(=O)Nc1ccc(O)cc1,CCCO,303.15,-0.18435854008341301,-0.3136615383032744
CC(=O)Nc1ccc(O)cc1,CCCO,308.15,-0.13489762556659898,-0.21774698051425234
CC(=O)Nc1ccc(O)cc1,CCCO,313.15,-0.10302672318145,-0.12580560705859234
COC(=O)c1ccc(O)cc1,CC#N,278.15,-0.450989561246887,-0.42162509553289007
COC(=O)c1ccc(O)cc1,CC#N,293.15,-0.058047610126409,-0.21451443925617797
COC(=O)c1ccc(O)cc1,CC#N,283.15,-0.30848310496576303,-0.35178791341798465
COC(=O)c1ccc(O)cc1,CC#N,313.15,0.476287793409345,0.048449265210635695
COC(=O)c1ccc(O)cc1,CC#N,288.15,-0.16903507082122501,-0.28272519681249475
COC(=O)c1ccc(O)cc1,CC#N,298.15,0.125886449760661,-0.14722732809686723
COC(=O)c1ccc(O)cc1,CC#N,303.15,0.254648158626138,-0.08093038970459045
COC(=O)c1ccc(O)cc1,CC#N,308.15,0.3773648628962,-0.015685565935693174
COC(=O)c1ccc(O)cc1,CC#N,318.15,0.625681379049249,0.11141981403779744
Cc1ccc(C(=O)O)cc1[N+](=O)[O-],CC#N,298.15,-0.799559030834718,-0.6480864759405506
Cc1ccc(C(=O)O)cc1[N+](=O)[O-],CC(C)OC(C)C,298.15,-1.1085391449442599,-0.7751277233051262
Cc1ccc(C(=O)O)cc1[N+](=O)[O-],CCC(C)CO,298.15,-0.776537813625264,-0.552752944105325
Cc1ccc(C(=O)O)cc1[N+](=O)[O-],CC(C)CO,298.15,-0.674227243130083,-0.5243452242381621
Cc1ccc(C(=O)O)cc1[N+](=O)[O-],CC(C)CCO,298.15,-0.6863748929590671,-0.5047487447168826
Cc1ccc(C(=O)O)cc1[N+](=O)[O-],CCOCC,298.15,-0.629533217653601,-0.43764599080816624
Cc1ccc(C(=O)O)cc1[N+](=O)[O-],CCCCC(CC)CO,298.15,-0.8035468013006659,-0.6866609808072605
Cc1ccc(C(=O)O)cc1[N+](=O)[O-],CCCCO,298.15,-0.541847328786746,-0.36896283175090167
Cc1ccc(C(=O)O)cc1[N+](=O)[O-],CC(C)O,298.15,-0.462248454751865,-0.28582235551913204
Cc1ccc(C(=O)O)cc1[N+](=O)[O-],CCCO,298.15,-0.437657850589683,-0.3033551149639292
Cc1ccc(C(=O)O)cc1[N+](=O)[O-],CO,298.15,-0.166847736073556,-0.0817501095197109
Cc1ccc(C(=O)O)cc1[N+](=O)[O-],CCCCCOC(C)=O,298.15,-0.7315349208685981,-0.6336749425634355
Cc1ccc(C(=O)O)cc1[N+](=O)[O-],CCCCCO,298.15,-0.588933891230917,-0.3856256423239266
Cc1ccc(C(=O)O)cc1[N+](=O)[O-],CCCCCCO,298.15,-0.651677625643037,-0.4316837929440207
Cc1ccc(C(=O)O)cc1[N+](=O)[O-],CCC(C)O,298.15,-0.5113027118019079,-0.33208537225392404
Cc1ccc(C(=O)O)cc1[N+](=O)[O-],CC(C)CC(C)O,298.15,-0.6448623823988521,-0.5249020802415575
Cc1ccc(C(=O)O)cc1[N+](=O)[O-],CCO,298.15,-0.302822630954864,-0.1560545676637647
Cc1ccc(C(=O)O)cc1[N+](=O)[O-],CCCC(C)O,298.15,-0.566866009507548,-0.38043984229631594
Cc1ccc(C(=O)O)cc1[N+](=O)[O-],CCCCCCCO,298.15,-0.678095735133956,-0.5131277779617401
Cc1ccc(C(=O)O)cc1[N+](=O)[O-],CCCCCCCCO,298.15,-0.7250572764513291,-0.5745054043288988
Cc1ccc(C(=O)O)cc1[N+](=O)[O-],CCCCOC(C)=O,298.15,-0.640537081497804,-0.5208321083110862
Cc1ccc(C(=O)O)cc1[N+](=O)[O-],COC(C)=O,298.15,-0.40586557983863003,-0.2741304935847323
Cc1ccc(C(=O)O)cc1[N+](=O)[O-],CCCCCCCCCCO,298.15,-0.7818410840765959,-0.6577536445654198
Cc1ccc(C(=O)O)cc1[N+](=O)[O-],CCOC(C)=O,298.15,-0.48929268378496105,-0.3356720398374128
Cc1ccc(C(=O)O)cc1[N+](=O)[O-],C1COCCO1,298.15,0.123450698740325,0.13490607451984288
Cc1ccc(C(=O)O)cc1[N+](=O)[O-],C1CCOC1,298.15,0.325509151206122,0.3307076255712119
Nc1ccc(O)c(C(=O)O)c1,CCO,298.15,-2.9879950753688505,-0.4559442943620692
Nc1ccc(O)c(C(=O)O)c1,CCO,303.15,-2.9452691853533595,-0.39085981445084056
Nc1ccc(O)c(C(=O)O)c1,CCO,308.15,-2.88880534075873,-0.3279651879664754
Nc1ccc(O)c(C(=O)O)c1,CCO,313.15,-2.85375661229779,-0.26724009805660953
Nc1ccc(O)c(C(=O)O)c1,CCO,293.15,-3.0457837242942203,-0.5232434584532114
c1ccc2cc3ccccc3cc2c1,CCOC(=O)OCC,298.15,-1.3427397392300702,-0.7547210979726447
COc1ccc(C(=O)O)cc1,CCOC(=O)OCC,298.15,-1.30234431142496,-0.49060112870541184
COc1cc(C(=O)O)cc(OC)c1OC,CCOC(=O)OCC,298.15,-1.2362117503149,0.14703502609423028
O=C1c2ccccc2C(=O)c2c(Cl)cccc21,CCOC(=O)OCC,298.15,-1.1904285824841798,-1.175382427339014
O=C(O)c1ccc(Cl)c(Cl)c1,CCOC(=O)OCC,298.15,-1.1716329244486101,-0.264916718707255
Cc1ccc(C(=O)O)cc1[N+](=O)[O-],CCOC(=O)OCC,298.15,-0.9878291197404989,-0.5802877217395996
O=C(O)c1ccc(Cl)c([N+](=O)[O-])c1,CCOC(=O)OCC,298.15,-0.953442664646524,-0.23937389819206495
CC(=O)Oc1ccccc1C(=O)O,CCOC(=O)OCC,298.15,-0.719073072956045,-0.12878249288598917
O=C(O)c1cc([N+](=O)[O-])ccc1Cl,CCOC(=O)OCC,298.15,-0.579519291556731,0.06587951596265515
CC(C)(C)c1ccc(C(=O)O)cc1,CCOC(=O)OCC,298.15,-0.547307735442869,-0.22650074913938714
NC(=O)c1ccccc1O,CCOC(=O)OCC,298.15,-0.5059045850885421,-0.328938549062727
c1ccc2c(c1)Nc1ccccc1S2,CCOC(=O)OCC,298.15,-0.49127694681542,-0.4022818833968609
c1cc2ccc3cccc4ccc(c1)c2c34,CCOC(=O)OCC,298.15,-0.408890528873998,-0.8513606538265497
Cc1cccc(C(=O)O)c1,CCOC(=O)OCC,298.15,-0.061529248687056,-0.3854524167967404
Cc1ccccc1C(=O)O,CCOC(=O)OCC,298.15,-0.03928532531607701,-0.2198573979027036
O=C(c1ccccc1)C(O)c1ccccc1,CCOC(=O)OCC,298.15,0.004439616492455999,0.04448884726643421
O=C(O)c1ccccc1,CCOC(=O)OCC,298.15,0.017695879480288,-0.13446113750398622
O=C(C(=O)c1ccccc1)c1ccccc1,CCOC(=O)OCC,298.15,0.102723366079583,0.37210731623465565
c1ccc(-c2ccccc2)cc1,CCOC(=O)OCC,298.15,0.40187791036624604,0.6387496954117902
O=[N+]([O-])c1cc(Cl)ccc1Cl,CCOC(=O)OCC,298.15,0.808628617523746,0.24792823589715812
c1ccc2cc3ccccc3cc2c1,COC(=O)OC,298.15,-1.42685493410834,-0.8505854284765038
O=C(O)c1ccc(Cl)c(Cl)c1,COC(=O)OC,298.15,-1.23170363561459,-0.3704646272187643
COc1ccc(C(=O)O)cc1,COC(=O)OC,298.15,-1.12543091850565,-0.47029351472827563
O=C1c2ccccc2C(=O)c2c(Cl)cccc21,COC(=O)OC,298.15,-1.0204078254963,-1.1587758785910367
COc1cc(C(=O)O)cc(OC)c1OC,COC(=O)OC,298.15,-0.9681106276397471,0.37132157647720376
O=C(c1ccccc1)C(O)c1ccccc1,COC(=O)OC,298.15,-0.838759562951529,0.2000781132440936
O=C(O)c1ccc(Cl)c([N+](=O)[O-])c1,COC(=O)OC,298.15,-0.772131736299153,-0.2087023906747615
c1cc2ccc3cccc4ccc(c1)c2c34,COC(=O)OC,298.15,-0.535364013503575,-0.9597661444996279
c1ccc2c(c1)Nc1ccccc1S2,COC(=O)OC,298.15,-0.52671120493536,-0.49295751501218743
CC(C)(C)c1ccc(C(=O)O)cc1,COC(=O)OC,298.15,-0.392060293963925,-0.34308796633488103
NC(=O)c1ccccc1O,COC(=O)OC,298.15,-0.30206672775453697,-0.20413508992082705
O=C(O)c1ccccc1O,COC(=O)OC,298.15,-0.16150332694560401,0.14061851230575995
c1cc2c3c(cccc3c1)CC2,COC(=O)OC,298.15,-0.10303376435253699,0.628849073096883
Cc1cccc(C(=O)O)c1,COC(=O)OC,298.15,-0.036007707217121,-0.3969995644857494
c1ccc2c(c1)Cc1ccccc1O2,COC(=O)OC,298.15,-0.027038674938732004,0.6777881809880859
Cc1ccccc1C(=O)O,COC(=O)OC,298.15,-0.024423068030494,-0.249468811648739
O=C(O)c1ccccc1,COC(=O)OC,298.15,0.105179121993246,-0.1436741334945637
O=C(C(=O)c1ccccc1)c1ccccc1,COC(=O)OC,298.15,0.254763895900926,0.4401736007009987
c1ccc(-c2ccccc2)cc1,COC(=O)OC,298.15,0.693693716377895,0.5308210518400851
CC(=O)N1CCN(c2ccc(OC[C@H]3CO[C@](Cn4ccnc4)(c4ccc(Cl)cc4Cl)O3)cc2)CC1,CC#N,293.15,-1.80725384127953,0.9303233329077919
CC(=O)N1CCN(c2ccc(OC[C@H]3CO[C@](Cn4ccnc4)(c4ccc(Cl)cc4Cl)O3)cc2)CC1,CC#N,298.15,-1.69599689440258,1.1927883002200117
CC(=O)N1CCN(c2ccc(OC[C@H]3CO[C@](Cn4ccnc4)(c4ccc(Cl)cc4Cl)O3)cc2)CC1,CC#N,303.15,-1.5881767363633799,1.438280656154801
CC(=O)N1CCN(c2ccc(OC[C@H]3CO[C@](Cn4ccnc4)(c4ccc(Cl)cc4Cl)O3)cc2)CC1,CC#N,308.15,-1.5049971758248601,1.6677872897693815
CC(=O)N1CCN(c2ccc(OC[C@H]3CO[C@](Cn4ccnc4)(c4ccc(Cl)cc4Cl)O3)cc2)CC1,CC#N,313.15,-1.4316426796011799,1.88222171924418
Nc1ccc(O)c(C(=O)O)c1,CC#N,293.15,-3.7306484783610805,-0.9289714706431789
Nc1ccc(O)c(C(=O)O)c1,CC#N,298.15,-3.6207270005280603,-0.8423091337537569
Nc1ccc(O)c(C(=O)O)c1,CC#N,303.15,-3.5436425056252,-0.758157920582903
Nc1ccc(O)c(C(=O)O)c1,CC#N,308.15,-3.4542735109575498,-0.6764820595642136
Nc1ccc(O)c(C(=O)O)c1,CC#N,313.15,-3.3791685732500696,-0.5972489562264854
Nc1ccc(S(=O)(=O)Nc2ncccn2)cc1,CCOCCOCCO,313.15,-1.3417252966800401,-0.8802433866707888
Nc1ccc(S(=O)(=O)Nc2ncccn2)cc1,CCOCCOCCO,278.15,-1.3230397881195701,-1.8593123565955567
Nc1ccc(S(=O)(=O)Nc2ncccn2)cc1,CCOCCOCCO,303.15,-1.3242895190206498,-1.1374794683074072
Nc1ccc(S(=O)(=O)Nc2ncccn2)cc1,CCOCCOCCO,298.15,-1.2945147362123401,-1.2724608708432723
Nc1ccc(S(=O)(=O)Nc2ncccn2)cc1,CCOCCOCCO,283.15,-1.31354488389273,-1.7051334305788646
Nc1ccc(S(=O)(=O)Nc2ncccn2)cc1,CCOCCOCCO,293.15,-1.3156485929128798,-1.4119285526472645
Nc1ccc(S(=O)(=O)Nc2ncccn2)cc1,CCOCCOCCO,288.15,-1.3043337724389599,-1.5560816564548832
Nc1ccc(S(=O)(=O)Nc2ncccn2)cc1,CCOCCOCCO,308.15,-1.3073989017158798,-1.0067982809630465
CC(=O)N1CCN(c2ccc(OC[C@H]3CO[C@](Cn4ccnc4)(c4ccc(Cl)cc4Cl)O3)cc2)CC1,CCO,293.15,-0.156467264746628,0.706927579958329
CC(=O)N1CCN(c2ccc(OC[C@H]3CO[C@](Cn4ccnc4)(c4ccc(Cl)cc4Cl)O3)cc2)CC1,CCO,298.15,-0.059127111787980004,0.9647207436142345
CC(=O)N1CCN(c2ccc(OC[C@H]3CO[C@](Cn4ccnc4)(c4ccc(Cl)cc4Cl)O3)cc2)CC1,CCO,303.15,-0.020209526484738997,1.2035224764029708
CC(=O)N1CCN(c2ccc(OC[C@H]3CO[C@](Cn4ccnc4)(c4ccc(Cl)cc4Cl)O3)cc2)CC1,CCO,308.15,0.073303630984497,1.424519681336045
Nc1nnc(-c2cccc(Cl)c2Cl)c(N)n1,CCOCCOCCO,303.15,-0.343227870431524,-1.1710414104863147
Nc1nnc(-c2cccc(Cl)c2Cl)c(N)n1,CCOCCOCCO,293.15,-0.49113443903994203,-1.2536833017205598
Nc1nnc(-c2cccc(Cl)c2Cl)c(N)n1,CCOCCOCCO,298.15,-0.3972078399002121,-1.2123123291713982
Nc1nnc(-c2cccc(Cl)c2Cl)c(N)n1,CCOCCOCCO,308.15,-0.279101861054279,-1.1299281025764598
Nc1nnc(-c2cccc(Cl)c2Cl)c(N)n1,CCOCCOCCO,313.15,-0.21842912233023498,-1.089025505628668
O=S1(=O)c2ccccc2-c2ccccc21,O=C1CCCO1,320.3,-0.29631181218963,0.1554329824533377
O=S1(=O)c2ccccc2-c2ccccc21,O=C1CCCO1,334.8,-0.163197548110162,0.3216717718032547
O=S1(=O)c2ccccc2-c2ccccc21,O=C1CCCO1,346.9,-0.058409001437046,0.45304962808158944
O=S1(=O)c2ccccc2-c2ccccc21,O=C1CCCO1,351.6,0.011987121553709998,0.5023528615141839
O=S1(=O)c2ccccc2-c2ccccc21,O=C1CCCO1,352.7,0.023780855894372004,0.5137554408059188
O=S1(=O)c2ccccc2-c2ccccc21,O=C1CCCO1,355.9,0.064219781889647,0.5466354385854341
O=S1(=O)c2ccccc2-c2ccccc21,O=C1CCCO1,358.2,0.09907461865686,0.5700023682798033
O=S1(=O)c2ccccc2-c2ccccc21,O=C1CCCO1,360.8,0.14379479345671697,0.5961522108484949
O=S1(=O)c2ccccc2-c2ccccc21,O=C1CCCO1,363.2,0.199126483075079,0.6200430353426615
O=S1(=O)c2ccccc2-c2ccccc21,O=C1CCCO1,363.7,0.21243521349190303,0.6249905689669926
c1ccc2c(c1)sc1ccccc12,CCCCCCCCCCCCCC,278.2,-1.0368525125111399,-0.7752800885207909
c1ccc2c(c1)sc1ccccc12,CCCCCCCCCCCCCC,283.9,-0.920644220917544,-0.6991440455286386
c1ccc2c(c1)sc1ccccc12,CCCCCCCCCCCCCC,291.0,-0.794070352868649,-0.6066822247554103
c1ccc2c(c1)sc1ccccc12,CCCCCCCCCCCCCC,298.3,-0.6731920246031129,-0.5142838544521373
c1ccc2c(c1)sc1ccccc12,CCCCCCCCCCCCCC,316.1,-0.39836752696915095,-0.2998236964973626
c1ccc2c(c1)sc1ccccc12,CCCCCCCCCCCCCC,337.2,-0.025646200113904997,-0.06433921233748136
c1ccc2c(c1)sc1ccccc12,CCCCCCCCCCCCCC,346.7,0.195269441699595,0.035431761378341364
c1ccc2c(c1)sc1ccccc12,CCCCCCCCCCCCCC,352.6,0.38363555608634203,0.09551826427121313
c1ccc2c(c1)sc1ccccc12,CCCCCCCCCCCCCC,356.2,0.55238026929189,0.13148845394007624
c1ccc2c(c1)sc1ccccc12,CCCCCCCCCCCCCCCC,291.1,-1.6773417582161498,-0.601211362020188
c1ccc2c(c1)sc1ccccc12,CCCCCCCCCCCCCCCC,290.9,-1.19237278416729,-0.6037749592133532
c1ccc2c(c1)sc1ccccc12,CCCCCCCCCCCCCCCC,290.8,-0.967464812265226,-0.6050575030295742
c1ccc2c(c1)sc1ccccc12,CCCCCCCCCCCCCCCC,290.6,-0.8157585941878142,-0.6076240822235843
c1ccc2c(c1)sc1ccccc12,CCCCCCCCCCCCCCCC,290.6,-0.8031772082509391,-0.6076240822235843
c1ccc2c(c1)sc1ccccc12,CCCCCCCCCCCCCCCC,290.7,-0.7909589739408,-0.6063405439425721
c1ccc2c(c1)sc1ccccc12,CCCCCCCCCCCCCCCC,291.0,-0.7791204684025981,-0.6024929122849991
c1ccc2c(c1)sc1ccccc12,CCCCCCCCCCCCCCCC,292.2,-0.767920776682425,-0.5871470248695054
c1ccc2c(c1)sc1ccccc12,CCCCCCCCCCCCCCCC,293.0,-0.756840949313734,-0.5769559756256688
c1ccc2c(c1)sc1ccccc12,CCCCCCCCCCCCCCCC,293.7,-0.7414433384136179,-0.5680646521294201
c1ccc2c(c1)sc1ccccc12,CCCCCCCCCCCCCCCC,304.4,-0.576749447743569,-0.4351027606382293
c1ccc2c(c1)sc1ccccc12,CCCCCCCCCCCCCCCC,315.0,-0.42493363120484395,-0.30866691599521456
c1ccc2c(c1)sc1ccccc12,CCCCCCCCCCCCCCCC,319.9,-0.341355724597588,-0.25193108553369714
c1ccc2c(c1)sc1ccccc12,CCCCCCCCCCCCCCCC,331.5,-0.14479097879160702,-0.12176898760268556
c1ccc2c(c1)sc1ccccc12,CCCCCCCCCCCCCCCC,334.7,-0.08440654249121601,-0.08686241120602656
c1ccc2c(c1)sc1ccccc12,CCCCCCCCCCCCCCCC,341.5,0.052717926901623004,-0.014082127251700438
c1ccc2c(c1)sc1ccccc12,CCCCCCCCCCCCCCCC,350.9,0.28681734867694203,0.08347360578723573
c1ccc2c(c1)sc1ccccc12,CC#N,303.7,-0.41839975957482706,-0.16044961919305561
c1ccc2c(c1)sc1ccccc12,CC#N,323.1,0.0031295450377759994,0.040889686153871674
c1ccc2c(c1)sc1ccccc12,CC#N,332.0,0.311641595514413,0.12237360124596652
c1ccc2c(c1)sc1ccccc12,CC#N,338.1,0.645742090638741,0.17448601846752054
c1ccc2c(c1)sc1ccccc12,CC#N,341.8,0.900662872236144,0.20465370305967812
c1ccc2c(c1)sc1ccccc12,CC#N,344.8,1.0630131146236201,0.22832820914288682
c1ccc2c(c1)sc1ccccc12,CC#N,347.1,1.17731084637514,0.2460073358948947
c1ccc2c(c1)sc1ccccc12,O=C1CCCO1,281.3,-0.073515095615807,-0.23125265171860487
c1ccc2c(c1)sc1ccccc12,O=C1CCCO1,289.7,0.035834606869223004,-0.1507653521946849
c1ccc2c(c1)sc1ccccc12,O=C1CCCO1,300.1,0.18339130559034,-0.05268808643241654
c1ccc2c(c1)sc1ccccc12,O=C1CCCO1,307.9,0.306171743254238,0.019624489821827074
c1ccc2c(c1)sc1ccccc12,O=C1CCCO1,314.6,0.412511878602742,0.08083404994983331
c1ccc2c(c1)sc1ccccc12,O=C1CCCO1,320.2,0.509204577520921,0.13132780660332447
c1ccc2c(c1)sc1ccccc12,O=C1CCCO1,325.2,0.5994235017311651,0.17588472231751975
c1ccc2c(c1)sc1ccccc12,O=C1CCCO1,329.4,0.6829080213253579,0.2129208354394767
c1ccc2c(c1)sc1ccccc12,O=C1CCCO1,337.6,0.8568008854113149,0.28417808444480946
c1ccc2c(c1)sc1ccccc12,O=C1CCCO1,344.6,1.0347086237071401,0.34388631135508857
c1ccc2c(c1)sc1ccccc12,C1CCCCC1,309.3,-0.324499674585984,-0.3682361666919436
c1ccc2c(c1)sc1ccccc12,C1CCCCC1,321.1,-0.068951707566094,-0.2347604972061612
c1ccc2c(c1)sc1ccccc12,C1CCCCC1,328.8,0.118052324305385,-0.15348361602018662
c1ccc2c(c1)sc1ccccc12,C1CCCCC1,335.6,0.3381810656453139,-0.08542238105967981
c1ccc2c(c1)sc1ccccc12,C1CCCCC1,349.6,0.921674513658384,0.04401454692052997
Nc1nc(N)nc(N)n1,OCCO,311.23,-0.6769484549992739,-2.5662189601571637
Nc1nc(N)nc(N)n1,OCCO,319.3,-0.669559907412485,-2.5518951399988787
Nc1nc(N)nc(N)n1,OCCO,326.3,-0.66246407395117,-2.535021157280541
Nc1nc(N)nc(N)n1,OCCO,339.65,-0.640822558884949,-2.493104286019976
Nc1nc(N)nc(N)n1,OCCO,341.75,-0.635703526953046,-2.485493785499645
Nc1nc(N)nc(N)n1,OCCO,346.53,-0.620022034402393,-2.4672614352376896
Nc1nc(N)nc(N)n1,OCCO,347.15,-0.61795557925974,-2.464808251215116
Nc1nc(N)nc(N)n1,OCCO,347.7,-0.616835296525719,-2.462615697304961
Nc1nc(N)nc(N)n1,OCCO,350.97,-0.609252385922229,-2.449271630245479
Nc1nc(N)nc(N)n1,OCCO,351.44,-0.597926373177034,-2.447311476057875
Nc1nc(N)nc(N)n1,OCCO,353.4,-0.592737854443729,-2.439027074246215
Nc1nc(N)nc(N)n1,CN(C)C=O,303.25,-2.07780307070093,-2.9651260312546506
Nc1nc(N)nc(N)n1,CN(C)C=O,320.6,-1.8919987467316597,-2.924159684637088
Nc1nc(N)nc(N)n1,CN(C)C=O,324.86,-1.85553626537374,-2.9099875123940566
Nc1nc(N)nc(N)n1,CN(C)C=O,325.25,-1.85256914494985,-2.9086200662629533
Nc1nc(N)nc(N)n1,CN(C)C=O,332.4,-1.79278684575801,-2.8816281926361214
Nc1nc(N)nc(N)n1,CN(C)C=O,335.25,-1.7671640116540501,-2.8699233760783964
Nc1nc(N)nc(N)n1,CN(C)C=O,338.13,-1.74159776811831,-2.8575959128222204
Nc1nc(N)nc(N)n1,CN(C)C=O,340.85,-1.7167688107666002,-2.8455200289082785
Nc1nc(N)nc(N)n1,CN(C)C=O,351.55,-1.61740051244273,-2.7944045297067874
Nc1nc(N)nc(N)n1,CN(C)C=O,351.63,-1.6154725777078403,-2.794002904132384
Nc1nc(N)nc(N)n1,CN(C)C=O,354.75,-1.5887165112114598,-2.7781395296309985
Nc1nc(N)nc(N)n1,CN(C)C=O,356.8,-1.56918619210764,-2.7675138322495765
Nc1nc(N)nc(N)n1,CN(C)C=O,363.35,-1.50819255685094,-2.732596556217827
Nc1nc(N)nc(N)n1,CC(=O)N(C)C,322.75,-2.31023653915319,-3.075420103906382
Nc1nc(N)nc(N)n1,CC(=O)N(C)C,325.25,-2.2562606401770298,-3.070085438321834
Nc1nc(N)nc(N)n1,CC(=O)N(C)C,329.45,-2.16472348274143,-3.059657010391905
Nc1nc(N)nc(N)n1,CC(=O)N(C)C,333.77,-2.08012022153167,-3.0471364847207276
Nc1nc(N)nc(N)n1,CC(=O)N(C)C,337.45,-2.00815194380279,-3.035139852072276
Nc1nc(N)nc(N)n1,CC(=O)N(C)C,340.55,-1.94780310626012,-3.024147929319829
Nc1nc(N)nc(N)n1,CC(=O)N(C)C,342.39,-1.91246524194143,-3.0172611320993425
Nc1nc(N)nc(N)n1,CC(=O)N(C)C,343.8,-1.8851395355251102,-3.011808379050739
Nc1nc(N)nc(N)n1,CC(=O)N(C)C,344.95,-1.8629237413339799,-3.0072516502856512
Nc1nc(N)nc(N)n1,CC(=O)N(C)C,348.4,-1.7961886804175702,-2.993014575214378
Nc1nc(N)nc(N)n1,CC(=O)N(C)C,350.76,-1.75080809872329,-2.9828082969695875
Nc1nc(N)nc(N)n1,CC(=O)N(C)C,353.63,-1.6958223123209097,-2.969914633898126
Nc1nc(N)nc(N)n1,CC(=O)N(C)C,355.03,-1.66896042042322,-2.963441925781565
Nc1nc(N)nc(N)n1,CC(=O)N(C)C,357.05,-1.63040392866972,-2.953900466739694
Nc1nc(N)nc(N)n1,CC(=O)N(C)C,361.55,-1.5447045791307898,-2.9318340479825418
N[C@@H](CCC(=O)O)C(=O)O,CCO,278.15,-3.4898744741509597,-2.948211106128359
N[C@@H](CCC(=O)O)C(=O)O,CCO,283.23,-3.3110434263817297,-2.6940117625983007
N[C@@H](CCC(=O)O)C(=O)O,CCO,293.37,-3.1270208517962,-2.192490614940289
N[C@@H](CCC(=O)O)C(=O)O,CCO,298.63,-2.9111592316146297,-1.9359634713252287
N[C@@H](CCC(=O)O)C(=O)O,CCO,303.27,-2.7218421337582304,-1.7120051780663852
N[C@@H](CCC(=O)O)C(=O)O,CCO,308.25,-2.5983432045804,-1.47425937127717
N[C@@H](CCC(=O)O)C(=O)O,CCO,313.23,-2.39062271545371,-1.2394101556627222
N[C@@H](CCC(=O)O)C(=O)O,CCO,317.84,-2.21469994010044,-1.0247417538875725
N[C@@H](CCC(=O)O)C(=O)O,CCO,322.77,-3.0691464324650197,-0.798228756578583
N[C@@H](CCC(=O)O)C(=O)O,CCO,328.2,-2.96909126584475,-0.5525731663508853
N[C@@H](CCC(=O)O)C(=O)O,CCO,332.96,-2.80125116291079,-0.3406758469822335
N[C@@H](CCC(=O)O)C(=O)O,CCO,337.55,-2.59451250253727,-0.13951614254059996
N[C@@H](CCC(=O)O)C(=O)O,CCO,342.04,-2.4657884415467204,0.05414672798994369
N[C@@H](CCC(=O)O)C(=O)O,CCO,347.2,-2.27008257905929,0.27277814028782954
N[C@@H](CCC(=O)O)C(=O)O,CS(C)=O,306.25,-3.74323416205835,0.22656011274568283
N[C@@H](CCC(=O)O)C(=O)O,CS(C)=O,320.85,-3.4459139456908194,0.7817404221207881
N[C@@H](CCC(=O)O)C(=O)O,CS(C)=O,334.25,-3.13740628359047,1.2808959639806012
N[C@@H](CCC(=O)O)C(=O)O,CS(C)=O,341.75,-2.8845013543603804,1.5554602569379137
N[C@@H](CCC(=O)O)C(=O)O,CS(C)=O,343.85,-2.80135594207547,1.6316874099710175
N[C@@H](CCC(=O)O)C(=O)O,CS(C)=O,351.15,-2.63624564749875,1.8943853128912234
N[C@@H](CCC(=O)O)C(=O)O,CS(C)=O,355.05,-2.5047674423756603,2.033248246432088
N[C@@H](CCC(=O)O)C(=O)O,CC(C)=O,278.15,-3.34627705598813,-3.8205931259723815
N[C@@H](CCC(=O)O)C(=O)O,CC(C)=O,283.16,-3.1236420209844797,-3.566125745545068
N[C@@H](CCC(=O)O)C(=O)O,CC(C)=O,288.6,-2.8846693839521005,-3.2901915432837137
N[C@@H](CCC(=O)O)C(=O)O,CC(C)=O,295.4,-2.54717679312942,-2.9466688758886086
N[C@@H](CCC(=O)O)C(=O)O,CC(C)=O,298.15,-2.44085399617247,-2.808397997207343
N[C@@H](CCC(=O)O)C(=O)O,CC(C)=O,303.55,-2.1719387545948003,-2.538308002596006
N[C@@H](CCC(=O)O)C(=O)O,CC(C)=O,308.35,-2.01381099615918,-2.3001045144103816
N[C@@H](CCC(=O)O)C(=O)O,CC(C)=O,313.15,-1.79294611179378,-2.0639656959074255
N[C@@H](CCC(=O)O)C(=O)O,CC(C)=O,317.98,-1.58900820226439,-1.8287052241761517
N[C@@H](CCC(=O)O)C(=O)O,CC(C)=O,323.05,-1.44874448506192,-1.5845736382444713
N[C@@H](CCC(=O)O)C(=O)O,CC(C)=O,328.05,-1.22461044526599,-1.3469068738017604
N[C@@H](CCC(=O)O)C(=O)O,CCCO,294.13,-3.1466971469082896,-2.5168205484359145
N[C@@H](CCC(=O)O)C(=O)O,CCCO,298.63,-2.94703393802709,-2.2868179138107245
N[C@@H](CCC(=O)O)C(=O)O,CCCO,303.45,-2.6978664755196697,-2.043115091288398
N[C@@H](CCC(=O)O)C(=O)O,CCCO,308.95,-2.36111712719786,-1.7685606404878191
N[C@@H](CCC(=O)O)C(=O)O,CCCO,313.15,-2.21417208000413,-1.5615469958033876
N[C@@H](CCC(=O)O)C(=O)O,CCCO,318.15,-1.99493135418877,-1.3182083918437772
N[C@@H](CCC(=O)O)C(=O)O,CCCO,323.15,-1.7605753819925702,-1.0783608731470935
N[C@@H](CCC(=O)O)C(=O)O,CCCO,327.71,-1.54924629449839,-0.8627591906673733
N[C@@H](CCC(=O)O)C(=O)O,CCCO,332.15,-1.4238208689161798,-0.6557874554435559
N[C@@H](CCC(=O)O)C(=O)O,O=CO,293.73,0.670365364121239,-1.3562384636715836
N[C@@H](CCC(=O)O)C(=O)O,O=CO,298.15,0.135238262770458,-1.159848365000473
N[C@@H](CCC(=O)O)C(=O)O,O=CO,303.15,0.24417364988023899,-0.9390647008137337
N[C@@H](CCC(=O)O)C(=O)O,O=CO,308.24,0.276589295696801,-0.715988990706971
N[C@@H](CCC(=O)O)C(=O)O,O=CO,313.04,0.31791598809450106,-0.5073344125132299
N[C@@H](CCC(=O)O)C(=O)O,O=CO,317.87,0.35596055888318107,-0.29919160727708694
N[C@@H](CCC(=O)O)C(=O)O,O=CO,321.76,0.38681302790611105,-0.13296690761095364
N[C@@H](CCC(=O)O)C(=O)O,O=CO,327.96,0.435637577941814,0.12920648273524304
N[C@@H](CCC(=O)O)C(=O)O,O=CO,333.06,0.492487259005809,0.34218395981953487
N[C@@H](CCC(=O)O)C(=O)O,O=CO,338.13,0.545503773926868,0.5513870134871346
N[C@@H](CCC(=O)O)C(=O)O,CO,278.15,-3.4773999257768797,-2.3495225871016596
N[C@@H](CCC(=O)O)C(=O)O,CO,283.25,-3.34909850605407,-2.110728130948648
N[C@@H](CCC(=O)O)C(=O)O,CO,288.26,-3.19014845001577,-1.877042223779072
N[C@@H](CCC(=O)O)C(=O)O,CO,296.15,-3.0132209902428104,-1.511656826615914
N[C@@H](CCC(=O)O)C(=O)O,CO,299.43,-2.94936880473213,-1.3609556437263701
N[C@@H](CCC(=O)O)C(=O)O,CO,303.6,-2.8673999646768795,-1.1705586323116153
N[C@@H](CCC(=O)O)C(=O)O,CO,308.44,-2.78117421580272,-0.9514369211244215
N[C@@H](CCC(=O)O)C(=O)O,CO,313.15,-2.6241006619488196,-0.7403288588710748
N[C@@H](CCC(=O)O)C(=O)O,CO,317.97,-2.55797451784592,-0.5266658879981676
N[C@@H](CCC(=O)O)C(=O)O,CO,323.15,-2.46968855260426,-0.29994102658335686
N[C@@H](CCC(=O)O)C(=O)O,CO,332.99,-2.36257592396401,0.12171124406028389
N[C@@H](CCC(=O)O)C(=O)O,CO,333.15,-2.3637023121151097,0.12846349877231833
O=C(O)c1ccccc1,CC(=O)O,298.3,0.331377982861062,0.027207832747640805
O=C(O)c1ccccc1,CC(=O)O,308.4,0.41471291611379707,0.11121218789871469
O=C(O)c1ccccc1,CC(=O)O,318.3,0.50350175473713,0.19562808473085097
O=C(O)c1ccccc1,CC(=O)O,328.2,0.5684380126097139,0.28121410845517064
O=C(O)c1ccccc1,CC(=O)O,338.0,0.6389386944927951,0.36634013716670405
O=C(O)c1ccccc1,CC(=O)O,348.3,0.6854336951682231,0.45553402133099663
O=C(O)c1ccccc1,CC(=O)O,358.6,0.7463296513634649,0.543800055670705
O=Cc1ccc(C(=O)O)cc1,ClC(Cl)Cl,293.15,-1.9864562739395701,-2.440289577920615
O=Cc1ccc(C(=O)O)cc1,ClC(Cl)Cl,298.15,-1.93111473732339,-2.359143823501683
O=Cc1ccc(C(=O)O)cc1,ClC(Cl)Cl,303.15,-1.8785112296013702,-2.2802629725431
O=Cc1ccc(C(=O)O)cc1,ClC(Cl)Cl,308.15,-1.8184676544971001,-2.203615410212212
O=Cc1ccc(C(=O)O)cc1,ClC(Cl)Cl,313.15,-1.75193582792273,-2.12917213121852
O=Cc1ccc(C(=O)O)cc1,ClC(Cl)Cl,318.15,-1.69089092707636,-2.0569066360851824
O=Cc1ccc(C(=O)O)cc1,ClC(Cl)Cl,323.15,-1.6274156836130198,-1.9867948507018471
O=Cc1ccc(C(=O)O)cc1,ClC(Cl)Cl,328.15,-1.55618679840732,-1.9188150708451381
O=Cc1ccc(C(=O)O)cc1,ClC(Cl)Cl,332.15,-1.49524836004251,-1.8659531998172918
O=C(O)c1ccc(C(=O)O)cc1,CC(=O)N(C)C,303.2,-0.7601481435775369,-0.27115681266693586
O=C(O)c1ccc(C(=O)O)cc1,CC(=O)N(C)C,313.2,-0.641824160436407,-0.27631315502760523
O=C(O)c1ccc(C(=O)O)cc1,CC(=O)N(C)C,323.2,-0.5382900358023239,-0.2665047081112278
O=C(O)c1ccc(C(=O)O)cc1,CC(=O)N(C)C,333.2,-0.449254238713742,-0.24410834469306647
O=C(O)c1ccc(C(=O)O)cc1,CC(=O)N(C)C,343.2,-0.38603110538031704,-0.21118805518299666
O=C(O)c1ccc(C(=O)O)cc1,CC(=O)N(C)C,353.2,-0.318113662885755,-0.1695445908990737
O=C(O)c1ccc(C(=O)O)cc1,CC(=O)N(C)C,363.2,-0.254937543421534,-0.12075617763018004
O=C(O)c1cccc(C(=O)O)c1,CCCOC(C)=O,303.2,-2.16840641666868,-1.7788939157236445
O=C(O)c1cccc(C(=O)O)c1,CCCOC(C)=O,313.2,-2.1008250161812203,-1.727074422155701
O=C(O)c1cccc(C(=O)O)c1,CCCOC(C)=O,323.2,-2.0425566979029397,-1.6594575828413398
O=C(O)c1cccc(C(=O)O)c1,CCCOC(C)=O,333.2,-1.9621628511952098,-1.5794529219531652
O=C(O)c1cccc(C(=O)O)c1,CCCOC(C)=O,343.2,-1.9485926059544298,-1.4900356914657444
O=C(O)c1cccc(C(=O)O)c1,CCCOC(C)=O,353.2,-1.83860439360575,-1.3938231307051592
O=C(O)c1cccc(C(=O)O)c1,CCCOC(C)=O,363.2,-1.76681363152372,-1.2931399330373727
O=C(O)c1cccc(C(=O)O)c1,CN1CCCC1=O,296.35,0.008095542896201999,0.09542635969047336
O=C(O)c1cccc(C(=O)O)c1,CN1CCCC1=O,298.85,0.033517629956905,0.08194844615475162
O=C(O)c1cccc(C(=O)O)c1,CN1CCCC1=O,303.55,0.077146898963655,0.060266096546097596
O=C(O)c1cccc(C(=O)O)c1,CN1CCCC1=O,307.05,0.11110353307349499,0.047057092208557826
O=C(O)c1cccc(C(=O)O)c1,CN1CCCC1=O,310.25,0.13891297412655498,0.03705133133538207
O=C(O)c1cccc(C(=O)O)c1,CN1CCCC1=O,313.65,0.171864072865356,0.028479698866460124
O=C(O)c1cccc(C(=O)O)c1,CN1CCCC1=O,316.95,0.20060974775466603,0.022090005897985668
O=C(O)c1cccc(C(=O)O)c1,CN1CCCC1=O,320.45,0.23213204764539602,0.017285498015187056
O=C(O)c1cccc(C(=O)O)c1,CN1CCCC1=O,323.55,0.258879018338041,0.014642324579769328
O=C(O)c1cccc(C(=O)O)c1,CN1CCCC1=O,326.55,0.287361749259967,0.01345741959167683
O=C(O)c1cccc(C(=O)O)c1,CN1CCCC1=O,331.25,0.331503523055346,0.014170354429214757
O=C(O)c1cccc(C(=O)O)c1,CN1CCCC1=O,336.25,0.37846403294225794,0.018154419912453146
O=C(O)c1cccc(C(=O)O)c1,CN1CCCC1=O,340.75,0.422710070062835,0.024381259029779737
O=C(O)c1cccc(C(=O)O)c1,CN1CCCC1=O,343.55,0.451953578810355,0.02943964738438342
O=C(O)c1cccc(C(=O)O)c1,CN1CCCC1=O,345.25,0.467501270429729,0.03293330541844497
O=C(O)c1cccc(C(=O)O)c1,CN1CCCC1=O,346.55,0.48216171369393995,0.03581377741142601
O=C(O)c1ccc(C(=O)O)c(C(=O)O)c1,CC(=O)O,313.2,-1.5401870533760198,-1.0937868494774023
O=C(O)c1ccc(C(=O)O)c(C(=O)O)c1,CC(=O)O,323.2,-1.27692557858725,-0.9202595379712795
O=C(O)c1ccc(C(=O)O)c(C(=O)O)c1,CC(=O)O,333.2,-1.09263441200525,-0.7489783114128793
O=C(O)c1ccc(C(=O)O)c(C(=O)O)c1,CC(=O)O,343.2,-0.9481345265664641,-0.5808185985987713
O=C(O)c1ccc(C(=O)O)c(C(=O)O)c1,CC(=O)O,353.2,-0.8429094876574741,-0.416550317480326
O=C(O)c1ccc(C(=O)O)c(C(=O)O)c1,CC(=O)O,363.2,-0.761634289002018,-0.25685886977780736
O=C(O)c1cc(C(=O)O)cc(C(=O)O)c1,CC(=O)O,313.2,-1.6866162986026498,-1.1915815318263328
O=C(O)c1cc(C(=O)O)cc(C(=O)O)c1,CC(=O)O,323.2,-1.6433522566981997,-1.0175184487784508
O=C(O)c1cc(C(=O)O)cc(C(=O)O)c1,CC(=O)O,333.2,-1.5469329569020802,-0.8376157543752075
O=C(O)c1cc(C(=O)O)cc(C(=O)O)c1,CC(=O)O,343.2,-1.4791342390528202,-0.653929286442413
O=C(O)c1cc(C(=O)O)cc(C(=O)O)c1,CC(=O)O,353.2,-1.38910877109082,-0.46825029962519293
O=C(O)c1cc(C(=O)O)cc(C(=O)O)c1,CC(=O)O,363.2,-1.28871015989784,-0.2821507774396954
NC(N)=O,CN(C)C=O,304.15,0.48100175625056396,-0.9500715451234718
NC(N)=O,CN(C)C=O,308.15,0.542940377294598,-0.9168784831168383
NC(N)=O,CN(C)C=O,312.94,0.611690806110736,-0.8776635038494218
NC(N)=O,CN(C)C=O,318.25,0.690891915328332,-0.8348810997477903
NC(N)=O,CN(C)C=O,323.05,0.7664545743699859,-0.7968407013981516
NC(N)=O,CN(C)C=O,332.65,0.9127882743600491,-0.7225939478306886
NC(N)=O,CN(C)C=O,337.55,0.996309715903032,-0.6856543928220669
NC(N)=O,CC(O)CO,300.75,0.7031651410997121,-0.6798223803025871
NC(N)=O,CC(O)CO,305.05,0.724789175739963,-0.6412095743829255
NC(N)=O,CC(O)CO,308.67,0.7507157723202328,-0.6095179329259952
NC(N)=O,CC(O)CO,311.23,0.781591984492417,-0.5875466822426849
NC(N)=O,CC(O)CO,316.0,0.817401651325154,-0.5475616515136967
NC(N)=O,CC(O)CO,321.3,0.8519572726664001,-0.5045565300382716
NC(N)=O,CC(O)CO,325.7,0.884964706644104,-0.4699637311349333
NC(N)=O,CC(O)CO,329.95,0.9202270963633921,-0.43748433106613344
NC(N)=O,CC(O)CO,335.05,0.9606219575619592,-0.3996951437613191
NC(N)=O,CC(O)CO,342.1,1.03273620485966,-0.3495376345893918
NC(N)=O,O=S1(=O)CCCC1,312.15,-0.05467096408135501,-0.7507614512615701
NC(N)=O,O=S1(=O)CCCC1,318.53,0.074238342400401,-0.6688571675806045
NC(N)=O,O=S1(=O)CCCC1,322.57,0.16065932112683498,-0.6186653216544512
NC(N)=O,O=S1(=O)CCCC1,328.25,0.25176031201129195,-0.5501897951533061
NC(N)=O,O=S1(=O)CCCC1,332.26,0.33542117019500395,-0.503261161839478
NC(N)=O,O=S1(=O)CCCC1,336.95,0.42027594614380703,-0.4497993639239695
NC(N)=O,O=S1(=O)CCCC1,341.0,0.497188752074546,-0.40482517072380864
NC(N)=O,O=S1(=O)CCCC1,345.35,0.5885225668828571,-0.3577059750755899
NC(N)=O,O=S1(=O)CCCC1,349.54,0.6781789495753139,-0.3134420487219518
NC(N)=O,O=S1(=O)CCCC1,353.05,0.74935991172622,-0.27718193635518984
NC(N)=O,CC(=O)N(C)C,312.32,-0.728367916143088,-1.0247957074771148
NC(N)=O,CC(=O)N(C)C,316.94,-0.585605402931654,-0.9874750324390347
NC(N)=O,CC(=O)N(C)C,322.18,-0.44190735715848295,-0.9456001218593447
NC(N)=O,CC(=O)N(C)C,327.8,-0.29677957987702697,-0.9012525859547437
NC(N)=O,CC(=O)N(C)C,332.0,-0.189318250206962,-0.8685084455300073
NC(N)=O,CC(=O)N(C)C,336.15,-0.09517334434064599,-0.8365010244715294
NC(N)=O,CC(=O)N(C)C,340.95,0.036612568321735005,-0.7999241026477468
NC(N)=O,CC(=O)N(C)C,345.65,0.14302102983618098,-0.7645843087857298
NC(N)=O,CC(=O)N(C)C,349.65,0.25393402899581197,-0.7348884087400442
NC(N)=O,CC(=O)N(C)C,354.51,0.39348355867751,-0.6992908091258715
NC(N)=O,CN1CCCC1=O,305.35,0.199782181762762,-1.0809326556613745
NC(N)=O,CN1CCCC1=O,316.55,0.326923670679683,-0.9869103331143054
NC(N)=O,CN1CCCC1=O,321.49,0.38138026782371603,-0.9460452072293264
NC(N)=O,CN1CCCC1=O,326.85,0.4335931888962679,-0.9021505791947305
NC(N)=O,CN1CCCC1=O,332.29,0.48506002973515705,-0.8580917235842382
NC(N)=O,CN1CCCC1=O,337.75,0.546751915208817,-0.814384781005579
NC(N)=O,CN1CCCC1=O,341.76,0.5916327956169121,-0.7826217937488706
NC(N)=O,CN1CCCC1=O,345.6,0.64129338257532,-0.752478547956045
NC(N)=O,CN1CCCC1=O,349.84,0.6955795356883859,-0.7195114756861378
NC(N)=O,CN1CCCC1=O,354.55,0.756201877369725,-0.6832858522461529
NC(N)=O,OC1CCCCC1,314.7,-0.6797854221243189,-1.1337108423768556
NC(N)=O,OC1CCCCC1,319.15,-0.620254284259086,-1.0848812804913597
NC(N)=O,OC1CCCCC1,324.7,-0.520290552393521,-1.0257715548707815
NC(N)=O,OC1CCCCC1,328.95,-0.456673157365271,-0.9818113284591272
NC(N)=O,OC1CCCCC1,333.55,-0.36965897749160403,-0.9354690542737305
NC(N)=O,OC1CCCCC1,338.45,-0.28791063929369,-0.887483279252903
NC(N)=O,OC1CCCCC1,342.5,-0.22751934692004397,-0.8488685947001624
NC(N)=O,OC1CCCCC1,347.6,-0.162923732054708,-0.8015574054416461
NC(N)=O,OC1CCCCC1,350.96,-0.114054176197732,-0.7711716045062063
NC(N)=O,OC1CCCCC1,354.85,-0.060625193282124,-0.7367549583773781
NC(N)=O,NC=O,302.46,0.9790230836218772,0.08407348312273757
NC(N)=O,NC=O,307.64,1.0203944854518199,0.12625101991015927
NC(N)=O,NC=O,309.7,1.03879304885562,0.14267196163681062
NC(N)=O,NC=O,313.75,1.0730235266675698,0.17438801763403766
NC(N)=O,NC=O,317.39,1.09951401348804,0.20226669928734134
NC(N)=O,NC=O,320.18,1.12713046988823,0.22324408730140916
NC(N)=O,NC=O,326.75,1.1826340748000501,0.27134378523110836
NC(N)=O,NC=O,330.93,1.21547739341739,0.30102760020215485
NC(N)=O,NC=O,335.8,1.26125357593122,0.3347432404786567
NC(N)=O,NC=O,340.75,1.3071335985478,0.3680856236883171
CCCCOC(=O)c1ccc(O)cc1,O,298.0,-3.00155184865212,-2.9424853410352965
c1ccc2c(c1)oc1ccccc12,O,313.2,-4.2965758815170005,-4.304641060428857
c1ccc2c(c1)oc1ccccc12,O,323.2,-4.10547328938409,-4.116770835076954
c1ccc2c(c1)oc1ccccc12,O,333.2,-3.91073730294631,-3.929374190070639
c1ccc2c(c1)oc1ccccc12,O,343.2,-3.6493876373262797,-3.74307899888271
c1ccc2c(c1)oc1ccccc12,O,353.2,-3.42047304659038,-3.5584215384540583
c1ccc2c(c1)Oc1ccccc1S2,O,313.2,-4.81490069878328,-4.656666177365481
c1ccc2c(c1)Oc1ccccc1S2,O,318.2,-4.67384239080919,-4.53806946380857
c1ccc2c(c1)Oc1ccccc1S2,O,323.2,-4.5126216776795305,-4.419800377872344
c1ccc2c(c1)Oc1ccccc1S2,O,328.2,-4.3889580077443,-4.301948819448174
c1ccc2c(c1)sc1ccccc12,O,313.2,-4.945078305601419,-4.647641076452744
c1ccc2c(c1)sc1ccccc12,O,323.2,-4.72173369883201,-4.434050144124706
c1ccc2c(c1)sc1ccccc12,O,333.2,-4.47122988037287,-4.220808142833519
c1ccc2c(c1)sc1ccccc12,O,343.2,-4.23595524024204,-4.008656992696415
c1ccc2c(c1)sc1ccccc12,O,353.2,-3.9802461907140696,-3.798229457030203
c1ccc2c(c1)sc1ccccc12,O,363.2,-3.7280785740467,-3.5900662755120862
c1ccc2c(c1)Cc1ccccc1O2,O,313.0,-4.85755371982483,-3.790237015129138
c1ccc2c(c1)Cc1ccccc1O2,O,323.0,-4.587762460448469,-3.561754316063712
c1ccc2c(c1)Cc1ccccc1O2,O,333.0,-4.33969465280052,-3.33515999026202
c1ccc2c(c1)Cc1ccccc1O2,O,343.0,-4.10410858017614,-3.111027962563236
c1ccc2c(c1)Cc1ccccc1O2,O,353.0,-3.8581100537481703,-2.889843467619895
c1ccc2c(c1)Cc1ccccc1O2,O,363.0,-3.64513970663103,-2.672017195645659
c1ccc2c(c1)cnc1ccccc12,O,313.2,-3.46029223826909,-3.053284945540398
c1ccc2c(c1)cnc1ccccc12,O,333.2,-3.0839372930319904,-2.7988824317647087
c1ccc2c(c1)cnc1ccccc12,O,353.2,-2.6814446944141,-2.534059430182606
c1ccc2c(c1)cnc1ccccc12,O,363.2,-2.4985580989789704,-2.4000045847836295
Cc1ccc(C(=O)O)cc1,CN(C)C=O,295.65,0.24114515245124699,0.19196979750020857
Cc1ccc(C(=O)O)cc1,CN(C)C=O,298.75,0.289039587085285,0.20426458812872422
Cc1ccc(C(=O)O)cc1,CN(C)C=O,303.05,0.3526835579336429,0.22240036927219448
Cc1ccc(C(=O)O)cc1,CN(C)C=O,307.55,0.41542528701607706,0.2426185770837324
Cc1ccc(C(=O)O)cc1,CN(C)C=O,311.05,0.467314492749841,0.2591459097817219
Cc1ccc(C(=O)O)cc1,CN(C)C=O,315.55,0.529680233670712,0.28133587796936155
Cc1ccc(C(=O)O)cc1,CN(C)C=O,320.45,0.602888858325366,0.30658938265097696
Cc1ccc(C(=O)O)cc1,CN(C)C=O,324.55,0.662086311875136,0.3285054818517778
Cc1ccc(C(=O)O)cc1,CN(C)C=O,326.85,0.700856645755975,0.3410853549047
Cc1ccc(C(=O)O)cc1,CN(C)C=O,328.95,0.7319709769888492,0.3527379530164193
Cc1ccc(C(=O)O)cc1,CN(C)C=O,331.65,0.7772119116939109,0.3679394131189587
Cc1ccc(C(=O)O)cc1,CN(C)C=O,333.05,0.8016845115082109,0.3759135702288775
Cc1ccc(C(=O)O)cc1,CN(C)C=O,335.05,0.838156237866772,0.3874080894581281
Cc1ccc(C(=O)O)cc1,CN(C)C=O,335.55,0.8513429006216171,0.39029993537125446
Nc1ccc(S(=O)(=O)Nc2ncccn2)cc1,O,293.15,-3.6766300000000003,-2.6562787543840765
Nc1ccc(S(=O)(=O)Nc2ncccn2)cc1,O,298.15,-3.56901,-2.5139433510389124
Nc1ccc(S(=O)(=O)Nc2ncccn2)cc1,O,303.15,-3.40615,-2.3748549484061754
Nc1ccc(S(=O)(=O)Nc2ncccn2)cc1,O,308.15,-3.29927,-2.238924970999774
Nc1ccc(S(=O)(=O)Nc2ncccn2)cc1,O,313.15,-3.20201,-2.106070748619866
Nc1ccc(S(=O)(=O)Nc2ncccn2)cc1,O,298.0,-2.62305,-2.5181657109428492
Nc1ccc(S(=O)(=O)Nc2ncccn2)cc1,O,343.0,-2.50958,-1.372974733723094
Nc1ccc(S(=O)(=O)Nc2ncccn2)cc1,O,353.0,-2.28123,-1.1489334967980904
Nc1ccc(S(=O)(=O)Nc2ncccn2)cc1,O,363.0,-2.0796,-0.9350335524069007
Nc1ccc(S(=O)(=O)Nc2ncccn2)cc1,O,373.0,-1.90117,-0.7309435007682783
Nc1ccc(S(=O)(=O)Nc2ncccn2)cc1,O,383.0,-1.7559900000000002,-0.5363752859183797
Nc1ccc(S(=O)(=O)Nc2ncccn2)cc1,O,393.0,-1.61565,-0.3510806320538724
Nc1ccc(S(=O)(=O)Nc2ncccn2)cc1,O,403.0,-1.4902600000000001,-0.17484836998678688
O=C(O)CCCCCCCCC(=O)O,O,321.95,-2.7019900000000003,-1.379869279142473
O=C(O)CCCCCCCCC(=O)O,O,327.45,-2.46007,-1.2401998613548537
O=C(O)CCCCCCCCC(=O)O,O,329.44,-2.3212900000000003,-1.190025736165271
O=C(O)CCCCCCCCC(=O)O,O,331.61,-2.2931,-1.135538393667634
O=C(O)CCCCCCCCC(=O)O,O,334.01,-2.17996,-1.0755546386168784
O=C(O)CCCCCCCCC(=O)O,O,336.96,-2.08265,-1.0022339386980361
O=C(O)CCCCCCCCC(=O)O,O,339.68,-2.03314,-0.9350380341170008
O=C(O)CCCCCCCCC(=O)O,O,341.72,-1.94566,-0.8849029358946103
O=C(O)CCCCCCCCC(=O)O,O,343.83,-1.8908200000000002,-0.8332873098874118
O=C(O)CCCCCCCCC(=O)O,O,347.4,-1.8539299999999999,-0.7465210956062664
O=C(O)CCCCCCCCC(=O)O,O,350.2,-1.76847,-0.6789742000816881
O=C(O)CCCCCCCCC(=O)O,O,298.0,-2.9092,-2.0031860859784096
O=C(O)CCCCCCCCC(=O)O,O,313.0,-1.4708,-1.610105199870046
O=C(O)CCCCCCCCC(=O)O,O,373.0,-0.05028,-0.1463285908428913
CC(C)(C)c1ccc(C(=O)O)cc1,O,423.15,0.32624000000000003,-1.0050149469718752
CC(C)(C)c1ccc(C(=O)O)cc1,O,413.15,0.19169,-1.207951620539082
CC(C)(C)c1ccc(C(=O)O)cc1,O,403.15,0.04571,-1.4141872440499292
CC(C)(C)c1ccc(C(=O)O)cc1,O,393.15,-0.08904,-1.623197555541431
CC(C)(C)c1ccc(C(=O)O)cc1,O,383.15,-0.25885,-1.8343914572743398
CC(C)(C)c1ccc(C(=O)O)cc1,O,373.15,-0.31040999999999996,-2.047098258811619
CC(C)(C)c1ccc(C(=O)O)cc1,O,363.15,-0.52366,-2.260553224579664
CC(C)(C)c1ccc(C(=O)O)cc1,O,353.15,-0.67632,-2.4738808598931055
CC(C)(C)c1ccc(C(=O)O)cc1,O,343.15,-0.8662799999999999,-2.6860752700667154
CC(C)(C)c1ccc(C(=O)O)cc1,O,333.15,-1.05019,-2.8959768268512733
CC(C)(C)c1ccc(C(=O)O)cc1,O,323.15,-1.0754,-3.1022442625885542
CC(C)(C)c1ccc(C(=O)O)cc1,O,313.15,-1.3554899999999999,-3.3033211661378994
CC(C)(C)c1ccc(C(=O)O)cc1,O,303.15,-1.55823,-3.497395680509165
c1ccc2nc3ccccc3nc2c1,O,313.2,-3.4034199999999997,-3.498727701152592
c1ccc2nc3ccccc3nc2c1,O,333.2,-3.06701,-3.27239123655561
c1ccc2nc3ccccc3nc2c1,O,353.2,-2.7429900000000003,-3.022273227188694
c1ccc2nc3ccccc3nc2c1,O,373.2,-2.4099,-2.758687609023078
c1ccc2nc3ccccc3nc2c1,O,393.2,-2.06862,-2.489527532487007
c1ccc2nc3ccccc3nc2c1,O,412.2,-1.7216099999999999,-2.2342668635524583
c1ccc2nc3ccccc3nc2c1,O,433.2,-1.38435,-1.957759247506873
c1ccc2c(c1)Sc1ccccc1S2,O,313.2,-6.08285,-5.088500505926862
c1ccc2c(c1)Sc1ccccc1S2,O,333.2,-5.530530000000001,-4.609896348352631
c1ccc2c(c1)Sc1ccccc1S2,O,353.2,-4.96702,-4.137771631419919
c1ccc2c(c1)Sc1ccccc1S2,O,373.2,-4.40875,-3.6769804512074793
c1ccc2c(c1)Sc1ccccc1S2,O,393.2,-3.8865,-3.2310589313266123
c1ccc2c(c1)Sc1ccccc1S2,O,413.2,-3.35786,-2.8026045418561507
c1ccc2c(c1)Sc1ccccc1S2,O,423.2,-3.09112,-2.595551629813145
c1ccc2c(c1)[nH]c1ccccc12,O,298.0,-5.21515,-4.578935603349278
c1ccc2c(c1)[nH]c1ccccc12,O,323.0,-4.60757,-3.9642925783914786
c1ccc2c(c1)[nH]c1ccccc12,O,373.0,-3.27854,-2.8570554882889
c1ccc2c(c1)[nH]c1ccccc12,O,423.0,-2.08828,-1.9089515646570838
c1ccc2c(c1)[nH]c1ccccc12,O,473.0,-1.04168,-1.1152630205468257
c1ccc2c(c1)[nH]c1ccccc12,O,313.2,-4.824380000000001,-4.200357453464422
c1ccc2c(c1)[nH]c1ccccc12,O,333.2,-4.39604,-3.7252585985609756
c1ccc2c(c1)[nH]c1ccccc12,O,353.2,-3.83348,-3.276208006400694
c1ccc2c(c1)[nH]c1ccccc12,O,373.2,-3.38795,-2.8529495392015765
c1ccc2c(c1)[nH]c1ccccc12,O,393.2,-2.93592,-2.4551584576574395
c1ccc2c(c1)[nH]c1ccccc12,O,413.2,-2.5121,-2.0824892619401965
c1ccc2c(c1)[nH]c1ccccc12,O,433.2,-2.0768299999999997,-1.7346168742643817
c1ccc2c(c1)Nc1ccccc1S2,O,298.2,-5.06342,-5.122975962886313
c1ccc2c(c1)Nc1ccccc1S2,O,308.2,-4.96214,-4.884806398456112
c1ccc2c(c1)Nc1ccccc1S2,O,318.2,-4.86015,-4.64978224807236
c1ccc2c(c1)Nc1ccccc1S2,O,328.2,-4.710719999999999,-4.418369327500749
c1ccc2c(c1)Nc1ccccc1S2,O,338.2,-4.57554,-4.190957363517708
c1ccc2c(c1)Nc1ccccc1S2,O,313.2,-4.79356,-4.766870088215464
c1ccc2c(c1)Nc1ccccc1S2,O,333.2,-4.34019,-4.304141481394452
c1ccc2c(c1)Nc1ccccc1S2,O,353.2,-3.90256,-3.858040238019994
c1ccc2c(c1)Nc1ccccc1S2,O,373.2,-3.44642,-3.4307813310858277
c1ccc2c(c1)Nc1ccccc1S2,O,393.2,-2.96395,-3.0239305149630566
c1ccc2c(c1)Nc1ccccc1S2,O,413.2,-2.53951,-2.6386100031986537
c1ccc2c(c1)Nc1ccccc1S2,O,433.2,-2.08204,-2.275653008100337
c1ccc2c(c1)Nc1ccccc1S2,O,453.2,-1.67665,-1.9357391121350784
OC(Cn1cncn1)(Cn1cncn1)c1ccc(F)cc1F,O,298.0,-2.3534200000000003,-1.9028103602888908
OC(Cn1cncn1)(Cn1cncn1)c1ccc(F)cc1F,O,323.0,-1.52816,-1.208525254507491
OC(Cn1cncn1)(Cn1cncn1)c1ccc(F)cc1F,O,348.0,-1.1663299999999999,-0.600878938911241
OC(Cn1cncn1)(Cn1cncn1)c1ccc(F)cc1F,O,373.0,-1.04814,-0.06822543925063607
OC(Cn1cncn1)(Cn1cncn1)c1ccc(F)cc1F,O,398.0,-0.73743,0.3977736816314259
O=c1c2ccccc2oc2ccccc12,O,313.0,-4.40831,-3.668379273620485
O=c1c2ccccc2oc2ccccc12,O,333.0,-3.9804800000000005,-3.3971768207833577
O=c1c2ccccc2oc2ccccc12,O,353.0,-3.5324400000000002,-3.113772731782321
O=c1c2ccccc2oc2ccccc12,O,373.0,-3.16359,-2.8258562598987753
O=c1c2ccccc2oc2ccccc12,O,393.0,-2.71788,-2.539278215505429
O=c1c2ccccc2oc2ccccc12,O,413.0,-2.3332900000000003,-2.2585590142413503
O=c1c2ccccc2oc2ccccc12,O,433.0,-1.86904,-1.9872604874009587
c1ccc2cc3ccccc3cc2c1,CCO,298.2,-2.0648299999999997,-1.5043887024183442
c1ccc2cc3ccccc3cc2c1,CCO,308.2,-1.9499799999999998,-1.3759406618226127
c1ccc2cc3ccccc3cc2c1,CCO,318.2,-1.8879,-1.2570237126636443
c1ccc2cc3ccccc3cc2c1,CCO,393.0,-0.61019,-0.6349928867505694
c1ccc2cc3ccccc3cc2c1,CCO,413.0,-0.39194,-0.5484566103861958
c1ccc2cc3ccccc3cc2c1,CCO,423.0,-0.34028,-0.5197223511956562
c1ccc2cc3ccccc3cc2c1,CCO,433.0,-0.21126,-0.5010815206040613
c1ccc2cc3ccccc3cc2c1,CCO,443.0,-0.0171,-0.49287846204737673
c1ccc2cc3ccccc3cc2c1,O,298.0,-6.34806,-6.033041033785122
c1ccc2cc3ccccc3cc2c1,O,313.0,-6.18341,-5.652968232901806
c1ccc2cc3ccccc3cc2c1,O,333.0,-5.64072,-5.15576400520208
c1ccc2cc3ccccc3cc2c1,O,353.0,-5.13132,-4.673066577125393
c1ccc2cc3ccccc3cc2c1,O,373.0,-4.614269999999999,-4.207671886316657
c1ccc2cc3ccccc3cc2c1,O,393.0,-4.09858,-3.761527487163764
c1ccc2cc3ccccc3cc2c1,O,433.0,-3.10073,-2.9319717644690475
c1ccc2cc3ccccc3cc2c1,O,453.0,-2.62636,-2.5501595235399677
c1ccc2cc3ccccc3cc2c1,O,473.0,-2.2072599999999998,-2.191083997808473
c1ccc2cc3ccccc3cc2c1,O,483.0,-1.98415,-2.020241172005533
c1ccc2cc3ccccc3cc2c1,O,298.0,-6.38731,-6.033041033785122
c1ccc2cc3ccccc3cc2c1,O,298.0,-6.34806,-6.033041033785122
c1ccc2cc3ccccc3cc2c1,O,323.0,-6.03033,-5.402769578472812
c1ccc2cc3ccccc3cc2c1,O,373.0,-4.76903,-4.207671886316657
c1ccc2cc3ccccc3cc2c1,O,423.0,-3.33408,-3.1312394758421966
c1ccc2cc3ccccc3cc2c1,O,473.0,-1.99895,-2.191083997808473
O=C1c2ccccc2Cc2ccccc21,O,313.0,-4.72114,-3.9158726673265862
O=C1c2ccccc2Cc2ccccc21,O,333.0,-4.24073,-3.54770691586717
O=C1c2ccccc2Cc2ccccc21,O,353.0,-3.7656199999999997,-3.178509340826058
O=C1c2ccccc2Cc2ccccc21,O,373.0,-3.29691,-2.8141572035068165
O=C1c2ccccc2Cc2ccccc21,O,393.0,-2.84049,-2.459058492299011
O=C1c2ccccc2Cc2ccccc21,O,413.0,-2.2985599999999997,-2.116570196418896
O=C1c2ccccc2Cc2ccccc21,O,423.0,-2.1974400000000003,-1.950893554505881
C1C2CC3C4CC5CC(C14)C(C2)C3C5,O,313.2,-7.29895,-5.6858634238142525
C1C2CC3C4CC5CC(C14)C(C2)C3C5,O,333.2,-6.86325,-5.134216889394993
C1C2CC3C4CC5CC(C14)C(C2)C3C5,O,353.2,-6.2188300000000005,-4.573887159767482
C1C2CC3C4CC5CC(C14)C(C2)C3C5,O,373.2,-5.58248,-4.014191328935876
C1C2CC3C4CC5CC(C14)C(C2)C3C5,O,393.2,-5.0481300000000005,-3.4619546366153884
C1C2CC3C4CC5CC(C14)C(C2)C3C5,O,413.2,-4.5606800000000005,-2.9221975121313033
C1C2CC3C4CC5CC(C14)C(C2)C3C5,O,433.2,-4.0327,-2.3986236970347248
C1C2CC3C4CC5CC(C14)C(C2)C3C5,O,453.2,-3.5639,-1.893986309850348
C1C2CC3C4CC5CC(C14)C(C2)C3C5,O,473.2,-3.157,-1.4103823262604172
C1C2CC3C4CC5CC(C14)C(C2)C3C5,O,493.2,-2.75618,-0.950304725299878
O=C1c2ccccc2C(=O)c2ccccc21,O,298.15,-5.1878400000000005,-5.379191596498598
O=C1c2ccccc2C(=O)c2ccccc21,O,298.15,-4.72489,-5.379191596498598
O=C1c2ccccc2C(=O)c2ccccc21,O,313.0,-5.398619999999999,-5.076327954019126
O=C1c2ccccc2C(=O)c2ccccc21,O,333.0,-4.954280000000001,-4.67278957270383
O=C1c2ccccc2C(=O)c2ccccc21,O,353.0,-4.4957199999999995,-4.278596785032121
O=C1c2ccccc2C(=O)c2ccccc21,O,373.0,-4.08106,-3.897288237689755
O=C1c2ccccc2C(=O)c2ccccc21,O,393.0,-3.67332,-3.531472967772876
O=C1c2ccccc2C(=O)c2ccccc21,O,413.0,-3.2684900000000003,-3.1831070685326366
O=C1c2ccccc2C(=O)c2ccccc21,O,433.0,-2.8308299999999997,-2.8536994506976545
Cc1ccc2cc3ccccc3cc2c1,O,273.45,-7.52993,-7.026957622893422
Cc1ccc2cc3ccccc3cc2c1,O,278.15,-7.41546,-6.910279055299039
Cc1ccc2cc3ccccc3cc2c1,O,283.15,-7.258210000000001,-6.7851284748228435
Cc1ccc2cc3ccccc3cc2c1,O,288.15,-7.13123,-6.659033238337162
Cc1ccc2cc3ccccc3cc2c1,O,293.15,-7.000210000000001,-6.532192755473843
Cc1ccc2cc3ccccc3cc2c1,O,298.15,-6.86521,-6.404790575997777
Cc1ccc2cc3ccccc3cc2c1,O,303.15,-6.7369699999999995,-6.276995467444733
Cc1ccc2cc3ccccc3cc2c1,O,308.15,-6.60227,-6.148962536107464
Cc1ccc2cc3ccccc3cc2c1,O,313.15,-6.45485,-6.020834322742445
Cc1ccc2cc3ccccc3cc2c1,O,318.15,-6.309,-5.892741840305114
Cc1ccc2cc3ccccc3cc2c1,O,323.15,-6.1866,-5.764805539982705
Cc1ccc2cc3ccccc3cc2c1,O,313.2,-6.54044,-6.019553011870882
Cc1ccc2cc3ccccc3cc2c1,O,333.2,-5.99341,-5.508564933312275
Cc1ccc2cc3ccccc3cc2c1,O,353.2,-5.45984,-5.004845616646806
Cc1ccc2cc3ccccc3cc2c1,O,373.2,-4.8662,-4.513345419789132
Cc1ccc2cc3ccccc3cc2c1,O,393.2,-4.365530000000001,-4.037643429069911
Cc1ccc2cc3ccccc3cc2c1,O,413.2,-3.9047099999999997,-3.5803417092415417
Cc1ccc2cc3ccccc3cc2c1,O,433.2,-3.4140300000000003,-3.1433499813035266
Cc1ccc2cc3ccccc3cc2c1,O,453.2,-2.82558,-2.7281102937585797
OCc1c2ccccc2cc2ccccc12,O,373.0,-3.92394,-2.262325640771827
OCc1c2ccccc2cc2ccccc12,O,393.0,-3.09576,-1.8890874776837445
OCc1c2ccccc2cc2ccccc12,O,413.0,-2.71975,-1.5353461366352343
OCc1c2ccccc2cc2ccccc12,O,423.0,-2.4478,-1.366264476922062
OCc1c2ccccc2cc2ccccc12,O,433.0,-2.3090900000000003,-1.2025979577863204
O=C1/C(=C/c2ccco2)CC/C1=C\c1ccco1,C1CCOC1,308.15,-0.41881,0.5243034678327514
O=C1/C(=C/c2ccco2)CC/C1=C\c1ccco1,C1CCOC1,313.15,-0.35701,0.5955456049443161
O=C1/C(=C/c2ccco2)CC/C1=C\c1ccco1,C1CCOC1,318.15,-0.2702,0.6610077824494558
O=C1/C(=C/c2ccco2)CC/C1=C\c1ccco1,C1CCOC1,323.15,-0.23873000000000003,0.7209942924355637
O=C1/C(=C/c2ccco2)CC/C1=C\c1ccco1,C1CCOC1,333.15,-0.13454000000000002,0.8256439656406037
O=C1/C(=C/c2ccco2)CC/C1=C\c1ccco1,C1CCOC1,343.15,-0.053020000000000005,0.9114980769562575
O=C1/C(=C/c2ccco2)CC/C1=C\c1ccco1,C1CCOC1,353.15,0.004370000000000001,0.980265144202259
O=C1/C(=C/c2ccco2)CC/C1=C\c1ccco1,C1CCOC1,363.15,0.07032999999999999,1.033396096882368
O=C1/C(=C/c2ccco2)CC/C1=C\c1ccco1,C1CCOC1,373.15,0.12063,1.0721129942696752
O=C1/C(=C/c2ccco2)CC/C1=C\c1ccco1,C1CCOC1,383.15,0.19062,1.0974301238374577
O=C1/C(=C/c2ccco2)CC/C1=C\c1ccco1,C1CCOC1,393.15,0.2483,1.1101680222007722
O=C1/C(=C/c2ccco2)CC/C1=C\c1ccco1,C1CCOC1,403.15,0.31984,1.1109604484289535
O=C1/C(=C/c2ccco2)CC/C1=C\c1ccco1,CO,323.14,-1.6462700000000001,-0.11328746678472884
O=C1/C(=C/c2ccco2)CC/C1=C\c1ccco1,CO,333.14,-1.5567600000000001,0.009006608535543581
O=C1/C(=C/c2ccco2)CC/C1=C\c1ccco1,CO,343.14,-1.48732,0.1105018017063617
O=C1/C(=C/c2ccco2)CC/C1=C\c1ccco1,CO,353.14,-1.42725,0.19323927129400364
O=C1/C(=C/c2ccco2)CC/C1=C\c1ccco1,CO,363.14,-1.3548799999999999,0.258950915891794
O=C1/C(=C/c2ccco2)CC/C1=C\c1ccco1,CO,373.14,-1.32033,0.309085235108962
O=C1/C(=C/c2ccco2)CC/C1=C\c1ccco1,CO,383.14,-1.2471299999999998,0.3448239570164061
O=C1/C(=C/c2ccco2)CC/C1=C\c1ccco1,CO,393.14,-1.18495,0.3683737001102996
O=C1/C(=C/c2ccco2)CC/C1=C\c1ccco1,CO,403.14,-1.1283299999999998,0.38130219090808726
O=C1/C(=C/c2ccco2)CC/C1=C\c1ccco1,O,353.15,-3.42286,-2.891894887905676
O=C1/C(=C/c2ccco2)CC/C1=C\c1ccco1,O,363.15,-3.19197,-2.691665435361526
O=C1/C(=C/c2ccco2)CC/C1=C\c1ccco1,O,373.15,-2.9733400000000003,-2.495107066135995
O=C1/C(=C/c2ccco2)CC/C1=C\c1ccco1,O,383.15,-2.7027200000000002,-2.3025732911706696
O=C1/C(=C/c2ccco2)CC/C1=C\c1ccco1,O,393.15,-2.4937400000000003,-2.114372528574335
O=C1/C(=C/c2ccco2)CC/C1=C\c1ccco1,O,398.15,-2.37951,-2.021983002414539
O=C1/C(=C/c2ccco2)CC/C1=C\c1ccco1,O,403.15,-2.24456,-1.9307758473271304
O.Oc1cc(O)c2c(c1)O[C@H](c1ccc(O)c(O)c1)[C@@H](O)C2,O,277.6,-1.90261,-4.071274735699146
O.Oc1cc(O)c2c(c1)O[C@H](c1ccc(O)c(O)c1)[C@@H](O)C2,O,282.7,-2.0889900000000003,-3.50687870206735
O.Oc1cc(O)c2c(c1)O[C@H](c1ccc(O)c(O)c1)[C@@H](O)C2,O,297.7,-1.80549,-1.9525304284173584
O.Oc1cc(O)c2c(c1)O[C@H](c1ccc(O)c(O)c1)[C@@H](O)C2,O,308.4,-1.42414,-0.9312701904528412
O.Oc1cc(O)c2c(c1)O[C@H](c1ccc(O)c(O)c1)[C@@H](O)C2,O,324.9,-0.94825,0.5175951636240983
O.Oc1cc(O)c2c(c1)O[C@H](c1ccc(O)c(O)c1)[C@@H](O)C2,O,331.2,-0.79974,1.0341214813960309
O.Oc1cc(O)c2c(c1)O[C@H](c1ccc(O)c(O)c1)[C@@H](O)C2,O,298.75,-2.13457,-1.849246425518716
O.Oc1cc(O)c2c(c1)O[C@H](c1ccc(O)c(O)c1)[C@@H](O)C2,O,314.65,-1.7871099999999998,-0.3653415596272658
O.Oc1cc(O)c2c(c1)O[C@H](c1ccc(O)c(O)c1)[C@@H](O)C2,O,334.95,-0.84129,1.3326259406777643
O.Oc1cc(O)c2c(c1)O[C@H](c1ccc(O)c(O)c1)[C@@H](O)C2,O,355.25,-0.38147,2.841163811702878
O.Oc1cc(O)c2c(c1)O[C@H](c1ccc(O)c(O)c1)[C@@H](O)C2,O,375.35,-0.06872,4.174158591200131
O.Oc1cc(O)c2c(c1)O[C@H](c1ccc(O)c(O)c1)[C@@H](O)C2,O,395.65,0.13766,5.378724754764969
O.Oc1cc(O)c2c(c1)O[C@H](c1ccc(O)c(O)c1)[C@@H](O)C2,O,415.85,0.27175,6.452188426270245
c1cc2ccc3cccc4ccc(c1)c2c34,O,298.0,-6.17736,-6.481808714912665
c1cc2ccc3cccc4ccc(c1)c2c34,O,298.0,-6.22716,-6.481808714912665
c1cc2ccc3cccc4ccc(c1)c2c34,O,323.0,-5.681,-5.787821735558713
c1cc2ccc3cccc4ccc(c1)c2c34,O,373.0,-4.31994,-4.477379782844281
c1cc2ccc3cccc4ccc(c1)c2c34,O,373.0,-4.38209,-4.477379782844281
c1cc2ccc3cccc4ccc(c1)c2c34,O,373.0,-5.27418,-4.477379782844281
COC1=CC(=O)C[C@@H](C)[C@]12Oc1c(Cl)c(OC)cc(OC)c1C2=O,O,413.0,-2.08961,-1.6553103715631519
COC1=CC(=O)C[C@@H](C)[C@]12Oc1c(Cl)c(OC)cc(OC)c1C2=O,O,423.0,-1.94366,-1.447828418017484
COC1=CC(=O)C[C@@H](C)[C@]12Oc1c(Cl)c(OC)cc(OC)c1C2=O,O,428.0,-1.8315099999999997,-1.3459612012412858
COC1=CC(=O)C[C@@H](C)[C@]12Oc1c(Cl)c(OC)cc(OC)c1C2=O,O,433.0,-1.7244700000000002,-1.245425948956779
COC1=CC(=O)C[C@@H](C)[C@]12Oc1c(Cl)c(OC)cc(OC)c1C2=O,O,443.0,-1.58371,-1.048588563051406
COC1=CC(=O)C[C@@H](C)[C@]12Oc1c(Cl)c(OC)cc(OC)c1C2=O,O,298.0,-4.47121,-4.173108411266379
c1ccc2c(c1)c1ccccc1c1ccccc21,O,298.15,-6.72465,-6.5595422635904
c1ccc2c(c1)c1ccccc1c1ccccc21,O,313.0,-6.998880000000001,-6.1434934950375375
c1ccc2c(c1)c1ccccc1c1ccccc21,O,333.0,-6.48285,-5.5975007805419
c1ccc2c(c1)c1ccccc1c1ccccc21,O,353.0,-5.90632,-5.071046788904283
c1ccc2c(c1)c1ccccc1c1ccccc21,O,373.0,-5.3204199999999995,-4.56650370280515
c1ccc2c(c1)c1ccccc1c1ccccc21,O,393.0,-4.73833,-4.085499551894962
c1ccc2c(c1)c1ccccc1c1ccccc21,O,413.0,-4.19343,-3.629156731427071
c1ccc2c(c1)c1ccccc1c1ccccc21,O,433.0,-3.72579,-3.198268698904109
c1ccc2c(c1)c1ccccc1c1ccccc21,O,453.0,-3.22131,-2.793450591358571
c1ccc2c(c1)c1ccccc1c1ccccc21,O,463.0,-2.95438,-2.600997919715281
c1ccc2c(c1)c1ccccc1c1ccccc21,O,468.0,-2.8668400000000003,-2.507295060097677
c1ccc(-c2ccc(-c3ccccc3)cc2)cc1,CCO,393.0,-1.01312,0.38156626910748126
c1ccc(-c2ccc(-c3ccccc3)cc2)cc1,CCO,413.0,-0.66425,0.45959990725256183
c1ccc(-c2ccc(-c3ccccc3)cc2)cc1,CCO,423.0,-0.45061999999999997,0.47911293439325076
c1ccc(-c2ccc(-c3ccccc3)cc2)cc1,CCO,433.0,-0.21126,0.4851071260713524
c1ccc(-c2ccc(-c3ccccc3)cc2)cc1,CCO,443.0,0.14153,0.47720453533611185
c1ccc(-c2ccc(-c3ccccc3)cc2)cc1,O,333.0,-7.33713,-5.566496937843086
c1ccc(-c2ccc(-c3ccccc3)cc2)cc1,O,353.0,-6.682580000000001,-4.979760891168418
c1ccc(-c2ccc(-c3ccccc3)cc2)cc1,O,373.0,-5.93374,-4.409878544550315
c1ccc(-c2ccc(-c3ccccc3)cc2)cc1,O,393.0,-5.33186,-3.8604180301595115
c1ccc(-c2ccc(-c3ccccc3)cc2)cc1,O,413.0,-4.72325,-3.333942488650438
c1ccc(-c2ccc(-c3ccccc3)cc2)cc1,O,433.0,-4.11461,-2.8323173445585703
c1ccc(-c2ccc(-c3ccccc3)cc2)cc1,O,453.0,-3.51465,-2.3569537175366904
c1ccc(-c2ccc(-c3ccccc3)cc2)cc1,O,473.0,-2.93923,-1.9090253045771384
c1ccc(-c2ccc(-c3ccccc3)cc2)cc1,O,483.0,-2.7322599999999997,-1.6957041538804072
CC(O)(CS(=O)(=O)c1ccc(F)cc1)C(=O)Nc1ccc(C#N)c(C(F)(F)F)c1,O,383.15,-3.38489,0.4148039863382387
CC(O)(CS(=O)(=O)c1ccc(F)cc1)C(=O)Nc1ccc(C#N)c(C(F)(F)F)c1,O,393.15,-2.9765200000000003,0.8548715741895583
CC(O)(CS(=O)(=O)c1ccc(F)cc1)C(=O)Nc1ccc(C#N)c(C(F)(F)F)c1,O,403.15,-2.7888599999999997,1.2770230795510136
CC(O)(CS(=O)(=O)c1ccc(F)cc1)C(=O)Nc1ccc(C#N)c(C(F)(F)F)c1,O,413.15,-2.41016,1.6818934531966478
CC(O)(CS(=O)(=O)c1ccc(F)cc1)C(=O)Nc1ccc(C#N)c(C(F)(F)F)c1,O,423.15,-1.9512900000000002,2.070048242607446
CC(O)(CS(=O)(=O)c1ccc(F)cc1)C(=O)Nc1ccc(C#N)c(C(F)(F)F)c1,O,433.15,-1.73678,2.4419866297701702
CC(O)(CS(=O)(=O)c1ccc(F)cc1)C(=O)Nc1ccc(C#N)c(C(F)(F)F)c1,O,443.15,-1.5115399999999999,2.798142920815687
c1cc2cccc3c4cccc5cccc(c(c1)c23)c54,O,298.0,-8.77942,-7.709403561293821
c1cc2cccc3c4cccc5cccc(c(c1)c23)c54,O,323.0,-7.7983899999999995,-6.973059390841179
c1cc2cccc3c4cccc5cccc(c(c1)c23)c54,O,373.0,-6.951969999999999,-5.602105508029574
c1cc2cccc3c4cccc5cccc(c(c1)c23)c54,O,423.0,-5.2186900000000005,-4.39025958858214
c1cc2cccc3c4cccc5cccc(c(c1)c23)c54,O,473.0,-3.6222800000000004,-3.3505207455083923
O=c1c2ccccc2[nH]c2cc3c(=O)c4ccccc4[nH]c3cc12,O,453.4,-5.0265,-4.6366104449391745
O=c1c2ccccc2[nH]c2cc3c(=O)c4ccccc4[nH]c3cc12,O,462.9,-4.85914,-4.51544283507017
O=c1c2ccccc2[nH]c2cc3c(=O)c4ccccc4[nH]c3cc12,O,473.9,-4.73579,-4.383151731892614
O=c1c2ccccc2[nH]c2cc3c(=O)c4ccccc4[nH]c3cc12,O,498.6,-4.3874,-4.122136464320434
O=c1c2ccccc2[nH]c2cc3c(=O)c4ccccc4[nH]c3cc12,O,508.2,-4.11691,-4.03723888279055
O=c1c2ccccc2[nH]c2cc3c(=O)c4ccccc4[nH]c3cc12,O,522.5,-3.71518,-3.928969629942535
O=c1c2ccccc2[nH]c2cc3c(=O)c4ccccc4[nH]c3cc12,O,549.0,-3.38905,-3.7891203152536095
O=c1c2ccccc2[nH]c2cc3c(=O)c4ccccc4[nH]c3cc12,O,563.5,-3.08336,-3.749954350757996
O=c1c2ccccc2[nH]c2cc3c(=O)c4ccccc4[nH]c3cc12,O,573.0,-2.86333,-3.741081211398309
O=c1c2ccccc2[nH]c2cc3c(=O)c4ccccc4[nH]c3cc12,O,583.5,-2.6722099999999998,-3.749375679716535
O=c1c2ccccc2[nH]c2cc3c(=O)c4ccccc4[nH]c3cc12,O,592.9,-2.39866,-3.7759883515947026
c1ccc(-c2c3ccccc3cc3ccccc23)cc1,O,313.2,-7.37985,-5.841860022045183
c1ccc(-c2c3ccccc3cc3ccccc23)cc1,O,333.2,-6.726360000000001,-5.1247586879027445
c1ccc(-c2c3ccccc3cc3ccccc23)cc1,O,353.2,-6.20359,-4.43663796487521
c1ccc(-c2c3ccccc3cc3ccccc23)cc1,O,373.2,-5.66485,-3.779287536445335
c1ccc(-c2c3ccccc3cc3ccccc23)cc1,O,393.2,-5.05318,-3.153765862152004
c1ccc(-c2c3ccccc3cc3ccccc23)cc1,O,413.2,-4.46716,-2.5606485526154454
c1ccc(-c2c3ccccc3cc3ccccc23)cc1,O,423.2,-4.21877,-2.2763346282784553
CN(C)CCC[C@@]1(c2ccc(F)cc2)OCc2cc(C#N)ccc21,O,298.0,-1.22265,-3.504042362613445
CN(C)CCC[C@@]1(c2ccc(F)cc2)OCc2cc(C#N)ccc21,O,323.0,-0.75835,-2.733063878201933
CN(C)CCC[C@@]1(c2ccc(F)cc2)OCc2cc(C#N)ccc21,O,348.0,-0.36411,-1.9789413039000396
CN(C)CCC[C@@]1(c2ccc(F)cc2)OCc2cc(C#N)ccc21,O,373.0,-0.062229999999999994,-1.2536113364538397
CN(C)CCC[C@@]1(c2ccc(F)cc2)OCc2cc(C#N)ccc21,O,398.0,0.06673,-0.565077073009141
CC(=O)O[C@]1(C(C)=O)CC[C@H]2[C@@H]3C=C(C)C4=CC(=O)CC[C@]4(C)[C@H]3CC[C@@]21C,O,383.15,-3.8511599999999997,-1.5182121920198686
CC(=O)O[C@]1(C(C)=O)CC[C@H]2[C@@H]3C=C(C)C4=CC(=O)CC[C@]4(C)[C@H]3CC[C@@]21C,O,393.15,-3.71795,-1.113322342600255
CC(=O)O[C@]1(C(C)=O)CC[C@H]2[C@@H]3C=C(C)C4=CC(=O)CC[C@]4(C)[C@H]3CC[C@@]21C,O,403.15,-3.24071,-0.7183785733653201
CC(=O)O[C@]1(C(C)=O)CC[C@H]2[C@@H]3C=C(C)C4=CC(=O)CC[C@]4(C)[C@H]3CC[C@@]21C,O,413.15,-3.00604,-0.3336581276090955
CC(=O)O[C@]1(C(C)=O)CC[C@H]2[C@@H]3C=C(C)C4=CC(=O)CC[C@]4(C)[C@H]3CC[C@@]21C,O,423.15,-2.74892,0.04059376258964775
CC(=O)O[C@]1(C(C)=O)CC[C@H]2[C@@H]3C=C(C)C4=CC(=O)CC[C@]4(C)[C@H]3CC[C@@]21C,O,433.15,-2.5021400000000003,0.4041539328021724
CC(=O)O[C@]1(C(C)=O)CC[C@H]2[C@@H]3C=C(C)C4=CC(=O)CC[C@]4(C)[C@H]3CC[C@@]21C,O,443.15,-2.31097,0.7568116075435052
CCCC1O[C@@H]2C[C@H]3[C@@H]4CCC5=CC(=O)C=C[C@]5(C)[C@H]4[C@@H](O)C[C@]3(C)[C@]2(C(=O)CO)O1,O,293.2,-4.44129,-4.383444603913456
CCCC1O[C@@H]2C[C@H]3[C@@H]4CCC5=CC(=O)C=C[C@]5(C)[C@H]4[C@@H](O)C[C@]3(C)[C@]2(C(=O)CO)O1,O,298.2,-4.38722,-4.089731858984926
CCCC1O[C@@H]2C[C@H]3[C@@H]4CCC5=CC(=O)C=C[C@]5(C)[C@H]4[C@@H](O)C[C@]3(C)[C@]2(C(=O)CO)O1,O,303.2,-4.284,-3.7998767703732517
CCCC1O[C@@H]2C[C@H]3[C@@H]4CCC5=CC(=O)C=C[C@]5(C)[C@H]4[C@@H](O)C[C@]3(C)[C@]2(C(=O)CO)O1,O,308.2,-4.22695,-3.5138900404970936
CCCC1O[C@@H]2C[C@H]3[C@@H]4CCC5=CC(=O)C=C[C@]5(C)[C@H]4[C@@H](O)C[C@]3(C)[C@]2(C(=O)CO)O1,O,313.2,-4.1719800000000005,-3.2317782421660604
CCCC1O[C@@H]2C[C@H]3[C@@H]4CCC5=CC(=O)C=C[C@]5(C)[C@H]4[C@@H](O)C[C@]3(C)[C@]2(C(=O)CO)O1,O,298.0,-4.18709,-4.101406388039326
CCCC1O[C@@H]2C[C@H]3[C@@H]4CCC5=CC(=O)C=C[C@]5(C)[C@H]4[C@@H](O)C[C@]3(C)[C@]2(C(=O)CO)O1,O,373.0,-3.52221,-0.15667955368880593
CCCC1O[C@@H]2C[C@H]3[C@@H]4CCC5=CC(=O)C=C[C@]5(C)[C@H]4[C@@H](O)C[C@]3(C)[C@]2(C(=O)CO)O1,O,403.0,-3.0975900000000003,1.1818184349746232
CCCC1O[C@@H]2C[C@H]3[C@@H]4CCC5=CC(=O)C=C[C@]5(C)[C@H]4[C@@H](O)C[C@]3(C)[C@]2(C(=O)CO)O1,O,413.0,-2.96549,1.5983337532795998
CCCC1O[C@@H]2C[C@H]3[C@@H]4CCC5=CC(=O)C=C[C@]5(C)[C@H]4[C@@H](O)C[C@]3(C)[C@]2(C(=O)CO)O1,O,423.0,-2.82892,2.0001550976334874
CCCC1O[C@@H]2C[C@H]3[C@@H]4CCC5=CC(=O)C=C[C@]5(C)[C@H]4[C@@H](O)C[C@]3(C)[C@]2(C(=O)CO)O1,O,433.0,-2.56553,2.387330547179001
CCCC1O[C@@H]2C[C@H]3[C@@H]4CCC5=CC(=O)C=C[C@]5(C)[C@H]4[C@@H](O)C[C@]3(C)[C@]2(C(=O)CO)O1,O,443.0,-2.52084,2.7598792990830185
CCCC1O[C@@H]2C[C@H]3[C@@H]4CCC5=CC(=O)C=C[C@]5(C)[C@H]4[C@@H](O)C[C@]3(C)[C@]2(C(=O)CO)O1,O,453.0,-2.48133,3.117784481157165
CCCC1O[C@@H]2C[C@H]3[C@@H]4CCC5=CC(=O)C=C[C@]5(C)[C@H]4[C@@H](O)C[C@]3(C)[C@]2(C(=O)CO)O1,O,473.0,-2.3246900000000004,3.7893636444590593
CCC(=O)OCC(=O)[C@@]1(OC(=O)CC)[C@@H](C)C[C@H]2[C@@H]3CCC4=CC(=O)C=C[C@]4(C)[C@@]3(Cl)[C@@H](O)C[C@@]21C,O,383.15,-3.98149,1.2302902581341586
CCC(=O)OCC(=O)[C@@]1(OC(=O)CC)[C@@H](C)C[C@H]2[C@@H]3CCC4=CC(=O)C=C[C@]4(C)[C@@]3(Cl)[C@@H](O)C[C@@]21C,O,393.15,-3.92443,1.8247350414607224
CCC(=O)OCC(=O)[C@@]1(OC(=O)CC)[C@@H](C)C[C@H]2[C@@H]3CCC4=CC(=O)C=C[C@]4(C)[C@@]3(Cl)[C@@H](O)C[C@@]21C,O,403.15,-3.7847800000000005,2.4004002570294283
CCC(=O)OCC(=O)[C@@]1(OC(=O)CC)[C@@H](C)C[C@H]2[C@@H]3CCC4=CC(=O)C=C[C@]4(C)[C@@]3(Cl)[C@@H](O)C[C@@]21C,O,413.15,-3.6406400000000003,2.9575179776876706
CCC(=O)OCC(=O)[C@@]1(OC(=O)CC)[C@@H](C)C[C@H]2[C@@H]3CCC4=CC(=O)C=C[C@]4(C)[C@@]3(Cl)[C@@H](O)C[C@@]21C,O,423.15,-3.37365,3.4963002723921317
CCC(=O)OCC(=O)[C@@]1(OC(=O)CC)[C@@H](C)C[C@H]2[C@@H]3CCC4=CC(=O)C=C[C@]4(C)[C@@]3(Cl)[C@@H](O)C[C@@]21C,O,433.15,-3.15918,4.016933869760493
CCC(=O)OCC(=O)[C@@]1(OC(=O)CC)[C@@H](C)C[C@H]2[C@@H]3CCC4=CC(=O)C=C[C@]4(C)[C@@]3(Cl)[C@@H](O)C[C@@]21C,O,443.15,-2.9782599999999997,4.519574229916405
CC[C@H]1OC(=O)[C@H](C)[C@@H](O[C@H]2C[C@@](C)(OC)[C@@H](O)[C@H](C)O2)[C@H](C)[C@@H](O[C@@H]2O[C@H](C)C[C@H](N(C)C)[C@H]2O)[C@](C)(OC)C[C@@H](C)C(=O)[C@H](C)[C@@H](O)[C@]1(C)O,O,383.15,-1.73043,11.343441697149265
CC[C@H]1OC(=O)[C@H](C)[C@@H](O[C@H]2C[C@@](C)(OC)[C@@H](O)[C@H](C)O2)[C@H](C)[C@@H](O[C@@H]2O[C@H](C)C[C@H](N(C)C)[C@H]2O)[C@](C)(OC)C[C@@H](C)C(=O)[C@H](C)[C@@H](O)[C@]1(C)O,O,393.15,-1.6378,12.729670311750784
CC[C@H]1OC(=O)[C@H](C)[C@@H](O[C@H]2C[C@@](C)(OC)[C@@H](O)[C@H](C)O2)[C@H](C)[C@@H](O[C@@H]2O[C@H](C)C[C@H](N(C)C)[C@H]2O)[C@](C)(OC)C[C@@H](C)C(=O)[C@H](C)[C@@H](O)[C@]1(C)O,O,403.15,-1.5891899999999999,14.069059535135366
CC[C@H]1OC(=O)[C@H](C)[C@@H](O[C@H]2C[C@@](C)(OC)[C@@H](O)[C@H](C)O2)[C@H](C)[C@@H](O[C@@H]2O[C@H](C)C[C@H](N(C)C)[C@H]2O)[C@](C)(OC)C[C@@H](C)C(=O)[C@H](C)[C@@H](O)[C@]1(C)O,O,413.15,-1.4963799999999998,15.362924968538774
CC[C@H]1OC(=O)[C@H](C)[C@@H](O[C@H]2C[C@@](C)(OC)[C@@H](O)[C@H](C)O2)[C@H](C)[C@@H](O[C@@H]2O[C@H](C)C[C@H](N(C)C)[C@H]2O)[C@](C)(OC)C[C@@H](C)C(=O)[C@H](C)[C@@H](O)[C@]1(C)O,O,423.15,-6.32218,16.61247155183466
CC[C@H]1OC(=O)[C@H](C)[C@@H](O[C@H]2C[C@@](C)(OC)[C@@H](O)[C@H](C)O2)[C@H](C)[C@@H](O[C@@H]2O[C@H](C)C[C@H](N(C)C)[C@H]2O)[C@](C)(OC)C[C@@H](C)C(=O)[C@H](C)[C@@H](O)[C@]1(C)O,O,433.15,-1.12406,17.818792177783173
CC[C@H]1OC(=O)[C@H](C)[C@@H](O[C@H]2C[C@@](C)(OC)[C@@H](O)[C@H](C)O2)[C@H](C)[C@@H](O[C@@H]2O[C@H](C)C[C@H](N(C)C)[C@H]2O)[C@](C)(OC)C[C@@H](C)C(=O)[C@H](C)[C@@H](O)[C@]1(C)O,O,443.15,-0.9475899999999999,18.982864520044284
CC1=C(/C=C/C(C)=C/C=C/C(C)=C/C=C/C=C(C)/C=C/C=C(C)/C=C/C2=C(C)CCCC2(C)C)C(C)(C)CCC1,O,298.15,-6.221509999999999,-7.5294820821938195
CC1=C(/C=C/C(C)=C/C=C/C(C)=C/C=C/C=C(C)/C=C/C=C(C)/C=C/C2=C(C)CCCC2(C)C)C(C)(C)CCC1,O,363.15,-4.8999,-2.3560508317361624
CC1=C(/C=C/C(C)=C/C=C/C(C)=C/C=C/C=C(C)/C=C/C=C(C)/C=C/C2=C(C)CCCC2(C)C)C(C)(C)CCC1,O,373.15,-4.68032,-1.571501859948003
CC1=C(/C=C/C(C)=C/C=C/C(C)=C/C=C/C=C(C)/C=C/C=C(C)/C=C/C2=C(C)CCCC2(C)C)C(C)(C)CCC1,O,383.15,-4.48873,-0.796196935602282
CC1=C(/C=C/C(C)=C/C=C/C(C)=C/C=C/C=C(C)/C=C/C=C(C)/C=C/C2=C(C)CCCC2(C)C)C(C)(C)CCC1,O,393.15,-4.25799,-0.0315855836681731
CC1=C(/C=C/C(C)=C/C=C/C(C)=C/C=C/C=C(C)/C=C/C=C(C)/C=C/C2=C(C)CCCC2(C)C)C(C)(C)CCC1,O,403.15,-4.20895,0.7210928417530242
CC(C)(C)c1cc2c(O)c(c1)Cc1cc(C(C)(C)C)cc(c1O)Cc1cc(C(C)(C)C)cc(c1O)Cc1cc(C(C)(C)C)cc(c1O)C2,O,433.2,-6.655810000000001,7.597376554662103
CC(C)(C)c1cc2c(O)c(c1)Cc1cc(C(C)(C)C)cc(c1O)Cc1cc(C(C)(C)C)cc(c1O)Cc1cc(C(C)(C)C)cc(c1O)C2,O,453.2,-6.08601,9.289704177146774
CC(C)(C)c1cc2c(O)c(c1)Cc1cc(C(C)(C)C)cc(c1O)Cc1cc(C(C)(C)C)cc(c1O)Cc1cc(C(C)(C)C)cc(c1O)C2,O,473.2,-5.45567,10.865427697889565
CC(C)(C)c1cc2c(O)c(c1)Cc1cc(C(C)(C)C)cc(c1O)Cc1cc(C(C)(C)C)cc(c1O)Cc1cc(C(C)(C)C)cc(c1O)C2,O,493.2,-4.672619999999999,12.32554018013239
CC(C)(C)c1cc2c(O)c(c1)Cc1cc(C(C)(C)C)cc(c1O)Cc1cc(C(C)(C)C)cc(c1O)Cc1cc(C(C)(C)C)cc(c1O)C2,O,513.2,-3.94202,13.659849877748321
O=c1[nH]cc(F)c(=O)[nH]1,O,298.0,-1.0279200000000002,-1.3568305211918652
O=c1[nH]cc(F)c(=O)[nH]1,O,323.0,-0.7986300000000001,-1.5394635797825915
O=c1[nH]cc(F)c(=O)[nH]1,O,373.0,-0.4798,-1.8558561897425463
O=c1[nH]cc(F)c(=O)[nH]1,O,423.0,-0.19902999999999998,-2.1463063227973587
O=c1[nH]cc(F)c(=O)[nH]1,O,448.0,-0.10052,-2.2938285007396635
O=c1[nH]cc(F)c(=O)[nH]1,O,473.0,-0.00485,-2.4488355556720496
O=C(O)CCCCC(=O)O,CC(=O)O,297.93,-0.45625,-0.2629586337509609
O=C(O)CCCCC(=O)O,CC(=O)O,302.7,-0.35955,-0.1881507573902949
O=C(O)CCCCC(=O)O,CC(=O)O,306.65,-0.30365,-0.12546927164390068
O=C(O)CCCCC(=O)O,CC(=O)O,311.67,-0.22298,-0.045025744690852465
O=C(O)CCCCC(=O)O,CC(=O)O,315.2,-0.16349,0.011964884457347114
O=C(O)CCCCC(=O)O,CC(=O)O,319.33,-0.1041,0.0789859982706751
O=C(O)CCCCC(=O)O,CC(=O)O,323.49,-0.039080000000000004,0.1467727541669448
O=C(O)CCCCC(=O)O,CC(=O)O,326.57,0.0070599999999999994,0.1970848775704941
O=C(O)CCCCC(=O)O,CC(=O)O,329.3,0.04765,0.24173437957359678
O=C(O)CCCCC(=O)O,CC(=O)O,332.85,0.09681000000000001,0.299829897041461
O=C(O)CCCCC(=O)O,CC(=O)O,335.77,0.16204000000000002,0.34761148264223773
O=C(O)CCCCC(=O)O,CC(=O)O,339.55,0.2171,0.40941247223522603
O=C(O)CCCCC(=O)O,CC(=O)O,344.53,0.27171,0.490651886111813
O=C(O)CCCCC(=O)O,CC(=O)O,347.65,0.31705,0.5413940178793426
O=C(O)CCCCC(=O)O,CC(=O)O,303.0,-0.33502,-0.18341182279823112
O=C(O)CCCCC(=O)O,CC(=O)O,313.0,-0.18156,-0.023589671209841456
O=C(O)CCCCC(=O)O,CC(=O)O,323.0,0.02632,0.1387768802785912
O=C(O)CCCCC(=O)O,CC(=O)O,333.0,0.19213,0.30228480884420317
O=C(O)CCCCC(=O)O,CC(=O)O,343.0,0.33708,0.4657211390615945
O=C(O)CCCCC(=O)O,CC(=O)O,353.0,0.45025,0.6280300645425865
O=C(O)CCCCC(=O)O,CC(=O)O,363.0,0.62524,0.7882853687894475
O=C(O)CCCCC(=O)O,CC(=O)O,373.0,0.75553,0.9456667914727219
O=C(O)CCCCC(=O)O,CC(=O)O,383.0,0.8740000000000001,1.0994392776486757
O=C(O)CCCCC(=O)O,O=C1CCCCC1,292.75,-0.9929600000000001,-0.8396645751935339
O=C(O)CCCCC(=O)O,O=C1CCCCC1,294.55,-0.97006,-0.8145321061435639
O=C(O)CCCCC(=O)O,O=C1CCCCC1,297.23,-0.86451,-0.7765308579604345
O=C(O)CCCCC(=O)O,O=C1CCCCC1,298.75,-0.84072,-0.7546830930721099
O=C(O)CCCCC(=O)O,O=C1CCCCC1,302.35,-0.79998,-0.702139613784594
O=C(O)CCCCC(=O)O,O=C1CCCCC1,304.09,-0.77672,-0.6763632922324387
O=C(O)CCCCC(=O)O,O=C1CCCCC1,312.55,-0.6306,-0.547897876422459
O=C(O)CCCCC(=O)O,O=C1CCCCC1,318.4,-0.47607,-0.4564300006301262
O=C(O)CCCCC(=O)O,O=C1CCCCC1,327.55,-0.35414,-0.30993488428898225
O=C(O)CCCCC(=O)O,O=C1CCCCC1,339.05,-0.17248,-0.12140471166351952
O=C(O)CCCCC(=O)O,O=C1CCCCC1,349.85,0.0163,0.05852466153576441
O=C(O)CCCCC(=O)O,O=C1CCCCC1,355.15,0.12637,0.14740720343281344
O=C(O)CCCCC(=O)O,O=C1CCCCC1,303.0,-0.8996700000000001,-0.6925384956214287
O=C(O)CCCCC(=O)O,O=C1CCCCC1,313.0,-0.7339100000000001,-0.5409320539519699
O=C(O)CCCCC(=O)O,O=C1CCCCC1,323.0,-0.5081100000000001,-0.38324904597242115
O=C(O)CCCCC(=O)O,O=C1CCCCC1,333.0,-0.31951,-0.22109251271229713
O=C(O)CCCCC(=O)O,O=C1CCCCC1,343.0,-0.13334000000000001,-0.05583969392162724
O=C(O)CCCCC(=O)O,O=C1CCCCC1,353.0,0.00527,0.11132064865491786
O=C(O)CCCCC(=O)O,O=C1CCCCC1,363.0,0.15186,0.27935782437790424
O=C(O)CCCCC(=O)O,O=C1CCCCC1,373.0,0.28565,0.4473742007967201
O=C(O)CCCCC(=O)O,O=C1CCCCC1,383.0,0.38031,0.6145843857114186
O=C(O)CCCCC(=O)O,O=C1CCCCC1,393.0,0.46798,0.7802976644847626
O=C(O)CCCCC(=O)O,OC1CCCCC1,298.8,-1.79332,-0.47899526147259563
O=C(O)CCCCC(=O)O,OC1CCCCC1,301.35,-0.9913799999999999,-0.43812874292171616
O=C(O)CCCCC(=O)O,OC1CCCCC1,306.43,-0.7568199999999999,-0.3558521849103832
O=C(O)CCCCC(=O)O,OC1CCCCC1,308.75,-0.58822,-0.3179376324908937
O=C(O)CCCCC(=O)O,OC1CCCCC1,311.95,-0.42448,-0.2653374234611965
O=C(O)CCCCC(=O)O,OC1CCCCC1,317.65,-0.27408000000000005,-0.17089747472594446
O=C(O)CCCCC(=O)O,OC1CCCCC1,322.9,-0.17600000000000002,-0.08323961873871233
O=C(O)CCCCC(=O)O,OC1CCCCC1,329.45,-0.07101,0.02676663157372894
O=C(O)CCCCC(=O)O,OC1CCCCC1,334.75,-0.00105,0.11611006772567434
O=C(O)CCCCC(=O)O,OC1CCCCC1,340.1,0.06519,0.20643585064958025
O=C(O)CCCCC(=O)O,OC1CCCCC1,344.9,0.12732000000000002,0.2874813718791599
O=C(O)CCCCC(=O)O,OC1CCCCC1,352.47,0.21581999999999998,0.4150769315017715
O=C(O)CCCCC(=O)O,OC1CCCCC1,303.0,-0.8433799999999999,-0.41152505478263907
O=C(O)CCCCC(=O)O,OC1CCCCC1,313.0,-0.48322,-0.24800782641936994
O=C(O)CCCCC(=O)O,OC1CCCCC1,323.0,-0.20225,-0.08156485386255696
O=C(O)CCCCC(=O)O,OC1CCCCC1,333.0,-0.0618,0.08658771148183986
O=C(O)CCCCC(=O)O,OC1CCCCC1,343.0,0.11043,0.25540675706401594
O=C(O)CCCCC(=O)O,OC1CCCCC1,353.0,0.21195999999999998,0.4239930076146313
O=C(O)CCCCC(=O)O,OC1CCCCC1,363.0,0.32665,0.5915672814425743
O=C(O)CCCCC(=O)O,OC1CCCCC1,373.0,0.43627,0.7574509511789571
O=C(O)CCCCC(=O)O,OC1CCCCC1,383.0,0.54482,0.9210496169414142
O=C(O)CCCCC(=O)O,OC1CCCCC1,393.0,0.6303300000000001,1.0818392248702497
O=C(O)CCCCC(=O)O,O,278.15,-1.1622,-0.8398933757216442
O=C(O)CCCCC(=O)O,O,283.15,-1.09968,-0.7459076200407897
O=C(O)CCCCC(=O)O,O,288.15,-0.96468,-0.6513934670900781
O=C(O)CCCCC(=O)O,O,293.15,-0.87687,-0.5565016877469705
O=C(O)CCCCC(=O)O,O,298.15,-0.76807,-0.46137184120004227
O=C(O)CCCCC(=O)O,O,303.15,-0.67483,-0.3661329248933574
O=C(O)CCCCC(=O)O,O,308.15,-0.57911,-0.2709041140264934
O=C(O)CCCCC(=O)O,O,313.15,-0.46453999999999995,-0.17579551657326253
O=C(O)CCCCC(=O)O,O,318.15,-0.33205999999999997,-0.08090890643489929
O=C(O)CCCCC(=O)O,O,323.15,-0.22261999999999998,0.013661583081051643
O=C(O)CCCCC(=O)O,O,328.15,-0.07667,0.10782881274103895
O=C(O)CCCCC(=O)O,O,333.15,0.07569,0.20151203956582875
O=C(O)CCCCC(=O)O,O,338.15,0.13099,0.29463636657016823
O=C(O)CCCCC(=O)O,O,303.0,-0.65352,-0.36899051763132484
O=C(O)CCCCC(=O)O,O,313.0,-0.47818999999999995,-0.17864603352463249
O=C(O)CCCCC(=O)O,O,323.0,-0.30261,0.010829916832124309
O=C(O)CCCCC(=O)O,O,333.0,-0.08338,0.19870931422863014
O=C(O)CCCCC(=O)O,O,343.0,0.08661,0.3843671348084994
O=C(O)CCCCC(=O)O,O,353.0,0.23699,0.5672643763241292
O=C(O)CCCCC(=O)O,O,363.0,0.34421999999999997,0.7469337649808268
O=C(O)CCCCC(=O)O,O,373.0,0.42841999999999997,0.9229677398784297
O=C(O)CCCCC(=O)O,O,383.0,0.5069,1.0950083123391219
O=C(O)CCCCC(=O)O,O,393.0,0.57699,1.2627384107633293
O=C(O)CCCCC(=O)O,O,403.0,0.66109,1.4258743320680018
CCNc1nc(Cl)nc(NCC)n1,O,323.0,-4.07292,-3.5697720679994824
CCNc1nc(Cl)nc(NCC)n1,O,348.0,-3.58736,-3.3390016898102344
CCNc1nc(Cl)nc(NCC)n1,O,373.0,-2.92315,-3.0585101416304297
O=C(O)c1ccccc1,CN(C)C=O,294.75,1.051,0.6982205879868105
O=C(O)c1ccccc1,CN(C)C=O,298.75,1.0637,0.7099804068797302
O=C(O)c1ccccc1,CN(C)C=O,301.05,1.07125,0.7173522420732868
O=C(O)c1ccccc1,CN(C)C=O,302.15,1.07726,0.7210279982392456
O=C(O)c1ccccc1,CN(C)C=O,306.35,1.08732,0.7359131765439589
O=C(O)c1ccccc1,CN(C)C=O,310.05,1.09884,0.7500792022831877
O=C(O)c1ccccc1,CN(C)C=O,312.15,1.10602,0.7585297480114235
O=C(O)c1ccccc1,CN(C)C=O,316.55,1.1214,0.7771348506043514
O=C(O)c1ccccc1,CN(C)C=O,319.35,1.13267,0.7895688436992329
O=C(O)c1ccccc1,CN(C)C=O,323.35,1.14893,0.808072535428614
O=C(O)c1ccccc1,CN(C)C=O,325.65,1.15792,0.8190816252382976
O=C(O)c1ccccc1,CN(C)C=O,329.05,1.17216,0.8358157188182763
O=C(O)c1ccccc1,CN(C)C=O,331.85,1.18698,0.849982778245169
O=C(O)c1ccccc1,CN(C)C=O,336.45,1.21012,0.873952703006929
O=C(O)c1ccccc1,CN(C)C=O,340.05,1.22795,0.8932631905610928
O=C(O)c1ccccc1,CN(C)C=O,343.35,1.2490299999999999,0.9113500649656325
O=C(O)c1ccccc1,CN(C)C=O,346.05,1.26855,0.9264002474870184
O=C(O)c1ccccc1,CN(C)C=O,348.75,1.2891700000000001,0.941659451035084
O=C(O)c1ccccc1,CN(C)C=O,351.25,1.30759,0.9559609549499284
O=C(O)c1ccccc1,CN(C)C=O,355.55,1.3487799999999999,0.9809120060284211
O=C(O)c1ccccc1,CN(C)C=O,358.05,1.3731,0.9956037552766606
O=C(O)c1ccccc1,CN(C)C=O,362.85,1.42314,1.0241457047661178
O=C(O)c1ccccc1,CN(C)C=O,366.85,1.4742600000000001,1.0482210591544592
O=C(O)c1ccccc1,CN(C)C=O,369.65,1.51825,1.065207000586886
O=C(O)c1ccccc1,O,281.15,-1.75875,-1.8700347677452203
O=C(O)c1ccccc1,O,295.65,-1.52701,-1.683323814482985
O=C(O)c1ccccc1,O,300.15,-1.47002,-1.6237816690314975
O=C(O)c1ccccc1,O,305.15,-1.40256,-1.5569500270418741
O=C(O)c1ccccc1,O,309.65,-1.39408,-1.496295812310624
O=C(O)c1ccccc1,O,318.15,-1.23225,-1.3807266454737563
O=C(O)c1ccccc1,O,333.15,-1.01811,-1.1749395776509828
O=C(O)c1ccccc1,O,337.15,-0.92753,-1.1199198054525654
O=C(O)c1ccccc1,O,297.75,-1.56171,-1.6556155193891895
O=C(O)c1ccccc1,O,315.55,-1.2905200000000001,-1.4161928142765512
O=C(O)c1ccccc1,O,330.95,-1.05244,-1.2051943296322207
O=C(O)c1ccccc1,O,347.25,-0.7762899999999999,-0.9811653619206417
O=C(O)c1ccccc1,O,356.25,-0.59496,-0.8580955793435344
O=C(O)c1ccccc1,O,361.45,-0.48058,-0.787384938278382
O=C(O)c1ccccc1,O,366.35,-0.3308,-0.7210910074802802
O=C(O)c1ccccc1,O,298.0,-0.90922,-1.652307587872183
O=C(O)c1ccccc1,O,323.0,-0.57113,-1.3143620244478609
O=C(O)c1ccccc1,O,348.0,-0.22449000000000002,-0.9708830428944218
O=C(O)c1ccccc1,O,373.0,0.35011,-0.6317334544770323
O=C(O)c1ccccc1,O,393.15,-0.08904,-0.36633778322166566
O=C(O)c1ccccc1,O,383.15,-0.25885,-0.49694146876077494
O=C(O)c1ccccc1,O,373.15,-0.30993000000000004,-0.6297267921182408
O=C(O)c1ccccc1,O,363.15,-0.46907,-0.7643452388894945
O=C(O)c1ccccc1,O,353.15,-0.64393,-0.9004001296347433
O=C(O)c1ccccc1,O,343.15,-0.83601,-1.03743819160713
O=C(O)c1ccccc1,O,333.15,-1.00462,-1.1749395776509828
O=C(O)c1ccccc1,O,323.15,-1.1048,-1.3123059608247507
O=C(O)c1ccccc1,O,313.15,-1.30915,-1.4488463201137505
O=C(O)c1ccccc1,O,303.15,-1.46476,-1.5837600333275603
O=C(O)c1ccccc1,O,299.35,-1.45919,-1.6344119211555475
O=C(O)c1ccccc1,O,304.75,-1.41783,-1.5623197892213194
O=C(O)c1ccccc1,O,310.05,-1.37029,-1.4908842268916065
O=C(O)c1ccccc1,O,316.95,-1.29456,-1.3971065983346234
O=C(O)c1ccccc1,O,321.25,-1.25502,-1.3383350039882385
O=C(O)c1ccccc1,O,326.85,-1.16953,-1.261537702551185
O=C(O)c1ccccc1,O,332.45,-1.0624200000000001,-1.1845670860166835
O=C(O)c1ccccc1,O,337.75,-0.9568399999999999,-1.1116675599725756
O=C(O)c1ccccc1,O,343.25,-0.8501299999999999,-1.0360645904653087
O=C(O)c1ccccc1,O,349.15,-0.73368,-0.9551248758650622
O=C(O)c1ccccc1,O,355.35,-0.6008600000000001,-0.87036692269096
O=C(O)c1ccccc1,O,360.65,-0.47948999999999997,-0.7982409630650776
O=C(O)c1ccccc1O,O,283.15,-2.06245,-1.7036039186193144
O=C(O)c1ccccc1O,O,288.15,-2.00283,-1.642905517944624
O=C(O)c1ccccc1O,O,293.15,-1.93815,-1.5810246705404698
O=C(O)c1ccccc1O,O,298.15,-1.8637400000000002,-1.5181202490739383
O=C(O)c1ccccc1O,O,303.15,-1.7744099999999998,-1.4543396319963962
O=C(O)c1ccccc1O,O,308.15,-1.69278,-1.389819482597183
O=C(O)c1ccccc1O,O,313.15,-1.60359,-1.324686540785864
O=C(O)c1ccccc1O,O,318.15,-1.5186,-1.2590583903294825
O=C(O)c1ccccc1O,O,323.15,-1.42668,-1.1930441838414283
O=C(O)c1ccccc1O,O,298.0,-1.5851600000000001,-1.520020839435463
O=C(O)c1ccccc1O,O,323.0,-0.45045,-1.1950292402104261
O=C(O)c1ccccc1O,O,348.0,-0.14102,-0.8624885967827008
O=C(O)c1ccccc1O,O,373.0,0.02213,-0.5328137089715874
O=C(O)c1ccccc1O,O,398.0,0.6693,-0.21338887286953634
O=C(O)c1ccccc1O,O,423.0,0.75746,0.09041090155441611
O=C(O)c1ccc(O)c(O)c1,O,293.15,-0.92843,-1.3520578302841948
O=C(O)c1ccc(O)c(O)c1,O,298.15,-0.90785,-1.2998452683490598
O=C(O)c1ccc(O)c(O)c1,O,303.15,-0.89733,-1.2454381247451494
O=C(O)c1ccc(O)c(O)c1,O,308.15,-0.88065,-1.1890761464724164
O=C(O)c1ccc(O)c(O)c1,O,313.15,-0.8701200000000001,-1.1309817648642035
O=C(O)c1ccc(O)c(O)c1,O,318.15,-0.8527899999999999,-1.071361506345367
O=C(O)c1ccc(O)c(O)c1,O,298.75,-0.71925,-1.2934273908391334
O=C(O)c1ccc(O)c(O)c1,O,314.65,-0.54119,-1.1132469004661456
O=C(O)c1ccc(O)c(O)c1,O,334.95,-0.2085,-0.8622713205672448
O=C(O)c1ccc(O)c(O)c1,O,355.25,0.055439999999999996,-0.5982072101206815
O=C(O)c1ccc(O)c(O)c1,O,375.35,0.2967,-0.33230856231137806
O=C(O)c1ccc(O)c(O)c1,O,395.65,0.70058,-0.06587128576438195
O=C(O)c1ccc(O)c(O)c1,O,415.85,0.8842899999999999,0.19197162621401653
O.O=C(O)c1cc(O)c(O)c(O)c1,O,298.75,-1.16029,-0.9601824355312952
O.O=C(O)c1cc(O)c(O)c(O)c1,O,314.65,-0.87629,-0.7059935266216434
O.O=C(O)c1cc(O)c(O)c(O)c1,O,334.95,-0.35151,-0.39393269254817453
O.O=C(O)c1cc(O)c(O)c(O)c1,O,355.25,0.05005,-0.09855009170366147
O.O=C(O)c1cc(O)c(O)c(O)c1,O,375.35,0.45168,0.1752230776212007
O.O=C(O)c1cc(O)c(O)c(O)c1,O,395.65,0.72577,0.43094528319919845
O.O=C(O)c1cc(O)c(O)c(O)c1,O,415.85,1.18365,0.663016555825132
N#Cc1c(Cl)c(Cl)c(Cl)c(C#N)c1Cl,O,298.0,-8.00127,-5.55536614997865
N#Cc1c(Cl)c(Cl)c(Cl)c(C#N)c1Cl,O,323.0,-7.35769,-4.9547082874912425
N#Cc1c(Cl)c(Cl)c(Cl)c(C#N)c1Cl,O,373.0,-5.827030000000001,-3.719801885934103
N#Cc1c(Cl)c(Cl)c(Cl)c(C#N)c1Cl,O,423.0,-4.32014,-2.536662585926805
N#Cc1c(Cl)c(Cl)c(Cl)c(C#N)c1Cl,O,473.0,-2.9520299999999997,-1.469154456035807
CCNc1nc(Cl)nc(NC(C)C)n1,O,323.0,-4.4875300000000005,-3.6497486215018204
CCNc1nc(Cl)nc(NC(C)C)n1,O,348.0,-3.01041,-3.360371662698509
CCNc1nc(Cl)nc(NC(C)C)n1,O,373.0,-2.63366,-3.0178628094409374
CCNc1nc(Cl)nc(NC(C)C)n1,O,398.0,-2.08221,-2.647848383895636
CCNc1nc(Cl)nc(NC(C)C)n1,O,398.0,-2.08465,-2.647848383895636
O=Cc1ccc(C(=O)O)cc1,CC(=O)O,293.15,-1.7643900000000001,-1.183866618051823
O=Cc1ccc(C(=O)O)cc1,CC(=O)O,298.15,-1.71163,-1.1459996085027224
O=Cc1ccc(C(=O)O)cc1,CC(=O)O,303.15,-1.6597,-1.1075914714549229
O=Cc1ccc(C(=O)O)cc1,CC(=O)O,308.15,-1.60542,-1.068764322991762
O=Cc1ccc(C(=O)O)cc1,CC(=O)O,313.15,-1.53569,-1.0296315748357308
O=Cc1ccc(C(=O)O)cc1,CC(=O)O,318.15,-1.45805,-0.9902987458449185
O=Cc1ccc(C(=O)O)cc1,CC(=O)O,323.15,-1.38002,-0.9508641885607232
O=Cc1ccc(C(=O)O)cc1,CC(=O)O,328.15,-1.28825,-0.9114197398281616
O=Cc1ccc(C(=O)O)cc1,CC(=O)O,333.15,-1.2072100000000001,-0.8720513081568319
O=Cc1ccc(C(=O)O)cc1,CC(=O)O,338.15,-1.1255700000000002,-0.8328394086640147
O=Cc1ccc(C(=O)O)cc1,CC(=O)O,343.15,-1.0434299999999999,-0.793859650430868
O=Cc1ccc(C(=O)O)cc1,CC(=O)O,348.15,-0.95409,-0.7551831860191944
O=Cc1ccc(C(=O)O)cc1,CC(=O)O,353.15,-0.8755200000000001,-0.7168771288554856
O=Cc1ccc(C(=O)O)cc1,CC(=O)O,358.15,-0.7952600000000001,-0.6790049442632831
O=Cc1ccc(C(=O)O)cc1,CC(=O)O,363.15,-0.71477,-0.6416268165066672
O=Cc1ccc(C(=O)O)cc1,CC(=O)O,368.15,-0.62855,-0.6048000008580765
O=Cc1ccc(C(=O)O)cc1,CC(=O)O,370.65,-0.57496,-0.5866105087655281
O=Cc1ccc(C(=O)O)cc1,CC(=O)O,303.2,-1.36353,-1.1072050781649247
O=Cc1ccc(C(=O)O)cc1,CC(=O)O,323.2,-1.14814,-0.9504696451910528
O=Cc1ccc(C(=O)O)cc1,CC(=O)O,333.2,-1.06799,-0.87165828442817
O=Cc1ccc(C(=O)O)cc1,CC(=O)O,343.2,-0.97724,-0.7934712695344339
O=Cc1ccc(C(=O)O)cc1,CC(=O)O,353.2,-0.89922,-0.7164961565696358
O=Cc1ccc(C(=O)O)cc1,CC(=O)O,363.2,-0.80833,-0.6412557261486659
O=Cc1ccc(C(=O)O)cc1,CC(=O)O,373.2,-0.67355,-0.5682201888512186
O=Cc1ccc(C(=O)O)cc1,CC(=O)O,403.2,-0.5978399999999999,-0.3664837177460559
O=Cc1ccc(C(=O)O)cc1,CC(=O)O,423.2,-0.5035,-0.25023889165281155
O=Cc1ccc(C(=O)O)cc1,CC(=O)O,433.2,-0.45536000000000004,-0.19869806141716673
O=Cc1ccc(C(=O)O)cc1,CC(=O)O,443.2,-0.42708,-0.15207016850312338
O=Cc1ccc(C(=O)O)cc1,CC(=O)O,453.2,-0.34536999999999995,-0.11080085583019805
O=Cc1ccc(C(=O)O)cc1,CC(=O)O,463.2,-0.28369,-0.07540193165452913
O=Cc1ccc(C(=O)O)cc1,CC(=O)O,473.2,-0.19594,-0.046148905825192266
O=Cc1ccc(C(=O)O)cc1,CN(C)C=O,313.45,0.56485,-0.3012097614081421
O=Cc1ccc(C(=O)O)cc1,CN(C)C=O,316.55,0.57068,-0.28920524795572156
O=Cc1ccc(C(=O)O)cc1,CN(C)C=O,319.35,0.57658,-0.2779695293636162
O=Cc1ccc(C(=O)O)cc1,CN(C)C=O,322.55,0.58286,-0.2647031509642881
O=Cc1ccc(C(=O)O)cc1,CN(C)C=O,327.55,0.5958100000000001,-0.2431421432640064
O=Cc1ccc(C(=O)O)cc1,CN(C)C=O,330.85,0.60353,-0.22840668310689805
O=Cc1ccc(C(=O)O)cc1,CN(C)C=O,334.05,0.61095,-0.2137708044321107
O=Cc1ccc(C(=O)O)cc1,CN(C)C=O,336.35,0.61631,-0.20305656443088063
O=Cc1ccc(C(=O)O)cc1,CN(C)C=O,338.95,0.62216,-0.19076327673605378
O=Cc1ccc(C(=O)O)cc1,CN(C)C=O,344.55,0.63459,-0.1636960929674097
O=Cc1ccc(C(=O)O)cc1,CN(C)C=O,349.45,0.64781,-0.13943847905386186
O=Cc1ccc(C(=O)O)cc1,CN(C)C=O,351.25,0.65022,-0.1304111618836092
O=Cc1ccc(C(=O)O)cc1,CN(C)C=O,354.75,0.6583399999999999,-0.11270110203101572
O=Cc1ccc(C(=O)O)cc1,CN(C)C=O,358.25,0.66666,-0.09480782130240567
O=Cc1ccc(C(=O)O)cc1,CN(C)C=O,359.85,0.67109,-0.08657460032021347
O=Cc1ccc(C(=O)O)cc1,CN(C)C=O,364.35,0.68078,-0.06326630914112208
O=Cc1ccc(C(=O)O)cc1,CN(C)C=O,367.75,0.68934,-0.045532045969017276
O=Cc1ccc(C(=O)O)cc1,CN(C)C=O,370.35,0.69586,-0.0319146107932235
O=Cc1ccc(C(=O)O)cc1,CN(C)C=O,298.15,0.53497,-0.3525996706070169
O=Cc1ccc(C(=O)O)cc1,CN(C)C=O,303.15,0.54256,-0.3373856855475071
O=Cc1ccc(C(=O)O)cc1,CN(C)C=O,308.15,0.5543,-0.32058117553621573
O=Cc1ccc(C(=O)O)cc1,CN(C)C=O,313.15,0.5643199999999999,-0.3023460629483574
O=Cc1ccc(C(=O)O)cc1,CN(C)C=O,318.15,0.57352,-0.2828288725605379
O=Cc1ccc(C(=O)O)cc1,CN(C)C=O,323.15,0.58475,-0.26216775993763103
O=Cc1ccc(C(=O)O)cc1,CN(C)C=O,328.15,0.59777,-0.24049142924742106
O=Cc1ccc(C(=O)O)cc1,CN(C)C=O,333.15,0.60835,-0.21791995764066394
O=Cc1ccc(C(=O)O)cc1,CN(C)C=O,338.15,0.62054,-0.19456553373401142
O=Cc1ccc(C(=O)O)cc1,CN(C)C=O,343.15,0.63078,-0.1705331193923476
O=Cc1ccc(C(=O)O)cc1,CN(C)C=O,348.15,0.64426,-0.145921049402871
O=Cc1ccc(C(=O)O)cc1,CN(C)C=O,353.15,0.65455,-0.12082157422618484
O=Cc1ccc(C(=O)O)cc1,CN(C)C=O,358.15,0.66659,-0.09532134544852777
O=Cc1ccc(C(=O)O)cc1,CN(C)C=O,363.15,0.6766300000000001,-0.06950186584212564
O=Cc1ccc(C(=O)O)cc1,CN(C)C=O,368.15,0.68945,-0.04343989617113503
O=Cc1ccc(C(=O)O)cc1,CN(C)C=O,370.35,0.69595,-0.0319146107932235
O=Cc1ccc(C(=O)O)cc1,CN1CCCC1=O,296.25,0.10465,-0.17239452664596466
O=Cc1ccc(C(=O)O)cc1,CN1CCCC1=O,300.15,0.15761,-0.16585933093042604
O=Cc1ccc(C(=O)O)cc1,CN1CCCC1=O,306.35,0.23334000000000002,-0.15306648115845678
O=Cc1ccc(C(=O)O)cc1,CN1CCCC1=O,308.85,0.27234,-0.14713334511836593
O=Cc1ccc(C(=O)O)cc1,CN1CCCC1=O,312.65,0.31525,-0.13732382288184178
O=Cc1ccc(C(=O)O)cc1,CN1CCCC1=O,317.85,0.38338,-0.12245715283535911
O=Cc1ccc(C(=O)O)cc1,CN1CCCC1=O,321.65,0.42775,-0.1106179598860107
O=Cc1ccc(C(=O)O)cc1,CN1CCCC1=O,322.45,0.43578,-0.10802680216473098
O=Cc1ccc(C(=O)O)cc1,CN1CCCC1=O,326.05,0.48331,-0.0959631129572141
O=Cc1ccc(C(=O)O)cc1,CN1CCCC1=O,329.15,0.5201600000000001,-0.08507045525746945
O=Cc1ccc(C(=O)O)cc1,CN1CCCC1=O,331.95,0.5533100000000001,-0.07485453793501465
O=Cc1ccc(C(=O)O)cc1,CN1CCCC1=O,335.05,0.59233,-0.06315017559178383
O=Cc1ccc(C(=O)O)cc1,CN1CCCC1=O,337.45,0.62107,-0.05381977742435973
O=Cc1ccc(C(=O)O)cc1,CN1CCCC1=O,338.65,0.63689,-0.049070470103332306
O=Cc1ccc(C(=O)O)cc1,CN1CCCC1=O,340.95,0.66699,-0.039817128621131126
O=Cc1ccc(C(=O)O)cc1,CN1CCCC1=O,341.75,0.67624,-0.0365535757278721
O=Cc1ccc(C(=O)O)cc1,CN1CCCC1=O,353.2,0.6288100000000001,0.012452870843701835
O=Cc1ccc(C(=O)O)cc1,CN1CCCC1=O,357.2,0.65279,0.030470105659503338
O=Cc1ccc(C(=O)O)cc1,CN1CCCC1=O,361.2,0.68104,0.04888515236370394
O=Cc1ccc(C(=O)O)cc1,CN1CCCC1=O,365.2,0.70302,0.06765984379021972
O=Cc1ccc(C(=O)O)cc1,CN1CCCC1=O,369.2,0.73201,0.08675787138075358
O=Cc1ccc(C(=O)O)cc1,CN1CCCC1=O,373.2,0.75864,0.10614466801434619
O=Cc1ccc(C(=O)O)cc1,CN1CCCC1=O,377.2,0.78313,0.12578730131400867
O=Cc1ccc(C(=O)O)cc1,CN1CCCC1=O,381.2,0.8167,0.14565437551548166
O=Cc1ccc(C(=O)O)cc1,CN1CCCC1=O,385.2,0.84352,0.16571593563263515
O=Cc1ccc(C(=O)O)cc1,CN1CCCC1=O,389.2,0.86793,0.18594338742290983
O=Cc1ccc(C(=O)O)cc1,CN1CCCC1=O,393.2,0.89638,0.20630941512815115
O=Cc1ccc(C(=O)O)cc1,CN1CCCC1=O,397.2,0.9179200000000001,0.22678790529369391
O=Cc1ccc(C(=O)O)cc1,CN1CCCC1=O,401.2,0.9500700000000001,0.24735388330663283
O=Cc1ccc(C(=O)O)cc1,CN1CCCC1=O,405.2,0.977,0.2679834414379249
O=Cc1ccc(C(=O)O)cc1,CN1CCCC1=O,409.2,1.00273,0.2886536836222333
O=Cc1ccc(C(=O)O)cc1,CN1CCCC1=O,413.2,1.03168,0.3093426625962775
O=Cc1ccc(C(=O)O)cc1,CN1CCCC1=O,417.2,1.05952,0.3300293334156442
O=Cc1ccc(C(=O)O)cc1,CN1CCCC1=O,421.2,1.08671,0.350693491244388
O=Cc1ccc(C(=O)O)cc1,CN1CCCC1=O,293.15,0.06492,-0.17668941774088712
O=Cc1ccc(C(=O)O)cc1,CN1CCCC1=O,298.15,0.13014,-0.16936369573123006
O=Cc1ccc(C(=O)O)cc1,CN1CCCC1=O,303.15,0.19434,-0.16002287012752686
O=Cc1ccc(C(=O)O)cc1,CN1CCCC1=O,308.15,0.2628,-0.14883739396237025
O=Cc1ccc(C(=O)O)cc1,CN1CCCC1=O,313.15,0.3245,-0.13596490572075537
O=Cc1ccc(C(=O)O)cc1,CN1CCCC1=O,318.15,0.38432,-0.1215514039515043
O=Cc1ccc(C(=O)O)cc1,CN1CCCC1=O,323.15,0.44478999999999996,-0.10573230220183719
O=Cc1ccc(C(=O)O)cc1,CN1CCCC1=O,328.15,0.50877,-0.08863337776216025
O=Cc1ccc(C(=O)O)cc1,CN1CCCC1=O,333.15,0.5677800000000001,-0.0703716241690752
O=Cc1ccc(C(=O)O)cc1,CN1CCCC1=O,338.15,0.63149,-0.05105601885956329
O=Cc1ccc(C(=O)O)cc1,CN1CCCC1=O,341.75,0.67628,-0.0365535757278721
O=Cc1ccc(C(=O)O)cc1,O,473.15,-0.79483,-0.8689858623773365
O=Cc1ccc(C(=O)O)cc1,O,463.15,-0.8585799999999999,-0.97046094084285
O=Cc1ccc(C(=O)O)cc1,O,453.15,-0.92642,-1.0760475140323171
O=Cc1ccc(C(=O)O)cc1,O,443.15,-0.9982700000000001,-1.1854643156613947
O=Cc1ccc(C(=O)O)cc1,O,433.15,-1.07358,-1.2984275166231056
O=Cc1ccc(C(=O)O)cc1,O,423.15,-1.12998,-1.414643049229271
O=Cc1ccc(C(=O)O)cc1,O,413.15,-1.21415,-1.5337992569008059
O=Cc1ccc(C(=O)O)cc1,O,403.15,-1.2808899999999999,-1.655559647949592
O=Cc1ccc(C(=O)O)cc1,O,393.15,-1.45979,-1.7795555600561024
O=Cc1ccc(C(=O)O)cc1,O,383.15,-1.5663,-1.9053785317032124
O=Cc1ccc(C(=O)O)cc1,O,373.15,-1.61142,-2.032572129454201
O=Cc1ccc(C(=O)O)cc1,O,363.15,-1.7147,-2.1606229179041683
O=Cc1ccc(C(=O)O)cc1,O,353.15,-1.74931,-2.28895018925979
O=Cc1ccc(C(=O)O)cc1,O,343.15,-1.86726,-2.416894014627248
O=Cc1ccc(C(=O)O)cc1,O,333.15,-1.90126,-2.543701135922723
O=Cc1ccc(C(=O)O)cc1,O,323.15,-2.03023,-2.668508177475176
O=Cc1ccc(C(=O)O)cc1,O,313.15,-2.21748,-2.790321606329035
O=Cc1ccc(C(=O)O)cc1,O,303.15,-2.35429,-2.9079938222827457
O=Cc1ccc(C(=O)O)cc1,O,293.15,-2.63289,-3.020194806492561
O=Cc1ccc(C(=O)O)cc1,O,298.15,-2.5644099999999996,-2.9648693417064313
O=Cc1ccc(C(=O)O)cc1,O,303.15,-2.4538,-2.9079938222827457
O=Cc1ccc(C(=O)O)cc1,O,308.15,-2.36653,-2.8497538522675816
O=Cc1ccc(C(=O)O)cc1,O,313.15,-2.28748,-2.790321606329035
O=Cc1ccc(C(=O)O)cc1,O,318.15,-2.19099,-2.729856898134933
O=Cc1ccc(C(=O)O)cc1,O,323.15,-2.09863,-2.668508177475176
O=Cc1ccc(C(=O)O)cc1,O,328.15,-2.01792,-2.606413452167004
O=Cc1ccc(C(=O)O)cc1,O,333.15,-1.9212900000000002,-2.543701135922723
O=Cc1ccc(C(=O)O)cc1,O,338.15,-1.8274,-2.4804908258909206
O=Cc1ccc(C(=O)O)cc1,O,343.15,-1.7280799999999998,-2.416894014627248
O=Cc1ccc(C(=O)O)cc1,O,348.15,-1.6459599999999999,-2.353014741601447
O=Cc1ccc(C(=O)O)cc1,O,353.15,-1.54814,-2.28895018925979
O=Cc1ccc(C(=O)O)cc1,O,358.15,-1.45983,-2.2247912284714277
O=Cc1ccc(C(=O)O)cc1,O,363.15,-1.35486,-2.1606229179041683
O=Cc1ccc(C(=O)O)cc1,O,368.15,-1.2594100000000001,-2.0965249616889743
O=Cc1ccc(C(=O)O)cc1,O,371.15,-1.19537,-2.0581312556972744
O=Cc1ccc(C(=O)O)cc1,O,303.2,-2.41466,-2.9074178789168124
O=Cc1ccc(C(=O)O)cc1,O,323.2,-2.0171099999999997,-2.6678907012602524
O=Cc1ccc(C(=O)O)cc1,O,333.2,-1.84115,-2.5430713055967558
O=Cc1ccc(C(=O)O)cc1,O,343.2,-1.76604,-2.4162564526330046
O=Cc1ccc(C(=O)O)cc1,O,353.2,-1.7101400000000002,-2.288308920564266
O=Cc1ccc(C(=O)O)cc1,O,403.2,-1.20586,-1.654944962710802
O=Cc1ccc(C(=O)O)cc1,O,423.2,-1.07936,-1.4140543878131209
O=Cc1ccc(C(=O)O)cc1,O,433.2,-1.0373299999999999,-1.2978543592897398
O=Cc1ccc(C(=O)O)cc1,O,443.2,-0.99995,-1.184908170451912
O=Cc1ccc(C(=O)O)cc1,O,453.2,-0.96857,-1.0755098193403154
O=Cc1ccc(C(=O)O)cc1,O,463.2,-0.9038299999999999,-0.9699431027829502
O=Cc1ccc(C(=O)O)cc1,O,473.2,-0.84915,-0.8684892944098168
O=C(O)c1ccc(C(=O)O)cc1,CC(=O)O,298.0,-3.08728,-2.1091187332129753
O=C(O)c1ccc(C(=O)O)cc1,CC(=O)O,423.0,-1.6893799999999999,-0.7930783535741746
O=C(O)c1ccc(C(=O)O)cc1,CC(=O)O,473.0,-1.13011,-0.3714722993862858
O=C(O)c1ccc(C(=O)O)cc1,CC(=O)O,523.0,-0.59973,-0.16441323113019557
O=C(O)c1ccc(C(=O)O)cc1,CN(C)C=O,296.05,-0.43127,-0.7326818663224635
O=C(O)c1ccc(C(=O)O)cc1,CN(C)C=O,298.85,-0.4246,-0.7347205792529538
O=C(O)c1ccc(C(=O)O)cc1,CN(C)C=O,301.25,-0.41628000000000004,-0.7353082016915061
O=C(O)c1ccc(C(=O)O)cc1,CN(C)C=O,304.65,-0.40703,-0.7343957482846709
O=C(O)c1ccc(C(=O)O)cc1,CN(C)C=O,307.35,-0.39766,-0.7322832233071157
O=C(O)c1ccc(C(=O)O)cc1,CN(C)C=O,311.85,-0.3809,-0.7261941583600695
O=C(O)c1ccc(C(=O)O)cc1,CN(C)C=O,314.45,-0.37646,-0.7212941152753738
O=C(O)c1ccc(C(=O)O)cc1,CN(C)C=O,318.05,-0.36561,-0.7129407436720993
O=C(O)c1ccc(C(=O)O)cc1,CN(C)C=O,320.25,-0.36117,-0.7069828529184174
O=C(O)c1ccc(C(=O)O)cc1,CN(C)C=O,325.75,-0.34396,-0.6894426832923896
O=C(O)c1ccc(C(=O)O)cc1,CN(C)C=O,328.25,-0.33481,-0.6802959651804034
O=C(O)c1ccc(C(=O)O)cc1,CN(C)C=O,331.55,-0.3251,-0.6671751020090543
O=C(O)c1ccc(C(=O)O)cc1,CN(C)C=O,336.95,-0.31069,-0.6433092287858043
O=C(O)c1ccc(C(=O)O)cc1,CN(C)C=O,340.25,-0.30053,-0.6273697365691119
O=C(O)c1ccc(C(=O)O)cc1,CN(C)C=O,343.15,-0.29301,-0.6125766078311072
O=C(O)c1ccc(C(=O)O)cc1,CN(C)C=O,345.55,-0.28574,-0.5998095785199254
O=C(O)c1ccc(C(=O)O)cc1,CN(C)C=O,351.65,-0.27026999999999995,-0.5653839553323685
O=C(O)c1ccc(C(=O)O)cc1,CN(C)C=O,353.75,-0.26285,-0.5529239952954842
O=C(O)c1ccc(C(=O)O)cc1,CN(C)C=O,356.65,-0.25433,-0.5352453069116891
O=C(O)c1ccc(C(=O)O)cc1,CN(C)C=O,359.95,-0.24666999999999997,-0.5145026881515231
O=C(O)c1ccc(C(=O)O)cc1,CN(C)C=O,365.65,-0.23049,-0.4772459841192475
O=C(O)c1ccc(C(=O)O)cc1,CN(C)C=O,370.45,-0.2164,-0.4446196518286478
O=C(O)c1ccc(C(=O)O)cc1,CN1CCCC1=O,303.2,-0.8541,-0.09910633545860421
O=C(O)c1ccc(C(=O)O)cc1,CN1CCCC1=O,313.2,-0.79232,-0.10596251674391777
O=C(O)c1ccc(C(=O)O)cc1,CN1CCCC1=O,323.2,-0.70925,-0.09896214304581194
O=C(O)c1ccc(C(=O)O)cc1,CN1CCCC1=O,333.2,-0.65271,-0.08015792321623137
O=C(O)c1ccc(C(=O)O)cc1,CN1CCCC1=O,343.2,-0.5822,-0.05132786049704826
O=C(O)c1ccc(C(=O)O)cc1,CN1CCCC1=O,353.2,-0.53482,-0.014019207428726616
O=C(O)c1ccc(C(=O)O)cc1,CN1CCCC1=O,363.2,-0.47823000000000004,0.03041555111201716
O=C(O)c1ccc(C(=O)O)cc1,CN1CCCC1=O,296.35,-0.49154,-0.08519833676605665
O=C(O)c1ccc(C(=O)O)cc1,CN1CCCC1=O,299.55,-0.43678999999999996,-0.09269589278184093
O=C(O)c1ccc(C(=O)O)cc1,CN1CCCC1=O,303.75,-0.36530999999999997,-0.09988202304789232
O=C(O)c1ccc(C(=O)O)cc1,CN1CCCC1=O,307.05,-0.3133,-0.10353022054994504
O=C(O)c1ccc(C(=O)O)cc1,CN1CCCC1=O,309.75,-0.27723000000000003,-0.10527590025628125
O=C(O)c1ccc(C(=O)O)cc1,CN1CCCC1=O,312.75,-0.23399999999999999,-0.10596826369031682
O=C(O)c1ccc(C(=O)O)cc1,CN1CCCC1=O,316.25,-0.18220999999999998,-0.10519549576614667
O=C(O)c1ccc(C(=O)O)cc1,CN1CCCC1=O,319.65,-0.13759000000000002,-0.10289848148356869
O=C(O)c1ccc(C(=O)O)cc1,CN1CCCC1=O,324.05,-0.08081,-0.0977960860455803
O=C(O)c1ccc(C(=O)O)cc1,CN1CCCC1=O,328.45,-0.027339999999999996,-0.09044316622414686
O=C(O)c1ccc(C(=O)O)cc1,CN1CCCC1=O,331.55,0.00974,-0.08399579527571856
O=C(O)c1ccc(C(=O)O)cc1,CN1CCCC1=O,332.65,0.02126,-0.08146785308771942
O=C(O)c1ccc(C(=O)O)cc1,CN1CCCC1=O,343.2,-0.18834,-0.05132786049704826
O=C(O)c1ccc(C(=O)O)cc1,CN1CCCC1=O,348.2,-0.13439,-0.03364463712736492
O=C(O)c1ccc(C(=O)O)cc1,CN1CCCC1=O,353.2,-0.10558,-0.014019207428726616
O=C(O)c1ccc(C(=O)O)cc1,CN1CCCC1=O,358.2,-0.05441,0.007385177586285652
O=C(O)c1ccc(C(=O)O)cc1,CN1CCCC1=O,363.2,-0.03088,0.03041555111201716
O=C(O)c1ccc(C(=O)O)cc1,CN1CCCC1=O,368.2,-0.00286,0.05492843659427493
O=C(O)c1ccc(C(=O)O)cc1,CN1CCCC1=O,373.2,0.012759999999999999,0.08078912261881285
O=C(O)c1ccc(C(=O)O)cc1,CN1CCCC1=O,378.2,0.05175,0.10787100496953361
O=C(O)c1ccc(C(=O)O)cc1,CN1CCCC1=O,383.2,0.09008,0.13605498471827035
O=C(O)c1ccc(C(=O)O)cc1,CN1CCCC1=O,388.2,0.12125999999999999,0.16522891590447863
O=C(O)c1ccc(C(=O)O)cc1,CN1CCCC1=O,393.2,0.16872,0.19528710549991907
O=C(O)c1ccc(C(=O)O)cc1,CN1CCCC1=O,398.2,0.18805,0.22612984298994065
O=C(O)c1ccc(C(=O)O)cc1,CN1CCCC1=O,403.2,0.23141,0.2576629824194961
O=C(O)c1ccc(C(=O)O)cc1,CN1CCCC1=O,408.2,0.27689,0.28979754043577743
O=C(O)c1ccc(C(=O)O)cc1,CN1CCCC1=O,413.2,0.29491,0.32244933699425926
O=C(O)c1ccc(C(=O)O)cc1,CN1CCCC1=O,418.2,0.34159,0.3555386548002265
O=C(O)c1ccc(C(=O)O)cc1,CN1CCCC1=O,423.2,0.37326,0.3889899234758092
O=C(O)c1ccc(C(=O)O)cc1,CN1CCCC1=O,428.2,0.41093,0.42273142610359593
O=C(O)c1ccc(C(=O)O)cc1,CN1CCCC1=O,433.2,0.42981,0.4566950215375156
O=C(O)c1ccc(C(=O)O)cc1,CN1CCCC1=O,438.2,0.48126,0.49081588503815743
O=C(O)c1ccc(C(=O)O)cc1,CN1CCCC1=O,443.2,0.52212,0.5250322623833437
O=C(O)c1ccc(C(=O)O)cc1,CN1CCCC1=O,448.2,0.55123,0.5592852368401683
O=C(O)c1ccc(C(=O)O)cc1,CN1CCCC1=O,453.2,0.59333,0.5935185060555327
O=C(O)c1ccc(C(=O)O)cc1,CN1CCCC1=O,458.2,0.6440600000000001,0.6276781756823545
O=C(O)c1ccc(C(=O)O)cc1,CN1CCCC1=O,463.2,0.6895,0.6617125468749682
O=C(O)c1ccc(C(=O)O)cc1,CN1CCCC1=O,468.2,0.7347600000000001,0.6955719279294628
O=C(O)c1ccc(C(=O)O)cc1,CO,298.0,-2.32145,-1.1501884980817465
O=C(O)c1ccc(C(=O)O)cc1,CO,423.0,-0.92,-0.49723610312950817
O=C(O)c1ccc(C(=O)O)cc1,O,298.0,-3.99074,-3.332393444007705
O=C(O)c1ccc(C(=O)O)cc1,O,423.0,-1.88231,-1.464741038977487
O=C(O)c1ccc(C(=O)O)cc1,O,473.0,-1.05546,-0.7895555542959407
O=C(O)c1ccc(C(=O)O)cc1,O,523.0,-0.21629,-0.25608176829892715
O=C(O)c1ccc(C(=O)O)cc1,O,348.8,-3.17335,-2.596140797000684
O=C(O)c1ccc(C(=O)O)cc1,O,373.4,-2.7847299999999997,-2.2147405920549135
O=C(O)c1ccc(C(=O)O)cc1,O,398.8,-2.33544,-1.8242428232706533
O=C(O)c1ccc(C(=O)O)cc1,O,422.8,-1.9211099999999999,-1.4676415821803295
O=C(O)c1ccc(C(=O)O)cc1,O,447.1,-1.52286,-1.1258884899589763
O=C(O)c1ccc(C(=O)O)cc1,O,473.2,-1.0726200000000001,-0.787087180997212
O=C(O)c1ccc(C(=O)O)cc1,O,497.9,-0.6612,-0.5008391808297978
O=C(O)c1ccc(C(=O)O)cc1,O,523.7,-0.25015,-0.24993857704544098
O=C(O)c1ccc(C(=O)O)cc1,O,547.4,0.11732999999999999,-0.06423815889483153
O=C(O)c1ccc(C(=O)O)cc1,O,423.8,-1.8967,-1.4531521413282975
O=C(O)c1ccc(C(=O)O)cc1,O,472.9,-1.08492,-0.7907905303807712
O=C(O)c1ccc(C(=O)O)cc1,O,523.2,-0.26773,-0.25432276107055474
O=C(O)c1ccc(C(=O)O)cc1,O,473.15,-3.10914,-0.787704076843089
O=C(O)c1ccc(C(=O)O)cc1,O,463.15,-3.20898,-0.9136658513999802
O=C(O)c1ccc(C(=O)O)cc1,O,453.15,-3.33816,-1.0445129717183161
O=C(O)c1ccc(C(=O)O)cc1,O,443.15,-3.40901,-1.179868445001437
O=C(O)c1ccc(C(=O)O)cc1,O,433.15,-3.46335,-1.3193512682097452
O=C(O)c1ccc(C(=O)O)cc1,O,423.15,-3.70687,-1.4625665002106456
O=C(O)c1ccc(C(=O)O)cc1,O,413.15,-3.7887,-1.609095699642203
O=C(O)c1ccc(C(=O)O)cc1,O,403.15,-3.8749599999999997,-1.7584874164080115
O=C(O)c1ccc(C(=O)O)cc1,O,393.15,-4.0074,-1.9102474600424943
O=C(O)c1ccc(C(=O)O)cc1,O,383.15,-4.16858,-2.0638286588430055
O=C(O)c1ccc(C(=O)O)cc1,O,373.15,-4.37129,-2.2186197718562735
O=C(O)c1ccc(C(=O)O)cc1,O,363.15,-4.42606,-2.3739331441575855
O=C(O)c1ccc(C(=O)O)cc1,O,353.15,-4.489809999999999,-2.528990610972383
O=C(O)c1ccc(C(=O)O)cc1,O,343.15,-4.56634,-2.682907080102688
O=C(O)c1ccc(C(=O)O)cc1,O,333.15,-4.66102,-2.8346711502274227
O=C(O)c1ccc(C(=O)O)cc1,O,323.15,-4.78364,-2.983122044608845
O=C(O)c1ccc(C(=O)O)cc1,O,313.15,-4.95789,-3.12692203920697
O=C(O)c1ccc(C(=O)O)cc1,O,303.15,-4.95639,-3.264523449557429
O=C(O)c1ccc(C(=O)O)cc1,O,301.45,-3.55438,-3.2871741086005457
O=C(O)c1ccc(C(=O)O)cc1,O,308.15,-3.5117599999999998,-3.1966035296887814
O=C(O)c1ccc(C(=O)O)cc1,O,318.35,-3.4148199999999997,-3.0528164259141914
O=C(O)c1ccc(C(=O)O)cc1,O,328.15,-3.3187599999999997,-2.9093898470620507
O=C(O)c1ccc(C(=O)O)cc1,O,338.15,-3.19802,-2.759126913657484
O=C(O)c1ccc(C(=O)O)cc1,O,348.15,-3.09077,-2.6061514720262133
O=C(O)c1ccc(C(=O)O)cc1,O,358.15,-2.99293,-2.45154646691298
O=C(O)c1ccc(C(=O)O)cc1,O,368.15,-2.8558,-2.2962575100073073
O=C(O)c1ccc(C(=O)O)cc1,O,383.15,-2.7481,-2.0638286588430055
O=C(O)c1ccc(C(=O)O)cc1,O,408.15,-2.5190099999999997,-1.6834635118103327
O=C(O)c1ccc(C(=O)O)cc1,O,420.15,-2.39761,-1.5061971109703485
O=C(O)c1ccc(C(=O)O)cc1,O,436.15,-2.13407,-1.2770961786109911
O=C(O)c1ccc(C(=O)O)cc1,O,449.15,-1.9965099999999998,-1.098135295732288
O=C(O)c1ccc(C(=O)O)cc1,O,453.15,-1.89905,-1.0445129717183161
O=C(O)c1ccc(C(=O)O)cc1,O,463.15,-1.7817599999999998,-0.9136658513999802
O=C(O)c1ccc(C(=O)O)cc1,O,483.15,-1.68281,-0.66701132367609
O=C(O)c1cccc(C(=O)O)c1,CC(=O)O,298.0,-1.8395,-1.5923324771790135
O=C(O)c1cccc(C(=O)O)c1,CC(=O)O,423.0,-0.6357,-0.440487796716833
O=C(O)c1cccc(C(=O)O)c1,CC(=O)O,473.0,-0.16633,-0.03593622489709691
O=C(O)c1cccc(C(=O)O)c1,CC(=O)O,523.0,0.29275999999999996,0.16336941538747873
O=C(O)c1cccc(C(=O)O)c1,CC(=O)O,292.55,-1.97508,-1.618012401484641
O=C(O)c1cccc(C(=O)O)c1,CC(=O)O,301.85,-1.8718299999999999,-1.5714178209721958
O=C(O)c1cccc(C(=O)O)c1,CC(=O)O,311.55,-1.7551299999999999,-1.5097863819674686
O=C(O)c1cccc(C(=O)O)c1,CC(=O)O,321.55,-1.6481,-1.4349280084683897
O=C(O)c1cccc(C(=O)O)c1,CC(=O)O,331.35,-1.5315,-1.3526834186336045
O=C(O)c1cccc(C(=O)O)c1,CC(=O)O,342.5,-1.39707,-1.2508945886915055
O=C(O)c1cccc(C(=O)O)c1,CC(=O)O,352.5,-1.28798,-1.1541190771138317
O=C(O)c1cccc(C(=O)O)c1,CC(=O)O,362.05,-1.17947,-1.058354813322882
O=C(O)c1cccc(C(=O)O)c1,CC(=O)O,372.1,-1.07895,-0.9553929689250613
O=C(O)c1cccc(C(=O)O)c1,CC(=O)O,300.55,-1.85654,-1.5787229478261606
O=C(O)c1cccc(C(=O)O)c1,CC(=O)O,316.55,-1.68812,-1.4736404981943472
O=C(O)c1cccc(C(=O)O)c1,CC(=O)O,330.25,-1.53873,-1.3622891227599487
O=C(O)c1cccc(C(=O)O)c1,CC(=O)O,338.0,-1.454,-1.292873731189937
O=C(O)c1cccc(C(=O)O)c1,CC(=O)O,347.85,-1.33087,-1.19965274767464
O=C(O)c1cccc(C(=O)O)c1,CC(=O)O,355.35,-1.20696,-1.1258227816728479
O=C(O)c1cccc(C(=O)O)c1,CC(=O)O,364.03,-1.11399,-1.0382071256299874
O=C(O)c1cccc(C(=O)O)c1,CC(=O)O,370.13,-1.0687799999999998,-0.9756923975851637
O=C(O)c1cccc(C(=O)O)c1,CC(=O)O,373.2,-0.9885200000000001,-0.944041015710908
O=C(O)c1cccc(C(=O)O)c1,CC(=O)O,383.2,-0.9061600000000001,-0.8405495487467158
O=C(O)c1cccc(C(=O)O)c1,CC(=O)O,393.2,-0.80486,-0.7372885428666082
O=C(O)c1cccc(C(=O)O)c1,CC(=O)O,403.2,-0.68598,-0.6352621650719089
O=C(O)c1cccc(C(=O)O)c1,CC(=O)O,413.2,-0.58609,-0.5354015503054317
O=C(O)c1cccc(C(=O)O)c1,CC(=O)O,423.2,-0.48468,-0.43858688599437023
O=C(O)c1cccc(C(=O)O)c1,CC(=O)O,433.2,-0.39411,-0.3456696386314373
O=C(O)c1cccc(C(=O)O)c1,CC(=O)O,443.2,-0.29545,-0.25749602786073944
O=C(O)c1cccc(C(=O)O)c1,CC(=O)O,453.2,-0.19324000000000002,-0.17553670284419964
O=C(O)c1cccc(C(=O)O)c1,CC(=O)O,463.2,-0.1124,-0.10120316962092213
O=C(O)c1cccc(C(=O)O)c1,CC(=O)O,473.2,-0.02785,-0.03468408836761028
O=C(O)c1cccc(C(=O)O)c1,CC(=O)O,373.2,-1.0037399999999999,-0.944041015710908
O=C(O)c1cccc(C(=O)O)c1,CC(=O)O,383.2,-0.9659200000000001,-0.8405495487467158
O=C(O)c1cccc(C(=O)O)c1,CC(=O)O,393.2,-0.9403600000000001,-0.7372885428666082
O=C(O)c1cccc(C(=O)O)c1,CC(=O)O,403.2,-0.76105,-0.6352621650719089
O=C(O)c1cccc(C(=O)O)c1,CC(=O)O,413.2,-0.74965,-0.5354015503054317
O=C(O)c1cccc(C(=O)O)c1,CC(=O)O,423.2,-0.62592,-0.43858688599437023
O=C(O)c1cccc(C(=O)O)c1,CC(=O)O,433.2,-0.5264,-0.3456696386314373
O=C(O)c1cccc(C(=O)O)c1,CC(=O)O,443.2,-0.45557,-0.25749602786073944
O=C(O)c1cccc(C(=O)O)c1,CC(=O)O,453.2,-0.38641,-0.17553670284419964
O=C(O)c1cccc(C(=O)O)c1,CC(=O)O,313.2,-1.6932900000000002,-1.4981604383323823
O=C(O)c1cccc(C(=O)O)c1,CC(=O)O,323.2,-1.61325,-1.4216389672905547
O=C(O)c1cccc(C(=O)O)c1,CC(=O)O,333.2,-1.50806,-1.336336042218519
O=C(O)c1cccc(C(=O)O)c1,CC(=O)O,343.2,-1.3733,-1.2442677462787055
O=C(O)c1cccc(C(=O)O)c1,CC(=O)O,353.2,-1.28718,-1.147194499842811
O=C(O)c1cccc(C(=O)O)c1,CC(=O)O,363.2,-1.16385,-1.0466628563521485
O=C(O)c1cccc(C(=O)O)c1,CN(C)C=O,295.85,0.36532,-0.4477203820001341
O=C(O)c1cccc(C(=O)O)c1,CN(C)C=O,299.65,0.36538000000000004,-0.46120356779632876
O=C(O)c1cccc(C(=O)O)c1,CN(C)C=O,303.55,0.3654,-0.4716273578998705
O=C(O)c1cccc(C(=O)O)c1,CN(C)C=O,309.65,0.36630999999999997,-0.4814989460313843
O=C(O)c1cccc(C(=O)O)c1,CN(C)C=O,313.35,0.3669,-0.4839410419824482
O=C(O)c1cccc(C(=O)O)c1,CN(C)C=O,317.25,0.36782,-0.48382969002742726
O=C(O)c1cccc(C(=O)O)c1,CN(C)C=O,322.55,0.3693,-0.47956812028397194
O=C(O)c1cccc(C(=O)O)c1,CN(C)C=O,329.15,0.37125,-0.4682064755555978
O=C(O)c1cccc(C(=O)O)c1,CN(C)C=O,332.55,0.3726,-0.4599539735101826
O=C(O)c1cccc(C(=O)O)c1,CN(C)C=O,337.15,0.37462,-0.44640517140585706
O=C(O)c1cccc(C(=O)O)c1,CN(C)C=O,341.35,0.37696,-0.4318084573745297
O=C(O)c1cccc(C(=O)O)c1,CN(C)C=O,345.75,0.37998000000000004,-0.4144134795078234
O=C(O)c1cccc(C(=O)O)c1,CN(C)C=O,349.75,0.38256999999999997,-0.3968730993471322
O=C(O)c1cccc(C(=O)O)c1,CN(C)C=O,351.95,0.38361999999999996,-0.38657068202231365
O=C(O)c1cccc(C(=O)O)c1,CN(C)C=O,354.55,0.3857,-0.37382891376939315
O=C(O)c1cccc(C(=O)O)c1,CN(C)C=O,357.95,0.38868,-0.3562898742484002
O=C(O)c1cccc(C(=O)O)c1,CN(C)C=O,362.75,0.39264,-0.32995621507489237
O=C(O)c1cccc(C(=O)O)c1,CN(C)C=O,365.05,0.39476,-0.31673154340069176
O=C(O)c1cccc(C(=O)O)c1,CN(C)C=O,370.25,0.40001,-0.2855065177756767
O=C(O)c1cccc(C(=O)O)c1,CO,298.15,-1.02135,-0.65157398817675
O=C(O)c1cccc(C(=O)O)c1,CO,298.0,-1.29615,-0.6518879331818503
O=C(O)c1cccc(C(=O)O)c1,CO,423.0,-0.5028699999999999,-0.12625577272942312
O=C(O)c1cccc(C(=O)O)c1,O,298.0,-3.14201,-2.671725908112137
O=C(O)c1cccc(C(=O)O)c1,O,423.0,-0.8153600000000001,-1.037721354855527
O=C(O)c1cccc(C(=O)O)c1,O,473.0,0.11549000000000001,-0.4043810385222075
O=C(O)c1cccc(C(=O)O)c1,O,301.45,-2.96423,-2.637347313962287
O=C(O)c1cccc(C(=O)O)c1,O,314.15,-2.78495,-2.499794696126457
O=C(O)c1cccc(C(=O)O)c1,O,325.15,-2.60387,-2.36913652047289
O=C(O)c1cccc(C(=O)O)c1,O,338.15,-2.4066400000000003,-2.2043806069296186
O=C(O)c1cccc(C(=O)O)c1,O,349.65,-2.21746,-2.051826627924977
O=C(O)c1cccc(C(=O)O)c1,O,356.65,-2.09848,-1.9567283555563402
O=C(O)c1cccc(C(=O)O)c1,O,359.63,-2.0434200000000002,-1.915853276978316
O=C(O)c1cccc(C(=O)O)c1,O,366.58,-1.9086299999999998,-1.8198241691695722
O=C(O)c1cccc(C(=O)O)c1,O,300.15,-2.96787,-2.6504663840994276
O=C(O)c1cccc(C(=O)O)c1,O,308.55,-2.89265,-2.562425089698995
O=C(O)c1cccc(C(=O)O)c1,O,318.15,-2.7530200000000002,-2.453368855078179
O=C(O)c1cccc(C(=O)O)c1,O,328.25,-2.5728,-2.3307480200445942
O=C(O)c1cccc(C(=O)O)c1,O,338.15,-2.4067,-2.2043806069296186
O=C(O)c1cccc(C(=O)O)c1,O,348.25,-2.2476700000000003,-2.070666839808068
O=C(O)c1cccc(C(=O)O)c1,O,358.05,-2.05533,-1.9375509633859835
O=C(O)c1cccc(C(=O)O)c1,O,368.15,-1.87737,-1.7980212330117773
O=C(O)c1cccc(C(=O)O)c1,O,381.15,-1.515,-1.6165571102351382
O=C(O)c1cccc(C(=O)O)c1,O,393.15,-1.31485,-1.448687119306363
O=C(O)c1cccc(C(=O)O)c1,O,408.15,-1.0966799999999999,-1.2403548699881446
O=C(O)c1cccc(C(=O)O)c1,O,423.15,-0.86379,-1.0356993376939572
O=C(O)c1cccc(C(=O)O)c1,O,438.15,-0.6632100000000001,-0.8365890701716219
O=C(O)c1cccc(C(=O)O)c1,O,453.15,-0.51157,-0.6446805101280044
O=C(O)c1cccc(C(=O)O)c1,O,373.2,-1.52309,-1.7276873558155637
O=C(O)c1cccc(C(=O)O)c1,O,383.2,-1.3838700000000002,-1.587863514906705
O=C(O)c1cccc(C(=O)O)c1,O,393.2,-1.24651,-1.447988867915568
O=C(O)c1cccc(C(=O)O)c1,O,403.2,-1.08142,-1.308797261624017
O=C(O)c1cccc(C(=O)O)c1,O,413.2,-0.9820700000000001,-1.1709453705281259
O=C(O)c1cccc(C(=O)O)c1,O,423.2,-0.79871,-1.0350254555241896
O=C(O)c1cccc(C(=O)O)c1,O,433.2,-0.6758,-0.9015770409900643
O=C(O)c1cccc(C(=O)O)c1,O,443.2,-0.5139199999999999,-0.7710978882590571
O=C(O)c1cccc(C(=O)O)c1,O,453.2,-0.37017,-0.6440545838583569
O=C(O)c1cccc(C(=O)O)c1,O,463.2,-0.2301,-0.5208930471348965
O=C(O)c1cccc(C(=O)O)c1,O,473.2,-0.11312,-0.402049293335454
O=C(O)c1cccc(C(=O)O)c1,O,373.2,-1.7265099999999998,-1.7276873558155637
O=C(O)c1cccc(C(=O)O)c1,O,383.2,-1.5638100000000001,-1.587863514906705
O=C(O)c1cccc(C(=O)O)c1,O,393.2,-1.37042,-1.447988867915568
O=C(O)c1cccc(C(=O)O)c1,O,403.2,-1.19042,-1.308797261624017
O=C(O)c1cccc(C(=O)O)c1,O,413.2,-1.06269,-1.1709453705281259
O=C(O)c1cccc(C(=O)O)c1,O,423.2,-0.84401,-1.0350254555241896
O=C(O)c1cccc(C(=O)O)c1,O,433.2,-0.74739,-0.9015770409900643
O=C(O)c1cccc(C(=O)O)c1,O,443.2,-0.5795100000000001,-0.7710978882590571
O=C(O)c1cccc(C(=O)O)c1,O,453.2,-0.43088999999999994,-0.6440545838583569
O=C(O)c1cccc(C(=O)O)c1,O,463.2,-0.32585,-0.5208930471348965
O=C(O)c1ccccc1C(=O)O,O,298.15,-1.37988,-1.3330909947675422
O=C(O)c1ccccc1C(=O)O,O,308.15,-1.22975,-1.129081785845233
O=C(O)c1ccccc1C(=O)O,O,318.15,-1.07877,-0.9305765566421002
O=C(O)c1ccccc1C(=O)O,O,328.15,-0.9047,-0.7376663378736954
O=C(O)c1ccccc1C(=O)O,O,338.15,-0.7227399999999999,-0.5504255738508331
O=C(O)c1ccccc1C(=O)O,O,348.15,-0.54452,-0.36891555619270955
O=C(O)c1ccccc1C(=O)O,O,358.15,-0.35344000000000003,-0.19318764057057636
O=C(O)c1ccccc1C(=O)O,O,368.15,-0.17375,-0.023286100814953414
O=C(O)c1ccccc1C(=O)O,O,378.15,0.12245,0.14074937978323487
O=C(O)c1ccccc1C(=O)O,O,403.15,0.77804,0.5249296747762606
O=C(O)c1ccccc1C(=O)O,O,428.15,1.08833,0.8715982077893916
Cc1ccc(C(=O)O)cc1,O,443.15,0.40471999999999997,-0.6249273147337095
Cc1ccc(C(=O)O)cc1,O,433.15,0.31555,-0.7536076012102813
Cc1ccc(C(=O)O)cc1,O,423.15,-0.16235,-0.8854192020220586
Cc1ccc(C(=O)O)cc1,O,413.15,-0.23856999999999998,-1.0200480333270034
Cc1ccc(C(=O)O)cc1,O,403.15,-0.43313,-1.1571498334828076
Cc1ccc(C(=O)O)cc1,O,393.15,-0.62617,-1.2963426049981612
Cc1ccc(C(=O)O)cc1,O,383.15,-0.8388399999999999,-1.4371986143383628
Cc1ccc(C(=O)O)cc1,O,373.15,-1.0111299999999999,-1.5792356916155244
Cc1ccc(C(=O)O)cc1,O,363.15,-1.41959,-1.721907502826038
Cc1ccc(C(=O)O)cc1,O,353.15,-1.56017,-1.864592389709278
Cc1ccc(C(=O)O)cc1,O,343.15,-1.70885,-2.0065803087499945
Cc1ccc(C(=O)O)cc1,O,333.15,-1.98425,-2.1470573473927654
Cc1ccc(C(=O)O)cc1,O,323.15,-2.11457,-2.285087243054659
Cc1ccc(C(=O)O)cc1,O,313.15,-2.25888,-2.4195892645197374
Cc1ccc(C(=O)O)cc1,O,303.15,-2.4792400000000003,-2.5493117468352238
Cc1ccc(C(=O)O)cc1,O,298.15,-2.55755,-2.611935134695856
Cc1cccc(C(=O)O)c1,CC(=O)O,313.2,0.66937,-0.1576085819197407
Cc1cccc(C(=O)O)c1,CC(=O)O,323.2,0.7742600000000001,-0.08085841941046149
Cc1cccc(C(=O)O)c1,CC(=O)O,333.2,0.9528700000000001,-0.0023538271549317646
Cc1cccc(C(=O)O)c1,CC(=O)O,343.2,1.0722,0.07704021290317598
Cc1cccc(C(=O)O)c1,CC(=O)O,353.2,1.27138,0.15656646460681656
Cc1cccc(C(=O)O)c1,CC(=O)O,363.2,1.60544,0.23555750080002535
Cc1cccc(C(=O)O)c1,CC(=O)O,373.2,1.82578,0.31342026010368995
Cc1cccc(C(=O)O)c1,CC(=O)O,383.2,2.01435,0.38962239630420326
Cc1cccc(C(=O)O)c1,O,313.2,-1.9284400000000002,-2.08586735677639
Cc1cccc(C(=O)O)c1,O,321.2,-1.6244,-1.9866659800468498
Cc1cccc(C(=O)O)c1,O,333.2,-1.43012,-1.8331625264687765
Cc1cccc(C(=O)O)c1,O,343.2,-1.14091,-1.702142831898769
Cc1cccc(C(=O)O)c1,O,353.2,-0.89744,-1.569322092274875
Cc1cccc(C(=O)O)c1,O,363.2,-0.77567,-1.4355242296656296
Cc1cccc(C(=O)O)c1,O,373.2,-0.56133,-1.3014688928109042
Cc1cccc(C(=O)O)c1,O,383.2,-0.55893,-1.1677869264879077
COC(=O)c1ccc(O)cc1,O,278.15,-2.28458,-2.1895567742247453
COC(=O)c1ccc(O)cc1,O,283.15,-2.1576299999999997,-2.110490112626486
COC(=O)c1ccc(O)cc1,O,288.15,-2.0305400000000002,-2.0303195215011267
COC(=O)c1ccc(O)cc1,O,293.15,-1.88366,-1.9492195229362503
COC(=O)c1ccc(O)cc1,O,298.15,-1.8015700000000001,-1.8673518049543294
COC(=O)c1ccc(O)cc1,O,298.0,-1.8584900000000002,-1.8698175487542095
COC(=O)c1ccc(O)cc1,O,373.0,-1.12745,-0.6294205349308157
CC(=O)Nc1ccc(O)cc1,O,303.0,-0.94066,-1.2774661392881834
CC(=O)Nc1ccc(O)cc1,O,298.0,-1.00698,-1.38542018292142
CC(=O)Nc1ccc(O)cc1,O,293.0,-1.07332,-1.4947251278655205
CC(=O)Nc1ccc(O)cc1,O,273.0,-1.315,-1.9450577438340209
CC(=O)Nc1ccc(O)cc1,O,283.0,-1.20405,-1.717295915889753
CC(=O)Nc1ccc(O)cc1,O,288.0,-1.13666,-1.605358503641933
CC(=O)Nc1ccc(O)cc1,O,278.0,-1.2620200000000001,-1.830511238598386
CC(=O)Nc1ccc(O)cc1,O,303.15,-0.94075,-1.2742486088828047
CC(=O)Nc1ccc(O)cc1,O,298.15,-1.00698,-1.3821617987062762
CC(=O)Nc1ccc(O)cc1,O,293.15,-1.07341,-1.4914265337856976
CC(=O)Nc1ccc(O)cc1,O,273.15,-1.3209,-1.9415938484104385
CC(=O)Nc1ccc(O)cc1,O,283.15,-1.2043,-1.7139190656948777
CC(=O)Nc1ccc(O)cc1,O,289.15,-1.1237,-1.5797964391392674
CC(=O)Nc1ccc(O)cc1,O,288.15,-1.13675,-1.6020204022019482
CC(=O)Nc1ccc(O)cc1,O,278.15,-1.2619200000000002,-1.8270964447446474
CC(=O)Nc1ccc(O)cc1,O,296.15,-1.03356,-1.4257067185393966
CC(=O)Nc1ccc(O)cc1,O,293.0,-1.07371,-1.4947251278655205
CC(=O)Nc1ccc(O)cc1,O,298.0,-1.0078,-1.38542018292142
CC(=O)Nc1ccc(O)cc1,O,303.0,-0.9425600000000001,-1.2774661392881834
CC(=O)Nc1ccc(O)cc1,O,373.0,-0.25856,0.08333403662677275
CC(=O)Nc1ccc(O)cc1,O,383.0,-0.23948000000000003,0.2538425834946061
CC(=O)Nc1ccc(O)cc1,O,393.0,-0.22538000000000002,0.41820213151838326
CC(=O)Nc1ccc(O)cc1,O,403.0,-0.11673,0.5763644539002786
CCOC(=O)c1ccc(O)cc1,O,278.15,-2.83432,-2.4553457376601013
CCOC(=O)c1ccc(O)cc1,O,283.15,-2.6945200000000002,-2.367121829517628
CCOC(=O)c1ccc(O)cc1,O,288.15,-2.53314,-2.2772459957461137
CCOC(=O)c1ccc(O)cc1,O,293.15,-2.38005,-2.1859461591320453
CCOC(=O)c1ccc(O)cc1,O,298.15,-2.26973,-2.093433000308702
CCOC(=O)c1ccc(O)cc1,O,303.15,-2.18036,-1.999901137380994
CCOC(=O)c1ccc(O)cc1,O,308.15,-2.09586,-1.905530340728075
CCOC(=O)c1ccc(O)cc1,O,313.15,-2.0299400000000003,-1.8104867152029405
CCOC(=O)c1ccc(O)cc1,O,318.15,-1.9781799999999998,-1.7149238177913046
CCOC(=O)c1ccc(O)cc1,O,298.0,-2.38728,-2.0962241516962967
CCOC(=O)c1ccc(O)cc1,O,373.0,-1.4046299999999998,-0.6663645019279505
CCNc1nc(Cl)nc(NC(C)(C)C#N)n1,O,283.15,-3.32358,-3.176974187490112
CCNc1nc(Cl)nc(NC(C)(C)C#N)n1,O,293.15,-3.22581,-3.1167878981179697
CCNc1nc(Cl)nc(NC(C)(C)C#N)n1,O,303.15,-3.1058,-3.039097742862743
CCNc1nc(Cl)nc(NC(C)(C)C#N)n1,O,323.0,-2.91797,-2.8445966044027116
CCNc1nc(Cl)nc(NC(C)(C)C#N)n1,O,348.0,-2.40265,-2.5471997016007935
CCNc1nc(Cl)nc(NC(C)(C)C#N)n1,O,373.0,-1.94262,-2.2169311150344826
O=S1OC[C@@H]2[C@H](CO1)[C@]1(Cl)C(Cl)=C(Cl)[C@@]2(Cl)C1(Cl)Cl,O,298.0,-7.8251800000000005,-5.9747858584635365
O=S1OC[C@@H]2[C@H](CO1)[C@]1(Cl)C(Cl)=C(Cl)[C@@]2(Cl)C1(Cl)Cl,O,323.0,-7.21939,-5.4675445427154505
O=S1OC[C@@H]2[C@H](CO1)[C@]1(Cl)C(Cl)=C(Cl)[C@@]2(Cl)C1(Cl)Cl,O,373.0,-5.79706,-4.2993453419496275
CC(=O)c1ccc(C(=O)O)cc1,CC(C)(C)c1ccccc1,453.15,-0.1538,-0.0740541429562156
CC(=O)c1ccc(C(=O)O)cc1,CC(C)(C)c1ccccc1,443.15,-0.27798,-0.20220218435398785
CC(=O)c1ccc(C(=O)O)cc1,CC(C)(C)c1ccccc1,433.15,-0.39309,-0.33673775072335754
CC(=O)c1ccc(C(=O)O)cc1,CC(C)(C)c1ccccc1,423.15,-0.5103800000000001,-0.4778166163859239
CC(=O)c1ccc(C(=O)O)cc1,CC(C)(C)c1ccccc1,413.15,-0.62483,-0.6256186699543367
CC(=O)c1ccc(C(=O)O)cc1,CC(C)(C)c1ccccc1,403.15,-0.73474,-0.7803482614616293
CC(=O)c1ccc(C(=O)O)cc1,CC(C)(C)c1ccccc1,393.15,-0.8461,-0.9422351902315789
CC(=O)c1ccc(C(=O)O)cc1,CC(C)(C)c1ccccc1,383.15,-0.96106,-1.111536345635589
CC(=O)c1ccc(C(=O)O)cc1,CC(C)(C)c1ccccc1,373.15,-1.07762,-1.28853802159999
CC(=O)c1ccc(C(=O)O)cc1,CC(C)(C)c1ccccc1,363.15,-1.18908,-1.4735589609796824
CC(=O)c1ccc(C(=O)O)cc1,CC(C)(C)c1ccccc1,353.15,-1.29992,-1.6669541323137496
CC(=O)c1ccc(C(=O)O)cc1,CC(C)(C)c1ccccc1,343.15,-1.41781,-1.86911929163001
CC(=O)c1ccc(C(=O)O)cc1,CC(C)(C)c1ccccc1,333.15,-1.52988,-2.0804963209030647
CC(=O)c1ccc(C(=O)O)cc1,CC(C)(C)c1ccccc1,323.15,-1.6487,-2.301579350290374
CC(=O)c1ccc(C(=O)O)cc1,CC(C)(C)c1ccccc1,313.15,-1.7640799999999999,-2.532921659767532
CC(=O)c1ccc(C(=O)O)cc1,CC(C)(C)c1ccccc1,303.15,-1.88025,-2.775143352197539
CC(=O)c1ccc(C(=O)O)cc1,Cc1ccc(C(C)C)cc1,453.15,-0.1317,-0.06844529386073717
CC(=O)c1ccc(C(=O)O)cc1,Cc1ccc(C(C)C)cc1,443.15,-0.25839,-0.19528471415452664
CC(=O)c1ccc(C(=O)O)cc1,Cc1ccc(C(C)C)cc1,433.15,-0.38088,-0.3286608276314942
CC(=O)c1ccc(C(=O)O)cc1,Cc1ccc(C(C)C)cc1,423.15,-0.49675,-0.4687310912721796
CC(=O)c1ccc(C(=O)O)cc1,Cc1ccc(C(C)C)cc1,413.15,-0.6170399999999999,-0.6156791230107532
CC(=O)c1ccc(C(=O)O)cc1,Cc1ccc(C(C)C)cc1,403.15,-0.7346600000000001,-0.7697149190107329
CC(=O)c1ccc(C(=O)O)cc1,Cc1ccc(C(C)C)cc1,393.15,-0.84603,-0.931075763769849
CC(=O)c1ccc(C(=O)O)cc1,Cc1ccc(C(C)C)cc1,383.15,-0.9651799999999999,-1.100027858639896
CC(=O)c1ccc(C(=O)O)cc1,Cc1ccc(C(C)C)cc1,373.15,-1.0774,-1.2768686797561695
CC(=O)c1ccc(C(=O)O)cc1,Cc1ccc(C(C)C)cc1,363.15,-1.19947,-1.4619301285212072
CC(=O)c1ccc(C(=O)O)cc1,Cc1ccc(C(C)C)cc1,353.15,-1.31244,-1.6555824994696398
CC(=O)c1ccc(C(=O)O)cc1,Cc1ccc(C(C)C)cc1,343.15,-1.43551,-1.8582393139585982
CC(=O)c1ccc(C(=O)O)cc1,Cc1ccc(C(C)C)cc1,333.15,-1.55511,-2.070363040701487
CC(=O)c1ccc(C(=O)O)cc1,Cc1ccc(C(C)C)cc1,323.15,-1.66783,-2.292471732676156
CC(=O)c1ccc(C(=O)O)cc1,Cc1ccc(C(C)C)cc1,313.15,-1.78626,-2.5251465792154772
CC(=O)c1ccc(C(=O)O)cc1,Cc1ccc(C(C)C)cc1,303.15,-1.89897,-2.76904039706945
CC(=O)c1ccc(C(=O)O)cc1,CC(=O)O,453.15,-0.0566,0.7507166648087267
CC(=O)c1ccc(C(=O)O)cc1,CC(=O)O,443.15,-0.14519,0.689571273413442
CC(=O)c1ccc(C(=O)O)cc1,CC(=O)O,433.15,-0.23806999999999998,0.6217898033794151
CC(=O)c1ccc(C(=O)O)cc1,CC(=O)O,423.15,-0.33005,0.547730075815066
CC(=O)c1ccc(C(=O)O)cc1,CC(=O)O,413.15,-0.42046999999999995,0.46773781771391065
CC(=O)c1ccc(C(=O)O)cc1,CC(=O)O,403.15,-0.51546,0.3821233759099938
CC(=O)c1ccc(C(=O)O)cc1,CC(=O)O,393.15,-0.60663,0.29117469406503727
CC(=O)c1ccc(C(=O)O)cc1,CC(=O)O,383.15,-0.69931,0.19516832927890304
CC(=O)c1ccc(C(=O)O)cc1,CC(=O)O,373.15,-0.7904800000000001,0.09437919351629931
CC(=O)c1ccc(C(=O)O)cc1,CC(=O)O,363.15,-0.88129,-0.010910484781829433
CC(=O)c1ccc(C(=O)O)cc1,CC(=O)O,353.15,-0.9747600000000001,-0.12040257447206126
CC(=O)c1ccc(C(=O)O)cc1,CC(=O)O,343.15,-1.06685,-0.2337744946500504
CC(=O)c1ccc(C(=O)O)cc1,CC(=O)O,333.15,-1.1552,-0.3506703539243214
CC(=O)c1ccc(C(=O)O)cc1,CC(=O)O,323.15,-1.2486700000000002,-0.47069138589349974
CC(=O)c1ccc(C(=O)O)cc1,CC(=O)O,313.15,-1.3345799999999999,-0.5933851872987341
CC(=O)c1ccc(C(=O)O)cc1,CC(=O)O,303.15,-1.42238,-0.7182331137366953
CC(=O)c1ccc(C(=O)O)cc1,O,473.15,-0.28696,-0.07386926647504932
CC(=O)c1ccc(C(=O)O)cc1,O,463.15,-0.39236,-0.20017554883064248
CC(=O)c1ccc(C(=O)O)cc1,O,453.15,-0.49237,-0.3315300189669119
CC(=O)c1ccc(C(=O)O)cc1,O,443.15,-0.60058,-0.467653947463635
CC(=O)c1ccc(C(=O)O)cc1,O,433.15,-0.70292,-0.6082687776700144
CC(=O)c1ccc(C(=O)O)cc1,O,423.15,-0.8073100000000001,-0.7530879724208392
CC(=O)c1ccc(C(=O)O)cc1,O,413.15,-0.9157299999999999,-0.9018092532320128
CC(=O)c1ccc(C(=O)O)cc1,O,403.15,-1.03667,-1.054106985302089
CC(=O)c1ccc(C(=O)O)cc1,O,393.15,-1.14141,-1.2096244941331016
CC(=O)c1ccc(C(=O)O)cc1,O,383.15,-1.24403,-1.3679660917785526
CC(=O)c1ccc(C(=O)O)cc1,O,373.15,-1.36319,-1.5286885443573544
CC(=O)c1ccc(C(=O)O)cc1,O,363.15,-1.46729,-1.6912916501364454
CC(=O)c1ccc(C(=O)O)cc1,O,353.15,-1.58933,-1.8552075261284542
CC(=O)c1ccc(C(=O)O)cc1,O,343.15,-1.7019099999999998,-2.019788143533903
CC(=O)c1ccc(C(=O)O)cc1,O,333.15,-1.8237900000000002,-2.1842906050253035
CC(=O)c1ccc(C(=O)O)cc1,O,323.15,-1.9284299999999999,-2.347859611112648
CC(=O)c1ccc(C(=O)O)cc1,O,313.15,-2.05365,-2.509506504637217
CC(=O)c1ccc(C(=O)O)cc1,O,303.15,-2.16887,-2.6680842234146542
CC(=O)c1ccc(C(=O)O)cc1,O,473.15,-0.29975999999999997,-0.07386926647504932
CC(=O)c1ccc(C(=O)O)cc1,O,463.15,-0.39297,-0.20017554883064248
CC(=O)c1ccc(C(=O)O)cc1,O,453.15,-0.50921,-0.3315300189669119
CC(=O)c1ccc(C(=O)O)cc1,O,443.15,-0.64283,-0.467653947463635
CC(=O)c1ccc(C(=O)O)cc1,O,433.15,-0.69298,-0.6082687776700144
CC(=O)c1ccc(C(=O)O)cc1,O,423.15,-0.80804,-0.7530879724208392
CC(=O)c1ccc(C(=O)O)cc1,O,413.15,-0.9162399999999999,-0.9018092532320128
CC(=O)c1ccc(C(=O)O)cc1,O,403.15,-1.03874,-1.054106985302089
CC(=O)c1ccc(C(=O)O)cc1,O,393.15,-1.1520299999999999,-1.2096244941331016
CC(=O)c1ccc(C(=O)O)cc1,O,383.15,-1.26504,-1.3679660917785526
CC(=O)c1ccc(C(=O)O)cc1,O,373.15,-1.37094,-1.5286885443573544
CC(=O)c1ccc(C(=O)O)cc1,O,363.15,-1.48556,-1.6912916501364454
CC(=O)c1ccc(C(=O)O)cc1,O,353.15,-1.60501,-1.8552075261284542
CC(=O)c1ccc(C(=O)O)cc1,O,343.15,-1.7210900000000002,-2.019788143533903
CC(=O)c1ccc(C(=O)O)cc1,O,333.15,-1.8316,-2.1842906050253035
CC(=O)c1ccc(C(=O)O)cc1,O,323.15,-1.95964,-2.347859611112648
CC(=O)c1ccc(C(=O)O)cc1,O,313.15,-2.0547299999999997,-2.509506504637217
CC(=O)c1ccc(C(=O)O)cc1,O,303.15,-2.17818,-2.6680842234146542
O=S1(=O)c2ccccc2-c2ccccc21,CC#N,330.2,-0.64708,0.09102226067452335
O=S1(=O)c2ccccc2-c2ccccc21,CC#N,338.3,-0.56009,0.17027296879328052
O=S1(=O)c2ccccc2-c2ccccc21,CC#N,342.6,-0.50542,0.20904345239829591
O=S1(=O)c2ccccc2-c2ccccc21,CC#N,348.8,-0.43255,0.26108172825797904
O=S1(=O)c2ccccc2-c2ccccc21,CC#N,352.5,-0.39369,0.29002782930781323
O=S1(=O)c2ccccc2-c2ccccc21,CC#N,357.3,-0.34158,0.32529879205940304
O=S1(=O)c2ccccc2-c2ccccc21,CC#N,361.4,-0.29828000000000005,0.35343402508055355
O=S1(=O)c2ccccc2-c2ccccc21,CC#N,366.1,-0.25256,0.38348207699306347
O=S1(=O)c2ccccc2-c2ccccc21,CC#N,368.5,-0.22959000000000002,0.3979340745576443
O=S1(=O)c2ccccc2-c2ccccc21,CN(C)C=O,319.5,-0.12805999999999998,0.4327134295200681
O=S1(=O)c2ccccc2-c2ccccc21,CN(C)C=O,329.7,-0.051370000000000006,0.5479873396315484
O=S1(=O)c2ccccc2-c2ccccc21,CN(C)C=O,338.8,0.01686,0.6444082954965533
O=S1(=O)c2ccccc2-c2ccccc21,CN(C)C=O,346.2,0.07145,0.7185894266193087
O=S1(=O)c2ccccc2-c2ccccc21,CN(C)C=O,352.0,0.13853,0.7741911532260322
O=S1(=O)c2ccccc2-c2ccccc21,CN(C)C=O,357.3,0.18655,0.8231111813122894
O=S1(=O)c2ccccc2-c2ccccc21,CN(C)C=O,361.5,0.23085,0.8606299657443252
O=S1(=O)c2ccccc2-c2ccccc21,CN(C)C=O,363.8,0.25628,0.8807172132604725
O=S1(=O)c2ccccc2-c2ccccc21,CN(C)C=O,366.7,0.29197,0.9055886119628357
O=S1(=O)c2ccccc2-c2ccccc21,CN(C)C=O,369.4,0.32602,0.9282929625996912
O=S1(=O)c2ccccc2-c2ccccc21,CCCO,344.0,-1.30479,-0.539969212307846
O=S1(=O)c2ccccc2-c2ccccc21,CCCO,349.0,-1.21684,-0.48197410436617516
O=S1(=O)c2ccccc2-c2ccccc21,CCCO,353.0,-1.15164,-0.43808320961931924
O=S1(=O)c2ccccc2-c2ccccc21,CCCO,356.6,-1.09522,-0.4004304264096499
O=S1(=O)c2ccccc2-c2ccccc21,CCCO,361.2,-1.0225799999999998,-0.3547997349463118
O=S1(=O)c2ccccc2-c2ccccc21,CCCO,363.6,-0.9854200000000001,-0.332072910949725
O=S1(=O)c2ccccc2-c2ccccc21,CCCO,364.9,-0.9655799999999999,-0.32006669166940993
O=S1(=O)c2ccccc2-c2ccccc21,CCCO,366.7,-0.93742,-0.30379171610183153
O=S1(=O)c2ccccc2-c2ccccc21,CCCO,367.0,-0.93291,-0.301118367417204
O=S1(=O)c2ccccc2-c2ccccc21,CCOCCO,323.4,-0.96959,-0.2001542956899719
O=S1(=O)c2ccccc2-c2ccccc21,CCOCCO,332.1,-0.8941600000000001,-0.0828325000755602
O=S1(=O)c2ccccc2-c2ccccc21,CCOCCO,340.5,-0.7991199999999999,0.022363658870230507
O=S1(=O)c2ccccc2-c2ccccc21,CCOCCO,343.8,-0.77118,0.061623571985655934
O=S1(=O)c2ccccc2-c2ccccc21,CCOCCO,350.3,-0.70244,0.135682719439151
O=S1(=O)c2ccccc2-c2ccccc21,CCOCCO,353.8,-0.6721,0.1738151042988324
O=S1(=O)c2ccccc2-c2ccccc21,CCOCCO,355.5,-0.65673,0.19190649536608628
O=S1(=O)c2ccccc2-c2ccccc21,CCOCCO,357.4,-0.6400899999999999,0.21179836328697954
O=S1(=O)c2ccccc2-c2ccccc21,CCOCCO,361.9,-0.60202,0.2575521683581987
O=S1(=O)c2ccccc2-c2ccccc21,CCOCCO,368.3,-0.55229,0.31941402848951583
O=C(O)c1ccccc1,CN1CCCC1=O,296.35,1.04477,0.8732153076503688
O=C(O)c1ccccc1,CN1CCCC1=O,301.15,1.05562,0.8825663551240612
O=C(O)c1ccccc1,CN1CCCC1=O,305.05,1.06586,0.891585065805372
O=C(O)c1ccccc1,CN1CCCC1=O,307.95,1.0735700000000001,0.8990635249529304
O=C(O)c1ccccc1,CN1CCCC1=O,311.05,1.08215,0.9077453575158442
O=C(O)c1ccccc1,CN1CCCC1=O,314.25,1.09156,0.9174135032519302
O=C(O)c1ccccc1,CN1CCCC1=O,318.35,1.10135,0.9307870529665894
O=C(O)c1ccccc1,CN1CCCC1=O,321.95,1.11267,0.9433857353193913
O=C(O)c1ccccc1,CN1CCCC1=O,327.35,1.13484,0.9636708315569222
O=C(O)c1ccccc1,CN1CCCC1=O,333.55,1.1626,0.9888315993375831
O=C(O)c1ccccc1,CN1CCCC1=O,338.85,1.19115,1.0117656363715666
O=C(O)c1ccccc1,CN1CCCC1=O,343.25,1.21623,1.0317060020614626
O=C(O)c1ccccc1,CN1CCCC1=O,347.75,1.24601,1.0528686812963817
O=C(O)c1ccccc1,CN1CCCC1=O,351.15,1.27093,1.0693324073592299
O=C(O)c1ccccc1,CN1CCCC1=O,355.05,1.29966,1.0886796910869923
O=C(O)c1ccccc1,CN1CCCC1=O,359.85,1.3462,1.1131128375152404
O=C(O)c1ccccc1,CN1CCCC1=O,364.55,1.39752,1.1376369275800018
O=C(O)c1ccccc1,CN1CCCC1=O,369.05,1.45297,1.1616150683454283
O=C(O)c1ccccc1,CN1CCCC1=O,371.35,1.4858,1.1740412651028664
O=C(O)c1ccccc1C(=O)O,CC(=O)O,298.3,-0.73,-0.6932504128078295
O=C(O)c1ccccc1C(=O)O,CC(=O)O,308.4,-0.58052,-0.5254024742153957
O=C(O)c1ccccc1C(=O)O,CC(=O)O,318.3,-0.41189,-0.3654827054276232
O=C(O)c1ccccc1C(=O)O,CC(=O)O,328.2,-0.27187,-0.21044913320878417
O=C(O)c1ccccc1C(=O)O,CC(=O)O,338.0,-0.13962,-0.06207161389807436
O=C(O)c1ccccc1C(=O)O,CC(=O)O,348.3,-0.01255,0.08815147591336858
O=C(O)c1ccccc1C(=O)O,CC(=O)O,358.6,0.10207999999999999,0.23225871518133578
O=C(O)c1ccccc1C(=O)O,CC(=O)O,367.9,0.20364000000000002,0.35692712489986067
Cc1ccc(C(=O)O)cc1,CN1CCCC1=O,295.65,-0.1207,0.37574226982883513
Cc1ccc(C(=O)O)cc1,CN1CCCC1=O,298.65,-0.07796,0.38361937490572373
Cc1ccc(C(=O)O)cc1,CN1CCCC1=O,303.35,-0.00933,0.3973301307663535
Cc1ccc(C(=O)O)cc1,CN1CCCC1=O,308.55,0.06479,0.41430286930192806
Cc1ccc(C(=O)O)cc1,CN1CCCC1=O,313.75,0.13415,0.4330035824941479
Cc1ccc(C(=O)O)cc1,CN1CCCC1=O,319.55,0.21494000000000002,0.45570622466821775
Cc1ccc(C(=O)O)cc1,CN1CCCC1=O,323.45,0.26696,0.47196705925710125
Cc1ccc(C(=O)O)cc1,CN1CCCC1=O,328.75,0.33059,0.49522972914814767
Cc1ccc(C(=O)O)cc1,CN1CCCC1=O,334.85,0.4099,0.5235054602518796
Cc1ccc(C(=O)O)cc1,CN1CCCC1=O,340.25,0.4751,0.5497324818998479
Cc1ccc(C(=O)O)cc1,CN1CCCC1=O,343.35,0.51525,0.5652463857939477
Cc1ccc(C(=O)O)cc1,CN1CCCC1=O,346.65,0.55699,0.5820976505447977
Cc1ccc(C(=O)O)cc1,CN1CCCC1=O,351.45,0.62024,0.6071778519961636
Cc1ccc(C(=O)O)cc1,CN1CCCC1=O,355.75,0.6819,0.6301654217371
Cc1ccc(C(=O)O)cc1,CN1CCCC1=O,360.65,0.76147,0.656894320111423
Cc1ccc(C(=O)O)cc1,CN1CCCC1=O,364.05,0.8335600000000001,0.6757403297072755
Cc1ccc(C(=O)O)cc1,CN1CCCC1=O,366.55,0.89523,0.6897393792890942
Cc1ccc(C(=O)O)cc1,CN1CCCC1=O,369.25,0.9620700000000001,0.7049824624013751
Cc1ccc(C(=O)O)cc1,CN1CCCC1=O,370.05,0.98851,0.7095222293921515
Cc1c(C(=O)O)cc([N+](=O)[O-])cc1[N+](=O)[O-],C1COCCO1,298.15,0.41028751169003397,1.0518925494394558
Cc1c(C(=O)O)cc([N+](=O)[O-])cc1[N+](=O)[O-],C1CCOC1,298.15,0.45011102022887794,1.1941059319146738
COc1ccccc1C(=O)O,CC(O)COC(C)(C)C,298.15,-0.261831359938447,-0.8159499064281401
COc1ccccc1C(=O)O,CC(C)OCCO,298.15,-0.09369726391060902,-0.6104312074068339
COc1ccccc1C(=O)O,CCCOCCO,298.15,0.013377696055468,-0.6083302823864757
COc1ccccc1C(=O)O,COC(C)CCO,298.15,0.038607560353621,-0.5814406901619972
COc1ccccc1C(=O)O,CCOCCO,298.15,0.144180707573244,-0.4364647832220376
COc1ccccc1C(=O)O,CCCCOCCO,298.15,0.056802858651285,-0.6524035973031657
CC(=O)Nc1ccc(OC(=O)c2ccccc2OC(C)=O)cc1,Cc1ccccc1,278.15,-3.90525693299735,-2.387754072175402
CC(=O)Nc1ccc(OC(=O)c2ccccc2OC(C)=O)cc1,Cc1ccccc1,283.15,-3.7662145357747,-2.1845976255942516
CC(=O)Nc1ccc(OC(=O)c2ccccc2OC(C)=O)cc1,Cc1ccccc1,288.15,-3.62584504677965,-1.990254964444223
CC(=O)Nc1ccc(OC(=O)c2ccccc2OC(C)=O)cc1,Cc1ccccc1,293.15,-3.4946255606460204,-1.8042779456582505
CC(=O)Nc1ccc(OC(=O)c2ccccc2OC(C)=O)cc1,Cc1ccccc1,298.15,-3.3937507379275096,-1.626250846681806
CC(=O)Nc1ccc(OC(=O)c2ccccc2OC(C)=O)cc1,Cc1ccccc1,303.15,-3.2904270809065896,-1.455787693288084
CC(=O)Nc1ccc(OC(=O)c2ccccc2OC(C)=O)cc1,Cc1ccccc1,308.15,-3.2006517689916802,-1.2925298444497857
CC(=O)Nc1ccc(OC(=O)c2ccccc2OC(C)=O)cc1,CC(C)O,278.15,-2.99488056177507,-1.7496366919406166
CC(=O)Nc1ccc(OC(=O)c2ccccc2OC(C)=O)cc1,Cc1ccccc1,313.15,-3.1010491668340294,-1.1361438078786634
CC(=O)Nc1ccc(OC(=O)c2ccccc2OC(C)=O)cc1,CCCO,278.15,-2.9224361479166903,-1.6153035134689309
CC(=O)Nc1ccc(OC(=O)c2ccccc2OC(C)=O)cc1,CC(C)O,283.15,-2.8487044302591698,-1.5275063786197776
CC(=O)Nc1ccc(OC(=O)c2ccccc2OC(C)=O)cc1,Cc1ccccc1,318.15,-3.00453778594461,-0.9863192632043872
CC(=O)Nc1ccc(OC(=O)c2ccccc2OC(C)=O)cc1,CCCO,283.15,-2.76192765091833,-1.4092415286015876
CC(=O)Nc1ccc(OC(=O)c2ccccc2OC(C)=O)cc1,CC(C)O,288.15,-2.7375079108801903,-1.321916835283396
CC(=O)Nc1ccc(OC(=O)c2ccccc2OC(C)=O)cc1,CO,278.15,-2.44419291208861,-1.2578903420297345
CC(=O)Nc1ccc(OC(=O)c2ccccc2OC(C)=O)cc1,CCO,278.15,-2.560252826151,-1.430482027324541
CC(=O)Nc1ccc(OC(=O)c2ccccc2OC(C)=O)cc1,CCCO,288.15,-2.6332390496336897,-1.2158935256935743
CC(=O)Nc1ccc(OC(=O)c2ccccc2OC(C)=O)cc1,CC(C)O,293.15,-2.63264749788681,-1.1318161429595925
CC(=O)Nc1ccc(OC(=O)c2ccccc2OC(C)=O)cc1,CCCCO,278.15,-2.7022335896866805,-1.7638150208555778
CC(=O)Nc1ccc(OC(=O)c2ccccc2OC(C)=O)cc1,CO,283.15,-2.34150583656194,-1.0594249565795777
CC(=O)Nc1ccc(OC(=O)c2ccccc2OC(C)=O)cc1,CCO,283.15,-2.43894836721269,-1.2234663703122224
CC(=O)Nc1ccc(OC(=O)c2ccccc2OC(C)=O)cc1,CCCO,293.15,-2.5430747541202203,-1.034510975300439
CC(=O)Nc1ccc(OC(=O)c2ccccc2OC(C)=O)cc1,CC(C)O,298.15,-2.54797437075136,-0.9562344131529735
CC(=O)Nc1ccc(OC(=O)c2ccccc2OC(C)=O)cc1,CO,288.15,-2.24629140643378,-0.8747927127429657
CC(=O)Nc1ccc(OC(=O)c2ccccc2OC(C)=O)cc1,CCCCO,283.15,-2.5860085189435496,-1.5610231176135385
CC(=O)Nc1ccc(OC(=O)c2ccccc2OC(C)=O)cc1,CC(C)O,303.15,-2.46973124735042,-0.7942766673122503
CC(=O)Nc1ccc(OC(=O)c2ccccc2OC(C)=O)cc1,CCCO,298.15,-2.45319998029321,-0.8644028920806348
CC(=O)Nc1ccc(OC(=O)c2ccccc2OC(C)=O)cc1,CCO,288.15,-2.34024499702193,-1.0311745330270345
CC(=O)Nc1ccc(OC(=O)c2ccccc2OC(C)=O)cc1,CO,293.15,-2.16256005157407,-0.7031383064643573
CC(=O)Nc1ccc(OC(=O)c2ccccc2OC(C)=O)cc1,CCCCO,288.15,-2.48197704749581,-1.3690260609695106
CC(=O)Nc1ccc(OC(=O)c2ccccc2OC(C)=O)cc1,CC(C)O,308.15,-2.38147786610762,-0.6451164633979369
CC(=O)Nc1ccc(OC(=O)c2ccccc2OC(C)=O)cc1,CCO,293.15,-2.25260662560741,-0.8526608707918969
CC(=O)Nc1ccc(OC(=O)c2ccccc2OC(C)=O)cc1,CCCO,303.15,-2.36296449961586,-0.7049309015989126
CC(=O)Nc1ccc(OC(=O)c2ccccc2OC(C)=O)cc1,CO,298.15,-2.0790041470650897,-0.5436725191747551
CC(=O)Nc1ccc(OC(=O)c2ccccc2OC(C)=O)cc1,CCCCO,293.15,-2.38711578585686,-1.1872207801992767
CC(=O)Nc1ccc(OC(=O)c2ccccc2OC(C)=O)cc1,CCOC(C)=O,278.15,-2.38864579361402,-1.069172517883402
CC(=O)Nc1ccc(OC(=O)c2ccccc2OC(C)=O)cc1,CC(C)O,313.15,-2.29753876993292,-0.5079901892728169
CC(=O)Nc1ccc(OC(=O)c2ccccc2OC(C)=O)cc1,CCCO,308.15,-2.27582002890649,-0.5555048107635645
CC(=O)Nc1ccc(OC(=O)c2ccccc2OC(C)=O)cc1,CO,303.15,-2.0062415616679,-0.3956663581098959
CC(=O)Nc1ccc(OC(=O)c2ccccc2OC(C)=O)cc1,CCO,298.15,-2.1628584741624,-0.6870541001090651
CC(=O)Nc1ccc(OC(=O)c2ccccc2OC(C)=O)cc1,CCCCO,298.15,-2.29916380989557,-1.015049662873345
CC(=O)Nc1ccc(OC(=O)c2ccccc2OC(C)=O)cc1,CO,308.15,-1.92866849954369,-0.2584458481506897
CC(=O)Nc1ccc(OC(=O)c2ccccc2OC(C)=O)cc1,CCO,303.15,-2.0838769707074998,-0.533550874557559
CC(=O)Nc1ccc(OC(=O)c2ccccc2OC(C)=O)cc1,CC(C)O,318.15,-2.2031980876570003,-0.3821919529935518
CC(=O)Nc1ccc(OC(=O)c2ccccc2OC(C)=O)cc1,CCCO,313.15,-2.18634400005166,-0.4155786297221519
CC(=O)Nc1ccc(OC(=O)c2ccccc2OC(C)=O)cc1,CCOC(C)=O,283.15,-2.26942036289788,-0.8804807893917865
CC(=O)Nc1ccc(OC(=O)c2ccccc2OC(C)=O)cc1,CCCCO,303.15,-2.21947601929685,-0.8519967086137735
CC(=O)Nc1ccc(OC(=O)c2ccccc2OC(C)=O)cc1,CCO,308.15,-2.00269620902336,-0.39141000945283533
CC(=O)Nc1ccc(OC(=O)c2ccccc2OC(C)=O)cc1,CO,313.15,-1.8380332721866501,-0.13138741088749184
CC(=O)Nc1ccc(OC(=O)c2ccccc2OC(C)=O)cc1,CCCO,318.15,-2.07357586524412,-0.28464699900725565
CC(=O)Nc1ccc(OC(=O)c2ccccc2OC(C)=O)cc1,CCOC(C)=O,288.15,-2.17370140654401,-0.7041592663244991
CC(=O)Nc1ccc(OC(=O)c2ccccc2OC(C)=O)cc1,CC#N,278.15,-1.8772546495102098,-1.1287319599257033
CC(=O)Nc1ccc(OC(=O)c2ccccc2OC(C)=O)cc1,CCCCO,308.15,-2.13304399749509,-0.6975840629104286
CC(=O)Nc1ccc(OC(=O)c2ccccc2OC(C)=O)cc1,CCO,313.15,-1.9100569236604898,-0.25994728584232146
CC(=O)Nc1ccc(OC(=O)c2ccccc2OC(C)=O)cc1,CO,318.15,-1.74778321731823,-0.013913771928140362
CC(=O)Nc1ccc(OC(=O)c2ccccc2OC(C)=O)cc1,CCOC(C)=O,293.15,-2.09293912025499,-0.5394761665845524
CC(=O)Nc1ccc(OC(=O)c2ccccc2OC(C)=O)cc1,CCCCO,313.15,-2.0391728630195303,-0.5513688913793695
CC(=O)Nc1ccc(OC(=O)c2ccccc2OC(C)=O)cc1,CC#N,283.15,-1.7815034978408502,-0.9335057681045135
CC(=O)Nc1ccc(OC(=O)c2ccccc2OC(C)=O)cc1,CCO,318.15,-1.82230836515608,-0.13853077403172076
CC(=O)Nc1ccc(OC(=O)c2ccccc2OC(C)=O)cc1,CCOC(C)=O,298.15,-1.9965541664775601,-0.38575660430686926
CC(=O)Nc1ccc(OC(=O)c2ccccc2OC(C)=O)cc1,CCCCO,318.15,-1.9560134079106497,-0.41294056021321657
CC(=O)Nc1ccc(OC(=O)c2ccccc2OC(C)=O)cc1,CC#N,288.15,-1.6922382627855501,-0.7502647961958742
CC(=O)Nc1ccc(OC(=O)c2ccccc2OC(C)=O)cc1,CCOC(C)=O,303.15,-1.92039026114269,-0.2423777181262295
CC(=O)Nc1ccc(OC(=O)c2ccccc2OC(C)=O)cc1,CC#N,293.15,-1.592053096839,-0.5783082425155361
CC(=O)Nc1ccc(OC(=O)c2ccccc2OC(C)=O)cc1,CCOC(C)=O,308.15,-1.8495032836940601,-0.10876430326589043
CC(=O)Nc1ccc(OC(=O)c2ccccc2OC(C)=O)cc1,CC#N,298.15,-1.5010260613831001,-0.4169891411643215
CC(=O)Nc1ccc(OC(=O)c2ccccc2OC(C)=O)cc1,CCOC(C)=O,313.15,-1.77390309200072,0.015615104320205742
CC(=O)Nc1ccc(OC(=O)c2ccccc2OC(C)=O)cc1,C1COCCO1,293.15,-1.70046690085154,0.01529172202979695
CC(=O)Nc1ccc(OC(=O)c2ccccc2OC(C)=O)cc1,CCOC(C)=O,318.15,-1.70730673335046,0.13125173766522946
CC(=O)Nc1ccc(OC(=O)c2ccccc2OC(C)=O)cc1,CC#N,303.15,-1.42490069318903,-0.2657097548384002
CC(=O)Nc1ccc(OC(=O)c2ccccc2OC(C)=O)cc1,C1COCCO1,298.15,-1.62225689682603,0.15546929274432536
CC(=O)Nc1ccc(OC(=O)c2ccccc2OC(C)=O)cc1,CC#N,308.15,-1.35450137575737,-0.12391743434319652
CC(=O)Nc1ccc(OC(=O)c2ccccc2OC(C)=O)cc1,CCC(C)=O,278.15,-1.54450478621108,-0.951063456352061
CC(=O)Nc1ccc(OC(=O)c2ccccc2OC(C)=O)cc1,C1COCCO1,303.15,-1.5361358781841499,0.2887518845559983
CC(=O)Nc1ccc(OC(=O)c2ccccc2OC(C)=O)cc1,CCC(C)=O,283.15,-1.5184358509586497,-0.7617743198934885
CC(=O)Nc1ccc(OC(=O)c2ccccc2OC(C)=O)cc1,CC#N,313.15,-1.2778821862113101,0.008899103798026775
CC(=O)Nc1ccc(OC(=O)c2ccccc2OC(C)=O)cc1,CCC(C)=O,288.15,-1.49035883763519,-0.5848053749711427
CC(=O)Nc1ccc(OC(=O)c2ccccc2OC(C)=O)cc1,C1COCCO1,308.15,-1.46149454700093,0.41547963369653923
CC(=O)Nc1ccc(OC(=O)c2ccccc2OC(C)=O)cc1,CCC(C)=O,293.15,-1.4622058354387502,-0.4194270951604379
CC(=O)Nc1ccc(OC(=O)c2ccccc2OC(C)=O)cc1,CCC(C)=O,298.15,-1.42989218286966,-0.2649665083642491
CC(=O)Nc1ccc(OC(=O)c2ccccc2OC(C)=O)cc1,CC#N,318.15,-1.20252196648986,0.13321312454316658
CC(=O)Nc1ccc(OC(=O)c2ccccc2OC(C)=O)cc1,C1COCCO1,313.15,-1.39429212726109,0.535967845939715
CC(=O)Nc1ccc(OC(=O)c2ccccc2OC(C)=O)cc1,CCC(C)=O,303.15,-1.3990187325058898,-0.12080234938362097
CC(=O)Nc1ccc(OC(=O)c2ccccc2OC(C)=O)cc1,CCC(C)=O,308.15,-1.36516791678444,0.013639290488072386
CC(=O)Nc1ccc(OC(=O)c2ccccc2OC(C)=O)cc1,C1COCCO1,318.15,-1.30992382663927,0.6505089619892279
CC(=O)Nc1ccc(OC(=O)c2ccccc2OC(C)=O)cc1,CCC(C)=O,313.15,-1.3285658328674,0.13888886710007953
CC(=O)Nc1ccc(OC(=O)c2ccccc2OC(C)=O)cc1,CCC(C)=O,318.15,-1.29638430471174,0.2554368862368511
CC(=O)Nc1ccc(OC(=O)c2ccccc2OC(C)=O)cc1,CN(C)C=O,278.15,-0.6354292834558449,0.24471259246787225
CC(=O)Nc1ccc(OC(=O)c2ccccc2OC(C)=O)cc1,CN(C)C=O,283.15,-0.6131978172150611,0.38742928145237915
CC(=O)Nc1ccc(OC(=O)c2ccccc2OC(C)=O)cc1,CN(C)C=O,288.15,-0.592633279864539,0.5243158769756919
CC(=O)Nc1ccc(OC(=O)c2ccccc2OC(C)=O)cc1,CN(C)C=O,293.15,-0.569094866414265,0.655659413395393
CC(=O)Nc1ccc(OC(=O)c2ccccc2OC(C)=O)cc1,CN1CCCC1=O,278.15,-0.6467595488169771,0.31850121493189176
CC(=O)Nc1ccc(OC(=O)c2ccccc2OC(C)=O)cc1,CN(C)C=O,298.15,-0.546580638390894,0.7817266368688883
CC(=O)Nc1ccc(OC(=O)c2ccccc2OC(C)=O)cc1,CN(C)C=O,303.15,-0.522824787936481,0.9027655930784212
CC(=O)Nc1ccc(OC(=O)c2ccccc2OC(C)=O)cc1,CN1CCCC1=O,283.15,-0.588021155698553,0.45482341939825227
CC(=O)Nc1ccc(OC(=O)c2ccccc2OC(C)=O)cc1,CN(C)C=O,308.15,-0.49837048839815296,1.0190070685137096
CC(=O)Nc1ccc(OC(=O)c2ccccc2OC(C)=O)cc1,CN(C)C=O,313.15,-0.47218212219343997,1.130665901868052
CC(=O)Nc1ccc(OC(=O)c2ccccc2OC(C)=O)cc1,CN1CCCC1=O,288.15,-0.533673935851723,0.5865228949129444
CC(=O)Nc1ccc(OC(=O)c2ccccc2OC(C)=O)cc1,CN(C)C=O,318.15,-0.445614500376329,1.2379421801864887
CC(=O)Nc1ccc(OC(=O)c2ccccc2OC(C)=O)cc1,CN1CCCC1=O,293.15,-0.485902975862575,0.7138110682707409
CC(=O)Nc1ccc(OC(=O)c2ccccc2OC(C)=O)cc1,CN1CCCC1=O,298.15,-0.43517811178376503,0.8368856165887917
CC(=O)Nc1ccc(OC(=O)c2ccccc2OC(C)=O)cc1,CN1CCCC1=O,303.15,-0.39110515023358894,0.9559314913314613
CC(=O)Nc1ccc(OC(=O)c2ccccc2OC(C)=O)cc1,CN1CCCC1=O,308.15,-0.34968708070652393,1.071121846559288
CC(=O)Nc1ccc(OC(=O)c2ccccc2OC(C)=O)cc1,CN1CCCC1=O,313.15,-0.302639204581486,1.1826188830125361
CC(=O)Nc1ccc(OC(=O)c2ccccc2OC(C)=O)cc1,CN1CCCC1=O,318.15,-0.26006211065191104,1.2905746171776156
CCn1c2ccccc2c2cc(N3C=C(c4ccccc4)NN3)ccc21,CC(C)O,279.4,-2.53777389143607,-1.1418233704731513
CCn1c2ccccc2c2cc(N3C=C(c4ccccc4)NN3)ccc21,CCC(C)O,279.9,-2.49973007006423,-1.110291779414481
CCn1c2ccccc2c2cc(N3C=C(c4ccccc4)NN3)ccc21,CC(C)O,290.4,-2.33503154453745,-0.6470801487920883
CCn1c2ccccc2c2cc(N3C=C(c4ccccc4)NN3)ccc21,CCC(C)O,283.2,-2.39543377887946,-0.9588816571438036
CCn1c2ccccc2c2cc(N3C=C(c4ccccc4)NN3)ccc21,CCO,279.2,-2.15078546611119,-0.7928486186025542
CCn1c2ccccc2c2cc(N3C=C(c4ccccc4)NN3)ccc21,CO,279.3,-1.98833238718399,-0.6886323929359112
CCn1c2ccccc2c2cc(N3C=C(c4ccccc4)NN3)ccc21,CCO,281.5,-2.12867215918272,-0.6900652924924657
CCn1c2ccccc2c2cc(N3C=C(c4ccccc4)NN3)ccc21,CC(C)O,294.2,-2.21411710503905,-0.4952198418327076
CCn1c2ccccc2c2cc(N3C=C(c4ccccc4)NN3)ccc21,CO,281.9,-1.9306005964855701,-0.5741519994994994
CCn1c2ccccc2c2cc(N3C=C(c4ccccc4)NN3)ccc21,CCO,285.8,-2.0388381656697603,-0.5069894368686187
CCn1c2ccccc2c2cc(N3C=C(c4ccccc4)NN3)ccc21,CCCO,283.0,-2.12380733389045,-0.7685212798691166
CCn1c2ccccc2c2cc(N3C=C(c4ccccc4)NN3)ccc21,CC(C)O,298.4,-2.12657018155713,-0.3378518278698194
CCn1c2ccccc2c2cc(N3C=C(c4ccccc4)NN3)ccc21,CCCCO,280.1,-2.18853768703074,-0.8656675529634501
CCn1c2ccccc2c2cc(N3C=C(c4ccccc4)NN3)ccc21,CO,288.2,-1.83251922897824,-0.31410637382563183
CCn1c2ccccc2c2cc(N3C=C(c4ccccc4)NN3)ccc21,CCC(C)O,291.7,-2.1900793423225,-0.5975407180102912
CCn1c2ccccc2c2cc(N3C=C(c4ccccc4)NN3)ccc21,CCO,288.8,-1.98694613211901,-0.3859802148296012
CCn1c2ccccc2c2cc(N3C=C(c4ccccc4)NN3)ccc21,CCCO,285.1,-2.04367356996637,-0.6800530600644641
CCn1c2ccccc2c2cc(N3C=C(c4ccccc4)NN3)ccc21,CCCCO,283.7,-2.1220536907628302,-0.7132470050269462
CCn1c2ccccc2c2cc(N3C=C(c4ccccc4)NN3)ccc21,CC(C)O,300.9,-2.05119745134559,-0.2491753900796067
CCn1c2ccccc2c2cc(N3C=C(c4ccccc4)NN3)ccc21,CCO,291.9,-1.92937275824994,-0.26647907772094803
CCn1c2ccccc2c2cc(N3C=C(c4ccccc4)NN3)ccc21,CCC(C)O,294.6,-2.09965890806061,-0.4831545084140092
CCn1c2ccccc2c2cc(N3C=C(c4ccccc4)NN3)ccc21,CCCO,288.8,-1.9825681564167401,-0.5298606450207501
CCn1c2ccccc2c2cc(N3C=C(c4ccccc4)NN3)ccc21,CC(C)O,304.6,-1.98875848848286,-0.12448272019982082
CCn1c2ccccc2c2cc(N3C=C(c4ccccc4)NN3)ccc21,CCO,297.2,-1.8396115749233501,-0.07459039027846234
CCn1c2ccccc2c2cc(N3C=C(c4ccccc4)NN3)ccc21,CCCCO,288.6,-2.0306511786621098,-0.5153677822283406
CCn1c2ccccc2c2cc(N3C=C(c4ccccc4)NN3)ccc21,CCC(C)O,298.4,-2.01484243139394,-0.3397123175402515
CCn1c2ccccc2c2cc(N3C=C(c4ccccc4)NN3)ccc21,CC(C)O,307.7,-1.9297226999638,-0.025800248497629408
CCn1c2ccccc2c2cc(N3C=C(c4ccccc4)NN3)ccc21,CO,300.7,-1.63276380978207,0.13541861050105133
CCn1c2ccccc2c2cc(N3C=C(c4ccccc4)NN3)ccc21,CCCCO,292.7,-1.91531695566268,-0.35788367552344147
CCn1c2ccccc2c2cc(N3C=C(c4ccccc4)NN3)ccc21,CCCO,297.1,-1.8294386865637202,-0.21786881349867232
CCn1c2ccccc2c2cc(N3C=C(c4ccccc4)NN3)ccc21,CC(C)O,311.0,-1.83860869388258,0.07368381914711142
CCn1c2ccccc2c2cc(N3C=C(c4ccccc4)NN3)ccc21,CO,306.1,-1.54830420479197,0.30490969789297573
CCn1c2ccccc2c2cc(N3C=C(c4ccccc4)NN3)ccc21,CCO,307.8,-1.6387808325318798,0.265791987565271
CCn1c2ccccc2c2cc(N3C=C(c4ccccc4)NN3)ccc21,CCCCO,298.2,-1.82069705566051,-0.15758300138738174
CCn1c2ccccc2c2cc(N3C=C(c4ccccc4)NN3)ccc21,CCC(C)O,306.7,-1.7955691930453899,-0.050376977017390245
CCn1c2ccccc2c2cc(N3C=C(c4ccccc4)NN3)ccc21,CO,314.8,-1.3998447338591498,0.5498427111185642
CCn1c2ccccc2c2cc(N3C=C(c4ccccc4)NN3)ccc21,CCO,313.0,-1.54422400969329,0.4133974098414215
CCn1c2ccccc2c2cc(N3C=C(c4ccccc4)NN3)ccc21,CCCO,307.0,-1.6309679427926898,0.11284559818913004
CCn1c2ccccc2c2cc(N3C=C(c4ccccc4)NN3)ccc21,CC(C)O,319.5,-1.63854046299773,0.3050374309132632
CCn1c2ccccc2c2cc(N3C=C(c4ccccc4)NN3)ccc21,CC#N,281.7,-1.43688230721935,-0.5125416229752874
CCn1c2ccccc2c2cc(N3C=C(c4ccccc4)NN3)ccc21,CCCCO,307.4,-1.62207636735401,0.15126022587079707
CCn1c2ccccc2c2cc(N3C=C(c4ccccc4)NN3)ccc21,CCO,318.9,-1.4334354279896298,0.5667384307374673
CCn1c2ccccc2c2cc(N3C=C(c4ccccc4)NN3)ccc21,CO,320.7,-1.2738736255393999,0.697684236441298
CCn1c2ccccc2c2cc(N3C=C(c4ccccc4)NN3)ccc21,CCCO,312.2,-1.53271160882568,0.27004073355579394
CCn1c2ccccc2c2cc(N3C=C(c4ccccc4)NN3)ccc21,CC(C)O,324.1,-1.5439388944558898,0.41622533031108544
CCn1c2ccccc2c2cc(N3C=C(c4ccccc4)NN3)ccc21,CCC(C)O,315.7,-1.59249207378097,0.22906283162916985
CCn1c2ccccc2c2cc(N3C=C(c4ccccc4)NN3)ccc21,CC#N,287.8,-1.31813931618827,-0.2307090436443941
CCn1c2ccccc2c2cc(N3C=C(c4ccccc4)NN3)ccc21,CCO,323.2,-1.34438114098806,0.6695899827196475
CCn1c2ccccc2c2cc(N3C=C(c4ccccc4)NN3)ccc21,CCCCO,312.6,-1.5276270948483999,0.31231048611813494
CCn1c2ccccc2c2cc(N3C=C(c4ccccc4)NN3)ccc21,CO,325.0,-1.17680716032434,0.7967891666817215
CCn1c2ccccc2c2cc(N3C=C(c4ccccc4)NN3)ccc21,CCC(C)O,319.1,-1.5043394823245901,0.32603492927809297
CCn1c2ccccc2c2cc(N3C=C(c4ccccc4)NN3)ccc21,CCCO,319.4,-1.38703180570126,0.4703965060142249
CCn1c2ccccc2c2cc(N3C=C(c4ccccc4)NN3)ccc21,CC(C)O,330.2,-1.38381484746802,0.5495815805130365
CCn1c2ccccc2c2cc(N3C=C(c4ccccc4)NN3)ccc21,CC#N,295.4,-1.19326169770508,0.08888890436185504
CCn1c2ccccc2c2cc(N3C=C(c4ccccc4)NN3)ccc21,CCC(C)O,321.3,-1.4436072009380299,0.3864008614879678
CCn1c2ccccc2c2cc(N3C=C(c4ccccc4)NN3)ccc21,CCO,329.0,-1.2100303497391398,0.797140832827128
CCn1c2ccccc2c2cc(N3C=C(c4ccccc4)NN3)ccc21,CCCCO,320.4,-1.3683830947907,0.5369407091936252
CCn1c2ccccc2c2cc(N3C=C(c4ccccc4)NN3)ccc21,CCOC(C)=O,278.9,-1.37544584780029,-0.2846008221756189
CCn1c2ccccc2c2cc(N3C=C(c4ccccc4)NN3)ccc21,CCCO,325.2,-1.26502236471894,0.618097351037052
CCn1c2ccccc2c2cc(N3C=C(c4ccccc4)NN3)ccc21,CCOC(C)=O,282.5,-1.34107562163259,-0.11969171087710406
CCn1c2ccccc2c2cc(N3C=C(c4ccccc4)NN3)ccc21,CC#N,304.8,-1.03911041930809,0.44018217465827153
CCn1c2ccccc2c2cc(N3C=C(c4ccccc4)NN3)ccc21,CCC(C)O,329.5,-1.2542800821257298,0.5957046465802585
CCn1c2ccccc2c2cc(N3C=C(c4ccccc4)NN3)ccc21,CCOC(C)=O,288.6,-1.2604077516161298,0.14025338188941783
CCn1c2ccccc2c2cc(N3C=C(c4ccccc4)NN3)ccc21,CCCO,330.2,-1.14435868358721,0.7362072662627598
CCn1c2ccccc2c2cc(N3C=C(c4ccccc4)NN3)ccc21,CCOC(C)=O,293.8,-1.19563299423348,0.3436975503624844
CCn1c2ccccc2c2cc(N3C=C(c4ccccc4)NN3)ccc21,CC#N,312.3,-0.9081434387814341,0.6888573305585628
CCn1c2ccccc2c2cc(N3C=C(c4ccccc4)NN3)ccc21,CCOC(C)=O,296.6,-1.15522450881543,0.4467292990520202
CCn1c2ccccc2c2cc(N3C=C(c4ccccc4)NN3)ccc21,CCCCO,331.5,-1.13788810207776,0.8242314135529577
CCn1c2ccccc2c2cc(N3C=C(c4ccccc4)NN3)ccc21,CCOC(C)=O,301.9,-1.09263022571859,0.6299417798156177
CCn1c2ccccc2c2cc(N3C=C(c4ccccc4)NN3)ccc21,CCOC(C)=O,306.3,-1.0383033462450602,0.7708870251172404
CCn1c2ccccc2c2cc(N3C=C(c4ccccc4)NN3)ccc21,CC#N,319.4,-0.7615855215737459,0.9007467507304034
CCn1c2ccccc2c2cc(N3C=C(c4ccccc4)NN3)ccc21,CCOC(C)=O,310.5,-0.9839407939189071,0.8965023142848156
CCn1c2ccccc2c2cc(N3C=C(c4ccccc4)NN3)ccc21,CC#N,325.0,-0.63747148144375,1.0529330803816312
CCn1c2ccccc2c2cc(N3C=C(c4ccccc4)NN3)ccc21,CCOC(C)=O,318.0,-0.8877070287506109,1.1004769277115953
CCn1c2ccccc2c2cc(N3C=C(c4ccccc4)NN3)ccc21,CCOC(C)=O,322.8,-0.8145253084464671,1.2181885905799223
CCn1c2ccccc2c2cc(N3C=C(c4ccccc4)NN3)ccc21,CCOC(C)=O,326.9,-0.742943563824629,1.3112862541924595
CC(=O)N1CCC[C@H]1C(=O)O,CCOC(C)=O,283.15,-1.41736420779749,-0.9709054703289134
CC(=O)N1CCC[C@H]1C(=O)O,COC(C)=O,283.15,-1.1108557651881101,-0.827113967839114
CC(=O)N1CCC[C@H]1C(=O)O,CCOC(C)=O,293.15,-1.1855074667316599,-0.7368622448391187
CC(=O)N1CCC[C@H]1C(=O)O,CCOC(C)=O,303.15,-1.009628197766,-0.5209020723448907
CC(=O)N1CCC[C@H]1C(=O)O,COC(C)=O,293.15,-0.899358462434054,-0.5903658268777188
CC(=O)N1CCC[C@H]1C(=O)O,CCC(C)=O,283.15,-0.8870927378359058,-0.7604005720178447
CC(=O)N1CCC[C@H]1C(=O)O,O,283.15,-0.144902374104565,-0.3538268228279392
CC(=O)N1CCC[C@H]1C(=O)O,CCOC(C)=O,313.15,-0.8710209351268101,-0.3217322056779079
CC(=O)N1CCC[C@H]1C(=O)O,COC(C)=O,303.15,-0.736462183188093,-0.37643228119223926
CC(=O)N1CCC[C@H]1C(=O)O,CC(C)=O,283.15,-0.6547994045587989,-0.5240072081919648
CC(=O)N1CCC[C@H]1C(=O)O,CC#N,283.15,-0.506316637371883,-0.4035159772809548
CC(=O)N1CCC[C@H]1C(=O)O,CCC(C)=O,293.15,-0.737390365842879,-0.5344511199262306
CC(=O)N1CCC[C@H]1C(=O)O,O,293.15,0.027035650756057003,-0.20273295393071591
CC(=O)N1CCC[C@H]1C(=O)O,CCOC(C)=O,323.15,-0.6965690709196921,-0.13824966455066512
CC(=O)N1CCC[C@H]1C(=O)O,COC(C)=O,313.15,-0.573325539988021,-0.1833855848200544
CC(=O)N1CCC[C@H]1C(=O)O,CCC(C)=O,303.15,-0.571764667795269,-0.32593609132535695
CC(=O)N1CCC[C@H]1C(=O)O,C1COCCO1,288.15,-0.5414129433209821,-0.42750912610209046
CC(=O)N1CCC[C@H]1C(=O)O,CC(C)=O,293.15,-0.4622296089268211,-0.2965511372841829
CC(=O)N1CCC[C@H]1C(=O)O,O,303.15,0.18484170173433498,-0.0524389249338144
CC(=O)N1CCC[C@H]1C(=O)O,C1COCCO1,293.15,-0.45314125472141104,-0.3222878441504135
CC(=O)N1CCC[C@H]1C(=O)O,COC(C)=O,323.15,-0.401031035290714,-0.009590158712331487
CC(=O)N1CCC[C@H]1C(=O)O,CC#N,293.15,-0.17932517056170497,-0.1662836921173591
CC(=O)N1CCC[C@H]1C(=O)O,ClCCl,283.15,-0.25456724757425897,-0.5697626238246423
CC(=O)N1CCC[C@H]1C(=O)O,CCC(C)=O,313.15,-0.41785399658550004,-0.13361040232392224
CC(=O)N1CCC[C@H]1C(=O)O,CC(C)=O,303.15,-0.314967098763986,-0.09300027477499087
CC(=O)N1CCC[C@H]1C(=O)O,CCCCCO,283.15,-0.436798156320351,-0.6872005975436409
CC(=O)N1CCC[C@H]1C(=O)O,CCCCO,283.15,-0.32422919452310606,-0.5949788214771267
CC(=O)N1CCC[C@H]1C(=O)O,C1COCCO1,303.15,-0.29783436535917496,-0.12127502243794012
CC(=O)N1CCC[C@H]1C(=O)O,O,313.15,0.382744128897915,0.09646917773827157
CC(=O)N1CCC[C@H]1C(=O)O,CCC(C)O,283.15,-0.30712962790362297,-0.658494413752047
CC(=O)N1CCC[C@H]1C(=O)O,CC(C)CO,283.15,-0.290308635371409,-0.6801721005824741
CC(=O)N1CCC[C@H]1C(=O)O,CC(C)O,283.15,-0.20674804816324105,-0.5929289047796988
CC(=O)N1CCC[C@H]1C(=O)O,ClCCl,288.15,-0.127433232529984,-0.4529316840084544
CC(=O)N1CCC[C@H]1C(=O)O,CC(C)=O,313.15,-0.17157487148759198,0.08873261747512928
CC(=O)N1CCC[C@H]1C(=O)O,CCCCCO,293.15,-0.283945380809162,-0.4421810929216645
CC(=O)N1CCC[C@H]1C(=O)O,CCC(C)=O,323.15,-0.201687778055198,0.043588484840379194
CC(=O)N1CCC[C@H]1C(=O)O,CC#N,303.15,0.04583015491132401,0.04958308230187393
CC(=O)N1CCC[C@H]1C(=O)O,CCCCO,293.15,-0.16436055372007902,-0.35520664689868053
CC(=O)N1CCC[C@H]1C(=O)O,ClCCl,293.15,0.010443146014355998,-0.34218344207003254
CC(=O)N1CCC[C@H]1C(=O)O,CCC(C)O,293.15,-0.143024620193416,-0.41172920136575575
CC(=O)N1CCC[C@H]1C(=O)O,CC(C)CO,293.15,-0.128527701339887,-0.4393724219627505
CC(=O)N1CCC[C@H]1C(=O)O,C1COCCO1,313.15,-0.08152676393552001,0.06781449222998659
CC(=O)N1CCC[C@H]1C(=O)O,CC(C)=O,323.15,-0.025912170154237003,0.2504132886225351
CC(=O)N1CCC[C@H]1C(=O)O,CC(C)O,293.15,0.01463624324927,-0.3460208955677289
CC(=O)N1CCC[C@H]1C(=O)O,O,323.15,0.6407214443166589,0.24348619043053582
CC(=O)N1CCC[C@H]1C(=O)O,CCCCCO,303.15,-0.129199107165592,-0.2152137087521187
CC(=O)N1CCC[C@H]1C(=O)O,CCO,283.15,0.14990933929717,-0.32189326384659517
CC(=O)N1CCC[C@H]1C(=O)O,ClCCl,298.15,0.13018789957709198,-0.23723325355952266
CC(=O)N1CCC[C@H]1C(=O)O,CCCCO,303.15,0.017288734610507,-0.13434081778986046
CC(=O)N1CCC[C@H]1C(=O)O,CCC(C)O,303.15,0.03515293584603,-0.18751177494082538
CC(=O)N1CCC[C@H]1C(=O)O,CCCO,283.15,0.157409787457599,-0.5139162580114489
CC(=O)N1CCC[C@H]1C(=O)O,ClCCl,303.15,0.22547213841751101,-0.13781896928707496
CC(=O)N1CCC[C@H]1C(=O)O,CC(C)O,303.15,0.152666679593114,-0.12670054012359094
CC(=O)N1CCC[C@H]1C(=O)O,CC(C)CO,303.15,0.10582219713791599,-0.21836316775444073
CC(=O)N1CCC[C@H]1C(=O)O,CCO,293.15,0.32886874568933194,-0.08698867776383233
CC(=O)N1CCC[C@H]1C(=O)O,CCCCCO,313.15,0.054153137947806,-0.004811168737987648
CC(=O)N1CCC[C@H]1C(=O)O,CO,283.15,0.5425049970182371,0.05153821365232819
CC(=O)N1CCC[C@H]1C(=O)O,C1COCCO1,323.15,0.228196845505268,0.24566909644159424
CC(=O)N1CCC[C@H]1C(=O)O,CC#N,313.15,0.447195776084943,0.24597610142606785
CC(=O)N1CCC[C@H]1C(=O)O,CCC(C)O,313.15,0.21037033634367203,0.0161652409009837
CC(=O)N1CCC[C@H]1C(=O)O,CCCCO,313.15,0.216264055852605,0.06918805442261611
CC(=O)N1CCC[C@H]1C(=O)O,CCCO,293.15,0.336712002898532,-0.2745893627532129
CC(=O)N1CCC[C@H]1C(=O)O,CC(C)O,313.15,0.327942995567479,0.06772069553526355
CC(=O)N1CCC[C@H]1C(=O)O,CC(C)CO,313.15,0.258397892510601,-0.015500353564236291
CC(=O)N1CCC[C@H]1C(=O)O,CCO,303.15,0.497375819262446,0.12118283253579161
CC(=O)N1CCC[C@H]1C(=O)O,CCCCCO,323.15,0.22734524837439302,0.19031015457744083
CC(=O)N1CCC[C@H]1C(=O)O,CO,293.15,0.69130608111313,0.2714070791980278
CC(=O)N1CCC[C@H]1C(=O)O,CC(C)O,323.15,0.435350040899068,0.23953021888573606
CC(=O)N1CCC[C@H]1C(=O)O,CCC(C)O,323.15,0.389079800846966,0.20101942780014725
CC(=O)N1CCC[C@H]1C(=O)O,CCCO,303.15,0.5058924430567411,-0.05721948695924184
CC(=O)N1CCC[C@H]1C(=O)O,CCCCO,323.15,0.419511212425812,0.2567292764003347
CC(=O)N1CCC[C@H]1C(=O)O,CC(C)CO,323.15,0.42043613302833793,0.17062587472080526
CC(=O)N1CCC[C@H]1C(=O)O,CO,303.15,0.811953745349755,0.46590938435671736
CC(=O)N1CCC[C@H]1C(=O)O,CCO,313.15,0.671144832833896,0.3054816414000903
CC(=O)N1CCC[C@H]1C(=O)O,CC#N,323.15,0.797530856656402,0.42451506451885035
CC(=O)N1CCC[C@H]1C(=O)O,CCCO,313.15,0.680053801681716,0.14013409574668584
CC(=O)N1CCC[C@H]1C(=O)O,CCO,323.15,0.8013903683446629,0.4683338798417502
CC(=O)N1CCC[C@H]1C(=O)O,CO,313.15,0.997066783810717,0.637591215063794
CC(=O)N1CCC[C@H]1C(=O)O,CCCO,323.15,0.813682334950104,0.31913086354029463
CC(=O)N1CCC[C@H]1C(=O)O,CO,323.15,1.21126186544053,0.7886326100934127
Clc1cc(Cl)c(Cl)cc1Cl,O,278.15,-6.01212929938293,-5.129636450671488
Clc1cc(Cl)c(Cl)cc1Cl,O,288.15,-5.8223367626498606,-5.028475406051962
Clc1cc(Cl)c(Cl)cc1Cl,O,298.15,-5.60755871181188,-4.906922722630638
Clc1cc(Cl)c(Cl)cc1Cl,O,308.15,-5.46154819595087,-4.768473660489315
Clc1cc(Cl)c(Cl)cc1Cl,O,318.15,-5.278268718299589,-4.6161174229406
Clc1ccc(Cl)cc1,O,278.15,-3.47762437984727,-3.4960405120371427
Clc1ccc(Cl)cc1,O,298.15,-3.25363624422036,-3.227723363812711
Clc1ccc(Cl)cc1,O,308.15,-3.14514435866249,-3.0810358604488854
Clc1ccc(Cl)cc1,O,288.15,-3.36492009965598,-3.366705030657487
Clc1ccc(Cl)cc1,O,318.15,-3.0503172968027203,-2.928302335033587
Cc1c(C(=O)O)cc([N+](=O)[O-])cc1[N+](=O)[O-],CC(C)CO,298.15,-1.04703006158125,0.042008810240200985
Cc1c(C(=O)O)cc([N+](=O)[O-])cc1[N+](=O)[O-],CCCCCCCCCCO,298.15,-1.33124694025684,-0.18524853787565318
Cc1c(C(=O)O)cc([N+](=O)[O-])cc1[N+](=O)[O-],CC(C)CCO,298.15,-0.952011447432955,0.062323458987986406
Cc1c(C(=O)O)cc([N+](=O)[O-])cc1[N+](=O)[O-],CCCCCCCCO,298.15,-1.09678226404819,-0.03141777727909253
Cc1c(C(=O)O)cc([N+](=O)[O-])cc1[N+](=O)[O-],CCCCCCO,298.15,-0.96198628884178,0.14540435368848126
Cc1c(C(=O)O)cc([N+](=O)[O-])cc1[N+](=O)[O-],CC(C)CC(C)O,298.15,-0.952539532141525,0.01662483501741781
Cc1c(C(=O)O)cc([N+](=O)[O-])cc1[N+](=O)[O-],CC(C)(C)O,298.15,-0.8123480700892758,0.32125218245220455
Cc1c(C(=O)O)cc([N+](=O)[O-])cc1[N+](=O)[O-],CCCC(C)O,298.15,-0.852709709972356,0.18253777778721783
Cc1c(C(=O)O)cc([N+](=O)[O-])cc1[N+](=O)[O-],CC(C)O,298.15,-0.698943546885025,0.29468934783188083
Cc1c(C(=O)O)cc([N+](=O)[O-])cc1[N+](=O)[O-],CCCCO,298.15,-0.7726803343413141,0.21059286792197876
Cc1c(C(=O)O)cc([N+](=O)[O-])cc1[N+](=O)[O-],CCC(C)O,298.15,-0.77265559823962,0.25345361723453536
Cc1c(C(=O)O)cc([N+](=O)[O-])cc1[N+](=O)[O-],CCCCCO,298.15,-0.8131255250578141,0.20129238508312722
Cc1c(C(=O)O)cc([N+](=O)[O-])cc1[N+](=O)[O-],CCCO,298.15,-0.647540691957312,0.28452296098215524
Cc1c(C(=O)O)cc([N+](=O)[O-])cc1[N+](=O)[O-],CCCCCCCO,298.15,-0.9190622119208031,0.055422254555096286
Cc1c(C(=O)O)cc([N+](=O)[O-])cc1[N+](=O)[O-],CCCCCOC(C)=O,298.15,-0.7596481623684209,0.08609621874447376
Cc1c(C(=O)O)cc([N+](=O)[O-])cc1[N+](=O)[O-],CCCCOC(C)=O,298.15,-0.6892469586802399,0.2435114778070958
Cc1c(C(=O)O)cc([N+](=O)[O-])cc1[N+](=O)[O-],CCCOC(C)=O,298.15,-0.581977645341977,0.3429608417268886
Cc1c(C(=O)O)cc([N+](=O)[O-])cc1[N+](=O)[O-],CCOC(C)=O,298.15,-0.474485475385511,0.5151768528398712
Cc1c(C(=O)O)cc([N+](=O)[O-])cc1[N+](=O)[O-],COC(C)=O,298.15,-0.315321307781272,0.6453731062426418
COc1ccccc1C(=O)O,CCOC(=O)OCC,298.15,-0.503434733995297,-0.9042599165235407
Cc1cc(C(=O)O)ccc1[N+](=O)[O-],COC(=O)OC,298.15,-1.08245892276044,-0.44642009869160615
O=c1[nH]c(=O)[nH]c(=O)[nH]1,OCCO,308.25,-2.14793843350462,-1.445472438019353
O=c1[nH]c(=O)[nH]c(=O)[nH]1,OCCO,318.05,-2.0400242764449,-1.5005123781951921
O=c1[nH]c(=O)[nH]c(=O)[nH]1,OCCO,324.45,-1.9705373780037099,-1.5341623483788127
O=c1[nH]c(=O)[nH]c(=O)[nH]1,OCCO,329.05,-1.92193968392698,-1.5573357744541847
O=c1[nH]c(=O)[nH]c(=O)[nH]1,OCCO,331.15,-1.90079685112403,-1.5676509020342075
O=c1[nH]c(=O)[nH]c(=O)[nH]1,OCCO,336.15,-1.84977291366707,-1.5915818474750587
O=c1[nH]c(=O)[nH]c(=O)[nH]1,OCCO,338.85,-1.82247395543728,-1.6041538216237772
O=c1[nH]c(=O)[nH]c(=O)[nH]1,OCCO,345.55,-1.7577978354459,-1.6343630407501777
O=c1[nH]c(=O)[nH]c(=O)[nH]1,OCCO,348.24,-1.7325975044446698,-1.646119564207506
O=c1[nH]c(=O)[nH]c(=O)[nH]1,OCCO,351.45,-1.70139465656746,-1.6598875822557402
O=c1[nH]c(=O)[nH]c(=O)[nH]1,CN(C)C=O,307.07,-0.24316568562551502,0.05363712652371318
O=c1[nH]c(=O)[nH]c(=O)[nH]1,CN(C)C=O,310.61,-0.231777799143442,0.010076957797932329
O=c1[nH]c(=O)[nH]c(=O)[nH]1,CN(C)C=O,314.84,-0.215475797761772,-0.04099641828694353
O=c1[nH]c(=O)[nH]c(=O)[nH]1,CN(C)C=O,319.71,-0.19795062602611702,-0.09855150945512947
O=c1[nH]c(=O)[nH]c(=O)[nH]1,CN(C)C=O,324.55,-0.180740272475717,-0.15451154611749957
O=c1[nH]c(=O)[nH]c(=O)[nH]1,CN(C)C=O,329.55,-0.16279362602840802,-0.2111075450322964
O=c1[nH]c(=O)[nH]c(=O)[nH]1,CN(C)C=O,334.45,-0.141435098431569,-0.26545441724112784
O=c1[nH]c(=O)[nH]c(=O)[nH]1,CN(C)C=O,338.54,-0.126436528108872,-0.31002543571680663
O=c1[nH]c(=O)[nH]c(=O)[nH]1,CN(C)C=O,344.14,-0.10532942204780499,-0.369963612998071
O=c1[nH]c(=O)[nH]c(=O)[nH]1,CN(C)C=O,348.74,-0.079862511430664,-0.41832311127035904
O=c1[nH]c(=O)[nH]c(=O)[nH]1,CN(C)C=O,305.15,-2.16863997814774,0.07758831513159029
O=c1[nH]c(=O)[nH]c(=O)[nH]1,CN(C)C=O,309.35,-2.08151696040491,0.025493911338540648
O=c1[nH]c(=O)[nH]c(=O)[nH]1,CN(C)C=O,313.93,-1.9920618465041997,-0.03009613039786052
O=c1[nH]c(=O)[nH]c(=O)[nH]1,CN(C)C=O,314.93,-1.97233551268001,-0.04207192303087154
O=c1[nH]c(=O)[nH]c(=O)[nH]1,CN(C)C=O,316.33,-1.9463061394835999,-0.058743621384600014
O=c1[nH]c(=O)[nH]c(=O)[nH]1,CN(C)C=O,318.05,-1.9146469595069298,-0.07907796768666059
O=c1[nH]c(=O)[nH]c(=O)[nH]1,CN(C)C=O,319.7,-1.8847880187648898,-0.0984346377791786
O=c1[nH]c(=O)[nH]c(=O)[nH]1,CN(C)C=O,321.15,-1.85922936528343,-0.11532631710419444
O=c1[nH]c(=O)[nH]c(=O)[nH]1,CN(C)C=O,325.1,-1.79119524157181,-0.16079599088985042
O=c1[nH]c(=O)[nH]c(=O)[nH]1,CN(C)C=O,328.97,-1.72762553941555,-0.20460298120619025
O=c1[nH]c(=O)[nH]c(=O)[nH]1,CN(C)C=O,334.3,-1.64514841785237,-0.2638063991044406
O=c1[nH]c(=O)[nH]c(=O)[nH]1,CN(C)C=O,337.46,-1.59815262891065,-0.2983234322546008
O=c1[nH]c(=O)[nH]c(=O)[nH]1,O=S1(=O)CCCC1,316.84,-1.6838337447131801,-0.38352162888000835
O=c1[nH]c(=O)[nH]c(=O)[nH]1,O=S1(=O)CCCC1,319.99,-1.6448228879553202,-0.4006194150728959
O=c1[nH]c(=O)[nH]c(=O)[nH]1,O=S1(=O)CCCC1,324.55,-1.5820024455575001,-0.4248168454519192
O=c1[nH]c(=O)[nH]c(=O)[nH]1,O=S1(=O)CCCC1,329.73,-1.5141698395209,-0.4515485060431298
O=c1[nH]c(=O)[nH]c(=O)[nH]1,O=S1(=O)CCCC1,336.34,-1.4372367411995302,-0.4845634672969771
O=c1[nH]c(=O)[nH]c(=O)[nH]1,O=S1(=O)CCCC1,340.84,-1.3769567767332398,-0.5063787552754546
O=c1[nH]c(=O)[nH]c(=O)[nH]1,O=S1(=O)CCCC1,346.14,-1.3263572185613899,-0.5314272001812662
O=c1[nH]c(=O)[nH]c(=O)[nH]1,O=S1(=O)CCCC1,350.04,-1.2780974241191498,-0.5494358715395569
O=c1[nH]c(=O)[nH]c(=O)[nH]1,O=S1(=O)CCCC1,355.26,-1.23123758273518,-0.5730078830176151
O=c1[nH]c(=O)[nH]c(=O)[nH]1,O=S1(=O)CCCC1,360.96,-1.17405898321703,-0.5980895223483138
O=c1[nH]c(=O)[nH]c(=O)[nH]1,CC(=O)N(C)C,314.35,-0.6472871299578079,-0.041016321296206776
O=c1[nH]c(=O)[nH]c(=O)[nH]1,CC(=O)N(C)C,318.85,-0.628858280637151,-0.09948937725861046
O=c1[nH]c(=O)[nH]c(=O)[nH]1,CC(=O)N(C)C,323.5,-0.60934602603459,-0.15825122336424086
O=c1[nH]c(=O)[nH]c(=O)[nH]1,CC(=O)N(C)C,332.8,-0.567490493356066,-0.27111092226832634
O=c1[nH]c(=O)[nH]c(=O)[nH]1,CC(=O)N(C)C,335.65,-0.5480608110103089,-0.3045433205831431
O=c1[nH]c(=O)[nH]c(=O)[nH]1,CC(=O)N(C)C,339.2,-0.527484336947889,-0.34548314777532696
O=c1[nH]c(=O)[nH]c(=O)[nH]1,CC(=O)N(C)C,344.82,-0.497859372566758,-0.4087847639139215
O=c1[nH]c(=O)[nH]c(=O)[nH]1,CC(=O)N(C)C,349.61,-0.47082001366378595,-0.4613697850937678
O=c1[nH]c(=O)[nH]c(=O)[nH]1,CC(=O)N(C)C,353.9,-0.445028663666058,-0.5074706638163736
O=c1[nH]c(=O)[nH]c(=O)[nH]1,CC(=O)N(C)C,358.95,-0.41914948951429604,-0.5606150765423203
O=c1[nH]c(=O)[nH]c(=O)[nH]1,CC(=O)N(C)C,301.07,-1.75907936151625,0.14172660456255987
O=c1[nH]c(=O)[nH]c(=O)[nH]1,CC(=O)N(C)C,304.98,-1.7189785997133502,0.08624381940408306
O=c1[nH]c(=O)[nH]c(=O)[nH]1,CC(=O)N(C)C,308.2,-1.6782128872115099,0.04163197822105896
O=c1[nH]c(=O)[nH]c(=O)[nH]1,CC(=O)N(C)C,311.0,-1.6443310707789098,0.0035981142807653965
O=c1[nH]c(=O)[nH]c(=O)[nH]1,CC(=O)N(C)C,314.13,-1.60820486079465,-0.03811540807578384
O=c1[nH]c(=O)[nH]c(=O)[nH]1,CC(=O)N(C)C,317.3,-1.5730764849124699,-0.07953202283066935
O=c1[nH]c(=O)[nH]c(=O)[nH]1,CC(=O)N(C)C,321.95,-1.52421298315693,-0.1388451742609496
O=c1[nH]c(=O)[nH]c(=O)[nH]1,CC(=O)N(C)C,327.37,-1.47080187054093,-0.20594215905672558
O=c1[nH]c(=O)[nH]c(=O)[nH]1,CC(=O)N(C)C,330.94,-1.4378752223431102,-0.24900990014408092
O=c1[nH]c(=O)[nH]c(=O)[nH]1,CC(=O)N(C)C,337.75,-1.37978303637956,-0.3288534528005217
O=c1[nH]c(=O)[nH]c(=O)[nH]1,CC(=O)N(C)C,343.45,-1.33591342794818,-0.39351801739245995
O=c1[nH]c(=O)[nH]c(=O)[nH]1,OC1CCCCC1,312.45,-2.65507516719304,-1.502994827490415
O=c1[nH]c(=O)[nH]c(=O)[nH]1,OC1CCCCC1,316.75,-2.57581222849412,-1.5236051722102992
O=c1[nH]c(=O)[nH]c(=O)[nH]1,OC1CCCCC1,320.25,-2.50623343645874,-1.540343718192984
O=c1[nH]c(=O)[nH]c(=O)[nH]1,OC1CCCCC1,325.8,-2.4120108179232997,-1.5668373039336876
O=c1[nH]c(=O)[nH]c(=O)[nH]1,OC1CCCCC1,330.85,-2.29752393358383,-1.5909138893045491
O=c1[nH]c(=O)[nH]c(=O)[nH]1,OC1CCCCC1,337.15,-2.17527826722345,-1.620944670584263
O=c1[nH]c(=O)[nH]c(=O)[nH]1,OC1CCCCC1,344.25,-2.07471530658745,-1.654832255244699
O=c1[nH]c(=O)[nH]c(=O)[nH]1,OC1CCCCC1,351.5,-1.96918719428644,-1.6895447079733743
O=c1[nH]c(=O)[nH]c(=O)[nH]1,OC1CCCCC1,355.15,-1.92637084603159,-1.7070827272064748
O=c1[nH]c(=O)[nH]c(=O)[nH]1,OC1CCCCC1,358.65,-1.88215084017553,-1.723949330959321
O=c1[nH]c(=O)[nH]c(=O)[nH]1,NC=O,312.37,-1.2362896397318799,-0.7357385246013581
O=c1[nH]c(=O)[nH]c(=O)[nH]1,NC=O,322.17,-1.1152710338789,-0.7992082005926917
O=c1[nH]c(=O)[nH]c(=O)[nH]1,NC=O,326.16,-1.07026530500477,-0.8238623040723673
O=c1[nH]c(=O)[nH]c(=O)[nH]1,NC=O,328.9,-1.0409417012104698,-0.8404217000451963
O=c1[nH]c(=O)[nH]c(=O)[nH]1,NC=O,333.48,-0.995494673896081,-0.867458030166798
O=c1[nH]c(=O)[nH]c(=O)[nH]1,NC=O,335.5,-0.9665145847148271,-0.8791364015772553
O=c1[nH]c(=O)[nH]c(=O)[nH]1,NC=O,337.9,-0.9383392061507291,-0.8928232850288143
O=c1[nH]c(=O)[nH]c(=O)[nH]1,NC=O,342.14,-0.8867370096452389,-0.9165213044847409
O=c1[nH]c(=O)[nH]c(=O)[nH]1,NC=O,344.46,-0.860485571957518,-0.9292372070939796
O=c1[nH]c(=O)[nH]c(=O)[nH]1,NC=O,346.7,-0.8369427325680859,-0.941352403768119
c1ccc(-n2c(-c3cc(-c4nc5ccccc5n4-c4ccccc4)cc(-c4nc5ccccc5n4-c4ccccc4)c3)nc3ccccc32)cc1,CC#N,283.15,-2.65688672945198,2.5947616433125806
c1ccc(-n2c(-c3cc(-c4nc5ccccc5n4-c4ccccc4)cc(-c4nc5ccccc5n4-c4ccccc4)c3)nc3ccccc32)cc1,CC#N,293.15,-2.58837314212737,3.49363849602864
c1ccc(-n2c(-c3cc(-c4nc5ccccc5n4-c4ccccc4)cc(-c4nc5ccccc5n4-c4ccccc4)c3)nc3ccccc32)cc1,CC#N,303.15,-2.55224171178483,4.268374693826441
c1ccc(-n2c(-c3cc(-c4nc5ccccc5n4-c4ccccc4)cc(-c4nc5ccccc5n4-c4ccccc4)c3)nc3ccccc32)cc1,CC#N,313.15,-2.45712135879511,4.934075304746331
c1ccc(-n2c(-c3cc(-c4nc5ccccc5n4-c4ccccc4)cc(-c4nc5ccccc5n4-c4ccccc4)c3)nc3ccccc32)cc1,CC#N,323.15,-2.37222392445388,5.503697454316589
c1ccc(-n2c(-c3cc(-c4nc5ccccc5n4-c4ccccc4)cc(-c4nc5ccccc5n4-c4ccccc4)c3)nc3ccccc32)cc1,CCO,283.15,-2.20843558644132,2.6327295353089406
c1ccc(-n2c(-c3cc(-c4nc5ccccc5n4-c4ccccc4)cc(-c4nc5ccccc5n4-c4ccccc4)c3)nc3ccccc32)cc1,CCO,293.15,-2.12529456361952,3.5084785057370196
c1ccc(-n2c(-c3cc(-c4nc5ccccc5n4-c4ccccc4)cc(-c4nc5ccccc5n4-c4ccccc4)c3)nc3ccccc32)cc1,CCO,303.15,-2.03648962043325,4.247940398138009
c1ccc(-n2c(-c3cc(-c4nc5ccccc5n4-c4ccccc4)cc(-c4nc5ccccc5n4-c4ccccc4)c3)nc3ccccc32)cc1,CCO,313.15,-1.92025526435282,4.868722008993616
c1ccc(-n2c(-c3cc(-c4nc5ccccc5n4-c4ccccc4)cc(-c4nc5ccccc5n4-c4ccccc4)c3)nc3ccccc32)cc1,CCO,323.15,-1.8134738045089298,5.385887897839305
c1ccc(-n2c(-c3cc(-c4nc5ccccc5n4-c4ccccc4)cc(-c4nc5ccccc5n4-c4ccccc4)c3)nc3ccccc32)cc1,CS(C)=O,293.15,-1.77471542392984,3.7662648140919406
c1ccc(-n2c(-c3cc(-c4nc5ccccc5n4-c4ccccc4)cc(-c4nc5ccccc5n4-c4ccccc4)c3)nc3ccccc32)cc1,CS(C)=O,303.15,-1.67114627592496,4.501130595859279
c1ccc(-n2c(-c3cc(-c4nc5ccccc5n4-c4ccccc4)cc(-c4nc5ccccc5n4-c4ccccc4)c3)nc3ccccc32)cc1,CS(C)=O,313.15,-1.4988446028952198,5.177432723525017
c1ccc(-n2c(-c3cc(-c4nc5ccccc5n4-c4ccccc4)cc(-c4nc5ccccc5n4-c4ccccc4)c3)nc3ccccc32)cc1,CS(C)=O,323.15,-1.38025196993589,5.800962774962494
c1ccc(-n2c(-c3cc(-c4nc5ccccc5n4-c4ccccc4)cc(-c4nc5ccccc5n4-c4ccccc4)c3)nc3ccccc32)cc1,CC(C)O,283.15,-3.83280688045807,2.553847430302633
c1ccc(-n2c(-c3cc(-c4nc5ccccc5n4-c4ccccc4)cc(-c4nc5ccccc5n4-c4ccccc4)c3)nc3ccccc32)cc1,CC(C)O,293.15,-3.54467885016688,3.4703071828630128
c1ccc(-n2c(-c3cc(-c4nc5ccccc5n4-c4ccccc4)cc(-c4nc5ccccc5n4-c4ccccc4)c3)nc3ccccc32)cc1,CC(C)O,303.15,-3.4052595523712004,4.230472404059681
c1ccc(-n2c(-c3cc(-c4nc5ccccc5n4-c4ccccc4)cc(-c4nc5ccccc5n4-c4ccccc4)c3)nc3ccccc32)cc1,CC(C)O,313.15,-3.2390100085015,4.854861857489116
c1ccc(-n2c(-c3cc(-c4nc5ccccc5n4-c4ccccc4)cc(-c4nc5ccccc5n4-c4ccccc4)c3)nc3ccccc32)cc1,CC(C)O,323.15,-3.0607072629145495,5.361035855822796
c1ccc(-n2c(-c3cc(-c4nc5ccccc5n4-c4ccccc4)cc(-c4nc5ccccc5n4-c4ccccc4)c3)nc3ccccc32)cc1,CCCCO,283.15,-1.8884841686374598,2.740433493651694
c1ccc(-n2c(-c3cc(-c4nc5ccccc5n4-c4ccccc4)cc(-c4nc5ccccc5n4-c4ccccc4)c3)nc3ccccc32)cc1,CCCCO,293.15,-1.84016236594666,3.592771926984236
c1ccc(-n2c(-c3cc(-c4nc5ccccc5n4-c4ccccc4)cc(-c4nc5ccccc5n4-c4ccccc4)c3)nc3ccccc32)cc1,CCCCO,303.15,-1.77456780703854,4.338177875413351
c1ccc(-n2c(-c3cc(-c4nc5ccccc5n4-c4ccccc4)cc(-c4nc5ccccc5n4-c4ccccc4)c3)nc3ccccc32)cc1,CCCCO,313.15,-1.7465402851930703,4.989184602056351
c1ccc(-n2c(-c3cc(-c4nc5ccccc5n4-c4ccccc4)cc(-c4nc5ccccc5n4-c4ccccc4)c3)nc3ccccc32)cc1,CCCCO,323.15,-3.69122726075973,5.556556700096384
c1ccc(-n2c(-c3cc(-c4nc5ccccc5n4-c4ccccc4)cc(-c4nc5ccccc5n4-c4ccccc4)c3)nc3ccccc32)cc1,C1CCOC1,283.15,-1.7024114769052,5.104001560898734
c1ccc(-n2c(-c3cc(-c4nc5ccccc5n4-c4ccccc4)cc(-c4nc5ccccc5n4-c4ccccc4)c3)nc3ccccc32)cc1,C1CCOC1,293.15,-1.60352612869563,5.914007850445363
c1ccc(-n2c(-c3cc(-c4nc5ccccc5n4-c4ccccc4)cc(-c4nc5ccccc5n4-c4ccccc4)c3)nc3ccccc32)cc1,C1CCOC1,303.15,-1.4714411657242301,6.5967000427738505
c1ccc(-n2c(-c3cc(-c4nc5ccccc5n4-c4ccccc4)cc(-c4nc5ccccc5n4-c4ccccc4)c3)nc3ccccc32)cc1,C1CCOC1,313.15,-1.2955458400403999,7.167985155285949
c1ccc(-n2c(-c3cc(-c4nc5ccccc5n4-c4ccccc4)cc(-c4nc5ccccc5n4-c4ccccc4)c3)nc3ccccc32)cc1,C1CCOC1,323.15,-1.27011736863555,7.641483368502048
c1ccc(-n2c(-c3cc(-c4nc5ccccc5n4-c4ccccc4)cc(-c4nc5ccccc5n4-c4ccccc4)c3)nc3ccccc32)cc1,CCOC(C)=O,283.15,-2.13263468416274,4.143922092303732
c1ccc(-n2c(-c3cc(-c4nc5ccccc5n4-c4ccccc4)cc(-c4nc5ccccc5n4-c4ccccc4)c3)nc3ccccc32)cc1,CCOC(C)=O,293.15,-2.09960032028111,4.9766641052524845
c1ccc(-n2c(-c3cc(-c4nc5ccccc5n4-c4ccccc4)cc(-c4nc5ccccc5n4-c4ccccc4)c3)nc3ccccc32)cc1,CCOC(C)=O,303.15,-2.03142899940848,5.677348366300021
c1ccc(-n2c(-c3cc(-c4nc5ccccc5n4-c4ccccc4)cc(-c4nc5ccccc5n4-c4ccccc4)c3)nc3ccccc32)cc1,CCOC(C)=O,313.15,-1.92230653043184,6.2626053364556915
c1ccc(-n2c(-c3cc(-c4nc5ccccc5n4-c4ccccc4)cc(-c4nc5ccccc5n4-c4ccccc4)c3)nc3ccccc32)cc1,CCOC(C)=O,323.15,-1.76683657887835,6.7466700137235485
c1ccc(-n2c(-c3cc(-c4nc5ccccc5n4-c4ccccc4)cc(-c4nc5ccccc5n4-c4ccccc4)c3)nc3ccccc32)cc1,C1CCCCC1,283.15,-5.71452531402377,1.1742892359981534
c1ccc(-n2c(-c3cc(-c4nc5ccccc5n4-c4ccccc4)cc(-c4nc5ccccc5n4-c4ccccc4)c3)nc3ccccc32)cc1,C1CCCCC1,293.15,-5.460617379061049,2.074962924921621
c1ccc(-n2c(-c3cc(-c4nc5ccccc5n4-c4ccccc4)cc(-c4nc5ccccc5n4-c4ccccc4)c3)nc3ccccc32)cc1,C1CCCCC1,303.15,-5.26420235036988,2.864833464299024
c1ccc(-n2c(-c3cc(-c4nc5ccccc5n4-c4ccccc4)cc(-c4nc5ccccc5n4-c4ccccc4)c3)nc3ccccc32)cc1,C1CCCCC1,313.15,-4.991020569418179,3.5568106070455103
c1ccc(-n2c(-c3cc(-c4nc5ccccc5n4-c4ccccc4)cc(-c4nc5ccccc5n4-c4ccccc4)c3)nc3ccccc32)cc1,C1CCCCC1,323.15,-4.77317691585189,4.1619869940109115
c1ccc(-n2c(-c3cc(-c4nc5ccccc5n4-c4ccccc4)cc(-c4nc5ccccc5n4-c4ccccc4)c3)nc3ccccc32)cc1,CCCCCC,283.15,-4.52251670618262,0.7988176922934815
c1ccc(-n2c(-c3cc(-c4nc5ccccc5n4-c4ccccc4)cc(-c4nc5ccccc5n4-c4ccccc4)c3)nc3ccccc32)cc1,CCCCCC,293.15,-4.353906173384161,1.7477070230807268
c1ccc(-n2c(-c3cc(-c4nc5ccccc5n4-c4ccccc4)cc(-c4nc5ccccc5n4-c4ccccc4)c3)nc3ccccc32)cc1,CCCCCC,303.15,-4.14302943229496,2.545994443141504
c1ccc(-n2c(-c3cc(-c4nc5ccccc5n4-c4ccccc4)cc(-c4nc5ccccc5n4-c4ccccc4)c3)nc3ccccc32)cc1,CCCCCC,313.15,-3.9631570973174197,3.213101033206103
c1ccc(-n2c(-c3cc(-c4nc5ccccc5n4-c4ccccc4)cc(-c4nc5ccccc5n4-c4ccccc4)c3)nc3ccccc32)cc1,CCCCCC,323.15,-3.78814345542933,3.765656000316566
c1ccc(-n2c(-c3cc(-c4nc5ccccc5n4-c4ccccc4)cc(-c4nc5ccccc5n4-c4ccccc4)c3)nc3ccccc32)cc1,Clc1ccccc1,293.15,-1.1500544155056,5.501678897435128
c1ccc(-n2c(-c3cc(-c4nc5ccccc5n4-c4ccccc4)cc(-c4nc5ccccc5n4-c4ccccc4)c3)nc3ccccc32)cc1,Clc1ccccc1,303.15,-1.0728385293270999,6.2095685005557115
c1ccc(-n2c(-c3cc(-c4nc5ccccc5n4-c4ccccc4)cc(-c4nc5ccccc5n4-c4ccccc4)c3)nc3ccccc32)cc1,Clc1ccccc1,313.15,-1.03194089081907,6.842165370850459
c1ccc(-n2c(-c3cc(-c4nc5ccccc5n4-c4ccccc4)cc(-c4nc5ccccc5n4-c4ccccc4)c3)nc3ccccc32)cc1,Clc1ccccc1,323.15,-0.962150186763702,7.407604646075349
c1ccc(-n2c(-c3cc(-c4nc5ccccc5n4-c4ccccc4)cc(-c4nc5ccccc5n4-c4ccccc4)c3)nc3ccccc32)cc1,CO,283.15,-2.2286417647724,2.4327690955351713
c1ccc(-n2c(-c3cc(-c4nc5ccccc5n4-c4ccccc4)cc(-c4nc5ccccc5n4-c4ccccc4)c3)nc3ccccc32)cc1,CO,293.15,-2.1933133372222002,3.3070639361408096
c1ccc(-n2c(-c3cc(-c4nc5ccccc5n4-c4ccccc4)cc(-c4nc5ccccc5n4-c4ccccc4)c3)nc3ccccc32)cc1,CO,303.15,-2.14919770219704,4.047557570276257
c1ccc(-n2c(-c3cc(-c4nc5ccccc5n4-c4ccccc4)cc(-c4nc5ccccc5n4-c4ccccc4)c3)nc3ccccc32)cc1,CO,313.15,-2.12989710928502,4.671321302819667
c1ccc(-n2c(-c3cc(-c4nc5ccccc5n4-c4ccccc4)cc(-c4nc5ccccc5n4-c4ccccc4)c3)nc3ccccc32)cc1,CO,323.15,-2.06491312363266,5.192987499546962
c1ccc(-n2c(-c3cc(-c4nc5ccccc5n4-c4ccccc4)cc(-c4nc5ccccc5n4-c4ccccc4)c3)nc3ccccc32)cc1,ClC(Cl)Cl,283.15,-1.00839563824674,5.8928698785631255
c1ccc(-n2c(-c3cc(-c4nc5ccccc5n4-c4ccccc4)cc(-c4nc5ccccc5n4-c4ccccc4)c3)nc3ccccc32)cc1,ClC(Cl)Cl,293.15,-0.9714523202849542,6.664118870092824
c1ccc(-n2c(-c3cc(-c4nc5ccccc5n4-c4ccccc4)cc(-c4nc5ccccc5n4-c4ccccc4)c3)nc3ccccc32)cc1,ClC(Cl)Cl,303.15,-0.9364269387316378,7.307704338414361
c1ccc(-n2c(-c3cc(-c4nc5ccccc5n4-c4ccccc4)cc(-c4nc5ccccc5n4-c4ccccc4)c3)nc3ccccc32)cc1,ClC(Cl)Cl,313.15,-0.9054058823177209,7.839723473262149
c1ccc(-n2c(-c3cc(-c4nc5ccccc5n4-c4ccccc4)cc(-c4nc5ccccc5n4-c4ccccc4)c3)nc3ccccc32)cc1,ClC(Cl)Cl,323.15,-0.857482497612422,8.273948173479155
Cc1cccc2c1sc1c(C)cccc12,O,313.2,-6.75789,-5.887769901097672
Cc1cccc2c1sc1c(C)cccc12,O,333.2,-6.1695,-5.414083891526729
Cc1cccc2c1sc1c(C)cccc12,O,353.2,-5.6138699999999995,-4.93443338416637
Cc1cccc2c1sc1c(C)cccc12,O,373.2,-4.97778,-4.456931386481761
Cc1cccc2c1sc1c(C)cccc12,O,393.2,-4.4337,-3.9875879427326617
Cc1cccc2c1sc1c(C)cccc12,O,413.2,-3.8498300000000003,-3.5308996876341725
Cc1cccc2c1sc1c(C)cccc12,O,423.2,-3.5861400000000003,-3.3083993725320973
Cc1c2ccccc2c(C)c2ccccc12,O,273.45,-7.83553,-6.624339352232722
Cc1c2ccccc2c(C)c2ccccc12,O,278.15,-7.73203,-6.510212752190914
Cc1c2ccccc2c(C)c2ccccc12,O,283.15,-7.58656,-6.387183631318328
Cc1c2ccccc2c(C)c2ccccc12,O,288.15,-7.4702399999999995,-6.262637159607666
Cc1c2ccccc2c(C)c2ccccc12,O,293.15,-7.34468,-6.136818397697538
Cc1c2ccccc2c(C)c2ccccc12,O,298.15,-7.2035100000000005,-6.009952995461612
Cc1c2ccccc2c(C)c2ccccc12,O,303.15,-7.0445899999999995,-5.882248590118374
Cc1c2ccccc2c(C)c2ccccc12,O,308.15,-6.9127,-5.753896214898307
Cc1c2ccccc2c(C)c2ccccc12,O,313.15,-6.768789999999999,-5.625071653458732
Cc1c2ccccc2c(C)c2ccccc12,O,318.15,-6.614260000000001,-5.495936710678937
Cc1c2ccccc2c(C)c2ccccc12,O,323.15,-6.451969999999999,-5.3666403890066565
Cc1c2ccccc2c(C)c2ccccc12,O,313.2,-6.7444,-5.62378158186764
Cc1c2ccccc2c(C)c2ccccc12,O,333.2,-6.2335400000000005,-5.106810739137439
Cc1c2ccccc2c(C)c2ccccc12,O,353.2,-5.65526,-4.59318389549323
Cc1c2ccccc2c(C)c2ccccc12,O,373.2,-5.13456,-4.089092077853713
Cc1c2ccccc2c(C)c2ccccc12,O,393.2,-4.581169999999999,-3.5990610538837937
Cc1c2ccccc2c(C)c2ccccc12,O,413.2,-4.06088,-3.126428810744193
Cc1c2ccccc2c(C)c2ccccc12,O,433.2,-3.5795800000000004,-2.67369056614378
Cc1c2ccccc2c(C)c2ccccc12,O,448.2,-3.2155400000000003,-2.348363802280331
c1ccc2cc3c(ccc4ccccc43)cc2c1,O,298.15,-7.211989999999999,-7.1098613497405685
c1ccc2cc3c(ccc4ccccc43)cc2c1,O,313.0,-6.731319999999999,-6.672790094805515
c1ccc2cc3c(ccc4ccccc43)cc2c1,O,333.0,-6.33867,-6.094365196215608
c1ccc2cc3c(ccc4ccccc43)cc2c1,O,353.0,-5.79822,-5.53217629309626
c1ccc2cc3c(ccc4ccccc43)cc2c1,O,373.0,-5.2211099999999995,-4.989761426407716
c1ccc2cc3c(ccc4ccccc43)cc2c1,O,393.0,-4.66493,-4.469607392648154
c1ccc2cc3c(ccc4ccccc43)cc2c1,O,413.0,-4.08968,-3.9734717476867574
c1ccc2cc3c(ccc4ccccc43)cc2c1,O,423.0,-3.82657,-3.7348195448276074
C[C@]12C=CC(=O)C=C1CC[C@@H]1[C@@H]2[C@@H](O)C[C@@]2(C)[C@H]1CC[C@]2(O)C(=O)CO,O,298.15,-3.2241,-3.118416144014246
C[C@]12C=CC(=O)C=C1CC[C@@H]1[C@@H]2[C@@H](O)C[C@@]2(C)[C@H]1CC[C@]2(O)C(=O)CO,O,298.2,-3.12148,-3.1154804865497936
C[C@]12C=CC(=O)C=C1CC[C@@H]1[C@@H]2[C@@H](O)C[C@@]2(C)[C@H]1CC[C@]2(O)C(=O)CO,O,383.15,-2.07,1.0649975011734387
C[C@]12C=CC(=O)C=C1CC[C@@H]1[C@@H]2[C@@H](O)C[C@@]2(C)[C@H]1CC[C@]2(O)C(=O)CO,O,393.15,-1.92546,1.465158464292304
C[C@]12C=CC(=O)C=C1CC[C@@H]1[C@@H]2[C@@H](O)C[C@@]2(C)[C@H]1CC[C@]2(O)C(=O)CO,O,403.15,-1.69207,1.8484009744601844
C[C@]12C=CC(=O)C=C1CC[C@@H]1[C@@H]2[C@@H](O)C[C@@]2(C)[C@H]1CC[C@]2(O)C(=O)CO,O,413.15,-1.45553,2.2152082451841943
C[C@]12C=CC(=O)C=C1CC[C@@H]1[C@@H]2[C@@H](O)C[C@@]2(C)[C@H]1CC[C@]2(O)C(=O)CO,O,423.15,-1.14195,2.565998844970733
C[C@]12C=CC(=O)C=C1CC[C@@H]1[C@@H]2[C@@H](O)C[C@@]2(C)[C@H]1CC[C@]2(O)C(=O)CO,O,433.15,-0.85836,2.901127693015603
C[C@]12C=CC(=O)C=C1CC[C@@H]1[C@@H]2[C@@H](O)C[C@@]2(C)[C@H]1CC[C@]2(O)C(=O)CO,O,443.15,-0.53545,3.2208854566112723
Oc1c2cccc1Cc1cccc(c1O)Cc1cccc(c1O)Cc1cccc(c1O)Cc1cccc(c1O)Cc1cccc(c1O)C2,O,433.2,-4.351369999999999,10.53698753521484
Oc1c2cccc1Cc1cccc(c1O)Cc1cccc(c1O)Cc1cccc(c1O)Cc1cccc(c1O)Cc1cccc(c1O)C2,O,453.2,-3.97486,12.053307611438743
Oc1c2cccc1Cc1cccc(c1O)Cc1cccc(c1O)Cc1cccc(c1O)Cc1cccc(c1O)Cc1cccc(c1O)C2,O,473.2,-3.6419300000000003,13.437511469444651
Oc1c2cccc1Cc1cccc(c1O)Cc1cccc(c1O)Cc1cccc(c1O)Cc1cccc(c1O)Cc1cccc(c1O)C2,O,493.2,-3.23562,14.696167337672438
Oc1c2cccc1Cc1cccc(c1O)Cc1cccc(c1O)Cc1cccc(c1O)Cc1cccc(c1O)Cc1cccc(c1O)C2,O,513.2,-2.8902900000000002,15.827281217101277
Oc1c2cccc1Cc1cccc(c1O)Cc1cccc(c1O)Cc1cccc(c1O)Cc1cccc(c1O)Cc1cccc(c1O)C2,O,533.2,-2.58514,16.83499757017552
CC(C)Nc1nc(Cl)nc(NC(C)C)n1,O,298.0,-6.4572,-4.002414119177762
CC(C)Nc1nc(Cl)nc(NC(C)C)n1,O,323.0,-6.12406,-3.7576413789751784
CC(C)Nc1nc(Cl)nc(NC(C)C)n1,O,373.0,-5.248880000000001,-3.0194448129947893
CC(C)Nc1nc(Cl)nc(NC(C)C)n1,O,423.0,-3.8896300000000004,-2.157053293105805
CC(C)Nc1nc(Cl)nc(NC(C)C)n1,O,473.0,-2.89311,-1.3159282688070495
O=c1[nH]c(=O)[nH]c(=O)[nH]1,CC(O)CO,305.11,-1.27071,-1.2930584540318175
O=c1[nH]c(=O)[nH]c(=O)[nH]1,CC(O)CO,310.75,-1.2202899999999999,-1.3295106318929333
O=c1[nH]c(=O)[nH]c(=O)[nH]1,CC(O)CO,316.8,-1.1742700000000001,-1.368237083343094
O=c1[nH]c(=O)[nH]c(=O)[nH]1,CC(O)CO,326.83,-1.10071,-1.4317475418829961
O=c1[nH]c(=O)[nH]c(=O)[nH]1,CC(O)CO,333.85,-1.04296,-1.475810353590693
O=c1[nH]c(=O)[nH]c(=O)[nH]1,CC(O)CO,340.55,-1.0097200000000002,-1.5176627166450611
O=c1[nH]c(=O)[nH]c(=O)[nH]1,CC(O)CO,346.05,-0.9662700000000001,-1.5519271853699568
O=c1[nH]c(=O)[nH]c(=O)[nH]1,CC(O)CO,351.6,-0.9384100000000001,-1.5864650212973659
O=c1[nH]c(=O)[nH]c(=O)[nH]1,CC(O)CO,358.14,-0.9018,-1.6271722377252265
O=c1[nH]c(=O)[nH]c(=O)[nH]1,CC(O)CO,369.45,-0.84511,-1.6977846197461537
O=c1c2ccccc2sc2ccccc12,C1COCCO1,298.15,-1.1350747656091003,-0.39085420742629184
O=c1c2ccccc2sc2ccccc12,C1CCOC1,298.15,-0.9395961593550369,-0.280350972305143
O=C(O)c1ccc([N+](=O)[O-])cc1,CCCOCCO,298.15,-0.6533533392937839,-0.008992631816734686
O=C(O)c1ccc([N+](=O)[O-])cc1,CCCCOCCO,298.15,-0.70906971409327,-0.08037896504964409
O=C(O)c1ccc([N+](=O)[O-])cc1,COC(C)CCO,298.15,-0.6217087281484821,-0.0682208426004707
O=C(O)c1ccc([N+](=O)[O-])cc1,CC(C)OCCO,298.15,-0.600610357778858,-0.005336998905469652
O=C(O)c1ccc([N+](=O)[O-])cc1,CCOCCO,298.15,-0.49579220349125697,0.07415091644073678
O=C(O)c1ccc([N+](=O)[O-])cc1,CC(O)COC(C)(C)C,298.15,-0.654591643752229,-0.09293736596790199
Cc1nc2n(c(=O)c1CCN1CCC(c3noc4cc(F)ccc34)CC1)CCCC2,CCO,313.15,-1.15552011110427,0.9942698117265129
Cc1nc2n(c(=O)c1CCN1CCC(c3noc4cc(F)ccc34)CC1)CCCC2,CCOC(C)=O,288.15,-1.7630821410806998,0.2733234127023193
Cc1nc2n(c(=O)c1CCN1CCC(c3noc4cc(F)ccc34)CC1)CCCC2,CCCO,298.15,-1.38943496500197,0.5339613740249604
Cc1nc2n(c(=O)c1CCN1CCC(c3noc4cc(F)ccc34)CC1)CCCC2,CC(C)O,323.15,-1.24558471265391,0.9975075793042202
Cc1nc2n(c(=O)c1CCN1CCC(c3noc4cc(F)ccc34)CC1)CCCC2,CCOC(C)=O,313.15,-1.40105205530663,1.2481005895275352
Cc1nc2n(c(=O)c1CCN1CCC(c3noc4cc(F)ccc34)CC1)CCCC2,CCO,298.15,-1.46448526429402,0.47294104953678434
Cc1nc2n(c(=O)c1CCN1CCC(c3noc4cc(F)ccc34)CC1)CCCC2,CO,293.15,-1.08876121844517,0.5236153593787585
Cc1nc2n(c(=O)c1CCN1CCC(c3noc4cc(F)ccc34)CC1)CCCC2,CCCO,293.15,-1.49633564398116,0.3296661527434981
Cc1nc2n(c(=O)c1CCN1CCC(c3noc4cc(F)ccc34)CC1)CCCC2,CCCCO,303.15,-1.31753677191653,0.7080111902082526
Cc1nc2n(c(=O)c1CCN1CCC(c3noc4cc(F)ccc34)CC1)CCCC2,CCOC(C)=O,303.15,-1.5753206100084498,0.9021718321954565
Cc1nc2n(c(=O)c1CCN1CCC(c3noc4cc(F)ccc34)CC1)CCCC2,CC(C)=O,298.15,-1.6246332842495803,0.9372076774670846
Cc1nc2n(c(=O)c1CCN1CCC(c3noc4cc(F)ccc34)CC1)CCCC2,CCCO,303.15,-1.29507149198404,0.7246051320296152
Cc1nc2n(c(=O)c1CCN1CCC(c3noc4cc(F)ccc34)CC1)CCCC2,Cc1ccccc1,288.15,-1.30468960057971,0.3191345903413169
Cc1nc2n(c(=O)c1CCN1CCC(c3noc4cc(F)ccc34)CC1)CCCC2,CCO,323.15,-0.9497558280930029,1.2775998533339261
Cc1nc2n(c(=O)c1CCN1CCC(c3noc4cc(F)ccc34)CC1)CCCC2,CCCO,278.15,-1.7233381501396299,-0.37404233841254075
Cc1nc2n(c(=O)c1CCN1CCC(c3noc4cc(F)ccc34)CC1)CCCC2,CC(C)=O,293.15,-1.7094701112567,0.7182579031339256
Cc1nc2n(c(=O)c1CCN1CCC(c3noc4cc(F)ccc34)CC1)CCCC2,CO,283.15,-1.2389284095371,0.09192781796825666
Cc1nc2n(c(=O)c1CCN1CCC(c3noc4cc(F)ccc34)CC1)CCCC2,CCO,303.15,-1.375194289498,0.6606664142741037
Cc1nc2n(c(=O)c1CCN1CCC(c3noc4cc(F)ccc34)CC1)CCCC2,CCCCO,298.15,-1.4193367850071998,0.5157650084825933
Cc1nc2n(c(=O)c1CCN1CCC(c3noc4cc(F)ccc34)CC1)CCCC2,CC(C)c1ccccc1,298.15,-1.72893366471679,0.19747675330786563
Cc1nc2n(c(=O)c1CCN1CCC(c3noc4cc(F)ccc34)CC1)CCCC2,CO,303.15,-0.922072521578624,0.8943368442849629
Cc1nc2n(c(=O)c1CCN1CCC(c3noc4cc(F)ccc34)CC1)CCCC2,CC(C)=O,323.15,-1.17724649805903,1.7541373207653184
Cc1nc2n(c(=O)c1CCN1CCC(c3noc4cc(F)ccc34)CC1)CCCC2,CC(C)=O,303.15,-1.5301447150966498,1.1359668273208379
Cc1nc2n(c(=O)c1CCN1CCC(c3noc4cc(F)ccc34)CC1)CCCC2,CO,313.15,-0.7273210998212429,1.211299687286946
Cc1nc2n(c(=O)c1CCN1CCC(c3noc4cc(F)ccc34)CC1)CCCC2,CO,298.15,-1.00736202353699,0.7161199092972497
Cc1nc2n(c(=O)c1CCN1CCC(c3noc4cc(F)ccc34)CC1)CCCC2,CCCCO,318.15,-0.984413950581014,1.2205585700643407
Cc1nc2n(c(=O)c1CCN1CCC(c3noc4cc(F)ccc34)CC1)CCCC2,CCO,283.15,-1.72736582637489,-0.18558615273626755
Cc1nc2n(c(=O)c1CCN1CCC(c3noc4cc(F)ccc34)CC1)CCCC2,CC(C)O,278.15,-2.31926828676098,-0.7990217733801673
Cc1nc2n(c(=O)c1CCN1CCC(c3noc4cc(F)ccc34)CC1)CCCC2,CCCO,283.15,-1.67818783696473,-0.12337120112930433
Cc1nc2n(c(=O)c1CCN1CCC(c3noc4cc(F)ccc34)CC1)CCCC2,CCO,278.15,-1.77629018106174,-0.4406049646465977
Cc1nc2n(c(=O)c1CCN1CCC(c3noc4cc(F)ccc34)CC1)CCCC2,CCCCO,313.15,-1.08990504614938,1.0598305741409475
Cc1nc2n(c(=O)c1CCN1CCC(c3noc4cc(F)ccc34)CC1)CCCC2,CCO,293.15,-1.58060941854504,0.27002419116558696
Cc1nc2n(c(=O)c1CCN1CCC(c3noc4cc(F)ccc34)CC1)CCCC2,CC(C)=O,313.15,-1.35007053256078,1.4781117500442238
Cc1nc2n(c(=O)c1CCN1CCC(c3noc4cc(F)ccc34)CC1)CCCC2,Cc1ccccc1,283.15,-1.39849942085009,0.08651989735158705
Cc1nc2n(c(=O)c1CCN1CCC(c3noc4cc(F)ccc34)CC1)CCCC2,CO,308.15,-0.823066648344419,1.0591302618458158
Cc1nc2n(c(=O)c1CCN1CCC(c3noc4cc(F)ccc34)CC1)CCCC2,CC(C)O,298.15,-1.87124357817784,0.16713388291410874
Cc1nc2n(c(=O)c1CCN1CCC(c3noc4cc(F)ccc34)CC1)CCCC2,CC(C)O,308.15,-1.58244213644961,0.5433233696563522
Cc1nc2n(c(=O)c1CCN1CCC(c3noc4cc(F)ccc34)CC1)CCCC2,CC(C)c1ccccc1,293.15,-1.80303075200281,-0.01608762437450273
Cc1nc2n(c(=O)c1CCN1CCC(c3noc4cc(F)ccc34)CC1)CCCC2,CC(C)O,303.15,-1.7540163878672201,0.36319695470839536
Cc1nc2n(c(=O)c1CCN1CCC(c3noc4cc(F)ccc34)CC1)CCCC2,CCOC(C)=O,298.15,-1.65414196393473,0.7081349758022949
Cc1nc2n(c(=O)c1CCN1CCC(c3noc4cc(F)ccc34)CC1)CCCC2,CO,288.15,-1.16857348937973,0.3158885897066492
Cc1nc2n(c(=O)c1CCN1CCC(c3noc4cc(F)ccc34)CC1)CCCC2,CCCCO,323.15,-0.8753417302627892,1.3718660780617673
Cc1nc2n(c(=O)c1CCN1CCC(c3noc4cc(F)ccc34)CC1)CCCC2,CC(C)O,293.15,-2.0377426588909797,-0.045924617842379556
Cc1nc2n(c(=O)c1CCN1CCC(c3noc4cc(F)ccc34)CC1)CCCC2,CC(C)=O,278.15,-1.92686437924842,-0.07468420950948484
Cc1nc2n(c(=O)c1CCN1CCC(c3noc4cc(F)ccc34)CC1)CCCC2,CC(C)c1ccccc1,283.15,-1.97206544804948,-0.47363068262976116
Cc1nc2n(c(=O)c1CCN1CCC(c3noc4cc(F)ccc34)CC1)CCCC2,CCOC(C)=O,323.15,-1.24218792299811,1.543182649537839
Cc1nc2n(c(=O)c1CCN1CCC(c3noc4cc(F)ccc34)CC1)CCCC2,CC(C)O,283.15,-2.2151770268345294,-0.5277082926977338
Cc1nc2n(c(=O)c1CCN1CCC(c3noc4cc(F)ccc34)CC1)CCCC2,CC(C)c1ccccc1,288.15,-1.8253133668424901,-0.23960334885366225
Cc1nc2n(c(=O)c1CCN1CCC(c3noc4cc(F)ccc34)CC1)CCCC2,CC(C)c1ccccc1,308.15,-1.57441391323889,0.5967965219627558
Cc1nc2n(c(=O)c1CCN1CCC(c3noc4cc(F)ccc34)CC1)CCCC2,CCCO,318.15,-0.957340162361221,1.2222473607208573
Cc1nc2n(c(=O)c1CCN1CCC(c3noc4cc(F)ccc34)CC1)CCCC2,Cc1ccccc1,313.15,-0.961162568981992,1.3099166531425976
Cc1nc2n(c(=O)c1CCN1CCC(c3noc4cc(F)ccc34)CC1)CCCC2,CC(C)c1ccccc1,303.15,-1.6576514130776498,0.40161019959907596
Cc1nc2n(c(=O)c1CCN1CCC(c3noc4cc(F)ccc34)CC1)CCCC2,CO,318.15,-0.620307025951653,1.351585349342526
Cc1nc2n(c(=O)c1CCN1CCC(c3noc4cc(F)ccc34)CC1)CCCC2,CC(C)=O,308.15,-1.42012719395923,1.3158600054854634
Cc1nc2n(c(=O)c1CCN1CCC(c3noc4cc(F)ccc34)CC1)CCCC2,CCOC(C)=O,278.15,-1.91714007420241,-0.23083903147687634
Cc1nc2n(c(=O)c1CCN1CCC(c3noc4cc(F)ccc34)CC1)CCCC2,CCCO,313.15,-1.0656236515412398,1.0680433373124276
Cc1nc2n(c(=O)c1CCN1CCC(c3noc4cc(F)ccc34)CC1)CCCC2,CC(C)=O,283.15,-1.88139811825037,0.21393101424545924
Cc1nc2n(c(=O)c1CCN1CCC(c3noc4cc(F)ccc34)CC1)CCCC2,CC(C)=O,288.15,-1.7581018171483502,0.47768353136726516
Cc1nc2n(c(=O)c1CCN1CCC(c3noc4cc(F)ccc34)CC1)CCCC2,CCCO,308.15,-1.1644790337189699,0.9023884746228834
Cc1nc2n(c(=O)c1CCN1CCC(c3noc4cc(F)ccc34)CC1)CCCC2,CCO,318.15,-1.07051899082298,1.1418363739288115
Cc1nc2n(c(=O)c1CCN1CCC(c3noc4cc(F)ccc34)CC1)CCCC2,CCO,288.15,-1.6457653798491,0.05088690727597284
Cc1nc2n(c(=O)c1CCN1CCC(c3noc4cc(F)ccc34)CC1)CCCC2,CO,323.15,-0.508742426499779,1.4806728647351597
Cc1nc2n(c(=O)c1CCN1CCC(c3noc4cc(F)ccc34)CC1)CCCC2,CC(C)c1ccccc1,313.15,-1.4683994709488002,0.7834858532851702
Cc1nc2n(c(=O)c1CCN1CCC(c3noc4cc(F)ccc34)CC1)CCCC2,CC(C)O,313.15,-1.48898545900066,0.7084917977065343
Cc1nc2n(c(=O)c1CCN1CCC(c3noc4cc(F)ccc34)CC1)CCCC2,Cc1ccccc1,323.15,-0.8109495301339151,1.6367599682767242
Cc1nc2n(c(=O)c1CCN1CCC(c3noc4cc(F)ccc34)CC1)CCCC2,CCCO,288.15,-1.57603766208152,0.1108639476678756
Cc1nc2n(c(=O)c1CCN1CCC(c3noc4cc(F)ccc34)CC1)CCCC2,CCCCO,278.15,-1.7726601485740603,-0.3778656071882758
Cc1nc2n(c(=O)c1CCN1CCC(c3noc4cc(F)ccc34)CC1)CCCC2,CCOC(C)=O,293.15,-1.7223829997616598,0.4988496241057731
Cc1nc2n(c(=O)c1CCN1CCC(c3noc4cc(F)ccc34)CC1)CCCC2,CCCO,323.15,-0.8446894677327541,1.3656282208163066
Cc1nc2n(c(=O)c1CCN1CCC(c3noc4cc(F)ccc34)CC1)CCCC2,CCCCO,293.15,-1.54021049695766,0.31178142378092977
Cc1nc2n(c(=O)c1CCN1CCC(c3noc4cc(F)ccc34)CC1)CCCC2,CC(C)c1ccccc1,318.15,-1.41149879411904,0.9620973134208772
Cc1nc2n(c(=O)c1CCN1CCC(c3noc4cc(F)ccc34)CC1)CCCC2,Cc1ccccc1,298.15,-1.20020558664491,0.7479828164064769
Cc1nc2n(c(=O)c1CCN1CCC(c3noc4cc(F)ccc34)CC1)CCCC2,CCO,308.15,-1.2531178970058898,0.8341501744157742
Cc1nc2n(c(=O)c1CCN1CCC(c3noc4cc(F)ccc34)CC1)CCCC2,CCOC(C)=O,308.15,-1.47775873637146,1.0818775158644998
Cc1nc2n(c(=O)c1CCN1CCC(c3noc4cc(F)ccc34)CC1)CCCC2,CCOC(C)=O,283.15,-1.8770469554310603,0.030481939448793183
Cc1nc2n(c(=O)c1CCN1CCC(c3noc4cc(F)ccc34)CC1)CCCC2,CC(C)=O,318.15,-1.2591862901735,1.6238547569392665
Cc1nc2n(c(=O)c1CCN1CCC(c3noc4cc(F)ccc34)CC1)CCCC2,CCOC(C)=O,318.15,-1.31719920828777,1.4016264998804229
Cc1nc2n(c(=O)c1CCN1CCC(c3noc4cc(F)ccc34)CC1)CCCC2,CCCCO,283.15,-1.71838036917938,-0.13424810728580916
Cc1nc2n(c(=O)c1CCN1CCC(c3noc4cc(F)ccc34)CC1)CCCC2,CC(C)c1ccccc1,278.15,-2.0509059075694203,-0.7187733190269335
Cc1nc2n(c(=O)c1CCN1CCC(c3noc4cc(F)ccc34)CC1)CCCC2,Cc1ccccc1,293.15,-1.27627291907916,0.5393922878285855
Cc1nc2n(c(=O)c1CCN1CCC(c3noc4cc(F)ccc34)CC1)CCCC2,CO,278.15,-1.29336152656276,-0.1493634042068953
Cc1nc2n(c(=O)c1CCN1CCC(c3noc4cc(F)ccc34)CC1)CCCC2,CCCCO,308.15,-1.1921236997253501,0.8891666436853585
Cc1nc2n(c(=O)c1CCN1CCC(c3noc4cc(F)ccc34)CC1)CCCC2,Cc1ccccc1,308.15,-1.02970364157427,1.1326732605598548
Cc1nc2n(c(=O)c1CCN1CCC(c3noc4cc(F)ccc34)CC1)CCCC2,CC(C)O,318.15,-1.38971721790377,0.859607372517461
Cc1nc2n(c(=O)c1CCN1CCC(c3noc4cc(F)ccc34)CC1)CCCC2,CC(C)c1ccccc1,323.15,-1.33574248957129,1.133021426483245
Cc1nc2n(c(=O)c1CCN1CCC(c3noc4cc(F)ccc34)CC1)CCCC2,CC(C)O,288.15,-2.10217117698609,-0.2771247450831427
Cc1nc2n(c(=O)c1CCN1CCC(c3noc4cc(F)ccc34)CC1)CCCC2,Cc1ccccc1,303.15,-1.12423534241647,0.9455454769241446
Cc1nc2n(c(=O)c1CCN1CCC(c3noc4cc(F)ccc34)CC1)CCCC2,Cc1ccccc1,318.15,-0.885757327031568,1.4777870712572154
Cc1nc2n(c(=O)c1CCN1CCC(c3noc4cc(F)ccc34)CC1)CCCC2,CCCCO,288.15,-1.61584942888816,0.09536201895990992
Cc1nc2n(c(=O)c1CCN1CCC(c3noc4cc(F)ccc34)CC1)CCCC2,Cc1ccccc1,278.15,-1.4377688719486998,-0.15919682123526802
c1ccc2[nH]c(-c3cscn3)nc2c1,CC#N,283.15,-2.66535073279379,-0.9103045737465307
c1ccc2[nH]c(-c3cscn3)nc2c1,CC#N,288.15,-2.63630349693536,-0.8050932792488921
c1ccc2[nH]c(-c3cscn3)nc2c1,CC#N,293.15,-2.55823416625764,-0.7066312517687869
c1ccc2[nH]c(-c3cscn3)nc2c1,CC#N,298.15,-2.54439145913963,-0.6145379235955648
c1ccc2[nH]c(-c3cscn3)nc2c1,CC#N,303.15,-2.4060877875265803,-0.5284622727787621
c1ccc2[nH]c(-c3cscn3)nc2c1,CC#N,308.15,-2.32452285031939,-0.448080319846181
c1ccc2[nH]c(-c3cscn3)nc2c1,CC#N,313.15,-2.2411275968584103,-0.3730928773254466
c1ccc2[nH]c(-c3cscn3)nc2c1,CC#N,318.15,-2.20436263436363,-0.3032235273208458
c1ccc2[nH]c(-c3cscn3)nc2c1,COC(C)=O,283.15,-2.31484431504174,-0.7183933191032263
c1ccc2[nH]c(-c3cscn3)nc2c1,CC#N,323.15,-2.13222477980176,-0.2382168063923386
c1ccc2[nH]c(-c3cscn3)nc2c1,CCOC(C)=O,283.15,-2.34583542138999,-0.7916733546786507
c1ccc2[nH]c(-c3cscn3)nc2c1,CCCCOC(C)=O,283.15,-2.46895309912621,-1.0672123311249186
c1ccc2[nH]c(-c3cscn3)nc2c1,COC(C)=O,288.15,-2.18718882807792,-0.6251264777325106
c1ccc2[nH]c(-c3cscn3)nc2c1,CCOC(C)=O,288.15,-2.26891941907879,-0.704291108684192
c1ccc2[nH]c(-c3cscn3)nc2c1,CCCCOC(C)=O,288.15,-2.38115992152365,-0.9820424418220137
c1ccc2[nH]c(-c3cscn3)nc2c1,CC(C)=O,283.15,-2.07751629706921,-0.5454989462835647
c1ccc2[nH]c(-c3cscn3)nc2c1,COC(C)=O,293.15,-2.11823755528691,-0.5395739789884555
c1ccc2[nH]c(-c3cscn3)nc2c1,COC(C)=O,298.15,-2.0971073867246597,-0.46127981094432413
c1ccc2[nH]c(-c3cscn3)nc2c1,CCOC(C)=O,293.15,-2.18526107003379,-0.6226199163162927
c1ccc2[nH]c(-c3cscn3)nc2c1,CCCCOC(C)=O,293.15,-2.30949554878074,-0.900336149605651
c1ccc2[nH]c(-c3cscn3)nc2c1,CC(C)O,283.15,-2.0336025944872,-1.0638771109824368
c1ccc2[nH]c(-c3cscn3)nc2c1,CCOC(C)=O,298.15,-2.14147113599007,-0.5463580998137575
c1ccc2[nH]c(-c3cscn3)nc2c1,CC(C)=O,288.15,-2.01040121721616,-0.4532773165234373
c1ccc2[nH]c(-c3cscn3)nc2c1,CCCCOC(C)=O,298.15,-2.2604243869686402,-0.8219484417194587
c1ccc2[nH]c(-c3cscn3)nc2c1,COC(C)=O,303.15,-2.02878222188207,-0.38982452869234063
c1ccc2[nH]c(-c3cscn3)nc2c1,CC(C)O,288.15,-1.99841114231882,-0.976652847960077
c1ccc2[nH]c(-c3cscn3)nc2c1,CC(C)=O,293.15,-1.96433257056148,-0.3692826262000132
c1ccc2[nH]c(-c3cscn3)nc2c1,COC(C)=O,308.15,-1.9971815973341298,-0.3248221824171289
c1ccc2[nH]c(-c3cscn3)nc2c1,CCOC(C)=O,303.15,-2.07917105207304,-0.4752281297077919
c1ccc2[nH]c(-c3cscn3)nc2c1,CCCCOC(C)=O,303.15,-2.18014572530666,-0.7467453788880478
c1ccc2[nH]c(-c3cscn3)nc2c1,CC(C)O,293.15,-1.93317279210182,-0.8956585854838428
c1ccc2[nH]c(-c3cscn3)nc2c1,COC(C)=O,313.15,-1.9577378188951298,-0.26591758121598297
c1ccc2[nH]c(-c3cscn3)nc2c1,CC(C)CO,283.15,-2.00445054191654,-1.1080178605826223
c1ccc2[nH]c(-c3cscn3)nc2c1,CC(C)=O,298.15,-1.89778920083824,-0.29301988522198963
c1ccc2[nH]c(-c3cscn3)nc2c1,COC(C)=O,318.15,-1.9396407765595503,-0.21278386010442046
c1ccc2[nH]c(-c3cscn3)nc2c1,CC(C)O,298.15,-1.9047477735259801,-0.8205624894635207
c1ccc2[nH]c(-c3cscn3)nc2c1,CCOC(C)=O,308.15,-2.01806241882033,-0.4089746185942056
c1ccc2[nH]c(-c3cscn3)nc2c1,CCCCOC(C)=O,308.15,-2.1386866629037904,-0.6746032317473231
c1ccc2[nH]c(-c3cscn3)nc2c1,CC(C)CO,288.15,-1.94686071392323,-1.0306727840975247
c1ccc2[nH]c(-c3cscn3)nc2c1,CC(C)=O,303.15,-1.85113935162861,-0.2240338036759663
c1ccc2[nH]c(-c3cscn3)nc2c1,CCOC(C)=O,313.15,-1.9629141373778103,-0.3473625286948965
c1ccc2[nH]c(-c3cscn3)nc2c1,CCCCOC(C)=O,313.15,-2.07382146044263,-0.6054076934945962
c1ccc2[nH]c(-c3cscn3)nc2c1,CCOC(C)=O,318.15,-1.94121627097326,-0.2901755737449403
c1ccc2[nH]c(-c3cscn3)nc2c1,COC(C)=O,323.15,-1.8531066048857598,-0.16512032108681518
c1ccc2[nH]c(-c3cscn3)nc2c1,CC(C)O,303.15,-1.8157515613442299,-0.7510598235431576
c1ccc2[nH]c(-c3cscn3)nc2c1,CC(C)=O,308.15,-1.7975218187928999,-0.16190553931184604
c1ccc2[nH]c(-c3cscn3)nc2c1,CCC(C)=O,283.15,-1.86838409395706,-0.7595873055957124
c1ccc2[nH]c(-c3cscn3)nc2c1,CCCCOC(C)=O,318.15,-2.0479723381414803,-0.5390531626478376
c1ccc2[nH]c(-c3cscn3)nc2c1,CC(C)CO,293.15,-1.87332621351126,-0.9566749682299334
c1ccc2[nH]c(-c3cscn3)nc2c1,CCOC(C)=O,323.15,-1.90550190194886,-0.237214798169047
c1ccc2[nH]c(-c3cscn3)nc2c1,CCO,283.15,-1.65349265070271,-0.7609823807724023
c1ccc2[nH]c(-c3cscn3)nc2c1,CO,283.15,-1.47853649264198,-0.5984579261226017
c1ccc2[nH]c(-c3cscn3)nc2c1,CC(C)O,308.15,-1.75605166837108,-0.6868707447927994
c1ccc2[nH]c(-c3cscn3)nc2c1,CCCCOC(C)=O,323.15,-2.00020802510533,-0.4754420913635145
c1ccc2[nH]c(-c3cscn3)nc2c1,CCC(C)=O,288.15,-1.81171748263004,-0.6726457841419567
c1ccc2[nH]c(-c3cscn3)nc2c1,CCCO,283.15,-1.73092598053188,-0.9274189186466179
c1ccc2[nH]c(-c3cscn3)nc2c1,CC(C)=O,313.15,-1.7333149860284498,-0.10624979633989748
c1ccc2[nH]c(-c3cscn3)nc2c1,CCO,288.15,-1.61593856022703,-0.6838554621059987
c1ccc2[nH]c(-c3cscn3)nc2c1,CO,288.15,-1.45203278640725,-0.5263665696246691
c1ccc2[nH]c(-c3cscn3)nc2c1,CC(C)CO,298.15,-1.8064982060988701,-0.8858994814480008
c1ccc2[nH]c(-c3cscn3)nc2c1,CCCO,288.15,-1.6995746044203401,-0.8504392646797906
c1ccc2[nH]c(-c3cscn3)nc2c1,CCC(C)=O,293.15,-1.771316757689,-0.5912057978659859
c1ccc2[nH]c(-c3cscn3)nc2c1,CC(C)=O,318.15,-1.69663442804369,-0.05671223892260005
c1ccc2[nH]c(-c3cscn3)nc2c1,CCO,293.15,-1.58032522370419,-0.6122029827469176
c1ccc2[nH]c(-c3cscn3)nc2c1,CO,293.15,-1.4073817832493503,-0.45921778554170833
c1ccc2[nH]c(-c3cscn3)nc2c1,CC(C)O,313.15,-1.6892070986715901,-0.6277383508983627
c1ccc2[nH]c(-c3cscn3)nc2c1,CCCCO,283.15,-1.7523630420948002,-1.0031161801424326
c1ccc2[nH]c(-c3cscn3)nc2c1,CCC(C)=O,298.15,-1.7460059119898301,-0.5149798691326835
c1ccc2[nH]c(-c3cscn3)nc2c1,CCO,298.15,-1.5559765681371698,-0.5457121051218761
c1ccc2[nH]c(-c3cscn3)nc2c1,CO,298.15,-1.38464248903881,-0.39676033835953883
c1ccc2[nH]c(-c3cscn3)nc2c1,CCCO,293.15,-1.63553846390216,-0.7774686596825213
c1ccc2[nH]c(-c3cscn3)nc2c1,CC(C)=O,323.15,-1.64566384786908,-0.012967188057979917
c1ccc2[nH]c(-c3cscn3)nc2c1,CC(C)CO,303.15,-1.7228389260814598,-0.8182315896235254
c1ccc2[nH]c(-c3cscn3)nc2c1,CCCCO,288.15,-1.70220790211741,-0.9278150307428594
c1ccc2[nH]c(-c3cscn3)nc2c1,CCCO,298.15,-1.61621290537906,-0.7083345982489736
c1ccc2[nH]c(-c3cscn3)nc2c1,CC(C)O,318.15,-1.6351576499176002,-0.5734269562595078
c1ccc2[nH]c(-c3cscn3)nc2c1,CCC(C)=O,303.15,-1.68646976189899,-0.4437034584713698
c1ccc2[nH]c(-c3cscn3)nc2c1,CCO,303.15,-1.48636191147914,-0.48409630949541876
c1ccc2[nH]c(-c3cscn3)nc2c1,CCCCO,293.15,-1.6746882374013001,-0.8554777099736307
c1ccc2[nH]c(-c3cscn3)nc2c1,CC(C)O,323.15,-1.6005799154398603,-0.5237205768737752
c1ccc2[nH]c(-c3cscn3)nc2c1,CC(C)CO,308.15,-1.66479028996225,-0.753565972062101
c1ccc2[nH]c(-c3cscn3)nc2c1,CCC(C)=O,308.15,-1.63891098209461,-0.3771330577230868
c1ccc2[nH]c(-c3cscn3)nc2c1,CO,303.15,-1.2867281897543301,-0.33876311547326704
c1ccc2[nH]c(-c3cscn3)nc2c1,CCO,308.15,-1.44396611858284,-0.427093227112962
c1ccc2[nH]c(-c3cscn3)nc2c1,CCCO,303.15,-1.5394495660545302,-0.6428787386481345
c1ccc2[nH]c(-c3cscn3)nc2c1,CO,308.15,-1.2724304099335,-0.28501339051248653
c1ccc2[nH]c(-c3cscn3)nc2c1,CCCCO,298.15,-1.6179945878570199,-0.7860001311060332
c1ccc2[nH]c(-c3cscn3)nc2c1,CCC(C)=O,313.15,-1.6148037717312602,-0.31504448392249046
c1ccc2[nH]c(-c3cscn3)nc2c1,CC(C)CO,313.15,-1.61024607424162,-0.6918060178135252
c1ccc2[nH]c(-c3cscn3)nc2c1,CCO,313.15,-1.40543212643125,-0.3744626930691286
c1ccc2[nH]c(-c3cscn3)nc2c1,CCC(C)=O,318.15,-1.58389481359588,-0.2572313553886956
c1ccc2[nH]c(-c3cscn3)nc2c1,CO,313.15,-1.22836132986453,-0.2353153276032528
c1ccc2[nH]c(-c3cscn3)nc2c1,CCCO,308.15,-1.4883929294276899,-0.580955778321937
c1ccc2[nH]c(-c3cscn3)nc2c1,CCC(C)=O,323.15,-1.57017501404746,-0.20350373428369117
c1ccc2[nH]c(-c3cscn3)nc2c1,CC(C)CO,318.15,-1.5628944905161002,-0.6328631975514163
c1ccc2[nH]c(-c3cscn3)nc2c1,CCCCO,303.15,-1.53937111138838,-0.7192865789791425
c1ccc2[nH]c(-c3cscn3)nc2c1,CCO,318.15,-1.34120866490877,-0.32598499989416563
c1ccc2[nH]c(-c3cscn3)nc2c1,CCCO,313.15,-1.4427812184953401,-0.5224324508556433
c1ccc2[nH]c(-c3cscn3)nc2c1,CO,318.15,-1.17360170622997,-0.1894887068057092
c1ccc2[nH]c(-c3cscn3)nc2c1,CCCCO,308.15,-1.50365179940009,-0.6552490801124491
c1ccc2[nH]c(-c3cscn3)nc2c1,CC(C)CO,323.15,-1.50885076826891,-0.5766565069329772
c1ccc2[nH]c(-c3cscn3)nc2c1,CCO,323.15,-1.31248499785744,-0.28145933560302094
c1ccc2[nH]c(-c3cscn3)nc2c1,CO,323.15,-1.1428461842942501,-0.14736785098890032
c1ccc2[nH]c(-c3cscn3)nc2c1,CCCO,318.15,-1.4021444777394199,-0.46718663540656025
c1ccc2[nH]c(-c3cscn3)nc2c1,CCCCO,313.15,-1.4411453790218702,-0.5938068309077126
c1ccc2[nH]c(-c3cscn3)nc2c1,CCCO,323.15,-1.34488491508698,-0.41510657069230045
c1ccc2[nH]c(-c3cscn3)nc2c1,CCCCO,318.15,-1.4017248612356499,-0.534885681424055
c1ccc2[nH]c(-c3cscn3)nc2c1,CCCCO,323.15,-1.35342344654106,-0.47841767278349384
O=C(O)[C@@H]1CSCN1,ClCCl,283.15,-3.6199192498543797,-1.042540081353776
O=C(O)[C@@H]1CSCN1,CC#N,283.15,-3.37140885777574,-0.33897803526364273
O=C(O)[C@@H]1CSCN1,CCOC(C)=O,283.15,-3.6230753531881406,-0.6670169223940521
O=C(O)[C@@H]1CSCN1,CC#N,293.15,-3.24163126058574,-0.08018896928503139
O=C(O)[C@@H]1CSCN1,CC(C)O,283.15,-3.3099168866801296,-0.6967070459737793
O=C(O)[C@@H]1CSCN1,CC#N,303.15,-3.0442306108852297,0.16175421212311608
O=C(O)[C@@H]1CSCN1,ClCCl,288.15,-3.09132897204542,-0.8953568961120256
O=C(O)[C@@H]1CSCN1,CO,283.15,-2.86126969698873,-0.2566461663874965
O=C(O)[C@@H]1CSCN1,CC(C)O,293.15,-3.0506063657592497,-0.4501452181228378
O=C(O)[C@@H]1CSCN1,CC#N,313.15,-2.89882241736206,0.38797162576703864
O=C(O)[C@@H]1CSCN1,CCOC(C)=O,293.15,-3.1329951503007902,-0.4216317159011122
O=C(O)[C@@H]1CSCN1,CO,293.15,-2.73746173943144,-0.019989668228315466
O=C(O)[C@@H]1CSCN1,CCO,283.15,-2.80697727566365,-0.5431131703086935
O=C(O)[C@@H]1CSCN1,CC#N,323.15,-2.77873176243687,0.5994283548524391
O=C(O)[C@@H]1CSCN1,CC(C)O,303.15,-2.89687770009555,-0.21818610058480442
O=C(O)[C@@H]1CSCN1,CO,303.15,-2.56245499738511,0.20116891454942537
O=C(O)[C@@H]1CSCN1,CCO,293.15,-2.6690015255475097,-0.30373461183294137
O=C(O)[C@@H]1CSCN1,CC(C)O,313.15,-2.7893472576444704,-0.000298705937911925
O=C(O)[C@@H]1CSCN1,ClCCl,293.15,-2.674678849193,-0.7537380177361017
O=C(O)[C@@H]1CSCN1,CCOC(C)=O,303.15,-2.79736308822553,-0.18889308944809494
O=C(O)[C@@H]1CSCN1,CCO,303.15,-2.51537367324747,-0.07920603896155133
O=C(O)[C@@H]1CSCN1,CC(C)=O,283.15,-2.60418381425016,-0.26309075316442543
O=C(O)[C@@H]1CSCN1,CC(C)O,323.15,-2.61948945689392,0.2039601485302519
O=C(O)[C@@H]1CSCN1,ClCCl,298.15,-2.48203274000211,-0.617468051678592
O=C(O)[C@@H]1CSCN1,CO,313.15,-2.2969317704939503,0.4076882299015481
O=C(O)[C@@H]1CSCN1,CCO,313.15,-2.3705353114545296,0.13135355994889458
O=C(O)[C@@H]1CSCN1,ClCCl,303.15,-2.3422793705343903,-0.48634779211564105
O=C(O)[C@@H]1CSCN1,CCOC(C)=O,313.15,-2.52912378886368,0.03159131385508357
O=C(O)[C@@H]1CSCN1,CC(C)=O,293.15,-2.3910819311798197,-0.031516485503073594
O=C(O)[C@@H]1CSCN1,CO,323.15,-2.1241297560495798,0.6003096593406894
O=C(O)[C@@H]1CSCN1,CCO,323.15,-2.24156426332684,0.3286795965580249
O=C(O)[C@@H]1CSCN1,C1COCCO1,288.15,-2.38310808845225,-0.2371179901993688
O=C(O)[C@@H]1CSCN1,C1COCCO1,293.15,-2.34536171714333,-0.1278379232112598
O=C(O)[C@@H]1CSCN1,CCOC(C)=O,323.15,-2.33491664974091,0.2401578632287198
O=C(O)[C@@H]1CSCN1,C1COCCO1,303.15,-2.2564373955664103,0.08517011101911356
O=C(O)[C@@H]1CSCN1,CC(C)=O,303.15,-2.1413334133577497,0.18487235414908115
O=C(O)[C@@H]1CSCN1,C1COCCO1,313.15,-2.16963620121021,0.29075475074550483
O=C(O)[C@@H]1CSCN1,C1COCCO1,323.15,-2.09488717862227,0.48890412971147157
O=C(O)[C@@H]1CSCN1,CC(C)=O,313.15,-1.7482414823974601,0.3867060744253571
O=C(O)[C@@H]1CSCN1,O,283.15,-0.7829139997253491,-0.9119550339709548
O=C(O)[C@@H]1CSCN1,CC(C)=O,323.15,-1.3475485866110801,0.5745059231720236
O=C(O)[C@@H]1CSCN1,O,293.15,-0.670871323708548,-0.6436932164218843
O=C(O)[C@@H]1CSCN1,O,303.15,-0.554613861384851,-0.38678166051789686
O=C(O)[C@@H]1CSCN1,O,313.15,-0.463831032585177,-0.1405898170312408
O=C(O)[C@@H]1CSCN1,O,323.15,-0.36926418957291995,0.09543318690970282
O=c1[nH]c2ccccc2c(=O)o1,CC(C)O,288.15,-1.8647731645463401,-1.1980691077081083
O=c1[nH]c2ccccc2c(=O)o1,CCCO,288.15,-1.80564922053623,-1.2379639981282033
O=c1[nH]c2ccccc2c(=O)o1,CC(C)O,293.15,-1.79911550751695,-1.16924072210952
O=c1[nH]c2ccccc2c(=O)o1,CCCO,293.15,-1.74980627503369,-1.2110545379924789
O=c1[nH]c2ccccc2c(=O)o1,CCO,288.15,-1.63527024379601,-1.0468050688013513
O=c1[nH]c2ccccc2c(=O)o1,CC(C)O,298.15,-1.72644705859212,-1.1442240311328509
O=c1[nH]c2ccccc2c(=O)o1,CO,288.15,-1.42932536526692,-0.9604079562754054
O=c1[nH]c2ccccc2c(=O)o1,CCO,293.15,-1.5892226389100501,-1.022682138949425
O=c1[nH]c2ccccc2c(=O)o1,CCCO,298.15,-1.69155673801993,-1.186332740333695
O=c1[nH]c2ccccc2c(=O)o1,CO,293.15,-1.36868258561096,-0.9399967407146731
O=c1[nH]c2ccccc2c(=O)o1,CCO,298.15,-1.52404292317765,-1.0019250025900617
O=c1[nH]c2ccccc2c(=O)o1,CC(C)O,303.15,-1.6418686392050201,-1.1228311223231362
O=c1[nH]c2ccccc2c(=O)o1,CCCO,303.15,-1.6187084410226003,-1.1637246319808048
O=c1[nH]c2ccccc2c(=O)o1,CC(=O)OC(C)C,288.15,-1.79830192955486,-1.008241375735118
O=c1[nH]c2ccccc2c(=O)o1,CCO,303.15,-1.46557332168295,-0.9843430085854241
O=c1[nH]c2ccccc2c(=O)o1,CO,298.15,-1.29669025488286,-0.922410223746918
O=c1[nH]c2ccccc2c(=O)o1,CC(=O)OC(C)C,293.15,-1.7518888946113,-0.990790327827617
O=c1[nH]c2ccccc2c(=O)o1,CCCO,308.15,-1.56146237604902,-1.1431635997231482
O=c1[nH]c2ccccc2c(=O)o1,CC(C)O,308.15,-1.5550250374643302,-1.104890963981775
O=c1[nH]c2ccccc2c(=O)o1,CCCOC(C)=O,288.15,-1.69736476541123,-1.041399433298019
O=c1[nH]c2ccccc2c(=O)o1,CC(=O)OC(C)C,298.15,-1.6992433538915,-0.9751246231241976
O=c1[nH]c2ccccc2c(=O)o1,CCO,308.15,-1.39326612647736,-0.9697631182123616
O=c1[nH]c2ccccc2c(=O)o1,CO,303.15,-1.22487964966064,-0.9075200135787359
O=c1[nH]c2ccccc2c(=O)o1,CCCO,313.15,-1.48336248112992,-1.124589841691951
O=c1[nH]c2ccccc2c(=O)o1,CCCOC(C)=O,293.15,-1.65384639153779,-1.0210968670856868
O=c1[nH]c2ccccc2c(=O)o1,CC(=O)OC(C)C,303.15,-1.6633540107154399,-0.9611996431052613
O=c1[nH]c2ccccc2c(=O)o1,CC(C)O,313.15,-1.46815106918377,-1.0902481151552934
O=c1[nH]c2ccccc2c(=O)o1,CCO,313.15,-1.33148059099527,-0.9580284881692875
O=c1[nH]c2ccccc2c(=O)o1,CCCOC(C)=O,298.15,-1.60628757605299,-1.0022926008453443
O=c1[nH]c2ccccc2c(=O)o1,CCCO,318.15,-1.41930334427381,-1.1079498874197444
O=c1[nH]c2ccccc2c(=O)o1,CC(=O)OC(C)C,308.15,-1.6106616405798602,-0.9489762476001263
O=c1[nH]c2ccccc2c(=O)o1,CO,308.15,-1.14322063558372,-0.8952090173652585
O=c1[nH]c2ccccc2c(=O)o1,CC#N,288.15,-1.23696558873329,-0.9889126081614401
O=c1[nH]c2ccccc2c(=O)o1,CC(C)O,318.15,-1.39464640590749,-1.0787616009958374
O=c1[nH]c2ccccc2c(=O)o1,CCCOC(C)=O,303.15,-1.5630913673838702,-0.9849560651676633
O=c1[nH]c2ccccc2c(=O)o1,CCOC(C)=O,288.15,-1.48156821431148,-0.8337894944464911
O=c1[nH]c2ccccc2c(=O)o1,CC(=O)OC(C)C,313.15,-1.56740201569939,-0.9384204048239164
O=c1[nH]c2ccccc2c(=O)o1,CCO,318.15,-1.2626107189745301,-0.9489972030668419
O=c1[nH]c2ccccc2c(=O)o1,CC#N,293.15,-1.19868404253331,-0.9622869057739571
O=c1[nH]c2ccccc2c(=O)o1,CCCO,323.15,-1.3526184536669201,-1.0931961833833728
O=c1[nH]c2ccccc2c(=O)o1,CCCOC(C)=O,308.15,-1.52229979112829,-0.9690606519792192
O=c1[nH]c2ccccc2c(=O)o1,CCOC(C)=O,293.15,-1.44228484013438,-0.8158738376472883
O=c1[nH]c2ccccc2c(=O)o1,CO,313.15,-1.06601028481953,-0.8853705250975806
O=c1[nH]c2ccccc2c(=O)o1,CC(=O)OC(C)C,318.15,-1.52533528450534,-0.9295028770594712
O=c1[nH]c2ccccc2c(=O)o1,CC#N,298.15,-1.14337671073152,-0.9380278216572983
O=c1[nH]c2ccccc2c(=O)o1,CC(C)O,323.15,-1.3174625185531998,-1.070303940394959
O=c1[nH]c2ccccc2c(=O)o1,CCO,323.15,-1.20025441338477,-0.9425411466886492
O=c1[nH]c2ccccc2c(=O)o1,CCOC(C)=O,298.15,-1.3976684021971202,-0.8002420398804507
O=c1[nH]c2ccccc2c(=O)o1,CCCO,328.15,-1.29224967531649,-1.0802867411554673
O=c1[nH]c2ccccc2c(=O)o1,CCCOC(C)=O,313.15,-1.4741409589752599,-0.9545834436379048
O=c1[nH]c2ccccc2c(=O)o1,CC(=O)OC(C)C,323.15,-1.4861855160513502,-0.9221989604998327
O=c1[nH]c2ccccc2c(=O)o1,COC(C)=O,288.15,-1.2789229136353701,-0.7242877145129207
O=c1[nH]c2ccccc2c(=O)o1,CO,318.15,-0.9904352298779079,-0.8779074585100397
O=c1[nH]c2ccccc2c(=O)o1,CC#N,303.15,-1.08994992363219,-0.9160407524666387
O=c1[nH]c2ccccc2c(=O)o1,CC(=O)OC(C)C,328.15,-1.4502589041291398,-0.9164882778810454
O=c1[nH]c2ccccc2c(=O)o1,CCOC(C)=O,303.15,-1.3569111838028503,-0.7868097254668565
O=c1[nH]c2ccccc2c(=O)o1,CCCOC(C)=O,318.15,-1.43583674329124,-0.94150497675529
O=c1[nH]c2ccccc2c(=O)o1,CCO,328.15,-1.14235146002648,-0.9385450030579625
O=c1[nH]c2ccccc2c(=O)o1,CC(C)O,328.15,-1.24008419908209,-1.064760315179218
O=c1[nH]c2ccccc2c(=O)o1,COC(C)=O,293.15,-1.2338674693524199,-0.7048681004340553
O=c1[nH]c2ccccc2c(=O)o1,CCCOC(C)=O,323.15,-1.39642544043195,-0.9298090410603383
O=c1[nH]c2ccccc2c(=O)o1,CCOC(C)=O,308.15,-1.31406234584077,-0.7755010973722208
O=c1[nH]c2ccccc2c(=O)o1,CC#N,308.15,-1.04103647303847,-0.8962398845885566
O=c1[nH]c2ccccc2c(=O)o1,CO,323.15,-0.915103488600131,-0.8727317713777519
O=c1[nH]c2ccccc2c(=O)o1,COC(C)=O,298.15,-1.18554127214449,-0.68920348249855
O=c1[nH]c2ccccc2c(=O)o1,CCOC(C)=O,313.15,-1.27263350444507,-0.7662482977912659
O=c1[nH]c2ccccc2c(=O)o1,CCCOC(C)=O,328.15,-1.3509297550369999,-0.9194825136157447
O=c1[nH]c2ccccc2c(=O)o1,CC#N,313.15,-0.9859116478243192,-0.8785475030479901
O=c1[nH]c2ccccc2c(=O)o1,COC(C)=O,303.15,-1.1479787695701003,-0.677101868054463
O=c1[nH]c2ccccc2c(=O)o1,CCOC(C)=O,318.15,-1.2375193855803501,-0.7589908523813365
O=c1[nH]c2ccccc2c(=O)o1,CO,328.15,-0.8402900297510341,-0.8697639875641394
O=c1[nH]c2ccccc2c(=O)o1,CC#N,318.15,-0.9367721906544321,-0.8628933777704577
O=c1[nH]c2ccccc2c(=O)o1,COC(C)=O,308.15,-1.10750622085509,-0.6683887109108535
O=c1[nH]c2ccccc2c(=O)o1,CCOC(C)=O,323.15,-1.2017079894524298,-0.753675193577682
O=c1[nH]c2ccccc2c(=O)o1,CCOC(C)=O,328.15,-1.16709965753734,-0.7502542588406123
O=c1[nH]c2ccccc2c(=O)o1,COC(C)=O,313.15,-1.0641768987076201,-0.6629055657106939
O=c1[nH]c2ccccc2c(=O)o1,CC#N,323.15,-0.8821680167823841,-0.8492142234041895
O=c1[nH]c2ccccc2c(=O)o1,CCC(C)=O,288.15,-1.075867050959,-0.6336651776815089
O=c1[nH]c2ccccc2c(=O)o1,COC(C)=O,318.15,-1.03062066913134,-0.6605089134842086
O=c1[nH]c2ccccc2c(=O)o1,CC(C)=O,288.15,-0.959064623531647,-0.3600322956065701
O=c1[nH]c2ccccc2c(=O)o1,CC#N,328.15,-0.8367079649626641,-0.8374532276176008
O=c1[nH]c2ccccc2c(=O)o1,CCC(C)=O,293.15,-1.04239841075632,-0.6205508824795845
O=c1[nH]c2ccccc2c(=O)o1,C1COCCO1,288.15,-1.00001151443012,-0.2069708542792518
O=c1[nH]c2ccccc2c(=O)o1,COC(C)=O,323.15,-0.9926238619434291,-0.6610691445024159
O=c1[nH]c2ccccc2c(=O)o1,CC(C)=O,293.15,-0.920404657032467,-0.3470026573337366
O=c1[nH]c2ccccc2c(=O)o1,CCC(C)=O,298.15,-1.00643614299152,-0.6093950405839622
O=c1[nH]c2ccccc2c(=O)o1,COC(C)=O,328.15,-0.9500313221473341,-0.6644696873021859
O=c1[nH]c2ccccc2c(=O)o1,C1COCCO1,293.15,-0.9505827971452071,-0.20111399901003554
O=c1[nH]c2ccccc2c(=O)o1,CCC(C)=O,303.15,-0.969254011427695,-0.6001324800256509
O=c1[nH]c2ccccc2c(=O)o1,CC(C)=O,298.15,-0.880504951965282,-0.33805591831009674
O=c1[nH]c2ccccc2c(=O)o1,CCC(C)=O,308.15,-0.9275589172146059,-0.5927051334570009
O=c1[nH]c2ccccc2c(=O)o1,C1COCCO1,298.15,-0.8991126079167171,-0.19578924082056703
O=c1[nH]c2ccccc2c(=O)o1,CC(C)=O,303.15,-0.8297576907244821,-0.3329732428511016
O=c1[nH]c2ccccc2c(=O)o1,CCC(C)=O,313.15,-0.8896242547386709,-0.587061514132496
O=c1[nH]c2ccccc2c(=O)o1,C1COCCO1,303.15,-0.855156231554414,-0.19100880345526652
O=c1[nH]c2ccccc2c(=O)o1,CC(C)=O,308.15,-0.7840723182253421,-0.33155566875970277
O=c1[nH]c2ccccc2c(=O)o1,CCC(C)=O,318.15,-0.8506906963698371,-0.5831562608142373
O=c1[nH]c2ccccc2c(=O)o1,C1COCCO1,308.15,-0.806602930251915,-0.1867852982762376
O=c1[nH]c2ccccc2c(=O)o1,CC(C)=O,313.15,-0.742287498474035,-0.33362264722541135
O=c1[nH]c2ccccc2c(=O)o1,CCC(C)=O,323.15,-0.817895840814772,-0.5809497486119961
O=c1[nH]c2ccccc2c(=O)o1,C1COCCO1,313.15,-0.767760267042997,-0.1831317437072281
O=c1[nH]c2ccccc2c(=O)o1,CC(C)=O,318.15,-0.700839818195458,-0.33901076153008447
O=c1[nH]c2ccccc2c(=O)o1,CCC(C)=O,328.15,-0.781394381679741,-0.5804077629239214
O=c1[nH]c2ccccc2c(=O)o1,C1COCCO1,318.15,-0.7262828809733399,-0.18006157613556212
O=c1[nH]c2ccccc2c(=O)o1,CC(C)=O,323.15,-0.658416217656374,-0.34757260906730086
O=c1[nH]c2ccccc2c(=O)o1,C1COCCO1,323.15,-0.685025066398227,-0.17758865531643286
O=c1[nH]c2ccccc2c(=O)o1,CC(C)=O,328.15,-0.61521007234211,-0.3591758340267996
O=c1[nH]c2ccccc2c(=O)o1,C1COCCO1,328.15,-0.6429112353151171,-0.17572726946300565
Clc1c(Cl)c(Cl)c(Cl)c(Cl)c1Cl,O,288.15,-7.9058931577254405,-7.213618294410976
Clc1c(Cl)c(Cl)c(Cl)c(Cl)c1Cl,O,278.15,-8.10753852125351,-7.281467961994229
Clc1c(Cl)c(Cl)c(Cl)c(Cl)c1Cl,O,298.15,-7.7143623023775305,-7.1169278841856825
Clc1c(Cl)c(Cl)c(Cl)c(Cl)c1Cl,O,308.15,-7.51901217090819,-6.996076871937576
Clc1c(Cl)c(Cl)c(Cl)c(Cl)c1Cl,O,318.15,-7.303833166397481,-6.855069303432228
O=C(O)c1ccc([N+](=O)[O-])cc1,CCCCOCCCC,298.15,-1.77859793493947,-0.9490750552018578
O=C(O)c1ccc([N+](=O)[O-])cc1,CC(C)OC(C)C,298.15,-1.58830276861352,-0.7840671684965868
O=C(O)c1ccc([N+](=O)[O-])cc1,CC1COC(=O)O1,298.15,-1.2398948592157,-0.9032319219013909
O=C(O)c1ccc([N+](=O)[O-])cc1,CCC(C)CO,298.15,-1.26056341566539,-0.5693747979756485
O=C(O)c1ccc([N+](=O)[O-])cc1,CC(C)CO,298.15,-1.1780011041432599,-0.5545610867721249
O=C(O)c1ccc([N+](=O)[O-])cc1,CCCC(C)CO,298.15,-1.2790175255818999,-0.5997144637204302
O=C(O)c1ccc([N+](=O)[O-])cc1,CC(C)CCO,298.15,-1.17083077693906,-0.5465957581295774
O=C(O)c1ccc([N+](=O)[O-])cc1,CCCCCOC(C)=O,298.15,-1.29561480328729,-0.6515515814216689
O=C(O)c1ccc([N+](=O)[O-])cc1,CO,298.15,-0.706762869193395,-0.12531476427971486
O=C(O)c1ccc([N+](=O)[O-])cc1,CCCCO,298.15,-1.05607761077792,-0.4120782729480415
O=C(O)c1ccc([N+](=O)[O-])cc1,CCCO,298.15,-0.9688878468299119,-0.35982006715607573
O=C(O)c1ccc([N+](=O)[O-])cc1,CC(C)CC(C)O,298.15,-1.1678377644767401,-0.5395908467772101
O=C(O)c1ccc([N+](=O)[O-])cc1,CCO,298.15,-0.832950781909257,-0.21306755555733586
O=C(O)c1ccc([N+](=O)[O-])cc1,CC(C)O,298.15,-0.9488330591085179,-0.30808730248145244
O=C(O)c1ccc([N+](=O)[O-])cc1,CCC(C)O,298.15,-1.0108690422509499,-0.35743878962976555
O=C(O)c1ccc([N+](=O)[O-])cc1,CCCC(C)O,298.15,-1.0788056848907501,-0.3954275852986697
O=C(O)c1ccc([N+](=O)[O-])cc1,CCCCCO,298.15,-1.0618094681658101,-0.43924932378603937
O=C(O)c1ccc([N+](=O)[O-])cc1,CCCCCCCCO,298.15,-1.2055357014793,-0.5912193106218401
O=C(O)c1ccc([N+](=O)[O-])cc1,CCOCC,298.15,-1.01834657960557,-0.47324734469526775
O=C(O)c1ccc([N+](=O)[O-])cc1,CCCCOC(C)=O,298.15,-1.1133525524313101,-0.5246774205754727
O=C(O)c1ccc([N+](=O)[O-])cc1,CCCCCCCCCCO,298.15,-1.26714727336051,-0.6598715330967143
O=C(O)c1ccc([N+](=O)[O-])cc1,CCCCCCO,298.15,-1.07203166121094,-0.4723540902039698
O=C(O)c1ccc([N+](=O)[O-])cc1,CCCCCCCO,298.15,-1.1172637720747,-0.5376996312178126
O=C(O)c1ccc([N+](=O)[O-])cc1,COC(C)=O,298.15,-0.828568771907765,-0.34732411984867667
O=C(O)c1ccc([N+](=O)[O-])cc1,CCOC(C)=O,298.15,-0.8917593796008789,-0.3861394713923096
O=C(O)c1ccc([N+](=O)[O-])cc1,CC(C)(C)O,298.15,-0.8154185864535759,-0.22230652683852156
O=C(O)c1ccc([N+](=O)[O-])cc1,CCC(C)(C)O,298.15,-0.767175443970284,-0.2158025858613814
O=C(O)c1ccc([N+](=O)[O-])cc1,C1COCCO1,298.15,-0.290139590610922,0.07302889243758137
O=C(O)c1ccc([N+](=O)[O-])cc1,C1CCOC1,298.15,-0.074381141477812,0.2991992884286274
CC(C)Cc1ccc(C(C)C(=O)O)cc1,CO,298.15,0.199012392557808,0.7610423272673554
CC(C)Cc1ccc(C(C)C(=O)O)cc1,CC(C)CO,298.15,0.435433116480826,0.6642176279220469
CC(C)Cc1ccc(C(C)C(=O)O)cc1,CCC(C)O,298.15,0.44467400855048606,0.8083186551504836
CC(C)Cc1ccc(C(C)C(=O)O)cc1,CC(C)O,298.15,0.599003680061826,0.8250666135244648
CC(C)Cc1ccc(C(C)C(=O)O)cc1,CO,298.15,0.20230732769256,0.7610423272673554
CC(C)Cc1ccc(C(C)C(=O)O)cc1,CCO,298.15,0.19007919380083899,0.8799287381802777
CC(C)Cc1ccc(C(C)C(=O)O)cc1,CCO,298.15,0.19359349726893302,0.8799287381802777
CC(C)Cc1ccc(C(C)C(=O)O)cc1,CCCO,298.15,0.342812161679311,0.8255986174367064
CC(C)Cc1ccc(C(C)C(=O)O)cc1,CCCCCO,298.15,0.204671267589425,0.7490711240490198
CC(C)Cc1ccc(C(C)C(=O)O)cc1,CCCCO,298.15,0.325095113549528,0.772687259901581
CC(C)Cc1ccc(C(C)C(=O)O)cc1,CCCCCO,298.15,0.315949056334882,0.7490711240490198
CC(C)Cc1ccc(C(C)C(=O)O)cc1,CCCCCCCCO,298.15,0.19333564921962101,0.5419035231985222
CC(C)Cc1ccc(C(C)C(=O)O)cc1,CCCCCCCCO,298.15,0.19688229743557004,0.5419035231985222
CC(C)Cc1ccc(C(C)C(=O)O)cc1,CCCCCCCCCCO,298.15,0.16061538990602,0.4405700725972629
CC(C)Cc1ccc(C(C)C(=O)O)cc1,CO,298.15,0.7376142432652021,0.7610423272673554
O=c1c2ccccc2sc2ccccc12,CCOC(=O)OCC,298.15,-1.5725016135380199,-0.752431498591771
COc1ccc(C(=O)O)cc1OC,CCOC(=O)OCC,298.15,-1.4782197828065602,-0.15769231386616483
O=C(O)c1ccc([N+](=O)[O-])cc1,CCOC(=O)OCC,298.15,-1.29226601812252,-0.6165735327709442
O=c1c2ccccc2sc2ccccc12,COC(=O)OC,298.15,-1.52096309302223,-0.8046012630826426
O=C(O)c1ccc([N+](=O)[O-])cc1,COC(=O)OC,298.15,-1.29313412983873,-0.6019726642976346
COc1ccc(C(=O)O)cc1OC,COC(=O)OC,298.15,-1.23375241046574,-0.02193532683869671
c1ccc2ccccc2c1,O,313.0,-3.41884527026362,-3.339220779388195
c1ccc2ccccc2c1,O,318.0,-3.32708656815123,-3.24129002382865
c1ccc2ccccc2c1,O,323.0,-3.20387376980832,-3.1438626130829794
c1ccc2ccccc2c1,O,328.0,-3.07419776103966,-3.046993011558906
c1ccc2ccccc2c1,O,333.0,-2.95005813052513,-2.950731212903423
c1ccc2ccccc2c1,O,338.0,-2.8448583267816603,-2.855123104523793
c1ccc2ccccc2c1,O,343.0,-2.7238828544810403,-2.760210802490042
c1ccc2ccccc2c1,O,348.0,-2.63218144607935,-2.6660329580783544
c1ccc2ccccc2c1,O,298.0,-3.5511198149729903,-3.6354129258459507
c1ccc2ccccc2c1,O,298.0,-3.51635770871378,-3.6354129258459507
c1ccc2ccccc2c1,O,308.0,-3.29450895909742,-3.437595550008973
c1ccc2ccccc2c1,O,323.0,-3.02824106969265,-3.1438626130829794
c1ccc2ccccc2c1,O,338.0,-2.78520302100636,-2.855123104523793
c1ccc2nc3ccccc3cc2c1,O,313.2,-3.2999002710163796,-3.5885664897344114
c1ccc2nc3ccccc3cc2c1,O,333.2,-2.97511064289645,-3.336306405673293
c1ccc2nc3ccccc3cc2c1,O,353.2,-2.65418909143032,-3.0698235659857094
c1ccc2nc3ccccc3cc2c1,O,363.2,-2.48626177472406,-2.9338114059040334
c1ccc2c(c1)ccc1ccccc12,O,313.2,-4.9224857873448,-4.846641501518687
c1ccc2c(c1)ccc1ccccc12,O,333.2,-4.447342765868401,-4.364658409038651
c1ccc2c(c1)ccc1ccccc12,O,343.2,-4.22001602176879,-4.128474243371899
c1ccc2c(c1)ccc1ccccc12,O,353.2,-3.9802461907140696,-3.8960504388624875
c1ccc2c(c1)ccc1ccccc12,O,363.2,-3.75635634389071,-3.667720539244245
CC(C)Cc1ccc(C(C)C(=O)O)cc1,O,298.0,-2.95579348948598,-3.643992644882056
CC(C)Cc1ccc(C(C)C(=O)O)cc1,O,323.0,-1.3573460105042499,-2.9895861696697805
CC(C)Cc1ccc(C(C)C(=O)O)cc1,O,348.0,-0.798110466209489,-2.327565274924183
C1C2CC3CC1CC(C2)C3,O,313.2,-5.8041,-4.678243164917396
C1C2CC3CC1CC(C2)C3,O,333.2,-5.50552,-4.236181832311983
C1C2CC3CC1CC(C2)C3,O,353.2,-5.11271,-3.784373136435194
C1C2CC3CC1CC(C2)C3,O,373.2,-4.66485,-3.3309831581345932
C1C2CC3CC1CC(C2)C3,O,393.2,-4.24875,-2.8820277577396602
C1C2CC3CC1CC(C2)C3,O,413.2,-3.79145,-2.4419529987132016
C1C2CC3CC1CC(C2)C3,O,433.2,-3.28102,-2.014047229301666
C1C2CC3CC1CC(C2)C3,O,453.2,-2.91337,-1.6007502844063435
C1C2CC3CC1CC(C2)C3,O,473.2,-2.5037700000000003,-1.2039021093351425
C1C2CC3CC1CC(C2)C3,O,493.2,-2.10201,-0.8256136032201535
O=c1c2ccccc2sc2ccccc12,O,313.0,-5.187069999999999,-4.425347114675876
O=c1c2ccccc2sc2ccccc12,O,333.0,-4.770490000000001,-4.090782070192626
O=c1c2ccccc2sc2ccccc12,O,353.0,-4.32406,-3.7420953035397146
O=c1c2ccccc2sc2ccccc12,O,373.0,-3.92783,-3.388241034526443
O=c1c2ccccc2sc2ccccc12,O,393.0,-3.47721,-3.035994044460454
O=c1c2ccccc2sc2ccccc12,O,413.0,-2.9971200000000002,-2.6905568311678767
O=c1c2ccccc2sc2ccccc12,O,433.0,-2.5617400000000004,-2.356001821191189
O=c1c2ccccc2sc2ccccc12,O,453.0,-2.18083,-2.0356179645293233
[2H]c1c([2H])c([2H])c2c([2H])c3c([2H])c([2H])c([2H])c([2H])c3c([2H])c2c1[2H],O,323.0,-6.1816,-2.8715374831378377
[2H]c1c([2H])c([2H])c2c([2H])c3c([2H])c([2H])c([2H])c([2H])c3c([2H])c2c1[2H],O,373.0,-4.85921,-1.6767876885344035
[2H]c1c([2H])c([2H])c2c([2H])c3c([2H])c([2H])c([2H])c([2H])c3c([2H])c2c1[2H],O,423.0,-3.2808300000000004,-0.48185374716731877
[2H]c1c([2H])c([2H])c2c([2H])c3c([2H])c([2H])c([2H])c([2H])c3c([2H])c2c1[2H],O,473.0,-1.9847,0.6268864271091164
O=C1C(=O)c2ccccc2-c2ccccc21,O,298.15,-4.44311,-4.378026686763576
O=C1C(=O)c2ccccc2-c2ccccc21,O,298.15,-3.9817099999999996,-4.378026686763576
O=C1C(=O)c2ccccc2-c2ccccc21,O,313.0,-4.5185900000000006,-4.169871855669906
O=C1C(=O)c2ccccc2-c2ccccc21,O,333.0,-4.05385,-3.874153538037627
O=C1C(=O)c2ccccc2-c2ccccc21,O,353.0,-3.64687,-3.569521463274831
O=C1C(=O)c2ccccc2-c2ccccc21,O,373.0,-3.24887,-3.2632964028685834
O=C1C(=O)c2ccccc2-c2ccccc21,O,393.0,-2.6905900000000003,-2.9610608429435734
O=C1C(=O)c2ccccc2-c2ccccc21,O,413.0,-2.36639,-2.6671505673888802
O=C1C(=O)c2ccccc2-c2ccccc21,O,433.0,-1.8954799999999998,-2.3850174594538402
O=C1C(=O)c2ccccc2-c2ccccc21,O,453.0,-1.38554,-2.117522016392535
O=C1C(=O)c2ccccc2-c2ccccc21,O,473.0,-1.0580100000000001,-1.8671976824576317
c1ccc2c(c1)ccc1c3ccccc3ccc21,O,298.0,-8.05242,-6.973080714786092
c1ccc2c(c1)ccc1c3ccccc3ccc21,O,298.0,-7.58444,-6.973080714786092
c1ccc2c(c1)ccc1c3ccccc3ccc21,O,298.0,-7.4572,-6.973080714786092
c1ccc2c(c1)ccc1c3ccccc3ccc21,O,323.0,-7.2607800000000005,-6.262487758351979
c1ccc2c(c1)ccc1c3ccccc3ccc21,O,373.0,-6.16024,-4.917476095016603
c1ccc2c(c1)ccc1c3ccccc3ccc21,O,423.0,-4.5197199999999995,-3.710122985050777
c1ccc2c(c1)ccc1c3ccccc3ccc21,O,473.0,-3.12259,-2.6616808114467503
c1ccc2c(c1)ccc1c3ccccc3ccc21,O,498.0,-2.4557,-2.2025275980632246
c1ccc2c(c1)C1c3ccccc3C2c2ccccc21,O,313.2,-6.37985,-5.754152971094998
c1ccc2c(c1)C1c3ccccc3C2c2ccccc21,O,333.2,-5.955419999999999,-5.137666261818505
c1ccc2c(c1)C1c3ccccc3C2c2ccccc21,O,353.2,-5.48845,-4.55026037692926
c1ccc2c(c1)C1c3ccccc3C2c2ccccc21,O,373.2,-5.02159,-3.9927031256258423
c1ccc2c(c1)C1c3ccccc3C2c2ccccc21,O,393.2,-4.56519,-3.4653547988665845
c1ccc2c(c1)C1c3ccccc3C2c2ccccc21,O,413.2,-4.0459,-2.96832443754773
c1ccc2c(c1)C1c3ccccc3C2c2ccccc21,O,433.2,-3.54029,-2.5015876124783802
c1ccc2c(c1)C1c3ccccc3C2c2ccccc21,O,453.2,-3.05363,-2.065094339204867
c1ccc2c(c1)C1c3ccccc3C2c2ccccc21,O,473.2,-2.54975,-1.6588881984490458
c1ccc2c(c1)C1c3ccccc3C2c2ccccc21,O,493.2,-2.09191,-1.2837272216160365
c1ccc2c(c1)C1c3ccccc3C2c2ccccc21,O,513.2,-1.61332,-0.9434078186481658
