dataset,y_true,y_pred
SolProp,-1.13392896293359,-2.3616557121276855
SolProp,-0.184418900827674,-1.3311740159988403
SolProp,-0.622625231830459,-1.6475226879119873
SolProp,-0.428452267875106,-1.4821600914001465
SolProp,0.092612840082728,-1.432000756263733
SolProp,-0.721110729592785,-1.6633087396621704
SolProp,-0.887559234042659,-2.1518311500549316
SolProp,-0.543100795336107,-1.5655454397201538
SolProp,-0.750837819484697,-2.0782790184020996
SolProp,0.195380223480674,-1.2250007390975952
SolProp,0.034059994637913,-1.3539916276931763
SolProp,0.374665129233712,-1.2238190174102783
SolProp,-1.23616904348388,-2.360389471054077
SolProp,-0.311615353677783,-1.4130287170410156
SolProp,0.440035845918325,-1.0709710121154785
SolProp,0.764168204167601,-0.6481655836105347
SolProp,-0.611230558996677,-1.9988007545471191
SolProp,-0.070830114725695,-1.2443774938583374
SolProp,0.069276231070328,-1.3057597875595093
SolProp,-0.98743908964124,-2.2464382648468018
SolProp,-0.145050268888196,-1.4275197982788086
SolProp,0.538488389249764,-0.9494675993919373
SolProp,-0.501526654261669,-1.7395496368408203
SolProp,-0.061890035785486,-1.5080770254135132
SolProp,0.300330280856691,-0.95348060131073
SolProp,-0.462825848333396,-1.650639533996582
SolProp,-0.484311866627474,-1.8818917274475098
SolProp,-0.291151724748331,-1.6813678741455078
SolProp,-0.136921353233738,-1.464951753616333
SolProp,0.066081411624599,-1.0879286527633667
SolProp,-0.219882297108705,-1.5567560195922852
SolProp,-0.138368153575321,-1.4810333251953125
SolProp,-0.010338773376787,-1.3553398847579956
SolProp,0.321582965144738,-1.1543267965316772
SolProp,0.250170217168264,-1.3476163148880005
SolProp,0.563845957148354,-0.8143303990364075
SolProp,-0.313280585017926,-1.596612811088562
SolProp,-0.215139895730147,-1.5946022272109985
SolProp,-0.306222292829015,-1.6288785934448242
SolProp,-0.254574163421259,-1.5096760988235474
SolProp,-0.260855738400649,-1.6180166006088257
SolProp,0.197671330109434,-1.0390816926956177
SolProp,0.104716257762051,-1.2656137943267822
SolProp,0.409772879586309,-1.0039664506912231
SolProp,0.52552665353461,-0.8825194835662842
SolProp,0.014237495653131,-1.3896663188934326
SolProp,-0.051056757414111,-1.4215819835662842
SolProp,0.441432206694671,-0.8728991746902466
SolProp,0.224013722455722,-1.1670104265213013
SolProp,0.483909993928883,-0.9441494941711426
SolProp,0.588374097614797,-0.8321064710617065
SolProp,0.135245335453617,-1.2781147956848145
SolProp,0.447963858597497,-1.0025019645690918
SolProp,0.698405525591575,-0.7466156482696533
SolProp,0.643831704761868,-0.6938482522964478
SolProp,0.613394556453111,-0.7688868045806885
SolProp,-0.642995145026669,-1.0709712505340576
SolProp,-0.266747417664171,-1.1543267965316772
SolProp,0.008462604696959,-0.7466158866882324
SolProp,0.043660649228208,-0.746615469455719
SolProp,-0.104312448394917,-1.070970892906189
SolProp,0.054664565410516,-0.9494675397872925
SolProp,0.066565548989918,-1.0709710121154785
SolProp,0.10894319399909,-1.0709710121154785
SolProp,0.016777939995468,-1.2781147956848145
SolProp,0.277869277145611,-1.3476163148880005
SolProp,0.267273214736891,-1.3539915084838867
SolProp,0.658680938174487,-0.746616005897522
SolProp,0.85360586723241,-0.7466157674789429
SolProp,-1.20144106047347,-2.7803874015808105
SolProp,-1.01358893274034,-1.081318736076355
SolProp,-1.12219879188122,-2.7189347743988037
SolProp,-1.05363138663296,-2.611330270767212
SolProp,-0.924736046111536,-1.0262033939361572
SolProp,-0.987266675283721,-2.501028537750244
SolProp,-0.839124847200427,-0.9588924646377563
SolProp,-0.910042088111829,-2.3676717281341553
SolProp,-0.755463861297961,-0.898543655872345
SolProp,-0.852444382434004,-2.263869524002075
SolProp,-0.670573101854603,-0.8508502244949341
SolProp,-0.782114237888694,-2.160567283630371
SolProp,-0.592687142342976,-0.792466402053833
SolProp,-0.704752143673926,-2.066667079925537
SolProp,-0.645526524701657,-1.9881606101989746
SolProp,-0.514010663968744,-0.7395708560943604
SolProp,-0.590623970206856,-1.9029942750930786
SolProp,-0.436871512215176,-0.7021728754043579
SolProp,-0.51087325390144,-1.8198825120925903
SolProp,-0.361546546741888,-0.6653768420219421
SolProp,-0.334561488886642,-0.6192777156829834
SolProp,-0.439511039011634,-1.734297513961792
SolProp,-0.213841444406527,-0.557492196559906
SolProp,-0.141819036129891,-0.4852946698665619
SolProp,0.109924890579254,0.03101496770977974
SolProp,0.303573053749814,0.1455477476119995
SolProp,0.30919472956788,-0.29402458667755127
SolProp,0.315006134127923,0.8627926111221313
SolProp,0.374929096575928,-0.09103637933731079
SolProp,0.450111020228878,1.0015310049057007
SolProp,-1.79617603947884,-1.8928589820861816
SolProp,-1.67876698980863,-1.7551214694976807
SolProp,-1.72379408444191,-1.8292635679244995
SolProp,-1.61558240353031,-1.837371826171875
SolProp,-1.59329556629719,-1.6997679471969604
SolProp,-1.65045779113283,-1.7455968856811523
SolProp,-1.54326464487597,-1.7772283554077148
SolProp,-1.52989481832581,-1.621187448501587
SolProp,-1.41068113990399,-1.5366544723510742
SolProp,-1.59243568257106,-1.679099678993225
SolProp,-1.45679873318559,-1.5582847595214844
SolProp,-1.46366448803578,-1.6910312175750732
SolProp,-1.53938344869495,-1.6436762809753418
SolProp,-1.33087387449231,-1.4830121994018555
SolProp,-1.41233190550853,-1.5193517208099365
SolProp,-1.47665223256482,-1.5876225233078003
SolProp,-1.39568843277187,-1.6211289167404175
SolProp,-1.26010095602601,-1.4148151874542236
SolProp,-1.35859818060103,-1.5773823261260986
SolProp,-1.34906716167208,-1.460608720779419
SolProp,-1.40506256073381,-1.4952771663665771
SolProp,-1.19970214482298,-1.3584752082824707
SolProp,-1.01941778566241,-1.0813186168670654
SolProp,-1.2863273124206,-1.512193202972412
SolProp,-1.2745300836842,-1.3630682229995728
SolProp,-1.15406484997764,-1.3222280740737915
SolProp,-1.33769827585645,-1.4366012811660767
SolProp,-0.937643387388639,-1.0398510694503784
SolProp,-1.20092309820408,-1.2973018884658813
SolProp,-1.08624079582903,-1.264045000076294
SolProp,-1.20551294798109,-1.4105137586593628
SolProp,-1.2853918579375,-1.3877296447753906
SolProp,-1.14614451676453,-1.2501829862594604
SolProp,-1.23243161936879,-1.3431191444396973
SolProp,-0.860358587483847,-0.986838698387146
SolProp,-1.01602407429151,-1.1654307842254639
SolProp,-1.13393182723458,-1.3448493480682373
SolProp,-0.810663523888319,-0.9314154386520386
SolProp,-1.08551809037686,-1.203268051147461
SolProp,-1.17409662942536,-1.2870866060256958
SolProp,-1.0763715454105,-1.2910113334655762
SolProp,-0.938113531267216,-1.1049010753631592
SolProp,-0.747471671185068,-0.8985435962677002
SolProp,-1.02050741759807,-1.1492350101470947
SolProp,-1.01856135654591,-1.245009422302246
SolProp,-0.888042793063911,-1.0560743808746338
SolProp,-0.678985823928658,-0.8584887981414795
SolProp,-0.956428164721119,-1.1901159286499023
SolProp,-0.820229525431342,-1.011107087135315
SolProp,-0.599095283599961,-0.8029522895812988
SolProp,-0.758226526216731,-0.9617806077003479
SolProp,-0.523281543772243,-0.7493676543235779
SolProp,-0.468644583088443,-0.7152888178825378
SolProp,-0.404319492859752,-0.6888573169708252
SolProp,-0.338831324384647,-0.6547366976737976
SolProp,-0.731257063103725,-0.8250715136528015
SolProp,-0.629150423327878,-0.39977580308914185
SolProp,-0.553322182483099,-0.2601798474788666
SolProp,-0.519759553424229,-0.3436133563518524
SolProp,-0.445113818421897,-0.16964052617549896
SolProp,-0.49703909111853,-0.36387258768081665
SolProp,-0.488219873923976,-0.423610121011734
SolProp,-0.464042146743842,-0.3436134159564972
SolProp,-0.516668337357905,-0.5116849541664124
SolProp,-0.354462549082363,-0.2506665885448456
SolProp,-0.542984814770987,-0.4921739995479584
SolProp,-0.303071450414212,-0.37765568494796753
SolProp,-0.191561782191975,-0.2467930167913437
SolProp,-0.114667921543888,-0.2467929720878601
SolProp,-0.082395734759931,-0.036271948367357254
SolProp,-0.077207261736701,-0.26352596282958984
SolProp,-0.129205852359214,-0.23135581612586975
SolProp,-0.137557499622091,-0.5751562118530273
SolProp,0.002563974674933,-0.07957838475704193
SolProp,0.031530361669057,-0.0362720750272274
SolProp,0.167667153408725,-0.0707101821899414
SolProp,0.195936702007644,0.11247999966144562
SolProp,0.227952671259205,-0.18289713561534882
SolProp,0.184451800652862,-0.12701889872550964
SolProp,0.145801380635228,-0.09334385395050049
SolProp,0.222332628813049,-0.24514006078243256
SolProp,0.249205346154776,-0.12701886892318726
SolProp,0.362883055015592,0.30185186862945557
SolProp,0.43852950503609,0.3906405568122864
SolProp,0.369249176452311,0.3018518090248108
SolProp,0.323413792818004,0.2182992696762085
SolProp,0.285181505545232,0.2204872965812683
SolProp,0.407140660984461,0.31378066539764404
SolProp,-0.495399091061913,-0.6268123984336853
SolProp,-0.31148628654615,-0.30939820408821106
SolProp,0.036361390705293,0.47552528977394104
SolProp,-0.320245909291246,-0.3248150050640106
SolProp,-0.211366267311664,-0.17699551582336426
SolProp,-0.180354969263098,-0.23615047335624695
SolProp,-0.323928952172816,-0.663594126701355
SolProp,-0.205249478189298,-0.2353413850069046
SolProp,0.176302660122643,0.546226978302002
SolProp,-0.091908369966274,-0.11456578969955444
SolProp,-0.033625415920453,-0.06089252233505249
SolProp,-0.156112930816894,-0.5215132236480713
SolProp,-0.071921731611849,-0.05426807701587677
SolProp,0.315550562955232,0.7352868318557739
SolProp,0.054331984483622,0.03501628711819649
SolProp,0.122342829158892,0.03583045303821564
SolProp,0.063896573671273,0.03422288969159126
SolProp,0.186130621276686,0.14674431085586548
SolProp,0.463069056300279,0.8524267077445984
SolProp,0.061564042861787,-0.4294451177120209
SolProp,0.286110402452139,0.1544022411108017
SolProp,0.226603933383674,0.15161162614822388
SolProp,0.318226614139853,0.27841708064079285
SolProp,0.614475772668347,0.9902349710464478
SolProp,0.219460795378231,-0.31940025091171265
SolProp,0.388919088638752,0.26040470600128174
SolProp,0.472869308168644,0.27665233612060547
SolProp,0.485307062894278,0.38791611790657043
SolProp,0.785765223834136,1.1107532978057861
SolProp,0.429254133509264,-0.21718460321426392
SolProp,0.550043250372518,0.37342655658721924
SolProp,0.657176313104045,0.5045503973960876
SolProp,0.663467712214264,0.4153766334056854
SolProp,0.967847806338154,1.2164450883865356
SolProp,0.594395030415425,-0.10532476007938385
SolProp,-0.320996788728757,-0.663594126701355
SolProp,0.658050018390129,0.5045503377914429
SolProp,-0.316975892012543,-0.32481491565704346
SolProp,0.662348510640036,0.41537660360336304
SolProp,-0.307857728953871,-0.3093981444835663
SolProp,-0.210992525297253,-0.1769954413175583
SolProp,-0.20645686489857,-0.23534144461154938
SolProp,0.786597880312748,1.1107531785964966
SolProp,-0.153971749246051,-0.5215133428573608
SolProp,-0.178845896923595,-0.23615051805973053
SolProp,-0.093837471078746,-0.11456582695245743
SolProp,-0.072455779361258,-0.05426812916994095
SolProp,-0.035908529465627,-0.06089266389608383
SolProp,0.967028230061736,1.2164452075958252
SolProp,0.0600751333669,-0.4294450283050537
SolProp,0.040069709884938,0.47552525997161865
SolProp,0.051990752440205,0.03501637652516365
SolProp,0.063316689846607,0.03422275930643082
SolProp,0.124461295451369,0.03583050146698952
SolProp,0.173382055661739,0.546226978302002
SolProp,0.184550808626951,0.14674435555934906
SolProp,0.217725634648629,-0.3194003701210022
SolProp,0.225599796145864,0.15161161124706268
SolProp,0.285844760841182,0.1544022411108017
SolProp,0.312603570155531,0.7352868318557739
SolProp,0.317845437790033,0.27841711044311523
SolProp,0.385973559569993,0.2604047954082489
SolProp,0.428859786494411,-0.21718446910381317
SolProp,-0.502484150544361,-0.6268126368522644
SolProp,0.465122809487238,0.8524265885353088
SolProp,0.473237375634565,0.2766522467136383
SolProp,0.485467829508399,0.38791629672050476
SolProp,0.548919149249353,0.37342649698257446
SolProp,0.594039571252387,-0.10532494634389877
SolProp,0.614505478179266,0.9902349710464478
SolProp,0.165297351381342,-0.3432437479496002
SolProp,0.249264889814634,-0.24276116490364075
SolProp,0.333317551707821,-0.13461744785308838
SolProp,0.410493636465595,-0.04777169227600098
SolProp,0.496534280204014,0.04656624794006348
SolProp,0.499219932375187,0.046566396951675415
SolProp,0.579034431573103,0.15934665501117706
SolProp,0.582453663032075,0.15934672951698303
SolProp,0.65954279712125,0.29454508423805237
SolProp,0.742893726507726,0.4171048700809479
SolProp,0.835805358942674,0.536267876625061
SolProp,0.922872161679609,0.6409203410148621
SolProp,0.5418124357179,-0.14236792922019958
SolProp,0.596488563748497,-0.058644697070121765
SolProp,0.650441350150358,0.024591192603111267
SolProp,0.707475445794792,0.11234767735004425
SolProp,0.768652318139849,0.2024475783109665
SolProp,0.824360592839807,0.2834809422492981
SolProp,0.890463436066021,0.3588835597038269
SolProp,0.951666563754327,0.42465054988861084
SolProp,1.02350869980044,0.4969566762447357
SolProp,0.53880041428746,0.20715183019638062
SolProp,0.591430154244788,0.2688201367855072
SolProp,0.639955096305673,0.3574581742286682
SolProp,0.692989207800543,0.43992671370506287
SolProp,0.746856528807615,0.545469343662262
SolProp,0.806858924654329,0.6571105718612671
SolProp,0.810986598346144,0.6571106910705566
SolProp,0.860308345575113,0.7389143109321594
SolProp,0.926943198085655,0.8062042593955994
SolProp,1.00632639168155,0.8843591809272766
SolProp,1.08767368338535,0.9541717171669006
SolProp,0.228612093753754,-0.05156135559082031
SolProp,0.318634416201196,0.020197641104459763
SolProp,0.414276922063688,0.12189945578575134
SolProp,0.50757722261361,0.22863782942295074
SolProp,0.60863194255889,0.36322784423828125
SolProp,0.612201953708871,0.3632279336452484
SolProp,0.705732739564168,0.5022931098937988
SolProp,0.700138905724956,0.5022931098937988
SolProp,0.791626329262412,0.6014283895492554
SolProp,0.891736101499,0.681178867816925
SolProp,0.982664090509059,0.7733643651008606
SolProp,1.08450831412822,0.8578662276268005
SolProp,-0.81226239423916,-1.5481388568878174
SolProp,-0.699557634837321,-1.4511222839355469
SolProp,-0.586261045460928,-1.3160755634307861
SolProp,-0.491361404285384,-1.183815836906433
SolProp,-0.366423907283639,-1.0502136945724487
SolProp,-0.361083399751408,-1.0502138137817383
SolProp,-0.232756541407648,-0.9302675724029541
SolProp,-0.09450177026179,-0.8258217573165894
SolProp,0.080144828513378,-0.6810178756713867
SolProp,0.250611967770731,-0.5470263361930847
SolProp,0.438693066961426,-0.45022618770599365
SolProp,-0.483664463256601,-0.4562442898750305
SolProp,-0.392726875406204,-0.3707438111305237
SolProp,-0.297031630945673,-0.2822475731372833
SolProp,-0.197728856458822,-0.196594700217247
SolProp,-0.088630612958811,-0.1097298413515091
SolProp,-0.083956933512886,-0.10972993075847626
SolProp,0.026683367555764,0.00757315568625927
SolProp,0.029631179618943,0.007573023438453674
SolProp,0.145685219392936,0.11565356701612473
SolProp,0.278755074373802,0.26589933037757874
SolProp,0.421906128050769,0.4225766658782959
SolProp,0.574734373630182,0.5299481153488159
SolProp,0.244316924538826,-0.32116302847862244
SolProp,0.303056108920231,-0.28182104229927063
SolProp,0.368002023848918,-0.22180965542793274
SolProp,0.424641219302628,-0.1576777696609497
SolProp,0.493173943204068,-0.07538193464279175
SolProp,0.495676965689112,-0.0753820389509201
SolProp,0.558421805017358,0.0023995041847229004
SolProp,0.564119362008382,0.002399429678916931
SolProp,0.624979381855406,0.05683041363954544
SolProp,0.699526689419098,0.1204407662153244
SolProp,0.771148105180361,0.21105891466140747
SolProp,0.856653857620979,0.281471312046051
SolProp,0.005178087208212,0.2484506070613861
SolProp,0.093497473027777,0.3568446636199951
SolProp,0.184473829654997,0.47795024514198303
SolProp,0.289928649098386,0.5792140960693359
SolProp,0.397308101423254,0.666352391242981
SolProp,0.403994573654913,0.6663523316383362
SolProp,0.515250825840568,0.790320873260498
SolProp,0.516160611840561,0.790320873260498
SolProp,0.635440518794841,0.896276593208313
SolProp,0.767558144647461,1.0053400993347168
SolProp,0.900208872697352,1.0958386659622192
SolProp,1.03501381210256,1.1535897254943848
SolProp,-3.53387162850803,-3.1433818340301514
SolProp,-3.251293649456,-2.975087881088257
SolProp,-3.11859730897251,-2.7448835372924805
SolProp,-2.78567259270428,-2.4750893115997314
SolProp,-2.88739103479398,-2.5983097553253174
SolProp,-2.82181641881413,-2.439030647277832
SolProp,-2.38904560887435,-2.3885257244110107
SolProp,-2.23760866983823,-2.283057689666748
SolProp,-2.19556964297551,-2.1661410331726074
SolProp,-2.08385722757231,-2.0480411052703857
SolProp,-2.04202771547551,-2.262253761291504
SolProp,-1.95945505017183,-2.0684399604797363
SolProp,-1.67793988966802,-2.5863418579101562
SolProp,-1.56035144963873,-2.367234468460083
SolProp,-1.78573541870353,-1.8530313968658447
SolProp,-1.38290559972604,-2.0765833854675293
SolProp,-1.48885495530838,-2.083376407623291
SolProp,-1.59161979072364,-1.6519793272018433
SolProp,-1.38471337318188,-1.8681559562683105
SolProp,-1.43591471528482,-1.5989527702331543
SolProp,-1.17660258849075,-1.81545889377594
SolProp,-1.45043079936355,-1.4670289754867554
SolProp,-1.36670333605584,-1.5342687368392944
SolProp,-1.33897029340717,-1.4072515964508057
SolProp,-1.21663990947405,-1.4980087280273438
SolProp,-1.27196482321651,-1.5900551080703735
SolProp,-1.27372678140887,-1.34371018409729
SolProp,-1.16260699154933,-1.664693832397461
SolProp,-1.15534707359303,-1.4013934135437012
SolProp,-1.20698919404021,-1.4046396017074585
SolProp,-0.938385469814598,-1.6715660095214844
SolProp,-1.16724806913599,-1.2025365829467773
SolProp,-1.03100344427976,-1.2338180541992188
SolProp,-1.03317538864717,-1.2976155281066895
SolProp,-0.988239805775702,-1.4596534967422485
SolProp,-0.855551538628366,-1.1583566665649414
SolProp,-1.05141529286302,-1.137390375137329
SolProp,-1.01271726939193,-1.195451021194458
SolProp,-0.770301230315641,-1.0743755102157593
SolProp,-0.96134485580223,-1.0355093479156494
SolProp,-0.824817127790241,-1.022155523300171
SolProp,-0.814714081862327,-1.079480767250061
SolProp,-0.805800176728384,-1.2842905521392822
SolProp,-0.678333274942662,-0.9878509640693665
SolProp,-0.674202950610655,-0.9878507852554321
SolProp,-0.871912254046377,-0.9675355553627014
SolProp,-0.78432045698398,-1.027091383934021
SolProp,-0.776755859745744,-0.8851346373558044
SolProp,-0.544993275536525,-0.9027292728424072
SolProp,-0.621951960475348,-0.8512311577796936
SolProp,-0.662266821745193,-0.8256582617759705
SolProp,-0.561966033141125,-0.9107192754745483
SolProp,-0.432861030650436,-0.7958488464355469
SolProp,-0.582802344249413,-0.8756505250930786
SolProp,-0.38803828152691,-0.698375940322876
SolProp,-0.092445925975286,-0.37052688002586365
SolProp,-0.162147196618869,-0.6356528401374817
SolProp,-0.250472833935013,-0.7429604530334473
SolProp,0.076253409146144,-0.28320375084877014
SolProp,0.188110555616608,-0.19895915687084198
SolProp,0.076700305498847,-0.4932384192943573
SolProp,0.315153480394773,-0.13148637115955353
SolProp,0.469573106892165,-0.04519009590148926
SolProp,-1.23375703101808,-1.0883002281188965
SolProp,-1.20846251679595,-0.9989504814147949
SolProp,-1.15539106932195,-0.9224500060081482
SolProp,-1.08252134324298,-0.8498423099517822
SolProp,-0.999173133981485,-0.7684903740882874
SolProp,-0.915413850801849,-0.6890676617622375
SolProp,-0.826604826228369,-0.6063407063484192
SolProp,-0.73975009009888,-0.5400157570838928
SolProp,-0.656261590238577,-0.4798761010169983
SolProp,-2.65920617381595,-2.1745638847351074
SolProp,-2.53109596049369,-2.0881011486053467
SolProp,-2.41271503426923,-2.0088088512420654
SolProp,-2.27977286643712,-1.9234217405319214
SolProp,-2.60278407691805,-2.2222816944122314
SolProp,-2.17506655060884,-1.8483864068984985
SolProp,-2.51404800917101,-2.1317648887634277
SolProp,-2.34642879878468,-1.8655178546905518
SolProp,-2.39595550590009,-2.133955478668213
SolProp,-2.05639041199526,-1.784253716468811
SolProp,-2.42566737268613,-2.0751290321350098
SolProp,-2.25325240040526,-1.792003870010376
SolProp,-2.31869112501074,-2.050067901611328
SolProp,-2.23856953958179,-2.0127673149108887
SolProp,-1.93541684797007,-1.7258964776992798
SolProp,-2.32206095000632,-2.014732599258423
SolProp,-2.16785748431481,-1.735945224761963
SolProp,-2.23852051375906,-1.9911261796951294
SolProp,-2.16446425180539,-1.935801386833191
SolProp,-2.23304826076347,-1.9284566640853882
SolProp,-2.09294876824188,-1.8772228956222534
SolProp,-1.82620705854492,-1.660976529121399
SolProp,-2.14822665609742,-1.9280049800872803
SolProp,-2.06885015203214,-1.678244948387146
SolProp,-2.15329166998046,-1.8511265516281128
SolProp,-1.99176025521445,-1.8143781423568726
SolProp,-2.06642872546389,-1.8455599546432495
SolProp,-1.98768296466955,-1.6068123579025269
SolProp,-1.72556122824583,-1.5780295133590698
SolProp,-2.07483797902181,-1.7680859565734863
SolProp,-1.90093324262591,-1.7479568719863892
SolProp,-1.91289890134138,-1.5424553155899048
SolProp,-1.91477323606371,-1.732157588005066
SolProp,-1.98449528871549,-1.77045476436615
SolProp,-1.99231674123303,-1.693717360496521
SolProp,-1.71393850810984,-1.6875191926956177
SolProp,-1.90654517039332,-1.6951807737350464
SolProp,-1.83109507908626,-1.660143256187439
SolProp,-1.82405131228904,-1.4771143198013306
SolProp,-1.85742757790328,-1.798332929611206
SolProp,-1.78729771279331,-1.655348777770996
SolProp,-1.91094821947931,-1.635301113128662
SolProp,-1.8259179115266,-1.626847267150879
SolProp,-1.7512950200141,-1.588883638381958
SolProp,-1.73708579554351,-1.428475022315979
SolProp,-1.66431118667834,-1.6078308820724487
SolProp,-1.58933838273217,-1.5908664464950562
SolProp,-1.74093065988817,-1.7153778076171875
SolProp,-1.65650764741264,-1.5802501440048218
SolProp,-1.74556433732094,-1.575435996055603
SolProp,-1.66070985891868,-1.5382643938064575
SolProp,-1.65596132309377,-1.3792670965194702
SolProp,-1.59296658456753,-1.5255588293075562
SolProp,-1.60032436920568,-1.5593472719192505
SolProp,-1.59585708323774,-1.753162145614624
SolProp,-1.66123879449596,-1.6312458515167236
SolProp,-1.48987827863586,-1.445294737815857
SolProp,-1.49236171172291,-1.507624626159668
SolProp,-1.64017541058505,-1.643023133277893
SolProp,-1.34802264708257,-1.2960448265075684
SolProp,-1.54951654684386,-1.4976541996002197
SolProp,-1.58806236913822,-1.4879357814788818
SolProp,-1.52238303601342,-1.4650225639343262
SolProp,-1.52690572391269,-1.4719470739364624
SolProp,-1.31281787205201,-1.2137655019760132
SolProp,-1.5739965420168,-1.5424180030822754
SolProp,-1.40902577426916,-1.3649914264678955
SolProp,-1.4915769427174,-1.665092945098877
SolProp,-1.40348200524296,-1.4292211532592773
SolProp,-1.55292503220604,-1.5642539262771606
SolProp,-1.45720535953013,-1.4142601490020752
SolProp,-1.46861233683299,-1.3862210512161255
SolProp,-1.24688857543092,-1.1419399976730347
SolProp,-1.43836026621468,-1.3990390300750732
SolProp,-1.49604333824216,-1.4667295217514038
SolProp,-1.32683320433544,-1.2923693656921387
SolProp,-1.47689132913617,-1.4592833518981934
SolProp,-1.39928241172616,-1.5890077352523804
SolProp,-1.38780962725201,-1.3576784133911133
SolProp,-1.31720348768861,-1.3223928213119507
SolProp,-1.17482853264809,-1.0698179006576538
SolProp,-1.37263820043015,-1.2997430562973022
SolProp,-1.35419284084378,-1.3203794956207275
SolProp,-1.42387677151276,-1.3847030401229858
SolProp,-1.24925327133804,-1.2128214836120605
SolProp,-1.31898249895084,-1.3069058656692505
SolProp,-1.31488478874727,-1.510947346687317
SolProp,-1.38542136484222,-1.371321201324463
SolProp,-1.22446610697595,-1.2378902435302734
SolProp,-1.10118296908956,-0.9757537245750427
SolProp,-1.28265601058049,-1.2171555757522583
SolProp,-1.27028441980142,-1.2112716436386108
SolProp,-1.31417437402705,-1.3266925811767578
SolProp,-1.33980186913757,-1.2792109251022339
SolProp,-1.25764796917869,-1.2606877088546753
SolProp,-1.16244415295853,-1.1107436418533325
SolProp,-1.24086766848679,-1.3996683359146118
SolProp,-1.03962700266055,-0.8964256048202515
SolProp,-1.29873029852297,-1.2853617668151855
SolProp,-1.13521103870768,-1.151357650756836
SolProp,-1.20001299791815,-1.2058570384979248
SolProp,-1.18776367952498,-1.136680245399475
SolProp,-1.26079114370547,-1.2050466537475586
SolProp,-1.19306930078865,-1.1324636936187744
SolProp,-1.22920183100371,-1.266432762145996
SolProp,-1.08722232360437,-1.036374568939209
SolProp,-1.15990556690115,-1.3117661476135254
SolProp,-0.950301355896652,-0.8269815444946289
SolProp,-1.21760996670249,-1.199146032333374
SolProp,-1.13072995040206,-1.1493595838546753
SolProp,-1.04485741765427,-1.0638468265533447
SolProp,-1.1814586216454,-1.126673698425293
SolProp,-1.10498352542847,-1.065468430519104
SolProp,-1.01617023448349,-0.9687263369560242
SolProp,-1.14711456333228,-1.2244576215744019
SolProp,-1.1040436661448,-1.0622570514678955
SolProp,-1.08479067308553,-1.2245664596557617
SolProp,-0.87260621993099,-0.7579280734062195
SolProp,-1.13432960042512,-1.1281561851501465
SolProp,-0.964193995716802,-0.996292233467102
SolProp,-0.948545423387056,-0.8933695554733276
SolProp,-1.10748178914768,-1.0511573553085327
SolProp,-1.02359839207104,-0.9872615337371826
SolProp,-1.06211091812619,-1.1786291599273682
SolProp,-1.01017830456196,-1.135674238204956
SolProp,-0.79144698095477,-0.6905113458633423
SolProp,-1.03139693199861,-0.9875422716140747
SolProp,-0.866137469181592,-0.8306136131286621
SolProp,-0.952991113306526,-0.9180760979652405
SolProp,-0.947201421616827,-1.06472647190094
SolProp,-0.986974340263924,-1.1198657751083374
SolProp,-0.91031391684481,-1.0747394561767578
SolProp,-0.83586656483386,-1.028991937637329
SolProp,-0.769958297384351,-0.9783651828765869
SolProp,-0.707828717850624,-0.9442856311798096
SolProp,-3.71383675021512,-3.49137020111084
SolProp,-3.6048165461635,-3.356962203979492
SolProp,-3.36375486999072,-3.1379175186157227
SolProp,-3.60459151318943,-3.2516705989837646
SolProp,-3.54650769581012,-3.4197678565979004
SolProp,-3.28419067133925,-2.8639750480651855
SolProp,-3.51188231082841,-3.4174811840057373
SolProp,-3.52794832443894,-3.029137372970581
SolProp,-3.18149454170405,-2.6743152141571045
SolProp,-3.38572975614275,-3.2169861793518066
SolProp,-3.33391092126317,-3.344590187072754
SolProp,-3.30051033350388,-3.2111265659332275
SolProp,-3.2883486479814,-3.001871109008789
SolProp,-3.21952186041122,-2.9943108558654785
SolProp,-3.23263561575613,-2.801225185394287
SolProp,-3.18837399017841,-2.827587127685547
SolProp,-3.15953774096565,-2.827212333679199
SolProp,-3.17590534139422,-2.576127767562866
SolProp,-3.13275534192169,-2.6826202869415283
SolProp,-3.09204608584747,-3.1523804664611816
SolProp,-3.10824676462832,-2.6821372509002686
SolProp,-3.05172371790033,-2.9442219734191895
SolProp,-3.05871349718414,-2.3732361793518066
SolProp,-2.94463073148256,-2.769040107727051
SolProp,-2.8084454267269,-3.2421815395355225
SolProp,-2.88457829505122,-2.626039981842041
SolProp,-2.81585992836019,-2.635291337966919
SolProp,-2.7288543274454,-3.358675956726074
SolProp,-2.72774666547755,-3.16573429107666
SolProp,-2.7151564414306,-3.061577320098877
SolProp,-2.68942062782889,-2.9572055339813232
SolProp,-2.73097350716481,-2.478262186050415
SolProp,-2.67075848672342,-2.8715648651123047
SolProp,-2.67983404864003,-2.3927836418151855
SolProp,-2.60320501529985,-2.716754198074341
SolProp,-2.64106786119769,-2.3249664306640625
SolProp,-2.55465495737942,-2.798898458480835
SolProp,-2.52088400194308,-2.5707201957702637
SolProp,-2.55595552615574,-2.1915767192840576
SolProp,-2.49167464198908,-2.645052433013916
SolProp,-2.25191605125695,-3.0440163612365723
SolProp,-2.24468353534685,-2.9096736907958984
SolProp,-2.22650428436825,-2.758248805999756
SolProp,-2.20128519418232,-2.5914876461029053
SolProp,-2.18873140640285,-2.4353244304656982
SolProp,-1.83788895154813,-3.019228935241699
SolProp,-1.34511818206732,-2.3364388942718506
SolProp,-1.29471784354034,-2.2201895713806152
SolProp,-1.27012670305448,-2.123175859451294
SolProp,-1.24786668533903,-1.9734606742858887
SolProp,-1.18891164911926,-1.865741491317749
SolProp,-1.229986262703,-2.824087619781494
SolProp,-0.805247118929906,-2.645171642303467
SolProp,0.076091986021841,0.1935465782880783
SolProp,-0.541351416757691,-2.4350662231445312
SolProp,0.148693289589735,0.2888627052307129
SolProp,0.219240728257022,0.42642560601234436
SolProp,-0.402485720797596,-2.2518985271453857
SolProp,0.298968210911885,0.5658186078071594
SolProp,0.358341160796648,0.7097518444061279
SolProp,-0.815546168070439,-1.419559359550476
SolProp,-0.797774269060764,-1.307399034500122
SolProp,-0.770789190443806,-1.1869617700576782
SolProp,-0.736147381258036,-1.100077509880066
SolProp,-0.698652730927264,-1.0138616561889648
SolProp,-0.663137185804663,-0.8793812990188599
SolProp,-0.624183115607286,-0.776613712310791
SolProp,-0.584865026436399,-0.680026650428772
SolProp,-0.540082562259923,-0.5633110404014587
SolProp,-0.487683006606632,-0.4516665041446686
SolProp,0.382634305156587,-0.02302868664264679
SolProp,0.404587992657866,0.05981345474720001
SolProp,0.436179793536468,0.1743699461221695
SolProp,0.471195493872923,0.28977063298225403
SolProp,0.512809468087813,0.4377773404121399
SolProp,0.495142703147351,0.5548631548881531
SolProp,0.551757665485193,0.5546060800552368
SolProp,0.556544114369308,0.6272785067558289
SolProp,0.59633727127917,0.6288135647773743
SolProp,0.503875700506052,0.4373556077480316
SolProp,0.609759877390433,0.6908215284347534
SolProp,0.647044017237723,0.698939323425293
SolProp,0.534424634624293,0.5261401534080505
SolProp,0.532989937997439,0.317982941865921
SolProp,0.442490065995658,0.30197879672050476
SolProp,0.660978707598381,0.7494539618492126
SolProp,0.7014404664314,0.7806248664855957
SolProp,0.56698008500665,0.6091685891151428
SolProp,0.456861706983769,0.33007749915122986
SolProp,0.56558501624538,0.40604206919670105
SolProp,0.478546744210032,0.3795411288738251
SolProp,0.870232864349598,0.7474873661994934
SolProp,0.597591372824841,0.5004177093505859
SolProp,0.712031896611086,0.8329920172691345
SolProp,0.609707799103081,0.6661982536315918
SolProp,0.502345083257757,0.44334253668785095
SolProp,0.893683813416695,0.8193117380142212
SolProp,0.767516428409822,0.8805009722709656
SolProp,0.631822644898071,0.5814942717552185
SolProp,0.918785054264458,0.8967476487159729
SolProp,0.535657098031571,0.5236577987670898
SolProp,0.757004954059076,0.9219238758087158
SolProp,0.654421630345087,0.733762264251709
SolProp,0.693367680847841,0.6358324289321899
SolProp,0.665941153872458,0.6567268371582031
SolProp,0.943968438320049,0.9769986271858215
SolProp,0.561538411008423,0.5892713069915771
SolProp,0.69566012305317,0.8017906546592712
SolProp,0.806362866271878,0.9920934438705444
SolProp,0.976994652207311,1.0626368522644043
SolProp,0.699738472232182,0.7231583595275879
SolProp,0.735019056024489,0.6878966093063354
SolProp,0.597454659746984,0.6472752094268799
SolProp,0.73344695828805,0.855884313583374
SolProp,1.00509740058998,1.1365995407104492
SolProp,0.736227735759782,0.7805677652359009
SolProp,0.855302310140643,1.054487705230713
SolProp,0.772044628587846,0.7401812672615051
SolProp,0.633936232216553,0.6977721452713013
SolProp,1.03829768138155,1.2002544403076172
SolProp,0.774929587196159,0.8992502093315125
SolProp,0.769816319646132,0.8208339810371399
SolProp,0.811596337282782,0.803641676902771
SolProp,0.674752514465614,0.7480026483535767
SolProp,0.90464321400384,1.1179466247558594
SolProp,1.07585944111698,1.2622408866882324
SolProp,0.812774817183095,0.9748858213424683
SolProp,0.807522653631086,0.8935291171073914
SolProp,0.843863763184144,0.891669511795044
SolProp,0.816002062381193,0.7044621109962463
SolProp,0.715931848825473,0.8047847151756287
SolProp,1.11318050599338,1.3117032051086426
SolProp,0.96002699188122,1.1710091829299927
SolProp,0.862141070075765,1.0327759981155396
SolProp,0.852173891097106,0.9585535526275635
SolProp,0.881030067574989,0.9567626714706421
SolProp,0.84825955501707,0.7622231841087341
SolProp,1.14982025080296,1.3521287441253662
SolProp,0.874003532352291,0.8120949268341064
SolProp,0.918416696658335,1.000526785850525
SolProp,0.908354670382099,0.86018306016922
SolProp,0.949472707359365,1.0426087379455566
SolProp,0.948725118835005,0.931394100189209
SolProp,0.984561177444578,1.0757966041564941
SolProp,0.973788157743144,0.9851815700531006
SolProp,1.01555854782058,1.123350977897644
SolProp,1.00936045532919,1.0370476245880127
SolProp,1.04270075537698,1.0935585498809814
SolProp,1.07657670658255,1.1479954719543457
SolProp,-2.26617105749406,-2.154276132583618
SolProp,-2.12904314033833,-1.996799349784851
SolProp,-2.07930998634149,-1.7082884311676025
SolProp,-2.14023375788714,-2.082669258117676
SolProp,-1.9190761235209,-1.8229429721832275
SolProp,-2.00664646711274,-1.9246306419372559
SolProp,-1.95204691410274,-1.641448974609375
SolProp,-2.0507505352653,-2.0194740295410156
SolProp,-1.91741176879776,-1.8522000312805176
SolProp,-1.82567747374275,-1.7415097951889038
SolProp,-1.8484860559812,-1.58571457862854
SolProp,-1.94451757528735,-1.9503098726272583
SolProp,-1.77351899483167,-1.6673318147659302
SolProp,-1.83549757509975,-1.7763110399246216
SolProp,-1.7683884456058,-1.52247953414917
SolProp,-1.84973004826603,-1.883363127708435
SolProp,-1.73875388190612,-1.4748568534851074
SolProp,-1.66005855314195,-1.5886797904968262
SolProp,-1.72898395040818,-1.722852110862732
SolProp,-1.69011066680428,-1.4120019674301147
SolProp,-1.67060042870622,-1.4571396112442017
SolProp,-1.76655752755749,-1.818882942199707
SolProp,-1.58403720254577,-1.5339791774749756
SolProp,-1.6393617159909,-1.3553143739700317
SolProp,-1.52358412912582,-1.3933964967727661
SolProp,-1.64922552348195,-1.6625475883483887
SolProp,-1.56008156375642,-1.3728270530700684
SolProp,-1.59210657403276,-1.4012867212295532
SolProp,-1.49270972635556,-1.4576879739761353
SolProp,-1.67915678345148,-1.745213508605957
SolProp,-1.56611126119195,-1.2905428409576416
SolProp,-1.20066566119162,-1.2145482301712036
SolProp,-1.50417963047913,-1.4750480651855469
SolProp,-1.45782617524131,-1.3336074352264404
SolProp,-1.58014885317309,-1.5992333889007568
SolProp,-1.50243207161675,-1.3129950761795044
SolProp,-1.43633302086188,-1.383800983428955
SolProp,-1.42450634210357,-1.2831308841705322
SolProp,-1.5098641945671,-1.3611526489257812
SolProp,-1.30708894091678,-1.3648349046707153
SolProp,-1.14304550936507,-1.1620210409164429
SolProp,-1.50246591306603,-1.228820562362671
SolProp,-1.60658314253413,-1.690493106842041
SolProp,-1.43895595454123,-1.4227114915847778
SolProp,-1.44163707919505,-1.2539582252502441
SolProp,-1.39022396852382,-1.3175547122955322
SolProp,-1.51079919231735,-1.5479234457015991
SolProp,-1.46135965759365,-1.4780365228652954
SolProp,-1.09957139093473,-1.1248317956924438
SolProp,-1.44910641071969,-1.4701212644577026
SolProp,-1.25272870919911,-1.315922498703003
SolProp,-1.35793684365514,-1.2344666719436646
SolProp,-1.43094574909969,-1.181592345237732
SolProp,-1.41718861055551,-1.4210968017578125
SolProp,-1.42395815707148,-1.301403284072876
SolProp,-1.53187411815959,-1.6347143650054932
SolProp,-1.3380916982983,-1.2469514608383179
SolProp,-1.3591558397952,-1.3786426782608032
SolProp,-1.37272942498048,-1.2144190073013306
SolProp,-1.39805290296478,-1.4095035791397095
SolProp,-1.20171484189347,-1.273576021194458
SolProp,-1.03961583363399,-1.0790170431137085
SolProp,-1.30170083346058,-1.166733741760254
SolProp,-1.42399455194285,-1.4994508028030396
SolProp,-1.37585311951635,-1.370932698249817
SolProp,-1.28261585419023,-1.164559245109558
SolProp,-1.36690963677248,-1.1420429944992065
SolProp,-1.36137577232071,-1.234210729598999
SolProp,-0.991625865056987,-1.018451452255249
SolProp,-1.34292985463918,-1.3527979850769043
SolProp,-1.14489473091826,-1.2173986434936523
SolProp,-1.31070063632776,-1.1523306369781494
SolProp,-1.28590711349949,-1.3198630809783936
SolProp,-1.24248332045347,-1.1170916557312012
SolProp,-1.31742705512377,-1.3110098838806152
SolProp,-1.11150977514457,-1.1472550630569458
SolProp,-1.30050204465618,-1.104271650314331
SolProp,-0.938282276651392,-0.9627249836921692
SolProp,-1.21374365829841,-1.1031553745269775
SolProp,-1.28224224934823,-1.2838821411132812
SolProp,-1.27572693535931,-1.2489099502563477
SolProp,-1.24744650143908,-1.0801758766174316
SolProp,-1.18687083227902,-1.070479393005371
SolProp,-1.06865903202847,-1.0883110761642456
SolProp,-0.886224254096998,-0.9095836281776428
SolProp,-1.22208775209064,-1.2202738523483276
SolProp,-1.2188066649317,-1.2062571048736572
SolProp,-1.13225878134146,-1.0310595035552979
SolProp,-1.13454997053679,-1.0550389289855957
SolProp,-1.01577533573723,-1.038330078125
SolProp,-1.2171420309802,-1.0684958696365356
SolProp,-1.1736394951537,-1.0528807640075684
SolProp,-0.83055304612873,-0.852301299571991
SolProp,-1.16475285503073,-1.173730492591858
SolProp,-1.16409833103368,-1.1636861562728882
SolProp,-1.07486923152166,-0.9926636219024658
SolProp,-0.962872764023071,-0.9917206168174744
SolProp,-1.06706254853266,-1.0034229755401611
SolProp,-1.10485747766081,-0.9884040951728821
SolProp,-0.772017001328822,-0.7794772386550903
SolProp,-1.11668727113161,-1.1341218948364258
SolProp,-1.10473224933227,-1.1267060041427612
SolProp,-0.901928858827445,-0.9408873319625854
SolProp,-0.996290827545746,-0.961724579334259
SolProp,-1.03977691455571,-0.905892014503479
SolProp,-1.06048762775658,-1.098617672920227
SolProp,-1.04621360413194,-1.0894187688827515
SolProp,-0.989904998115673,-1.0627944469451904
SolProp,-0.406330192654773,-0.21313908696174622
SolProp,-0.340874037143733,-0.125442236661911
SolProp,-0.263822631009604,-0.10355299711227417
SolProp,-0.14919658610091,0.011690307408571243
SolProp,-0.183256494657685,-0.057084619998931885
SolProp,-0.068399076405989,0.10263530910015106
SolProp,-0.118265123873864,0.0031527895480394363
SolProp,0.011064515559591,0.11496683955192566
SolProp,-0.064346138958376,0.08734874427318573
SolProp,-0.045195717269366,-0.10024394094944
SolProp,-0.011196662043055,0.18841472268104553
SolProp,0.003367138863121,-0.011851155199110508
SolProp,0.091696859471233,0.15504051744937897
SolProp,0.040943493630402,0.2435600459575653
SolProp,0.005979498258499,0.24266953766345978
SolProp,0.059891029657025,0.005569640547037125
SolProp,0.147889588087249,0.2152385413646698
SolProp,0.092711865252395,0.29211461544036865
SolProp,0.122024099611368,0.03887685760855675
SolProp,0.209687968871994,0.3018978238105774
SolProp,0.084795068502768,0.2524855434894562
SolProp,0.173388629338195,0.09089082479476929
SolProp,0.260367354646396,0.3860434889793396
SolProp,0.147424486166515,0.2625236213207245
SolProp,0.486489679704053,-0.05926301330327988
SolProp,0.235849283528498,0.17359711229801178
SolProp,0.316827968290537,0.43534591794013977
SolProp,0.618710646541213,0.552049994468689
SolProp,0.504886794297748,0.004847310483455658
SolProp,0.206499193320476,0.2891305387020111
SolProp,0.276998132367148,0.2629377543926239
SolProp,0.53214961955069,0.03922409936785698
SolProp,0.65446403940166,0.5510966777801514
SolProp,0.362931269637954,0.472429096698761
SolProp,0.25896948073903,0.32375043630599976
SolProp,0.564626889211195,0.10654986649751663
SolProp,0.322018967531014,0.31751158833503723
SolProp,0.695425094388298,0.5778616666793823
SolProp,0.589210822925346,0.18294918537139893
SolProp,0.463262125788504,0.08784925937652588
SolProp,0.612541674204561,0.28095072507858276
SolProp,0.314916551080186,0.379753053188324
SolProp,0.734479645778544,0.6156935691833496
SolProp,0.475971208672211,0.17858532071113586
SolProp,0.374412038706312,0.3617047667503357
SolProp,0.631672629162228,0.3646160662174225
SolProp,0.765979395975879,0.646507203578949
SolProp,0.494554605569075,0.19786953926086426
SolProp,0.770959659793984,0.7139965891838074
SolProp,0.779028714985584,0.665718138217926
SolProp,0.779532614589498,0.730971097946167
SolProp,0.363599298781698,0.4348146319389343
SolProp,0.512047960219997,0.24020633101463318
SolProp,0.657457263492635,0.4214610755443573
SolProp,0.786796775019566,0.7525709271430969
SolProp,0.525443455314691,0.29598647356033325
SolProp,0.795814170798482,0.7926612496376038
SolProp,0.48512371606398,0.42180395126342773
SolProp,0.808857691201906,0.8516961336135864
SolProp,0.684542159243906,0.4612507224082947
SolProp,0.541249252845416,0.37499961256980896
SolProp,0.821646927219834,0.7101799249649048
SolProp,0.667620265263849,0.3536391258239746
SolProp,0.8178279654437,0.9080908894538879
SolProp,0.556561956701675,0.4573182761669159
SolProp,0.418189264353563,0.4715837836265564
SolProp,0.678590266115352,0.4477347731590271
SolProp,0.829098774120954,0.9387826323509216
SolProp,0.569094371581618,0.499273419380188
SolProp,0.692352365865766,0.460229754447937
SolProp,0.840464325881814,0.9657163023948669
SolProp,0.531525309557679,0.47461462020874023
SolProp,0.581835279015778,0.520577609539032
SolProp,0.7042403890265,0.4934358596801758
SolProp,0.873467754429037,0.7423217296600342
SolProp,0.715378744317738,0.5447575449943542
SolProp,0.507491696199706,0.18240247666835785
SolProp,0.464985437711163,0.5182448625564575
SolProp,0.59936043411757,0.26509562134742737
SolProp,0.509160447231011,0.17857275903224945
SolProp,0.598790509183647,0.2601388096809387
SolProp,0.603938633721476,0.2896333634853363
SolProp,0.730106129268005,0.6139177083969116
SolProp,0.514108135402059,0.20016983151435852
SolProp,0.603842271978739,0.33905908465385437
SolProp,0.518945181211143,0.22935792803764343
SolProp,0.579810685739278,0.5614601969718933
SolProp,0.611158495324894,0.3847590386867523
SolProp,0.743307557087777,0.6703615784645081
SolProp,0.523906979506814,0.2700066864490509
SolProp,0.619213103937858,0.4511253833770752
SolProp,0.534732572150351,0.3315800428390503
SolProp,0.92041838805623,0.767327606678009
SolProp,0.619640145351173,0.5079326629638672
SolProp,0.756962307096688,0.6899324059486389
SolProp,0.538295108556133,0.3848440945148468
SolProp,0.625904064684568,0.5480510592460632
SolProp,0.769584847362384,0.7041910886764526
SolProp,0.546940695642107,0.426242858171463
SolProp,0.635882759850229,0.5859575271606445
SolProp,0.618668643592595,0.62270188331604
SolProp,0.555840751718989,0.4727766811847687
SolProp,0.663799718986949,0.6755949854850769
SolProp,0.763416749039572,0.5045893788337708
SolProp,0.751599303770596,0.6371749043464661
SolProp,0.776817287610105,0.5210729837417603
SolProp,0.705580942388292,0.7403109669685364
SolProp,0.769943910624633,0.6415324211120605
SolProp,0.795411950475434,0.5387450456619263
SolProp,0.811579902707789,0.576481282711029
SolProp,0.798072904932952,0.6500842571258545
SolProp,0.831328554014915,0.69688880443573
SolProp,0.865824161247125,0.7423824667930603
SolProp,0.904616478186821,0.7958816885948181
SolProp,0.949883336488684,0.8370259404182434
SolProp,0.984414157579647,0.8602458238601685
SolProp,1.02102883633808,0.8930165767669678
SolProp,-1.3075203854472,-1.7083549499511719
SolProp,-1.2271407937136,-1.5880239009857178
SolProp,-1.10439729084972,-1.4283390045166016
SolProp,-1.21214274102593,-1.5806866884231567
SolProp,-1.12175937919534,-1.458453893661499
SolProp,-1.18936852949836,-1.5577441453933716
SolProp,-1.02771218983869,-1.311242938041687
SolProp,-1.26875495339373,-1.3811368942260742
SolProp,-1.10254042278285,-1.4773582220077515
SolProp,-1.19535615675809,-1.4290082454681396
SolProp,-1.29779612861641,-1.339357852935791
SolProp,-0.948976817443926,-1.3042848110198975
SolProp,-1.02466656125213,-1.5699406862258911
SolProp,-1.0222970508577,-1.3659776449203491
SolProp,-0.818826342828094,-1.0979739427566528
SolProp,-0.928107260702776,-1.2256357669830322
SolProp,-1.21647938688479,-1.25737464427948
SolProp,-1.11018997625777,-1.3546922206878662
SolProp,-1.07166354314411,-1.4879504442214966
SolProp,-1.06435184285704,-1.4096165895462036
SolProp,-0.989806158419643,-1.4018560647964478
SolProp,-0.987137049162744,-1.0145372152328491
SolProp,-1.06435212137758,-1.3120330572128296
SolProp,-1.10253042257784,-1.277259349822998
SolProp,-0.958923820009022,-1.1402963399887085
SolProp,-0.733362750776276,-1.0152344703674316
SolProp,-0.850273560375115,-1.2419328689575195
SolProp,-1.13269871321914,-1.1937164068222046
SolProp,-0.923517081651393,-1.2890979051589966
SolProp,-1.0217139753181,-1.3029457330703735
SolProp,-0.913185801556175,-1.4672439098358154
SolProp,-0.984833304397225,-1.355964183807373
SolProp,-0.822902234807855,-1.1498528718948364
SolProp,-0.963213806101433,-1.4141125679016113
SolProp,-0.97858149305598,-1.2425588369369507
SolProp,-1.03875400168347,-1.2448196411132812
SolProp,-0.891388581967784,-0.9557417035102844
SolProp,-0.869135318845051,-1.3257142305374146
SolProp,-1.05723675480977,-1.133735179901123
SolProp,-0.864850327905048,-1.0748543739318848
SolProp,-0.739236615087352,-1.0705888271331787
SolProp,-0.93346718409137,-1.2491333484649658
SolProp,-0.74572010968994,-1.1682230234146118
SolProp,-0.621801266552228,-0.9402285814285278
SolProp,-0.815453301126646,-1.2149913311004639
SolProp,-0.880828083507958,-1.2821320295333862
SolProp,-0.808534834442088,-1.3891057968139648
SolProp,-0.949313339084964,-1.1892757415771484
SolProp,-0.875526981368967,-1.1926809549331665
SolProp,-0.848844772434364,-1.3091034889221191
SolProp,-0.785050278147284,-0.9091909527778625
SolProp,-0.967443423921997,-1.0552525520324707
SolProp,-0.774039247078465,-1.0269337892532349
SolProp,-0.752425309031048,-1.2287920713424683
SolProp,-0.847272456957164,-1.1880090236663818
SolProp,-0.521947711190252,-0.8664051294326782
SolProp,-0.634197065555184,-1.077012062072754
SolProp,-0.709123540999094,-1.1198828220367432
SolProp,-0.697299315969044,-1.3142081499099731
SolProp,-0.771152832845022,-1.1799342632293701
SolProp,-0.793848532236872,-1.1337476968765259
SolProp,-0.853558650244787,-1.1175347566604614
SolProp,-0.602120757665563,-0.9785546660423279
SolProp,-0.706404362964035,-0.8651764392852783
SolProp,-0.880286920165537,-0.9982075095176697
SolProp,-0.683066838901802,-0.9778048992156982
SolProp,-0.729243424659844,-1.2282426357269287
SolProp,-0.759166377444228,-1.1339842081069946
SolProp,-0.646085612639842,-1.151573657989502
SolProp,-0.41637866456383,-0.7756264805793762
SolProp,-0.711004928524505,-1.076097846031189
SolProp,-0.769451786762457,-1.0589998960494995
SolProp,-0.613303931765581,-0.8216972351074219
SolProp,-0.589403977238489,-1.0473376512527466
SolProp,-0.659711097756352,-1.1018972396850586
SolProp,-0.796639891729385,-0.9366620779037476
SolProp,-0.581837728458975,-1.2141144275665283
SolProp,-0.502280913413436,-1.0129958391189575
SolProp,-0.482224907151384,-0.9128441214561462
SolProp,-0.595808354671578,-0.9209803342819214
SolProp,-0.671977123377745,-1.0741080045700073
SolProp,-0.616171158977779,-1.147263765335083
SolProp,-0.624398462016185,-1.036226511001587
SolProp,-0.520732041358281,-1.0688772201538086
SolProp,-0.672296257389153,-0.9926725029945374
SolProp,-0.310501446850963,-0.7131962776184082
SolProp,-0.511702145243383,-0.7809990048408508
SolProp,-0.704322647140691,-0.8708459138870239
SolProp,-0.515292020969579,-0.8780967593193054
SolProp,-0.55296045998058,-1.0236650705337524
SolProp,-0.464189569214329,-0.9746894836425781
SolProp,-0.385938842315626,-0.9387047290802002
SolProp,-0.460661235627805,-1.1356834173202515
SolProp,-0.572641315509753,-1.0139719247817993
SolProp,-0.35931607416606,-0.8519825339317322
SolProp,-0.529526803877751,-0.9738302230834961
SolProp,-0.490761027214946,-1.0471371412277222
SolProp,-0.576719755019252,-0.9357316493988037
SolProp,-0.613760010909094,-0.8265019059181213
SolProp,-0.187987366974775,-0.6509039402008057
SolProp,-0.406085535880177,-0.7326877117156982
SolProp,-0.384902276087097,-0.9789560437202454
SolProp,-0.409225704389929,-0.8326417803764343
SolProp,-0.479737710568034,-0.9708185791969299
SolProp,-0.42817288918236,-0.9329671263694763
SolProp,-0.341685248575072,-1.0558152198791504
SolProp,-0.25772242153592,-0.8561966419219971
SolProp,-0.432802152658274,-0.9154800772666931
SolProp,-0.480113695906665,-0.898678183555603
SolProp,-0.225710914217808,-0.7770541906356812
SolProp,-0.311734134114922,-0.8896480798721313
SolProp,-0.318323371996952,-0.7914495468139648
SolProp,-0.306449793677777,-0.6902045011520386
SolProp,-0.054632142430652,-0.5895666480064392
SolProp,-0.330545617559489,-0.8746954798698425
SolProp,-0.194929862782575,-0.9647026062011719
SolProp,-0.216165352030412,-0.7435680627822876
SolProp,-0.189201311276151,-0.6503347158432007
SolProp,-3.46595671338566,-2.829188823699951
SolProp,-3.3158066258885,-2.8517825603485107
SolProp,-3.19319249982182,-2.75689959526062
SolProp,-3.08453851789096,-2.6678128242492676
SolProp,-3.00117728962313,-2.5814809799194336
SolProp,-2.90891611587251,-2.5039989948272705
SolProp,-2.82743937874826,-2.4442596435546875
SolProp,-2.72265261107035,-2.435041904449463
SolProp,-2.74687440346019,-2.3755393028259277
SolProp,-2.67413513231607,-2.277782678604126
SolProp,-2.54007808711947,-2.3742809295654297
SolProp,-2.37381331179593,-2.280993938446045
SolProp,-2.25216244870466,-2.2234952449798584
SolProp,-2.23636531952845,-2.194913625717163
SolProp,-2.12952720741245,-2.143707752227783
SolProp,-2.08280672013233,-2.261991500854492
SolProp,-2.0256576269249,-2.0543971061706543
SolProp,-2.10306144058205,-2.119056224822998
SolProp,-1.97720701532134,-2.164532423019409
SolProp,-1.93547850309676,-1.9704301357269287
SolProp,-1.98303950121658,-2.0287222862243652
SolProp,-1.87944256865588,-2.0723204612731934
SolProp,-1.850282877772,-1.8943496942520142
SolProp,-1.70739377736222,-1.8879034519195557
SolProp,-1.79440650088238,-1.974475622177124
SolProp,-1.878683190484,-1.9231758117675781
SolProp,-1.77365549854753,-1.8125532865524292
SolProp,-1.62870282096002,-1.8123581409454346
SolProp,-1.71875362410486,-1.8899141550064087
SolProp,-1.79597573786344,-1.8325114250183105
SolProp,-1.70265437119705,-1.7151087522506714
SolProp,-1.55835071482515,-1.7202601432800293
SolProp,-1.64623350857548,-1.8027321100234985
SolProp,-1.63667064791727,-1.6326496601104736
SolProp,-1.71830033155828,-1.7463520765304565
SolProp,-1.48932576488801,-1.6449363231658936
SolProp,-1.58035932237809,-1.5536043643951416
SolProp,-1.57211784100936,-1.6979827880859375
SolProp,-1.42002225612158,-1.581738829612732
SolProp,-1.50739460111541,-1.6140681505203247
SolProp,-1.19200486312463,-1.4905288219451904
SolProp,-1.36086031085735,-1.5139286518096924
SolProp,-1.16080786121989,-1.4328832626342773
SolProp,-1.45394621595338,-1.5386643409729004
SolProp,-1.30736556462892,-1.4291173219680786
SolProp,-1.12541363015278,-1.3490326404571533
SolProp,-1.08995696252963,-1.281167984008789
SolProp,-1.2533820570392,-1.3496092557907104
SolProp,-1.05692153788125,-1.2265247106552124
SolProp,-1.20179710809603,-1.2708735466003418
SolProp,-1.01738548457209,-1.1651644706726074
SolProp,-0.985503746865709,-1.0906636714935303
SolProp,-0.949576274672312,-1.0175799131393433
SolProp,-1.28047234246917,-1.2251238822937012
SolProp,-0.916109214108034,-0.9396456480026245
SolProp,-1.23311606311897,-1.2273225784301758
SolProp,-0.955698359568297,-1.0204968452453613
SolProp,-1.18600057999788,-1.1771562099456787
SolProp,-0.868081621360291,-0.9332129955291748
SolProp,-1.13711072788257,-1.1261714696884155
SolProp,-1.13633950129925,-0.9001056551933289
SolProp,-1.08773846796728,-1.0941812992095947
SolProp,-0.796024346273755,-0.8514636754989624
SolProp,-1.04016907578842,-1.055471658706665
SolProp,-1.05252263815004,-0.8513469696044922
SolProp,-1.00054089333698,-1.0020537376403809
SolProp,-0.71918419007472,-0.7777314186096191
SolProp,-0.960074695340595,-0.9502161145210266
SolProp,-0.969642564981428,-0.8008227348327637
SolProp,-0.656111260410737,-0.7176207304000854
SolProp,-0.923113767433997,-0.8959079384803772
SolProp,-0.896135300046555,-0.7491581439971924
SolProp,-0.59330262327342,-0.6429405212402344
SolProp,-0.816156090333689,-0.8521708250045776
SolProp,-0.545490961857439,-0.5577265024185181
SolProp,-0.748984672347999,-0.8176842927932739
SolProp,-0.815838784665492,-0.7140121459960938
SolProp,-0.488728594288565,-0.4961332678794861
SolProp,-0.685080152911666,-0.760345458984375
SolProp,-0.742982418479032,-0.6666808724403381
SolProp,-0.443112754606702,-0.44259899854660034
SolProp,-0.58490524517806,-0.43347182869911194
SolProp,-0.619502023240191,-0.6961228251457214
SolProp,-0.672041288144644,-0.6174347400665283
SolProp,-0.535640650172142,-0.5440996289253235
SolProp,-0.552783940648899,-0.6573524475097656
SolProp,-0.588435345811871,-0.5877134799957275
SolProp,-0.422587590207447,-0.4181356430053711
SolProp,-0.490113908146181,-0.6120436191558838
SolProp,-0.448248412125388,-0.5109882950782776
SolProp,-0.523239802365425,-0.5535370111465454
SolProp,-0.43962199908668,-0.554599404335022
SolProp,-0.368072776329414,-0.4688566327095032
SolProp,-0.390666258513668,-0.5151189565658569
SolProp,-0.292547592649797,-0.3652825355529785
SolProp,-0.34418706388898,-0.4793141484260559
SolProp,-0.297289782083262,-0.4091014266014099
SolProp,-0.192344226676133,-0.293306827545166
SolProp,-0.227443257533182,-0.3398946523666382
SolProp,-0.164741808663531,-0.26557493209838867
SolProp,-0.100663508383903,-0.22139011323451996
SolProp,-0.02106911389951,-0.1564996838569641
SolProp,0.055131086011002,-0.09727546572685242
SolProp,0.126428388137987,-0.03677007555961609
SolProp,0.186099006797651,0.029002239927649498
SolProp,-3.13608730955448,-3.4127256870269775
SolProp,-3.02352773928949,-3.415433883666992
SolProp,-2.58403141324481,-2.416663885116577
SolProp,-2.68847343434883,-2.6601786613464355
SolProp,-2.93153632530288,-3.330864906311035
SolProp,-2.49916578843545,-2.352668285369873
SolProp,-2.72518537949893,-2.7080724239349365
SolProp,-2.8593796455415,-3.2498409748077393
SolProp,-2.59159735632519,-2.574993848800659
SolProp,-2.42549986522211,-2.266021966934204
SolProp,-2.66377455061236,-2.842484951019287
SolProp,-2.79559648623522,-3.1660139560699463
SolProp,-2.62883579708903,-2.6349422931671143
SolProp,-2.70758625841671,-2.706374406814575
SolProp,-2.35627514057709,-2.184860944747925
SolProp,-2.50832809671474,-2.478525161743164
SolProp,-2.73268607796844,-3.060502290725708
SolProp,-2.30128649234959,-2.115663528442383
SolProp,-2.57028805589715,-2.7523796558380127
SolProp,-2.43923187314595,-2.394711971282959
SolProp,-2.54481911271558,-2.5352327823638916
SolProp,-2.62465764402307,-2.6406514644622803
SolProp,-2.67853341188972,-2.974147319793701
SolProp,-2.24495269460628,-2.0429391860961914
SolProp,-2.49242285995841,-2.6467597484588623
SolProp,-2.37492387207005,-2.3349781036376953
SolProp,-2.47331169634113,-2.4511172771453857
SolProp,-2.54713370105441,-2.532203197479248
SolProp,-2.62145844633058,-2.899085760116577
SolProp,-2.19496779076844,-1.9559574127197266
SolProp,-2.31336992467887,-2.2692313194274902
SolProp,-2.42257652512324,-2.554983615875244
SolProp,-2.41105751487011,-2.3856894969940186
SolProp,-2.5715655819372,-2.807971477508545
SolProp,-2.14027521894542,-1.8721050024032593
SolProp,-2.47765437043678,-2.438591718673706
SolProp,-2.25075258934859,-2.195124387741089
SolProp,-2.36055593384101,-2.4769458770751953
SolProp,-2.09327728824026,-1.787387728691101
SolProp,-2.34843335118691,-2.3182404041290283
SolProp,-2.41215291506843,-2.367642641067505
SolProp,-2.30116321611275,-2.4016880989074707
SolProp,-2.18743941354389,-2.123739004135132
SolProp,-2.286420274885,-2.2359440326690674
SolProp,-2.3503384909673,-2.2999625205993652
SolProp,-2.24847045577937,-2.3095266819000244
SolProp,-2.122071362607,-2.0514168739318848
SolProp,-2.22392572148679,-2.1645283699035645
SolProp,-2.29234767587457,-2.2085635662078857
SolProp,-2.18989890050078,-2.233651638031006
SolProp,-2.16165377216312,-2.0936508178710938
SolProp,-2.23432914365163,-2.1287314891815186
SolProp,-2.12952618006326,-2.1594412326812744
SolProp,-2.17942942797429,-2.0577635765075684
SolProp,-1.79340121100776,-1.8388592004776
SolProp,-1.74462417188457,-1.8222464323043823
SolProp,-1.70013443930947,-1.7473688125610352
SolProp,-1.65547502187647,-1.6724615097045898
SolProp,-1.61338393161385,-1.6019023656845093
SolProp,-1.56657850581975,-1.5311262607574463
SolProp,-1.52725149372681,-1.4480090141296387
SolProp,-1.47675722219007,-1.3937443494796753
SolProp,-1.71051577591516,-1.8219770193099976
SolProp,-1.42707454694853,-1.3484745025634766
SolProp,-1.66733934769245,-1.7996275424957275
SolProp,-1.62398202090692,-1.7397388219833374
SolProp,-1.58472345647853,-1.6694047451019287
SolProp,-1.54824952503447,-1.6293703317642212
SolProp,-1.51081840495096,-1.6042284965515137
SolProp,-1.47640347754589,-1.5588595867156982
SolProp,-1.41589226547751,-1.361964225769043
SolProp,-1.43850231301365,-1.510496735572815
SolProp,-1.39930004590158,-1.4655823707580566
SolProp,-1.2455389113263,-1.3513033390045166
SolProp,-1.1235866338315,-1.2782551050186157
SolProp,-1.01119159185696,-1.2115837335586548
SolProp,-0.913845482144646,-1.1575231552124023
SolProp,-0.917347419158439,-1.1581240892410278
SolProp,-0.807533948700684,-1.1216161251068115
SolProp,-0.828921479704706,-1.1080920696258545
SolProp,-0.752477649085135,-1.0455321073532104
SolProp,-0.703375780333851,-1.0986557006835938
SolProp,-0.670278639783347,-0.9912769198417664
SolProp,-0.610966158433695,-1.0549395084381104
SolProp,-0.594177314605007,-0.956203281879425
SolProp,-0.522461961382338,-0.979029655456543
SolProp,-0.433958520289845,-0.9105703830718994
SolProp,-0.044374545777687,-0.18155357241630554
SolProp,-0.022215546111456,-0.1629226803779602
SolProp,0.002365863053495,-0.1270238310098648
SolProp,0.025715108450764,-0.06887935847043991
SolProp,0.050980799162072,-0.017077501863241196
SolProp,0.07703871540374,0.03261294215917587
SolProp,0.009507243784764,-0.1694580465555191
SolProp,0.01827393125295,-0.15603426098823547
SolProp,0.104548126842128,0.08835433423519135
SolProp,0.029956581826657,-0.12010063230991364
SolProp,0.042167507624666,-0.07299041002988815
SolProp,0.138159770044782,0.13429856300354004
SolProp,0.053933866785273,-0.041664086282253265
SolProp,0.06833556801613,-0.02078147605061531
SolProp,0.170968031291149,0.17835471034049988
SolProp,0.083348484895308,0.019318869337439537
SolProp,0.098210140113024,0.051224108785390854
SolProp,0.113866227601216,0.0972958505153656
SolProp,-2.15555012513815,-1.8352551460266113
SolProp,-2.12072445680187,-1.880982518196106
SolProp,-1.39923659673304,-1.4260886907577515
SolProp,-1.99740382304684,-1.7392852306365967
SolProp,-2.00617394507468,-1.8084691762924194
SolProp,-1.91427798927992,-1.7218010425567627
SolProp,-1.99505397903727,-1.7924880981445312
SolProp,-1.77263767279784,-1.5502668619155884
SolProp,-1.96583718493371,-1.7453644275665283
SolProp,-1.21061903522582,-1.317645788192749
SolProp,-1.78717763613855,-1.6514848470687866
SolProp,-1.87635093481423,-1.7035233974456787
SolProp,-1.61955152822298,-1.5139670372009277
SolProp,-1.74177771422938,-1.631680965423584
SolProp,-1.62232698197174,-1.4675991535186768
SolProp,-1.80519137945695,-1.6568738222122192
SolProp,-1.70319701275138,-1.566436767578125
SolProp,-1.07110872962662,-1.2500414848327637
SolProp,-1.76016158997276,-1.6214666366577148
SolProp,-1.7421081261863,-1.5814611911773682
SolProp,-1.81856436395076,-1.8540287017822266
SolProp,-1.62638947656884,-1.5538411140441895
SolProp,-0.999284705163798,-1.195308804512024
SolProp,-1.45643467620054,-1.446455717086792
SolProp,-1.49900629931324,-1.3808833360671997
SolProp,-1.62436042919762,-1.529356837272644
SolProp,-1.70740486599683,-1.6867753267288208
SolProp,-1.30526356416322,-1.0505516529083252
SolProp,-1.4085539675143,-1.3784016370773315
SolProp,-1.56524580144519,-1.4951494932174683
SolProp,-1.64161601200921,-1.5387048721313477
SolProp,-1.63093134142608,-1.5019011497497559
SolProp,-1.39984453395716,-1.307094931602478
SolProp,-0.885298594368171,-1.1319626569747925
SolProp,-1.68163242891319,-1.8003255128860474
SolProp,-1.50935608297627,-1.4736961126327515
SolProp,-1.49464002893775,-1.4653130769729614
SolProp,-1.58555973334792,-1.6258156299591064
SolProp,-1.45310361411421,-1.3577653169631958
SolProp,-1.31103113343187,-1.315446376800537
SolProp,-1.45751026259364,-1.4187867641448975
SolProp,-1.63921630031942,-1.7147926092147827
SolProp,-1.16330257407234,-0.95866858959198
SolProp,-1.54451011416642,-1.5505008697509766
SolProp,-1.52340564573677,-1.429132342338562
SolProp,-0.808418787938759,-1.0504209995269775
SolProp,-1.31813128039813,-1.2237348556518555
SolProp,-1.50874064275123,-1.3977696895599365
SolProp,-1.42253890807534,-1.370548963546753
SolProp,-1.40042046218133,-1.3200472593307495
SolProp,-1.23577417042911,-1.2433316707611084
SolProp,-1.56882750069512,-1.6320286989212036
SolProp,-1.35916277067988,-1.2998064756393433
SolProp,-1.48641155527437,-1.4796347618103027
SolProp,-1.08098237110945,-0.8840128183364868
SolProp,-1.35843936393837,-1.3860551118850708
SolProp,-1.42146808159242,-1.3460732698440552
SolProp,-1.21962728632596,-1.1183912754058838
SolProp,-1.50273069265858,-1.5397156476974487
SolProp,-1.3298272957058,-1.2953641414642334
SolProp,-1.40303342011169,-1.3148398399353027
SolProp,-0.690156185775558,-0.9780042171478271
SolProp,-1.28797019000355,-1.2320795059204102
SolProp,-1.40663173793411,-1.3987042903900146
SolProp,-1.14103735516729,-1.1766977310180664
SolProp,-1.301700507164,-1.3245470523834229
SolProp,-1.00221695522949,-0.8255890607833862
SolProp,-1.2718654187095,-1.245884656906128
SolProp,-1.34208680511346,-1.2708594799041748
SolProp,-1.13473520000929,-1.0415350198745728
SolProp,-1.42591795420382,-1.4502451419830322
SolProp,-1.08138959801411,-1.1141963005065918
SolProp,-1.21409280682425,-1.173392415046692
SolProp,-1.34412850728467,-1.316074252128601
SolProp,-1.23014702061313,-1.2160532474517822
SolProp,-0.594163534400347,-0.9098572134971619
SolProp,-1.23350816329869,-1.2554858922958374
SolProp,-0.938995553660768,-0.7652264833450317
SolProp,-1.27513987267869,-1.2400068044662476
SolProp,-1.0205100548972,-1.0460375547409058
SolProp,-1.35351730105386,-1.375719428062439
SolProp,-1.1637315976477,-1.1621378660202026
SolProp,-1.14081968405391,-1.1096556186676025
SolProp,-1.04073404795795,-0.968145489692688
SolProp,-1.19232417679286,-1.088097095489502
SolProp,-0.861492678158528,-0.7032554745674133
SolProp,-1.21875623022016,-1.1807459592819214
SolProp,-0.50136966262383,-0.8449191451072693
SolProp,-1.23231988734192,-1.2431738376617432
SolProp,-1.30137770196547,-1.3059371709823608
SolProp,-0.959203244449204,-0.9752422571182251
SolProp,-1.13004750154147,-1.1806538105010986
SolProp,-1.11666825839535,-1.1113994121551514
SolProp,-1.07256067378314,-1.052010416984558
SolProp,-0.814405757597345,-0.6637788414955139
SolProp,-1.07617545595989,-1.0683984756469727
SolProp,-1.09594018268092,-1.1096967458724976
SolProp,-1.18428429233343,-1.174384355545044
SolProp,-1.14042529929439,-1.1499217748641968
SolProp,-0.944998323846688,-0.8994222283363342
SolProp,-1.23446982754322,-1.2403050661087036
SolProp,-1.08514190413875,-1.0116153955459595
SolProp,-0.768664053294566,-0.6190125346183777
SolProp,-1.00051779870208,-1.0029226541519165
SolProp,-1.03767222586924,-1.043189525604248
SolProp,-1.12460304601735,-1.1053004264831543
SolProp,-0.937974661486281,-0.964388906955719
SolProp,-0.678856619449253,-0.5677675604820251
SolProp,-0.976800801590453,-0.927329957485199
SolProp,-0.938605905160966,-0.9811939597129822
SolProp,-0.879765452637179,-0.9236297607421875
SolProp,-0.896219164113521,-0.8509382605552673
SolProp,-0.804000551987466,-0.7786746621131897
SolProp,-0.745858199243081,-0.7023780345916748
SolProp,-0.66284146819303,-0.6465029716491699
SolProp,-2.07088237772806,-1.662170648574829
SolProp,-2.04404701297907,-1.3665469884872437
SolProp,-2.01679144736326,-1.0991485118865967
SolProp,-1.9823798360859,-0.8058362007141113
SolProp,-1.93844669181863,-0.4982963800430298
SolProp,-0.813656931194791,-0.759499728679657
SolProp,-0.613027774596424,-0.5762867331504822
SolProp,-0.861781440366372,-0.9036580324172974
SolProp,-0.742550681993707,-0.7747824192047119
SolProp,-0.690049792524421,-0.685099184513092
SolProp,-0.770941586393734,-0.8228520154953003
SolProp,-0.758816792763901,-0.8148108720779419
SolProp,-0.780809125968049,-0.7589389681816101
SolProp,-0.628368269080933,-0.6340460181236267
SolProp,-0.507858768393162,-0.5649586915969849
SolProp,-0.605240066731423,-0.6269722580909729
SolProp,-0.4379190597828,-0.3699195981025696
SolProp,-0.661119802404147,-0.7561554908752441
SolProp,-0.30450254047264,-0.31020018458366394
SolProp,-0.691096482970445,-0.6000499725341797
SolProp,-0.618397998982435,-0.673576831817627
SolProp,-0.616115475726705,-0.664401650428772
SolProp,-0.374926380791614,-0.4562978148460388
SolProp,-0.629741594506509,-0.841467022895813
SolProp,-0.46389837244921,-0.5473339557647705
SolProp,-0.449385238427721,-0.49100261926651
SolProp,-0.44886350451924,-0.4387822449207306
SolProp,-0.484242581625025,-0.5785596370697021
SolProp,-0.514321661155695,-0.6122549772262573
SolProp,-0.151224465844051,-0.16901913285255432
SolProp,-0.264853746983434,-0.17378154397010803
SolProp,-0.566078960671791,-0.6866827607154846
SolProp,-0.49695278257116,-0.48218050599098206
SolProp,-0.482955023567045,-0.47361060976982117
SolProp,-0.46246148167116,-0.4593142867088318
SolProp,-0.22593145793508,-0.30270135402679443
SolProp,-0.382235354701659,-0.49890515208244324
SolProp,-0.325618618375225,-0.3762131929397583
SolProp,-0.326544926891779,-0.2734534740447998
SolProp,-0.286088776684298,-0.2846779525279999
SolProp,-0.378384475997361,-0.43843477964401245
SolProp,-0.440601452541261,-0.5047054886817932
SolProp,-0.356333970474491,-0.3100098669528961
SolProp,0.010154776093868,-0.0244261734187603
SolProp,-0.347841053710441,-0.30213916301727295
SolProp,-0.076762887427387,0.0027911122888326645
SolProp,-0.126205374058905,-0.13501587510108948
SolProp,-0.095467208447678,-0.14645710587501526
SolProp,-0.229357033342035,-0.34564778208732605
SolProp,-0.166709839999635,-0.2143072485923767
SolProp,-0.079020801235135,-0.06408101320266724
SolProp,-0.320765012497272,-0.33636200428009033
SolProp,-0.245365109614125,-0.27109551429748535
SolProp,-0.164178442612544,-0.1054716482758522
SolProp,-0.247019653195521,-0.34873759746551514
SolProp,0.157564676281534,0.12014533579349518
SolProp,-0.10253231107968,-0.14370813965797424
SolProp,-0.194448510730969,-0.14787212014198303
SolProp,-0.188897217424025,-0.13884836435317993
SolProp,-0.010671587373808,-0.011086629703640938
SolProp,0.019134634922306,0.020085003226995468
SolProp,-0.084300772053608,-0.20242692530155182
SolProp,0.068589479837017,0.05473989248275757
SolProp,-0.017304020013323,-0.04647872596979141
SolProp,-0.176397595703173,-0.1791817545890808
SolProp,-0.09608383586357,-0.10954967141151428
SolProp,0.124610529827964,0.1437627524137497
SolProp,0.33601691479864,0.2727983295917511
SolProp,0.101816345663082,-0.08165587484836578
SolProp,0.197581712486724,-0.008488088846206665
SolProp,-4.06730407691092,-2.731016159057617
SolProp,-3.6353790722493,-2.841261625289917
SolProp,-3.60869197653767,-2.578329563140869
SolProp,-3.17381454747924,-2.640458345413208
SolProp,-3.34112295067723,-2.400895118713379
SolProp,-3.27787427930776,-2.230989456176758
SolProp,-3.05618636249687,-2.42240047454834
SolProp,-2.86089049217992,-2.447392225265503
SolProp,-3.15979776571175,-2.3914613723754883
SolProp,-2.94970815248861,-2.3394901752471924
SolProp,-2.71029145512441,-2.2420477867126465
SolProp,-2.83187654633002,-2.2773430347442627
SolProp,-2.91800709649509,-2.073918342590332
SolProp,-2.86447421375731,-2.243023633956909
SolProp,-2.93123231872901,-2.23394513130188
SolProp,-2.77839376803022,-2.1831400394439697
SolProp,-2.53815326511737,-2.0968258380889893
SolProp,-2.66994580366612,-2.221885919570923
SolProp,-2.71103231267504,-2.095390558242798
SolProp,-2.60633645066988,-2.098220109939575
SolProp,-2.60234047223664,-2.0893542766571045
SolProp,-2.73124454259176,-2.053551197052002
SolProp,-2.63671536727196,-2.003084421157837
SolProp,-2.49627281193371,-1.9382312297821045
SolProp,-2.49816654872194,-2.0695698261260986
SolProp,-2.56834203426912,-1.9228410720825195
SolProp,-2.44366391084001,-1.9551082849502563
SolProp,-2.59916569746367,-1.900063395500183
SolProp,-2.29052893355851,-1.834754228591919
SolProp,-2.48988237515063,-1.8548550605773926
SolProp,-2.3447960275323,-1.9001879692077637
SolProp,-2.32336956477664,-1.801955223083496
SolProp,-2.31066784082831,-1.789000391960144
SolProp,-2.35949679611163,-1.7696584463119507
SolProp,-2.41143029860926,-1.76421320438385
SolProp,-2.30256922046096,-1.712549090385437
SolProp,-2.03634936483253,-1.7029979228973389
SolProp,-2.15339529990927,-1.742728352546692
SolProp,-2.10444841826614,-1.6332215070724487
SolProp,-2.17862175997921,-1.6289339065551758
SolProp,-2.10493693563152,-1.805850863456726
SolProp,-1.90815731535055,-1.5335495471954346
SolProp,-2.06081779395722,-1.711833119392395
SolProp,-1.97998274767408,-1.5869433879852295
SolProp,-1.9571910722942,-1.4863042831420898
SolProp,-1.94753080186941,-1.5894275903701782
SolProp,-1.72447225391325,-1.3795536756515503
SolProp,-1.82168901998955,-1.463181495666504
SolProp,-1.45956690619584,-1.1363500356674194
SolProp,-1.59565007717467,-1.248056173324585
SolProp,-1.68534674481334,-1.344774842262268
SolProp,-1.32471388100985,-1.0156598091125488
SolProp,-0.953338464539205,-0.3086782693862915
SolProp,-0.853304858854194,-0.1769837588071823
SolProp,-1.15308200231217,-0.8965526819229126
SolProp,-0.733272253549762,-0.0004044109955430031
SolProp,-1.02223482776732,-0.766588568687439
SolProp,-0.606527118961264,0.18179728090763092
SolProp,-0.90580566913396,-0.6646065711975098
SolProp,-0.464470705610402,0.34384894371032715
SolProp,-4.19395529486679,-3.2611045837402344
SolProp,-3.95382021764048,-3.195659875869751
SolProp,-3.8018375039513,-3.110570192337036
SolProp,-3.68623741944127,-3.004497528076172
SolProp,-3.60366212306675,-2.8857550621032715
SolProp,-3.1697578482585,-2.930537223815918
SolProp,-2.86140177757559,-2.7131340503692627
SolProp,-2.56406171539546,-2.481884479522705
SolProp,-2.7944141590612,-2.673218011856079
SolProp,-2.78616944172791,-2.5219030380249023
SolProp,-2.77590861222111,-2.3359739780426025
SolProp,-2.76388800022624,-2.163133382797241
SolProp,-2.75279147261161,-1.981092095375061
SolProp,-2.35285915336225,-2.264840602874756
SolProp,-2.50052602193848,-2.289278507232666
SolProp,-2.40866994761774,-2.2292020320892334
SolProp,-2.17536126647527,-2.0985748767852783
SolProp,-2.36080417110991,-2.1276230812072754
SolProp,-2.15199194150113,-2.1185686588287354
SolProp,-2.08039893794501,-2.454226493835449
SolProp,-2.19947486652526,-1.9388775825500488
SolProp,-2.12350989459846,-2.0832629203796387
SolProp,-1.97243728391104,-2.3038389682769775
SolProp,-1.97287655713673,-2.001897096633911
SolProp,-1.98243228140954,-1.962602972984314
SolProp,-2.11174868028931,-1.7917792797088623
SolProp,-1.88794791341906,-2.1259605884552
SolProp,-1.98098939616108,-1.884453535079956
SolProp,-1.86496452072043,-1.8416496515274048
SolProp,-1.97049704819526,-1.6471112966537476
SolProp,-1.77557512702116,-1.9596408605575562
SolProp,-1.77970119083227,-1.7661433219909668
SolProp,-1.72597563965218,-1.6575548648834229
SolProp,-1.67693627748212,-1.8118387460708618
SolProp,-1.74825620357826,-1.7369872331619263
SolProp,-1.65794296450229,-1.6232948303222656
SolProp,-1.61430047508845,-1.5071144104003906
SolProp,-1.6233836372075,-1.5871250629425049
SolProp,-1.4015697106846,-1.7077316045761108
SolProp,-1.4912939354811,-1.3623790740966797
SolProp,-1.4838995356835,-1.4680804014205933
SolProp,-1.32686475761247,-1.5590285062789917
SolProp,-1.22376603792026,-1.3810133934020996
SolProp,-1.13030988822327,-1.241973638534546
SolProp,-1.25966768200022,-1.597489833831787
SolProp,-1.23655173393774,-1.5007044076919556
SolProp,-0.53394397806222,-0.17315630614757538
SolProp,-1.17011346075876,-1.3874382972717285
SolProp,-1.01553657655405,-1.1193324327468872
SolProp,-1.09436487358111,-1.2830153703689575
SolProp,-0.351646627790299,-0.039923541247844696
SolProp,-1.02997948595837,-1.1525498628616333
SolProp,-0.220457083119074,0.12394800782203674
SolProp,-0.546606531804684,-0.9224221706390381
SolProp,-0.489951674127518,-0.7935711741447449
SolProp,-0.426779763088946,-0.69026780128479
SolProp,-0.014372782158028,0.30548492074012756
SolProp,-0.352462576534998,-0.5858973860740662
SolProp,-0.259485733608203,-0.48770755529403687
SolProp,0.203386470282613,0.46885180473327637
SolProp,-1.794945386426,-1.6437902450561523
SolProp,-1.67039275405535,-1.5071214437484741
SolProp,-1.60957577767881,-1.3619455099105835
SolProp,-1.48345354699709,-1.2295399904251099
SolProp,-1.36572552232031,-1.2127856016159058
SolProp,-1.27853614668268,-1.0678508281707764
SolProp,-1.33346163124414,-1.3913822174072266
SolProp,-1.14101121289758,-0.960429310798645
SolProp,-1.2119501426024,-1.2420332431793213
SolProp,-1.1076448109654,-1.0846948623657227
SolProp,-0.989327533955126,-1.168125867843628
SolProp,-0.988037132076933,-0.9051013588905334
SolProp,-0.972206890508519,-1.0632481575012207
SolProp,-0.950731951748609,-0.72059166431427
SolProp,-0.911051794093014,-1.0892239809036255
SolProp,-0.905283494951848,-0.986386239528656
SolProp,-0.84234071366565,-0.8982213735580444
SolProp,-0.841106874724007,-0.9997063875198364
SolProp,-0.770398362845786,-0.8021535277366638
SolProp,-0.766169612708928,-0.5789883732795715
SolProp,-0.75502698437159,-0.8938994407653809
SolProp,-0.696994057718771,-0.6946958303451538
SolProp,-0.661596126810181,-0.7781434059143066
SolProp,-0.633898836867809,-0.5761985778808594
SolProp,-0.619994847923367,-0.6068932414054871
SolProp,-0.619994847923367,-0.6992499828338623
SolProp,-0.502815963478291,-0.4142105281352997
SolProp,-0.450345615744421,-0.32213377952575684
SolProp,-0.552185084914917,-0.6259610652923584
SolProp,-0.546596691881027,-0.7296404838562012
SolProp,-0.526575301318368,-0.45315372943878174
SolProp,-0.389491966368554,-0.2159619927406311
SolProp,-0.503729646974549,-0.5445858240127563
SolProp,-0.472023232227525,-0.656028151512146
SolProp,-0.584709479626086,-0.46991682052612305
SolProp,-0.328016143782438,-0.13330215215682983
SolProp,-0.438559668714665,-0.4762842357158661
SolProp,-0.40581328595027,-0.5972148776054382
SolProp,-0.279202108554961,-0.1377665400505066
SolProp,-0.386649163020378,-0.35618865489959717
SolProp,-0.471833773324154,-0.33066096901893616
SolProp,-0.222760321265283,-0.0712168738245964
SolProp,-0.165065978612797,-0.013779254630208015
SolProp,-0.471369125652928,-0.45397403836250305
SolProp,-0.329019410983609,-0.17826911807060242
SolProp,-0.434674718041268,-0.40991097688674927
SolProp,-0.431798262829095,-0.39827606081962585
SolProp,-0.30321362636836,-0.03979284316301346
SolProp,-0.384536916425324,-0.3413710594177246
SolProp,-0.363299992143415,-0.31017035245895386
SolProp,-0.350269438410801,-0.32212576270103455
SolProp,-0.310689672150644,-0.415072500705719
SolProp,-0.260327935993929,-0.20530429482460022
SolProp,-0.263606477979185,-0.418615460395813
SolProp,-0.114626779101308,-0.013342821039259434
SolProp,-0.22281564034569,-0.3849359154701233
SolProp,-0.200859328097241,-0.18218564987182617
SolProp,-0.044183137100432,-0.04867762327194214
SolProp,-0.177192208518789,-0.13261112570762634
SolProp,0.221252168206973,0.2484363615512848
SolProp,-0.01141703069753,0.02094149775803089
SolProp,-0.021748487004392,0.09852587431669235
SolProp,0.252270285243375,0.3297812044620514
SolProp,-0.128825382713945,-0.11678938567638397
SolProp,0.283683397698765,0.40588057041168213
SolProp,0.030318462065757,0.07572367787361145
SolProp,-0.0986308781424,-0.15218853950500488
SolProp,-0.065284335052479,-0.05655531957745552
SolProp,0.314315671808888,0.45357590913772583
SolProp,0.070253184853125,0.1017128974199295
SolProp,0.359795384120565,0.4327499568462372
SolProp,-0.025393380741767,-0.08144237101078033
SolProp,0.107997292289272,0.05875755101442337
SolProp,-0.003243502348381,-0.03414161875844002
SolProp,0.015769682097619,-0.08967682719230652
SolProp,0.395610059012778,0.4699927270412445
SolProp,0.144349661299783,0.07804486155509949
SolProp,0.159120697342386,0.14417026937007904
SolProp,0.189588028572978,0.21587568521499634
SolProp,0.179229370118052,0.09595470130443573
SolProp,0.058808266170667,-0.08142799139022827
SolProp,0.444101217224299,0.5018792152404785
SolProp,0.068610786600814,-0.010401876643300056
SolProp,0.093719140702978,-0.042626649141311646
SolProp,0.234764869115705,0.2915714979171753
SolProp,0.258435290155977,0.3422744572162628
SolProp,0.289043529370605,0.29991164803504944
SolProp,0.347354008832662,0.3236304223537445
SolProp,0.362820716145245,0.3550443947315216
SolProp,-1.98603677834661,-2.0012691020965576
SolProp,-1.88770796687941,-1.932679295539856
SolProp,-1.79655983603389,-1.858123779296875
SolProp,-1.72663709055171,-1.8011668920516968
SolProp,-1.64595782754756,-1.7505643367767334
SolProp,-1.58571631522473,-1.675978183746338
SolProp,-1.43969525505712,-1.571519136428833
SolProp,-1.52792155108374,-1.5945743322372437
SolProp,-1.37180671759546,-1.5140793323516846
SolProp,-1.47033478517145,-1.5142399072647095
SolProp,-1.31515661079103,-1.4316869974136353
SolProp,-1.41905027418381,-1.4519729614257812
SolProp,-1.37381773437984,-1.3768651485443115
SolProp,-1.25112912151507,-1.3770899772644043
SolProp,-1.1904681961921,-1.3425853252410889
SolProp,-1.13043520065652,-1.269545078277588
SolProp,-1.05311293363998,-1.3402576446533203
SolProp,-1.05923867210216,-1.1820272207260132
SolProp,-0.973913075779768,-1.2390960454940796
SolProp,-0.991836377567718,-1.1058404445648193
SolProp,-0.909973379944779,-1.1252223253250122
SolProp,-0.932641538654835,-1.0602837800979614
SolProp,-0.855396351223369,-1.0518075227737427
SolProp,-0.861044783252599,-0.9914184212684631
SolProp,-0.78208013797367,-0.9915232062339783
SolProp,-0.687216068301424,-0.9828348159790039
SolProp,-0.719289857098022,-0.8934347629547119
SolProp,-0.608974479783655,-0.8861859440803528
SolProp,-0.653733566879704,-0.8014175891876221
SolProp,-0.550748809242954,-0.7926096320152283
SolProp,-0.580877297933306,-0.7258830070495605
SolProp,-0.498959563615223,-0.7237414717674255
SolProp,-0.444083476090246,-0.6627436280250549
SolProp,-0.50969056926215,-0.6589674949645996
SolProp,-0.400996742509208,-0.5732501745223999
SolProp,-0.443863669333389,-0.586296796798706
SolProp,-0.355633842099966,-0.49385911226272583
SolProp,-0.314348139602743,-0.43394386768341064
SolProp,-0.082256685084411,-0.1340380758047104
SolProp,-0.034228662456796,-0.10096076130867004
SolProp,0.01752254799535,-0.04180176556110382
SolProp,0.06234579259644,0.003746854141354561
SolProp,-0.026725581225131,-0.2386854588985443
SolProp,0.006755805594011,-0.2032315731048584
SolProp,0.102063308007342,0.0500372089445591
SolProp,0.04196590715954,-0.13544386625289917
SolProp,0.147695037959785,0.10275872051715851
SolProp,0.074223943890215,-0.0876074805855751
SolProp,0.200506881269589,0.14642822742462158
SolProp,0.111307831561569,-0.03716827183961868
SolProp,0.145478328748377,0.010652627795934677
SolProp,0.251349068957128,0.19378668069839478
SolProp,0.179086954631213,0.051064714789390564
SolProp,0.301856403485311,0.23588213324546814
SolProp,0.213653992127788,0.08726087957620621
SolProp,0.251881134591694,0.12798596918582916
SolProp,0.354272416073053,0.293148934841156
SolProp,0.289685847543237,0.16860972344875336
SolProp,-2.64283859752658,-2.4736902713775635
SolProp,-2.46797037057026,-2.3876850605010986
SolProp,-2.31178452140733,-2.3043901920318604
SolProp,-2.22336150930248,-2.2099239826202393
SolProp,-2.13678500759945,-2.1045210361480713
SolProp,-2.07687845684156,-1.9856135845184326
SolProp,-2.02840097195745,-1.8738268613815308
SolProp,-1.99431025092805,-1.7597427368164062
SolProp,-1.96400600888817,-1.6518253087997437
SolProp,-2.62095309983648,-2.0947322845458984
SolProp,-2.49057747082351,-2.085275173187256
SolProp,-2.47482459942935,-1.9937689304351807
SolProp,-2.36546562362934,-1.9852657318115234
SolProp,-2.36766265566194,-1.9073320627212524
SolProp,-2.21329201397041,-1.9890745878219604
SolProp,-2.27685472351829,-1.8150365352630615
SolProp,-2.17109070556931,-1.8983557224273682
SolProp,-2.18415258173952,-1.899813175201416
SolProp,-2.10112660916698,-1.8121933937072754
SolProp,-2.04537949936804,-1.7037286758422852
SolProp,-2.10074207273384,-1.9867029190063477
SolProp,-2.07523481253009,-1.8781245946884155
SolProp,-2.06662329433224,-1.8055686950683594
SolProp,-1.98308191489174,-1.5652985572814941
SolProp,-2.02442080945503,-1.78885018825531
SolProp,-1.91023437737846,-1.8632198572158813
SolProp,-2.00684296557409,-1.668469786643982
SolProp,-1.96340461799796,-1.6589341163635254
SolProp,-1.85471190689693,-1.7664082050323486
SolProp,-1.86062505031793,-1.5419902801513672
SolProp,-1.84566521194521,-1.699346899986267
SolProp,-1.75673789470096,-1.6786601543426514
SolProp,-1.90092987639805,-2.0696632862091064
SolProp,-1.72227312576377,-1.4615535736083984
SolProp,-1.84601991932628,-1.9545316696166992
SolProp,-1.687011062158,-1.578685998916626
SolProp,-1.78063288834784,-1.4322102069854736
SolProp,-1.50399705726021,-1.6249020099639893
SolProp,-1.70590759383635,-1.5694167613983154
SolProp,-1.7672312952278,-1.8624929189682007
SolProp,-1.68504393319372,-1.5539133548736572
SolProp,-1.59013214652023,-1.4468826055526733
SolProp,-1.65977768247986,-1.3153467178344727
SolProp,-1.44422010538057,-1.539232850074768
SolProp,-1.70036292297375,-1.775246500968933
SolProp,-1.55801483973809,-1.366272211074829
SolProp,-1.58325373341841,-1.4589473009109497
SolProp,-1.49355780997087,-1.3451776504516602
SolProp,-1.64882950401115,-1.6336990594863892
SolProp,-1.36554771788164,-1.4560394287109375
SolProp,-1.5715723954122,-1.2080819606781006
SolProp,-1.59793360878217,-1.5136185884475708
SolProp,-1.530045883949,-1.4422519207000732
SolProp,-1.50873306347655,-1.350037693977356
SolProp,-1.43065173625103,-1.2501635551452637
SolProp,-1.40960919248077,-1.2470667362213135
SolProp,-1.29370409586734,-1.35932195186615
SolProp,-1.5074269117554,-1.4011107683181763
SolProp,-1.34317338562529,-1.1291511058807373
SolProp,-1.05531904968813,-1.1681452989578247
SolProp,-1.33707981776271,-1.1369973421096802
SolProp,-1.20696285605264,-1.2354629039764404
SolProp,-1.40278474881738,-1.2362514734268188
SolProp,-1.38618465729793,-1.3252708911895752
SolProp,-1.27725526757327,-1.0171997547149658
SolProp,-1.41883203457744,-1.2803149223327637
SolProp,-1.13914982538255,-1.1375079154968262
SolProp,-0.956683199399143,-1.0955207347869873
SolProp,-1.01051719577611,-0.8806840181350708
SolProp,-1.05704390849265,-1.0390616655349731
SolProp,-1.31298934534827,-1.175023078918457
SolProp,-0.853765216521015,-1.0302817821502686
SolProp,-1.2202596286183,-1.1308311223983765
SolProp,-1.19646403173623,-1.2180970907211304
SolProp,-0.989181992970645,-0.9257703423500061
SolProp,-0.923130765707534,-0.7984203696250916
SolProp,-0.764037914117647,-0.9512653350830078
SolProp,-0.933026682213396,-0.8108081221580505
SolProp,-0.863797080278951,-0.7279338836669922
SolProp,-0.674696319338069,-0.8427723050117493
SolProp,-0.773171599398572,-0.6504127383232117
SolProp,-0.855389088940968,-0.8152477741241455
SolProp,-0.720952451706632,-0.5580510497093201
SolProp,-0.604113475478365,-0.7454556822776794
SolProp,-0.807799199577207,-0.7207232713699341
SolProp,-0.669571244856127,-0.4920869469642639
SolProp,-0.526054999611838,-0.6681485176086426
SolProp,-0.739950558560691,-0.655662477016449
SolProp,-0.790276972205811,-0.6439940929412842
SolProp,-0.590065762068293,-0.4240773022174835
SolProp,-0.463224172557099,-0.5926838517189026
SolProp,-0.680002291368935,-0.5956352353096008
SolProp,-0.543225814374605,-0.34075307846069336
SolProp,-0.417590285176452,-0.4996388554573059
SolProp,-0.707834414638758,-0.5880370140075684
SolProp,-0.480662025137837,-0.25428739190101624
SolProp,-0.582294639057965,-0.5139649510383606
SolProp,-0.60894513070371,-0.5278131365776062
SolProp,-0.503814784277808,-0.4494892954826355
SolProp,-0.52753009969757,-0.4675939083099365
SolProp,-0.44373662394409,-0.38868770003318787
SolProp,-0.464855757469255,-0.405269980430603
SolProp,-0.38067594542796,-0.3208548128604889
SolProp,-0.39851749529872,-0.34506955742836
SolProp,-0.325036940576242,-0.24768337607383728
SolProp,-0.355587388099985,-0.3018534779548645
SolProp,-0.313854272394223,-0.24069473147392273
SolProp,-3.71697683693432,-2.6543829441070557
SolProp,-3.19700858961572,-3.0442488193511963
SolProp,-3.33405143501708,-3.159836769104004
SolProp,-3.37925240246568,-3.164464235305786
SolProp,-3.29680479196114,-2.5525193214416504
SolProp,-3.30279950562224,-2.670980453491211
SolProp,-3.23022162769654,-3.150327205657959
SolProp,-2.90582395763363,-2.9567012786865234
SolProp,-3.04962061389432,-3.0856690406799316
SolProp,-3.04804463652802,-3.066331148147583
SolProp,-3.12859454546357,-3.061889886856079
SolProp,-3.12261327749387,-3.184171199798584
SolProp,-2.91613043167328,-2.934209108352661
SolProp,-3.05137203925314,-2.572866201400757
SolProp,-2.9992805339684,-2.4671614170074463
SolProp,-3.0496596332425,-3.077974319458008
SolProp,-3.10762876560941,-3.0299713611602783
SolProp,-3.01265756066611,-3.1431891918182373
SolProp,-3.00900654548943,-2.976876735687256
SolProp,-2.97871599338918,-2.993018865585327
SolProp,-2.88746661961473,-2.987884759902954
SolProp,-2.95918517848739,-3.0416698455810547
SolProp,-2.70476048291039,-2.8398725986480713
SolProp,-2.72613213562903,-2.8705551624298096
SolProp,-2.83388645358834,-2.9971964359283447
SolProp,-2.91235901142448,-2.910297393798828
SolProp,-2.9770753153974,-2.9289495944976807
SolProp,-2.83660566038155,-2.3868179321289062
SolProp,-2.80892971121805,-2.912233591079712
SolProp,-2.87489712672544,-2.953174114227295
SolProp,-2.77315620676444,-2.9198286533355713
SolProp,-2.49779739347855,-2.2473340034484863
SolProp,-2.84454770795241,-2.4940614700317383
SolProp,-2.85339735323647,-2.89538311958313
SolProp,-2.66885402565132,-2.741020679473877
SolProp,-2.88280083446037,-2.8379299640655518
SolProp,-2.80882586378437,-2.8710782527923584
SolProp,-2.8142125859756,-2.796353816986084
SolProp,-2.6045348492582,-2.806025743484497
SolProp,-2.56107642748831,-2.7178468704223633
SolProp,-2.43107430075456,-2.1657869815826416
SolProp,-2.72425215714999,-2.279503345489502
SolProp,-2.68733096870615,-2.8435428142547607
SolProp,-2.70055873139582,-2.797179937362671
SolProp,-2.74755402168098,-2.7809653282165527
SolProp,-2.80747066274618,-2.716916799545288
SolProp,-2.37365521704435,-2.1171512603759766
SolProp,-2.70781599460651,-2.7537994384765625
SolProp,-2.45884579452933,-2.598796844482422
SolProp,-2.49409907195377,-2.732203960418701
SolProp,-2.69512174676367,-2.694344997406006
SolProp,-2.67442517393796,-2.416508436203003
SolProp,-2.57007008115346,-2.724325180053711
SolProp,-2.58110191567778,-2.700624704360962
SolProp,-2.6582437047095,-2.6793127059936523
SolProp,-2.2803524887238,-2.091825008392334
SolProp,-2.70751115753991,-2.620474100112915
SolProp,-2.62722218990293,-2.651978015899658
SolProp,-2.57181843543615,-2.187770128250122
SolProp,-2.45443303435389,-2.675229549407959
SolProp,-2.62728091943152,-2.580768346786499
SolProp,-2.41651775760094,-2.608551025390625
SolProp,-2.37715426230421,-2.478912591934204
SolProp,-2.58320682811833,-2.5689613819122314
SolProp,-2.2084912521799,-2.008948564529419
SolProp,-2.47699029189249,-2.6208629608154297
SolProp,-2.4882620960721,-2.591522693634033
SolProp,-2.5557348751902,-2.490361213684082
SolProp,-2.54826403865244,-2.5441694259643555
SolProp,-2.30769771799133,-2.3895812034606934
SolProp,-2.33678615300181,-2.4945414066314697
SolProp,-2.46772257040229,-2.0996077060699463
SolProp,-2.51021281119562,-2.315016031265259
SolProp,-2.14911123810908,-1.9160557985305786
SolProp,-2.50796789591358,-2.4785685539245605
SolProp,-2.49918654570315,-2.416682243347168
SolProp,-2.39903551084105,-2.509732961654663
SolProp,-2.40476282091275,-2.4955015182495117
SolProp,-2.27979905988729,-2.3759684562683105
SolProp,-2.30616155392041,-2.598945379257202
SolProp,-2.23936529925176,-2.3083884716033936
SolProp,-2.47241841998968,-2.4538259506225586
SolProp,-2.5354035190121,-2.5109918117523193
SolProp,-2.47086616002669,-2.4043803215026855
SolProp,-2.10115251796983,-1.8306909799575806
SolProp,-2.39913037097301,-2.023160457611084
SolProp,-2.44075191674181,-2.347825288772583
SolProp,-2.334378670413,-2.4120585918426514
SolProp,-2.18765787410965,-2.2399990558624268
SolProp,-2.34186670670851,-2.40618896484375
SolProp,-2.41567101439905,-2.374645471572876
SolProp,-2.41767809281857,-2.3358278274536133
SolProp,-2.20265374186924,-2.2688889503479004
SolProp,-2.37815286291169,-2.221489667892456
SolProp,-2.39871784110806,-2.202805519104004
SolProp,-2.3203097643303,-1.9303375482559204
SolProp,-2.01049195697824,-1.7830538749694824
SolProp,-2.37308323727644,-2.1926705837249756
SolProp,-2.27457178405836,-2.327503204345703
SolProp,-2.31436620850819,-2.1907224655151367
SolProp,-2.18511023538382,-2.515129804611206
SolProp,-2.12603481769867,-2.1446495056152344
SolProp,-2.27930714608383,-2.3313448429107666
SolProp,-2.35345581572185,-2.3003697395324707
SolProp,-2.14863017662511,-2.1838886737823486
SolProp,-2.32660413247876,-2.849623441696167
SolProp,-2.23018679404494,-2.254948139190674
SolProp,-2.24996875690113,-1.8341176509857178
SolProp,-2.27913980316652,-2.120738983154297
SolProp,-2.35637631881659,-2.4193034172058105
SolProp,-2.21044501489052,-2.188534736633301
SolProp,-2.28008621410701,-2.148200273513794
SolProp,-2.19115484464609,-2.1201670169830322
SolProp,-2.09914617315398,-2.413444995880127
SolProp,-2.076836715787,-2.110201358795166
SolProp,-1.90218976627082,-1.7122973203659058
SolProp,-2.03101617229729,-1.9680534601211548
SolProp,-2.18637859291029,-2.035721778869629
SolProp,-2.02236171629733,-2.3110299110412598
SolProp,-2.24796311983501,-2.3418166637420654
SolProp,-2.13024550142064,-2.129930019378662
SolProp,-1.81042187196199,-1.6452374458312988
SolProp,-2.17236834468147,-2.7380850315093994
SolProp,-2.10974971259186,-1.9620615243911743
SolProp,-1.7337656716835,-1.534679889678955
SolProp,-2.13016681999335,-2.272387742996216
SolProp,-2.00255883878498,-2.0770516395568848
SolProp,-2.05397316338977,-2.6446638107299805
SolProp,-2.03481304248048,-1.8979816436767578
SolProp,-1.89440297412374,-2.6389856338500977
SolProp,-1.97047989663199,-1.785110354423523
SolProp,-2.01041462767027,-2.1104366779327393
SolProp,-1.95644762292296,-2.5558762550354004
SolProp,-1.90207579967036,-1.992876410484314
SolProp,-1.82137798518935,-2.5530052185058594
SolProp,-1.8210805016959,-1.924756646156311
SolProp,-1.87626100191539,-2.441267251968384
SolProp,-1.72180874477574,-2.4710230827331543
SolProp,-1.75436676575487,-1.8550312519073486
SolProp,-1.65466509262094,-2.3810157775878906
SolProp,-1.77584484951178,-2.34354567527771
SolProp,-1.6924035428917,-1.8031712770462036
SolProp,-1.72220074640176,-2.2493765354156494
SolProp,-1.63407148786963,-1.7150015830993652
SolProp,-1.55804758032557,-2.2808306217193604
SolProp,-1.64746468886611,-2.165560245513916
SolProp,-1.5029616700291,-2.1845695972442627
SolProp,-1.56947111792098,-1.6181049346923828
SolProp,-1.58903404167632,-2.077256679534912
SolProp,-1.51184402137626,-1.5298802852630615
SolProp,-1.43371565539111,-2.0823733806610107
SolProp,-1.51286034877748,-1.997913122177124
SolProp,-1.37445905910059,-1.99215567111969
SolProp,-1.43479288330314,-1.8563122749328613
SolProp,-1.29936901743279,-1.9155857563018799
SolProp,-1.24109927960533,-1.8480987548828125
SolProp,0.425009079338141,-0.05043816566467285
SolProp,0.44296362466558,0.001988336443901062
SolProp,0.458219950963018,0.07032152265310287
SolProp,0.474663759767583,0.13075090944766998
SolProp,0.49077778501906,0.21524974703788757
SolProp,0.509332657268577,0.29288026690483093
SolProp,0.523416109075722,0.377051442861557
SolProp,0.535786096380729,0.4341558814048767
SolProp,0.553065746367969,0.4786076545715332
SolProp,0.564313584003569,0.5205814242362976
SolProp,0.593893334461884,0.5792773962020874
SolProp,-2.11504203289932,-1.9344841241836548
SolProp,-2.07531386516824,-1.8818271160125732
SolProp,-2.06742171179632,-1.8333288431167603
SolProp,-2.05907702455514,-1.7929344177246094
SolProp,-1.99288396431983,-1.7419816255569458
SolProp,-1.99420140963165,-1.6804516315460205
SolProp,-1.9285353144117,-1.6355786323547363
SolProp,-1.76869343982094,-1.7214757204055786
SolProp,-1.84262727913247,-1.985459804534912
SolProp,-1.73167838833896,-1.6659177541732788
SolProp,-1.87707012362016,-1.5793285369873047
SolProp,-1.85154410307053,-1.9184319972991943
SolProp,-1.82678472628859,-1.9287326335906982
SolProp,-1.84322824249233,-1.5201358795166016
SolProp,-1.68439643190812,-1.7030255794525146
SolProp,-1.79075007161494,-1.8658801317214966
SolProp,-1.74958079793063,-1.8753808736801147
SolProp,-1.76757407345707,-1.818166971206665
SolProp,-1.76830570809784,-1.7785831689834595
SolProp,-1.61401840856931,-1.6483306884765625
SolProp,-1.61153983067474,-1.6119872331619263
SolProp,-1.60396634739877,-1.6286120414733887
SolProp,-1.73633147638894,-1.732162594795227
SolProp,-1.67800415255564,-1.830633521080017
SolProp,-1.56404930942223,-1.5793049335479736
SolProp,-1.68151474380511,-1.670739769935608
SolProp,-1.53891900536903,-1.5403631925582886
SolProp,-1.53545673397365,-1.5944510698318481
SolProp,-1.61489278153156,-1.7794932126998901
SolProp,-1.6009567963458,-1.7025163173675537
SolProp,-1.60497971833175,-1.6507724523544312
SolProp,-1.61125024788132,-1.5861133337020874
SolProp,-1.59782926456075,-1.6284253597259521
SolProp,-1.43571559392005,-1.5548572540283203
SolProp,-1.59221007017633,-1.5226938724517822
SolProp,-1.55017097376662,-1.5737416744232178
SolProp,-1.50918830337403,-2.0042872428894043
SolProp,-1.39578325557803,-1.4702235460281372
SolProp,-1.3766507633053,-1.4849579334259033
SolProp,-1.47983107589025,-1.9500751495361328
SolProp,-1.37156958075532,-1.4219087362289429
SolProp,-1.45943536496507,-1.898146629333496
SolProp,-1.3521527501767,-1.4360172748565674
SolProp,-1.45452176695408,-1.8538074493408203
SolProp,-1.44812679329909,-1.8036515712738037
SolProp,-1.45948869922258,-1.7263386249542236
SolProp,-1.47740931696145,-1.5195549726486206
SolProp,-1.29996475213246,-1.377982258796692
SolProp,-1.41959210077718,-1.6746166944503784
SolProp,-1.26763984696064,-1.3200145959854126
SolProp,-1.25867581280592,-1.3669919967651367
SolProp,-1.2283174822762,-1.3113869428634644
SolProp,-1.34938073494746,-1.605625033378601
SolProp,-1.32179107193798,-1.5425924062728882
SolProp,-0.441320163149635,-0.14470291137695312
SolProp,-0.33848767228481,-0.0843813344836235
SolProp,-0.233066209765722,-0.015724848955869675
SolProp,-0.028094075020083,-0.12271422147750854
SolProp,-3.13849283421731,0.05452340841293335
SolProp,0.025548965415276,-0.0674254521727562
SolProp,-0.071400043732367,0.12510639429092407
SolProp,0.20272718218598,0.23415932059288025
SolProp,0.074538557616055,0.004590524360537529
SolProp,0.11362257349446,0.07253504544496536
SolProp,0.258756436557423,0.2769419550895691
SolProp,-0.004700637572574,0.18501415848731995
SolProp,0.291664044784231,0.3346753716468811
SolProp,0.177160920745374,0.1354624330997467
SolProp,0.078527374382836,0.21970441937446594
SolProp,0.348692754457901,0.40409356355667114
SolProp,0.232157113449581,0.20425903797149658
SolProp,0.15199986355614,0.28436583280563354
SolProp,0.416666715317457,0.4570842981338501
SolProp,0.305435479840567,0.2589527666568756
SolProp,0.46434394970005,0.5019502639770508
SolProp,0.234951819111746,0.3474830985069275
SolProp,0.362996675301431,0.3144257068634033
SolProp,0.531720607739493,0.5376071333885193
SolProp,0.583715320316793,0.5653139352798462
SolProp,0.450844434757871,0.36712968349456787
SolProp,0.630983738866527,0.6108884811401367
SolProp,-3.32885894885814,-2.6385915279388428
SolProp,-3.24771397595765,-2.655431032180786
SolProp,-3.15594775422273,-2.517241954803467
SolProp,-3.0741110261559,-2.577998161315918
SolProp,-2.88473624817715,-2.5043301582336426
SolProp,-2.93692309616013,-2.4330179691314697
SolProp,-2.69097090756801,-2.4093544483184814
SolProp,-2.75400878679677,-2.3477396965026855
SolProp,-2.75900663261804,-2.645881175994873
SolProp,-2.61338845836934,-2.2435052394866943
SolProp,-2.52793806362027,-2.310178518295288
SolProp,-2.60337635750124,-2.514335870742798
SolProp,-2.47224944166426,-2.4246091842651367
SolProp,-2.41387879239967,-2.0770092010498047
SolProp,-2.33092785172081,-2.1721553802490234
SolProp,-2.33275281198479,-2.3346691131591797
SolProp,-2.23832981457772,-1.9886363744735718
SolProp,-2.14343372944437,-2.08309268951416
SolProp,-2.18279894110344,-2.220123291015625
SolProp,-2.07781158876462,-1.924808144569397
SolProp,-1.95013895917298,-2.011972665786743
SolProp,-2.05340546562657,-2.0548181533813477
SolProp,-1.92922612465867,-1.8572252988815308
SolProp,-1.81565845636958,-1.9318044185638428
SolProp,-1.91817388847519,-1.974570631980896
SolProp,-1.807248528766,-1.7848565578460693
SolProp,-1.68502318019022,-1.8493081331253052
SolProp,-1.79768423317878,-1.9173760414123535
SolProp,-1.69583739693673,-1.866515874862671
SolProp,-1.57814152000087,-1.7924911975860596
SolProp,-0.850454397800249,-0.8727908730506897
SolProp,-0.724115858156409,-0.8391174077987671
SolProp,-0.592375608201952,-0.7685144543647766
SolProp,-0.478432786730053,-0.7112917304039001
SolProp,-0.347974945440083,-0.6578230261802673
SolProp,-0.235588914892274,0.2570999562740326
SolProp,-0.177064896607822,-0.10715678334236145
SolProp,-0.125901366692142,-0.19422155618667603
SolProp,-0.23182684318837,-0.6161898970603943
SolProp,0.060377754827651,-0.264918714761734
SolProp,-0.093787802818941,0.2924214005470276
SolProp,-0.066872294706206,-0.01326846145093441
SolProp,-0.059591462523545,-0.10095367580652237
SolProp,-0.080611643577923,-0.19844728708267212
SolProp,0.116401374646085,-0.176413893699646
SolProp,-0.01900113670251,-0.054645031690597534
SolProp,-0.114863029405791,-0.5620074272155762
SolProp,0.180577893645487,-0.08343306183815002
SolProp,0.004294634292636,-0.16264858841896057
SolProp,0.039683252831998,0.07756774127483368
SolProp,0.030134644596855,0.3617435395717621
SolProp,0.067527147951703,-0.023762300610542297
SolProp,0.055878932444671,0.000970965251326561
SolProp,0.03745102070295,-0.16264845430850983
SolProp,0.242488186854913,0.004369895905256271
SolProp,0.079861218620916,-0.08654885739088058
SolProp,0.101650537664627,-0.08654884994029999
SolProp,0.007474466350065,-0.4924306869506836
SolProp,0.138939217736145,0.15196509659290314
SolProp,0.304139314501432,0.10892675071954727
SolProp,0.161890988812357,0.04141391068696976
SolProp,0.147729599773029,0.43133047223091125
SolProp,0.16024302043088,0.0797935202717781
SolProp,0.347420573788668,0.20755472779273987
SolProp,0.170138526953765,-0.013067632913589478
SolProp,0.222470041477904,0.22208908200263977
SolProp,0.239813841376263,0.10740696638822556
SolProp,0.38969324094732,0.2853320240974426
SolProp,0.135252924630196,-0.4484492242336273
SolProp,0.259447412864609,0.4986421763896942
SolProp,0.271801291634649,0.162665456533432
SolProp,0.431271908454545,0.36013951897621155
SolProp,0.263376643763792,0.07156035304069519
SolProp,0.29615510149737,0.32277294993400574
SolProp,0.316294249408862,0.17277616262435913
SolProp,0.289392307431307,0.07156025618314743
SolProp,0.468291879181594,0.42987021803855896
SolProp,0.501354705962712,0.5102361440658569
SolProp,0.367856859419968,0.269755095243454
SolProp,0.389908079170948,0.23631680011749268
SolProp,0.25350646100353,-0.41087737679481506
SolProp,0.351458610605225,0.12604638934135437
SolProp,0.375778106599138,0.5495489835739136
SolProp,0.399426082218827,0.4193330705165863
SolProp,0.456788744695542,0.2977052330970764
SolProp,0.449018419145755,0.15357258915901184
SolProp,0.478120330561152,0.36599549651145935
SolProp,0.48939116540448,0.5923382639884949
SolProp,0.519145047420877,0.3598116636276245
SolProp,0.527664854633351,0.5131590366363525
SolProp,0.543677866326788,0.35981181263923645
SolProp,0.539788272905302,0.1662983000278473
SolProp,0.580821623872014,0.4081040918827057
SolProp,0.549941235847776,0.16629838943481445
SolProp,0.589920271621747,0.4081040322780609
SolProp,0.581000365556703,0.45946812629699707
SolProp,0.599276684089445,0.6354741454124451
SolProp,0.642737440773419,0.4543982744216919
SolProp,0.659172798143046,0.597925066947937
SolProp,0.693307825517804,0.5495803356170654
SolProp,0.682047993019167,0.20955020189285278
SolProp,0.709381976673135,0.6671867370605469
SolProp,0.801243433477627,0.6516965627670288
SolProp,0.825433297901527,0.6973369717597961
SolProp,0.841451346995606,0.6066344380378723
SolProp,0.82838287186831,0.2755955457687378
SolProp,-2.36935282980879,-2.7189347743988037
SolProp,-2.31748826558151,-2.611330032348633
SolProp,-2.2415139817239,-2.5010287761688232
SolProp,-2.1847399435844,-2.3676724433898926
SolProp,-2.11359172411132,-2.2638697624206543
SolProp,-2.00475405042999,-2.16056752204895
SolProp,-1.93243696047442,-2.066667079925537
SolProp,-2.00613520713573,-2.0803096294403076
SolProp,-1.87547408003006,-1.9881600141525269
SolProp,-1.97846364505281,-1.992361068725586
SolProp,-1.9382037913762,-1.9060330390930176
SolProp,-1.90903419902332,-1.8129870891571045
SolProp,-1.75648492075704,-1.9029940366744995
SolProp,-1.86764245610391,-1.7308613061904907
SolProp,-1.82111121134842,-1.6492791175842285
SolProp,-1.67974333128632,-1.8198826313018799
SolProp,-1.83618207398558,-1.6288106441497803
SolProp,-1.91241336556013,-1.9300806522369385
SolProp,-1.76003090202136,-1.5672374963760376
SolProp,-1.81135573910752,-1.5631219148635864
SolProp,-1.60735847989028,-1.7342976331710815
SolProp,-1.76026819914512,-1.4927020072937012
SolProp,-1.7682477238014,-1.8569679260253906
SolProp,-1.68649882828674,-1.4891812801361084
SolProp,-1.73554394964377,-1.4192163944244385
SolProp,-1.80798151273244,-1.8347800970077515
SolProp,-1.69854175489834,-1.3536927700042725
SolProp,-1.72295425534214,-1.7565152645111084
SolProp,-1.595841240145,-1.6784876585006714
SolProp,-1.60810038994349,-1.419761300086975
SolProp,-1.65859957504645,-1.2853699922561646
SolProp,-1.66053249727803,-1.8060084581375122
SolProp,-1.6374674603558,-1.2364954948425293
SolProp,-1.65629465310846,-1.677473545074463
SolProp,-1.63984274123947,-1.7131130695343018
SolProp,-1.55603985130046,-1.753379464149475
SolProp,-1.55387275367447,-1.3440784215927124
SolProp,-1.606623080205,-1.1463450193405151
SolProp,-1.52463069934863,-1.5911866426467896
SolProp,-1.68573228197606,-1.7609200477600098
SolProp,-1.59725927517617,-1.6436761617660522
SolProp,-1.59562545679964,-1.596991777420044
SolProp,-1.58034459842991,-1.844582200050354
SolProp,-1.5597201591256,-1.0462560653686523
SolProp,-1.48277675578806,-1.6576943397521973
SolProp,-1.5553662144172,-1.7444195747375488
SolProp,-1.62579766832373,-1.682601809501648
SolProp,-1.53369483659511,-0.992453396320343
SolProp,-1.54340038461915,-1.5709587335586548
SolProp,-1.45480613378321,-1.5193517208099365
SolProp,-1.3183612502761,-1.464922308921814
SolProp,-1.51335973795673,-1.6644935607910156
SolProp,-1.42966613460849,-1.5773823261260986
SolProp,-1.50445210366452,-1.5041948556900024
SolProp,-1.47984724143968,-1.5830414295196533
SolProp,-1.54881078733756,-1.5854567289352417
SolProp,-1.37303050799466,-1.443163275718689
SolProp,-1.45067024296395,-1.4833431243896484
SolProp,-1.44974002983667,-1.4442434310913086
SolProp,-1.23128925734195,-1.388224720954895
SolProp,-1.34181099282334,-1.4942444562911987
SolProp,-1.33181457944463,-1.349355936050415
SolProp,-1.39957511068427,-1.490759253501892
SolProp,-1.46976040948349,-1.521156907081604
SolProp,-0.663102237990897,-0.4732472002506256
SolProp,-1.36287203104597,-1.4232364892959595
SolProp,-1.35534982099482,-1.3854097127914429
SolProp,-1.2688179120653,-1.3974257707595825
SolProp,-1.14632188095236,-1.322227954864502
SolProp,-1.42177367340828,-1.4607800245285034
SolProp,-1.33181487746143,-1.430445671081543
SolProp,-1.23813679430676,-1.2852634191513062
SolProp,-0.952635592345021,-1.0262033939361572
SolProp,-0.585353470803218,-0.4163453280925751
SolProp,-1.30380152813814,-1.3239772319793701
SolProp,-1.28838254936811,-1.3678791522979736
SolProp,-1.3575251978257,-1.3995712995529175
SolProp,-1.0700819005041,-1.2468706369400024
SolProp,-1.18283107309177,-1.331081509590149
SolProp,-1.24913263469394,-1.3018146753311157
SolProp,-1.24771166500595,-1.3716319799423218
SolProp,-0.878566095835668,-0.9588924646377563
SolProp,-1.15054227099267,-1.2291204929351807
SolProp,-1.30975546400041,-1.3513340950012207
SolProp,-0.519140938691238,-0.35891351103782654
SolProp,-1.21998638091455,-1.2708669900894165
SolProp,-1.11712659135104,-1.2706615924835205
SolProp,-1.19036270825229,-1.24651300907135
SolProp,-1.09285182525437,-1.1634771823883057
SolProp,-0.974575662717723,-1.1532800197601318
SolProp,-0.805890822691504,-0.8985435962677002
SolProp,-0.449711636799244,-0.30958762764930725
SolProp,-1.16722543375381,-1.3105249404907227
SolProp,-1.22401023607697,-1.310922622680664
SolProp,-1.14168577722684,-1.2225898504257202
SolProp,-1.05726436826495,-1.2044857740402222
SolProp,-0.92667149447488,-1.0924702882766724
SolProp,-1.1242012103709,-1.1920325756072998
SolProp,-1.02345762981304,-1.1043858528137207
SolProp,-1.1089132146853,-1.2568364143371582
SolProp,-0.730086334020374,-0.8508501052856445
SolProp,-0.364622737623326,-0.24078476428985596
SolProp,-1.12885380353218,-1.2177672386169434
SolProp,-0.986200357369597,-1.1459524631500244
SolProp,-1.0671565208128,-1.129008412361145
SolProp,-1.05896449586927,-1.2069464921951294
SolProp,-0.849941546363224,-1.0354713201522827
SolProp,-0.315675390085623,-0.18583372235298157
SolProp,-1.03580822832489,-1.0940035581588745
SolProp,-0.945079824580529,-1.0492544174194336
SolProp,-0.929021003490841,-1.089659571647644
SolProp,-0.628838320273599,-0.7924665212631226
SolProp,-0.796690236038102,-0.9754091501235962
SolProp,-0.881828847916807,-0.9628286957740784
SolProp,-0.971223545420376,-1.1139891147613525
SolProp,-0.245269182806997,-0.10675570368766785
SolProp,-0.573563974281875,-0.7395710945129395
SolProp,-0.74014264039288,-0.915018618106842
SolProp,-0.857669129977967,-0.9929971694946289
SolProp,-0.183892474037377,-0.033416226506233215
SolProp,-0.519820193015531,-0.7021728157997131
SolProp,-0.67576388408839,-0.8650494813919067
SolProp,-0.10967167164129,0.025989137589931488
SolProp,-0.634721313087864,-0.7889718413352966
SolProp,-0.454134970668163,-0.6653767228126526
SolProp,-0.04512019362085,0.07056714594364166
SolProp,-0.38514976785951,-0.6192775964736938
SolProp,0.022903871601725,0.14000742137432098
SolProp,-0.316280375185295,-0.557492196559906
SolProp,-0.263325798466875,-0.48529475927352905
SolProp,-4.39564024661193,-3.5553624629974365
SolProp,-4.15318525806065,-3.482370615005493
SolProp,-3.91069893030908,-3.408442735671997
SolProp,-3.74005184893097,-3.3313870429992676
SolProp,-3.64751889196869,-3.2256104946136475
SolProp,-3.62261314540665,-3.87937593460083
SolProp,-3.58987235712125,-3.7769830226898193
SolProp,-3.27613142020476,-3.068408727645874
SolProp,-3.54408159503323,-3.695425271987915
SolProp,-3.48091929146818,-3.1277682781219482
SolProp,-3.46176291950076,-3.616809368133545
SolProp,-3.15114756154478,-3.002314805984497
SolProp,-3.4095667706784,-3.4830453395843506
SolProp,-3.38259116708889,-3.0134451389312744
SolProp,-3.38120094263688,-3.382610559463501
SolProp,-3.35061451278604,-3.2866604328155518
SolProp,-3.04216195183042,-2.954223394393921
SolProp,-3.29917089522224,-2.9134109020233154
SolProp,-3.30229182090852,-3.2069809436798096
SolProp,-3.14592230608011,-3.639298677444458
SolProp,-3.14251545355904,-3.551790237426758
SolProp,-2.96124071435421,-2.9136955738067627
SolProp,-3.10698118181466,-3.481341600418091
SolProp,-3.23197469429116,-3.126753568649292
SolProp,-3.07608735963947,-3.4072000980377197
SolProp,-2.91630601827288,-2.8136823177337646
SolProp,-3.01383532238087,-3.2891931533813477
SolProp,-2.8535706195251,-2.7137956619262695
SolProp,-2.99279591035384,-3.1893858909606934
SolProp,-2.8061693297108,-2.6133649349212646
SolProp,-2.96253776618305,-3.088646173477173
SolProp,-2.77259823596828,-2.551891326904297
SolProp,-2.92186150982474,-3.009308338165283
SolProp,-2.74339100628772,-2.476550817489624
SolProp,-2.89435178006941,-2.931094169616699
SolProp,-0.155067799653719,0.16996151208877563
SolProp,-0.10653209722539,0.20083056390285492
SolProp,-0.064475654879209,0.24169135093688965
SolProp,-0.019154344295608,0.2983522117137909
SolProp,0.02698221049361,0.3680834472179413
SolProp,0.074009646171115,0.4333308935165405
SolProp,0.120678779418488,0.49364835023880005
SolProp,0.167097082144544,0.5520294904708862
SolProp,0.217731607390376,0.6081114411354065
SolProp,-3.3132745103354,-2.755983829498291
SolProp,-3.25745713594194,-2.5626702308654785
SolProp,-3.33346962832752,-2.798370838165283
SolProp,-3.05727682421665,-2.592135190963745
SolProp,-2.971931218753,-3.0840132236480713
SolProp,-2.92238302117093,-2.639178514480591
SolProp,-2.80091926399008,-2.382319688796997
SolProp,-2.80858477043704,-2.4063615798950195
SolProp,-2.78346311398779,-2.925396203994751
SolProp,-2.70214177687383,-2.472850799560547
SolProp,-2.62850349572144,-2.2103123664855957
SolProp,-2.66355695586124,-2.746162176132202
SolProp,-2.56572801717912,-2.5615828037261963
SolProp,-2.48151454431718,-2.0616486072540283
SolProp,-2.48895104570793,-2.285386085510254
SolProp,-2.47017320523664,-2.4009077548980713
SolProp,-2.32981057310526,-2.2024922370910645
SolProp,-2.10300370178612,-2.563282012939453
SolProp,-2.33152386413023,-2.135389566421509
SolProp,-2.24951443636809,-2.1386349201202393
SolProp,-2.15654743623793,-2.0718834400177
SolProp,-2.07449093590308,-1.7382972240447998
SolProp,-1.94350511330873,-2.021571636199951
SolProp,-1.99426762756528,-1.8924766778945923
SolProp,-1.94831831161447,-1.5474334955215454
SolProp,-1.62235718769093,-2.3390467166900635
SolProp,-1.80827287236262,-1.5165390968322754
SolProp,-1.77500025673156,-1.7091234922409058
SolProp,-1.74648366220214,-1.7446457147598267
SolProp,-1.70591649813866,-1.3193484544754028
SolProp,-1.61204017385983,-1.8697341680526733
SolProp,-1.32351498213366,-2.1604418754577637
SolProp,-1.55380199852123,-1.5106086730957031
SolProp,-1.51935336132677,-1.6162389516830444
SolProp,-1.44318413295276,-1.5862348079681396
SolProp,-1.3721327582333,-1.3896126747131348
SolProp,-1.40800169207877,-1.1704939603805542
SolProp,-1.3291258179435,-1.3092422485351562
SolProp,-1.07551151557543,-1.9827353954315186
SolProp,-1.17793397998704,-1.2759724855422974
SolProp,-1.19403923345688,-1.1667475700378418
SolProp,-1.27276227324652,-1.2874038219451904
SolProp,-0.988553707216395,-1.9737335443496704
SolProp,-0.912817114016817,-1.8779006004333496
SolProp,-0.978254478037771,-1.0663230419158936
SolProp,-0.982813628073121,-0.9933230876922607
SolProp,-1.06122696721712,-1.137690782546997
SolProp,-1.04361469912973,-1.0804733037948608
SolProp,-1.00233802370692,-0.9929381608963013
SolProp,-0.785617949439924,-0.7000298500061035
SolProp,-0.794731999591522,-1.8967373371124268
SolProp,-0.903049473681936,-0.9606544375419617
SolProp,-0.79506530700917,-0.8477150201797485
SolProp,-0.872171661249231,-0.9321003556251526
SolProp,-0.663276382392647,-0.5338260531425476
SolProp,-0.687458838883105,-1.7889504432678223
SolProp,-0.774622553776979,-0.8223943710327148
SolProp,-0.596824469264885,-1.6909575462341309
SolProp,-0.736355641367774,-0.7650375962257385
SolProp,-0.603257423671513,-0.7008683085441589
SolProp,-0.528649485597847,-1.5803331136703491
SolProp,-0.477598972920351,-0.368601530790329
SolProp,-0.398727372971439,-0.5414990186691284
SolProp,-0.276964226536326,-0.21949782967567444
SolProp,0.086211440318241,0.20908641815185547
SolProp,-0.087563199957969,-0.09797544777393341
SolProp,0.212745830079925,0.32871830463409424
SolProp,0.698213352430064,0.6197007894515991
SolProp,0.347650710997402,0.4440811574459076
SolProp,0.807967650632838,0.741632878780365
SolProp,0.483588187495582,0.5497686862945557
SolProp,0.893173368560028,0.8741017580032349
SolProp,0.594967889317892,0.6225790977478027
SolProp,0.982446318977052,1.0169577598571777
SolProp,1.10441905931409,1.1435115337371826
SolProp,-1.23528625244654,-0.9446417093276978
SolProp,-1.12922726123967,-0.8410052061080933
SolProp,-1.03826211710113,-0.7523791790008545
SolProp,-0.948162575811474,-0.6425637006759644
SolProp,-1.03762245997069,-0.8844568133354187
SolProp,-0.848622952604788,-0.5364688038825989
SolProp,-0.932909445145204,-0.7699422836303711
SolProp,-0.744044325728816,-0.44180506467819214
SolProp,-0.824747873532118,-0.6729168891906738
SolProp,-0.680512811267417,-0.6163358688354492
SolProp,-0.643651943783844,-0.37819886207580566
SolProp,-0.750179915454698,-0.5067949295043945
SolProp,-0.579615034328969,-0.5224123001098633
SolProp,-0.696613444956353,-0.5818372964859009
SolProp,-0.408824359597585,-0.565687894821167
SolProp,-0.669332799030773,-0.4226992130279541
SolProp,-0.535504610557729,-0.29435181617736816
SolProp,-0.732846514276557,-0.6691166162490845
SolProp,-0.604565770239923,-0.6232818961143494
SolProp,-0.489139841007731,-0.4310440421104431
SolProp,-0.583970044055743,-0.35145819187164307
SolProp,-0.303472515089568,-0.4497395157814026
SolProp,-0.417051680690693,-0.2053617686033249
SolProp,-0.566964554856312,-0.47157740592956543
SolProp,-0.660160102257393,-0.5892933011054993
SolProp,-0.552611472345057,-0.4953466057777405
SolProp,-0.619240153531577,-0.6819745898246765
SolProp,-0.668496340159348,-0.7031755447387695
SolProp,-0.499334773983309,-0.2746051549911499
SolProp,-0.392847924626149,-0.3390669822692871
SolProp,-0.483004778828216,-0.5295449495315552
SolProp,-0.587702481753574,-0.5157521367073059
SolProp,-0.189841937291504,-0.3499482274055481
SolProp,-0.456792710805651,-0.3763592839241028
SolProp,-0.51795506897328,-0.5799209475517273
SolProp,-0.441493551713067,-0.39054009318351746
SolProp,-0.411570740643502,-0.19096969068050385
SolProp,-0.563758873969833,-0.6058168411254883
SolProp,-0.292931117444203,-0.23696564137935638
SolProp,-0.509294350084111,-0.44932878017425537
SolProp,-0.367388386810574,-0.4451390206813812
SolProp,-0.378449975164114,-0.27958858013153076
SolProp,-0.424562339714068,-0.4874880611896515
SolProp,-0.06173543842919,-0.24641673266887665
SolProp,-0.316685524337876,-0.12717805802822113
SolProp,-0.428502004719394,-0.3659796714782715
SolProp,-0.464811980551371,-0.5156614780426025
SolProp,-0.32122536772183,-0.3089269995689392
SolProp,-0.180875236565843,-0.16174158453941345
SolProp,-0.269017076804564,-0.3620578944683075
SolProp,-0.281832249754411,-0.2029932737350464
SolProp,-0.32362935678132,-0.4023984670639038
SolProp,-0.34625908469792,-0.2971791625022888
SolProp,-0.217049832443583,-0.06493760645389557
SolProp,-0.365288316572859,-0.43270280957221985
SolProp,0.066313759683224,-0.14512746036052704
SolProp,-0.194391928571437,-0.11288729310035706
SolProp,-0.180882717291853,-0.26137909293174744
SolProp,-0.19084058024754,-0.20018553733825684
SolProp,-0.066050115834671,-0.06728784739971161
SolProp,-0.26000322278081,-0.2200559675693512
SolProp,-0.221993099125892,-0.3016311526298523
SolProp,-0.115549631242769,0.014024980366230011
SolProp,-0.265188326172874,-0.33116960525512695
SolProp,-0.114479119997126,-0.0438021719455719
SolProp,-0.092441453287977,-0.18695631623268127
SolProp,0.189091691660021,-0.0630023330450058
SolProp,-0.174444162857339,-0.14588339626789093
SolProp,0.051555136418294,0.03345562517642975
SolProp,-0.123235952397013,-0.22867625951766968
SolProp,-0.043036410598309,-0.10882168263196945
SolProp,-0.17643652502676,-0.2570265531539917
SolProp,-0.029327081063446,0.02005963772535324
SolProp,-0.01517134349444,0.0882730782032013
SolProp,0.010583621385447,-0.10812458395957947
SolProp,-0.086577843300237,-0.0814918577671051
SolProp,0.305706522852138,0.028772279620170593
SolProp,-0.032039429747814,-0.14732371270656586
SolProp,0.167445677376718,0.10477390885353088
SolProp,0.056570974033211,0.11454857885837555
SolProp,-0.086939381006255,-0.17943835258483887
SolProp,0.116712893217708,0.004242222756147385
SolProp,0.054626664682346,-0.04063041880726814
SolProp,0.417223991195881,0.1386984884738922
SolProp,0.145474198125931,0.1582636535167694
SolProp,0.012147214857125,-0.07884174585342407
SolProp,0.213966153040008,0.09373772144317627
SolProp,0.141347318985044,0.04809291288256645
SolProp,0.502972668719509,0.2037600725889206
SolProp,0.097520528969613,-0.0014866068959236145
SolProp,-1.48085259101085,-1.5373280048370361
SolProp,-1.39926258550457,-1.4300813674926758
SolProp,-1.47683590514352,-1.5281336307525635
SolProp,-1.1618295798931,-1.2700204849243164
SolProp,-1.27603629689192,-1.3268274068832397
SolProp,-1.34473743075105,-1.4652326107025146
SolProp,-1.41289933316623,-1.4781566858291626
SolProp,-0.976562847589922,-1.052208423614502
SolProp,-1.40569835756947,-1.4097747802734375
SolProp,-1.08758736064013,-1.1723453998565674
SolProp,-0.887652799015495,-0.9304479360580444
SolProp,-1.29800859015161,-1.3684507608413696
SolProp,-1.22367543335084,-1.364868402481079
SolProp,-1.13234442190133,-1.205309271812439
SolProp,-0.98159700459789,-1.0770004987716675
SolProp,-1.29202524695448,-1.3129445314407349
SolProp,-0.788287269968807,-0.8239056468009949
SolProp,-1.19026564290503,-1.2735342979431152
SolProp,-1.11129074715741,-1.264999270439148
SolProp,-0.876788943559573,-0.9752163290977478
SolProp,-0.971693541369686,-1.0377806425094604
SolProp,-0.683555339977833,-0.7313371896743774
SolProp,-1.1676808776696,-1.2206424474716187
SolProp,-1.08434696764626,-1.1731287240982056
SolProp,-0.99624198337198,-1.1546144485473633
SolProp,-0.766359552991484,-0.8403890132904053
SolProp,-0.576431234695985,-0.6077505946159363
SolProp,-0.847026004507916,-0.9282458424568176
SolProp,-0.949557866590823,-1.0187994241714478
SolProp,-0.872802558731289,-1.0007542371749878
SolProp,-0.996329049554189,-1.0651757717132568
SolProp,-0.646056262124661,-0.7203083634376526
SolProp,-0.457986758635871,-0.4862504005432129
SolProp,-0.669557024139785,-0.7989227771759033
SolProp,-0.814264196265377,-0.8996860980987549
SolProp,-0.739320642272287,-0.877271294593811
SolProp,-0.848211703295042,-0.9399205446243286
SolProp,-0.51798613163721,-0.5731416344642639
SolProp,-0.332420305178098,-0.3475687503814697
SolProp,-0.68795015476885,-0.7732040882110596
SolProp,-0.586321615947743,-0.7479097843170166
SolProp,-0.714963277884742,-0.818504810333252
SolProp,-0.369418638950606,-0.4208366870880127
SolProp,-0.48035558612075,-0.6261756420135498
SolProp,-0.191454104926718,-0.21059423685073853
SolProp,-0.524858584254373,-0.631278395652771
SolProp,-0.434685688435753,-0.5899659395217896
SolProp,-0.171652241281112,-0.33761119842529297
SolProp,-0.555702009798016,-0.6867014765739441
SolProp,-0.197623531686446,-0.2792327105998993
SolProp,-0.029306909610473,-0.08338069915771484
SolProp,-0.280804211197779,-0.5100134611129761
SolProp,-0.03550479178575,-0.20165002346038818
SolProp,-0.411597720989395,-0.5593264102935791
SolProp,-0.342240643584575,-0.49556034803390503
SolProp,-0.269278762497345,-0.45205843448638916
SolProp,0.110084542909532,-0.104227714240551
SolProp,-0.151361136163946,-0.4439258873462677
SolProp,0.02060400760173,-0.23209822177886963
SolProp,-0.069525130349727,-0.3577973246574402
SolProp,0.09317693345427,-0.1285914182662964
SolProp,0.27500722093514,-0.007128453813493252
SolProp,0.003089397521057,-0.2982286214828491
SolProp,0.163868430511174,-0.055203117430210114
SolProp,0.075656387169715,-0.22955818474292755
SolProp,0.375268693295007,0.12673479318618774
SolProp,0.23663870866145,0.0178522989153862
SolProp,0.228693331957618,0.21982745826244354
SolProp,0.145843238552708,-0.12851671874523163
SolProp,0.292333522329544,0.30283036828041077
SolProp,0.312707605441948,0.13509590923786163
SolProp,0.470263519521458,0.23067745566368103
SolProp,0.224496913168585,-0.04245460405945778
SolProp,0.351381716164358,0.36692914366722107
SolProp,0.382975806469644,0.23042847216129303
SolProp,0.561480688681289,0.3405153751373291
SolProp,0.411718787489474,0.4380263686180115
SolProp,0.306266314385486,0.05595005303621292
SolProp,0.452641655545514,0.32002589106559753
SolProp,0.470408541960434,0.5155977606773376
SolProp,0.647513248744392,0.45885419845581055
SolProp,0.378819784708034,0.14836636185646057
SolProp,0.519971709897488,0.41618162393569946
SolProp,0.527672184060648,0.5791316032409668
SolProp,0.44975167358821,0.22803805768489838
SolProp,0.726063741705906,0.5628098845481873
SolProp,0.581302689614106,0.5037863254547119
SolProp,0.586288215889426,0.6477101445198059
SolProp,0.64757041897985,0.712417721748352
SolProp,0.704679390059695,0.7664245963096619
SolProp,-2.11177629980895,-1.3032989501953125
SolProp,-1.96316325100599,-1.2116519212722778
SolProp,-1.80232161770082,-1.1315876245498657
SolProp,-1.66364993659769,-1.0424461364746094
SolProp,-1.53790080547851,-0.9259236454963684
SolProp,-1.42092725400101,-0.8404262661933899
SolProp,-1.30332956913729,-0.7429927587509155
SolProp,-1.18211186843963,-0.6416385173797607
SolProp,-1.09214083251095,-0.5578536987304688
SolProp,-1.99380610735837,-1.2250487804412842
SolProp,-1.82555497880077,-1.1395034790039062
SolProp,-1.69683828658548,-1.0567549467086792
SolProp,-1.56868904450053,-0.9567223191261292
SolProp,-1.4231007986746,-0.8410945534706116
SolProp,-1.31753560379578,-0.7644601464271545
SolProp,-1.199620357846,-0.6793540716171265
SolProp,-1.06901574018461,-0.5851157903671265
SolProp,-0.94771413731857,-0.5023022890090942
SolProp,-0.914210648346804,-0.6233101487159729
SolProp,-0.816261049068878,-0.562558114528656
SolProp,-0.747497018727812,-0.5044768452644348
SolProp,-0.660512636728959,-0.4311254024505615
SolProp,-0.590083387591733,-0.33019283413887024
SolProp,-0.496895152706781,-0.26795855164527893
SolProp,-0.411883298918031,-0.2096615880727768
SolProp,-0.314577251979036,-0.13145270943641663
SolProp,-0.215618170795869,-0.05043783783912659
SolProp,-1.70385864390029,-1.0748175382614136
SolProp,-1.59564975691789,-0.9924888014793396
SolProp,-1.4640663743824,-0.9168628454208374
SolProp,-1.36931147194261,-0.8201386332511902
SolProp,-1.26146780215207,-0.7030978798866272
SolProp,-1.18367243335136,-0.6154754757881165
SolProp,-1.08137224760871,-0.5268728137016296
SolProp,-0.959881637352776,-0.43516263365745544
SolProp,-0.87946110084553,-0.353739470243454
SolProp,-1.2602413362144,-1.0251648426055908
SolProp,-1.18133693769425,-1.0175762176513672
SolProp,-1.17041478629823,-0.9521602988243103
SolProp,-1.090104129289,-0.9521602988243103
SolProp,-1.08871562623721,-0.8764808773994446
SolProp,-1.00726810000875,-0.8764809370040894
SolProp,-0.977306194773719,-0.8086814880371094
SolProp,-0.926552070827334,-0.808681309223175
SolProp,-0.875014827938365,-0.738071084022522
SolProp,-0.858216660271285,-0.738071084022522
SolProp,-0.810503989285362,-0.6344601511955261
SolProp,-0.782762543218592,-0.6344600319862366
SolProp,-0.721359738659063,-0.5596096515655518
SolProp,-0.712641586697113,-0.5596096515655518
SolProp,-0.629789596766051,-0.4856646656990051
SolProp,-0.642915119941813,-0.48566487431526184
SolProp,-0.548602560269243,-0.39789018034935
SolProp,-0.449116048610222,-0.30834320187568665
SolProp,-1.54425604387132,-0.7635077834129333
SolProp,-1.45758880990686,-0.6770508885383606
SolProp,-1.39950987354843,-0.6770508885383606
SolProp,-1.21649418673887,-0.6095486283302307
SolProp,-1.23463594276133,-0.6095483303070068
SolProp,-1.107099689257,-0.5126470923423767
SolProp,-1.12115396819799,-0.5126471519470215
SolProp,-1.04664814462855,-0.37627458572387695
SolProp,-0.944206462905541,-0.29744288325309753
SolProp,-1.09948263132625,-0.5268728137016296
SolProp,-0.861116317486942,-0.21627649664878845
SolProp,-0.987336674350896,-0.43516263365745544
SolProp,-0.75435802845854,-0.13028793036937714
SolProp,-0.665383216654059,-0.03250095248222351
SolProp,-2.232688661421,-1.562490701675415
SolProp,-2.19764463250126,-1.619303584098816
SolProp,-2.11219707370501,-1.4529483318328857
SolProp,-2.25325215863943,-2.5834577083587646
SolProp,-2.09722350014552,-1.4980179071426392
SolProp,-2.09871203400991,-1.5171722173690796
SolProp,-1.99101405495228,-1.411831259727478
SolProp,-1.86920803350828,-1.2434427738189697
SolProp,-1.98514432955222,-1.3698872327804565
SolProp,-2.12737888073399,-2.4749581813812256
SolProp,-1.68721871771152,-0.9278444647789001
SolProp,-1.99908427093614,-1.396187663078308
SolProp,-1.98735528297722,-1.4307771921157837
SolProp,-1.89010379160587,-1.3076971769332886
SolProp,-1.89231561867833,-1.2794891595840454
SolProp,-1.76484959051616,-1.1516337394714355
SolProp,-1.59785430912143,-0.857138454914093
SolProp,-2.00201817939698,-2.362180233001709
SolProp,-1.89409456815452,-1.3032987117767334
SolProp,-1.79276389934318,-1.225048542022705
SolProp,-1.67651263283509,-1.0748177766799927
SolProp,-1.87165768921148,-1.3388104438781738
SolProp,-1.79023755704491,-1.1904382705688477
SolProp,-1.50594588841137,-0.7635077238082886
SolProp,-1.89973709574606,-2.2614262104034424
SolProp,-1.7895007604271,-1.2116515636444092
SolProp,-1.69781844805172,-1.1395035982131958
SolProp,-1.58110175648508,-0.9924888014793396
SolProp,-1.77340342323742,-1.2612754106521606
SolProp,-1.40746628570471,-0.6770508885383606
SolProp,-1.68326165715194,-1.0883842706680298
SolProp,-1.7954183351825,-2.1266040802001953
SolProp,-1.69192517317625,-1.1315876245498657
SolProp,-1.49587833417889,-0.9168627262115479
SolProp,-1.60279238966891,-1.0567551851272583
SolProp,-1.68044507780936,-1.170229196548462
SolProp,-1.31539721350859,-0.6095483303070068
SolProp,-1.58191680719019,-0.9711762070655823
SolProp,-1.40026596543644,-1.312467098236084
SolProp,-1.69096008000132,-2.0068600177764893
SolProp,-1.60236413327093,-1.0451858043670654
SolProp,-1.5920602025671,-1.0424458980560303
SolProp,-1.50487134958976,-0.9567222595214844
SolProp,-1.38672114298,-0.8201386332511902
SolProp,-1.50577319702332,-0.8964939713478088
SolProp,-1.21975936863244,-0.512647271156311
SolProp,-1.2969445559828,-1.2748574018478394
SolProp,-1.59352266334634,-1.5305557250976562
SolProp,-1.5271080928237,-0.9259235858917236
SolProp,-1.43428441006501,-0.841094434261322
SolProp,-1.59790675855053,-1.8832652568817139
SolProp,-1.32219308388796,-0.7030980587005615
SolProp,-1.52080829143471,-0.9599831104278564
SolProp,-1.42969707396049,-0.8155899047851562
SolProp,-1.14387711184682,-0.37627461552619934
SolProp,-1.52607444464645,-1.5202860832214355
SolProp,-1.45232451815988,-0.8404260873794556
SolProp,-1.36106418128769,-0.7644599676132202
SolProp,-1.19323190895348,-1.1812528371810913
SolProp,-1.434157752803,-0.8565154671669006
SolProp,-1.23198248754529,-0.6154754757881165
SolProp,-1.06940390024951,-0.2974429130554199
SolProp,-1.46886345365773,-1.4403231143951416
SolProp,-1.37023403362185,-0.7429926991462708
SolProp,-1.28064529242359,-0.679354190826416
SolProp,-1.41945055075424,-1.3750154972076416
SolProp,-1.16961240030327,-0.5268728137016296
SolProp,-1.10599648546736,-1.0862995386123657
SolProp,-0.992507220557517,-0.21627648174762726
SolProp,-1.45670260886343,-1.3469915390014648
SolProp,-1.18425083034958,-0.7020666003227234
SolProp,-1.35504984629229,-1.3055393695831299
SolProp,-1.01232566186722,-1.0024166107177734
SolProp,-1.28329058876151,-1.2253097295761108
SolProp,-1.36101427701783,-1.3133882284164429
SolProp,-1.09425252746236,-0.6791428327560425
SolProp,-1.22547990702406,-1.1180932521820068
SolProp,-1.30512037296117,-1.2478461265563965
SolProp,-0.890282538145683,-0.8960900902748108
SolProp,-1.01729828339436,-0.6233101487159729
SolProp,-1.15520966685408,-1.0258457660675049
SolProp,-0.825919712250457,-0.7897841334342957
SolProp,-1.21727269379329,-1.1732025146484375
SolProp,-0.924360744644253,-0.5625580549240112
SolProp,-1.09621622759359,-0.9310306906700134
SolProp,-1.14769743967519,-1.108981966972351
SolProp,-0.749394764046381,-0.7098237872123718
SolProp,-1.0838591124374,-1.0407392978668213
SolProp,-0.828101761770262,-0.5044770240783691
SolProp,-0.675294837155557,-0.6276647448539734
SolProp,-0.761111012999244,-0.4311255216598511
SolProp,-1.01353446162914,-0.9458508491516113
SolProp,-0.699895987573542,-0.3301927447319031
SolProp,-0.945630669392119,-0.8800305128097534
SolProp,-0.633677422715117,-0.26795831322669983
SolProp,-0.87735432335986,-0.8038178086280823
SolProp,-0.580421634780436,-0.20966170728206635
SolProp,-2.893876372116,-2.7218265533447266
SolProp,-2.80609169651804,-2.6432220935821533
SolProp,-2.71210036479904,-2.5737483501434326
SolProp,-2.63356463997726,-2.483628034591675
SolProp,-3.38601748604048,-2.8881301879882812
SolProp,-2.54139034192578,-2.3749701976776123
SolProp,-3.2611889647949,-2.733280897140503
SolProp,-2.44584647586339,-2.276686906814575
SolProp,-3.14179634511495,-2.8372039794921875
SolProp,-3.14767083662834,-2.6249866485595703
SolProp,-2.36685653360391,-2.1840507984161377
SolProp,-3.02890861536052,-2.6974658966064453
SolProp,-2.27924940393181,-2.057800054550171
SolProp,-3.04360432064728,-2.5279531478881836
SolProp,-2.21540359241605,-1.939002513885498
SolProp,-2.897466515545,-2.580270767211914
SolProp,-2.86563565614188,-2.8005690574645996
SolProp,-2.93498556006505,-2.4003961086273193
SolProp,-2.78114039600332,-2.4754509925842285
SolProp,-2.7597043381023,-2.6698622703552246
SolProp,-2.82121651639192,-2.299495220184326
SolProp,-2.68601842155368,-2.3602423667907715
SolProp,-2.65784903739748,-2.5656402111053467
SolProp,-2.70959761765075,-2.192464828491211
SolProp,-2.53373381734889,-2.5800511837005615
SolProp,-2.55996133652438,-2.242439031600952
SolProp,-2.54562799975528,-2.4603986740112305
SolProp,-2.60826148798419,-2.081411838531494
SolProp,-2.42114240679444,-2.4579389095306396
SolProp,-2.39929122098856,-2.4738123416900635
SolProp,-2.45367025524647,-2.147937059402466
SolProp,-2.52711776825615,-1.983483076095581
SolProp,-2.44379367677898,-2.3332760334014893
SolProp,-2.3188005808249,-2.345299243927002
SolProp,-2.32800494476784,-2.365165948867798
SolProp,-2.34444857370852,-2.2339186668395996
SolProp,-2.34607714238172,-2.0363943576812744
SolProp,-2.23124527319806,-2.2526748180389404
SolProp,-2.22250051271073,-2.265453577041626
SolProp,-2.17224900151093,-2.165879964828491
SolProp,-2.25975812982528,-1.9427229166030884
SolProp,-2.24215621470468,-2.131904363632202
SolProp,-2.1380205815985,-2.149280548095703
SolProp,-2.09954256608248,-2.0498435497283936
SolProp,-2.14273714647675,-2.0157153606414795
SolProp,-2.0252326758852,-1.9427902698516846
SolProp,-2.02586787899321,-2.0451033115386963
SolProp,-1.95973626603723,-1.8575940132141113
SolProp,-2.06016893136205,-2.322190999984741
SolProp,-2.04720018711816,-1.9138078689575195
SolProp,-2.0329891823277,-2.259582996368408
SolProp,-1.92466804024716,-1.9446088075637817
SolProp,-2.00266472224558,-2.208920955657959
SolProp,-1.89430906545511,-1.7732179164886475
SolProp,-1.96644707456163,-2.1254796981811523
SolProp,-1.9429629217796,-2.0734901428222656
SolProp,-1.82980606818378,-1.8339827060699463
SolProp,-1.80865523720332,-1.6433533430099487
SolProp,-1.91065357512506,-2.010594129562378
SolProp,-1.89126057980069,-1.959155559539795
SolProp,-1.86678516626287,-1.9213382005691528
SolProp,-1.74710297556304,-1.7379368543624878
SolProp,-1.85487020585802,-1.8893555402755737
SolProp,-1.57218847623144,-2.2337217330932617
SolProp,-1.53858791756111,-2.088404893875122
SolProp,-1.49764137352615,-1.985797643661499
SolProp,-1.4637899214271,-1.9124380350112915
SolProp,-1.43599384750007,-1.7952162027359009
SolProp,-1.42102089980362,-1.6919580698013306
SolProp,-1.39311859571533,-1.597930669784546
SolProp,-1.38045530418061,-1.5297796726226807
SolProp,-1.34278170473286,-1.4066824913024902
SolProp,-1.2387674355606,-1.4409388303756714
SolProp,-1.21076849120533,-1.3637973070144653
SolProp,-1.18405558899127,-1.3063191175460815
SolProp,-1.04701997411753,-1.549522876739502
SolProp,-1.1619584250763,-1.2443302869796753
SolProp,-1.02472766869414,-1.4918767213821411
SolProp,-1.14142490728265,-1.1682114601135254
SolProp,-1.00554902564285,-1.447995901107788
SolProp,-1.12042535709187,-1.1059048175811768
SolProp,-0.977077165698692,-1.3987160921096802
SolProp,-1.10179541536852,-1.0487631559371948
SolProp,-0.958065089543456,-1.3178236484527588
SolProp,-1.07165872729977,-1.0209410190582275
SolProp,-0.937155927345352,-1.2435576915740967
SolProp,-1.05213379206513,-0.9869085550308228
SolProp,-0.915062710369433,-1.1656790971755981
SolProp,-0.888365604217024,-1.0981746912002563
SolProp,-0.861811965396323,-1.029050588607788
SolProp,-3.29885645340751,-3.0444953441619873
SolProp,-3.24163126058574,-2.878598928451538
SolProp,-2.83336421591501,-2.662747621536255
SolProp,-2.86385630751696,-2.510765790939331
SolProp,-2.68598967494739,-2.5044660568237305
SolProp,-2.47291493680727,-2.3562684059143066
SolProp,-2.55784342565639,-2.357332468032837
SolProp,-2.42116938120013,-2.1638340950012207
SolProp,-2.29792283653662,-1.9860343933105469
SolProp,-2.212159906777,-1.8519378900527954
SolProp,-1.26981538508755,-1.956140398979187
SolProp,-1.11753544382492,-1.802587866783142
SolProp,-1.05413910645119,-1.6490212678909302
SolProp,-0.923969528183863,-1.533807635307312
SolProp,-0.813780961663324,-1.4330289363861084
SolProp,0.090047652966372,-1.2472981214523315
SolProp,0.170564651045101,-1.0826231241226196
SolProp,0.261922695378652,-0.9663427472114563
SolProp,0.355930168375502,-0.8735533952713013
SolProp,0.442809603409461,-0.8446453809738159
SolProp,1.10776851440807,0.4156424105167389
SolProp,1.15258016009736,0.6337414979934692
SolProp,1.20377662078876,0.7862948775291443
SolProp,1.24188466178551,0.9979581236839294
SolProp,1.28576284598346,1.1203504800796509
SolProp,-0.930628624652743,-0.7329378724098206
SolProp,-1.37170851566089,-1.0198705196380615
SolProp,-0.938802091587771,-1.1600497961044312
SolProp,-1.67366518073549,-1.02671480178833
SolProp,-0.173858032269388,-0.4308229684829712
SolProp,-1.62497252802307,-1.2420045137405396
SolProp,0.001723590891214,-0.3170841336250305
SolProp,-1.45477322049538,-1.0882692337036133
SolProp,-0.082837743972639,-0.3679114878177643
SolProp,-1.08092415005982,-1.3815033435821533
SolProp,-0.97210840397782,-0.7487044334411621
SolProp,-0.260929256641699,-0.5109307765960693
SolProp,-1.66556228543119,-1.3109683990478516
SolProp,0.075800036029141,-0.23975509405136108
SolProp,-1.0414500823448,-1.2508171796798706
SolProp,-1.29297023341732,-1.5834170579910278
SolProp,-0.744700680007495,-0.9905589818954468
SolProp,-0.45998877915932,-0.8398860096931458
SolProp,-1.54356855044448,-1.15687894821167
SolProp,-0.770546558616454,-1.0816634893417358
SolProp,-1.13380744187536,-0.6940820217132568
SolProp,0.412101463737777,0.007237819954752922
SolProp,-1.19890133502378,-0.8780480027198792
SolProp,-0.462333298403846,-0.736253023147583
SolProp,-1.60230193693933,-0.9763174653053284
SolProp,-1.42429402181812,-0.8588989973068237
SolProp,-0.979722701760375,-1.2958341836929321
SolProp,-1.11733032020252,-0.8346572518348694
SolProp,-1.31904411586422,-0.8006120324134827
SolProp,-0.647040811344632,-0.9195811748504639
SolProp,-0.665020584990609,-0.9941338896751404
SolProp,0.157786925284914,-0.16898131370544434
SolProp,-1.38628163983832,-1.675532341003418
SolProp,-0.258256666780373,-0.5109306573867798
SolProp,0.328214932363293,-0.05599771440029144
SolProp,0.329096077949666,-0.05599789321422577
SolProp,-1.72678706324504,-1.080739140510559
SolProp,-0.560010028330359,-0.9068983793258667
SolProp,-1.17527838064175,-1.4723340272903442
SolProp,-0.345601395208862,-0.5877907276153564
SolProp,-1.51650737210536,-0.92162024974823
SolProp,-0.366049076547622,-0.6762365102767944
SolProp,-0.176350858788207,-0.5331369042396545
SolProp,-1.22810839499314,-0.7675535082817078
SolProp,-1.28709801520762,-0.9401862621307373
SolProp,-0.277469651845685,-0.6043157577514648
SolProp,-0.837929351617366,-1.066652536392212
SolProp,-0.551582410480864,-0.8124926090240479
SolProp,-0.344511571595802,-0.5877906084060669
SolProp,-0.872855544547795,-1.1749122142791748
SolProp,-1.0497005738536,-0.7975316047668457
SolProp,0.244940062731151,-0.1106567531824112
SolProp,0.4077149476603,0.2860732972621918
SolProp,0.446752775435097,0.34270548820495605
SolProp,0.532976208643306,0.4846775531768799
SolProp,0.61627566421409,0.6650388836860657
SolProp,0.709507734892822,0.797051727771759
SolProp,0.797875847811446,0.9206851720809937
SolProp,0.054664565410516,-0.9494677186012268
SolProp,-0.266747417664171,-1.1543270349502563
SolProp,-0.104312448394917,-1.0709712505340576
SolProp,0.215731876084718,-0.8558560609817505
SolProp,0.42339095658858,-0.7632176876068115
SolProp,-8.55369424488663,-5.4230804443359375
SolProp,-8.32324532350835,-5.188811779022217
SolProp,-8.10653621354441,-4.997722625732422
SolProp,-7.71409368557606,-5.0081000328063965
SolProp,-7.92022578930704,-4.7779340744018555
SolProp,-7.2691571142278,-4.584373950958252
SolProp,-7.45368154082034,-4.77325963973999
SolProp,-7.74751427090274,-4.511955261230469
SolProp,-7.02413427758722,-3.9841148853302
SolProp,-7.00743685257375,-4.366837501525879
SolProp,-6.57438998902096,-4.327818870544434
SolProp,-6.80727747352836,-3.8045642375946045
SolProp,-6.07684062810322,-3.2212278842926025
SolProp,-5.35937675737823,-4.099662780761719
SolProp,-6.59047871664865,-3.629406452178955
SolProp,-6.71409368557606,-4.1347880363464355
SolProp,-6.79222431202103,-4.538959980010986
SolProp,-5.24486479723307,-3.931130886077881
SolProp,-6.32104770705637,-3.4494078159332275
SolProp,-6.38286849841266,-4.141834259033203
SolProp,-5.98935886605505,-2.919555187225342
SolProp,-6.23282458044001,-3.1440818309783936
SolProp,-6.10067832576422,-3.9357025623321533
SolProp,-5.88966042379955,-3.7282156944274902
SolProp,-5.09974371296742,-3.3189661502838135
SolProp,-5.60320410758617,-2.4973552227020264
SolProp,-5.77197855970869,-2.7071526050567627
SolProp,-4.94458636074738,-3.1053905487060547
SolProp,-5.46171881799784,-2.250554323196411
SolProp,-4.93778884106975,-3.5860507488250732
SolProp,-5.13752800776188,-3.7640316486358643
SolProp,-4.9435160037527,-3.632499933242798
SolProp,-4.74201328909499,-3.468247652053833
SolProp,-4.37087489030338,-3.163541793823242
SolProp,-4.79137499130953,-3.3435192108154297
SolProp,-4.79363419177416,-2.904360055923462
SolProp,-4.62432892206177,-2.6863536834716797
SolProp,-4.59046168437986,-3.2095658779144287
SolProp,-4.54876432756866,-3.3435890674591064
SolProp,-4.48323730932587,-2.3858230113983154
SolProp,-4.34693614169232,-3.1891658306121826
SolProp,-3.96932138615659,-2.7193777561187744
SolProp,-4.32773329689696,-2.757598876953125
SolProp,-4.45645301449072,-2.980191469192505
SolProp,-4.15727207544737,-2.962430715560913
SolProp,-4.20821846909828,-2.5240867137908936
SolProp,-4.06337326657313,-2.2351036071777344
SolProp,-2.71433965913913,-1.7476555109024048
SolProp,-2.67411195707872,-1.8621283769607544
SolProp,-2.67292320093328,-1.9824771881103516
SolProp,-0.940656818003192,-0.80257248878479
SolProp,-2.88951837728761,-2.208829164505005
SolProp,-1.00727762298329,-0.9013446569442749
SolProp,-0.462595562823597,-0.6316866874694824
SolProp,-1.29425502947304,-0.7950831651687622
SolProp,-1.07331492382429,-0.9810597896575928
SolProp,-0.335804365373481,-0.4733295440673828
SolProp,-1.41161489754222,-0.9014633893966675
SolProp,-1.31499741961103,-1.28673255443573
SolProp,-1.2040524449833,-1.1409776210784912
SolProp,-0.921197771579794,-0.7776156663894653
SolProp,-1.13666105964762,-1.0654075145721436
SolProp,-1.19981880837459,-0.6623751521110535
SolProp,-1.22518040122497,-1.0809261798858643
SolProp,-1.07600797874868,-0.9472982883453369
SolProp,-1.26201505824997,-1.2281144857406616
SolProp,-0.546946476991171,-0.7090131044387817
SolProp,-0.775180866749187,-0.5812972784042358
SolProp,-0.421462401868586,-0.6340621113777161
SolProp,-1.49195856427955,-0.878679633140564
SolProp,-0.155173307374929,-0.15995562076568604
SolProp,-0.477362183572895,-0.45693260431289673
SolProp,-0.441121510084068,-0.39607352018356323
SolProp,-0.694616453495573,-0.6100896596908569
SolProp,-0.406540693543636,-0.541056215763092
SolProp,-0.827138468696219,-0.6902642250061035
SolProp,-0.247110100825756,-0.34312504529953003
SolProp,-0.303544937511314,-0.2820998430252075
SolProp,-0.158299437836526,-0.20304524898529053
SolProp,0.080242632848397,-0.033487752079963684
SolProp,-0.524001087456426,-0.4412959814071655
SolProp,-0.335830906152151,-0.3578193783760071
SolProp,-0.239010887589267,-0.2326381802558899
SolProp,-0.433848805470452,-0.35933786630630493
SolProp,-0.432069169434797,-0.43972617387771606
SolProp,-0.001743755049292,-0.162291020154953
SolProp,-0.383863741574041,-0.42274683713912964
SolProp,-0.937003619316827,-0.3797179162502289
SolProp,-0.24007427288503,-0.2988026738166809
SolProp,-0.383023478359929,-0.40796583890914917
SolProp,-1.02929862211322,-0.6617658138275146
SolProp,-0.083685523804263,-0.2430068552494049
SolProp,-0.324148299088403,-0.40155646204948425
SolProp,-0.28558191590968,-0.2932349443435669
SolProp,0.284789931002831,0.1940719187259674
SolProp,-0.564024224705742,-0.3748681843280792
SolProp,0.104247545959894,-0.04540698975324631
SolProp,-0.572715562354238,-0.5241009593009949
SolProp,0.193609582793823,0.051531486213207245
SolProp,-0.159879096407711,-0.35101598501205444
SolProp,-0.026431673307025,-0.12758728861808777
SolProp,-0.244682253128377,-0.2715742290019989
SolProp,-0.04515394053787,-0.07903160899877548
SolProp,0.024027299003738,-0.03127837926149368
SolProp,0.01162092722793,-0.15564115345478058
SolProp,0.783738667972405,-0.18672257661819458
SolProp,0.798778881232803,0.4358322322368622
SolProp,0.916294854505561,0.5730100274085999
SolProp,-2.80284895552015,-2.260392904281616
SolProp,-2.73135130372007,-2.1670966148376465
SolProp,-2.55767367690222,-1.9459583759307861
SolProp,-2.68249946737928,-2.073716163635254
SolProp,-2.03232858371066,-1.5538718700408936
SolProp,-1.82421760298249,-2.2849411964416504
SolProp,-1.56179912738234,-0.7576624751091003
SolProp,-1.45451155030187,-0.9288222193717957
SolProp,-1.35443395794493,-0.8562147617340088
SolProp,-1.29549298210383,-1.058773398399353
SolProp,-1.24852070365601,-0.7268004417419434
SolProp,-1.14834347268038,-1.0167676210403442
SolProp,-0.995124968074842,-0.8716459274291992
SolProp,-0.843772567746906,-0.6685788631439209
SolProp,-0.583501149421786,-0.702785074710846
SolProp,-0.507132403423917,-0.6254355907440186
SolProp,-0.46514585339511,-0.5498224496841431
SolProp,-0.445723885294559,-0.5404186248779297
SolProp,-0.427992149878195,-0.4799889922142029
SolProp,-0.378511220802758,-0.5439566373825073
SolProp,-0.366462684707685,-0.4628196656703949
SolProp,-0.350185466170272,-0.3624047636985779
SolProp,-0.286146718596002,-0.3461374044418335
SolProp,-0.292633602668906,-0.4024841785430908
SolProp,-0.196457123314363,-0.33660662174224854
SolProp,-0.198797023526617,-0.23848941922187805
SolProp,-0.201796630429085,-0.281786173582077
SolProp,-0.123182223527537,-0.29996591806411743
SolProp,-0.045535628190411,-0.20123663544654846
SolProp,0.037688408007885,-0.10549666732549667
SolProp,0.059462010429703,-0.10795770585536957
SolProp,0.14608032332406,0.008438458666205406
SolProp,0.240848084503949,0.10904672741889954
SolProp,-0.940748407727211,-0.8005373477935791
SolProp,-1.00727762298329,-0.898716390132904
SolProp,-1.07340627960031,-0.9786655902862549
SolProp,-1.32089818621065,-1.2885253429412842
SolProp,-1.20429998665614,-1.1382126808166504
SolProp,-1.12370437179156,-1.0487242937088013
SolProp,-1.13675179104685,-1.0634256601333618
SolProp,-1.26192445214359,-1.2214491367340088
SolProp,-1.03376915364055,-0.9334129095077515
SolProp,-1.27851567835896,-1.9790335893630981
SolProp,-0.669826390266992,-1.5920281410217285
SolProp,-0.613862090986715,-1.5273427963256836
SolProp,-0.553091315130809,-1.4758614301681519
SolProp,-1.06251734428545,-1.7615593671798706
SolProp,-1.20630954778659,-1.8999296426773071
SolProp,-1.13701438389225,-1.8278182744979858
SolProp,-0.920668103732063,-1.6001282930374146
SolProp,-0.846446179447214,-1.5340747833251953
SolProp,-0.991134017109925,-1.6851862668991089
SolProp,-0.727513536649038,-1.673690915107727
SolProp,-0.487589805814674,-1.411603569984436
SolProp,-0.427686742759062,-1.3318963050842285
SolProp,-0.356923385040616,-1.2728707790374756
SolProp,-1.37386124278824,-0.8579356670379639
SolProp,-1.0555767451253,-0.6463487148284912
SolProp,-0.732700299125533,-0.8115212321281433
SolProp,-0.571095195852956,-0.4416372776031494
SolProp,-0.698503217805257,-0.7105599641799927
SolProp,-0.784952105720752,-0.8036890029907227
SolProp,-0.417963505310075,-0.33959901332855225
SolProp,-0.4481789254443,-0.3937414288520813
SolProp,-0.572089577356507,-0.5763252973556519
SolProp,-0.581605740224662,-0.6747497916221619
SolProp,-0.651332959832661,-0.6769987940788269
SolProp,-0.48147928230875,-0.4914734363555908
SolProp,-0.453316493391069,-0.20886638760566711
SolProp,-0.629313474674475,-0.6769986152648926
SolProp,-0.702371430272323,-0.80708247423172
SolProp,-0.438403751637515,-0.4914734959602356
SolProp,-0.548046436889141,-0.6073822379112244
SolProp,-0.544316331882633,-0.6073821783065796
SolProp,-0.486418208074812,-0.5168911814689636
SolProp,-0.4897135998478,-0.6207191944122314
SolProp,-0.421051126610084,-0.43683159351348877
SolProp,-0.4192231616069,-0.43683165311813354
SolProp,-0.481497763882351,-0.5168911814689636
SolProp,-0.454432306652929,-0.4654892385005951
SolProp,-0.235198460790315,-0.20277871191501617
SolProp,-0.378082633788677,-0.4787611663341522
SolProp,-0.318351105537151,-0.36427533626556396
SolProp,-0.284944602914897,-0.3291245102882385
SolProp,-0.308010706316809,-0.3642753064632416
SolProp,-0.276385613161628,-0.3291246294975281
SolProp,-0.155871512293408,-0.20277881622314453
SolProp,-0.19668891546567,0.10074944794178009
SolProp,-0.142522336709849,-0.25338006019592285
SolProp,-0.154314313235711,-0.17192664742469788
SolProp,-0.210953033064848,-0.37862908840179443
SolProp,-0.110910698706155,-0.4137172996997833
SolProp,-0.08417848364387,-0.5155190229415894
SolProp,0.227693943056838,0.10074940323829651
SolProp,0.462618925452895,0.2445831000804901
SolProp,-0.298886098096855,0.33780622482299805
SolProp,-0.212416483030195,0.21785001456737518
SolProp,-0.035806244991191,0.2725021541118622
SolProp,0.181016238920735,0.4879521131515503
SolProp,0.27560951039371,0.6317927241325378
SolProp,0.170973638835397,0.39968907833099365
SolProp,0.443651610080941,0.701715350151062
SolProp,0.354483311463578,0.6014512181282043
SolProp,0.200970734966379,0.3996889293193817
SolProp,0.072492036464097,0.19012068212032318
SolProp,0.260195593144759,0.5603215098381042
SolProp,0.130645310569763,0.29377424716949463
SolProp,0.302630605339172,0.49881458282470703
SolProp,0.399178258946574,0.6021599173545837
SolProp,0.259384506908317,0.4500978887081146
SolProp,0.347327737864456,0.5009836554527283
SolProp,0.215298887983836,0.35798007249832153
SolProp,0.300316561939254,0.6392672657966614
SolProp,0.220423247625093,0.2429274171590805
SolProp,0.176356837053037,0.28457769751548767
SolProp,0.129831087791437,0.19859105348587036
SolProp,0.07581820783682,0.07161223888397217
SolProp,0.322375468359734,0.40879306197166443
SolProp,0.457464794024513,0.5121545195579529
SolProp,0.598371553170406,0.8064039349555969
SolProp,0.643486655806782,0.9554438591003418
SolProp,0.043660649228208,-0.7466157674789429
SolProp,0.10894319399909,-1.0709710121154785
SolProp,-0.110208426067286,-1.3879860639572144
SolProp,-0.323780444116908,-1.9420247077941895
SolProp,0.091961264764541,-1.1833544969558716
SolProp,0.084596635614291,-1.3980077505111694
SolProp,0.080729369923617,-1.2011924982070923
SolProp,0.277869277145611,-1.3476163148880005
SolProp,0.275779029490514,-1.3898041248321533
SolProp,0.267273214736891,-1.3539917469024658
SolProp,-1.03390421317078,-1.8771394491195679
SolProp,-0.714528525598765,-1.3863638639450073
SolProp,-0.729075786065201,-1.495402455329895
SolProp,-0.8702606002042,-1.6449633836746216
SolProp,-0.784363384072687,-1.5587162971496582
SolProp,-0.658725201201275,-1.479426383972168
SolProp,-0.603620274555377,-1.4334139823913574
SolProp,-0.660962242295035,-1.5050913095474243
SolProp,-0.503276506733404,-1.3636342287063599
SolProp,-0.450533515084228,-1.308835744857788
SolProp,-0.362736909526852,-1.157969355583191
SolProp,-0.339658663856661,-1.112736463546753
SolProp,-0.041456513899678,-0.9043992161750793
SolProp,-0.055865421759631,-0.7218286991119385
SolProp,-1.28403821813765,-0.6850373148918152
SolProp,-1.0328193620312,-0.7815167903900146
SolProp,-0.793799942941405,-0.7285600900650024
SolProp,-1.00858101187653,-0.6448496580123901
SolProp,-0.715539447719604,-0.812213122844696
SolProp,-0.709534962976711,-0.9182788133621216
SolProp,-0.803175688071764,-0.8555381298065186
SolProp,-0.664333889216095,-0.4837118983268738
SolProp,-0.777678630433095,-0.8287445306777954
SolProp,-0.615000046359339,-0.27120399475097656
SolProp,-0.60899354031744,-0.8832516670227051
SolProp,-0.718705017246949,-0.745721697807312
SolProp,-0.413515904709069,-0.6464534401893616
SolProp,-0.490024621851028,-0.7404004335403442
SolProp,-0.627999484960021,-0.9151320457458496
SolProp,-0.479399873884496,-0.8007773160934448
SolProp,-0.576513023904933,-0.6195498108863831
SolProp,-0.544652114594445,-0.7977744936943054
SolProp,-0.626120138065748,-0.715846061706543
SolProp,-0.388837112397429,-0.7089020013809204
SolProp,-0.503640223870039,-0.8616089820861816
SolProp,-0.562421525780153,-0.8410879373550415
SolProp,-0.228763972158778,-0.46904459595680237
SolProp,-0.594638414169011,-0.819007933139801
SolProp,-0.720619538264399,-0.6565971970558167
SolProp,-0.416313306455079,-0.7961066961288452
SolProp,-0.339008662008472,-0.4486199617385864
SolProp,-0.425642531288206,-0.5386666655540466
SolProp,-0.628308301924447,-0.7420573234558105
SolProp,-0.223078152604586,-0.23102636635303497
SolProp,-0.164561247217017,-0.7557096481323242
SolProp,-0.257661736310862,-0.5794287919998169
SolProp,-0.296128153137456,-0.680364727973938
SolProp,-0.018134836897419,-0.40613600611686707
SolProp,-0.387325467023589,-0.6237492561340332
SolProp,-0.061733966933548,-0.6808596253395081
SolProp,-0.295964352559057,-0.7059213519096375
SolProp,-0.128581545358539,-0.8243599534034729
SolProp,0.037121460090772,-0.5804328918457031
SolProp,-0.076810806346531,-0.4935363829135895
SolProp,-0.237578466655766,-0.7793334126472473
SolProp,-0.160102305326624,-0.7839709520339966
SolProp,-0.0894565303641,-0.7429381012916565
SolProp,-0.075867485368656,-0.8105680346488953
SolProp,0.014184608194877,-0.7450477480888367
SolProp,0.114634967252209,-0.6440411806106567
SolProp,0.234234886999361,-0.379672110080719
SolProp,0.140148181457386,-0.7495988011360168
SolProp,0.256865466624895,-0.2149161994457245
SolProp,0.405664060742043,0.08389347791671753
SolProp,0.668909313882838,0.12691140174865723
SolProp,-2.23192914384238,-2.2833855152130127
SolProp,-2.75308232988848,-2.4773833751678467
SolProp,-2.63710319349365,-2.3833205699920654
SolProp,-2.36851204106077,-2.3537139892578125
SolProp,-2.20707908063727,-2.226541042327881
SolProp,-2.45213656501246,-2.2842700481414795
SolProp,-2.35892967742457,-2.3039767742156982
SolProp,-2.55785634898967,-2.406749963760376
SolProp,-2.32071488537701,-2.381840705871582
SolProp,-2.43570081708437,-2.2898776531219482
SolProp,-2.52903603078785,-2.4415335655212402
SolProp,-2.19346882726958,-2.1731979846954346
SolProp,-2.25625136835483,-2.3015778064727783
SolProp,-2.25585647819177,-2.268018960952759
SolProp,-2.17772349449698,-2.17563533782959
SolProp,-2.46507606813678,-2.530974864959717
SolProp,-2.21094913354505,-2.260058641433716
SolProp,-2.26185512500167,-2.2557570934295654
SolProp,-2.19851818284382,-2.16975998878479
SolProp,-2.13414543956481,-2.313309669494629
SolProp,-2.09028583348705,-2.139333724975586
SolProp,-2.14008977208392,-1.9354851245880127
SolProp,-2.41414076244455,-2.8240604400634766
SolProp,-2.1100812761882,-1.8667868375778198
SolProp,-2.01062072945825,-2.0552051067352295
SolProp,-1.99093288651412,-1.9044054746627808
SolProp,-1.99877013755993,-1.4930659532546997
SolProp,-1.96796732249257,-1.778315544128418
SolProp,-1.47508850509595,-1.6183438301086426
SolProp,-1.7112044222107,-1.5729252099990845
SolProp,-1.74130485904702,-1.7620675563812256
SolProp,-1.94065808219963,-1.628065586090088
SolProp,-1.29451603215139,-1.5271830558776855
SolProp,-1.43009558562425,-1.0728199481964111
SolProp,-1.38136092766832,-0.9699036478996277
SolProp,-1.22209214569923,-1.4710338115692139
SolProp,-1.13630020683014,-1.3343894481658936
SolProp,-1.36078091574448,-1.4895422458648682
SolProp,-1.12192391531751,-1.2820062637329102
SolProp,-1.22925600451288,-1.4752781391143799
SolProp,-1.06647857682713,-1.3312218189239502
SolProp,-1.14920241498529,-1.4297292232513428
SolProp,-1.27406812175083,-1.49002206325531
SolProp,-0.857696395915313,-1.0314151048660278
SolProp,-0.872190977646737,-1.0297160148620605
SolProp,-0.849607895950756,-0.9874576330184937
SolProp,-0.615675124902892,-1.073592185974121
SolProp,-0.705986015256344,-0.845665693283081
SolProp,-2.49244927540496,-2.171647548675537
SolProp,-2.35126743046777,-2.2478950023651123
SolProp,-2.3225756832883,-2.4124226570129395
SolProp,-2.27662570709984,-2.558709144592285
SolProp,-2.04201896405533,-2.4920711517333984
SolProp,-2.09320386732709,-2.469482421875
SolProp,-2.26536889763216,-2.837057113647461
SolProp,-1.93002006573307,-3.007098913192749
SolProp,-2.24700323706279,-3.154595136642456
SolProp,-1.46546260214879,-1.4370596408843994
SolProp,-0.895281169230831,-1.0836267471313477
SolProp,-1.23561992917905,-1.4027186632156372
SolProp,-1.20880196636787,-1.3827660083770752
SolProp,-1.10376349074286,-1.3002102375030518
SolProp,-1.16966205938431,-1.4592362642288208
SolProp,-1.23632876583558,-1.5409046411514282
SolProp,-1.09634128210782,-1.3832074403762817
SolProp,-1.15076942509613,-1.4731537103652954
SolProp,-1.09154730861895,-1.4521090984344482
SolProp,-0.924114690650652,-1.2595653533935547
SolProp,-0.815066045748239,-1.1960772275924683
SolProp,-1.08021892290752,-1.4592365026474
SolProp,-1.18545621390654,-1.354616403579712
SolProp,-0.915378872762868,-1.3359909057617188
SolProp,-1.16448295410248,-0.7653549313545227
SolProp,-0.644721120790725,-1.0717999935150146
SolProp,-1.06981125243177,-0.9481620192527771
SolProp,-0.902515789061327,-1.3727474212646484
SolProp,-0.897704719611612,-1.3812379837036133
SolProp,-0.900014912225497,-1.353237271308899
SolProp,-0.922679438160726,-1.315002679824829
SolProp,-0.974814802479754,-1.2169886827468872
SolProp,-0.622169000945763,-1.2871993780136108
SolProp,-0.696379993161539,-0.7885162234306335
SolProp,-0.593427034098421,-0.5792989730834961
SolProp,-0.236885153833381,-0.9499990940093994
SolProp,-0.154181200780503,-1.0000544786453247
SolProp,0.125814223792011,-0.10034168511629105
SolProp,-1.62837744608476,-0.7747290134429932
SolProp,-0.953441304313984,-1.0501114130020142
SolProp,-0.594620632154357,-0.5312456488609314
SolProp,-0.801324636832033,-0.9671671390533447
SolProp,-0.78596352146762,-0.8620525598526001
SolProp,-0.616758988645275,-0.6245666742324829
SolProp,-0.495855042742751,-0.5625593662261963
SolProp,-0.657516009913172,-0.7406960725784302
SolProp,-0.465337134388164,-0.41714876890182495
SolProp,-0.519394629068958,-0.5378361344337463
SolProp,-0.569236402861635,-0.6423643231391907
SolProp,-0.340879416004541,-0.2511959671974182
SolProp,-0.350217641395462,-0.35035213828086853
SolProp,-0.497403459041335,-0.6126028299331665
SolProp,-0.400278226435679,-0.5178645253181458
SolProp,-0.166179228842011,-0.09301869571208954
SolProp,0.022303363222801,0.1861211508512497
SolProp,-0.310012458628767,-0.5741744041442871
SolProp,-0.216382129800918,-0.4270380437374115
SolProp,-0.083880945842179,-0.261399507522583
SolProp,0.059969977031133,-0.1340520828962326
SolProp,0.269463667412144,-0.04324987530708313
SolProp,0.42200472374997,0.29901668429374695
SolProp,-1.48893983544436,-0.8483657836914062
SolProp,-1.38347094387272,-0.986691415309906
SolProp,-1.81609566967522,-1.8562177419662476
SolProp,-1.47517517201409,-1.1426441669464111
SolProp,-1.45052029411349,-0.9590635299682617
SolProp,-1.49143830979372,-1.066612720489502
SolProp,-1.59217529722174,-1.58719801902771
SolProp,-1.56827657522502,-1.708403468132019
SolProp,-1.42725160289395,-1.4198260307312012
SolProp,-1.34209224169271,-1.0786558389663696
SolProp,-1.40928669725888,-1.0870782136917114
SolProp,-1.30892271112636,-0.9512298107147217
SolProp,-1.44140987440922,-1.5551316738128662
SolProp,-1.53820265737519,-1.7881863117218018
SolProp,-1.28865470750372,-1.0842915773391724
SolProp,-1.51606973527749,-1.950819730758667
SolProp,-1.2543859870525,-0.9751821756362915
SolProp,-1.2181453794955,-1.011627197265625
SolProp,-1.20690587948129,-1.0168941020965576
SolProp,-1.24393911374256,-1.2254753112792969
SolProp,-1.16253681798454,-1.0479605197906494
SolProp,-1.16798064564326,-1.074602484703064
SolProp,-1.10794140083049,-0.8911614418029785
SolProp,-0.670686381264385,-0.7806653380393982
SolProp,-0.506411747102187,-0.2603272497653961
SolProp,-0.421813997910997,-0.2207401990890503
SolProp,-0.38386632142224,-0.45435231924057007
SolProp,-0.241954762145768,-0.2510342299938202
SolProp,-0.459333968832021,-0.6985486745834351
SolProp,-0.487737627045969,-0.8079997301101685
SolProp,-1.67083238940824,-1.0883843898773193
SolProp,-1.73225625743116,-1.1702293157577515
SolProp,-1.97891756629924,-1.3091506958007812
SolProp,-1.66960491428057,-1.1611862182617188
SolProp,-1.73608412170285,-1.233797311782837
SolProp,-1.67467546517775,-1.2451335191726685
SolProp,-1.7126821932053,-1.2411234378814697
SolProp,-1.73928419205084,-1.3693034648895264
SolProp,-1.50449928707606,-0.9567223787307739
SolProp,-1.58705331365527,-1.0424460172653198
SolProp,-1.38744670864124,-0.8201385140419006
SolProp,-1.68989146786484,-1.1442323923110962
SolProp,-1.60813133273745,-1.103737473487854
SolProp,-1.71151781134593,-1.2130146026611328
SolProp,-1.73444580832924,-1.3448458909988403
SolProp,-1.75860842202928,-1.5594569444656372
SolProp,-1.51360309621642,-1.076244831085205
SolProp,-1.43781152146229,-1.3945544958114624
SolProp,-1.42643245965911,-1.290456771850586
SolProp,-1.29023425804041,-1.22530996799469
SolProp,-1.31312995429749,-1.2904568910598755
SolProp,-0.971375813446523,-1.2184031009674072
SolProp,-1.15607947353356,-1.16791832447052
SolProp,-1.04436144111829,-0.7286869287490845
SolProp,-1.08836590086329,-1.0407397747039795
SolProp,-1.08272022422775,-0.7701511383056641
SolProp,-1.00792999922837,-0.5866531729698181
SolProp,-1.00961578656106,-0.9185206294059753
SolProp,-0.996117632984029,-0.5866532325744629
SolProp,-0.875014827938365,-0.7380709052085876
SolProp,-0.844598914796047,-0.41110968589782715
SolProp,-0.734924845874771,-0.5366128087043762
SolProp,-0.562953375714089,-0.3263612985610962
SolProp,-0.280212888822169,-0.1325112134218216
SolProp,-1.23735333235254,-0.5129421353340149
SolProp,-0.819629883995402,-0.5106934309005737
SolProp,-1.04422780438074,-0.5903392434120178
SolProp,-0.816709650161333,-0.4360259771347046
SolProp,-0.895354332878848,-0.4631771743297577
SolProp,-0.767240329384474,-0.5311715006828308
SolProp,-0.522202805735721,-0.10631025582551956
SolProp,-0.808284813129261,-0.605652391910553
SolProp,-0.629549214666844,-0.3370344042778015
SolProp,-0.762324922722767,-0.5268855690956116
SolProp,-0.600594882143458,-0.25603222846984863
SolProp,-0.677424744454041,-0.4241510033607483
SolProp,-0.645647280758945,-0.3575316071510315
SolProp,-0.798732263325333,-0.6549086570739746
SolProp,-0.829018625081489,-0.7407153844833374
SolProp,-0.693115364084697,-0.5268857479095459
SolProp,-0.687122017919491,-0.4477713704109192
SolProp,-0.711933129702946,-0.5124592185020447
SolProp,-0.703533575838102,-0.6044248342514038
SolProp,-0.804884568799873,-0.5218024849891663
SolProp,-0.630545784516008,-0.5167415142059326
SolProp,-0.741726446172036,-0.532462477684021
SolProp,-0.683002029066531,-0.6599042415618896
SolProp,-0.514870723274581,-0.21661041676998138
SolProp,-0.424073449219219,-0.4732879102230072
SolProp,-0.505595854226284,-0.44153836369514465
SolProp,-0.499235325521593,-0.16274823248386383
SolProp,-0.318991996144844,0.029039010405540466
SolProp,-0.366142400409737,-0.04848746210336685
SolProp,-0.356153564004559,-0.16539277136325836
SolProp,-0.217450994986678,-0.06309956312179565
SolProp,-0.325580658148253,-0.04848740994930267
SolProp,0.140347358040321,0.21625655889511108
SolProp,-1.15584597408156,0.04858868569135666
SolProp,-1.23672265750747,-0.0210237018764019
SolProp,-0.372210860541871,-0.272674024105072
SolProp,-0.592065694396748,-0.3107221722602844
SolProp,-0.487712183615004,-0.189275860786438
SolProp,-0.251359166057673,-0.24266907572746277
SolProp,-0.300431289792996,-0.27561336755752563
SolProp,-0.487251833169275,-0.23288343846797943
SolProp,-0.337150581027383,0.8120589852333069
SolProp,-0.058190595863788,-0.02202078327536583
SolProp,-0.499403102112401,-0.31448894739151
SolProp,-0.125265193005221,-0.13370074331760406
SolProp,-0.509747129498175,-0.5155051946640015
SolProp,-0.224368448199081,0.023555731400847435
SolProp,-0.531257713630882,-0.6818435192108154
SolProp,-0.204440038269124,-0.2779138684272766
SolProp,-0.12554730012025,-0.16591471433639526
SolProp,-0.260268588909729,-0.13119755685329437
SolProp,-0.127484879272952,-0.17118266224861145
SolProp,-0.139805197691874,-0.20082592964172363
SolProp,-0.160253501455565,-0.1792626827955246
SolProp,-0.171054361103242,-0.09889990091323853
SolProp,-0.210308561329249,-0.043281253427267075
SolProp,1.00854030240815,0.6335738301277161
SolProp,1.03099812951238,1.079453945159912
SolProp,0.862775773356953,0.7693377137184143
SolProp,-0.552670864918123,-0.18086785078048706
SolProp,0.85360586723241,-0.7466157674789429
SolProp,-1.5860494258508,-1.267557978630066
SolProp,-1.8673064344389,-2.065917491912842
SolProp,-1.75218152570845,-1.790834665298462
SolProp,-1.56978290246101,-1.3832927942276
SolProp,-1.68284498965693,-1.66877019405365
SolProp,-1.61402711805051,-1.4940903186798096
SolProp,-1.53340041683684,-1.369727611541748
SolProp,-1.5234103297418,-1.3694652318954468
SolProp,-1.43233862698224,-1.2633787393569946
SolProp,-1.31729200762447,-1.1070009469985962
SolProp,-1.3994462138934,-1.2542402744293213
SolProp,-1.02134634039852,-0.856481671333313
SolProp,-1.26331020415192,-1.13469660282135
SolProp,-1.09689536686698,-0.9650065898895264
SolProp,-1.19992169565042,-0.9070484638214111
SolProp,-0.820833057581258,-0.46224987506866455
SolProp,-0.710125759448791,-0.2262125313282013
SolProp,-1.73765603095026,-1.5564569234848022
SolProp,-0.981372030281999,-1.00803804397583
SolProp,-1.19085202220213,-1.0954707860946655
SolProp,-1.00151275729439,-1.3029770851135254
SolProp,-1.27232944564115,-1.9626219272613525
SolProp,-1.00382919979502,-1.382470726966858
SolProp,-1.00650178965634,-1.3824708461761475
SolProp,-0.88960840267916,-1.1320068836212158
SolProp,-1.13343400605383,-1.7553216218948364
SolProp,-1.1026079301404,-1.6491007804870605
SolProp,-0.884138724610099,-1.257064700126648
SolProp,-0.977335934611968,-1.3697848320007324
SolProp,-0.947078468153952,-1.3355767726898193
SolProp,-1.03270515227881,-1.517418384552002
SolProp,-0.783227767194005,-1.130416989326477
SolProp,-1.00037387819932,-1.5097239017486572
SolProp,-1.05288901986593,-1.6064943075180054
SolProp,-0.995850059039018,-1.4365837574005127
SolProp,-0.954572705079889,-1.2935361862182617
SolProp,-0.995755951360282,-1.5626167058944702
SolProp,-0.77172353377049,-1.1945427656173706
SolProp,-0.892653204497632,-1.3776073455810547
SolProp,-0.814949249684935,-1.2921830415725708
SolProp,-0.609839045691512,-1.0095117092132568
SolProp,-0.430043117615672,-0.7751344442367554
SolProp,-0.778409921525418,-1.2322698831558228
SolProp,-0.676404450731977,-1.0724846124649048
SolProp,-0.641367967115176,-1.307730793952942
SolProp,-0.46628153879048,-0.8639093637466431
SolProp,-0.431835678542462,-0.9958986043930054
SolProp,-0.422100131546551,-1.0049400329589844
SolProp,-0.267300512222066,-0.7290528416633606
SolProp,-0.158310196620332,-0.6622902154922485
SolProp,-0.001111545333958,-0.7569018006324768
SolProp,-1.651,-3.348511219024658
SolProp,-1.523,-2.9849390983581543
SolProp,-1.097,-2.9217424392700195
SolProp,-1.27645648855857,-3.0241146087646484
SolProp,-1.21516136741451,-3.0076587200164795
SolProp,-1.15125293812426,-2.974372148513794
SolProp,-1.09014447695006,-2.9217424392700195
SolProp,-1.02913886594927,-2.8645622730255127
SolProp,-0.966683058702492,-2.773733139038086
SolProp,-0.901765051342214,-2.685588836669922
SolProp,-0.840811000155987,-2.594477653503418
SolProp,-0.685230805950664,-0.16107186675071716
SolProp,-0.579301241218833,-0.048643648624420166
SolProp,-0.290864678925455,0.19738025963306427
SolProp,-0.201318899751713,0.24669149518013
SolProp,-0.395071108227344,-0.4373089671134949
SolProp,-0.249129724567025,0.08570101857185364
SolProp,-0.163661620566611,0.20021766424179077
SolProp,-0.099645529082059,0.014392174780368805
SolProp,0.053490464197867,0.3433309495449066
SolProp,-0.225119180700932,-0.24473069608211517
SolProp,-0.133908691088177,0.16631217300891876
SolProp,-0.019281524443736,0.26120832562446594
SolProp,-0.25878216086261,-0.3674708902835846
SolProp,-0.116467886088194,-0.1225770115852356
SolProp,-0.065896328904324,0.23202653229236603
SolProp,-0.134117049376016,0.14324942231178284
SolProp,-0.182834029741404,0.041289813816547394
SolProp,-0.192118870736501,-0.04163859039545059
SolProp,-0.034045314309809,0.03930119425058365
SolProp,0.069083914679589,0.12978102266788483
SolProp,0.18985628658588,0.20123523473739624
SolProp,0.31056703544993,0.31038883328437805
SolProp,-1.61621904124215,-1.141298532485962
SolProp,-1.5216610378784,-1.073414921760559
SolProp,-0.851705115933243,-0.658324658870697
SolProp,-0.916107932752751,-0.7629910111427307
SolProp,-1.01111548399821,-0.9078549146652222
SolProp,-1.0313511943527,-0.9619737267494202
SolProp,-0.931257027306541,-0.8393354415893555
SolProp,-0.973883148770927,-0.867214024066925
SolProp,-0.844046180125491,-0.7979996204376221
SolProp,-0.830751022459268,-0.7524954080581665
SolProp,-0.885938503850555,-0.8610405921936035
SolProp,-0.984322273734255,-0.9407827258110046
SolProp,-0.862302444999702,-0.7784689664840698
SolProp,-0.741580177781321,-0.6871010661125183
SolProp,-0.493057151788875,-0.4408874809741974
SolProp,-0.587135513756255,-0.5666199326515198
SolProp,-0.457422426523346,-1.1720044612884521
SolProp,-0.331320964119685,-1.0480117797851562
SolProp,-0.233130355305181,-0.9089686870574951
SolProp,-0.224585420623746,-0.8106294870376587
SolProp,-0.044949050241465,-0.7541152238845825
SolProp,0.097206503508948,-0.5768285393714905
SolProp,0.272210532709764,-0.688382625579834
SolProp,-1.59139806489716,-1.5680551528930664
SolProp,-1.37245754027414,-1.4226930141448975
SolProp,-1.45279758359252,-1.5758025646209717
SolProp,-1.38347508776543,-1.4641166925430298
SolProp,-1.5895081637096,-1.3182367086410522
SolProp,-1.39993689066024,-1.5665844678878784
SolProp,-1.38604056208851,-1.6220858097076416
SolProp,-1.32451926109796,-1.4782754182815552
SolProp,-1.38653111216712,-1.567895531654358
SolProp,-1.37118991783018,-1.630656361579895
SolProp,-1.42517465604883,-1.6371195316314697
SolProp,-1.30799082708087,-1.4715434312820435
SolProp,-1.41936818408204,-1.4923198223114014
SolProp,-1.28368968087251,-1.4508670568466187
SolProp,-1.11677358992137,-1.0503448247909546
SolProp,-1.24362167362201,-1.4232395887374878
SolProp,-1.24519388437978,-1.3759214878082275
SolProp,-0.850152836861908,-0.719366729259491
SolProp,-0.906210786810424,-0.8369861245155334
SolProp,-0.962919632169624,-0.9166918396949768
SolProp,-1.00352696488784,-0.9958637952804565
SolProp,-0.954980321977598,-1.0469859838485718
SolProp,-1.99262280589619,-2.118278980255127
SolProp,-1.93778442698851,-2.0496082305908203
SolProp,-1.90172912924127,-2.020927906036377
SolProp,-1.83880111381297,-1.980151653289795
SolProp,-1.7939689283368,-1.949189305305481
SolProp,-0.251086150231694,-0.2974722981452942
SolProp,-0.218368484765975,-0.23636239767074585
SolProp,-0.184358540083413,-0.1581217348575592
SolProp,-0.134897625566599,-0.1039152443408966
SolProp,-0.10302672318145,-0.05125575512647629
SolProp,-0.450989561246887,-0.7894837260246277
SolProp,-0.058047610126409,-0.5190210342407227
SolProp,-0.308483104965763,-0.7157017588615417
SolProp,0.476287793409345,-0.19013133645057678
SolProp,-0.169035070821225,-0.6146488785743713
SolProp,0.125886449760661,-0.4202629625797272
SolProp,0.254648158626138,-0.3179050385951996
SolProp,0.3773648628962,-0.24738949537277222
SolProp,0.625681379049249,-0.10357558727264404
SolProp,-0.799559030834718,-0.9399240016937256
SolProp,-1.10853914494426,-0.8005255460739136
SolProp,-0.776537813625264,-0.8752337098121643
SolProp,-0.674227243130083,-0.8077752590179443
SolProp,-0.686374892959067,-0.8752335906028748
SolProp,-0.629533217653601,-0.50513756275177
SolProp,-0.803546801300666,-0.9969930648803711
SolProp,-0.541847328786746,-0.7864155769348145
SolProp,-0.462248454751865,-0.7178713083267212
SolProp,-0.437657850589683,-0.7070403099060059
SolProp,-0.166847736073556,-0.4300832152366638
SolProp,-0.731534920868598,-1.0362763404846191
SolProp,-0.588933891230917,-0.8560497760772705
SolProp,-0.651677625643037,-0.9179298281669617
SolProp,-0.511302711801908,-0.7967263460159302
SolProp,-0.644862382398852,-0.9386848211288452
SolProp,-0.302822630954864,-0.5930497646331787
SolProp,-0.566866009507548,-0.8647106885910034
SolProp,-0.678095735133956,-0.9427008032798767
SolProp,-0.725057276451329,-0.9515455365180969
SolProp,-0.640537081497804,-0.9408673048019409
SolProp,-0.40586557983863,-0.6026062369346619
SolProp,-0.781841084076596,-0.9571665525436401
SolProp,-0.489292683784961,-0.7242347002029419
SolProp,0.123450698740325,-0.23247157037258148
SolProp,0.325509151206122,-0.10063645988702774
SolProp,-2.98799507536885,-2.0643041133880615
SolProp,-2.94526918535336,-2.003272294998169
SolProp,-2.88880534075873,-1.9357576370239258
SolProp,-2.85375661229779,-1.8525598049163818
SolProp,-3.04578372429422,-2.1674258708953857
SolProp,-1.34273973923007,-0.13365885615348816
SolProp,-1.30234431142496,-0.9329346418380737
SolProp,-1.2362117503149,-1.326019287109375
SolProp,-1.19042858248418,-1.3722096681594849
SolProp,-1.17163292444861,-0.5972491502761841
SolProp,-0.987829119740499,-0.7874971628189087
SolProp,-0.953442664646524,-0.6561650037765503
SolProp,-0.719073072956045,-0.4879246950149536
SolProp,-0.579519291556731,-0.6072569489479065
SolProp,-0.547307735442869,-0.3498322367668152
SolProp,-0.505904585088542,-0.525195300579071
SolProp,-0.49127694681542,-0.5690751671791077
SolProp,-0.408890528873998,-0.4480096101760864
SolProp,-0.061529248687056,-0.13298280537128448
SolProp,-0.039285325316077,0.37860363721847534
SolProp,0.004439616492456,-0.7987242937088013
SolProp,0.017695879480288,0.17586956918239594
SolProp,0.102723366079583,-0.5889821648597717
SolProp,0.401877910366246,0.2974485754966736
SolProp,0.808628617523746,0.9264769554138184
SolProp,-1.42685493410834,-0.08997111022472382
SolProp,-1.23170363561459,-0.6618317365646362
SolProp,-1.12543091850565,-0.899914562702179
SolProp,-1.0204078254963,-1.144874930381775
SolProp,-0.968110627639747,-1.0413312911987305
SolProp,-0.838759562951529,-0.5745311379432678
SolProp,-0.772131736299153,-0.6487798690795898
SolProp,-0.535364013503575,-0.4003555476665497
SolProp,-0.52671120493536,-0.4074097275733948
SolProp,-0.392060293963925,-0.24917037785053253
SolProp,-0.302066727754537,-0.3478623926639557
SolProp,-0.161503326945604,-0.11888138949871063
SolProp,-0.103033764352537,-0.10013415664434433
SolProp,-0.036007707217121,-0.1636754870414734
SolProp,-0.027038674938732,0.5144510269165039
SolProp,-0.024423068030494,0.3231360912322998
SolProp,0.105179121993246,0.14086134731769562
SolProp,0.254763895900926,-0.3126548230648041
SolProp,0.693693716377895,0.30161207914352417
SolProp,-1.80725384127953,-1.9028795957565308
SolProp,-1.69599689440258,-1.817932367324829
SolProp,-1.58817673636338,-1.7182931900024414
SolProp,-1.50499717582486,-1.637264609336853
SolProp,-1.43164267960118,-1.5838254690170288
SolProp,-3.73064847836108,-2.5889391899108887
SolProp,-3.62072700052806,-2.4480068683624268
SolProp,-3.5436425056252,-2.404900550842285
SolProp,-3.45427351095755,-2.350295066833496
SolProp,-3.37916857325007,-2.3096671104431152
SolProp,-1.34172529668004,-1.6768560409545898
SolProp,-1.32303978811957,-2.00820255279541
SolProp,-1.32428951902065,-1.762282133102417
SolProp,-1.29451473621234,-1.791427493095398
SolProp,-1.31354488389273,-1.9665796756744385
SolProp,-1.31564859291288,-1.8370907306671143
SolProp,-1.30433377243896,-1.9028418064117432
SolProp,-1.30739890171588,-1.7154664993286133
SolProp,-0.156467264746628,-1.5441663265228271
SolProp,-0.05912711178798,-1.4642442464828491
SolProp,-0.020209526484739,-1.3536359071731567
SolProp,0.073303630984497,-1.2675421237945557
SolProp,-0.343227870431524,-0.514315664768219
SolProp,-0.491134439039942,-0.6060276031494141
SolProp,-0.397207839900212,-0.5637394189834595
SolProp,-0.279101861054279,-0.48057329654693604
SolProp,-0.218429122330235,-0.454291433095932
SolProp,-0.29631181218963,-0.32028433680534363
SolProp,-0.163197548110162,-0.04960399493575096
SolProp,-0.058409001437046,0.2216176837682724
SolProp,0.01198712155371,0.33004558086395264
SolProp,0.023780855894372,0.35315096378326416
SolProp,0.064219781889647,0.4160342812538147
SolProp,0.09907461865686,0.45815858244895935
SolProp,0.143794793456717,0.501147985458374
SolProp,0.199126483075079,0.5376523733139038
SolProp,0.212435213491903,0.5450125336647034
SolProp,-1.03685251251114,-2.0268359184265137
SolProp,-0.920644220917544,-1.7374268770217896
SolProp,-0.794070352868649,-1.414591908454895
SolProp,-0.673192024603113,-1.0952175855636597
SolProp,-0.398367526969151,-0.6110020279884338
SolProp,-0.025646200113905,-0.10962454229593277
SolProp,0.195269441699595,0.18800491094589233
SolProp,0.383635556086342,0.35558876395225525
SolProp,0.55238026929189,0.44342750310897827
SolProp,-1.67734175821615,-1.4746637344360352
SolProp,-1.19237278416729,-1.4860243797302246
SolProp,-0.967464812265226,-1.491837739944458
SolProp,-0.815758594187814,-1.5031951665878296
SolProp,-0.803177208250939,-1.5031952857971191
SolProp,-0.7909589739408,-1.4975130558013916
SolProp,-0.779120468402598,-1.4800941944122314
SolProp,-0.767920776682425,-1.431612253189087
SolProp,-0.756840949313734,-1.3930249214172363
SolProp,-0.741443338413618,-1.3621078729629517
SolProp,-0.576749447743569,-0.8932465314865112
SolProp,-0.424933631204844,-0.6735593676567078
SolProp,-0.341355724597588,-0.5490238070487976
SolProp,-0.144790978791607,-0.244200199842453
SolProp,-0.084406542491216,-0.163343146443367
SolProp,0.052717926901623,0.011111111380159855
SolProp,0.286817348676942,0.33026182651519775
SolProp,-0.418399759574827,-0.46631377935409546
SolProp,0.003129545037776,-0.05163398012518883
SolProp,0.311641595514413,0.12009445577859879
SolProp,0.645742090638741,0.1671515256166458
SolProp,0.900662872236144,0.22457659244537354
SolProp,1.06301311462362,0.2773524522781372
SolProp,1.17731084637514,0.31548914313316345
SolProp,-0.073515095615807,-0.357546865940094
SolProp,0.035834606869223,-0.18882149457931519
SolProp,0.18339130559034,-0.005227955058217049
SolProp,0.306171743254238,0.1242033839225769
SolProp,0.412511878602742,0.2433166801929474
SolProp,0.509204577520921,0.3692712187767029
SolProp,0.599423501731165,0.4699639081954956
SolProp,0.682908021325358,0.5434886813163757
SolProp,0.856800885411315,0.6099878549575806
SolProp,1.03470862370714,0.7509850263595581
SolProp,-0.324499674585984,-0.8517922163009644
SolProp,-0.068951707566094,-0.524284839630127
SolProp,0.118052324305385,-0.3300517201423645
SolProp,0.338181065645314,-0.13951903581619263
SolProp,0.921674513658384,0.31348031759262085
SolProp,-0.676948454999274,-1.3670610189437866
SolProp,-0.669559907412485,-1.2640330791473389
SolProp,-0.66246407395117,-1.1766713857650757
SolProp,-0.640822558884949,-0.9953160881996155
SolProp,-0.635703526953046,-0.9725661873817444
SolProp,-0.620022034402393,-0.9293079376220703
SolProp,-0.61795557925974,-0.9243322014808655
SolProp,-0.616835296525719,-0.9199889898300171
SolProp,-0.609252385922229,-0.8954891562461853
SolProp,-0.597926373177034,-0.8921109437942505
SolProp,-0.592737854443729,-0.8789703249931335
SolProp,-2.07780307070093,-1.163859248161316
SolProp,-1.89199874673166,-1.0035572052001953
SolProp,-1.85553626537374,-0.9444614052772522
SolProp,-1.85256914494985,-0.9394400119781494
SolProp,-1.79278684575801,-0.8702242970466614
SolProp,-1.76716401165405,-0.8542043566703796
SolProp,-1.74159776811831,-0.8423160314559937
SolProp,-1.7167688107666,-0.8280831575393677
SolProp,-1.61740051244273,-0.7549160718917847
SolProp,-1.61547257770784,-0.7544299960136414
SolProp,-1.58871651121146,-0.7357279062271118
SolProp,-1.56918619210764,-0.722676694393158
SolProp,-1.50819255685094,-0.6783556342124939
SolProp,-2.31023653915319,-1.0117300748825073
SolProp,-2.25626064017703,-0.9758333563804626
SolProp,-2.16472348274143,-0.9389885067939758
SolProp,-2.08012022153167,-0.9046671390533447
SolProp,-2.00815194380279,-0.8903078436851501
SolProp,-1.94780310626012,-0.8761565089225769
SolProp,-1.91246524194143,-0.8643540143966675
SolProp,-1.88513953552511,-0.8552005887031555
SolProp,-1.86292374133398,-0.8480477929115295
SolProp,-1.79618868041757,-0.8283356428146362
SolProp,-1.75080809872329,-0.8162581324577332
SolProp,-1.69582231232091,-0.8007055521011353
SolProp,-1.66896042042322,-0.7938135266304016
SolProp,-1.63040392866972,-0.7855933904647827
SolProp,-1.54470457913079,-0.769208550453186
SolProp,-3.48987447415096,-2.9530997276306152
SolProp,-3.31104342638173,-2.8784611225128174
SolProp,-3.1270208517962,-2.7243456840515137
SolProp,-2.91115923161463,-2.6156702041625977
SolProp,-2.72184213375823,-2.505645513534546
SolProp,-2.5983432045804,-2.4088239669799805
SolProp,-2.39062271545371,-2.3097362518310547
SolProp,-2.21469994010044,-2.210486888885498
SolProp,-3.06914643246502,-2.123225688934326
SolProp,-2.96909126584475,-2.0286381244659424
SolProp,-2.80125116291079,-1.9070605039596558
SolProp,-2.59451250253727,-1.842639446258545
SolProp,-2.46578844154672,-1.769268274307251
SolProp,-2.27008257905929,-1.6830555200576782
SolProp,-3.74323416205835,-0.7403205633163452
SolProp,-3.44591394569082,-0.637582540512085
SolProp,-3.13740628359047,-0.4703863263130188
SolProp,-2.88450135436038,-0.43502435088157654
SolProp,-2.80135594207547,-0.42205554246902466
SolProp,-2.63624564749875,-0.388012558221817
SolProp,-2.50476744237566,-0.3750525116920471
SolProp,-3.34627705598813,-2.6698522567749023
SolProp,-3.12364202098448,-2.58066987991333
SolProp,-2.8846693839521,-2.488302707672119
SolProp,-2.54717679312942,-2.3854503631591797
SolProp,-2.44085399617247,-2.3417303562164307
SolProp,-2.1719387545948,-2.238368511199951
SolProp,-2.01381099615918,-2.148782253265381
SolProp,-1.79294611179378,-2.065669298171997
SolProp,-1.58900820226439,-1.9857381582260132
SolProp,-1.44874448506192,-1.9220305681228638
SolProp,-1.22461044526599,-1.861741542816162
SolProp,-3.14669714690829,-2.7829270362854004
SolProp,-2.94703393802709,-2.687318801879883
SolProp,-2.69786647551967,-2.5789451599121094
SolProp,-2.36111712719786,-2.467963457107544
SolProp,-2.21417208000413,-2.381899118423462
SolProp,-1.99493135418877,-2.2728352546691895
SolProp,-1.76057538199257,-2.176079750061035
SolProp,-1.54924629449839,-2.0942587852478027
SolProp,-1.42382086891618,-1.9711682796478271
SolProp,0.670365364121239,-0.9859650731086731
SolProp,0.135238262770458,-0.9277634620666504
SolProp,0.244173649880239,-0.8505114316940308
SolProp,0.276589295696801,-0.8087936639785767
SolProp,0.317915988094501,-0.7549291253089905
SolProp,0.355960558883181,-0.7113826870918274
SolProp,0.386813027906111,-0.6654839515686035
SolProp,0.435637577941814,-0.6177361011505127
SolProp,0.492487259005809,-0.548786461353302
SolProp,0.545503773926868,-0.504920244216919
SolProp,-3.47739992577688,-2.459404945373535
SolProp,-3.34909850605407,-2.3842384815216064
SolProp,-3.19014845001577,-2.318002223968506
SolProp,-3.01322099024281,-2.228663921356201
SolProp,-2.94936880473213,-2.1656136512756348
SolProp,-2.86739996467688,-2.083869695663452
SolProp,-2.78117421580272,-2.000235080718994
SolProp,-2.62410066194882,-1.9251621961593628
SolProp,-2.55797451784592,-1.8542265892028809
SolProp,-2.46968855260426,-1.7667465209960938
SolProp,-2.36257592396401,-1.6050517559051514
SolProp,-2.36370231211511,-1.6024253368377686
SolProp,0.331377982861062,0.30568161606788635
SolProp,0.414712916113797,0.4472220242023468
SolProp,0.50350175473713,0.5694420337677002
SolProp,0.568438012609714,0.7228898406028748
SolProp,0.638938694492795,0.8929992318153381
SolProp,0.685433695168223,1.146921157836914
SolProp,0.746329651363465,1.3578523397445679
SolProp,-1.98645627393957,-2.338193416595459
SolProp,-1.93111473732339,-2.2385897636413574
SolProp,-1.87851122960137,-2.1532678604125977
SolProp,-1.8184676544971,-2.076570510864258
SolProp,-1.75193582792273,-2.007267951965332
SolProp,-1.69089092707636,-1.9187260866165161
SolProp,-1.62741568361302,-1.8521162271499634
SolProp,-1.55618679840732,-1.7943711280822754
SolProp,-1.49524836004251,-1.6970797777175903
SolProp,-0.760148143577537,-0.3542243242263794
SolProp,-0.641824160436407,-0.24884365499019623
SolProp,-0.538290035802324,-0.1299511343240738
SolProp,-0.449254238713742,-0.05068265646696091
SolProp,-0.386031105380317,-0.015552014112472534
SolProp,-0.318113662885755,0.009450443089008331
SolProp,-0.254937543421534,0.007151789963245392
SolProp,-2.16840641666868,-2.035327911376953
SolProp,-2.10082501618122,-1.9172866344451904
SolProp,-2.04255669790294,-1.8385971784591675
SolProp,-1.96216285119521,-1.7371540069580078
SolProp,-1.94859260595443,-1.6404145956039429
SolProp,-1.83860439360575,-1.5364990234375
SolProp,-1.76681363152372,-1.4585455656051636
SolProp,0.008095542896202,-0.17622044682502747
SolProp,0.033517629956905,-0.15358959138393402
SolProp,0.077146898963655,-0.11392614990472794
SolProp,0.111103533073495,-0.08694952726364136
SolProp,0.138912974126555,-0.039578720927238464
SolProp,0.171864072865356,0.0007279142737388611
SolProp,0.200609747754666,0.04331835359334946
SolProp,0.232132047645396,0.08737652003765106
SolProp,0.258879018338041,0.13232429325580597
SolProp,0.287361749259967,0.17003923654556274
SolProp,0.331503523055346,0.20074929296970367
SolProp,0.378464032942258,0.19427892565727234
SolProp,0.422710070062835,0.18974867463111877
SolProp,0.451953578810355,0.19239245355129242
SolProp,0.467501270429729,0.19322116672992706
SolProp,0.48216171369394,0.19369179010391235
SolProp,-1.54018705337602,-1.9384955167770386
SolProp,-1.27692557858725,-1.803544282913208
SolProp,-1.09263441200525,-1.6822153329849243
SolProp,-0.948134526566464,-1.5942949056625366
SolProp,-0.842909487657474,-1.4893944263458252
SolProp,-0.761634289002018,-1.4137754440307617
SolProp,-1.68661629860265,-1.8467150926589966
SolProp,-1.6433522566982,-1.7210323810577393
SolProp,-1.54693295690208,-1.6224830150604248
SolProp,-1.47913423905282,-1.5349209308624268
SolProp,-1.38910877109082,-1.4318947792053223
SolProp,-1.28871015989784,-1.3639061450958252
SolProp,0.481001756250564,0.787925660610199
SolProp,0.542940377294598,0.8238016366958618
SolProp,0.611690806110736,0.8645304441452026
SolProp,0.690891915328332,0.8985677361488342
SolProp,0.766454574369986,0.9291836023330688
SolProp,0.912788274360049,0.9808587431907654
SolProp,0.996309715903032,0.9587737321853638
SolProp,0.703165141099712,0.07460691034793854
SolProp,0.724789175739963,0.13283953070640564
SolProp,0.750715772320233,0.18076133728027344
SolProp,0.781591984492417,0.21930833160877228
SolProp,0.817401651325154,0.29528212547302246
SolProp,0.8519572726664,0.36483559012413025
SolProp,0.884964706644104,0.4103148877620697
SolProp,0.920227096363392,0.45989835262298584
SolProp,0.960621957561959,0.519180178642273
SolProp,1.03273620485966,0.6007276177406311
SolProp,-0.054670964081355,1.2483206987380981
SolProp,0.074238342400401,1.2734829187393188
SolProp,0.160659321126835,1.280463457107544
SolProp,0.251760312011292,1.3017029762268066
SolProp,0.335421170195004,1.3053457736968994
SolProp,0.420275946143807,1.2851686477661133
SolProp,0.497188752074546,1.2909115552902222
SolProp,0.588522566882857,1.3104315996170044
SolProp,0.678178949575314,1.327420949935913
SolProp,0.74935991172622,1.3410515785217285
SolProp,-0.728367916143088,0.7882641553878784
SolProp,-0.585605402931654,0.8218482732772827
SolProp,-0.441907357158483,0.8566210269927979
SolProp,-0.296779579877027,0.8874455690383911
SolProp,-0.189318250206962,0.902592658996582
SolProp,-0.095173344340646,0.8843726515769958
SolProp,0.036612568321735,0.9105761051177979
SolProp,0.143021029836181,0.9585137367248535
SolProp,0.253934028995812,0.9951635599136353
SolProp,0.39348355867751,1.0336294174194336
SolProp,0.199782181762762,0.6998703479766846
SolProp,0.326923670679683,0.8133273720741272
SolProp,0.381380267823716,0.8458191156387329
SolProp,0.433593188896268,0.891070544719696
SolProp,0.485060029735157,0.9154568910598755
SolProp,0.546751915208817,0.9074198007583618
SolProp,0.591632795616912,0.9413247108459473
SolProp,0.64129338257532,0.9826213717460632
SolProp,0.695579535688386,1.0229417085647583
SolProp,0.756201877369725,1.0620614290237427
SolProp,-0.679785422124319,-0.7232786417007446
SolProp,-0.620254284259086,-0.666288435459137
SolProp,-0.520290552393521,-0.6198136806488037
SolProp,-0.456673157365271,-0.5833266377449036
SolProp,-0.369658977491604,-0.5056309700012207
SolProp,-0.28791063929369,-0.44362837076187134
SolProp,-0.227519346920044,-0.3864542245864868
SolProp,-0.162923732054708,-0.3167566955089569
SolProp,-0.114054176197732,-0.27752989530563354
SolProp,-0.060625193282124,-0.21992939710617065
SolProp,0.979023083621877,0.9654442667961121
SolProp,1.02039448545182,1.0445395708084106
SolProp,1.03879304885562,1.0836411714553833
SolProp,1.07302352666757,1.1337227821350098
SolProp,1.09951401348804,1.1447943449020386
SolProp,1.12713046988823,1.165625810623169
SolProp,1.18263407480005,1.2225341796875
SolProp,1.21547739341739,1.2429388761520386
SolProp,1.26125357593122,1.2524882555007935
SolProp,1.3071335985478,1.2796753644943237
SolProp,-3.00155184865212,-2.9388492107391357
SolProp,-4.296575881517,-3.0839531421661377
SolProp,-4.10547328938409,-2.863068103790283
SolProp,-3.91073730294631,-2.664491653442383
SolProp,-3.64938763732628,-2.5255658626556396
SolProp,-3.42047304659038,-2.340183734893799
SolProp,-4.81490069878328,-3.4125843048095703
SolProp,-4.67384239080919,-3.293375015258789
SolProp,-4.51262167767953,-3.2027390003204346
SolProp,-4.3889580077443,-3.089991569519043
SolProp,-4.94507830560142,-3.7553837299346924
SolProp,-4.72173369883201,-3.514453411102295
SolProp,-4.47122988037287,-3.2908408641815186
SolProp,-4.23595524024204,-3.1170084476470947
SolProp,-3.98024619071407,-2.8901257514953613
SolProp,-3.7280785740467,-2.713999032974243
SolProp,-4.85755371982483,-3.2242891788482666
SolProp,-4.58776246044847,-2.995983839035034
SolProp,-4.33969465280052,-2.7950377464294434
SolProp,-4.10410858017614,-2.6199474334716797
SolProp,-3.85811005374817,-2.3993680477142334
SolProp,-3.64513970663103,-2.2266464233398438
SolProp,-3.46029223826909,-2.8504302501678467
SolProp,-3.08393729303199,-2.511486530303955
SolProp,-2.6814446944141,-2.186938524246216
SolProp,-2.49855809897897,-2.0462377071380615
SolProp,0.241145152451247,0.15850773453712463
SolProp,0.289039587085285,0.20007386803627014
SolProp,0.352683557933643,0.2592793107032776
SolProp,0.415425287016077,0.3000553250312805
SolProp,0.467314492749841,0.34402596950531006
SolProp,0.529680233670712,0.39087653160095215
SolProp,0.602888858325366,0.4315640330314636
SolProp,0.662086311875136,0.46824079751968384
SolProp,0.700856645755975,0.49196597933769226
SolProp,0.731970976988849,0.505619466304779
SolProp,0.777211911693911,0.5226642489433289
SolProp,0.801684511508211,0.5201590061187744
SolProp,0.838156237866772,0.5130301117897034
SolProp,0.851342900621617,0.5121099948883057
SolProp,-3.67663,-3.8724071979522705
SolProp,-3.56901,-3.790745258331299
SolProp,-3.40615,-3.674152374267578
SolProp,-3.29927,-3.5696940422058105
SolProp,-3.20201,-3.4864470958709717
SolProp,-2.62305,-3.794229507446289
SolProp,-2.50958,-2.7875475883483887
SolProp,-2.28123,-2.5692691802978516
SolProp,-2.0796,-2.4423470497131348
SolProp,-1.90117,-2.335080623626709
SolProp,-1.75599,-2.2464773654937744
SolProp,-1.61565,-2.170283555984497
SolProp,-1.49026,-2.105753183364868
SolProp,-2.70199,-2.3812732696533203
SolProp,-2.46007,-2.1938891410827637
SolProp,-2.32129,-2.113179922103882
SolProp,-2.2931,-2.042511224746704
SolProp,-2.17996,-2.0029566287994385
SolProp,-2.08265,-1.9553442001342773
SolProp,-2.03314,-1.8783291578292847
SolProp,-1.94566,-1.8037109375
SolProp,-1.89082,-1.72039794921875
SolProp,-1.85393,-1.5863436460494995
SolProp,-1.76847,-1.4878592491149902
SolProp,-2.9092,-2.928549289703369
SolProp,-1.4708,-2.60593318939209
SolProp,-0.05028,-0.9324179887771606
SolProp,0.32624,-0.33846694231033325
SolProp,0.19169,-0.38860583305358887
SolProp,0.04571,-0.44015970826148987
SolProp,-0.08904,-0.49917593598365784
SolProp,-0.25885,-0.5722008347511292
SolProp,-0.31041,-0.6832839846611023
SolProp,-0.52366,-0.8216094374656677
SolProp,-0.67632,-0.9808861613273621
SolProp,-0.86628,-1.1687383651733398
SolProp,-1.05019,-1.3116792440414429
SolProp,-1.0754,-1.5042133331298828
SolProp,-1.35549,-1.7013344764709473
SolProp,-1.55823,-1.8848108053207397
SolProp,-3.40342,-2.971411943435669
SolProp,-3.06701,-2.5796966552734375
SolProp,-2.74299,-2.2651925086975098
SolProp,-2.4099,-2.0425946712493896
SolProp,-2.06862,-1.9130102396011353
SolProp,-1.72161,-1.817920207977295
SolProp,-1.38435,-1.7298790216445923
SolProp,-6.08285,-3.420231819152832
SolProp,-5.53053,-2.9216833114624023
SolProp,-4.96702,-2.4474685192108154
SolProp,-4.40875,-2.091857671737671
SolProp,-3.8865,-1.8387383222579956
SolProp,-3.35786,-1.6471450328826904
SolProp,-3.09112,-1.5660641193389893
SolProp,-5.21515,-3.1162989139556885
SolProp,-4.60757,-2.7663393020629883
SolProp,-3.27854,-2.075193166732788
SolProp,-2.08828,-1.7479358911514282
SolProp,-1.04168,-1.57980477809906
SolProp,-4.82438,-2.9360013008117676
SolProp,-4.39604,-2.6164679527282715
SolProp,-3.83348,-2.303098678588867
SolProp,-3.38795,-2.0734078884124756
SolProp,-2.93592,-1.9076379537582397
SolProp,-2.5121,-1.7907414436340332
SolProp,-2.07683,-1.7087516784667969
SolProp,-5.06342,-3.525235176086426
SolProp,-4.96214,-3.3465969562530518
SolProp,-4.86015,-3.1559576988220215
SolProp,-4.71072,-2.9817264080047607
SolProp,-4.57554,-2.804234027862549
SolProp,-4.79356,-3.2551984786987305
SolProp,-4.34019,-2.8673324584960938
SolProp,-3.90256,-2.4200398921966553
SolProp,-3.44642,-2.076521396636963
SolProp,-2.96395,-1.8562037944793701
SolProp,-2.53951,-1.716088891029358
SolProp,-2.08204,-1.6183395385742188
SolProp,-1.67665,-1.538894772529602
SolProp,-2.35342,-2.3916730880737305
SolProp,-1.52816,-1.995661973953247
SolProp,-1.16633,-1.4962421655654907
SolProp,-1.04814,-1.1046336889266968
SolProp,-0.73743,-0.8860499858856201
SolProp,-4.40831,-4.078304767608643
SolProp,-3.98048,-3.713142156600952
SolProp,-3.53244,-3.3168716430664062
SolProp,-3.16359,-3.01438045501709
SolProp,-2.71788,-2.8142282962799072
SolProp,-2.33329,-2.6893980503082275
SolProp,-1.86904,-2.5869081020355225
SolProp,-2.06483,-0.9148969650268555
SolProp,-1.94998,-0.7569308280944824
SolProp,-1.8879,-0.5809053182601929
SolProp,-0.61019,0.551567792892456
SolProp,-0.39194,0.670565128326416
SolProp,-0.34028,0.7206350564956665
SolProp,-0.21126,0.7667734622955322
SolProp,-0.0171,0.8096483945846558
SolProp,-6.34806,-2.4058384895324707
SolProp,-6.18341,-2.2401998043060303
SolProp,-5.64072,-1.9473000764846802
SolProp,-5.13132,-1.6666994094848633
SolProp,-4.61427,-1.4319701194763184
SolProp,-4.09858,-1.269755244255066
SolProp,-3.10073,-1.0671837329864502
SolProp,-2.62636,-1.003182291984558
SolProp,-2.20726,-0.9488065838813782
SolProp,-1.98415,-0.9238004088401794
SolProp,-6.38731,-2.4058384895324707
SolProp,-6.34806,-2.4058380126953125
SolProp,-6.03033,-2.0901083946228027
SolProp,-4.76903,-1.4319705963134766
SolProp,-3.33408,-1.110770344734192
SolProp,-1.99895,-0.9488063454627991
SolProp,-4.72114,-3.8046936988830566
SolProp,-4.24073,-3.3606326580047607
SolProp,-3.76562,-2.944361448287964
SolProp,-3.29691,-2.59299898147583
SolProp,-2.84049,-2.355138063430786
SolProp,-2.29856,-2.190206289291382
SolProp,-2.19744,-2.127347707748413
SolProp,-7.29895,-1.9901423454284668
SolProp,-6.86325,-1.4612864255905151
SolProp,-6.21883,-0.8551561832427979
SolProp,-5.58248,-0.3804124593734741
SolProp,-5.04813,-0.055500328540802
SolProp,-4.56068,0.18915829062461853
SolProp,-4.0327,0.3827667832374573
SolProp,-3.5639,0.5243323445320129
SolProp,-3.157,0.6427261233329773
SolProp,-2.75618,0.739565372467041
SolProp,-5.18784,-4.6980366706848145
SolProp,-4.72489,-4.6980366706848145
SolProp,-5.39862,-4.411044597625732
SolProp,-4.95428,-3.9701030254364014
SolProp,-4.49572,-3.5591773986816406
SolProp,-4.08106,-3.233733654022217
SolProp,-3.67332,-3.0405375957489014
SolProp,-3.26849,-2.899052858352661
SolProp,-2.83083,-2.796313524246216
SolProp,-7.52993,-3.685086727142334
SolProp,-7.41546,-3.5307393074035645
SolProp,-7.25821,-3.468796491622925
SolProp,-7.13123,-3.390545129776001
SolProp,-7.00021,-3.3327410221099854
SolProp,-6.86521,-3.2663333415985107
SolProp,-6.73697,-3.178649425506592
SolProp,-6.60227,-3.1015357971191406
SolProp,-6.45485,-3.03092622756958
SolProp,-6.309,-2.91756272315979
SolProp,-6.1866,-2.8212361335754395
SolProp,-6.54044,-3.0302367210388184
SolProp,-5.99341,-2.6300508975982666
SolProp,-5.45984,-2.2667431831359863
SolProp,-4.8662,-2.00044322013855
SolProp,-4.36553,-1.8648967742919922
SolProp,-3.90471,-1.759993553161621
SolProp,-3.41403,-1.6868023872375488
SolProp,-2.82558,-1.629723072052002
SolProp,-3.92394,-1.2511439323425293
SolProp,-3.09576,-1.1078394651412964
SolProp,-2.71975,-1.0049676895141602
SolProp,-2.4478,-0.966031551361084
SolProp,-2.30909,-0.9354020357131958
SolProp,-0.41881,-0.23552456498146057
SolProp,-0.35701,-0.16971814632415771
SolProp,-0.2702,-0.09703080356121063
SolProp,-0.23873,-0.0175183042883873
SolProp,-0.13454,0.14939764142036438
SolProp,-0.05302,0.2955564856529236
SolProp,0.00437,0.4997956454753876
SolProp,0.07033,0.6520816087722778
SolProp,0.12063,0.7657421827316284
SolProp,0.19062,0.8607624173164368
SolProp,0.2483,0.941100001335144
SolProp,0.31984,1.004796028137207
SolProp,-1.64627,-0.6721019744873047
SolProp,-1.55676,-0.41229337453842163
SolProp,-1.48732,-0.1754181832075119
SolProp,-1.42725,0.06200721114873886
SolProp,-1.35488,0.2390763759613037
SolProp,-1.32033,0.3640618324279785
SolProp,-1.24713,0.456066370010376
SolProp,-1.18495,0.5327857136726379
SolProp,-1.12833,0.6055102944374084
SolProp,-3.42286,-2.1244263648986816
SolProp,-3.19197,-1.8859291076660156
SolProp,-2.97334,-1.7182352542877197
SolProp,-2.70272,-1.5915367603302002
SolProp,-2.49374,-1.480688452720642
SolProp,-2.37951,-1.4339609146118164
SolProp,-2.24456,-1.3917872905731201
SolProp,-1.90261,-3.285551071166992
SolProp,-2.08899,-3.177670955657959
SolProp,-1.80549,-2.971005916595459
SolProp,-1.42414,-2.745077610015869
SolProp,-0.94825,-2.421715259552002
SolProp,-0.79974,-2.356039047241211
SolProp,-2.13457,-2.9469995498657227
SolProp,-1.78711,-2.5975098609924316
SolProp,-0.84129,-2.297636032104492
SolProp,-0.38147,-2.1282424926757812
SolProp,-0.06872,-1.9731799364089966
SolProp,0.13766,-1.8784971237182617
SolProp,0.27175,-1.8306187391281128
SolProp,-6.17736,-3.4861793518066406
SolProp,-6.22716,-3.486179828643799
SolProp,-5.681,-3.0665767192840576
SolProp,-4.31994,-2.3132050037384033
SolProp,-4.38209,-2.313204288482666
SolProp,-5.27418,-2.313204526901245
SolProp,-2.08961,-1.3643293380737305
SolProp,-1.94366,-1.2536791563034058
SolProp,-1.83151,-1.2043403387069702
SolProp,-1.72447,-1.1585992574691772
SolProp,-1.58371,-1.0739463567733765
SolProp,-4.47121,-4.123509883880615
SolProp,-6.72465,-3.127068519592285
SolProp,-6.99888,-2.906259298324585
SolProp,-6.48285,-2.5269763469696045
SolProp,-5.90632,-2.2331597805023193
SolProp,-5.32042,-1.9817148447036743
SolProp,-4.73833,-1.8240491151809692
SolProp,-4.19343,-1.6981735229492188
SolProp,-3.72579,-1.5920405387878418
SolProp,-3.22131,-1.5111061334609985
SolProp,-2.95438,-1.4788240194320679
SolProp,-2.86684,-1.464285135269165
SolProp,-1.01312,0.3386145830154419
SolProp,-0.66425,0.46024414896965027
SolProp,-0.45062,0.5079580545425415
SolProp,-0.21126,0.5467513799667358
SolProp,0.14153,0.5796452760696411
SolProp,-7.33713,-1.9704627990722656
SolProp,-6.68258,-1.7242716550827026
SolProp,-5.93374,-1.514325499534607
SolProp,-5.33186,-1.345906376838684
SolProp,-4.72325,-1.2214919328689575
SolProp,-4.11461,-1.1190719604492188
SolProp,-3.51465,-1.0341119766235352
SolProp,-2.93923,-0.9671252369880676
SolProp,-2.73226,-0.93671715259552
SolProp,-3.38489,-2.6533586978912354
SolProp,-2.97652,-2.525073289871216
SolProp,-2.78886,-2.4130003452301025
SolProp,-2.41016,-2.3115792274475098
SolProp,-1.95129,-2.2195515632629395
SolProp,-1.73678,-2.136289119720459
SolProp,-1.51154,-2.059969902038574
SolProp,-8.77942,-3.9909615516662598
SolProp,-7.79839,-3.575698137283325
SolProp,-6.95197,-2.898888349533081
SolProp,-5.21869,-2.547156810760498
SolProp,-3.62228,-2.3721070289611816
SolProp,-5.0265,-5.421322822570801
SolProp,-4.85914,-5.382356643676758
SolProp,-4.73579,-5.340984344482422
SolProp,-4.3874,-5.259128570556641
SolProp,-4.11691,-5.230833530426025
SolProp,-3.71518,-5.191681385040283
SolProp,-3.38905,-5.126837730407715
SolProp,-3.08336,-5.09445858001709
SolProp,-2.86333,-5.074304103851318
SolProp,-2.67221,-5.053187370300293
SolProp,-2.39866,-5.034973621368408
SolProp,-7.37985,-2.742119550704956
SolProp,-6.72636,-2.3829240798950195
SolProp,-6.20359,-2.102081537246704
SolProp,-5.66485,-1.8870621919631958
SolProp,-5.05318,-1.7456347942352295
SolProp,-4.46716,-1.6396186351776123
SolProp,-4.21877,-1.596066951751709
SolProp,-1.22265,-3.826693296432495
SolProp,-0.75835,-3.335813522338867
SolProp,-0.36411,-2.6463212966918945
SolProp,-0.06223,-2.0035598278045654
SolProp,0.06673,-1.6062980890274048
SolProp,-3.85116,-1.9621690511703491
SolProp,-3.71795,-1.8388885259628296
SolProp,-3.24071,-1.729697585105896
SolProp,-3.00604,-1.6403580904006958
SolProp,-2.74892,-1.5656561851501465
SolProp,-2.50214,-1.4978523254394531
SolProp,-2.31097,-1.437156319618225
SolProp,-4.44129,-2.9879963397979736
SolProp,-4.38722,-2.8817050457000732
SolProp,-4.284,-2.7813942432403564
SolProp,-4.22695,-2.6714589595794678
SolProp,-4.17198,-2.572357177734375
SolProp,-4.18709,-2.8852272033691406
SolProp,-3.52221,-1.3577015399932861
SolProp,-3.09759,-1.0552433729171753
SolProp,-2.96549,-0.978511393070221
SolProp,-2.82892,-0.9108166694641113
SolProp,-2.56553,-0.8499608039855957
SolProp,-2.52084,-0.7950142621994019
SolProp,-2.48133,-0.7446268200874329
SolProp,-2.32469,-0.6583994626998901
SolProp,-3.98149,-1.6252902746200562
SolProp,-3.92443,-1.49337899684906
SolProp,-3.78478,-1.3858048915863037
SolProp,-3.64064,-1.2937166690826416
SolProp,-3.37365,-1.221435546875
SolProp,-3.15918,-1.1623449325561523
SolProp,-2.97826,-1.1093292236328125
SolProp,-1.73043,-0.3203972280025482
SolProp,-1.6378,-0.25007081031799316
SolProp,-1.58919,-0.1893583983182907
SolProp,-1.49638,-0.14129038155078888
SolProp,-6.32218,-0.10124340653419495
SolProp,-1.12406,-0.06365074217319489
SolProp,-0.94759,-0.02938026189804077
SolProp,-6.22151,-5.276890277862549
SolProp,-4.8999,-3.9349162578582764
SolProp,-4.68032,-3.7564096450805664
SolProp,-4.48873,-3.606621265411377
SolProp,-4.25799,-3.484443187713623
SolProp,-4.20895,-3.3790855407714844
SolProp,-6.65581,-4.747950553894043
SolProp,-6.08601,-4.669876575469971
SolProp,-5.45567,-4.600714683532715
SolProp,-4.67262,-4.540505409240723
SolProp,-3.94202,-4.487007141113281
SolProp,-1.02792,-1.014554738998413
SolProp,-0.79863,-0.6641721725463867
SolProp,-0.4798,-0.21827152371406555
SolProp,-0.19903,-0.01763121597468853
SolProp,-0.10052,0.0688251256942749
SolProp,-0.00485,0.14302699267864227
SolProp,-0.45625,0.01722577214241028
SolProp,-0.35955,0.09861655533313751
SolProp,-0.30365,0.14893153309822083
SolProp,-0.22298,0.22886566817760468
SolProp,-0.16349,0.28824952244758606
SolProp,-0.1041,0.3511209487915039
SolProp,-0.03908,0.38893386721611023
SolProp,0.00706,0.42477887868881226
SolProp,0.04765,0.4698072075843811
SolProp,0.09681,0.540632963180542
SolProp,0.16204,0.5788695812225342
SolProp,0.2171,0.6365276575088501
SolProp,0.27171,0.736556887626648
SolProp,0.31705,0.8035749197006226
SolProp,-0.33502,0.10204556584358215
SolProp,-0.18156,0.24902543425559998
SolProp,0.02632,0.3838690519332886
SolProp,0.19213,0.5426230430603027
SolProp,0.33708,0.7049902081489563
SolProp,0.45025,0.8923643231391907
SolProp,0.62524,1.0003011226654053
SolProp,0.75553,1.0721681118011475
SolProp,0.874,1.1284724473953247
SolProp,-0.99296,-0.72529536485672
SolProp,-0.97006,-0.6903752088546753
SolProp,-0.86451,-0.6501350402832031
SolProp,-0.84072,-0.6262667775154114
SolProp,-0.79998,-0.5590947270393372
SolProp,-0.77672,-0.5322989225387573
SolProp,-0.6306,-0.3768315315246582
SolProp,-0.47607,-0.2707231342792511
SolProp,-0.35414,-0.14585264027118683
SolProp,-0.17248,0.15525352954864502
SolProp,0.0163,0.4085676968097687
SolProp,0.12637,0.503761351108551
SolProp,-0.89967,-0.5498083829879761
SolProp,-0.73391,-0.37163716554641724
SolProp,-0.50811,-0.2081955373287201
SolProp,-0.31951,0.012588530778884888
SolProp,-0.13334,0.25647759437561035
SolProp,0.00527,0.4671381711959839
SolProp,0.15186,0.6141592860221863
SolProp,0.28565,0.7104882001876831
SolProp,0.38031,0.7791410088539124
SolProp,0.46798,0.839350700378418
SolProp,-1.79332,-0.24693258106708527
SolProp,-0.99138,-0.1828049123287201
SolProp,-0.75682,-0.11148218810558319
SolProp,-0.58822,-0.07629574090242386
SolProp,-0.42448,-0.02422657608985901
SolProp,-0.27408,0.06662052869796753
SolProp,-0.176,0.11062084883451462
SolProp,-0.07101,0.17216645181179047
SolProp,-0.00105,0.282621830701828
SolProp,0.06519,0.363293319940567
SolProp,0.12732,0.4352304935455322
SolProp,0.21582,0.5533343553543091
SolProp,-0.84338,-0.15682290494441986
SolProp,-0.48322,-0.009964197874069214
SolProp,-0.20225,0.11092191934585571
SolProp,-0.0618,0.24952101707458496
SolProp,0.11043,0.4080546498298645
SolProp,0.21196,0.5609634518623352
SolProp,0.32665,0.6751018762588501
SolProp,0.43627,0.7634155750274658
SolProp,0.54482,0.8400248289108276
SolProp,0.63033,0.9036132097244263
SolProp,-1.1622,-0.4193449318408966
SolProp,-1.09968,-0.33752891421318054
SolProp,-0.96468,-0.2253369390964508
SolProp,-0.87687,-0.1327289342880249
SolProp,-0.76807,-0.04655545949935913
SolProp,-0.67483,0.060190349817276
SolProp,-0.57911,0.16163772344589233
SolProp,-0.46454,0.2621794044971466
SolProp,-0.33206,0.36676955223083496
SolProp,-0.22262,0.4658111035823822
SolProp,-0.07667,0.5269939303398132
SolProp,0.07569,0.6492446660995483
SolProp,0.13099,0.729942798614502
SolProp,-0.65352,0.0575384795665741
SolProp,-0.47819,0.2599504590034485
SolProp,-0.30261,0.4627663791179657
SolProp,-0.08338,0.6468681693077087
SolProp,0.08661,0.840955376625061
SolProp,0.23699,1.0145529508590698
SolProp,0.34422,1.1402873992919922
SolProp,0.42842,1.2295540571212769
SolProp,0.5069,1.2910443544387817
SolProp,0.57699,1.3405554294586182
SolProp,0.66109,1.3794889450073242
SolProp,-4.07292,-2.4013543128967285
SolProp,-3.58736,-1.7001539468765259
SolProp,-2.92315,-1.120933175086975
SolProp,1.051,0.7502970099449158
SolProp,1.0637,0.8076144456863403
SolProp,1.07125,0.8472285270690918
SolProp,1.07726,0.8595705032348633
SolProp,1.08732,0.9033923149108887
SolProp,1.09884,0.9377064108848572
SolProp,1.10602,0.9593580365180969
SolProp,1.1214,0.9923372864723206
SolProp,1.13267,1.0125983953475952
SolProp,1.14893,1.0394459962844849
SolProp,1.15792,1.0639076232910156
SolProp,1.17216,1.0845270156860352
SolProp,1.18698,1.0972003936767578
SolProp,1.21012,1.0906167030334473
SolProp,1.22795,1.1072012186050415
SolProp,1.24903,1.1407781839370728
SolProp,1.26855,1.170833945274353
SolProp,1.28917,1.1966166496276855
SolProp,1.30759,1.218488335609436
SolProp,1.34878,1.2526732683181763
SolProp,1.3731,1.2704250812530518
SolProp,1.42314,1.3016003370285034
SolProp,1.47426,1.3253066539764404
SolProp,1.51825,1.3428345918655396
SolProp,-1.75875,-1.3348666429519653
SolProp,-1.52701,-1.1329014301300049
SolProp,-1.47002,-1.0637712478637695
SolProp,-1.40256,-0.9819111227989197
SolProp,-1.39408,-0.9109784960746765
SolProp,-1.23225,-0.7511401176452637
SolProp,-1.01811,-0.49400603771209717
SolProp,-0.92753,-0.4734776020050049
SolProp,-1.56171,-1.1055949926376343
SolProp,-1.29052,-0.8000829219818115
SolProp,-1.05244,-0.509795606136322
SolProp,-0.77629,-0.2500053644180298
SolProp,-0.59496,-0.13891355693340302
SolProp,-0.48058,-0.08250635862350464
SolProp,-0.3308,-0.036259740591049194
SolProp,-0.90922,-1.101766586303711
SolProp,-0.57113,-0.677150547504425
SolProp,-0.22449,-0.2385377287864685
SolProp,0.35011,0.018404260277748108
SolProp,-0.08904,0.15588432550430298
SolProp,-0.25885,0.09337754547595978
SolProp,-0.30993,0.019585251808166504
SolProp,-0.46907,-0.0657472014427185
SolProp,-0.64393,-0.17490652203559875
SolProp,-0.83601,-0.3391697108745575
SolProp,-1.00462,-0.49400609731674194
SolProp,-1.1048,-0.6736961603164673
SolProp,-1.30915,-0.8471816778182983
SolProp,-1.46476,-1.0139495134353638
SolProp,-1.45919,-1.0834076404571533
SolProp,-1.41783,-0.9888386726379395
SolProp,-1.37029,-0.9037185311317444
SolProp,-1.29456,-0.7707241773605347
SolProp,-1.25502,-0.6990540623664856
SolProp,-1.16953,-0.5846972465515137
SolProp,-1.06242,-0.497441828250885
SolProp,-0.95684,-0.4655994474887848
SolProp,-0.85013,-0.3366858959197998
SolProp,-0.73368,-0.22286351025104523
SolProp,-0.60086,-0.14992105960845947
SolProp,-0.47949,-0.09064500033855438
SolProp,-2.06245,-1.6974159479141235
SolProp,-2.00283,-1.6238930225372314
SolProp,-1.93815,-1.5499051809310913
SolProp,-1.86374,-1.468576192855835
SolProp,-1.77441,-1.3681302070617676
SolProp,-1.69278,-1.2804603576660156
SolProp,-1.60359,-1.1603946685791016
SolProp,-1.5186,-1.0299783945083618
SolProp,-1.42668,-0.9478736519813538
SolProp,-1.58516,-1.4713349342346191
SolProp,-0.45045,-0.9514981508255005
SolProp,-0.14102,-0.6466211676597595
SolProp,0.02213,-0.3078058660030365
SolProp,0.6693,-0.12296454608440399
SolProp,0.75746,-0.013811483979225159
SolProp,-0.92843,-1.2707014083862305
SolProp,-0.90785,-1.1664780378341675
SolProp,-0.89733,-1.0639903545379639
SolProp,-0.88065,-0.9839072823524475
SolProp,-0.87012,-0.8812209367752075
SolProp,-0.85279,-0.7565605044364929
SolProp,-0.71925,-1.1565992832183838
SolProp,-0.54119,-0.8442304134368896
SolProp,-0.2085,-0.6169091463088989
SolProp,0.05544,-0.3569689691066742
SolProp,0.2967,-0.17536818981170654
SolProp,0.70058,-0.06499412655830383
SolProp,0.88429,0.006581947207450867
SolProp,-1.16029,-0.5884340405464172
SolProp,-0.87629,-0.33009541034698486
SolProp,-0.35151,-0.15959006547927856
SolProp,0.05005,0.018039248883724213
SolProp,0.45168,0.15057270228862762
SolProp,0.72577,0.25650492310523987
SolProp,1.18365,0.35233598947525024
SolProp,-8.00127,-2.9358696937561035
SolProp,-7.35769,-2.3835220336914062
SolProp,-5.82703,-1.0774716138839722
SolProp,-4.32014,-0.43806901574134827
SolProp,-2.95203,-0.06827348470687866
SolProp,-4.48753,-2.358696460723877
SolProp,-3.01041,-1.6621884107589722
SolProp,-2.63366,-1.0851184129714966
SolProp,-2.08221,-0.7592819929122925
SolProp,-2.08465,-0.7592821717262268
SolProp,-1.76439,-1.1325533390045166
SolProp,-1.71163,-1.059706687927246
SolProp,-1.6597,-0.9971683621406555
SolProp,-1.60542,-0.9636194705963135
SolProp,-1.53569,-0.9191686511039734
SolProp,-1.45805,-0.8653886914253235
SolProp,-1.38002,-0.8307018280029297
SolProp,-1.28825,-0.791340172290802
SolProp,-1.20721,-0.7330331206321716
SolProp,-1.12557,-0.6996049880981445
SolProp,-1.04343,-0.6441773176193237
SolProp,-0.95409,-0.5968620181083679
SolProp,-0.87552,-0.5642598271369934
SolProp,-0.79526,-0.5388977527618408
SolProp,-0.71477,-0.502066433429718
SolProp,-0.62855,-0.4683002531528473
SolProp,-0.57496,-0.4518386721611023
SolProp,-1.36353,-0.9967909455299377
SolProp,-1.14814,-0.830204427242279
SolProp,-1.06799,-0.7326738238334656
SolProp,-0.97724,-0.6436582207679749
SolProp,-0.89922,-0.5639742612838745
SolProp,-0.80833,-0.5017127990722656
SolProp,-0.67355,-0.43494245409965515
SolProp,-0.59784,-0.3004356920719147
SolProp,-0.5035,-0.23345167934894562
SolProp,-0.45536,-0.20216435194015503
SolProp,-0.42708,-0.17167127132415771
SolProp,-0.34537,-0.14283569157123566
SolProp,-0.28369,-0.1168178915977478
SolProp,-0.19594,-0.0925339013338089
SolProp,0.56485,0.23691248893737793
SolProp,0.57068,0.27287235856056213
SolProp,0.57658,0.296044260263443
SolProp,0.58286,0.3207598924636841
SolProp,0.59581,0.3759722113609314
SolProp,0.60353,0.3882385492324829
SolProp,0.61095,0.3674130439758301
SolProp,0.61631,0.3526516854763031
SolProp,0.62216,0.354219913482666
SolProp,0.63459,0.3998636305332184
SolProp,0.64781,0.44335228204727173
SolProp,0.65022,0.4584476351737976
SolProp,0.65834,0.4857563376426697
SolProp,0.66666,0.5105937123298645
SolProp,0.67109,0.5212737917900085
SolProp,0.68078,0.5496488809585571
SolProp,0.68934,0.5689695477485657
SolProp,0.69586,0.5829493403434753
SolProp,0.53497,0.0945194885134697
SolProp,0.54256,0.13870501518249512
SolProp,0.5543,0.18015384674072266
SolProp,0.56432,0.23407138884067535
SolProp,0.57352,0.286770761013031
SolProp,0.58475,0.3281371593475342
SolProp,0.59777,0.37589967250823975
SolProp,0.60835,0.37468409538269043
SolProp,0.62054,0.3518680930137634
SolProp,0.63078,0.38661307096481323
SolProp,0.64426,0.43217578530311584
SolProp,0.65455,0.47366854548454285
SolProp,0.66659,0.5099109411239624
SolProp,0.67663,0.5422827005386353
SolProp,0.68945,0.5711679458618164
SolProp,0.69595,0.5829492807388306
SolProp,0.10465,0.03751906752586365
SolProp,0.15761,0.07931408286094666
SolProp,0.23334,0.123986154794693
SolProp,0.27234,0.15233248472213745
SolProp,0.31525,0.20223680138587952
SolProp,0.38338,0.26839005947113037
SolProp,0.42775,0.3051499128341675
SolProp,0.43578,0.31137287616729736
SolProp,0.48331,0.35339251160621643
SolProp,0.52016,0.37404754757881165
SolProp,0.55331,0.3799007833003998
SolProp,0.59233,0.36645984649658203
SolProp,0.62107,0.3626096248626709
SolProp,0.63689,0.3652503490447998
SolProp,0.66699,0.37734705209732056
SolProp,0.67624,0.38305386900901794
SolProp,0.62881,0.4646751880645752
SolProp,0.65279,0.4916154444217682
SolProp,0.68104,0.5164647102355957
SolProp,0.70302,0.5394352078437805
SolProp,0.73201,0.5609715580940247
SolProp,0.75864,0.5810586214065552
SolProp,0.78313,0.5999518036842346
SolProp,0.8167,0.6175705194473267
SolProp,0.84352,0.6331077218055725
SolProp,0.86793,0.6479068398475647
SolProp,0.89638,0.6619577407836914
SolProp,0.91792,0.675014317035675
SolProp,0.95007,0.6871953010559082
SolProp,0.977,0.6989266872406006
SolProp,1.00273,0.7102320194244385
SolProp,1.03168,0.7211436033248901
SolProp,1.05952,0.7317394018173218
SolProp,1.08671,0.7421184778213501
SolProp,0.06492,-0.0013843178749084473
SolProp,0.13014,0.05786900594830513
SolProp,0.19434,0.10157980769872665
SolProp,0.2628,0.14297765493392944
SolProp,0.3245,0.20692209899425507
SolProp,0.38432,0.2713613510131836
SolProp,0.44479,0.31904762983322144
SolProp,0.50877,0.3615044057369232
SolProp,0.56778,0.3751659393310547
SolProp,0.63149,0.3638046085834503
SolProp,0.67628,0.38305383920669556
SolProp,-0.79483,-0.6497564911842346
SolProp,-0.85858,-0.6764017939567566
SolProp,-0.92642,-0.7067734003067017
SolProp,-0.99827,-0.7332706451416016
SolProp,-1.07358,-0.760480523109436
SolProp,-1.12998,-0.7903427481651306
SolProp,-1.21415,-0.8245437145233154
SolProp,-1.28089,-0.8651648163795471
SolProp,-1.45979,-0.9103699326515198
SolProp,-1.5663,-0.9620704054832458
SolProp,-1.61142,-1.0332703590393066
SolProp,-1.7147,-1.1228046417236328
SolProp,-1.74931,-1.2553644180297852
SolProp,-1.86726,-1.4218459129333496
SolProp,-1.90126,-1.5744558572769165
SolProp,-2.03023,-1.7687528133392334
SolProp,-2.21748,-1.989500880241394
SolProp,-2.35429,-2.1970605850219727
SolProp,-2.63289,-2.3516597747802734
SolProp,-2.56441,-2.2898504734039307
SolProp,-2.4538,-2.1970603466033936
SolProp,-2.36653,-2.096149444580078
SolProp,-2.28748,-1.9895009994506836
SolProp,-2.19099,-1.8706858158111572
SolProp,-2.09863,-1.7687526941299438
SolProp,-2.01792,-1.6859430074691772
SolProp,-1.92129,-1.5744558572769165
SolProp,-1.8274,-1.5147897005081177
SolProp,-1.72808,-1.4218462705612183
SolProp,-1.64596,-1.337687373161316
SolProp,-1.54814,-1.2553642988204956
SolProp,-1.45983,-1.1842970848083496
SolProp,-1.35486,-1.1228047609329224
SolProp,-1.25941,-1.0742698907852173
SolProp,-1.19537,-1.0490974187850952
SolProp,-2.41466,-2.1962778568267822
SolProp,-2.01711,-1.7674849033355713
SolProp,-1.84115,-1.5737559795379639
SolProp,-1.76604,-1.420867681503296
SolProp,-1.71014,-1.2545924186706543
SolProp,-1.20586,-0.8649457693099976
SolProp,-1.07936,-0.7901842594146729
SolProp,-1.03733,-0.7603381276130676
SolProp,-0.99995,-0.733140230178833
SolProp,-0.96857,-0.7066239714622498
SolProp,-0.90383,-0.6762583255767822
SolProp,-0.84915,-0.649653971195221
SolProp,-3.08728,-1.802473783493042
SolProp,-1.68938,-1.1024266481399536
SolProp,-1.13011,-1.0580990314483643
SolProp,-0.59973,-0.9973080158233643
SolProp,-0.43127,-0.3153541386127472
SolProp,-0.4246,-0.29141202569007874
SolProp,-0.41628,-0.26184725761413574
SolProp,-0.40703,-0.23777060210704803
SolProp,-0.39766,-0.20665612816810608
SolProp,-0.3809,-0.1411113739013672
SolProp,-0.37646,-0.10763411223888397
SolProp,-0.36561,-0.05507935583591461
SolProp,-0.36117,-0.024262957274913788
SolProp,-0.34396,0.05662432312965393
SolProp,-0.33481,0.0718337669968605
SolProp,-0.3251,0.09078313410282135
SolProp,-0.31069,0.07265673577785492
SolProp,-0.30053,0.06838305294513702
SolProp,-0.29301,0.07194335013628006
SolProp,-0.28574,0.07559249550104141
SolProp,-0.27027,0.0781140923500061
SolProp,-0.26285,0.078863225877285
SolProp,-0.25433,0.07936111837625504
SolProp,-0.24667,0.07996857166290283
SolProp,-0.23049,0.08136496692895889
SolProp,-0.2164,0.08297847956418991
SolProp,-0.8541,-0.3286813199520111
SolProp,-0.79232,-0.217840313911438
SolProp,-0.70925,-0.09325138479471207
SolProp,-0.65271,-0.0009132102131843567
SolProp,-0.5822,0.010778531432151794
SolProp,-0.53482,0.03441937267780304
SolProp,-0.47823,0.04322401434183121
SolProp,-0.49154,-0.372261106967926
SolProp,-0.43679,-0.35121381282806396
SolProp,-0.36531,-0.3273371160030365
SolProp,-0.3133,-0.30389752984046936
SolProp,-0.27723,-0.2629372179508209
SolProp,-0.234,-0.22156816720962524
SolProp,-0.18221,-0.17948728799819946
SolProp,-0.13759,-0.1410011649131775
SolProp,-0.08081,-0.07793707400560379
SolProp,-0.02734,-0.03545086830854416
SolProp,0.00974,-0.005866788327693939
SolProp,0.02126,-0.0021819621324539185
SolProp,-0.18834,0.010778434574604034
SolProp,-0.13439,0.025823861360549927
SolProp,-0.10558,0.03441939502954483
SolProp,-0.05441,0.03689849376678467
SolProp,-0.03088,0.043224092572927475
SolProp,-0.00286,0.05358026921749115
SolProp,0.01276,0.060877133160829544
SolProp,0.05175,0.06829703599214554
SolProp,0.09008,0.0766226276755333
SolProp,0.12126,0.08351203799247742
SolProp,0.16872,0.0885283350944519
SolProp,0.18805,0.09478478133678436
SolProp,0.23141,0.10320650041103363
SolProp,0.27689,0.11299774050712585
SolProp,0.29491,0.12235432118177414
SolProp,0.34159,0.13136696815490723
SolProp,0.37326,0.14006534218788147
SolProp,0.41093,0.148447185754776
SolProp,0.42981,0.15681523084640503
SolProp,0.48126,0.1650376319885254
SolProp,0.52212,0.17300616204738617
SolProp,0.55123,0.18073944747447968
SolProp,0.59333,0.18824976682662964
SolProp,0.64406,0.1955239325761795
SolProp,0.6895,0.20257262885570526
SolProp,0.73476,0.209433913230896
SolProp,-2.32145,-1.0853619575500488
SolProp,-0.92,-0.37386348843574524
SolProp,-3.99074,-1.9740358591079712
SolProp,-1.88231,-0.601658821105957
SolProp,-1.05546,-0.519991934299469
SolProp,-0.21629,-0.45815128087997437
SolProp,-3.17335,-1.0750623941421509
SolProp,-2.78473,-0.8294352293014526
SolProp,-2.33544,-0.6548768281936646
SolProp,-1.92111,-0.602046549320221
SolProp,-1.52286,-0.5607093572616577
SolProp,-1.07262,-0.5197038650512695
SolProp,-0.6612,-0.4867737293243408
SolProp,-0.25015,-0.45745837688446045
SolProp,0.11733,-0.42936354875564575
SolProp,-1.8967,-0.6001164317131042
SolProp,-1.08492,-0.5201364755630493
SolProp,-0.26773,-0.45795291662216187
SolProp,-3.10914,-0.5197761058807373
SolProp,-3.20898,-0.5347087383270264
SolProp,-3.33816,-0.5514103770256042
SolProp,-3.40901,-0.5666592717170715
SolProp,-3.46335,-0.5830510854721069
SolProp,-3.70687,-0.6013687252998352
SolProp,-3.7887,-0.621405839920044
SolProp,-3.87496,-0.6448096036911011
SolProp,-4.0074,-0.677221417427063
SolProp,-4.16858,-0.7407732009887695
SolProp,-4.37129,-0.8318945169448853
SolProp,-4.42606,-0.9343195557594299
SolProp,-4.48981,-1.0289353132247925
SolProp,-4.56634,-1.156869888305664
SolProp,-4.66102,-1.2390424013137817
SolProp,-4.78364,-1.3665049076080322
SolProp,-4.95789,-1.6254574060440063
SolProp,-4.95639,-1.8609676361083984
SolProp,-3.55438,-1.8862773180007935
SolProp,-3.51176,-1.7545349597930908
SolProp,-3.41482,-1.4678332805633545
SolProp,-3.31876,-1.293955683708191
SolProp,-3.19802,-1.2295674085617065
SolProp,-3.09077,-1.08324134349823
SolProp,-2.99293,-0.9843496084213257
SolProp,-2.8558,-0.8828823566436768
SolProp,-2.7481,-0.7407731413841248
SolProp,-2.51901,-0.632929265499115
SolProp,-2.39761,-0.6064873933792114
SolProp,-2.13407,-0.5779199600219727
SolProp,-1.99651,-0.5577060580253601
SolProp,-1.89905,-0.5514104962348938
SolProp,-1.78176,-0.5347088575363159
SolProp,-1.68281,-0.5058878660202026
SolProp,-1.8395,-1.5829885005950928
SolProp,-0.6357,-0.9198855757713318
SolProp,-0.16633,-0.821698009967804
SolProp,0.29276,-0.7532188892364502
SolProp,-1.97508,-1.6494107246398926
SolProp,-1.87183,-1.5417602062225342
SolProp,-1.75513,-1.4747639894485474
SolProp,-1.6481,-1.3776071071624756
SolProp,-1.5315,-1.303452730178833
SolProp,-1.39707,-1.2338029146194458
SolProp,-1.28798,-1.1512153148651123
SolProp,-1.17947,-1.093591332435608
SolProp,-1.07895,-1.04791259765625
SolProp,-1.85654,-1.551110863685608
SolProp,-1.68812,-1.4209495782852173
SolProp,-1.53873,-1.312355875968933
SolProp,-1.454,-1.272444725036621
SolProp,-1.33087,-1.1864272356033325
SolProp,-1.20696,-1.1328097581863403
SolProp,-1.11399,-1.0836600065231323
SolProp,-1.06878,-1.0560158491134644
SolProp,-0.98852,-1.0435173511505127
SolProp,-0.90616,-1.0070013999938965
SolProp,-0.80486,-0.9770343899726868
SolProp,-0.68598,-0.9523012638092041
SolProp,-0.58609,-0.9347253441810608
SolProp,-0.48468,-0.9195922017097473
SolProp,-0.39411,-0.90274977684021
SolProp,-0.29545,-0.8801882266998291
SolProp,-0.19324,-0.859012246131897
SolProp,-0.1124,-0.8392848968505859
SolProp,-0.02785,-0.8213497996330261
SolProp,-1.00374,-1.0435172319412231
SolProp,-0.96592,-1.007001280784607
SolProp,-0.94036,-0.9770346879959106
SolProp,-0.76105,-0.9523012638092041
SolProp,-0.74965,-0.9347253441810608
SolProp,-0.62592,-0.9195924401283264
SolProp,-0.5264,-0.9027498960494995
SolProp,-0.45557,-0.8801882863044739
SolProp,-0.38641,-0.8590121865272522
SolProp,-1.69329,-1.459700107574463
SolProp,-1.61325,-1.3690457344055176
SolProp,-1.50806,-1.2941720485687256
SolProp,-1.3733,-1.2276684045791626
SolProp,-1.28718,-1.1463831663131714
SolProp,-1.16385,-1.0877724885940552
SolProp,0.36532,-0.12590448558330536
SolProp,0.36538,-0.09102414548397064
SolProp,0.3654,-0.0595678836107254
SolProp,0.36631,0.012267038226127625
SolProp,0.3669,0.06292379647493362
SolProp,0.36782,0.12011898308992386
SolProp,0.3693,0.18676891922950745
SolProp,0.37125,0.2495177686214447
SolProp,0.3726,0.23473823070526123
SolProp,0.37462,0.20760507881641388
SolProp,0.37696,0.21208082139492035
SolProp,0.37998,0.22762109339237213
SolProp,0.38257,0.24154670536518097
SolProp,0.38362,0.2483227252960205
SolProp,0.3857,0.2553538680076599
SolProp,0.38868,0.2633301615715027
SolProp,0.39264,0.2753315567970276
SolProp,0.39476,0.2839414179325104
SolProp,0.40001,0.29907283186912537
SolProp,-1.02135,-0.8564817905426025
SolProp,-1.29615,-0.8588756918907166
SolProp,-0.50287,-0.10484665632247925
SolProp,-3.14201,-1.7180724143981934
SolProp,-0.81536,-0.297545850276947
SolProp,0.11549,-0.21947312355041504
SolProp,-2.96423,-1.6272709369659424
SolProp,-2.78495,-1.32912278175354
SolProp,-2.60387,-1.0724382400512695
SolProp,-2.40664,-1.0256805419921875
SolProp,-2.21746,-0.8411597609519958
SolProp,-2.09848,-0.7636582255363464
SolProp,-2.04342,-0.7300944328308105
SolProp,-1.90863,-0.6430155634880066
SolProp,-2.96787,-1.6620882749557495
SolProp,-2.89265,-1.480453372001648
SolProp,-2.75302,-1.203481674194336
SolProp,-2.5728,-1.0483042001724243
SolProp,-2.4067,-1.025680422782898
SolProp,-2.24767,-0.8624263405799866
SolProp,-2.05533,-0.7483412623405457
SolProp,-1.87737,-0.6230947375297546
SolProp,-1.515,-0.489393949508667
SolProp,-1.31485,-0.40929263830184937
SolProp,-1.09668,-0.3357708752155304
SolProp,-0.86379,-0.2972344160079956
SolProp,-0.66321,-0.26846009492874146
SolProp,-0.51157,-0.24340008199214935
SolProp,-1.52309,-0.5653767585754395
SolProp,-1.38387,-0.4741857647895813
SolProp,-1.24651,-0.40899670124053955
SolProp,-1.08142,-0.3538765013217926
SolProp,-0.98207,-0.3211815357208252
SolProp,-0.79871,-0.2971309423446655
SolProp,-0.6758,-0.27765828371047974
SolProp,-0.51392,-0.259443461894989
SolProp,-0.37017,-0.24332429468631744
SolProp,-0.2301,-0.2311205416917801
SolProp,-0.11312,-0.21923106908798218
SolProp,-1.72651,-0.565376341342926
SolProp,-1.56381,-0.4741854965686798
SolProp,-1.37042,-0.40899717807769775
SolProp,-1.19042,-0.35387668013572693
SolProp,-1.06269,-0.3211817741394043
SolProp,-0.84401,-0.2971310615539551
SolProp,-0.74739,-0.2776581048965454
SolProp,-0.57951,-0.25944364070892334
SolProp,-0.43089,-0.24332427978515625
SolProp,-0.32585,-0.2311207801103592
SolProp,-1.37988,-1.5342726707458496
SolProp,-1.22975,-1.3239448070526123
SolProp,-1.07877,-1.0620712041854858
SolProp,-0.9047,-0.8920688629150391
SolProp,-0.72274,-0.8603990077972412
SolProp,-0.54452,-0.6917390823364258
SolProp,-0.35344,-0.5595511198043823
SolProp,-0.17375,-0.4453464448451996
SolProp,0.12245,-0.338527113199234
SolProp,0.77804,-0.16710861027240753
SolProp,1.08833,-0.08416873216629028
SolProp,0.40472,-0.019135281443595886
SolProp,0.31555,-0.031628161668777466
SolProp,-0.16235,-0.04776604473590851
SolProp,-0.23857,-0.06810431182384491
SolProp,-0.43313,-0.09050419926643372
SolProp,-0.62617,-0.1179884746670723
SolProp,-0.83884,-0.16516172885894775
SolProp,-1.01113,-0.23796454071998596
SolProp,-1.41959,-0.35266077518463135
SolProp,-1.56017,-0.5091467499732971
SolProp,-1.70885,-0.7104719281196594
SolProp,-1.98425,-0.8639932870864868
SolProp,-2.11457,-1.047211766242981
SolProp,-2.25888,-1.2093417644500732
SolProp,-2.47924,-1.378489375114441
SolProp,-2.55755,-1.448650598526001
SolProp,0.66937,0.28205356001853943
SolProp,0.77426,0.41914933919906616
SolProp,0.95287,0.5914475917816162
SolProp,1.0722,0.7413935661315918
SolProp,1.27138,0.9360554218292236
SolProp,1.60544,1.0846683979034424
SolProp,1.82578,1.2000764608383179
SolProp,2.01435,1.2958049774169922
SolProp,-1.92844,-0.9772811532020569
SolProp,-1.6244,-0.8494493961334229
SolProp,-1.43012,-0.64500492811203
SolProp,-1.14091,-0.484406054019928
SolProp,-0.89744,-0.286683589220047
SolProp,-0.77567,-0.12790092825889587
SolProp,-0.56133,-0.0320124477148056
SolProp,-0.55893,0.0364101380109787
SolProp,-2.28458,-1.747160792350769
SolProp,-2.15763,-1.6367807388305664
SolProp,-2.03054,-1.5354076623916626
SolProp,-1.88366,-1.4509309530258179
SolProp,-1.80157,-1.3716862201690674
SolProp,-1.85849,-1.374071478843689
SolProp,-1.12745,-0.14012540876865387
SolProp,-0.94066,-0.8025729656219482
SolProp,-1.00698,-0.9013447165489197
SolProp,-1.07332,-0.9810601472854614
SolProp,-1.315,-1.2867324352264404
SolProp,-1.20405,-1.1409777402877808
SolProp,-1.13666,-1.0654075145721436
SolProp,-1.26202,-1.228114366531372
SolProp,-0.94075,-0.8005373477935791
SolProp,-1.00698,-0.8987162709236145
SolProp,-1.07341,-0.9786655902862549
SolProp,-1.3209,-1.2885260581970215
SolProp,-1.2043,-1.1382129192352295
SolProp,-1.1237,-1.0487242937088013
SolProp,-1.13675,-1.063425898551941
SolProp,-1.26192,-1.2214487791061401
SolProp,-1.03356,-0.9334129095077515
SolProp,-1.07371,-0.9810599088668823
SolProp,-1.0078,-0.9013445377349854
SolProp,-0.94256,-0.8025729656219482
SolProp,-0.25856,0.271621435880661
SolProp,-0.23948,0.3303379714488983
SolProp,-0.22538,0.3676527738571167
SolProp,-0.11673,0.3914076089859009
SolProp,-2.83432,-1.9381407499313354
SolProp,-2.69452,-1.8569209575653076
SolProp,-2.53314,-1.770068883895874
SolProp,-2.38005,-1.6846786737442017
SolProp,-2.26973,-1.5910124778747559
SolProp,-2.18036,-1.4920449256896973
SolProp,-2.09586,-1.3810573816299438
SolProp,-2.02994,-1.255537509918213
SolProp,-1.97818,-1.1379424333572388
SolProp,-2.38728,-1.5937563180923462
SolProp,-1.40463,-0.18725205957889557
SolProp,-3.32358,-3.6823172569274902
SolProp,-3.22581,-3.458251714706421
SolProp,-3.1058,-3.2524354457855225
SolProp,-2.91797,-2.7512848377227783
SolProp,-2.40265,-2.0691723823547363
SolProp,-1.94262,-1.4737327098846436
SolProp,-7.82518,-2.2532808780670166
SolProp,-7.21939,-1.60868501663208
SolProp,-5.79706,-0.4732341766357422
SolProp,-0.1538,-0.4034929573535919
SolProp,-0.27798,-0.4280710220336914
SolProp,-0.39309,-0.4572863280773163
SolProp,-0.51038,-0.4889480173587799
SolProp,-0.62483,-0.5236052870750427
SolProp,-0.73474,-0.5621631741523743
SolProp,-0.8461,-0.6068506240844727
SolProp,-0.96106,-0.6553378105163574
SolProp,-1.07762,-0.7019107937812805
SolProp,-1.18908,-0.764107346534729
SolProp,-1.29992,-0.8523564338684082
SolProp,-1.41781,-1.020741581916809
SolProp,-1.52988,-1.203804850578308
SolProp,-1.6487,-1.3923367261886597
SolProp,-1.76408,-1.5809931755065918
SolProp,-1.88025,-1.8287181854248047
SolProp,-0.1317,-0.41588830947875977
SolProp,-0.25839,-0.439317524433136
SolProp,-0.38088,-0.46417877078056335
SolProp,-0.49675,-0.49556398391723633
SolProp,-0.61704,-0.5306956768035889
SolProp,-0.73466,-0.569664716720581
SolProp,-0.84603,-0.6143438816070557
SolProp,-0.96518,-0.6633539199829102
SolProp,-1.0774,-0.7138988375663757
SolProp,-1.19947,-0.7753137350082397
SolProp,-1.31244,-0.8614009022712708
SolProp,-1.43551,-1.0309042930603027
SolProp,-1.55511,-1.2150719165802002
SolProp,-1.66783,-1.399505615234375
SolProp,-1.78626,-1.5789521932601929
SolProp,-1.89897,-1.823627233505249
SolProp,-0.0566,0.07254107296466827
SolProp,-0.14519,0.04614853486418724
SolProp,-0.23807,0.018056096509099007
SolProp,-0.33005,-0.008941616863012314
SolProp,-0.42047,-0.038661014288663864
SolProp,-0.51546,-0.07724043726921082
SolProp,-0.60663,-0.12101501226425171
SolProp,-0.69931,-0.16527044773101807
SolProp,-0.79048,-0.2110704779624939
SolProp,-0.88129,-0.2694120407104492
SolProp,-0.97476,-0.35925859212875366
SolProp,-1.06685,-0.46374788880348206
SolProp,-1.1552,-0.5211204886436462
SolProp,-1.24867,-0.5897554159164429
SolProp,-1.33458,-0.6868085265159607
SolProp,-1.42238,-0.7906522750854492
SolProp,-0.28696,-0.6159526705741882
SolProp,-0.39236,-0.6441774368286133
SolProp,-0.49237,-0.6742299199104309
SolProp,-0.60058,-0.7060544490814209
SolProp,-0.70292,-0.7437753081321716
SolProp,-0.80731,-0.7851462960243225
SolProp,-0.91573,-0.8321804404258728
SolProp,-1.03667,-0.880939781665802
SolProp,-1.14141,-0.9419223666191101
SolProp,-1.24403,-1.005164623260498
SolProp,-1.36319,-1.071456789970398
SolProp,-1.46729,-1.1556509733200073
SolProp,-1.58933,-1.2657066583633423
SolProp,-1.70191,-1.4275195598602295
SolProp,-1.82379,-1.5958551168441772
SolProp,-1.92843,-1.8215051889419556
SolProp,-2.05365,-2.0399985313415527
SolProp,-2.16887,-2.2247698307037354
SolProp,-0.29976,-0.6159526109695435
SolProp,-0.39297,-0.6441774368286133
SolProp,-0.50921,-0.6742300987243652
SolProp,-0.64283,-0.7060543298721313
SolProp,-0.69298,-0.743774950504303
SolProp,-0.80804,-0.785146176815033
SolProp,-0.91624,-0.8321802020072937
SolProp,-1.03874,-0.8809396624565125
SolProp,-1.15203,-0.9419224858283997
SolProp,-1.26504,-1.005164384841919
SolProp,-1.37094,-1.0714561939239502
SolProp,-1.48556,-1.1556504964828491
SolProp,-1.60501,-1.2657066583633423
SolProp,-1.72109,-1.42751944065094
SolProp,-1.8316,-1.5958553552627563
SolProp,-1.95964,-1.8215055465698242
SolProp,-2.05473,-2.0399985313415527
SolProp,-2.17818,-2.2247698307037354
SolProp,-0.64708,-0.000533130019903183
SolProp,-0.56009,0.11924503743648529
SolProp,-0.50542,0.21855175495147705
SolProp,-0.43255,0.36862772703170776
SolProp,-0.39369,0.44618481397628784
SolProp,-0.34158,0.5352659225463867
SolProp,-0.29828,0.6042255163192749
SolProp,-0.25256,0.6734920740127563
SolProp,-0.22959,0.705107569694519
SolProp,-0.12806,0.48716631531715393
SolProp,-0.05137,0.6194425821304321
SolProp,0.01686,0.6430171728134155
SolProp,0.07145,0.7297433614730835
SolProp,0.13853,0.7937349081039429
SolProp,0.18655,0.8420308232307434
SolProp,0.23085,0.8745795488357544
SolProp,0.25628,0.8896673917770386
SolProp,0.29197,0.9075559377670288
SolProp,0.32602,0.9233475923538208
SolProp,-1.30479,-0.5220470428466797
SolProp,-1.21684,-0.3937017023563385
SolProp,-1.15164,-0.3005693256855011
SolProp,-1.09522,-0.22149410843849182
SolProp,-1.02258,-0.12528052926063538
SolProp,-0.98542,-0.07739289104938507
SolProp,-0.96558,-0.05284988135099411
SolProp,-0.93742,-0.01999751292169094
SolProp,-0.93291,-0.01463809423148632
SolProp,-0.96959,-0.2861419916152954
SolProp,-0.89416,-0.12152539193630219
SolProp,-0.79912,0.002837827429175377
SolProp,-0.77118,0.06544553488492966
SolProp,-0.70244,0.17314700782299042
SolProp,-0.6721,0.22280451655387878
SolProp,-0.65673,0.24610164761543274
SolProp,-0.64009,0.2740325331687927
SolProp,-0.60202,0.3335835337638855
SolProp,-0.55229,0.4085049629211426
SolProp,1.04477,0.780624270439148
SolProp,1.05562,0.8569050431251526
SolProp,1.06586,0.9014083743095398
SolProp,1.07357,0.9359116554260254
SolProp,1.08215,0.9771468639373779
SolProp,1.09156,1.0079816579818726
SolProp,1.10135,1.0466632843017578
SolProp,1.11267,1.073674201965332
SolProp,1.13484,1.1116724014282227
SolProp,1.1626,1.1486859321594238
SolProp,1.19115,1.1581437587738037
SolProp,1.21623,1.2006889581680298
SolProp,1.24601,1.251405119895935
SolProp,1.27093,1.2874258756637573
SolProp,1.29966,1.320957064628601
SolProp,1.3462,1.3575599193572998
SolProp,1.39752,1.3895268440246582
SolProp,1.45297,1.4163132905960083
SolProp,1.4858,1.4325108528137207
SolProp,-0.73,-1.0048896074295044
SolProp,-0.58052,-0.9521676301956177
SolProp,-0.41189,-0.8723182678222656
SolProp,-0.27187,-0.7961148619651794
SolProp,-0.13962,-0.708585798740387
SolProp,-0.01255,-0.6248417496681213
SolProp,0.10208,-0.5629980564117432
SolProp,0.20364,-0.5176796317100525
SolProp,-0.1207,0.27431416511535645
SolProp,-0.07796,0.3199611008167267
SolProp,-0.00933,0.38401997089385986
SolProp,0.06479,0.43943512439727783
SolProp,0.13415,0.5003269910812378
SolProp,0.21494,0.5563743114471436
SolProp,0.26696,0.5798645615577698
SolProp,0.33059,0.6068880558013916
SolProp,0.4099,0.6040166020393372
SolProp,0.4751,0.6135798096656799
SolProp,0.51525,0.6401264071464539
SolProp,0.55699,0.6790773868560791
SolProp,0.62024,0.7310301065444946
SolProp,0.6819,0.774223804473877
SolProp,0.76147,0.8161705732345581
SolProp,0.83356,0.843501091003418
SolProp,0.89523,0.8636947274208069
SolProp,0.96207,0.8844562768936157
SolProp,0.98851,0.8904862403869629
SolProp,0.410287511690034,-0.15040288865566254
SolProp,0.450111020228878,0.06012726202607155
SolProp,-0.261831359938447,-0.6062527894973755
SolProp,-0.093697263910609,-0.24743181467056274
SolProp,0.013377696055468,-0.1961302012205124
SolProp,0.038607560353621,-0.1961301565170288
SolProp,0.144180707573244,-0.11443778872489929
SolProp,0.056802858651285,-0.3409310281276703
SolProp,-3.90525693299735,-3.3798024654388428
SolProp,-3.7662145357747,-3.2820236682891846
SolProp,-3.62584504677965,-3.18057918548584
SolProp,-3.49462556064602,-3.083719491958618
SolProp,-3.39375073792751,-2.981889009475708
SolProp,-3.29042708090659,-2.8903884887695312
SolProp,-3.20065176899168,-2.811995506286621
SolProp,-2.99488056177507,-2.526409864425659
SolProp,-3.10104916683403,-2.709677219390869
SolProp,-2.92243614791669,-2.3908519744873047
SolProp,-2.84870443025917,-2.4200899600982666
SolProp,-3.00453778594461,-2.6075892448425293
SolProp,-2.76192765091833,-2.2840423583984375
SolProp,-2.73750791088019,-2.3193604946136475
SolProp,-2.44419291208861,-1.8559876680374146
SolProp,-2.560252826151,-2.221273899078369
SolProp,-2.63323904963369,-2.18455171585083
SolProp,-2.63264749788681,-2.228898525238037
SolProp,-2.70223358968668,-2.510582685470581
SolProp,-2.34150583656194,-1.7542266845703125
SolProp,-2.43894836721269,-2.120018720626831
SolProp,-2.54307475412022,-2.100276231765747
SolProp,-2.54797437075136,-2.1391141414642334
SolProp,-2.24629140643378,-1.6654293537139893
SolProp,-2.58600851894355,-2.3964684009552
SolProp,-2.46973124735042,-2.006382942199707
SolProp,-2.45319998029321,-2.014453649520874
SolProp,-2.34024499702193,-2.032649278640747
SolProp,-2.16256005157407,-1.594176173210144
SolProp,-2.48197704749581,-2.288557529449463
SolProp,-2.38147786610762,-1.9057422876358032
SolProp,-2.25260662560741,-1.9540208578109741
SolProp,-2.36296449961586,-1.8865582942962646
SolProp,-2.07900414706509,-1.5287957191467285
SolProp,-2.38711578585686,-2.1966209411621094
SolProp,-2.38864579361402,-2.2701573371887207
SolProp,-2.29753876993292,-1.822300672531128
SolProp,-2.27582002890649,-1.7943289279937744
SolProp,-2.0062415616679,-1.4166381359100342
SolProp,-2.1628584741624,-1.8688392639160156
SolProp,-2.29916380989557,-2.106464147567749
SolProp,-1.92866849954369,-1.330136775970459
SolProp,-2.0838769707075,-1.7520350217819214
SolProp,-2.203198087657,-1.7135977745056152
SolProp,-2.18634400005166,-1.7155673503875732
SolProp,-2.26942036289788,-2.1798245906829834
SolProp,-2.21947601929685,-1.9788552522659302
SolProp,-2.00269620902336,-1.669975757598877
SolProp,-1.83803327218665,-1.2503082752227783
SolProp,-2.07357586524412,-1.6171200275421143
SolProp,-2.17370140654401,-2.0809037685394287
SolProp,-1.87725464951021,-1.7880699634552002
SolProp,-2.13304399749509,-1.8760416507720947
SolProp,-1.91005692366049,-1.5857067108154297
SolProp,-1.74778321731823,-1.1727344989776611
SolProp,-2.09293912025499,-2.0117104053497314
SolProp,-2.03917286301953,-1.7947933673858643
SolProp,-1.78150349784085,-1.6941542625427246
SolProp,-1.82230836515608,-1.4786914587020874
SolProp,-1.99655416647756,-1.9474759101867676
SolProp,-1.95601340791065,-1.6951634883880615
SolProp,-1.69223826278555,-1.590433120727539
SolProp,-1.92039026114269,-1.8682000637054443
SolProp,-1.592053096839,-1.5055032968521118
SolProp,-1.84950328369406,-1.798201084136963
SolProp,-1.5010260613831,-1.4199568033218384
SolProp,-1.77390309200072,-1.7236944437026978
SolProp,-1.70046690085154,-1.4696913957595825
SolProp,-1.70730673335046,-1.6372334957122803
SolProp,-1.42490069318903,-1.3397071361541748
SolProp,-1.62225689682603,-1.4410579204559326
SolProp,-1.35450137575737,-1.2766578197479248
SolProp,-1.54450478621108,-1.8407206535339355
SolProp,-1.53613587818415,-1.3895961046218872
SolProp,-1.51843585095865,-1.749570369720459
SolProp,-1.27788218621131,-1.2204921245574951
SolProp,-1.49035883763519,-1.65526282787323
SolProp,-1.46149454700093,-1.3308169841766357
SolProp,-1.46220583543875,-1.5872230529785156
SolProp,-1.42989218286966,-1.518716812133789
SolProp,-1.20252196648986,-1.1603121757507324
SolProp,-1.39429212726109,-1.2531652450561523
SolProp,-1.39901873250589,-1.4312077760696411
SolProp,-1.36516791678444,-1.3637645244598389
SolProp,-1.30992382663927,-1.1880598068237305
SolProp,-1.3285658328674,-1.2885956764221191
SolProp,-1.29638430471174,-1.2046910524368286
SolProp,-0.635429283455845,-0.3904893398284912
SolProp,-0.613197817215061,-0.3411253094673157
SolProp,-0.592633279864539,-0.286849707365036
SolProp,-0.569094866414265,-0.24705243110656738
SolProp,-0.646759548816977,-0.431281715631485
SolProp,-0.546580638390894,-0.20933465659618378
SolProp,-0.522824787936481,-0.1655580848455429
SolProp,-0.588021155698553,-0.3863489329814911
SolProp,-0.498370488398153,-0.13802234828472137
SolProp,-0.47218212219344,-0.09095753729343414
SolProp,-0.533673935851723,-0.33489999175071716
SolProp,-0.445614500376329,-0.03366057574748993
SolProp,-0.485902975862575,-0.3004254102706909
SolProp,-0.435178111783765,-0.25791001319885254
SolProp,-0.391105150233589,-0.20026865601539612
SolProp,-0.349687080706524,-0.1765703707933426
SolProp,-0.302639204581486,-0.12423574179410934
SolProp,-0.260062110651911,-0.0653054416179657
SolProp,-2.53777389143607,-2.3841633796691895
SolProp,-2.49973007006423,-2.3271284103393555
SolProp,-2.33503154453745,-2.149717092514038
SolProp,-2.39543377887946,-2.229983329772949
SolProp,-2.15078546611119,-2.1374497413635254
SolProp,-1.98833238718399,-1.6972854137420654
SolProp,-2.12867215918272,-2.084627628326416
SolProp,-2.21411710503905,-2.095296859741211
SolProp,-1.93060059648557,-1.6357053518295288
SolProp,-2.03883816566976,-1.996220350265503
SolProp,-2.12380733389045,-2.069342613220215
SolProp,-2.12657018155713,-2.018571376800537
SolProp,-2.18853768703074,-2.1613855361938477
SolProp,-1.83251922897824,-1.5348520278930664
SolProp,-2.1900793423225,-2.065707206726074
SolProp,-1.98694613211901,-1.954582691192627
SolProp,-2.04367356996637,-2.026157855987549
SolProp,-2.12205369076283,-2.059605836868286
SolProp,-2.05119745134559,-1.9531261920928955
SolProp,-1.92937275824994,-1.9082485437393188
SolProp,-2.09965890806061,-2.026923894882202
SolProp,-1.98256815641674,-1.967178225517273
SolProp,-1.98875848848286,-1.893261194229126
SolProp,-1.83961157492335,-1.825829029083252
SolProp,-2.03065117866211,-1.9657623767852783
SolProp,-2.01484243139394,-1.9617218971252441
SolProp,-1.9297226999638,-1.841186285018921
SolProp,-1.63276380978207,-1.3587429523468018
SolProp,-1.91531695566268,-1.8993141651153564
SolProp,-1.82943868656372,-1.841861367225647
SolProp,-1.83860869388258,-1.7752524614334106
SolProp,-1.54830420479197,-1.2870756387710571
SolProp,-1.63878083253188,-1.6350188255310059
SolProp,-1.82069705566051,-1.8171595335006714
SolProp,-1.79556919304539,-1.795861840248108
SolProp,-1.39984473385915,-1.160179615020752
SolProp,-1.54422400969329,-1.5436429977416992
SolProp,-1.63096794279269,-1.6553936004638672
SolProp,-1.63854046299773,-1.5926295518875122
SolProp,-1.43688230721935,-1.6898783445358276
SolProp,-1.62207636735401,-1.636922001838684
SolProp,-1.43343542798963,-1.4248566627502441
SolProp,-1.2738736255394,-1.0574607849121094
SolProp,-1.53271160882568,-1.5538557767868042
SolProp,-1.54393889445589,-1.513649344444275
SolProp,-1.59249207378097,-1.6177884340286255
SolProp,-1.31813931618827,-1.5840258598327637
SolProp,-1.34438114098806,-1.3582476377487183
SolProp,-1.5276270948484,-1.525140643119812
SolProp,-1.17680716032434,-0.9911408424377441
SolProp,-1.50433948232459,-1.5354816913604736
SolProp,-1.38703180570126,-1.408240795135498
SolProp,-1.38381484746802,-1.3953956365585327
SolProp,-1.19326169770508,-1.4836657047271729
SolProp,-1.44360720093803,-1.4858955144882202
SolProp,-1.21003034973914,-1.263041615486145
SolProp,-1.3683830947907,-1.3636667728424072
SolProp,-1.37544584780029,-2.0683670043945312
SolProp,-1.26502236471894,-1.3213071823120117
SolProp,-1.34107562163259,-2.021324396133423
SolProp,-1.03911041930809,-1.3211899995803833
SolProp,-1.25428008212573,-1.359093427658081
SolProp,-1.26040775161613,-1.9392696619033813
SolProp,-1.14435868358721,-1.232832431793213
SolProp,-1.19563299423348,-1.8787128925323486
SolProp,-0.908143438781434,-1.2092113494873047
SolProp,-1.15522450881543,-1.8376237154006958
SolProp,-1.13788810207776,-1.1926642656326294
SolProp,-1.09263022571859,-1.7465327978134155
SolProp,-1.03830334624506,-1.6953874826431274
SolProp,-0.761585521573746,-1.119973063468933
SolProp,-0.983940793918907,-1.6353280544281006
SolProp,-0.63747148144375,-1.0465325117111206
SolProp,-0.887707028750611,-1.5404630899429321
SolProp,-0.814525308446467,-1.4924033880233765
SolProp,-0.742943563824629,-1.4505518674850464
SolProp,-1.41736420779749,-1.1744376420974731
SolProp,-1.11085576518811,-0.9462569355964661
SolProp,-1.18550746673166,-1.031701922416687
SolProp,-1.009628197766,-0.8830708861351013
SolProp,-0.899358462434054,-0.8180578351020813
SolProp,-0.887092737835906,-0.796629786491394
SolProp,-0.144902374104565,-0.3347536027431488
SolProp,-0.87102093512681,-0.7356719374656677
SolProp,-0.736462183188093,-0.6594719886779785
SolProp,-0.654799404558799,-0.6606755256652832
SolProp,-0.506316637371883,-0.6052780151367188
SolProp,-0.737390365842879,-0.6547499895095825
SolProp,0.027035650756057,-0.1315932422876358
SolProp,-0.696569070919692,-0.6262657642364502
SolProp,-0.573325539988021,-0.49760013818740845
SolProp,-0.571764667795269,-0.5014915466308594
SolProp,-0.541412943320982,-0.5135610103607178
SolProp,-0.462229608926821,-0.4966629445552826
SolProp,0.184841701734335,0.04973959922790527
SolProp,-0.453141254721411,-0.42594438791275024
SolProp,-0.401031035290714,-0.3633827567100525
SolProp,-0.179325170561705,-0.44338124990463257
SolProp,-0.254567247574259,-0.6468353867530823
SolProp,-0.4178539965855,-0.3572007119655609
SolProp,-0.314967098763986,-0.2737843692302704
SolProp,-0.436798156320351,-0.47493600845336914
SolProp,-0.324229194523106,-0.30926352739334106
SolProp,-0.297834365359175,-0.22760359942913055
SolProp,0.382744128897915,0.21265804767608643
SolProp,-0.307129627903623,-0.35397425293922424
SolProp,-0.290308635371409,-0.3690762221813202
SolProp,-0.206748048163241,-0.21059909462928772
SolProp,-0.127433232529984,-0.5678437352180481
SolProp,-0.171574871487592,-0.09012534469366074
SolProp,-0.283945380809162,-0.3206760287284851
SolProp,-0.201687778055198,-0.21264034509658813
SolProp,0.045830154911324,-0.180439293384552
SolProp,-0.164360553720079,-0.1662050038576126
SolProp,0.010443146014356,-0.5057632327079773
SolProp,-0.143024620193416,-0.19361597299575806
SolProp,-0.128527701339887,-0.21050788462162018
SolProp,-0.08152676393552,-0.04359251260757446
SolProp,-0.025912170154237,0.04964613914489746
SolProp,0.01463624324927,-0.04479821026325226
SolProp,0.640721444316659,0.3227330148220062
SolProp,-0.129199107165592,-0.13774195313453674
SolProp,0.14990933929717,0.08201494067907333
SolProp,0.130187899577092,-0.42064622044563293
SolProp,0.017288734610507,0.018294349312782288
SolProp,0.03515293584603,-0.005924468860030174
SolProp,0.157409787457599,-0.1423550397157669
SolProp,0.225472138417511,-0.3305724859237671
SolProp,0.152666679593114,0.17968790233135223
SolProp,0.105822197137916,-0.025547416880726814
SolProp,0.328868745689332,0.24494075775146484
SolProp,0.054153137947806,0.08388030529022217
SolProp,0.542504997018237,0.4957379996776581
SolProp,0.228196845505268,0.09760741889476776
SolProp,0.447195776084943,0.02346518635749817
SolProp,0.210370336343672,0.21216073632240295
SolProp,0.216264055852605,0.23858550190925598
SolProp,0.336712002898532,0.014660727232694626
SolProp,0.327942995567479,0.38669344782829285
SolProp,0.258397892510601,0.19502711296081543
SolProp,0.497375819262446,0.43761709332466125
SolProp,0.227345248374393,0.25873222947120667
SolProp,0.69130608111313,0.6674886345863342
SolProp,0.435350040899068,0.5587422251701355
SolProp,0.389079800846966,0.37706348299980164
SolProp,0.505892443056741,0.22149531543254852
SolProp,0.419511212425812,0.4054700434207916
SolProp,0.420436133028338,0.36003217101097107
SolProp,0.811953745349755,0.8414402604103088
SolProp,0.671144832833896,0.6357278823852539
SolProp,0.797530856656402,0.14694295823574066
SolProp,0.680053801681716,0.42504626512527466
SolProp,0.801390368344663,0.807417094707489
SolProp,0.997066783810717,1.0070180892944336
SolProp,0.813682334950104,0.5982719659805298
SolProp,1.21126186544053,1.1373560428619385
SolProp,-6.01212929938293,-3.373481273651123
SolProp,-5.82233676264986,-3.1604084968566895
SolProp,-5.60755871181188,-2.9587106704711914
SolProp,-5.46154819595087,-2.7380356788635254
SolProp,-5.27826871829959,-2.4380581378936768
SolProp,-3.47762437984727,-2.6131861209869385
SolProp,-3.25363624422036,-2.199819803237915
SolProp,-3.14514435866249,-1.998998761177063
SolProp,-3.36492009965598,-2.3981311321258545
SolProp,-3.05031729680272,-1.7317293882369995
SolProp,-1.04703006158125,-0.857577383518219
SolProp,-1.33124694025684,-0.9098605513572693
SolProp,-0.952011447432955,-0.9344480037689209
SolProp,-1.09678226404819,-0.9078783392906189
SolProp,-0.96198628884178,-0.9141268730163574
SolProp,-0.952539532141525,-1.0524163246154785
SolProp,-0.812348070089276,-0.8855587244033813
SolProp,-0.852709709972356,-0.9229474067687988
SolProp,-0.698943546885025,-0.7291040420532227
SolProp,-0.772680334341314,-0.7878987789154053
SolProp,-0.77265559823962,-0.8453312516212463
SolProp,-0.813125525057814,-0.8710737228393555
SolProp,-0.647540691957312,-0.6543571352958679
SolProp,-0.919062211920803,-0.928825855255127
SolProp,-0.759648162368421,-0.7098491787910461
SolProp,-0.68924695868024,-0.623410701751709
SolProp,-0.581977645341977,-0.4983002543449402
SolProp,-0.474485475385511,-0.42388489842414856
SolProp,-0.315321307781272,-0.3205706477165222
SolProp,-0.503434733995297,-0.6737746000289917
SolProp,-1.08245892276044,-0.7711461782455444
SolProp,-2.14793843350462,-1.826082706451416
SolProp,-2.0400242764449,-1.7087986469268799
SolProp,-1.97053737800371,-1.6411768198013306
SolProp,-1.92193968392698,-1.6004135608673096
SolProp,-1.90079685112403,-1.5806407928466797
SolProp,-1.84977291366707,-1.5753319263458252
SolProp,-1.82247395543728,-1.5683902502059937
SolProp,-1.7577978354459,-1.5100455284118652
SolProp,-1.73259750444467,-1.4869412183761597
SolProp,-1.70139465656746,-1.4605541229248047
SolProp,-0.243165685625515,-0.8544228076934814
SolProp,-0.231777799143442,-0.7923389077186584
SolProp,-0.215475797761772,-0.740250825881958
SolProp,-0.197950626026117,-0.7164844274520874
SolProp,-0.180740272475717,-0.682779848575592
SolProp,-0.162793626028408,-0.6851602792739868
SolProp,-0.141435098431569,-0.7231842875480652
SolProp,-0.126436528108872,-0.7488024234771729
SolProp,-0.105329422047805,-0.7485343813896179
SolProp,-0.079862511430664,-0.7269194722175598
SolProp,-2.16863997814774,-0.8756248354911804
SolProp,-2.08151696040491,-0.8161389231681824
SolProp,-1.9920618465042,-0.7503661513328552
SolProp,-1.97233551268001,-0.739254355430603
SolProp,-1.9463061394836,-0.7272260785102844
SolProp,-1.91464695950693,-0.718898355960846
SolProp,-1.88478801876489,-0.7164980173110962
SolProp,-1.85922936528343,-0.7090784311294556
SolProp,-1.79119524157181,-0.680342972278595
SolProp,-1.72762553941555,-0.6831101775169373
SolProp,-1.64514841785237,-0.7217562198638916
SolProp,-1.59815262891065,-0.744374692440033
SolProp,-1.68383374471318,0.5668879747390747
SolProp,-1.64482288795532,0.5884380340576172
SolProp,-1.5820024455575,0.6106447577476501
SolProp,-1.5141698395209,0.6259250640869141
SolProp,-1.43723674119953,0.5976372361183167
SolProp,-1.37695677673324,0.6009635925292969
SolProp,-1.32635721856139,0.6281932592391968
SolProp,-1.27809742411915,0.6469013690948486
SolProp,-1.23123758273518,0.6829131245613098
SolProp,-1.17405898321703,0.7166243195533752
SolProp,-0.647287129957808,-0.8881748914718628
SolProp,-0.628858280637151,-0.8630134463310242
SolProp,-0.60934602603459,-0.8300254344940186
SolProp,-0.567490493356066,-0.8459844589233398
SolProp,-0.548060811010309,-0.8779401779174805
SolProp,-0.527484336947889,-0.9001666903495789
SolProp,-0.497859372566758,-0.9100580811500549
SolProp,-0.470820013663786,-0.8958184123039246
SolProp,-0.445028663666058,-0.8797070980072021
SolProp,-0.419149489514296,-0.8577051758766174
SolProp,-1.75907936151625,-1.0255374908447266
SolProp,-1.71897859971335,-1.0047626495361328
SolProp,-1.67821288721151,-0.9716277718544006
SolProp,-1.64433107077891,-0.92418372631073
SolProp,-1.60820486079465,-0.8900851011276245
SolProp,-1.57307648491247,-0.8675321340560913
SolProp,-1.52421298315693,-0.8451223373413086
SolProp,-1.47080187054093,-0.813126802444458
SolProp,-1.43787522234311,-0.8267402648925781
SolProp,-1.37978303637956,-0.8925788402557373
SolProp,-1.33591342794818,-0.9094074368476868
SolProp,-2.65507516719304,-3.662687063217163
SolProp,-2.57581222849412,-3.5741145610809326
SolProp,-2.50623343645874,-3.515092372894287
SolProp,-2.4120108179233,-3.4553287029266357
SolProp,-2.29752393358383,-3.36620831489563
SolProp,-2.17527826722345,-3.2479963302612305
SolProp,-2.07471530658745,-3.149423599243164
SolProp,-1.96918719428644,-3.0577328205108643
SolProp,-1.92637084603159,-3.0222837924957275
SolProp,-1.88215084017553,-2.9919850826263428
SolProp,-1.23628963973188,-1.8190752267837524
SolProp,-1.1152710338789,-1.7481627464294434
SolProp,-1.07026530500477,-1.724435567855835
SolProp,-1.04094170121047,-1.7214800119400024
SolProp,-0.995494673896081,-1.7128084897994995
SolProp,-0.966514584714827,-1.714255690574646
SolProp,-0.938339206150729,-1.7155557870864868
SolProp,-0.886737009645239,-1.7131702899932861
SolProp,-0.860485571957518,-1.7098488807678223
SolProp,-0.836942732568086,-1.7063930034637451
SolProp,-2.65688672945198,-3.252779483795166
SolProp,-2.58837314212737,-3.072223663330078
SolProp,-2.55224171178483,-2.870698928833008
SolProp,-2.45712135879511,-2.7138237953186035
SolProp,-2.37222392445388,-2.532291889190674
SolProp,-2.20843558644132,-3.4175522327423096
SolProp,-2.12529456361952,-3.2636873722076416
SolProp,-2.03648962043325,-3.1161746978759766
SolProp,-1.92025526435282,-2.976379871368408
SolProp,-1.81347380450893,-2.8116583824157715
SolProp,-1.77471542392984,-2.1274566650390625
SolProp,-1.67114627592496,-1.9281150102615356
SolProp,-1.49884460289522,-1.807632327079773
SolProp,-1.38025196993589,-1.6646913290023804
SolProp,-3.83280688045807,-3.6368660926818848
SolProp,-3.54467885016688,-3.477296829223633
SolProp,-3.4052595523712,-3.32491397857666
SolProp,-3.2390100085015,-3.1852426528930664
SolProp,-3.06070726291455,-3.0117850303649902
SolProp,-1.88848416863746,-3.4848885536193848
SolProp,-1.84016236594666,-3.3123559951782227
SolProp,-1.77456780703854,-3.157008171081543
SolProp,-1.74654028519307,-3.018177032470703
SolProp,-3.69122726075973,-2.8384063243865967
SolProp,-1.7024114769052,-1.7772046327590942
SolProp,-1.60352612869563,-1.6224440336227417
SolProp,-1.47144116572423,-1.5192235708236694
SolProp,-1.2955458400404,-1.4203507900238037
SolProp,-1.27011736863555,-1.3068485260009766
SolProp,-2.13263468416274,-2.6014444828033447
SolProp,-2.09960032028111,-2.449326515197754
SolProp,-2.03142899940848,-2.304802656173706
SolProp,-1.92230653043184,-2.18855357170105
SolProp,-1.76683657887835,-2.0221810340881348
SolProp,-5.71452531402377,-4.084982395172119
SolProp,-5.46061737906105,-3.9202980995178223
SolProp,-5.26420235036988,-3.724717617034912
SolProp,-4.99102056941818,-3.5571813583374023
SolProp,-4.77317691585189,-3.3405113220214844
SolProp,-4.52251670618262,-4.107062339782715
SolProp,-4.35390617338416,-3.948150157928467
SolProp,-4.14302943229496,-3.772871732711792
SolProp,-3.96315709731742,-3.6317386627197266
SolProp,-3.78814345542933,-3.412921905517578
SolProp,-1.1500544155056,-1.469038724899292
SolProp,-1.0728385293271,-1.3179491758346558
SolProp,-1.03194089081907,-1.2016643285751343
SolProp,-0.962150186763702,-1.0546340942382812
SolProp,-2.2286417647724,-3.354074001312256
SolProp,-2.1933133372222,-3.210888385772705
SolProp,-2.14919770219704,-3.076704978942871
SolProp,-2.12989710928502,-2.92811918258667
SolProp,-2.06491312363266,-2.771500587463379
SolProp,-1.00839563824674,-1.3552197217941284
SolProp,-0.971452320284954,-1.2278341054916382
SolProp,-0.936426938731638,-1.0796043872833252
SolProp,-0.905405882317721,-0.9759001731872559
SolProp,-0.857482497612422,-0.830687403678894
SolProp,-6.75789,-2.8680007457733154
SolProp,-6.1695,-2.4406750202178955
SolProp,-5.61387,-1.9562604427337646
SolProp,-4.97778,-1.5682603120803833
SolProp,-4.4337,-1.3321609497070312
SolProp,-3.84983,-1.1782411336898804
SolProp,-3.58614,-1.1092803478240967
SolProp,-7.83553,-3.8406569957733154
SolProp,-7.73203,-3.685333013534546
SolProp,-7.58656,-3.61627459526062
SolProp,-7.47024,-3.534601926803589
SolProp,-7.34468,-3.479820966720581
SolProp,-7.20351,-3.4051942825317383
SolProp,-7.04459,-3.3151626586914062
SolProp,-6.9127,-3.243544816970825
SolProp,-6.76879,-3.161350727081299
SolProp,-6.61426,-3.0269994735717773
SolProp,-6.45197,-2.93035626411438
SolProp,-6.7444,-3.160449743270874
SolProp,-6.23354,-2.699700355529785
SolProp,-5.65526,-2.3247015476226807
SolProp,-5.13456,-2.0516109466552734
SolProp,-4.58117,-1.9110811948776245
SolProp,-4.06088,-1.8089038133621216
SolProp,-3.57958,-1.7264682054519653
SolProp,-3.21554,-1.6728885173797607
SolProp,-7.21199,-3.1998085975646973
SolProp,-6.73132,-2.994128465652466
SolProp,-6.33867,-2.6398990154266357
SolProp,-5.79822,-2.33345890045166
SolProp,-5.22111,-2.089977264404297
SolProp,-4.66493,-1.9385267496109009
SolProp,-4.08968,-1.817000389099121
SolProp,-3.82657,-1.7677682638168335
SolProp,-3.2241,-2.801600933074951
SolProp,-3.12148,-2.8008267879486084
SolProp,-2.07,-1.2546510696411133
SolProp,-1.92546,-1.1713647842407227
SolProp,-1.69207,-1.0958091020584106
SolProp,-1.45553,-1.032982587814331
SolProp,-1.14195,-0.976447582244873
SolProp,-0.85836,-0.9244117736816406
SolProp,-0.53545,-0.8777351975440979
SolProp,-4.35137,-3.1911613941192627
SolProp,-3.97486,-3.1167185306549072
SolProp,-3.64193,-3.0551345348358154
SolProp,-3.23562,-3.003432035446167
SolProp,-2.89029,-2.967237949371338
SolProp,-2.58514,-2.9379525184631348
SolProp,-6.4572,-2.6404943466186523
SolProp,-6.12406,-2.106414794921875
SolProp,-5.24888,-0.8970757126808167
SolProp,-3.88963,-0.3316066861152649
SolProp,-2.89311,-0.032742224633693695
SolProp,-1.27071,-2.152379274368286
SolProp,-1.22029,-2.0840401649475098
SolProp,-1.17427,-2.0110878944396973
SolProp,-1.10071,-1.9160202741622925
SolProp,-1.04296,-1.8449170589447021
SolProp,-1.00972,-1.812818169593811
SolProp,-0.96627,-1.7599495649337769
SolProp,-0.93841,-1.7153276205062866
SolProp,-0.9018,-1.6723207235336304
SolProp,-0.84511,-1.6199008226394653
SolProp,-1.1350747656091,-1.0350903272628784
SolProp,-0.939596159355037,-0.9308602809906006
SolProp,-0.653353339293784,-0.24795229732990265
SolProp,-0.70906971409327,-0.3810651898384094
SolProp,-0.621708728148482,-0.24795228242874146
SolProp,-0.600610357778858,-0.3233220875263214
SolProp,-0.495792203491257,-0.11858005821704865
SolProp,-0.654591643752229,-0.7086389064788818
SolProp,-1.15552011110427,-1.2708261013031006
SolProp,-1.7630821410807,-1.875320315361023
SolProp,-1.38943496500197,-1.5499204397201538
SolProp,-1.24558471265391,-1.3194489479064941
SolProp,-1.40105205530663,-1.501320719718933
SolProp,-1.46448526429402,-1.573913335800171
SolProp,-1.08876121844517,-1.247844934463501
SolProp,-1.49633564398116,-1.6255109310150146
SolProp,-1.31753677191653,-1.4067267179489136
SolProp,-1.57532061000845,-1.6769345998764038
SolProp,-1.62463328424958,-1.4910286664962769
SolProp,-1.29507149198404,-1.4341367483139038
SolProp,-1.30468960057971,-1.777966022491455
SolProp,-0.949755828093003,-1.101128101348877
SolProp,-1.72333815013963,-1.8933887481689453
SolProp,-1.7094701112567,-1.5547555685043335
SolProp,-1.2389284095371,-1.4024579524993896
SolProp,-1.375194289498,-1.466578722000122
SolProp,-1.4193367850072,-1.5279102325439453
SolProp,-1.72893366471679,-1.816901683807373
SolProp,-0.922072521578624,-1.0996456146240234
SolProp,-1.17724649805903,-1.1614606380462646
SolProp,-1.53014471509665,-1.4094702005386353
SolProp,-0.727321099821243,-0.9443474411964417
SolProp,-1.00736202353699,-1.1869466304779053
SolProp,-0.984413950581014,-1.132014513015747
SolProp,-1.72736582637489,-1.8090497255325317
SolProp,-2.31926828676098,-2.2133982181549072
SolProp,-1.67818783696473,-1.7925058603286743
SolProp,-1.77629018106174,-1.9090346097946167
SolProp,-1.08990504614938,-1.2129915952682495
SolProp,-1.58060941854504,-1.6440778970718384
SolProp,-1.35007053256078,-1.2794077396392822
SolProp,-1.39849942085009,-1.8540695905685425
SolProp,-0.823066648344419,-1.017793893814087
SolProp,-1.87124357817784,-1.846677541732788
SolProp,-1.58244213644961,-1.612730622291565
SolProp,-1.80303075200281,-1.8771107196807861
SolProp,-1.75401638786722,-1.723571538925171
SolProp,-1.65414196393473,-1.7598469257354736
SolProp,-1.16857348937973,-1.3106534481048584
SolProp,-0.875341730262789,-1.0548372268676758
SolProp,-2.03774265889098,-1.9269016981124878
SolProp,-1.92686437924842,-1.801596760749817
SolProp,-1.97206544804948,-2.0075933933258057
SolProp,-1.24218792299811,-1.3591810464859009
SolProp,-2.21517702683453,-2.10510516166687
SolProp,-1.82531336684249,-1.9529361724853516
SolProp,-1.57441391323889,-1.6419477462768555
SolProp,-0.957340162361221,-1.1621968746185303
SolProp,-0.961162568981992,-1.4073939323425293
SolProp,-1.65765141307765,-1.7333369255065918
SolProp,-0.620307025951653,-0.8813904523849487
SolProp,-1.42012719395923,-1.3422651290893555
SolProp,-1.91714007420241,-2.063882827758789
SolProp,-1.06562365154124,-1.2413767576217651
SolProp,-1.88139811825037,-1.7172068357467651
SolProp,-1.75810181714835,-1.62409245967865
SolProp,-1.16447903371897,-1.3312642574310303
SolProp,-1.07051899082298,-1.1823229789733887
SolProp,-1.6457653798491,-1.7173683643341064
SolProp,-0.508742426499779,-0.817750096321106
SolProp,-1.4683994709488,-1.5379809141159058
SolProp,-1.48898545900066,-1.502677083015442
SolProp,-0.810949530133915,-1.2462782859802246
SolProp,-1.57603766208152,-1.7010942697525024
SolProp,-1.77266014857406,-1.8959184885025024
SolProp,-1.72238299976166,-1.8141652345657349
SolProp,-0.844689467732754,-1.0836608409881592
SolProp,-1.54021049695766,-1.6022322177886963
SolProp,-1.41149879411904,-1.4754548072814941
SolProp,-1.20020558664491,-1.65787935256958
SolProp,-1.25311789700589,-1.367573618888855
SolProp,-1.47775873637146,-1.5928045511245728
SolProp,-1.87704695543106,-1.9660427570343018
SolProp,-1.2591862901735,-1.2177097797393799
SolProp,-1.31719920828777,-1.4292062520980835
SolProp,-1.71838036917938,-1.7841801643371582
SolProp,-2.05090590756942,-2.084096670150757
SolProp,-1.27627291907916,-1.7051116228103638
SolProp,-1.29336152656276,-1.4974952936172485
SolProp,-1.19212369972535,-1.303046703338623
SolProp,-1.02970364157427,-1.4997670650482178
SolProp,-1.38971721790377,-1.4064689874649048
SolProp,-1.33574248957129,-1.3668633699417114
SolProp,-2.10217117698609,-2.008302927017212
SolProp,-1.12423534241647,-1.589441180229187
SolProp,-0.885757327031568,-1.3492279052734375
SolProp,-1.61584942888816,-1.682041883468628
SolProp,-1.4377688719487,-1.9440734386444092
SolProp,-2.66535073279379,-2.5572617053985596
SolProp,-2.63630349693536,-2.4850494861602783
SolProp,-2.55823416625764,-2.4141242504119873
SolProp,-2.54439145913963,-2.3245701789855957
SolProp,-2.40608778752658,-2.258756160736084
SolProp,-2.32452285031939,-2.2020480632781982
SolProp,-2.24112759685841,-2.168661594390869
SolProp,-2.20436263436363,-2.1268692016601562
SolProp,-2.31484431504174,-2.099170207977295
SolProp,-2.13222477980176,-2.0598304271698
SolProp,-2.34583542138999,-2.251443862915039
SolProp,-2.46895309912621,-2.279944896697998
SolProp,-2.18718882807792,-2.048741579055786
SolProp,-2.26891941907879,-2.1976029872894287
SolProp,-2.38115992152365,-2.218277931213379
SolProp,-2.07751629706921,-1.9087550640106201
SolProp,-2.11823755528691,-2.005103826522827
SolProp,-2.09710738672466,-1.9565448760986328
SolProp,-2.18526107003379,-2.150641679763794
SolProp,-2.30949554878074,-2.1720471382141113
SolProp,-2.0336025944872,-1.897132396697998
SolProp,-2.14147113599007,-2.09901762008667
SolProp,-2.01040121721616,-1.850878357887268
SolProp,-2.26042438696864,-2.1237688064575195
SolProp,-2.02878222188207,-1.9153660535812378
SolProp,-1.99841114231882,-1.847687005996704
SolProp,-1.96433257056148,-1.7852833271026611
SolProp,-1.99718159733413,-1.8699973821640015
SolProp,-2.07917105207304,-2.066267728805542
SolProp,-2.18014572530666,-2.093031406402588
SolProp,-1.93317279210182,-1.796190619468689
SolProp,-1.95773781889513,-1.8216804265975952
SolProp,-2.00445054191654,-1.8856823444366455
SolProp,-1.89778920083824,-1.7214969396591187
SolProp,-1.93964077655955,-1.7815325260162354
SolProp,-1.90474777352598,-1.7323880195617676
SolProp,-2.01806241882033,-2.030888319015503
SolProp,-2.13868666290379,-2.060703992843628
SolProp,-1.94686071392323,-1.8275747299194336
SolProp,-1.85113935162861,-1.6949779987335205
SolProp,-1.96291413737781,-1.985298991203308
SolProp,-2.07382146044263,-2.0174334049224854
SolProp,-1.94121627097326,-1.9425950050354004
SolProp,-1.85310660488576,-1.7347218990325928
SolProp,-1.81575156134423,-1.681287407875061
SolProp,-1.7975218187929,-1.6605491638183594
SolProp,-1.86838409395706,-1.836127758026123
SolProp,-2.04797233814148,-1.9791998863220215
SolProp,-1.87332621351126,-1.7691816091537476
SolProp,-1.90550190194886,-1.9083600044250488
SolProp,-1.65349265070271,-1.780509114265442
SolProp,-1.47853649264198,-1.6301802396774292
SolProp,-1.75605166837108,-1.6290228366851807
SolProp,-2.00020802510533,-1.9649981260299683
SolProp,-1.81171748263004,-1.7761090993881226
SolProp,-1.73092598053188,-1.8042093515396118
SolProp,-1.73331498602845,-1.6269861459732056
SolProp,-1.61593856022703,-1.736798882484436
SolProp,-1.45203278640725,-1.5750281810760498
SolProp,-1.80649820609887,-1.7035441398620605
SolProp,-1.69957460442034,-1.75356125831604
SolProp,-1.771316757689,-1.7176939249038696
SolProp,-1.69663442804369,-1.5900784730911255
SolProp,-1.58032522370419,-1.6797635555267334
SolProp,-1.40738178324935,-1.5168880224227905
SolProp,-1.68920709867159,-1.5767539739608765
SolProp,-1.7523630420948,-1.8223801851272583
SolProp,-1.74600591198983,-1.6629222631454468
SolProp,-1.55597656813717,-1.6107721328735352
SolProp,-1.38464248903881,-1.4552929401397705
SolProp,-1.63553846390216,-1.6975497007369995
SolProp,-1.64566384786908,-1.549991250038147
SolProp,-1.72283892608146,-1.6422399282455444
SolProp,-1.70220790211741,-1.7590537071228027
SolProp,-1.61621290537906,-1.6264744997024536
SolProp,-1.6351576499176,-1.5080711841583252
SolProp,-1.68646976189899,-1.6343626976013184
SolProp,-1.48636191147914,-1.5624394416809082
SolProp,-1.6746882374013,-1.6988465785980225
SolProp,-1.60057991543986,-1.446258783340454
SolProp,-1.66479028996225,-1.5887274742126465
SolProp,-1.63891098209461,-1.603581190109253
SolProp,-1.28672818975433,-1.4095534086227417
SolProp,-1.44396611858284,-1.5166335105895996
SolProp,-1.53944956605453,-1.572523593902588
SolProp,-1.2724304099335,-1.368918776512146
SolProp,-1.61799458785702,-1.6341781616210938
SolProp,-1.61480377173126,-1.5657963752746582
SolProp,-1.61024607424162,-1.5276007652282715
SolProp,-1.40543212643125,-1.4642685651779175
SolProp,-1.58389481359588,-1.5230982303619385
SolProp,-1.22836132986453,-1.3255692720413208
SolProp,-1.48839292942769,-1.5327215194702148
SolProp,-1.57017501404746,-1.4916938543319702
SolProp,-1.5628944905161,-1.4514663219451904
SolProp,-1.53937111138838,-1.5709549188613892
SolProp,-1.34120866490877,-1.403903841972351
SolProp,-1.44278121849534,-1.4820783138275146
SolProp,-1.17360170622997,-1.2856647968292236
SolProp,-1.50365179940009,-1.5199775695800781
SolProp,-1.50885076826891,-1.3887022733688354
SolProp,-1.31248499785744,-1.3541432619094849
SolProp,-1.14284618429425,-1.2332112789154053
SolProp,-1.40214447773942,-1.4108227491378784
SolProp,-1.44114537902187,-1.46102774143219
SolProp,-1.34488491508698,-1.3579599857330322
SolProp,-1.40172486123565,-1.396584391593933
SolProp,-1.35342344654106,-1.3484987020492554
SolProp,-3.61991924985438,-2.921557903289795
SolProp,-3.37140885777574,-3.2529067993164062
SolProp,-3.62307535318814,-3.0505776405334473
SolProp,-3.24163126058574,-3.1328749656677246
SolProp,-3.30991688668013,-3.1680564880371094
SolProp,-3.04423061088523,-2.9440252780914307
SolProp,-3.09132897204542,-2.837313413619995
SolProp,-2.86126969698873,-2.1837825775146484
SolProp,-3.05060636575925,-3.0088696479797363
SolProp,-2.89882241736206,-2.7191600799560547
SolProp,-3.13299515030079,-2.876584053039551
SolProp,-2.73746173943144,-2.0587828159332275
SolProp,-2.80697727566365,-2.856834650039673
SolProp,-2.77873176243687,-2.499946117401123
SolProp,-2.89687770009555,-2.818701982498169
SolProp,-2.56245499738511,-1.9552382230758667
SolProp,-2.66900152554751,-2.729422092437744
SolProp,-2.78934725764447,-2.6499080657958984
SolProp,-2.674678849193,-2.752358913421631
SolProp,-2.79736308822553,-2.678901195526123
SolProp,-2.51537367324747,-2.5865120887756348
SolProp,-2.60418381425016,-2.8725638389587402
SolProp,-2.61948945689392,-2.4935379028320312
SolProp,-2.48203274000211,-2.661140203475952
SolProp,-2.29693177049395,-1.8129717111587524
SolProp,-2.37053531145453,-2.4117658138275146
SolProp,-2.34227937053439,-2.5616021156311035
SolProp,-2.52912378886368,-2.462320327758789
SolProp,-2.39108193117982,-2.7272019386291504
SolProp,-2.12412975604958,-1.7356516122817993
SolProp,-2.24156426332684,-2.2627885341644287
SolProp,-2.38310808845225,-2.6214759349823
SolProp,-2.34536171714333,-2.571504831314087
SolProp,-2.33491664974091,-2.267864227294922
SolProp,-2.25643739556641,-2.47428297996521
SolProp,-2.14133341335775,-2.5382673740386963
SolProp,-2.16963620121021,-2.2916388511657715
SolProp,-2.09488717862227,-2.1380727291107178
SolProp,-1.74824148239746,-2.3457391262054443
SolProp,-0.782913999725349,-1.129211187362671
SolProp,-1.34754858661108,-2.1539738178253174
SolProp,-0.670871323708548,-0.878560483455658
SolProp,-0.554613861384851,-0.6865392327308655
SolProp,-0.463831032585177,-0.4425966739654541
SolProp,-0.36926418957292,-0.21729037165641785
SolProp,-1.86477316454634,-1.4412051439285278
SolProp,-1.80564922053623,-1.4312169551849365
SolProp,-1.79911550751695,-1.3890407085418701
SolProp,-1.74980627503369,-1.3788541555404663
SolProp,-1.63527024379601,-1.2837640047073364
SolProp,-1.72644705859212,-1.316107153892517
SolProp,-1.42932536526692,-1.0475212335586548
SolProp,-1.58922263891005,-1.229569673538208
SolProp,-1.69155673801993,-1.3058972358703613
SolProp,-1.36868258561096,-1.000938057899475
SolProp,-1.52404292317765,-1.1586260795593262
SolProp,-1.64186863920502,-1.23914635181427
SolProp,-1.6187084410226,-1.2382171154022217
SolProp,-1.79830192955486,-1.946239709854126
SolProp,-1.46557332168295,-1.096083641052246
SolProp,-1.29669025488286,-0.9484905004501343
SolProp,-1.7518888946113,-1.884205937385559
SolProp,-1.56146237604902,-1.1850022077560425
SolProp,-1.55502503746433,-1.1773020029067993
SolProp,-1.69736476541123,-1.8956503868103027
SolProp,-1.6992433538915,-1.8228226900100708
SolProp,-1.39326612647736,-1.0455777645111084
SolProp,-1.22487964966064,-0.9067118167877197
SolProp,-1.48336248112992,-1.1309877634048462
SolProp,-1.65384639153779,-1.8327651023864746
SolProp,-1.66335401071544,-1.7804797887802124
SolProp,-1.46815106918377,-1.1260844469070435
SolProp,-1.33148059099527,-0.9876897931098938
SolProp,-1.60628757605299,-1.7678231000900269
SolProp,-1.41930334427381,-1.0626161098480225
SolProp,-1.61066164057986,-1.730587124824524
SolProp,-1.14322063558372,-0.8722929358482361
SolProp,-1.23696558873329,-1.7344553470611572
SolProp,-1.39464640590749,-1.0617972612380981
SolProp,-1.56309136738387,-1.7216745615005493
SolProp,-1.48156821431148,-1.7425917387008667
SolProp,-1.56740201569939,-1.6677508354187012
SolProp,-1.26261071897453,-0.9219552278518677
SolProp,-1.19868404253331,-1.6684731245040894
SolProp,-1.35261845366692,-1.0168633460998535
SolProp,-1.52229979112829,-1.671187400817871
SolProp,-1.44228484013438,-1.6764506101608276
SolProp,-1.06601028481953,-0.8306434750556946
SolProp,-1.52533528450534,-1.6159087419509888
SolProp,-1.14337671073152,-1.6009570360183716
SolProp,-1.3174625185532,-1.0106693506240845
SolProp,-1.20025441338477,-0.882042407989502
SolProp,-1.39766840219712,-1.6109191179275513
SolProp,-1.29224967531649,-0.9782050848007202
SolProp,-1.47414095897526,-1.6055161952972412
SolProp,-1.48618551605135,-1.5870158672332764
SolProp,-1.27892291363537,-1.5994406938552856
SolProp,-0.990435229877908,-0.7716670036315918
SolProp,-1.08994992363219,-1.5303983688354492
SolProp,-1.45025890412914,-1.5621339082717896
SolProp,-1.35691118380285,-1.566855788230896
SolProp,-1.43583674329124,-1.5539438724517822
SolProp,-1.14235146002648,-0.8403748869895935
SolProp,-1.24008419908209,-0.9698545932769775
SolProp,-1.23386746935242,-1.537621021270752
SolProp,-1.39642544043195,-1.5277724266052246
SolProp,-1.31406234584077,-1.519167423248291
SolProp,-1.04103647303847,-1.4784958362579346
SolProp,-0.915103488600131,-0.7150080800056458
SolProp,-1.18554127214449,-1.4764972925186157
SolProp,-1.27263350444507,-1.4626599550247192
SolProp,-1.350929755037,-1.504316806793213
SolProp,-0.985911647824319,-1.4337756633758545
SolProp,-1.1479787695701,-1.435404658317566
SolProp,-1.23751938558035,-1.4131747484207153
SolProp,-0.840290029751034,-0.6550612449645996
SolProp,-0.936772190654432,-1.3843456506729126
SolProp,-1.10750622085509,-1.384928822517395
SolProp,-1.20170798945243,-1.38419508934021
SolProp,-1.16709965753734,-1.3573282957077026
SolProp,-1.06417689870762,-1.3258248567581177
SolProp,-0.882168016782384,-1.32870352268219
SolProp,-1.075867050959,-1.2914007902145386
SolProp,-1.03062066913134,-1.2801324129104614
SolProp,-0.959064623531647,-1.2366842031478882
SolProp,-0.836707964962664,-1.2710886001586914
SolProp,-1.04239841075632,-1.240260362625122
SolProp,-1.00001151443012,-1.053726315498352
SolProp,-0.992623861943429,-1.2392969131469727
SolProp,-0.920404657032467,-1.1857134103775024
SolProp,-1.00643614299152,-1.1829371452331543
SolProp,-0.950031322147334,-1.1968830823898315
SolProp,-0.950582797145207,-0.9928573966026306
SolProp,-0.969254011427695,-1.1501381397247314
SolProp,-0.880504951965282,-1.122259497642517
SolProp,-0.927558917214606,-1.116557240486145
SolProp,-0.899112607916717,-0.9247328042984009
SolProp,-0.829757690724482,-1.0829713344573975
SolProp,-0.889624254738671,-1.0718801021575928
SolProp,-0.855156231554414,-0.8837953805923462
SolProp,-0.784072318225342,-1.045038104057312
SolProp,-0.850690696369837,-1.029631495475769
SolProp,-0.806602930251915,-0.8148961067199707
SolProp,-0.742287498474035,-1.0005362033843994
SolProp,-0.817895840814772,-1.0064419507980347
SolProp,-0.767760267042997,-0.7392259836196899
SolProp,-0.700839818195458,-0.9517322182655334
SolProp,-0.781394381679741,-0.986899733543396
SolProp,-0.72628288097334,-0.698732852935791
SolProp,-0.658416217656374,-0.9152774810791016
SolProp,-0.685025066398227,-0.6198006868362427
SolProp,-0.61521007234211,-0.8734544515609741
SolProp,-0.642911235315117,-0.5415940880775452
SolProp,-7.90589315772544,-2.876995086669922
SolProp,-8.10753852125351,-3.0976362228393555
SolProp,-7.71436230237753,-2.6817708015441895
SolProp,-7.51901217090819,-2.4952564239501953
SolProp,-7.30383316639748,-2.266693353652954
SolProp,-1.77859793493947,-0.9754892587661743
SolProp,-1.58830276861352,-0.8777121305465698
SolProp,-1.2398948592157,-0.7472922205924988
SolProp,-1.26056341566539,-1.1143440008163452
SolProp,-1.17800110414326,-1.0497255325317383
SolProp,-1.2790175255819,-1.1487839221954346
SolProp,-1.17083077693906,-1.1143438816070557
SolProp,-1.29561480328729,-0.9259790778160095
SolProp,-0.706762869193395,-0.5207799077033997
SolProp,-1.05607761077792,-1.0178990364074707
SolProp,-0.968887846829912,-0.9165819883346558
SolProp,-1.16783776447674,-1.1288375854492188
SolProp,-0.832950781909257,-0.7625789642333984
SolProp,-0.948833059108518,-0.9351063370704651
SolProp,-1.01086904225095,-1.0336389541625977
SolProp,-1.07880568489075,-1.1018685102462769
SolProp,-1.06180946816581,-1.1125555038452148
SolProp,-1.2055357014793,-0.9713796377182007
SolProp,-1.01834657960557,-0.5628376007080078
SolProp,-1.11335255243131,-0.8604913949966431
SolProp,-1.26714727336051,-0.8444629907608032
SolProp,-1.07203166121094,-1.1365556716918945
SolProp,-1.1172637720747,-1.0996586084365845
SolProp,-0.828568771907765,-0.5856584310531616
SolProp,-0.891759379600879,-0.6894029378890991
SolProp,-0.815418586453576,-1.0048861503601074
SolProp,-0.767175443970284,-1.0692057609558105
SolProp,-0.290139590610922,-0.30018526315689087
SolProp,-0.074381141477812,-0.11122391372919083
SolProp,0.199012392557808,0.9740942716598511
SolProp,0.435433116480826,0.5635276436805725
SolProp,0.444674008550486,0.5720253586769104
SolProp,0.599003680061826,0.6694479584693909
SolProp,0.20230732769256,0.9740942120552063
SolProp,0.190079193800839,0.8019692301750183
SolProp,0.193593497268933,0.8019694685935974
SolProp,0.342812161679311,0.6757296323776245
SolProp,0.204671267589425,0.5160958766937256
SolProp,0.325095113549528,0.6078972816467285
SolProp,0.315949056334882,0.5160958766937256
SolProp,0.193335649219621,0.19380679726600647
SolProp,0.19688229743557,0.19380693137645721
SolProp,0.16061538990602,0.08642495423555374
SolProp,0.737614243265202,0.9740942120552063
SolProp,-1.57250161353802,-1.5265740156173706
SolProp,-1.47821978280656,-1.1376729011535645
SolProp,-1.29226601812252,-0.765801727771759
SolProp,-1.52096309302223,-1.3031628131866455
SolProp,-1.29313412983873,-0.7206522822380066
SolProp,-1.23375241046574,-0.8797855973243713
SolProp,-3.41884527026362,-1.4741605520248413
SolProp,-3.32708656815123,-1.3777052164077759
SolProp,-3.20387376980832,-1.3041502237319946
SolProp,-3.07419776103966,-1.2061951160430908
SolProp,-2.95005813052513,-1.079962134361267
SolProp,-2.84485832678166,-1.0110557079315186
SolProp,-2.72388285448104,-0.9077209234237671
SolProp,-2.63218144607935,-0.8159650564193726
SolProp,-3.55111981497299,-1.7030341625213623
SolProp,-3.51635770871378,-1.7030340433120728
SolProp,-3.29450895909742,-1.547394871711731
SolProp,-3.02824106969265,-1.304149866104126
SolProp,-2.78520302100636,-1.011055588722229
SolProp,-3.29990027101638,-2.7027673721313477
SolProp,-2.97511064289645,-2.345409631729126
SolProp,-2.65418909143032,-2.024186134338379
SolProp,-2.48626177472406,-1.8810774087905884
SolProp,-4.9224857873448,-2.237569808959961
SolProp,-4.4473427658684,-1.945557713508606
SolProp,-4.22001602176879,-1.8180365562438965
SolProp,-3.98024619071407,-1.663649320602417
SolProp,-3.75635634389071,-1.5378340482711792
SolProp,-2.95579348948598,-2.402243137359619
SolProp,-1.35734601050425,-1.896223783493042
SolProp,-0.798110466209489,-1.4400970935821533
SolProp,-5.8041,-1.893297791481018
SolProp,-5.50552,-1.1935206651687622
SolProp,-5.11271,-0.3432980179786682
SolProp,-4.66485,0.28363940119743347
SolProp,-4.24875,0.6800280213356018
SolProp,-3.79145,0.9568761587142944
SolProp,-3.28102,1.1377387046813965
SolProp,-2.91337,1.2734084129333496
SolProp,-2.50377,1.3834683895111084
SolProp,-2.10201,1.4785115718841553
SolProp,-5.18707,-4.303158760070801
SolProp,-4.77049,-3.8369572162628174
SolProp,-4.32406,-3.40572452545166
SolProp,-3.92783,-3.061269998550415
SolProp,-3.47721,-2.839637279510498
SolProp,-2.99712,-2.684309244155884
SolProp,-2.56174,-2.5748355388641357
SolProp,-2.18083,-2.4836950302124023
SolProp,-6.1816,-2.0901083946228027
SolProp,-4.85921,-1.4319705963134766
SolProp,-3.28083,-1.110770583152771
SolProp,-1.9847,-0.9488067030906677
SolProp,-4.44311,-4.684490203857422
SolProp,-3.98171,-4.684490203857422
SolProp,-4.51859,-4.3967976570129395
SolProp,-4.05385,-3.958418130874634
SolProp,-3.64687,-3.547001838684082
SolProp,-3.24887,-3.2204978466033936
SolProp,-2.69059,-3.0221967697143555
SolProp,-2.36639,-2.879793643951416
SolProp,-1.89548,-2.7777395248413086
SolProp,-1.38554,-2.6944358348846436
SolProp,-1.05801,-2.6223177909851074
SolProp,-8.05242,-3.201242208480835
SolProp,-7.58444,-3.201242685317993
SolProp,-7.4572,-3.201242208480835
SolProp,-7.26078,-2.8082919120788574
SolProp,-6.16024,-2.0897977352142334
SolProp,-4.51972,-1.7675424814224243
SolProp,-3.12259,-1.5793858766555786
SolProp,-2.4557,-1.518376350402832
SolProp,-6.37985,-2.7818796634674072
SolProp,-5.95542,-2.3925399780273438
SolProp,-5.48845,-2.014246702194214
SolProp,-5.02159,-1.7720561027526855
SolProp,-4.56519,-1.6103533506393433
SolProp,-4.0459,-1.491304636001587
SolProp,-3.54029,-1.3964608907699585
SolProp,-3.05363,-1.3189791440963745
SolProp,-2.54975,-1.2547905445098877
SolProp,-2.09191,-1.206230878829956
SolProp,-1.61332,-1.1641347408294678
Leeds,-0.400578187,-1.2471368312835693
Leeds,0.394826213,0.015054740011692047
Leeds,-1.221572041,-0.9975546002388
Leeds,0.444041636,-0.17026817798614502
Leeds,-2.827756863,-2.1458470821380615
Leeds,-0.921291877,-1.1248995065689087
Leeds,0.337495442,-0.3142125904560089
Leeds,-2.016550754,-2.025277614593506
Leeds,-3.605907144,-1.732409119606018
Leeds,-1.069979767,-0.8010098934173584
Leeds,-0.598639258,-1.4612717628479004
Leeds,-0.826522497,-0.5086710453033447
Leeds,-2.673538801,-2.892892837524414
Leeds,-2.84400061,-1.273633599281311
Leeds,-1.021978059,-1.6734710931777954
Leeds,-2.036797563,-1.8262205123901367
Leeds,-1.547708045,-1.4332488775253296
Leeds,-2.292959938,-1.922356367111206
Leeds,-0.085996242,0.3619269132614136
Leeds,-1.55336281,-0.2855769991874695
Leeds,-0.902822505,0.6823992133140564
Leeds,-1.143884926,-1.334489345550537
Leeds,-1.540262719,-2.175454616546631
Leeds,-1.886057124,-1.0485390424728394
Leeds,-2.348157253,-1.6344575881958008
Leeds,-0.998411194,-0.32179760932922363
Leeds,-1.116543475,-1.1993107795715332
Leeds,0.075176197,0.06024639308452606
Leeds,-2.64193097,-2.9872119426727295
Leeds,0.588575421,0.9018070101737976
Leeds,-2.045757491,-0.459702730178833
Leeds,-0.244127212,-0.24323619902133942
Leeds,-0.69945019,-0.2290651500225067
Leeds,-1.284407192,-1.2704074382781982
Leeds,-2.267606191,-0.14724744856357574
Leeds,-2.364156497,-2.2638309001922607
Leeds,-1.297953573,-1.331888198852539
Leeds,0.006849752,-0.37837475538253784
Leeds,-1.42044563,-0.44987666606903076
Leeds,-2.733689172,-3.0845913887023926
Leeds,-0.32994314,0.4595133364200592
Leeds,-0.704648873,-0.04477715492248535
Leeds,-1.316098643,-2.131760597229004
Leeds,-1.995985874,-0.8391447067260742
Leeds,0.861071993,1.2553104162216187
Leeds,-0.188065238,-0.2635103464126587
Leeds,0.802944895,0.9104335308074951
Leeds,0.072121752,-0.787735104560852
Leeds,-0.751730463,-0.4381563067436218
Leeds,0.581404403,0.33757370710372925
Leeds,0.142253513,-0.2502579987049103
Leeds,-3.297191289,-2.409287452697754
Leeds,-1.016460387,0.06291674822568893
Leeds,-2.843870159,-0.6469148397445679
Leeds,-1.170336471,-1.1304874420166016
Leeds,0.215759855,0.25244006514549255
Leeds,0.796849864,-0.06786765158176422
Leeds,-0.439803394,-0.7842495441436768
Leeds,-0.267898415,-0.05416485294699669
Leeds,0.153245609,0.38972407579421997
Leeds,-1.692333915,-1.8176497220993042
Leeds,0.035633813,-0.48736560344696045
Leeds,-1.097448168,-0.1881062090396881
Leeds,-1.485741766,-3.227651357650757
Leeds,0.359498417,0.040098607540130615
Leeds,-1.371410923,-1.020020604133606
Leeds,-2.283762019,-1.982256293296814
Leeds,-0.485005165,-0.2722248435020447
Leeds,0.056047153,0.19828791916370392
Leeds,0.190635412,-0.03897225111722946
Leeds,-1.84227779,-2.022095203399658
Leeds,0.412228301,0.4940088093280792
Leeds,0.116482659,0.19828791916370392
Leeds,-2.489457297,-2.0861458778381348
Leeds,-1.627896947,-1.1007322072982788
Leeds,-1.552847631,-3.1107635498046875
Leeds,-1.735336862,-1.747054934501648
Leeds,-0.760630239,0.11239314079284668
Leeds,-1.672818005,-1.517669439315796
Leeds,-0.097865989,0.006540248170495033
Leeds,-2.504718085,-1.7576345205307007
Leeds,-1.163185841,-1.903415560722351
Leeds,-1.916855674,-0.7894973754882812
Leeds,-0.929049367,-1.9226046800613403
Leeds,0.110336443,-0.22122490406036377
Leeds,-2.172700209,-1.0076279640197754
Leeds,-2.054111614,-1.7138655185699463
Leeds,0.853080619,1.347577691078186
Leeds,-2.028466869,-2.9753339290618896
Leeds,-1.920111701,-1.7883896827697754
Leeds,-1.623085206,-1.0255755186080933
Leeds,-0.463121583,-0.8994975090026855
Leeds,0.274707345,0.2524365782737732
Leeds,0.258612562,-0.45007359981536865
Leeds,-0.041083069,-0.6874609589576721
Leeds,-0.56827648,-0.27445489168167114
Leeds,-1.676181877,-0.9175851345062256
Leeds,-1.660560304,-1.7686529159545898
Leeds,-0.981287159,-0.5787222385406494
Leeds,-0.228397885,-0.4702880382537842
Leeds,-0.616930725,-1.185449481010437
Leeds,-1.899112145,-0.28792116045951843
Leeds,-1.613894727,-1.862479567527771
Leeds,-3.088024262,-3.171522378921509
Leeds,0.839847846,0.4039090871810913
Leeds,0.130637881,-0.9833767414093018
Leeds,-2.619789332,-1.999094843864441
Leeds,-0.467725965,-1.1044601202011108
Leeds,-1.420291159,-1.328188419342041
Leeds,-0.486720856,-3.2233448028564453
Leeds,-1.052568169,-0.8254902958869934
Leeds,-0.671145442,-0.40129557251930237
Leeds,-2.387200434,-1.6136126518249512
Leeds,0.296557126,-0.7147864103317261
Leeds,-0.757114242,-0.9461829662322998
Leeds,-1.136912716,-0.880303680896759
Leeds,-0.065985952,0.2090148627758026
Leeds,-1.789595827,-1.8621712923049927
Leeds,-1.00229436,-1.544406771659851
Leeds,-0.48562214,-0.37931907176971436
Leeds,-0.08819764,0.02575092762708664
Leeds,0.763514653,0.021959606558084488
Leeds,0.273335105,-2.163482666015625
Leeds,-0.635148702,0.06942474097013474
Leeds,-2.614625863,-0.6319506764411926
Leeds,-1.609235088,-1.3256418704986572
Leeds,0.424178789,0.09395584464073181
Leeds,-2.277799425,-1.7951618432998657
Leeds,-0.073451345,-0.5911387801170349
Leeds,0.045776626,0.20212244987487793
Leeds,0.231856107,0.5884032249450684
Leeds,-0.493387613,-0.09662781655788422
Leeds,-1.745606359,-2.1328468322753906
Leeds,-2.261489524,-1.6516671180725098
Leeds,-0.759830847,-0.6605993509292603
Leeds,0.247301268,0.6459512114524841
Leeds,-0.731952364,-1.1415441036224365
Leeds,-0.04508515,0.385917991399765
Leeds,0.327631972,0.3474994897842407
Leeds,0.494803302,-1.4712547063827515
Leeds,-0.095388362,-0.062338490039110184
Leeds,-1.232358035,-0.6677838563919067
Leeds,-0.022027947,0.7835791707038879
Leeds,-0.136173606,0.1982700675725937
Leeds,-0.3690667,1.2313895225524902
Leeds,-1.900236048,-1.7986360788345337
Leeds,-1.906661981,-1.364297866821289
Leeds,0.129779372,0.18806403875350952
Leeds,-0.200475114,-0.06891461461782455
Leeds,-1.130189922,-0.8054311275482178
Leeds,-1.854345088,-1.135727882385254
Leeds,-1.337249478,-0.046701982617378235
Leeds,-3.76721595,-3.913710594177246
Leeds,-1.155973924,-0.848755419254303
Leeds,-0.537602221,-0.10552249103784561
Leeds,-1.272611445,-1.364945888519287
Leeds,-0.032223325,-0.022143909707665443
Leeds,-1.231019379,-1.1757588386535645
Leeds,-0.65365556,-1.0301507711410522
Leeds,-1.043231673,-1.4170740842819214
Leeds,-1.103498678,-0.742115318775177
Leeds,0.588545704,0.5362958908081055
Leeds,-0.51935619,-1.3736021518707275
Leeds,-1.796677705,-3.3225502967834473
Leeds,-1.358088214,-0.8996928930282593
Leeds,-0.516019467,-0.8107385635375977
Leeds,-0.91579268,0.13940715789794922
Leeds,0.08790873,-0.6573113799095154
Leeds,0.246296012,1.268990397453308
Leeds,-0.369151016,-1.114851713180542
Leeds,-1.642960017,-1.8239097595214844
Leeds,0.456469311,0.3561633825302124
Leeds,-0.135580637,-0.9838742613792419
Leeds,-0.778343399,-0.9177630543708801
Leeds,-0.245512668,-0.39148372411727905
Leeds,-0.235201593,-0.21258898079395294
Leeds,0.85748448,0.28626132011413574
Leeds,-2.585282514,-1.03330397605896
Leeds,0.481329133,0.7392882704734802
Leeds,-0.487933625,-1.7635356187820435
Leeds,-1.948105681,-1.301888346672058
Leeds,0.516299798,0.45733383297920227
Leeds,-1.658384817,-1.9232176542282104
Leeds,0.35852951,-1.0822685956954956
Leeds,-1.325526145,-0.5561577081680298
Leeds,0.676000641,0.5761008262634277
Leeds,-1.097351032,-1.2079381942749023
Leeds,-1.499232252,-1.7909271717071533
Leeds,0.534039156,0.7164636254310608
Leeds,-1.292430062,-1.2750654220581055
Leeds,0.430177531,1.071600317955017
Leeds,0.175105621,-1.02908456325531
Leeds,-0.98281575,-0.6315003633499146
Leeds,-1.722553688,0.21372440457344055
Leeds,-2.676107361,-2.4481191635131836
Leeds,0.371741675,0.32495200634002686
Leeds,-2.403715714,-1.3525242805480957
Leeds,-1.388288632,-1.7693603038787842
Leeds,-0.893415339,-1.046267032623291
Leeds,-1.207123417,-0.3888136148452759
Leeds,-0.906578621,-0.10549111664295197
Leeds,0.204247063,0.4055008292198181
Leeds,-0.66756881,-0.7163837552070618
Leeds,-0.936435936,-1.348132610321045
Leeds,-0.878291949,-0.6738765239715576
Leeds,-1.37873342,-1.8125495910644531
Leeds,-1.954628378,-1.3187782764434814
Leeds,-1.657577319,-1.118985652923584
Leeds,-0.943035544,-0.9795451164245605
Leeds,0.080083531,0.008552204817533493
Leeds,-1.759393273,-1.9445089101791382
Leeds,0.775650381,0.7729878425598145
Leeds,-0.685250406,-0.6756066083908081
Leeds,-0.167429512,-0.4787876605987549
Leeds,0.547763067,-0.06862737238407135
Leeds,-1.699519292,-1.3085211515426636
Leeds,-0.029194105,-0.1766979992389679
Leeds,-2.004035333,-0.5372864007949829
Leeds,-1.558874652,-1.3938381671905518
Leeds,-2.163690796,-0.6405773758888245
Leeds,0.23155772,-0.3264876902103424
Leeds,-0.285320521,-0.2913389205932617
Leeds,-0.154774845,-0.6999786496162415
Leeds,-2.770184797,-1.0257880687713623
Leeds,0.29173523,-0.6957840323448181
Leeds,-2.956637714,-2.169431209564209
Leeds,0.058657723,-0.6653378009796143
Leeds,0.444349871,0.43300861120224
Leeds,-1.32820329,-1.9030400514602661
Leeds,0.433770301,0.44658756256103516
Leeds,0.579982105,-0.20581293106079102
Leeds,-1.864985102,-1.6191060543060303
Leeds,-1.915224565,0.14667829871177673
Leeds,-0.262381779,0.08724497258663177
Leeds,-0.30364119,-0.6284173727035522
Leeds,-1.459936021,-1.6241503953933716
Leeds,-1.169035538,-2.1058242321014404
Leeds,-1.684379381,-1.8376384973526
Leeds,-0.423567349,0.042745478451251984
Leeds,-0.401133386,-1.2699241638183594
Leeds,0.184891445,0.3908476233482361
Leeds,0.470144966,0.7034304738044739
Leeds,-3.841548882,-1.9894969463348389
Leeds,-1.11674556,-1.7234917879104614
Leeds,-2.235825584,-0.27654242515563965
Leeds,-0.883639862,-1.3716777563095093
Leeds,-0.341620856,0.18345661461353302
Leeds,-0.194784817,0.2717030942440033
Leeds,-1.498936526,-0.8708881139755249
Leeds,-2.452585735,-1.7577439546585083
Leeds,-0.136173606,0.34324997663497925
Leeds,0.35053991,0.5624271035194397
Leeds,-2.137703915,-4.051558494567871
Leeds,-0.274730371,-1.019102692604065
Leeds,-1.170790508,-2.006549835205078
Leeds,-0.88605527,-2.188911199569702
Leeds,-2.567341591,-2.5739636421203613
Leeds,-0.784023236,-0.5219017863273621
Leeds,-0.950811187,-0.4446394443511963
Leeds,-1.628811407,-2.6141297817230225
Leeds,0.259120927,-0.3053920865058899
Leeds,-1.673363962,-1.9315630197525024
Leeds,-0.680578154,1.0677462816238403
Leeds,0.964031913,0.12337643653154373
Leeds,-3.847163773,-2.1887996196746826
Leeds,-1.103563434,-1.1848198175430298
Leeds,-2.190811492,-2.9043776988983154
Leeds,-1.330517261,-0.93952876329422
Leeds,-0.558543656,-1.3744022846221924
Leeds,-2.573802534,-1.3104958534240723
Leeds,0.996380458,0.4486152231693268
Leeds,-0.642191393,-0.2627165913581848
Leeds,-1.371742918,-1.362542748451233
Leeds,-0.771354104,0.11673615127801895
Leeds,0.513935905,0.5498378872871399
Leeds,0.334813507,-0.13222678005695343
Leeds,-0.187864636,0.4890357553958893
Leeds,-0.678052926,-0.47102564573287964
Leeds,-0.595827879,-0.6702281832695007
Leeds,-1.08782952,-0.678654670715332
Leeds,0.495843183,-0.8094118237495422
Leeds,-0.855331724,-1.487052083015442
Leeds,-1.549759551,-1.5411922931671143
Leeds,-2.363869395,-1.9694035053253174
Leeds,-0.926617581,-1.0267608165740967
Leeds,-0.125835238,-0.5635629892349243
Leeds,0.19477696,0.42778199911117554
Leeds,-1.361191135,-2.219128131866455
Leeds,-1.657652075,-1.3657351732254028
Leeds,-1.610363812,-1.4875119924545288
Leeds,-0.800254097,-0.732338547706604
Leeds,-1.987351504,-1.6504337787628174
Leeds,-0.583749167,-0.8567118644714355
Leeds,-1.234212462,-1.1059849262237549
Leeds,-1.843158001,-1.4805127382278442
Leeds,-0.037053105,0.10117629915475845
Leeds,-0.953518081,-0.09638664871454239
Leeds,-0.825313022,-0.9053206443786621
Leeds,0.38412846,0.5015370845794678
Leeds,-0.983384521,-1.6923027038574219
Leeds,-0.960685547,0.06567461788654327
Leeds,-3.038076782,-2.11008358001709
Leeds,-1.952421268,-2.1461057662963867
Leeds,-0.187864636,0.3071630597114563
Leeds,-0.10937206,0.34749945998191833
Leeds,-0.718857066,-0.7698755860328674
Leeds,-2.872381259,-0.8905620574951172
Leeds,0.485879894,0.11354822665452957
Leeds,-1.977723605,-1.0078572034835815
Leeds,-3.642366818,-1.439633846282959
Leeds,0.18450416,-0.01242867112159729
Leeds,-1.812523609,-1.9688959121704102
Leeds,-1.193822267,-0.4498221278190613
Leeds,0.139293696,-0.33423006534576416
Leeds,-0.683335271,-0.3367002606391907
Leeds,0.563573103,0.36064043641090393
Leeds,-2.029805828,-1.604638934135437
Leeds,-1.037276829,-2.0243542194366455
Leeds,0.144793846,-0.24078646302223206
Leeds,0.671898215,0.8976712822914124
Leeds,0.684477909,0.4804578423500061
Leeds,-1.776470431,-1.461184024810791
Leeds,-1.402735403,-0.6527412533760071
Leeds,-2.896797821,-1.9189015626907349
Leeds,0.171100776,-0.15172217786312103
Leeds,-1.342690328,0.3941720724105835
Leeds,-0.810589193,-1.4673776626586914
Leeds,-1.058156274,-0.12624381482601166
Leeds,-2.34814254,-2.47957444190979
Leeds,0.436610032,0.13506844639778137
Leeds,0.224355743,-0.7840448617935181
Leeds,-2.988178757,-1.031029224395752
Leeds,0.117757985,0.17766018211841583
Leeds,-0.39912237,-0.1737411767244339
Leeds,-0.405925001,-0.8860727548599243
Leeds,-0.044894198,-1.2410411834716797
Leeds,-0.91164702,-0.9178282022476196
Leeds,-1.521227671,-1.9227911233901978
Leeds,-0.270795364,-0.6773803234100342
Leeds,-0.259626574,-0.1886458396911621
Leeds,-3.397897726,-3.4273555278778076
Leeds,-0.034809562,-1.252807378768921
Leeds,-3.368383065,-2.4809823036193848
Leeds,-1.868131264,-2.2149360179901123
Leeds,-2.105104492,-2.3213343620300293
Leeds,-2.795880925,-0.7953420877456665
Leeds,-1.4242941,-3.1491692066192627
Leeds,-1.881211544,-2.582411050796509
Leeds,-2.756356503,-0.3101425766944885
Leeds,-0.625153426,-1.041754126548767
Leeds,-1.431597495,0.10337686538696289
Leeds,-1.507550426,-2.66351580619812
Leeds,-2.713522567,-2.53446102142334
Leeds,-1.019509832,-0.3287152051925659
Leeds,-0.431798276,-0.17675060033798218
Leeds,-1.598802144,-2.505450487136841
Leeds,-0.277373785,0.01920914649963379
Leeds,0.648860333,-0.7456613779067993
Leeds,-0.376755606,-1.2003381252288818
Leeds,-2.188086645,-1.8428113460540771
Leeds,-1.40926556,-1.114289402961731
Leeds,-3.81024671,-1.22275972366333
Leeds,-0.942313597,-2.131561040878296
Leeds,-2.971795408,-1.009291410446167
Leeds,0.260115988,0.22882449626922607
Leeds,-3.225777791,-2.1249585151672363
Leeds,0.667218289,0.6709604263305664
Leeds,0.060099036,0.28272581100463867
Leeds,-2.380508679,-3.393751859664917
Leeds,-0.389334259,-2.436568260192871
Leeds,-1.560280876,-2.3507306575775146
Leeds,0.225964192,-0.45138412714004517
Leeds,-1.599681728,-0.8481132984161377
Leeds,-1.62903887,-0.5943296551704407
Leeds,-2.325706484,-1.606396198272705
Leeds,0.012926413,-1.3535609245300293
Leeds,0.093925079,-1.0806812047958374
Leeds,-0.798836918,-0.8990846276283264
Leeds,-1.721252106,-0.2275056540966034
Leeds,-3.859925539,-3.4638752937316895
Leeds,-0.292462151,-1.5884597301483154
Leeds,-0.038579503,-0.4362478256225586
Leeds,0.534292363,-0.7185831069946289
Leeds,-0.921639663,-1.4982950687408447
Leeds,-1.281816615,-0.2531115710735321
Leeds,-1.071971787,-0.5026705265045166
Leeds,-1.214763328,-1.1530489921569824
Leeds,-2.555160472,-2.72339129447937
Leeds,-2.917370255,-1.863893747329712
Leeds,-1.57469315,-2.1079349517822266
Leeds,-1.07109206,-0.8565736413002014
Leeds,-1.899207463,-1.7405436038970947
Leeds,-1.697800618,0.7638457417488098
Leeds,-1.68029568,-0.2579513192176819
Leeds,-1.979195892,-2.904257297515869
Leeds,-0.99238638,-0.8012595772743225
Leeds,-0.614688332,-1.211784839630127
Leeds,-0.339592419,-0.39386898279190063
Leeds,0.341264486,0.14059047400951385
Leeds,-1.845642737,0.14059045910835266
Leeds,-0.470606864,-1.5674036741256714
Leeds,-0.767429023,-1.279035210609436
Leeds,-0.53745977,-0.9696893692016602
Leeds,-0.1487414,0.3404538035392761
Leeds,-0.287862464,-0.7116636633872986
Leeds,-3.625930531,-1.7543010711669922
Leeds,-1.551642395,-1.8017948865890503
Leeds,-1.522871363,0.022893425077199936
Leeds,-0.836325348,-1.0322096347808838
Leeds,0.113387133,-0.11811192333698273
Leeds,-0.779883089,-1.295137882232666
Leeds,-3.030984062,-1.923697829246521
Leeds,-0.863545786,-0.6973905563354492
Leeds,-0.602048918,0.1956593245267868
Leeds,-1.213439666,-0.26800137758255005
Leeds,-0.519907217,-2.8419270515441895
Leeds,-1.458053873,-1.9531513452529907
Leeds,-2.297149663,-2.0428507328033447
Leeds,-1.307227288,-1.802704095840454
Leeds,-0.587374305,-2.058994770050049
Leeds,0.307369906,0.2967466413974762
Leeds,-3.390787543,-1.6344959735870361
Leeds,-2.017735267,-0.22805918753147125
Leeds,0.646344068,-0.12221288681030273
Leeds,-3.193440523,-1.6867549419403076
Leeds,-1.023350612,-2.132962942123413
Leeds,0.772431391,1.0106396675109863
Leeds,-1.755138507,-2.8127331733703613
Leeds,-2.914264861,-0.06742092967033386
Leeds,-0.649780609,-2.635995864868164
Leeds,-0.603140172,0.028806090354919434
Leeds,-1.354883018,-0.7058372497558594
Leeds,-0.94359673,-0.9145005345344543
Leeds,-2.309533129,-1.337145209312439
Leeds,0.56215473,0.3128455877304077
Leeds,0.720043321,0.38277289271354675
Leeds,0.205061347,-0.6273155212402344
Leeds,-2.432800953,-1.6317863464355469
Leeds,-2.966263706,-2.5864953994750977
Leeds,-0.493942012,0.1448746770620346
Leeds,-0.840478568,-0.32081958651542664
Leeds,-3.39725362,0.33977851271629333
Leeds,-0.852073862,0.30445200204849243
Leeds,-2.552019331,-0.6863064169883728
Leeds,-0.666544407,-1.046567440032959
Leeds,0.426625697,-1.0295579433441162
Leeds,-0.647291755,-1.8537434339523315
Leeds,-3.445323923,-1.8331917524337769
Leeds,-0.912776034,-1.6359020471572876
Leeds,-0.892961108,-1.738340139389038
Leeds,-0.94009421,-0.9350183010101318
Leeds,-1.522233474,-1.109250545501709
Leeds,-0.907584355,-1.109250783920288
Leeds,-0.421566245,-0.49450719356536865
Leeds,-2.423217846,-1.147486686706543
Leeds,-0.261918872,-1.0291470289230347
Leeds,-2.105104492,-1.924896240234375
Leeds,-0.835359734,-0.21121251583099365
Leeds,-0.701577016,-1.6817927360534668
Leeds,-0.232009418,0.06371432542800903
Leeds,-0.840965168,0.12403085827827454
Leeds,-0.638280143,0.19501611590385437
Leeds,-1.435382236,-1.2364779710769653
Leeds,-0.497994303,-0.1758558750152588
Leeds,-0.892983945,-1.5086225271224976
Leeds,-1.523330774,0.6512320041656494
Leeds,-1.095765126,-2.3210091590881348
Leeds,-1.375161842,-1.8451670408248901
Leeds,-1.404797714,-0.6906297206878662
Leeds,-1.522914612,-3.4797706604003906
Leeds,0.313612393,-0.35794273018836975
Leeds,-2.618624393,-2.2628159523010254
Leeds,-0.310699476,-1.917812466621399
Leeds,-0.044531471,-0.10910852998495102
Leeds,-3.486233478,-2.0135562419891357
Leeds,-1.99832038,-1.4446156024932861
Leeds,-0.698070007,0.4582569897174835
Leeds,-0.876459712,-1.809770107269287
Leeds,-0.840526284,-0.3816143870353699
Leeds,-0.781209421,-1.5677549839019775
Leeds,-1.615741442,-2.605579376220703
Leeds,-1.656785224,-0.3262205421924591
Leeds,-0.066068749,-0.32622042298316956
Leeds,-1.589187993,-1.059744119644165
Leeds,-0.484338481,-0.7949184775352478
Leeds,-1.907584355,-0.7949180603027344
Leeds,-0.718962843,-0.40376847982406616
Leeds,-0.41352337,-1.2869876623153687
Leeds,-1.326752675,-0.7082128524780273
Leeds,0.149132746,0.1769905686378479
Leeds,0.143056052,0.1830093413591385
Leeds,-0.076849601,-1.1968387365341187
Leeds,-0.36063907,-0.2802830636501312
Leeds,-0.64653834,-0.22201114892959595
Leeds,-0.771634878,-1.6045043468475342
Leeds,0.029586852,-0.5740327835083008
Leeds,-0.917901574,-0.884218692779541
Leeds,-2.946382076,-2.7714755535125732
Leeds,-1.329362948,0.42411190271377563
Leeds,-3.928660027,-2.071604013442993
Leeds,-3.150861982,-2.6155028343200684
Leeds,-0.194327676,-1.1210414171218872
Leeds,-1.999982157,0.2810383439064026
Leeds,-1.616797483,-0.832736074924469
Leeds,-0.24585023,-0.6801342368125916
Leeds,-1.429002933,-0.8683862686157227
Leeds,-1.607385594,-1.7757233381271362
Leeds,-0.83006313,1.3590112924575806
Leeds,-0.476208277,-2.0019173622131348
Leeds,-0.469843114,-0.9474545121192932
Leeds,-0.482089511,-0.9944788217544556
Leeds,-0.778874472,-2.2287850379943848
Leeds,-0.17839989,-0.4838787615299225
Leeds,-0.392769265,-0.4376538395881653
Leeds,0.015786616,-1.6006970405578613
Leeds,-0.372644955,-1.6006972789764404
Leeds,0.105388087,-0.6640149354934692
Leeds,-0.246766311,0.23200777173042297
Leeds,0.774785161,-0.4703752398490906
Leeds,-2.30102397,-2.7617385387420654
Leeds,-0.907224384,-1.5970020294189453
Leeds,0.910290571,0.7206023931503296
Leeds,-2.295674141,-1.0923025608062744
Leeds,0.512299784,0.394319087266922
Leeds,-1.61750544,-1.2855219841003418
Leeds,-1.131340971,-0.24610218405723572
Leeds,-3.271932299,-2.0132436752319336
Leeds,-1.360352472,-1.054534912109375
Leeds,-1.700971947,-1.3941705226898193
Leeds,-1.057741262,-0.8683288097381592
Leeds,-2.025217553,-1.662989616394043
Leeds,-0.009360791,-0.3483125567436218
Leeds,-1.599833602,-0.01455649547278881
Leeds,-0.349532325,-2.18532133102417
Leeds,-1.622435042,-0.8865736722946167
Leeds,-1.016759388,-1.6114410161972046
Leeds,-0.554508694,-2.22477126121521
Leeds,-1.723331411,-1.050280213356018
Leeds,0.464896151,-0.7039302587509155
Leeds,-0.035717002,0.2445615828037262
Leeds,0.371768325,0.26129820942878723
Leeds,-0.773764165,-2.0465803146362305
Leeds,-2.961194289,-1.8835444450378418
Leeds,-1.768599812,-1.7933349609375
Leeds,-0.748909792,-0.32873377203941345
Leeds,-2.08450955,-0.8869690895080566
Leeds,-1.279463121,-1.2371619939804077
Leeds,-1.908809846,-2.0904669761657715
Leeds,-1.789426964,-3.097519636154175
Leeds,-1.837930711,-2.5054402351379395
Leeds,-0.211017704,-1.3505064249038696
Leeds,-3.164522971,-1.923705816268921
Leeds,-1.488236868,-2.4308714866638184
Leeds,0.685732139,-1.0723196268081665
Leeds,-1.78259426,-1.1493202447891235
Leeds,-0.568645966,-1.6156917810440063
Leeds,0.233182798,-0.6622654795646667
Leeds,-0.779675607,-2.0568320751190186
Leeds,0.34222424,0.47144198417663574
Leeds,-0.908580662,-1.6307467222213745
Leeds,0.344821243,-1.4583135843276978
Leeds,0.028899692,-1.4583139419555664
Leeds,-0.286505123,-0.31764453649520874
Leeds,-1.119177956,0.2884006202220917
Leeds,-1.408933126,-2.2889788150787354
Leeds,-0.774933372,-0.775323748588562
Leeds,0.049238397,0.34662431478500366
Leeds,-2.769211002,-1.7169841527938843
Leeds,-3.035264331,-2.429468870162964
Leeds,-0.595103096,-0.5348993539810181
Leeds,-0.108690891,-0.36171281337738037
Leeds,-0.175447737,0.6826030015945435
Leeds,-1.843522888,0.6826030611991882
Leeds,-1.930035861,-2.205911159515381
Leeds,-1.881296599,-0.8422869443893433
Leeds,-1.770899639,-2.6623153686523438
Leeds,-1.641298242,-1.938080072402954
Leeds,-2.095440049,-2.696495294570923
Leeds,-0.703420946,-0.5609383583068848
Leeds,-1.435660101,-0.6192201375961304
Leeds,-0.862736204,-1.0329489707946777
Leeds,-1.771309128,-1.8105461597442627
Leeds,-1.364140502,-1.6019254922866821
Leeds,-0.063451727,-1.7924859523773193
Leeds,-3.713825025,-0.03127962723374367
Leeds,-1.098639112,-1.3991613388061523
Leeds,-0.187076494,-2.1401913166046143
Leeds,-3.334529936,-1.5269948244094849
Leeds,-0.52151522,0.7768364548683167
Leeds,-1.138024757,-0.599398136138916
Leeds,-1.842478898,-2.6308000087738037
Leeds,-0.537254369,-0.8407154083251953
Leeds,-1.129002803,-1.7169876098632812
Leeds,-1.374513995,-0.9939255118370056
Leeds,-1.088125655,-1.7334403991699219
Leeds,-2.369076072,-1.4825022220611572
Leeds,-2.742015861,-2.3665404319763184
Leeds,-1.769556786,-0.22687235474586487
Leeds,-1.251793355,-0.2767423391342163
Leeds,-1.095760394,-1.2695503234863281
Leeds,-0.508019325,-1.786431074142456
Leeds,-0.812316622,-1.2941429615020752
Leeds,-2.963223993,-2.7517526149749756
Leeds,0.665550839,-0.1662558913230896
Leeds,-2.126571704,-3.427544593811035
Leeds,-0.12610793,-0.3150539994239807
Leeds,-2.237086256,-0.5034773945808411
Leeds,-1.657591748,-0.25116777420043945
Leeds,-1.076283953,0.7586515545845032
Leeds,0.390657296,-0.19700917601585388
Leeds,-0.498644836,-0.5620234608650208
Leeds,-1.603796042,-1.8896781206130981
Leeds,-3.398479204,-0.7506651878356934
Leeds,-1.15490196,0.34406501054763794
Leeds,-0.807836975,-1.8215745687484741
Leeds,-0.730469196,0.08681733906269073
Leeds,-1.244122266,-0.11696801334619522
Leeds,-1.109455147,-1.2398033142089844
Leeds,-2.499875251,-1.9267539978027344
Leeds,0.477141134,-1.1854723691940308
Leeds,-2.470429908,-1.7805041074752808
Leeds,-1.265213368,-1.468360424041748
Leeds,0.90774067,0.009249597787857056
Leeds,-0.498903775,-1.3630914688110352
Leeds,-0.231656761,-1.6029108762741089
Leeds,0.365336625,0.7127654552459717
Leeds,-2.978281988,-0.8215190172195435
Leeds,-1.307759578,-0.8692643642425537
Leeds,-3.301444352,-2.9792537689208984
Leeds,0.519243772,0.3752838671207428
Leeds,-1.70288556,-0.12137702852487564
Leeds,-1.115140672,-1.823773741722107
Leeds,-1.079810517,-1.171285629272461
Leeds,-3.465879329,-2.056663990020752
Leeds,-2.401017236,-2.081831932067871
Leeds,-3.030918291,-2.3439159393310547
Leeds,0.322319043,-0.46373069286346436
Leeds,-2.141130509,-1.7670648097991943
Leeds,-0.313006034,-0.9126741886138916
Leeds,-3.523396116,-1.1510069370269775
Leeds,-0.654767962,-2.8127338886260986
Leeds,-0.116525836,-0.5261338353157043
Leeds,-1.005719859,-1.6541147232055664
Leeds,-0.568637943,-0.23623761534690857
Leeds,-2.333049073,0.06747937202453613
Leeds,-3.652584084,-2.010924816131592
Leeds,-0.984365267,-0.8766323924064636
Leeds,-0.407255773,-1.4831922054290771
Leeds,0.91133309,0.48734137415885925
Leeds,-1.026130102,0.36331307888031006
Leeds,0.558928709,-0.6229376792907715
Leeds,-2.162492797,-2.2506909370422363
Leeds,-0.445796448,-2.3185009956359863
Leeds,-1.144457574,0.03974521905183792
Leeds,0.732112358,0.4053429961204529
Leeds,-1.815363959,-1.9227299690246582
Leeds,-2.164161321,-2.473285436630249
Leeds,-3.789551538,-2.7103993892669678
Leeds,-2.327158636,-1.5545364618301392
Leeds,-0.138627526,-0.4712466895580292
Leeds,0.215501725,-0.6481571197509766
Leeds,-1.139498852,-1.4781643152236938
Leeds,-2.122892155,-2.8664708137512207
Leeds,-1.772342835,-0.9583831429481506
Leeds,0.089474843,-1.2014551162719727
Leeds,-2.110796646,-1.0411760807037354
Leeds,-1.445595972,-2.185814142227173
Leeds,-1.83088487,-1.5301674604415894
Leeds,-1.416756969,-1.6111140251159668
Leeds,-0.164919184,0.4910750091075897
Leeds,-0.277683685,0.17431111633777618
Leeds,-2.06048026,-1.7341852188110352
Leeds,-1.290243154,-1.5168458223342896
Leeds,-0.711484813,-1.037752389907837
Leeds,-3.681525248,-2.452923059463501
Leeds,-0.634478221,-1.197478175163269
Leeds,-2.230886645,-3.217444658279419
Leeds,-0.528663663,-0.5388917922973633
Leeds,-0.610212632,-0.5341659188270569
Leeds,-3.855481051,-0.5761775970458984
Leeds,-1.969944603,-1.1564679145812988
Leeds,-2.673538801,-2.4850618839263916
Leeds,-0.032780167,-0.3969797194004059
Leeds,-2.851780004,-1.212394118309021
Leeds,-2.757471948,-2.7503585815429688
Leeds,-0.817557062,-1.0336167812347412
Leeds,-1.325291914,0.4503021836280823
Leeds,-3.14716535,-1.7533810138702393
Leeds,-2.279553947,-0.45509999990463257
Leeds,-2.940199207,-3.0003132820129395
Leeds,-0.36417146,-1.8018183708190918
Leeds,-2.071174513,-1.5803946256637573
Leeds,-1.674740629,-2.0611205101013184
Leeds,-0.715024726,0.03684331849217415
Leeds,-1.927672678,-2.295370578765869
Leeds,-2.121462376,-1.502254843711853
Leeds,-1.519664904,-0.6960813403129578
Leeds,-0.42481882,-0.07006554305553436
Leeds,-1.752447265,-2.036748170852661
Leeds,-2.287266367,-1.0386356115341187
Leeds,-2.500740305,-0.965781569480896
Leeds,-3.823909179,-1.1795662641525269
Leeds,-1.884503851,-2.200178623199463
Leeds,-1.190535841,-1.6824374198913574
Leeds,-0.338961823,-2.2407760620117188
Leeds,-1.28972567,-0.6599514484405518
Leeds,-2.057621417,-1.4417763948440552
Leeds,-1.124014873,-0.09637801349163055
Leeds,-0.270813985,-0.4614262878894806
Leeds,-0.298151846,-0.5939247608184814
Leeds,-2.579499754,-3.033433437347412
Leeds,-2.557397822,-2.42014741897583
Leeds,-0.456474038,-1.107767105102539
Leeds,-3.042182953,-1.345596194267273
Leeds,-1.064624923,-0.905219554901123
Leeds,-1.403012021,-2.0939712524414062
Leeds,-0.360673591,0.030094828456640244
Leeds,-1.823075118,-1.7628850936889648
Leeds,-2.678033738,-1.4336183071136475
Leeds,-0.123006146,-0.5528716444969177
Leeds,-1.483907359,-1.9030776023864746
Leeds,0.15053329,0.31672465801239014
Leeds,-1.917214297,-1.209561824798584
Leeds,-1.854937284,-2.263568639755249
Leeds,-1.547635776,-1.7898954153060913
Leeds,-2.710068449,-0.9279608726501465
Leeds,-1.756386539,-1.344409704208374
Leeds,-0.814263086,-1.263736367225647
Leeds,0.557583436,-1.0709710121154785
Leeds,-1.857437968,-1.179983139038086
Leeds,0.202103636,-0.8496339321136475
Leeds,-2.129113171,0.26104670763015747
Leeds,-0.477535246,-1.4555284976959229
Leeds,-1.850860257,-1.7791500091552734
Leeds,-2.542885865,0.2933513820171356
Leeds,-0.156767152,-1.1887065172195435
Leeds,0.972403313,0.818558394908905
Leeds,-3.31785744,-1.793503999710083
Leeds,-1.066742368,-1.1469030380249023
Leeds,-0.522888515,-0.37766897678375244
Leeds,-0.433878987,-0.6109696626663208
Leeds,-2.31657923,-0.971045732498169
Leeds,-0.858778798,-0.665874719619751
Leeds,-2.886123037,-1.5939420461654663
Leeds,-1.753001822,-1.9475609064102173
Leeds,-1.399099211,-0.8450295329093933
Leeds,0.161805214,-0.21073409914970398
Leeds,0.090993157,-1.20648992061615
Leeds,-1.101572489,-1.6824547052383423
Leeds,-1.248609112,-0.8981886506080627
Leeds,-0.241601153,-1.2892451286315918
Leeds,0.265996328,-1.0426477193832397
Leeds,-1.11385346,-1.773270606994629
Leeds,0.072203685,-0.40600621700286865
Leeds,-2.208446731,-1.634390950202942
Leeds,-0.250254149,-0.1612672060728073
Leeds,-2.813182486,-1.8501403331756592
Leeds,-1.663336191,-1.1367554664611816
Leeds,-1.541361267,-3.063447952270508
Leeds,0.225767129,0.08204512298107147
Leeds,-2.791240668,-1.660834550857544
Leeds,-2.196053303,-1.6007877588272095
Leeds,-2.76918539,-2.7616186141967773
Leeds,-3.698977699,-3.1091060638427734
Leeds,-2.150930393,-1.664219856262207
Leeds,-1.13076721,-1.0384135246276855
Leeds,-1.894535791,-2.288170099258423
Leeds,-1.175426029,-0.577995777130127
Leeds,-1.176880379,-1.5411574840545654
Leeds,-1.030859923,-1.1926567554473877
Leeds,-1.500602863,-1.0791370868682861
Leeds,-1.630430753,-0.2515742778778076
Leeds,-1.382822954,-1.3391600847244263
Leeds,0.408240294,0.8017721772193909
Leeds,-1.960801637,-0.015155050903558731
Leeds,7.38e-06,0.6535499691963196
Leeds,-3.064857195,-2.2684826850891113
Leeds,-0.876166503,-1.6447304487228394
Leeds,-0.637898744,-3.526625394821167
Leeds,-0.782730544,-1.567204236984253
Leeds,-1.189895628,0.21154284477233887
Leeds,-2.037161485,-1.9017356634140015
Leeds,-0.030876929,-0.9734973311424255
Leeds,7.38e-06,0.7485363483428955
Leeds,-1.29423285,-1.0669348239898682
Leeds,-1.242931359,-1.041074514389038
Leeds,-2.070758013,-1.6140459775924683
Leeds,-2.879728133,-2.2965400218963623
Leeds,-2.356521808,-2.2564001083374023
Leeds,-2.891425943,-0.4838746190071106
Leeds,-2.530177734,-1.3852171897888184
Leeds,-2.440378684,-1.8894474506378174
Leeds,-2.532166538,-1.2468692064285278
Leeds,-2.357119443,-1.657106876373291
Leeds,-1.926092442,-1.4611210823059082
Leeds,-0.764203979,-1.3530969619750977
Leeds,-2.833490265,-2.9814348220825195
Leeds,-2.17416425,-1.2032849788665771
Leeds,0.052120124,-0.23699912428855896
Leeds,-2.484920005,-2.3991620540618896
Leeds,-0.798443109,-1.1581443548202515
Leeds,-3.692187894,-2.1978421211242676
Leeds,-1.374682678,-0.43482691049575806
Leeds,0.357035676,-1.1358814239501953
Leeds,-0.901912418,-2.095693826675415
Leeds,-2.512234384,-1.407416820526123
Leeds,-0.234013975,-0.5953236818313599
Leeds,0.416638462,0.06130436435341835
Leeds,-2.301506589,-1.9859049320220947
Leeds,-2.763698043,-1.6569085121154785
Leeds,-2.331620312,-2.1892242431640625
Leeds,-1.249528783,-2.6428134441375732
Leeds,-1.954676329,-2.543917179107666
Leeds,-2.070987471,-0.22262658178806305
Leeds,-2.30514198,-2.2391083240509033
Leeds,-2.74846971,-0.8621402382850647
Leeds,-2.769884773,-1.8913015127182007
Leeds,-1.708604119,-1.4915355443954468
Leeds,-0.766267394,0.4896814823150635
Leeds,-1.353697444,-0.6572765111923218
Leeds,-0.627467868,-0.180882066488266
Leeds,-0.946584039,-1.518017292022705
Leeds,0.713730033,-0.08273138105869293
Leeds,-1.21472305,-0.7606320381164551
Leeds,-1.734569649,-1.1935323476791382
Leeds,-2.19382051,-2.4718129634857178
Leeds,-1.139914495,-0.8251429796218872
Leeds,-0.955241939,-3.4983925819396973
Leeds,-0.952082606,-1.0245567560195923
Leeds,-1.242788812,0.29336822032928467
Leeds,-3.22184875,-1.876664400100708
Leeds,-2.118229479,-1.6367517709732056
Leeds,-1.481419875,-0.7118982076644897
Leeds,-0.760220113,-1.089775800704956
Leeds,-1.10546509,-1.5622669458389282
Leeds,0.041390235,-0.5039156675338745
Leeds,-0.207507264,-0.3871622085571289
Leeds,-3.689890553,-2.776883840560913
Leeds,-2.235290614,-0.7210302352905273
Leeds,-2.172582627,-1.4688135385513306
Leeds,-0.597324383,0.3208260238170624
Leeds,-2.294933337,-1.6611738204956055
Leeds,-1.391988349,-1.7789051532745361
Leeds,0.32238574,-0.9245331287384033
Leeds,0.157251372,0.3429897427558899
Leeds,-2.041611296,-2.0513241291046143
Leeds,-0.275046998,-0.679313063621521
Leeds,-0.693137174,-0.9920278787612915
Leeds,-0.78430213,-1.240065574645996
Leeds,-1.407459278,-0.8862601518630981
Leeds,-2.316835803,-1.6970059871673584
Leeds,-1.681923089,-3.441624402999878
Leeds,-0.237499612,-0.4941115975379944
Leeds,0.240146748,-3.0246243476867676
Leeds,0.138857616,0.08560842275619507
Leeds,-2.219563635,-2.2659785747528076
Leeds,-3.601867258,-2.8824269771575928
Leeds,-0.068248233,0.0586429163813591
Leeds,-2.015580865,-1.0136994123458862
Leeds,-3.388272563,-1.6075985431671143
Leeds,-0.784715311,-1.7820695638656616
Leeds,0.054531415,-1.2356897592544556
Leeds,-1.442176367,-1.267866611480713
Leeds,-1.54690736,-1.1196222305297852
Leeds,-0.436730994,-0.3908107876777649
Leeds,-1.500312969,-0.6200807690620422
Leeds,-1.725700348,-1.2721843719482422
Leeds,-0.964369565,-0.9988176822662354
Leeds,-0.047210424,-0.07717688381671906
Leeds,-0.057056573,0.018265606835484505
Leeds,-7.2e-06,0.6951923966407776
Leeds,0.607805464,-1.134924292564392
Leeds,0.074274412,-0.6244559288024902
Leeds,-1.558247295,-0.42324909567832947
Leeds,0.597868172,-0.022838085889816284
Leeds,-2.479320814,-1.2788307666778564
Leeds,-0.702872483,-1.6344786882400513
Leeds,-1.432119612,-1.1264734268188477
Leeds,-2.222083205,0.13080023229122162
Leeds,-0.780751347,-1.2444212436676025
Leeds,-0.492149724,-0.7952998876571655
Leeds,-0.725034713,-0.7629396915435791
Leeds,-1.869666337,-1.7055392265319824
Leeds,-0.68916985,-1.5257648229599
Leeds,-3.398339376,-2.597182273864746
Leeds,-2.408677432,-1.6502660512924194
Leeds,-2.007808719,-0.04819151386618614
Leeds,-1.65680494,-1.123400330543518
Leeds,-2.57399547,-1.7337278127670288
Leeds,-3.745111985,-3.648834466934204
Leeds,-2.2839971,-2.0755019187927246
Leeds,-2.103700991,-0.9158936738967896
Leeds,-0.649968662,-0.3560652732849121
Leeds,-0.563834417,-0.7132325172424316
Leeds,-1.7493147,-2.254035472869873
Leeds,-0.297178144,-0.8050986528396606
Leeds,-0.387215989,-0.4387199878692627
Leeds,-0.223633396,-0.013942224904894829
Leeds,-0.862284454,-0.8643378019332886
Leeds,-1.266915455,-1.5836637020111084
Leeds,-2.672337227,-2.4576163291931152
Leeds,-1.707880973,-2.124955177307129
Leeds,-1.508551265,-1.3971410989761353
Leeds,-0.061450863,-1.3281514644622803
Leeds,-1.48557607,-1.075710654258728
Leeds,-2.854806862,-1.0074152946472168
Leeds,-2.044478349,-1.3081260919570923
Leeds,0.192684881,0.5803893208503723
Leeds,-2.080894376,-1.5930347442626953
Leeds,-1.834355523,-2.194554567337036
Leeds,0.167716211,-1.350245714187622
Leeds,-0.841870015,-0.38379037380218506
Leeds,-2.589989393,-1.801291584968567
Leeds,-0.20828776,0.3494696617126465
Leeds,-2.977160211,-0.342822402715683
Leeds,-1.863368836,-2.1406333446502686
Leeds,-1.418572841,-2.4644463062286377
Leeds,-2.926857727,-1.7720425128936768
Leeds,-2.132990367,-1.0903313159942627
Leeds,-1.171224459,-1.965248465538025
Leeds,-1.086940079,-1.2641961574554443
Leeds,-0.766231448,-0.8969112634658813
Leeds,0.0,0.46453022956848145
Leeds,-0.772286248,-0.24023044109344482
Leeds,-0.987862687,-1.8163200616836548
Leeds,0.244851692,0.4449886083602905
Leeds,-1.23520234,0.4413987696170807
Leeds,-1.945804181,-1.7475749254226685
Leeds,0.0,0.40397289395332336
Leeds,-2.130189117,-1.6786167621612549
Leeds,-1.43525916,-0.2593154311180115
Leeds,0.222761727,-1.366755485534668
Leeds,-0.564126195,-0.8506340384483337
Leeds,-2.508637242,-1.8856874704360962
Leeds,-2.612749267,-2.5292086601257324
Leeds,-0.71333159,-1.482239007949829
Leeds,-2.761892022,-1.823533296585083
Leeds,-0.860124642,-0.7625788450241089
Leeds,-2.921360783,-3.637389659881592
Leeds,-3.670157508,-1.5993626117706299
Leeds,-1.155845958,-2.1003153324127197
Leeds,-1.962574264,-1.6441434621810913
Leeds,-0.687277577,-0.935328483581543
Leeds,-1.18089396,-0.9903886318206787
Leeds,-1.218807164,-0.5566760301589966
Leeds,-1.90910954,-0.9639512300491333
Leeds,-2.678033738,-1.2322263717651367
Leeds,-2.52923583,-2.598827600479126
Leeds,-1.093780574,-1.7410924434661865
Leeds,-1.25995379,-0.3033994734287262
Leeds,-1.296748044,-2.182340383529663
Leeds,0.008276759,-0.6957520246505737
Leeds,-2.45058394,-1.9069459438323975
Leeds,-3.236573593,-2.221301555633545
Leeds,0.555510462,0.7700427770614624
Leeds,-2.685396149,-1.8637118339538574
Leeds,-2.168330068,-1.6028565168380737
Leeds,-0.566285938,-0.2117754966020584
Leeds,-0.314498856,-1.193015456199646
Leeds,-1.924085877,-1.6148496866226196
Leeds,-2.057621417,-1.37229323387146
Leeds,-3.090170447,-3.0057437419891357
Leeds,-3.767782892,-1.905503749847412
Leeds,-1.486007272,-1.3840765953063965
Leeds,-1.962800068,-1.249813199043274
Leeds,-0.449776358,-0.5954244136810303
Leeds,0.53062241,0.8358548283576965
Leeds,-0.204123,-0.6000484228134155
Leeds,-0.767004244,-0.9911289215087891
Leeds,-1.703837128,0.08627337962388992
Leeds,-2.065501258,-2.584608316421509
Leeds,-0.014917656,-0.4794277548789978
Leeds,-1.984737284,-2.0197649002075195
Leeds,0.533701714,0.8441329598426819
Leeds,-0.600165637,-0.8248128890991211
Leeds,-3.320665467,-3.165369987487793
Leeds,-1.320844297,-1.6657289266586304
Leeds,-2.025641699,-2.3271124362945557
Leeds,-0.749541691,-0.9758034348487854
Leeds,-2.101837285,-2.573478937149048
Leeds,-2.210200097,-2.0426597595214844
Leeds,-0.568635787,-0.4722585678100586
Leeds,0.598792806,0.628708004951477
Leeds,-2.027519105,0.37066495418548584
Leeds,-1.693113263,0.20874154567718506
Leeds,-2.13076902,-1.4238040447235107
Leeds,0.170261202,-0.43873196840286255
Leeds,-2.438899077,-2.6742568016052246
Leeds,0.595269013,0.3814769685268402
Leeds,-0.440491896,-0.8438762426376343
Leeds,-0.394128008,-2.6253867149353027
Leeds,-1.072362614,-1.7147551774978638
Leeds,-0.686608467,-0.34456562995910645
Leeds,-0.456942235,-1.6689894199371338
Leeds,-1.581767392,-1.2190014123916626
Leeds,-2.477818615,-1.8701155185699463
Leeds,-1.214669172,-0.8629058003425598
Leeds,0.539322329,0.4185989797115326
Leeds,-2.402484727,-2.355989456176758
Leeds,-2.001074769,-1.7759451866149902
Leeds,-0.323508953,-0.2772347927093506
Leeds,-1.517953347,-1.7176824808120728
Leeds,-2.531144873,-2.6688501834869385
Leeds,-0.965213683,-1.3408186435699463
Leeds,-1.114684198,-0.14221210777759552
Leeds,-0.190347928,-1.7266134023666382
Leeds,-0.639030045,-0.3833196759223938
Leeds,-1.98098835,-1.9034777879714966
Leeds,-1.6435879,-0.5290795564651489
Leeds,-2.720888368,-1.0714149475097656
Leeds,-1.887724776,-3.602783679962158
Leeds,-0.129832963,0.5159270167350769
Leeds,-1.753799911,0.4709741473197937
Leeds,-2.123908523,-0.5659970641136169
Leeds,0.061201085,-0.3251403570175171
Leeds,-1.456273421,0.15274912118911743
Leeds,-0.802671124,-0.46692344546318054
Leeds,-0.052566894,-0.10354942828416824
Leeds,-1.77781932,-1.3641356229782104
Leeds,-2.737778954,-2.9131996631622314
Leeds,0.823520944,-0.7616813778877258
Leeds,-2.196486306,-1.200048804283142
Leeds,-2.376164922,-1.870291829109192
Leeds,-0.357903099,-0.5941838026046753
Leeds,-2.152037413,-2.4110217094421387
Leeds,-0.2924297,-0.1635928452014923
Leeds,0.346342884,-0.34168732166290283
Leeds,-2.721651726,-0.934213399887085
Leeds,0.551813258,0.5889599919319153
Leeds,-3.336913804,-1.8728562593460083
Leeds,-0.300009502,-0.76584392786026
Leeds,0.213147688,0.40896740555763245
Leeds,-1.782676142,-1.8207453489303589
Leeds,-1.345451013,-0.4631534218788147
Leeds,-1.141621798,-1.4380913972854614
Leeds,-2.21336048,-1.833158254623413
Leeds,-3.48023793,-1.2627569437026978
Leeds,-0.867589008,-0.6237521171569824
Leeds,-1.140823795,0.4200610816478729
Leeds,0.154186179,-0.16156671941280365
Leeds,-0.411966222,-0.09537509083747864
Leeds,-0.184944653,0.16395112872123718
Leeds,-0.880152424,-1.5162935256958008
Leeds,-0.169738033,-0.1855933517217636
Leeds,-0.47235575,-0.9960835576057434
Leeds,-1.610709477,-1.6298320293426514
Leeds,-1.158333962,-0.6019630432128906
Leeds,-2.274082705,-1.5782476663589478
Leeds,-0.187415696,-0.12134037911891937
Leeds,-0.522870319,-1.3731201887130737
Leeds,-0.77226716,0.4722384512424469
Leeds,-2.477822797,-1.1823011636734009
Leeds,-2.938281855,-2.6774368286132812
Leeds,-1.702185548,-1.4183173179626465
Leeds,-0.549591303,0.7240415215492249
Leeds,-2.620276486,-1.677810788154602
Leeds,-0.886878183,-1.7307555675506592
Leeds,-1.921003744,-1.2657201290130615
Leeds,0.562124627,-1.4846538305282593
Leeds,-2.436556992,-4.179248332977295
Leeds,-3.023835587,-1.419884204864502
Leeds,-2.19358722,-2.0859246253967285
Leeds,-1.56390915,-0.6333569288253784
Leeds,0.361215791,-0.08810286223888397
Leeds,-0.178478611,-0.3245004713535309
Leeds,-0.406026263,0.394538938999176
Leeds,0.542212284,0.35631927847862244
Leeds,-2.332946187,-1.2757834196090698
Leeds,-2.415426198,-1.7981665134429932
Leeds,0.39824594,-0.24687151610851288
Leeds,-2.025386193,0.19060055911540985
Leeds,0.0,0.5079209208488464
Leeds,-0.438898118,-0.15212319791316986
Leeds,-0.799447239,-0.9541260004043579
Leeds,-2.23825764,0.2010185867547989
Leeds,0.0681909,-1.657381534576416
Leeds,-1.940469891,-1.946860432624817
Leeds,-2.091437846,-1.7800095081329346
Leeds,-1.467648316,-1.014736294746399
Leeds,-2.190811492,-2.76505970954895
Leeds,-0.121328008,0.8728429675102234
Leeds,-1.050605969,-0.6059830188751221
Leeds,-2.164398831,-1.610771894454956
Leeds,-1.039383609,-1.2637932300567627
Leeds,-3.07662633,-3.2514171600341797
Leeds,0.315608112,-0.011390984058380127
Leeds,-0.215388012,0.0814562439918518
Leeds,-0.04161264,-0.12081898748874664
Leeds,-1.481282533,-1.5757207870483398
Leeds,0.4390219,0.5725430250167847
Leeds,-1.224872541,-1.6088286638259888
Leeds,-2.346744758,-1.0759063959121704
Leeds,-1.378778812,-1.045546054840088
Leeds,-2.554632308,-1.8139779567718506
Leeds,-0.73614786,-0.6948585510253906
Leeds,-0.709240079,-1.1781558990478516
Leeds,-2.491131172,-1.874489426612854
Leeds,-2.638838549,-1.111602783203125
Leeds,-0.923286124,-1.3990603685379028
Leeds,-2.365817792,-2.085855484008789
Leeds,-1.714775632,0.012124558910727501
Leeds,0.885787518,0.07289541512727737
Leeds,-2.98802994,0.37160107493400574
Leeds,-0.613450986,0.33347994089126587
Leeds,-0.828414631,-0.295858770608902
Leeds,-2.687057915,-2.621267080307007
Leeds,-2.826812954,-1.6737604141235352
Leeds,-2.569157792,-1.9451414346694946
Leeds,-2.505568561,-2.0659217834472656
Leeds,-2.299143214,-1.3923046588897705
Leeds,-1.866310262,-1.623474359512329
Leeds,-0.538348802,-0.5933201909065247
Leeds,-1.501169197,-1.3561526536941528
Leeds,-1.933182466,-1.1573210954666138
Leeds,-0.809734245,-1.0958704948425293
Leeds,-1.910350113,-1.3282268047332764
Leeds,0.137054209,0.022165611386299133
Leeds,-2.242824864,-1.5130027532577515
Leeds,-0.894470679,0.3937571048736572
Leeds,-3.258627307,-1.1948868036270142
Leeds,0.333971557,-0.8375817537307739
Leeds,-0.946268355,-1.2893751859664917
Leeds,-0.951626569,-1.767056941986084
Leeds,-2.854235622,-1.2423080205917358
Leeds,-1.839553461,-0.9015047550201416
Leeds,-1.355566778,-2.425355911254883
Leeds,0.363600914,0.5577122569084167
Leeds,0.172072779,-1.5511754751205444
Leeds,-1.234045276,-1.5143811702728271
Leeds,-2.638272361,-1.339654564857483
Leeds,-1.042435463,-1.6864557266235352
Leeds,0.135544069,-0.3898818790912628
Leeds,-2.581063963,-0.10815945267677307
Leeds,0.187974848,-1.0211799144744873
Leeds,-0.394055294,0.20224151015281677
Leeds,-2.897091314,-0.7528426051139832
Leeds,-1.741562862,-2.1649014949798584
Leeds,-0.528767431,-0.09909049421548843
Leeds,-2.837505883,-1.7930597066879272
Leeds,-1.225877629,-0.3908105194568634
Leeds,-2.272754731,-1.5566201210021973
Leeds,-3.105828551,-1.6270776987075806
Leeds,-1.687277577,-1.3165950775146484
Leeds,-2.065409192,-2.0859298706054688
Leeds,-1.004364225,-1.2120064496994019
Leeds,-1.524765299,-1.333106517791748
Leeds,-3.132343579,-1.667519450187683
Leeds,-2.062583221,-1.7818739414215088
Leeds,-0.950194414,-1.3532679080963135
Leeds,-3.171335925,-2.0548293590545654
Leeds,-2.213600031,-3.2017388343811035
Leeds,-2.166852656,-1.6101313829421997
Leeds,-0.873675102,-2.001854419708252
Leeds,-2.08127528,-1.7374086380004883
Leeds,0.115505606,-0.27546846866607666
Leeds,-1.177553773,-1.912825584411621
Leeds,-2.003367172,-2.1032748222351074
Leeds,-2.379723593,-0.4885273873806
Leeds,0.338028289,0.12157003581523895
Leeds,-2.504554637,-2.1210856437683105
Leeds,-3.012875764,-3.110091209411621
Leeds,-1.287910186,0.2597821056842804
Leeds,-0.090405698,-0.008289741352200508
Leeds,0.583329855,0.8997769355773926
Leeds,-3.02657759,-2.78324031829834
Leeds,-3.097255742,-2.1857235431671143
Leeds,0.365480473,0.6592766642570496
Leeds,-0.766250641,-0.3642955720424652
Leeds,-2.350352217,-1.171287178993225
Leeds,0.243700949,-0.25860682129859924
Leeds,-0.468519224,-0.11512254178524017
Leeds,-1.436150825,0.023672517389059067
Leeds,-0.459237338,-0.019737176597118378
Leeds,-1.963880817,-1.5416370630264282
Leeds,-0.420205667,-0.3640083968639374
Leeds,-0.25853527,-0.45378389954566956
Leeds,-1.116359437,-1.3604815006256104
Leeds,-0.940910623,-1.024307370185852
Leeds,-0.949847239,-1.0766783952713013
Leeds,-0.029200381,-0.007879028096795082
Leeds,0.2903599,-0.18548442423343658
Leeds,-2.004575462,-0.30388253927230835
Leeds,-1.011129134,-1.1927297115325928
Leeds,-0.413887927,-0.5319278836250305
Leeds,-1.907416736,-1.4600130319595337
Leeds,-1.863660145,-0.5052751302719116
Leeds,-1.10551814,-0.6935021877288818
Leeds,-0.501438686,-0.7660284042358398
Leeds,-0.958964009,-0.6560256481170654
Leeds,-2.641848751,-1.1674352884292603
Leeds,-2.052242072,0.6811975836753845
Leeds,-2.869306476,-0.9105761647224426
Leeds,0.643456062,-0.74863201379776
Leeds,-0.81694987,-1.1757590770721436
Leeds,-0.782235366,-0.5763151049613953
Leeds,-0.167110479,-0.6292518377304077
Leeds,-2.167497354,-0.4140365719795227
Leeds,-2.914264861,0.24429921805858612
Leeds,-0.792311105,-2.000027894973755
Leeds,-1.943231113,-0.14649148285388947
Leeds,-0.362530939,-0.1452404111623764
Leeds,-0.415569911,-1.3636181354522705
Leeds,-0.294172235,-1.0303797721862793
Leeds,-2.265526513,-1.6477346420288086
Leeds,-1.626268427,-1.061168909072876
Leeds,0.389157907,-0.012117404490709305
Leeds,0.027020488,-0.13965147733688354
Leeds,-1.863279662,-1.9075062274932861
Leeds,-0.038971514,0.6415557265281677
Leeds,-1.166015098,-1.1572030782699585
Leeds,0.440247065,-0.16114287078380585
Leeds,-0.184546074,-0.09159776568412781
Leeds,0.277740946,-0.3179473876953125
Leeds,-1.947267216,-1.9502860307693481
Leeds,-0.918843431,-0.9021267890930176
Leeds,-1.659681409,-1.326084017753601
Leeds,-1.30213449,-1.9385255575180054
Leeds,-1.6005955,-2.0222151279449463
Leeds,-0.698970004,-0.5972582101821899
Leeds,-2.587123653,-2.3208580017089844
Leeds,-1.214386967,-0.7943349480628967
Leeds,0.242728476,0.2508573830127716
Leeds,0.406536563,0.07321707904338837
Leeds,-0.250914279,-0.6442660689353943
Leeds,-1.274455393,-1.9120148420333862
Leeds,0.304933209,0.00535028288140893
Leeds,0.337934939,0.47364452481269836
Leeds,0.469946158,0.9064077138900757
Leeds,0.414898592,-1.4301186800003052
Leeds,0.017033838,-0.628444492816925
Leeds,-2.987228403,-2.5137860774993896
Leeds,-0.048751483,-0.5968673825263977
Leeds,-0.059761557,-2.2355353832244873
Leeds,-1.661214006,-1.857440710067749
Leeds,-1.000531873,-1.1961257457733154
Leeds,-2.008829226,-1.844501256942749
Leeds,0.584462402,0.5425904989242554
Leeds,0.158363452,-0.45674386620521545
Leeds,0.188218301,-0.6677283644676208
Leeds,-1.973656539,-0.5412677526473999
Leeds,-1.710176886,-0.2210673987865448
Leeds,-1.377944782,-1.423712134361267
Leeds,-1.503768559,-0.19917139410972595
Leeds,-1.047799986,-1.8330895900726318
Leeds,0.105205217,0.012101875618100166
Leeds,-1.578606935,1.365401029586792
Leeds,-0.864231194,-0.5917767286300659
Leeds,-0.159574123,-0.6560764312744141
Leeds,0.984337524,0.8657464981079102
Leeds,0.600506438,0.21188434958457947
Leeds,-3.332075128,-2.712698459625244
Leeds,-0.885219291,-1.286190390586853
Leeds,-0.969402295,-1.6549993753433228
Leeds,-0.25369029,-1.241176724433899
Leeds,-0.842909873,-2.2504825592041016
Leeds,-1.139808281,-2.2136282920837402
Leeds,-1.554882494,-0.7456615567207336
Leeds,-2.497966587,-0.6044182181358337
Leeds,-2.031526213,-0.4252810478210449
Leeds,0.969157398,-1.6987160444259644
Leeds,-2.042149762,-0.6448491811752319
Leeds,-0.757635078,-1.2243623733520508
Leeds,-2.375512649,-0.6456177234649658
Leeds,-1.221602711,-1.2542240619659424
Leeds,-1.757193026,0.7772344946861267
Leeds,-1.303584743,-1.494912028312683
Leeds,-2.166856699,0.7279584407806396
Leeds,-1.389230833,-1.304911494255066
Leeds,-1.873628627,-1.83152174949646
Leeds,-1.434809842,0.60224848985672
Leeds,0.028641502,0.6022486686706543
Leeds,-1.719870244,-2.2339677810668945
Leeds,-1.588474696,-0.3545967936515808
Leeds,-1.694205445,-1.724086046218872
Leeds,-1.240463268,-1.5222413539886475
Leeds,0.600178204,-1.1862345933914185
Leeds,0.701736567,-0.19367492198944092
Leeds,-0.23843404,-0.18848614394664764
Leeds,0.430728222,0.258149117231369
Leeds,-0.733732477,-0.6966056227684021
Leeds,-0.79967407,-2.046236991882324
Leeds,-0.916775407,0.5387850403785706
Leeds,-1.242384483,-0.6562792062759399
Leeds,-3.840084003,-2.0803380012512207
Leeds,-0.465092002,0.760893702507019
Leeds,-1.085573957,-0.11698222160339355
Leeds,-2.167031491,-2.0620486736297607
Leeds,-1.41487513,-2.1717214584350586
Leeds,-2.625148694,-2.7714877128601074
Leeds,-1.149599259,0.02897142618894577
Leeds,-0.634717957,-1.2796454429626465
Leeds,-3.183542592,-3.6690783500671387
Leeds,-3.824304507,-2.2710354328155518
Leeds,-0.255544509,-0.0908731073141098
Leeds,-0.569895461,-0.7570779323577881
Leeds,-0.136980136,-1.1675130128860474
Leeds,0.185868316,-0.5595099925994873
Leeds,0.086426364,0.07762981951236725
Leeds,-1.038971067,0.1638590395450592
Leeds,-1.685001954,-0.8186204433441162
Leeds,-3.357021106,0.018130674958229065
Leeds,-1.924984809,-2.4347987174987793
Leeds,-0.476427265,-0.6994166374206543
Leeds,-0.618733559,-1.8098580837249756
Leeds,-1.624649091,-3.016659736633301
Leeds,0.0,0.2085627019405365
Leeds,-2.368988937,-1.3035838603973389
Leeds,-0.768892997,-1.5368998050689697
Leeds,-1.602648604,-0.2202267050743103
Leeds,-1.515356338,-2.21417236328125
Leeds,-1.778654954,-0.3380092978477478
Leeds,-0.655228685,-0.8926266431808472
Leeds,-2.066774265,-2.389002561569214
Leeds,-0.324273039,0.5535681843757629
Leeds,-1.374156545,-1.5337355136871338
Leeds,-0.282011262,-0.9642985463142395
Leeds,-0.97019916,-1.329633116722107
Leeds,0.494044405,0.045246660709381104
Leeds,-1.415999566,-1.95487642288208
Leeds,-3.009085289,-2.479398727416992
Leeds,-0.51638858,-0.6483066082000732
Leeds,-0.24525747,-1.5859774351119995
Leeds,-0.156504393,-0.40745809674263
Leeds,-0.427467058,-1.249129056930542
Leeds,0.331421669,-1.5298993587493896
Leeds,-0.610830638,0.28840047121047974
Leeds,-2.760288511,-0.04312928020954132
Leeds,-2.506270568,-2.2790329456329346
Leeds,-3.326703008,-1.5812041759490967
Leeds,-0.23841898,-2.063088893890381
Leeds,-1.955109128,-2.634352445602417
Leeds,0.474653884,-1.5087783336639404
Leeds,-0.88856542,-1.6029109954833984
Leeds,-1.507943623,-1.8055185079574585
Leeds,-0.497967732,-1.1674636602401733
Leeds,-0.387229525,1.1943445205688477
Leeds,-1.083361151,-1.7421936988830566
Leeds,-2.823897322,-1.0405353307724
Leeds,0.408412743,-0.5714242458343506
Leeds,-2.493568977,-2.4077441692352295
Leeds,-1.482794438,-2.622713327407837
Leeds,-1.113495321,-1.2519840002059937
Leeds,-2.334903897,-1.9719510078430176
Leeds,-1.84106883,-1.7960262298583984
Leeds,-2.026450829,0.17134138941764832
Leeds,-2.044075036,-1.3694490194320679
Leeds,-3.627094614,-0.8566044569015503
Leeds,0.134109574,0.4102644920349121
Leeds,-1.971432302,-0.7771284580230713
Leeds,-0.482479538,-0.48377498984336853
Leeds,-0.096910013,0.01308196410536766
Leeds,-1.301321832,-1.664324164390564
Leeds,-1.510299339,-0.9472383260726929
Leeds,-2.505874587,-0.7258269786834717
Leeds,-0.730356187,-0.8515980243682861
Leeds,-1.199537073,-0.4367079436779022
Leeds,-2.020133127,-1.6185308694839478
Leeds,-3.214442783,-1.8907631635665894
Leeds,0.183613807,0.10036654770374298
Leeds,-1.487020034,-1.1788476705551147
Leeds,-1.861185401,-1.7883049249649048
Leeds,-2.614399475,-2.3706650733947754
Leeds,-0.790293243,0.25343409180641174
Leeds,-0.78418759,-0.8627838492393494
Leeds,-3.186447201,-2.260439872741699
Leeds,-0.692884357,-1.6060506105422974
Leeds,-2.283125892,0.09893985092639923
Leeds,-1.342109292,0.32279032468795776
Leeds,-2.986980997,-2.576491594314575
Leeds,-1.218915059,-1.3452935218811035
Leeds,-1.903076474,-2.2828264236450195
Leeds,-0.402622421,-0.05931523069739342
Leeds,-1.933439276,-1.924178957939148
Leeds,0.113018158,-0.6572622656822205
Leeds,-2.075890678,-1.6163485050201416
Leeds,-2.840239779,-3.1361448764801025
Leeds,0.707192548,-0.3346632421016693
Leeds,-2.618629819,-1.4030137062072754
Leeds,-0.582021133,-0.7763842344284058
Leeds,-1.303423437,-1.4571243524551392
Leeds,0.380203964,-0.47633156180381775
Leeds,-2.910861465,-1.3593734502792358
Leeds,-2.701037233,-1.8301345109939575
Leeds,-0.170645968,-0.022977888584136963
Leeds,-0.420217749,-3.5222318172454834
Leeds,-2.05739504,-2.864276170730591
Leeds,-0.362324399,-0.835482120513916
Leeds,0.390786338,0.45615285634994507
Leeds,-1.383693868,-1.1771122217178345
Leeds,-1.850758304,-2.113496780395508
Leeds,-3.793469596,-3.7692012786865234
Leeds,-0.098819806,0.060965750366449356
Leeds,-1.443202012,0.3513272702693939
Leeds,-2.984312165,-0.8058462142944336
Leeds,-1.586482533,-1.522414207458496
Leeds,-1.015884705,-0.08226251602172852
Leeds,-0.429952338,-1.2482805252075195
Leeds,-1.289524726,-0.6111779808998108
Leeds,-0.151257092,0.19355729222297668
Leeds,-2.484844146,0.00298265740275383
Leeds,-2.450014266,-3.1518118381500244
Leeds,-2.24801056,-2.0580081939697266
Leeds,-3.757007927,-3.8764405250549316
Leeds,-0.277383831,-0.32480278611183167
Leeds,0.626228979,0.1664683222770691
Leeds,-0.990246259,-1.354540467262268
Leeds,-0.983952847,-0.5729886889457703
Leeds,0.160128574,-3.2372353076934814
Leeds,-0.764745547,-1.64473557472229
Leeds,0.591476024,0.5595850348472595
Leeds,-1.848997955,-1.3432741165161133
Leeds,-0.907458668,-0.5822662115097046
Leeds,-2.071674923,-1.6256734132766724
Leeds,-0.869196505,-0.2382005900144577
Leeds,-0.714448841,-1.8007785081863403
Leeds,-3.955554542,-1.7485862970352173
Leeds,-2.439194048,-2.921166181564331
Leeds,-1.815289433,0.37479668855667114
Leeds,-0.999204807,-1.6060954332351685
Leeds,-0.049896619,-2.240776538848877
Leeds,-1.253629325,-0.961922287940979
Leeds,-2.977971986,-2.543687582015991
Leeds,0.169483185,0.2711062431335449
Leeds,0.227894327,-2.12632155418396
Leeds,-2.617593681,-1.850469708442688
Leeds,-0.886966081,-1.5796626806259155
Leeds,-1.114267759,-1.3240079879760742
Leeds,-2.070758013,-1.5312554836273193
Leeds,-1.70251239,-0.005599495023488998
Leeds,-2.221129619,-1.784429669380188
Leeds,-0.044315724,-0.7342554330825806
Leeds,-1.245804519,-1.2284612655639648
Leeds,-2.475452859,-0.5962216854095459
Leeds,-1.102460505,-0.9186266660690308
Leeds,-2.000113088,0.020072724670171738
Leeds,-1.928721723,-2.4936604499816895
Leeds,-3.68711345,-0.6802640557289124
Leeds,-1.537367482,-2.610858917236328
Leeds,-0.493410444,-0.03263018652796745
Leeds,-0.468666514,-1.2830681800842285
Leeds,-1.601661013,0.22260364890098572
Leeds,-0.09622215,0.23959806561470032
Leeds,-1.801285343,-0.2646498680114746
Leeds,0.205744016,0.39603492617607117
Leeds,0.492373776,0.3697972297668457
Leeds,-0.241710093,-0.20585301518440247
Leeds,-2.157324451,-2.111516237258911
Leeds,-0.788570894,-0.7383790612220764
Leeds,-2.593386658,-1.7361503839492798
Leeds,0.845689016,-0.09575862437486649
Leeds,-1.955388283,-1.4560658931732178
Leeds,-2.312598381,-1.1315253973007202
Leeds,-0.544023372,-0.4067049026489258
Leeds,-1.771354104,-1.0617531538009644
Leeds,-0.233704444,-0.7439778447151184
Leeds,-2.756964929,-1.4136477708816528
Leeds,-0.128941292,-0.6304851770401001
Leeds,-1.0,0.3765907287597656
Leeds,-0.973099852,-1.2985599040985107
Leeds,-1.457699002,-1.0129296779632568
Leeds,-2.602460323,-1.7976479530334473
Leeds,-1.9531226,-0.916246235370636
Leeds,-3.279386998,-1.9927575588226318
Leeds,-3.22184875,-3.1192240715026855
Leeds,-2.065867745,-2.443650007247925
Leeds,-2.0552195,-3.5914127826690674
Leeds,-0.140235068,-0.2516024112701416
Leeds,-0.227885089,-0.41110822558403015
Leeds,-0.438764661,-1.631653904914856
