temperature_K,logS
278.15,-1.13392896293359
298.15,-0.184418900827674
278.15,-0.622625231830459
288.15,-0.428452267875106
293.15,0.092612840082728
273.15,-0.721110729592785
288.15,-0.887559234042659
283.15,-0.543100795336107
293.15,-0.750837819484697
288.15,0.195380223480674
298.15,0.034059994637913
303.15,0.374665129233712
273.15,-1.23616904348388
293.15,-0.311615353677783
298.15,0.440035845918325
303.15,0.764168204167601
298.15,-0.611230558996677
303.15,-0.070830114725695
283.15,0.069276231070328
283.15,-0.98743908964124
288.15,-0.145050268888196
303.15,0.538488389249764
273.15,-0.501526654261669
288.15,-0.061890035785486
283.15,0.300330280856691
273.15,-0.462825848333396
303.15,-0.484311866627474
278.15,-0.291151724748331
273.15,-0.136921353233738
273.15,0.066081411624599
283.15,-0.219882297108705
288.15,-0.138368153575321
293.15,-0.010338773376787
293.15,0.321582965144738
298.15,0.250170217168264
293.15,0.563845957148354
278.15,-0.313280585017926
283.15,-0.215139895730147
273.15,-0.306222292829015
283.15,-0.254574163421259
278.15,-0.260855738400649
278.15,0.197671330109434
303.15,0.104716257762051
273.15,0.409772879586309
288.15,0.52552665353461
278.15,0.014237495653131
293.15,-0.051056757414111
288.15,0.441432206694671
303.15,0.224013722455722
283.15,0.483909993928883
293.15,0.588374097614797
298.15,0.135245335453617
278.15,0.447963858597497
298.15,0.698405525591575
303.15,0.643831704761868
298.15,0.613394556453111
298.15,-0.642995145026669
293.15,-0.266747417664171
298.15,0.008462604696959
298.15,0.043660649228208
298.15,-0.104312448394917
303.15,0.054664565410516
298.15,0.066565548989918
298.15,0.10894319399909
298.15,0.016777939995468
298.15,0.277869277145611
298.15,0.267273214736891
298.15,0.658680938174487
298.15,0.85360586723241
278.15,-1.20144106047347
278.15,-1.01358893274034
283.15,-1.12219879188122
288.15,-1.05363138663296
283.15,-0.924736046111536
293.15,-0.987266675283721
288.15,-0.839124847200427
298.15,-0.910042088111829
293.15,-0.755463861297961
303.15,-0.852444382434004
298.15,-0.670573101854603
308.15,-0.782114237888694
303.15,-0.592687142342976
313.15,-0.704752143673926
318.15,-0.645526524701657
308.15,-0.514010663968744
323.15,-0.590623970206856
313.15,-0.436871512215176
328.15,-0.51087325390144
318.15,-0.361546546741888
323.15,-0.334561488886642
333.15,-0.439511039011634
328.15,-0.213841444406527
333.15,-0.141819036129891
298.15,0.109924890579254
298.15,0.303573053749814
298.15,0.30919472956788
298.15,0.315006134127923
298.15,0.374929096575928
298.15,0.450111020228878
278.15,-1.79617603947884
278.15,-1.67876698980863
282.15,-1.72379408444191
278.15,-1.61558240353031
282.15,-1.59329556629719
286.15,-1.65045779113283
282.15,-1.54326464487597
286.15,-1.52989481832581
278.15,-1.41068113990399
290.15,-1.59243568257106
290.15,-1.45679873318559
286.15,-1.46366448803578
293.15,-1.53938344869495
282.15,-1.33087387449231
293.15,-1.41233190550853
297.15,-1.47665223256482
290.15,-1.39568843277187
286.15,-1.26010095602601
293.15,-1.35859818060103
297.15,-1.34906716167208
302.15,-1.40506256073381
290.15,-1.19970214482298
278.15,-1.01941778566241
297.15,-1.2863273124206
302.15,-1.2745300836842
293.15,-1.15406484997764
307.15,-1.33769827585645
282.15,-0.937643387388639
307.15,-1.20092309820408
297.15,-1.08624079582903
302.15,-1.20551294798109
311.15,-1.2853918579375
311.15,-1.14614451676453
315.15,-1.23243161936879
286.15,-0.860358587483847
302.15,-1.01602407429151
307.15,-1.13393182723458
290.15,-0.810663523888319
315.15,-1.08551809037686
319.15,-1.17409662942536
311.15,-1.0763715454105
307.15,-0.938113531267216
293.15,-0.747471671185068
319.15,-1.02050741759807
315.15,-1.01856135654591
311.15,-0.888042793063911
297.15,-0.678985823928658
319.15,-0.956428164721119
315.15,-0.820229525431342
302.15,-0.599095283599961
319.15,-0.758226526216731
307.15,-0.523281543772243
311.15,-0.468644583088443
315.15,-0.404319492859752
319.15,-0.338831324384647
298.15,-0.731257063103725
298.15,-0.629150423327878
298.15,-0.553322182483099
298.15,-0.519759553424229
298.15,-0.445113818421897
298.15,-0.49703909111853
298.15,-0.488219873923976
298.15,-0.464042146743842
298.15,-0.516668337357905
298.15,-0.354462549082363
298.15,-0.542984814770987
298.15,-0.303071450414212
298.15,-0.191561782191975
298.15,-0.114667921543888
298.15,-0.082395734759931
298.15,-0.077207261736701
298.15,-0.129205852359214
298.15,-0.137557499622091
298.15,0.002563974674933
298.15,0.031530361669057
298.15,0.167667153408725
298.15,0.195936702007644
298.15,0.227952671259205
298.15,0.184451800652862
298.15,0.145801380635228
298.15,0.222332628813049
298.15,0.249205346154776
298.15,0.362883055015592
298.15,0.43852950503609
298.15,0.369249176452311
298.15,0.323413792818004
298.15,0.285181505545232
298.15,0.407140660984461
268.15,-0.495399091061913
268.15,-0.31148628654615
268.15,0.036361390705293
268.15,-0.320245909291246
268.15,-0.211366267311664
273.15,-0.180354969263098
273.15,-0.323928952172816
273.15,-0.205249478189298
273.15,0.176302660122643
273.15,-0.091908369966274
278.15,-0.033625415920453
278.15,-0.156112930816894
278.15,-0.071921731611849
278.15,0.315550562955232
278.15,0.054331984483622
283.15,0.122342829158892
283.15,0.063896573671273
283.15,0.186130621276686
283.15,0.463069056300279
283.15,0.061564042861787
288.15,0.286110402452139
288.15,0.226603933383674
288.15,0.318226614139853
288.15,0.614475772668347
288.15,0.219460795378231
293.15,0.388919088638752
293.15,0.472869308168644
293.15,0.485307062894278
293.15,0.785765223834136
293.15,0.429254133509264
298.15,0.550043250372518
298.15,0.657176313104045
298.15,0.663467712214264
298.15,0.967847806338154
298.15,0.594395030415425
273.15,-0.320996788728757
298.15,0.658050018390129
268.15,-0.316975892012543
298.15,0.662348510640036
268.15,-0.307857728953871
268.15,-0.210992525297253
273.15,-0.20645686489857
293.15,0.786597880312748
278.15,-0.153971749246051
273.15,-0.178845896923595
273.15,-0.093837471078746
278.15,-0.072455779361258
278.15,-0.035908529465627
298.15,0.967028230061736
283.15,0.0600751333669
268.15,0.040069709884938
278.15,0.051990752440205
283.15,0.063316689846607
283.15,0.124461295451369
273.15,0.173382055661739
283.15,0.184550808626951
288.15,0.217725634648629
288.15,0.225599796145864
288.15,0.285844760841182
278.15,0.312603570155531
288.15,0.317845437790033
293.15,0.385973559569993
293.15,0.428859786494411
268.15,-0.502484150544361
283.15,0.465122809487238
293.15,0.473237375634565
293.15,0.485467829508399
298.15,0.548919149249353
298.15,0.594039571252387
288.15,0.614505478179266
278.15,0.165297351381342
283.15,0.249264889814634
288.15,0.333317551707821
293.15,0.410493636465595
298.15,0.496534280204014
298.15,0.499219932375187
303.15,0.579034431573103
303.15,0.582453663032075
308.15,0.65954279712125
313.15,0.742893726507726
318.15,0.835805358942674
323.15,0.922872161679609
283.15,0.5418124357179
288.15,0.596488563748497
293.15,0.650441350150358
298.15,0.707475445794792
303.15,0.768652318139849
308.15,0.824360592839807
313.15,0.890463436066021
318.15,0.951666563754327
323.15,1.02350869980044
278.15,0.53880041428746
283.15,0.591430154244788
288.15,0.639955096305673
293.15,0.692989207800543
298.15,0.746856528807615
303.15,0.806858924654329
303.15,0.810986598346144
308.15,0.860308345575113
313.15,0.926943198085655
318.15,1.00632639168155
323.15,1.08767368338535
278.15,0.228612093753754
283.15,0.318634416201196
288.15,0.414276922063688
293.15,0.50757722261361
298.15,0.60863194255889
298.15,0.612201953708871
303.15,0.705732739564168
303.15,0.700138905724956
308.15,0.791626329262412
313.15,0.891736101499
318.15,0.982664090509059
323.15,1.08450831412822
278.15,-0.81226239423916
283.15,-0.699557634837321
288.15,-0.586261045460928
293.15,-0.491361404285384
298.15,-0.366423907283639
298.15,-0.361083399751408
303.15,-0.232756541407648
308.15,-0.09450177026179
313.15,0.080144828513378
318.15,0.250611967770731
323.15,0.438693066961426
278.15,-0.483664463256601
283.15,-0.392726875406204
288.15,-0.297031630945673
293.15,-0.197728856458822
298.15,-0.088630612958811
298.15,-0.083956933512886
303.15,0.026683367555764
303.15,0.029631179618943
308.15,0.145685219392936
313.15,0.278755074373802
318.15,0.421906128050769
323.15,0.574734373630182
278.15,0.244316924538826
283.15,0.303056108920231
288.15,0.368002023848918
293.15,0.424641219302628
298.15,0.493173943204068
298.15,0.495676965689112
303.15,0.558421805017358
303.15,0.564119362008382
308.15,0.624979381855406
313.15,0.699526689419098
318.15,0.771148105180361
323.15,0.856653857620979
278.15,0.005178087208212
283.15,0.093497473027777
288.15,0.184473829654997
293.15,0.289928649098386
298.15,0.397308101423254
298.15,0.403994573654913
303.15,0.515250825840568
303.15,0.516160611840561
308.15,0.635440518794841
313.15,0.767558144647461
318.15,0.900208872697352
323.15,1.03501381210256
283.15,-3.53387162850803
293.15,-3.251293649456
303.15,-3.11859730897251
283.15,-2.78567259270428
313.15,-2.88739103479398
323.15,-2.82181641881413
288.15,-2.38904560887435
293.15,-2.23760866983823
298.15,-2.19556964297551
303.15,-2.08385722757231
283.15,-2.04202771547551
293.15,-1.95945505017183
283.15,-1.67793988966802
293.15,-1.56035144963873
303.15,-1.78573541870353
303.15,-1.38290559972604
283.15,-1.48885495530838
313.15,-1.59161979072364
293.15,-1.38471337318188
283.15,-1.43591471528482
313.15,-1.17660258849075
323.15,-1.45043079936355
283.15,-1.36670333605584
293.15,-1.33897029340717
283.15,-1.21663990947405
283.15,-1.27196482321651
293.15,-1.27372678140887
303.15,-1.16260699154933
283.15,-1.15534707359303
293.15,-1.20698919404021
323.15,-0.938385469814598
303.15,-1.16724806913599
293.15,-1.03100344427976
293.15,-1.03317538864717
313.15,-0.988239805775702
283.15,-0.855551538628366
303.15,-1.05141529286302
303.15,-1.01271726939193
288.15,-0.770301230315641
313.15,-0.96134485580223
303.15,-0.824817127790241
303.15,-0.814714081862327
323.15,-0.805800176728384
293.15,-0.678333274942662
293.15,-0.674202950610655
313.15,-0.871912254046377
313.15,-0.78432045698398
323.15,-0.776755859745744
298.15,-0.544993275536525
313.15,-0.621951960475348
323.15,-0.662266821745193
313.15,-0.561966033141125
303.15,-0.432861030650436
323.15,-0.582802344249413
323.15,-0.38803828152691
283.15,-0.092445925975286
313.15,-0.162147196618869
323.15,-0.250472833935013
288.15,0.076253409146144
293.15,0.188110555616608
323.15,0.076700305498847
298.15,0.315153480394773
303.15,0.469573106892165
283.12,-1.23375703101808
288.24,-1.20846251679595
293.26,-1.15539106932195
298.17,-1.08252134324298
303.12,-0.999173133981485
308.14,-0.915413850801849
313.13,-0.826604826228369
318.14,-0.73975009009888
323.12,-0.656261590238577
283.24,-2.65920617381595
288.25,-2.53109596049369
293.24,-2.41271503426923
298.25,-2.27977286643712
283.17,-2.60278407691805
303.24,-2.17506655060884
288.19,-2.51404800917101
283.19,-2.34642879878468
283.16,-2.39595550590009
308.22,-2.05639041199526
293.2,-2.42566737268613
288.22,-2.25325240040526
288.24,-2.31869112501074
283.17,-2.23856953958179
313.22,-1.93541684797007
298.14,-2.32206095000632
293.23,-2.16785748431481
293.16,-2.23852051375906
288.17,-2.16446425180539
303.19,-2.23304826076347
293.16,-2.09294876824188
318.23,-1.82620705854492
298.18,-2.14822665609742
298.17,-2.06885015203214
308.16,-2.15329166998046
298.14,-1.99176025521445
303.16,-2.06642872546389
303.23,-1.98768296466955
323.24,-1.72556122824583
313.14,-2.07483797902181
282.95,-1.90093324262591
308.14,-1.91289890134138
303.17,-1.91477323606371
308.16,-1.98449528871549
318.14,-1.99231674123303
283.06,-1.71393850810984
313.18,-1.90654517039332
308.14,-1.83109507908626
313.24,-1.82405131228904
283.77,-1.85742757790328
288.04,-1.78729771279331
323.2,-1.91094821947931
318.16,-1.8259179115266
313.17,-1.7512950200141
318.16,-1.73708579554351
283.14,-1.66431118667834
288.14,-1.58933838273217
288.56,-1.74093065988817
292.93,-1.65650764741264
323.16,-1.74556433732094
318.16,-1.66070985891868
323.18,-1.65596132309377
288.16,-1.59296658456753
283.16,-1.60032436920568
283.16,-1.59585708323774
283.23,-1.66123879449596
283.13,-1.48987827863586
293.19,-1.49236171172291
293.5,-1.64017541058505
283.14,-1.34802264708257
298.24,-1.54951654684386
323.19,-1.58806236913822
293.17,-1.52238303601342
288.17,-1.52690572391269
288.24,-1.31281787205201
288.23,-1.5739965420168
288.18,-1.40902577426916
288.17,-1.4915769427174
298.24,-1.40348200524296
298.59,-1.55292503220604
298.16,-1.45720535953013
303.2,-1.46861233683299
293.3,-1.24688857543092
293.14,-1.43836026621468
293.29,-1.49604333824216
293.27,-1.32683320433544
303.13,-1.47689132913617
293.14,-1.39928241172616
303.17,-1.38780962725201
303.21,-1.31720348768861
298.28,-1.17482853264809
308.22,-1.37263820043015
298.17,-1.35419284084378
298.5,-1.42387677151276
298.53,-1.24925327133804
308.14,-1.31898249895084
298.16,-1.31488478874727
308.21,-1.38542136484222
308.16,-1.22446610697595
303.24,-1.10118296908956
313.23,-1.28265601058049
303.16,-1.27028441980142
283.14,-1.31417437402705
303.24,-1.33980186913757
313.16,-1.25764796917869
303.33,-1.16244415295853
303.16,-1.24086766848679
308.22,-1.03962700266055
313.25,-1.29873029852297
313.14,-1.13521103870768
318.17,-1.20001299791815
308.14,-1.18776367952498
308.02,-1.26079114370547
318.17,-1.19306930078865
288.19,-1.22920183100371
308.23,-1.08722232360437
308.14,-1.15990556690115
313.13,-0.950301355896652
318.17,-1.21760996670249
323.16,-1.13072995040206
318.22,-1.04485741765427
313.08,-1.1814586216454
313.17,-1.10498352542847
313.37,-1.01617023448349
293.24,-1.14711456333228
323.2,-1.1040436661448
313.17,-1.08479067308553
318.18,-0.87260621993099
323.25,-1.13432960042512
323.2,-0.964193995716802
318.35,-0.948545423387056
317.95,-1.10748178914768
318.16,-1.02359839207104
298.14,-1.06211091812619
318.16,-1.01017830456196
323.24,-0.79144698095477
322.74,-1.03139693199861
323.26,-0.866137469181592
323.17,-0.952991113306526
323.16,-0.947201421616827
303.27,-0.986974340263924
308.13,-0.91031391684481
313.19,-0.83586656483386
318.22,-0.769958297384351
323.22,-0.707828717850624
283.15,-3.71383675021512
293.15,-3.6048165461635
303.15,-3.36375486999072
283.15,-3.60459151318943
283.15,-3.54650769581012
313.15,-3.28419067133925
283.15,-3.51188231082841
293.15,-3.52794832443894
323.15,-3.18149454170405
293.15,-3.38572975614275
283.15,-3.33391092126317
293.15,-3.30051033350388
303.15,-3.2883486479814
303.15,-3.21952186041122
303.15,-3.23263561575613
313.15,-3.18837399017841
313.15,-3.15953774096565
313.15,-3.17590534139422
323.15,-3.13275534192169
293.15,-3.09204608584747
323.15,-3.10824676462832
303.15,-3.05172371790033
323.15,-3.05871349718414
313.15,-2.94463073148256
283.15,-2.8084454267269
323.15,-2.88457829505122
293.15,-2.81585992836019
283.15,-2.7288543274454
293.15,-2.72774666547755
293.15,-2.7151564414306
303.15,-2.68942062782889
303.15,-2.73097350716481
303.15,-2.67075848672342
308.15,-2.67983404864003
313.15,-2.60320501529985
313.15,-2.64106786119769
313.15,-2.55465495737942
323.15,-2.52088400194308
323.15,-2.55595552615574
323.15,-2.49167464198908
283.15,-2.25191605125695
293.15,-2.24468353534685
303.15,-2.22650428436825
313.15,-2.20128519418232
323.15,-2.18873140640285
283.15,-1.83788895154813
283.15,-1.34511818206732
293.15,-1.29471784354034
303.15,-1.27012670305448
313.15,-1.24786668533903
323.15,-1.18891164911926
293.15,-1.229986262703
303.15,-0.805247118929906
283.15,0.076091986021841
313.15,-0.541351416757691
293.15,0.148693289589735
303.15,0.219240728257022
323.15,-0.402485720797596
313.15,0.298968210911885
323.15,0.358341160796648
278.15,-0.815546168070439
283.15,-0.797774269060764
288.15,-0.770789190443806
293.15,-0.736147381258036
298.15,-0.698652730927264
303.15,-0.663137185804663
308.15,-0.624183115607286
313.15,-0.584865026436399
318.15,-0.540082562259923
323.15,-0.487683006606632
278.15,0.382634305156587
283.15,0.404587992657866
288.15,0.436179793536468
293.15,0.471195493872923
298.15,0.512809468087813
278.15,0.495142703147351
303.15,0.551757665485193
283.15,0.556544114369308
308.15,0.59633727127917
278.15,0.503875700506052
288.15,0.609759877390433
313.15,0.647044017237723
283.15,0.534424634624293
278.15,0.532989937997439
278.15,0.442490065995658
293.15,0.660978707598381
318.15,0.7014404664314
288.15,0.56698008500665
283.15,0.456861706983769
283.15,0.56558501624538
288.15,0.478546744210032
278.15,0.870232864349598
288.15,0.597591372824841
298.15,0.712031896611086
293.15,0.609707799103081
293.15,0.502345083257757
283.15,0.893683813416695
323.15,0.767516428409822
293.15,0.631822644898071
288.15,0.918785054264458
298.15,0.535657098031571
303.15,0.757004954059076
298.15,0.654421630345087
278.15,0.693367680847841
298.15,0.665941153872458
293.15,0.943968438320049
303.15,0.561538411008423
303.15,0.69566012305317
308.15,0.806362866271878
298.15,0.976994652207311
303.15,0.699738472232182
283.15,0.735019056024489
308.15,0.597454659746984
308.15,0.73344695828805
303.15,1.00509740058998
308.15,0.736227735759782
313.15,0.855302310140643
288.15,0.772044628587846
313.15,0.633936232216553
308.15,1.03829768138155
313.15,0.774929587196159
313.15,0.769816319646132
293.15,0.811596337282782
318.15,0.674752514465614
318.15,0.90464321400384
313.15,1.07585944111698
318.15,0.812774817183095
318.15,0.807522653631086
298.15,0.843863763184144
278.15,0.816002062381193
323.15,0.715931848825473
318.15,1.11318050599338
323.15,0.96002699188122
323.15,0.862141070075765
323.15,0.852173891097106
303.15,0.881030067574989
283.15,0.84825955501707
323.15,1.14982025080296
288.15,0.874003532352291
308.15,0.918416696658335
293.15,0.908354670382099
313.15,0.949472707359365
298.15,0.948725118835005
318.15,0.984561177444578
303.15,0.973788157743144
323.15,1.01555854782058
308.15,1.00936045532919
313.15,1.04270075537698
318.15,1.07657670658255
283.15,-2.26617105749406
283.15,-2.12904314033833
283.15,-2.07930998634149
288.15,-2.14023375788714
283.15,-1.9190761235209
288.15,-2.00664646711274
288.15,-1.95204691410274
293.15,-2.0507505352653
293.15,-1.91741176879776
288.15,-1.82567747374275
293.15,-1.8484860559812
298.15,-1.94451757528735
293.15,-1.77351899483167
298.15,-1.83549757509975
298.15,-1.7683884456058
303.15,-1.84973004826603
283.15,-1.73875388190612
298.15,-1.66005855314195
303.15,-1.72898395040818
288.15,-1.69011066680428
303.15,-1.67060042870622
308.15,-1.76655752755749
303.15,-1.58403720254577
293.15,-1.6393617159909
283.15,-1.52358412912582
308.15,-1.64922552348195
288.15,-1.56008156375642
308.15,-1.59210657403276
283.15,-1.49270972635556
313.15,-1.67915678345148
298.15,-1.56611126119195
283.15,-1.20066566119162
308.15,-1.50417963047913
288.15,-1.45782617524131
313.15,-1.58014885317309
293.15,-1.50243207161675
288.15,-1.43633302086188
293.15,-1.42450634210357
313.15,-1.5098641945671
283.15,-1.30708894091678
288.15,-1.14304550936507
303.15,-1.50246591306603
318.15,-1.60658314253413
313.15,-1.43895595454123
298.15,-1.44163707919505
293.15,-1.39022396852382
318.15,-1.51079919231735
283.15,-1.46135965759365
293.15,-1.09957139093473
283.15,-1.44910641071969
288.15,-1.25272870919911
298.15,-1.35793684365514
308.15,-1.43094574909969
288.15,-1.41718861055551
318.15,-1.42395815707148
323.15,-1.53187411815959
298.15,-1.3380916982983
318.15,-1.3591558397952
303.15,-1.37272942498048
288.15,-1.39805290296478
293.15,-1.20171484189347
298.15,-1.03961583363399
303.15,-1.30170083346058
323.15,-1.42399455194285
293.15,-1.37585311951635
303.15,-1.28261585419023
313.15,-1.36690963677248
323.15,-1.36137577232071
303.15,-0.991625865056987
293.15,-1.34292985463918
298.15,-1.14489473091826
308.15,-1.31070063632776
323.15,-1.28590711349949
308.15,-1.24248332045347
298.15,-1.31742705512377
303.15,-1.11150977514457
318.15,-1.30050204465618
308.15,-0.938282276651392
308.15,-1.21374365829841
298.15,-1.28224224934823
303.15,-1.27572693535931
313.15,-1.24744650143908
313.15,-1.18687083227902
308.15,-1.06865903202847
313.15,-0.886224254096998
303.15,-1.22208775209064
308.15,-1.2188066649317
318.15,-1.13225878134146
313.15,-1.13454997053679
313.15,-1.01577533573723
323.15,-1.2171420309802
318.15,-1.1736394951537
318.15,-0.83055304612873
308.15,-1.16475285503073
313.15,-1.16409833103368
323.15,-1.07486923152166
318.15,-0.962872764023071
318.15,-1.06706254853266
323.15,-1.10485747766081
323.15,-0.772017001328822
313.15,-1.11668727113161
318.15,-1.10473224933227
323.15,-0.901928858827445
323.15,-0.996290827545746
328.15,-1.03977691455571
318.15,-1.06048762775658
323.15,-1.04621360413194
323.15,-0.989904998115673
273.15,-0.406330192654773
278.15,-0.340874037143733
283.15,-0.263822631009604
273.15,-0.14919658610091
288.15,-0.183256494657685
278.15,-0.068399076405989
293.15,-0.118265123873864
283.15,0.011064515559591
298.15,-0.064346138958376
273.15,-0.045195717269366
303.15,-0.011196662043055
278.15,0.003367138863121
288.15,0.091696859471233
308.15,0.040943493630402
273.15,0.005979498258499
283.15,0.059891029657025
293.15,0.147889588087249
313.15,0.092711865252395
288.15,0.122024099611368
298.15,0.209687968871994
278.15,0.084795068502768
293.15,0.173388629338195
303.15,0.260367354646396
283.15,0.147424486166515
273.15,0.486489679704053
298.15,0.235849283528498
308.15,0.316827968290537
278.15,0.618710646541213
278.15,0.504886794297748
288.15,0.206499193320476
303.15,0.276998132367148
283.15,0.53214961955069
283.15,0.65446403940166
313.15,0.362931269637954
293.15,0.25896948073903
288.15,0.564626889211195
308.15,0.322018967531014
288.15,0.695425094388298
293.15,0.589210822925346
273.15,0.463262125788504
298.15,0.612541674204561
298.15,0.314916551080186
293.15,0.734479645778544
278.15,0.475971208672211
313.15,0.374412038706312
303.15,0.631672629162228
273.15,0.765979395975879
283.15,0.494554605569075
278.15,0.770959659793984
298.15,0.779028714985584
283.15,0.779532614589498
303.15,0.363599298781698
288.15,0.512047960219997
308.15,0.657457263492635
288.15,0.786796775019566
293.15,0.525443455314691
293.15,0.795814170798482
288.15,0.48512371606398
298.15,0.808857691201906
313.15,0.684542159243906
298.15,0.541249252845416
303.15,0.821646927219834
273.15,0.667620265263849
303.15,0.8178279654437
303.15,0.556561956701675
308.15,0.418189264353563
278.15,0.678590266115352
308.15,0.829098774120954
308.15,0.569094371581618
283.15,0.692352365865766
313.15,0.840464325881814
293.15,0.531525309557679
313.15,0.581835279015778
288.15,0.7042403890265
308.15,0.873467754429037
293.15,0.715378744317738
273.15,0.507491696199706
313.15,0.464985437711163
273.15,0.59936043411757
278.15,0.509160447231011
278.15,0.598790509183647
283.15,0.603938633721476
298.15,0.730106129268005
283.15,0.514108135402059
288.15,0.603842271978739
288.15,0.518945181211143
298.15,0.579810685739278
293.15,0.611158495324894
303.15,0.743307557087777
293.15,0.523906979506814
298.15,0.619213103937858
298.15,0.534732572150351
313.15,0.92041838805623
303.15,0.619640145351173
308.15,0.756962307096688
303.15,0.538295108556133
308.15,0.625904064684568
313.15,0.769584847362384
308.15,0.546940695642107
313.15,0.635882759850229
303.15,0.618668643592595
313.15,0.555840751718989
308.15,0.663799718986949
273.15,0.763416749039572
273.15,0.751599303770596
278.15,0.776817287610105
313.15,0.705580942388292
278.15,0.769943910624633
283.15,0.795411950475434
288.15,0.811579902707789
283.15,0.798072904932952
288.15,0.831328554014915
293.15,0.865824161247125
298.15,0.904616478186821
303.15,0.949883336488684
308.15,0.984414157579647
313.15,1.02102883633808
283.2,-1.3075203854472
283.13,-1.2271407937136
283.26,-1.10439729084972
288.12,-1.21214274102593
283.28,-1.12175937919534
283.12,-1.18936852949836
283.13,-1.02771218983869
283.12,-1.26875495339373
288.28,-1.10254042278285
283.18,-1.19535615675809
283.17,-1.29779612861641
290.23,-0.948976817443926
283.22,-1.02466656125213
288.25,-1.0222970508577
282.98,-0.818826342828094
288.17,-0.928107260702776
288.12,-1.21647938688479
288.22,-1.11018997625777
293.28,-1.07166354314411
289.7,-1.06435184285704
293.17,-0.989806158419643
283.02,-0.987137049162744
283.17,-1.06435212137758
289.9,-1.10253042257784
283.17,-0.958923820009022
288.2,-0.733362750776276
294.18,-0.850273560375115
293.18,-1.13269871321914
293.2,-0.923517081651393
293.07,-1.0217139753181
288.06,-0.913185801556175
293.1,-0.984833304397225
293.17,-0.822902234807855
298.06,-0.963213806101433
288.1,-0.97858149305598
293.4,-1.03875400168347
288.05,-0.891388581967784
298.17,-0.869135318845051
298.1,-1.05723675480977
288.12,-0.864850327905048
298.16,-0.739236615087352
298.32,-0.93346718409137
298.4,-0.74572010968994
293.28,-0.621801266552228
298.0,-0.815453301126646
297.95,-0.880828083507958
292.95,-0.808534834442088
298.2,-0.949313339084964
293.3,-0.875526981368967
303.18,-0.848844772434364
293.23,-0.785050278147284
303.23,-0.967443423921997
293.08,-0.774039247078465
303.2,-0.752425309031048
303.12,-0.847272456957164
298.1,-0.521947711190252
303.2,-0.634197065555184
303.1,-0.709123540999094
297.85,-0.697299315969044
303.05,-0.771152832845022
299.2,-0.793848532236872
303.27,-0.853558650244787
303.17,-0.602120757665563
298.2,-0.706404362964035
308.08,-0.880286920165537
298.1,-0.683066838901802
308.22,-0.729243424659844
308.18,-0.759166377444228
308.07,-0.646085612639842
303.22,-0.41637866456383
304.23,-0.711004928524505
308.1,-0.769451786762457
303.08,-0.613303931765581
308.07,-0.589403977238489
308.17,-0.659711097756352
313.2,-0.796639891729385
303.15,-0.581837728458975
307.73,-0.502280913413436
308.14,-0.482224907151384
303.12,-0.595808354671578
313.22,-0.671977123377745
313.08,-0.616171158977779
308.18,-0.624398462016185
313.28,-0.520732041358281
313.18,-0.672296257389153
308.17,-0.310501446850963
308.18,-0.511702145243383
318.17,-0.704322647140691
308.08,-0.515292020969579
313.17,-0.55296045998058
313.07,-0.464189569214329
313.1,-0.385938842315626
308.1,-0.460661235627805
318.27,-0.572641315509753
313.17,-0.35931607416606
313.2,-0.529526803877751
318.33,-0.490761027214946
318.2,-0.576719755019252
323.18,-0.613760010909094
313.27,-0.187987366974775
313.2,-0.406085535880177
318.2,-0.384902276087097
313.18,-0.409225704389929
323.1,-0.479737710568034
318.19,-0.42817288918236
313.18,-0.341685248575072
318.15,-0.25772242153592
318.32,-0.432802152658274
323.23,-0.480113695906665
318.13,-0.225710914217808
318.02,-0.311734134114922
318.2,-0.318323371996952
318.15,-0.306449793677777
318.12,-0.054632142430652
323.23,-0.330545617559489
318.2,-0.194929862782575
323.3,-0.216165352030412
323.5,-0.189201311276151
273.15,-3.46595671338566
278.15,-3.3158066258885
283.15,-3.19319249982182
288.15,-3.08453851789096
293.15,-3.00117728962313
298.15,-2.90891611587251
303.15,-2.82743937874826
273.15,-2.72265261107035
308.15,-2.74687440346019
313.15,-2.67413513231607
278.15,-2.54007808711947
283.15,-2.37381331179593
273.15,-2.25216244870466
288.15,-2.23636531952845
278.15,-2.12952720741245
273.15,-2.08280672013233
283.15,-2.0256576269249
293.15,-2.10306144058205
278.15,-1.97720701532134
288.15,-1.93547850309676
298.15,-1.98303950121658
283.15,-1.87944256865588
293.15,-1.850282877772
273.15,-1.70739377736222
288.15,-1.79440650088238
303.15,-1.878683190484
298.15,-1.77365549854753
278.15,-1.62870282096002
293.15,-1.71875362410486
308.15,-1.79597573786344
303.15,-1.70265437119705
283.15,-1.55835071482515
298.15,-1.64623350857548
308.15,-1.63667064791727
313.15,-1.71830033155828
288.15,-1.48932576488801
313.15,-1.58035932237809
303.15,-1.57211784100936
293.15,-1.42002225612158
308.15,-1.50739460111541
273.15,-1.19200486312463
298.15,-1.36086031085735
278.15,-1.16080786121989
313.15,-1.45394621595338
303.15,-1.30736556462892
283.15,-1.12541363015278
288.15,-1.08995696252963
308.15,-1.2533820570392
293.15,-1.05692153788125
313.15,-1.20179710809603
298.15,-1.01738548457209
303.15,-0.985503746865709
308.15,-0.949576274672312
273.15,-1.28047234246917
313.15,-0.916109214108034
278.15,-1.23311606311897
273.15,-0.955698359568297
283.15,-1.18600057999788
278.15,-0.868081621360291
288.15,-1.13711072788257
273.15,-1.13633950129925
293.15,-1.08773846796728
283.15,-0.796024346273755
298.15,-1.04016907578842
278.15,-1.05252263815004
303.15,-1.00054089333698
288.15,-0.71918419007472
308.15,-0.960074695340595
283.15,-0.969642564981428
293.15,-0.656111260410737
313.15,-0.923113767433997
288.15,-0.896135300046555
298.15,-0.59330262327342
273.15,-0.816156090333689
303.15,-0.545490961857439
278.15,-0.748984672347999
293.15,-0.815838784665492
308.15,-0.488728594288565
283.15,-0.685080152911666
298.15,-0.742982418479032
313.15,-0.443112754606702
273.15,-0.58490524517806
288.15,-0.619502023240191
303.15,-0.672041288144644
288.15,-0.535640650172142
293.15,-0.552783940648899
308.15,-0.588435345811871
278.15,-0.422587590207447
298.15,-0.490113908146181
293.15,-0.448248412125388
313.15,-0.523239802365425
303.15,-0.43962199908668
298.15,-0.368072776329414
308.15,-0.390666258513668
283.15,-0.292547592649797
313.15,-0.34418706388898
303.15,-0.297289782083262
288.15,-0.192344226676133
308.15,-0.227443257533182
313.15,-0.164741808663531
293.15,-0.100663508383903
298.15,-0.02106911389951
303.15,0.055131086011002
308.15,0.126428388137987
313.15,0.186099006797651
273.15,-3.13608730955448
278.15,-3.02352773928949
273.15,-2.58403141324481
273.15,-2.68847343434883
283.15,-2.93153632530288
278.15,-2.49916578843545
273.15,-2.72518537949893
288.15,-2.8593796455415
278.15,-2.59159735632519
283.15,-2.42549986522211
273.15,-2.66377455061236
293.15,-2.79559648623522
278.15,-2.62883579708903
273.15,-2.70758625841671
288.15,-2.35627514057709
283.15,-2.50832809671474
298.15,-2.73268607796844
293.15,-2.30128649234959
278.15,-2.57028805589715
288.15,-2.43923187314595
283.15,-2.54481911271558
278.15,-2.62465764402307
303.15,-2.67853341188972
298.15,-2.24495269460628
283.15,-2.49242285995841
293.15,-2.37492387207005
288.15,-2.47331169634113
283.15,-2.54713370105441
308.15,-2.62145844633058
303.15,-2.19496779076844
298.15,-2.31336992467887
288.15,-2.42257652512324
293.15,-2.41105751487011
313.15,-2.5715655819372
308.15,-2.14027521894542
288.15,-2.47765437043678
303.15,-2.25075258934859
293.15,-2.36055593384101
313.15,-2.09327728824026
298.15,-2.34843335118691
293.15,-2.41215291506843
298.15,-2.30116321611275
308.15,-2.18743941354389
303.15,-2.286420274885
298.15,-2.3503384909673
303.15,-2.24847045577937
313.15,-2.122071362607
308.15,-2.22392572148679
303.15,-2.29234767587457
308.15,-2.18989890050078
313.15,-2.16165377216312
308.15,-2.23432914365163
313.15,-2.12952618006326
313.15,-2.17942942797429
273.15,-1.79340121100776
278.15,-1.74462417188457
283.15,-1.70013443930947
288.15,-1.65547502187647
293.15,-1.61338393161385
298.15,-1.56657850581975
303.15,-1.52725149372681
308.15,-1.47675722219007
273.15,-1.71051577591516
313.15,-1.42707454694853
278.15,-1.66733934769245
283.15,-1.62398202090692
288.15,-1.58472345647853
293.15,-1.54824952503447
298.15,-1.51081840495096
303.15,-1.47640347754589
273.15,-1.41589226547751
308.15,-1.43850231301365
313.15,-1.39930004590158
278.15,-1.2455389113263
283.15,-1.1235866338315
288.15,-1.01119159185696
288.15,-0.913845482144646
293.15,-0.917347419158439
293.15,-0.807533948700684
298.15,-0.828921479704706
303.15,-0.752477649085135
298.15,-0.703375780333851
308.15,-0.670278639783347
303.15,-0.610966158433695
313.15,-0.594177314605007
308.15,-0.522461961382338
313.15,-0.433958520289845
273.15,-0.044374545777687
278.15,-0.022215546111456
283.15,0.002365863053495
288.15,0.025715108450764
293.15,0.050980799162072
298.15,0.07703871540374
273.15,0.009507243784764
278.15,0.01827393125295
303.15,0.104548126842128
283.15,0.029956581826657
288.15,0.042167507624666
308.15,0.138159770044782
293.15,0.053933866785273
298.15,0.06833556801613
313.15,0.170968031291149
303.15,0.083348484895308
308.15,0.098210140113024
313.15,0.113866227601216
278.15,-2.15555012513815
278.15,-2.12072445680187
278.15,-1.39923659673304
278.15,-1.99740382304684
278.15,-2.00617394507468
283.15,-1.91427798927992
283.15,-1.99505397903727
278.15,-1.77263767279784
283.15,-1.96583718493371
283.15,-1.21061903522582
283.15,-1.78717763613855
288.15,-1.87635093481423
278.15,-1.61955152822298
288.15,-1.74177771422938
283.15,-1.62232698197174
288.15,-1.80519137945695
288.15,-1.70319701275138
288.15,-1.07110872962662
293.15,-1.76016158997276
293.15,-1.7421081261863
278.15,-1.81856436395076
293.15,-1.62638947656884
293.15,-0.999284705163798
283.15,-1.45643467620054
288.15,-1.49900629931324
278.15,-1.62436042919762
278.15,-1.70740486599683
278.15,-1.30526356416322
288.15,-1.4085539675143
293.15,-1.56524580144519
298.15,-1.64161601200921
298.15,-1.63093134142608
293.15,-1.39984453395716
298.15,-0.885298594368171
283.15,-1.68163242891319
298.15,-1.50935608297627
283.15,-1.49464002893775
283.15,-1.58555973334792
278.15,-1.45310361411421
293.15,-1.31103113343187
298.15,-1.45751026259364
288.15,-1.63921630031942
283.15,-1.16330257407234
288.15,-1.54451011416642
303.15,-1.52340564573677
303.15,-0.808418787938759
298.15,-1.31813128039813
303.15,-1.50874064275123
303.15,-1.42253890807534
303.15,-1.40042046218133
298.15,-1.23577417042911
293.15,-1.56882750069512
283.15,-1.35916277067988
293.15,-1.48641155527437
288.15,-1.08098237110945
288.15,-1.35843936393837
308.15,-1.42146808159242
303.15,-1.21962728632596
298.15,-1.50273069265858
308.15,-1.3298272957058
308.15,-1.40303342011169
308.15,-0.690156185775558
288.15,-1.28797019000355
298.15,-1.40663173793411
303.15,-1.14103735516729
293.15,-1.301700507164
293.15,-1.00221695522949
308.15,-1.2718654187095
313.15,-1.34208680511346
308.15,-1.13473520000929
303.15,-1.42591795420382
308.15,-1.08138959801411
293.15,-1.21409280682425
303.15,-1.34412850728467
313.15,-1.23014702061313
313.15,-0.594163534400347
298.15,-1.23350816329869
298.15,-0.938995553660768
313.15,-1.27513987267869
313.15,-1.0205100548972
308.15,-1.35351730105386
313.15,-1.1637315976477
298.15,-1.14081968405391
313.15,-1.04073404795795
288.15,-1.19232417679286
303.15,-0.861492678158528
318.15,-1.21875623022016
318.15,-0.50136966262383
308.15,-1.23231988734192
313.15,-1.30137770196547
318.15,-0.959203244449204
303.15,-1.13004750154147
318.15,-1.11666825839535
303.15,-1.07256067378314
308.15,-0.814405757597345
318.15,-1.07617545595989
308.15,-1.09594018268092
313.15,-1.18428429233343
318.15,-1.14042529929439
318.15,-0.944998323846688
318.15,-1.23446982754322
293.15,-1.08514190413875
313.15,-0.768664053294566
308.15,-1.00051779870208
313.15,-1.03767222586924
318.15,-1.12460304601735
313.15,-0.937974661486281
318.15,-0.678856619449253
298.15,-0.976800801590453
318.15,-0.938605905160966
318.15,-0.879765452637179
303.15,-0.896219164113521
308.15,-0.804000551987466
313.15,-0.745858199243081
318.15,-0.66284146819303
283.15,-2.07088237772806
293.15,-2.04404701297907
303.15,-2.01679144736326
313.15,-1.9823798360859
323.15,-1.93844669181863
283.15,-0.813656931194791
293.15,-0.613027774596424
283.15,-0.861781440366372
283.15,-0.742550681993707
283.15,-0.690049792524421
283.15,-0.770941586393734
283.15,-0.758816792763901
293.15,-0.780809125968049
283.15,-0.628368269080933
283.15,-0.507858768393162
293.15,-0.605240066731423
303.15,-0.4379190597828
283.15,-0.661119802404147
283.15,-0.30450254047264
303.15,-0.691096482970445
293.15,-0.618397998982435
293.15,-0.616115475726705
293.15,-0.374926380791614
283.15,-0.629741594506509
293.15,-0.46389837244921
293.15,-0.449385238427721
303.15,-0.44886350451924
288.15,-0.484242581625025
293.15,-0.514321661155695
293.15,-0.151224465844051
313.15,-0.264853746983434
293.15,-0.566078960671791
303.15,-0.49695278257116
303.15,-0.482955023567045
313.15,-0.46246148167116
303.15,-0.22593145793508
293.15,-0.382235354701659
303.15,-0.325618618375225
313.15,-0.326544926891779
303.15,-0.286088776684298
303.15,-0.378384475997361
303.15,-0.440601452541261
313.15,-0.356333970474491
303.15,0.010154776093868
313.15,-0.347841053710441
323.15,-0.076762887427387
283.15,-0.126205374058905
313.15,-0.095467208447678
303.15,-0.229357033342035
313.15,-0.166709839999635
288.15,-0.079020801235135
313.15,-0.320765012497272
313.15,-0.245365109614125
323.15,-0.164178442612544
323.15,-0.247019653195521
313.15,0.157564676281534
313.15,-0.10253231107968
323.15,-0.194448510730969
323.15,-0.188897217424025
293.15,-0.010671587373808
323.15,0.019134634922306
313.15,-0.084300772053608
298.15,0.068589479837017
323.15,-0.017304020013323
323.15,-0.176397595703173
323.15,-0.09608383586357
303.15,0.124610529827964
323.15,0.33601691479864
323.15,0.101816345663082
323.15,0.197581712486724
283.15,-4.06730407691092
283.15,-3.6353790722493
293.15,-3.60869197653767
293.15,-3.17381454747924
303.15,-3.34112295067723
313.15,-3.27787427930776
283.15,-3.05618636249687
303.15,-2.86089049217992
283.15,-3.15979776571175
283.15,-2.94970815248861
313.15,-2.71029145512441
293.15,-2.83187654633002
323.15,-2.91800709649509
283.15,-2.86447421375731
293.15,-2.93123231872901
293.15,-2.77839376803022
323.15,-2.53815326511737
283.15,-2.66994580366612
293.15,-2.71103231267504
303.15,-2.60633645066988
283.15,-2.60234047223664
303.15,-2.73124454259176
303.15,-2.63671536727196
313.15,-2.49627281193371
293.15,-2.49816654872194
303.15,-2.56834203426912
293.15,-2.44366391084001
313.15,-2.59916569746367
283.15,-2.29052893355851
313.15,-2.48988237515063
303.15,-2.3447960275323
323.15,-2.32336956477664
303.15,-2.31066784082831
313.15,-2.35949679611163
323.15,-2.41143029860926
323.15,-2.30256922046096
293.15,-2.03634936483253
313.15,-2.15339529990927
313.15,-2.10444841826614
323.15,-2.17862175997921
283.15,-2.10493693563152
303.15,-1.90815731535055
293.15,-2.06081779395722
323.15,-1.97998274767408
323.15,-1.9571910722942
303.15,-1.94753080186941
313.15,-1.72447225391325
313.15,-1.82168901998955
283.15,-1.45956690619584
323.15,-1.59565007717467
323.15,-1.68534674481334
293.15,-1.32471388100985
283.15,-0.953338464539205
293.15,-0.853304858854194
303.15,-1.15308200231217
303.15,-0.733272253549762
313.15,-1.02223482776732
313.15,-0.606527118961264
323.15,-0.90580566913396
323.15,-0.464470705610402
283.15,-4.19395529486679
288.15,-3.95382021764048
293.15,-3.8018375039513
298.15,-3.68623741944127
303.15,-3.60366212306675
283.15,-3.1697578482585
293.15,-2.86140177757559
303.15,-2.56406171539546
283.15,-2.7944141590612
293.15,-2.78616944172791
303.15,-2.77590861222111
313.15,-2.76388800022624
323.15,-2.75279147261161
313.15,-2.35285915336225
283.15,-2.50052602193848
283.15,-2.40866994761774
323.15,-2.17536126647527
293.15,-2.36080417110991
283.15,-2.15199194150113
283.15,-2.08039893794501
303.15,-2.19947486652526
293.15,-2.12350989459846
293.15,-1.97243728391104
283.15,-1.97287655713673
293.15,-1.98243228140954
313.15,-2.11174868028931
303.15,-1.88794791341906
303.15,-1.98098939616108
293.15,-1.86496452072043
323.15,-1.97049704819526
313.15,-1.77557512702116
303.15,-1.77970119083227
303.15,-1.72597563965218
323.15,-1.67693627748212
313.15,-1.74825620357826
313.15,-1.65794296450229
313.15,-1.61430047508845
323.15,-1.6233836372075
283.15,-1.4015697106846
323.15,-1.4912939354811
323.15,-1.4838995356835
293.15,-1.32686475761247
303.15,-1.22376603792026
313.15,-1.13030988822327
283.15,-1.25966768200022
293.15,-1.23655173393774
283.15,-0.53394397806222
303.15,-1.17011346075876
323.15,-1.01553657655405
313.15,-1.09436487358111
293.15,-0.351646627790299
323.15,-1.02997948595837
303.15,-0.220457083119074
283.15,-0.546606531804684
293.15,-0.489951674127518
303.15,-0.426779763088946
313.15,-0.014372782158028
313.15,-0.352462576534998
323.15,-0.259485733608203
323.15,0.203386470282613
253.15,-1.794945386426
258.15,-1.67039275405535
263.15,-1.60957577767881
268.15,-1.48345354699709
273.15,-1.36572552232031
278.15,-1.27853614668268
243.15,-1.33346163124414
283.15,-1.14101121289758
248.15,-1.2119501426024
253.15,-1.1076448109654
243.15,-0.989327533955126
258.15,-0.988037132076933
243.15,-0.972206890508519
263.15,-0.950731951748609
248.15,-0.911051794093014
248.15,-0.905283494951848
253.15,-0.84234071366565
253.15,-0.841106874724007
258.15,-0.770398362845786
268.15,-0.766169612708928
258.15,-0.75502698437159
263.15,-0.696994057718771
263.15,-0.661596126810181
273.15,-0.633898836867809
268.15,-0.619994847923367
268.15,-0.619994847923367
253.15,-0.502815963478291
258.15,-0.450345615744421
273.15,-0.552185084914917
273.15,-0.546596691881027
278.15,-0.526575301318368
263.15,-0.389491966368554
278.15,-0.503729646974549
278.15,-0.472023232227525
253.15,-0.584709479626086
268.15,-0.328016143782438
283.15,-0.438559668714665
283.15,-0.40581328595027
273.15,-0.279202108554961
283.15,-0.386649163020378
258.15,-0.471833773324154
278.15,-0.222760321265283
283.15,-0.165065978612797
253.15,-0.471369125652928
263.15,-0.329019410983609
253.15,-0.434674718041268
258.15,-0.431798262829095
268.15,-0.30321362636836
263.15,-0.384536916425324
258.15,-0.363299992143415
268.15,-0.350269438410801
273.15,-0.310689672150644
263.15,-0.260327935993929
278.15,-0.263606477979185
273.15,-0.114626779101308
283.15,-0.22281564034569
253.15,-0.200859328097241
253.15,-0.044183137100432
268.15,-0.177192208518789
253.15,0.221252168206973
258.15,-0.01141703069753
278.15,-0.021748487004392
258.15,0.252270285243375
258.15,-0.128825382713945
263.15,0.283683397698765
263.15,0.030318462065757
273.15,-0.0986308781424
263.15,-0.065284335052479
268.15,0.314315671808888
268.15,0.070253184853125
273.15,0.359795384120565
278.15,-0.025393380741767
273.15,0.107997292289272
268.15,-0.003243502348381
273.15,0.015769682097619
278.15,0.395610059012778
278.15,0.144349661299783
253.15,0.159120697342386
258.15,0.189588028572978
283.15,0.179229370118052
278.15,0.058808266170667
283.15,0.444101217224299
283.15,0.068610786600814
283.15,0.093719140702978
263.15,0.234764869115705
268.15,0.258435290155977
273.15,0.289043529370605
278.15,0.347354008832662
283.15,0.362820716145245
278.15,-1.98603677834661
283.15,-1.88770796687941
288.15,-1.79655983603389
293.15,-1.72663709055171
298.15,-1.64595782754756
303.15,-1.58571631522473
278.15,-1.43969525505712
308.15,-1.52792155108374
283.15,-1.37180671759546
313.15,-1.47033478517145
288.15,-1.31515661079103
318.15,-1.41905027418381
323.15,-1.37381773437984
293.15,-1.25112912151507
298.15,-1.1904681961921
303.15,-1.13043520065652
278.15,-1.05311293363998
308.15,-1.05923867210216
283.15,-0.973913075779768
313.15,-0.991836377567718
288.15,-0.909973379944779
318.15,-0.932641538654835
293.15,-0.855396351223369
323.15,-0.861044783252599
298.15,-0.78208013797367
278.15,-0.687216068301424
303.15,-0.719289857098022
283.15,-0.608974479783655
308.15,-0.653733566879704
288.15,-0.550748809242954
313.15,-0.580877297933306
293.15,-0.498959563615223
298.15,-0.444083476090246
318.15,-0.50969056926215
303.15,-0.400996742509208
323.15,-0.443863669333389
308.15,-0.355633842099966
313.15,-0.314348139602743
278.15,-0.082256685084411
283.15,-0.034228662456796
288.15,0.01752254799535
293.15,0.06234579259644
278.15,-0.026725581225131
283.15,0.006755805594011
298.15,0.102063308007342
288.15,0.04196590715954
303.15,0.147695037959785
293.15,0.074223943890215
308.15,0.200506881269589
298.15,0.111307831561569
303.15,0.145478328748377
313.15,0.251349068957128
308.15,0.179086954631213
318.15,0.301856403485311
313.15,0.213653992127788
318.15,0.251881134591694
323.15,0.354272416073053
323.15,0.289685847543237
283.15,-2.64283859752658
288.15,-2.46797037057026
293.15,-2.31178452140733
298.15,-2.22336150930248
303.15,-2.13678500759945
308.15,-2.07687845684156
313.15,-2.02840097195745
318.15,-1.99431025092805
323.15,-1.96400600888817
283.15,-2.62095309983648
283.15,-2.49057747082351
288.15,-2.47482459942935
288.15,-2.36546562362934
293.15,-2.36766265566194
283.15,-2.21329201397041
298.15,-2.27685472351829
288.15,-2.17109070556931
293.15,-2.18415258173952
293.15,-2.10112660916698
298.15,-2.04537949936804
283.15,-2.10074207273384
288.15,-2.07523481253009
298.15,-2.06662329433224
303.15,-1.98308191489174
293.15,-2.02442080945503
283.15,-1.91023437737846
303.15,-2.00684296557409
303.15,-1.96340461799796
288.15,-1.85471190689693
308.15,-1.86062505031793
298.15,-1.84566521194521
293.15,-1.75673789470096
283.15,-1.90092987639805
308.15,-1.72227312576377
288.15,-1.84601991932628
298.15,-1.687011062158
313.15,-1.78063288834784
283.15,-1.50399705726021
303.15,-1.70590759383635
293.15,-1.7672312952278
308.15,-1.68504393319372
303.15,-1.59013214652023
318.15,-1.65977768247986
288.15,-1.44422010538057
298.15,-1.70036292297375
313.15,-1.55801483973809
308.15,-1.58325373341841
308.15,-1.49355780997087
303.15,-1.64882950401115
293.15,-1.36554771788164
323.15,-1.5715723954122
308.15,-1.59793360878217
313.15,-1.530045883949
313.15,-1.50873306347655
318.15,-1.43065173625103
313.15,-1.40960919248077
298.15,-1.29370409586734
313.15,-1.5074269117554
318.15,-1.34317338562529
283.15,-1.05531904968813
323.15,-1.33707981776271
303.15,-1.20696285605264
318.15,-1.40278474881738
318.15,-1.38618465729793
323.15,-1.27725526757327
318.15,-1.41883203457744
308.15,-1.13914982538255
288.15,-0.956683199399143
283.15,-1.01051719577611
313.15,-1.05704390849265
323.15,-1.31298934534827
293.15,-0.853765216521015
323.15,-1.2202596286183
323.15,-1.19646403173623
318.15,-0.989181992970645
288.15,-0.923130765707534
298.15,-0.764037914117647
323.15,-0.933026682213396
293.15,-0.863797080278951
303.15,-0.674696319338069
298.15,-0.773171599398572
283.15,-0.855389088940968
303.15,-0.720952451706632
308.15,-0.604113475478365
288.15,-0.807799199577207
308.15,-0.669571244856127
313.15,-0.526054999611838
293.15,-0.739950558560691
288.15,-0.790276972205811
313.15,-0.590065762068293
318.15,-0.463224172557099
298.15,-0.680002291368935
318.15,-0.543225814374605
323.15,-0.417590285176452
293.15,-0.707834414638758
323.15,-0.480662025137837
303.15,-0.582294639057965
298.15,-0.60894513070371
308.15,-0.503814784277808
303.15,-0.52753009969757
313.15,-0.44373662394409
308.15,-0.464855757469255
318.15,-0.38067594542796
313.15,-0.39851749529872
323.15,-0.325036940576242
318.15,-0.355587388099985
323.15,-0.313854272394223
283.15,-3.71697683693432
288.15,-3.19700858961572
283.15,-3.33405143501708
283.15,-3.37925240246568
288.15,-3.29680479196114
283.15,-3.30279950562224
283.15,-3.23022162769654
293.15,-2.90582395763363
283.15,-3.04962061389432
288.15,-3.04804463652802
288.15,-3.12859454546357
283.15,-3.12261327749387
283.15,-2.91613043167328
288.15,-3.05137203925314
293.15,-2.9992805339684
288.15,-3.0496596332425
288.15,-3.10762876560941
283.15,-3.01265756066611
293.15,-3.00900654548943
293.15,-2.97871599338918
293.15,-2.88746661961473
288.15,-2.95918517848739
298.15,-2.70476048291039
288.15,-2.72613213562903
288.15,-2.83388645358834
298.15,-2.91235901142448
293.15,-2.9770753153974
298.15,-2.83660566038155
298.15,-2.80892971121805
293.15,-2.87489712672544
293.15,-2.77315620676444
283.15,-2.49779739347855
293.15,-2.84454770795241
298.15,-2.85339735323647
283.15,-2.66885402565132
298.15,-2.88280083446037
298.15,-2.80882586378437
303.15,-2.8142125859756
293.15,-2.6045348492582
303.15,-2.56107642748831
288.15,-2.43107430075456
303.15,-2.72425215714999
298.15,-2.68733096870615
303.15,-2.70055873139582
303.15,-2.74755402168098
303.15,-2.80747066274618
293.15,-2.37365521704435
303.15,-2.70781599460651
308.15,-2.45884579452933
298.15,-2.49409907195377
308.15,-2.69512174676367
298.15,-2.67442517393796
303.15,-2.57007008115346
308.15,-2.58110191567778
308.15,-2.6582437047095
298.15,-2.2803524887238
308.15,-2.70751115753991
308.15,-2.62722218990293
308.15,-2.57181843543615
288.15,-2.45443303435389
313.15,-2.62728091943152
303.15,-2.41651775760094
313.15,-2.37715426230421
313.15,-2.58320682811833
303.15,-2.2084912521799
308.15,-2.47699029189249
313.15,-2.4882620960721
318.15,-2.5557348751902
313.15,-2.54826403865244
318.15,-2.30769771799133
308.15,-2.33678615300181
313.15,-2.46772257040229
303.15,-2.51021281119562
308.15,-2.14911123810908
318.15,-2.50796789591358
323.15,-2.49918654570315
313.15,-2.39903551084105
318.15,-2.40476282091275
313.15,-2.27979905988729
293.15,-2.30616155392041
323.15,-2.23936529925176
318.15,-2.47241841998968
313.15,-2.5354035190121
323.15,-2.47086616002669
313.15,-2.10115251796983
318.15,-2.39913037097301
328.15,-2.44075191674181
318.15,-2.334378670413
328.15,-2.18765787410965
323.15,-2.34186670670851
323.15,-2.41567101439905
328.15,-2.41767809281857
318.15,-2.20265374186924
308.15,-2.37815286291169
333.15,-2.39871784110806
323.15,-2.3203097643303
318.15,-2.01049195697824
333.15,-2.37308323727644
323.15,-2.27457178405836
288.15,-2.31436620850819
298.15,-2.18511023538382
333.15,-2.12603481769867
328.15,-2.27930714608383
328.15,-2.35345581572185
323.15,-2.14863017662511
283.15,-2.32660413247876
328.15,-2.23018679404494
328.15,-2.24996875690113
313.15,-2.27913980316652
318.15,-2.35637631881659
333.15,-2.21044501489052
333.15,-2.28008621410701
333.15,-2.19115484464609
303.15,-2.09914617315398
328.15,-2.076836715787
323.15,-1.90218976627082
333.15,-2.03101617229729
318.15,-2.18637859291029
308.15,-2.02236171629733
323.15,-2.24796311983501
293.15,-2.13024550142064
328.15,-1.81042187196199
288.15,-2.17236834468147
323.15,-2.10974971259186
333.15,-1.7337656716835
328.15,-2.13016681999335
298.15,-2.00255883878498
293.15,-2.05397316338977
328.15,-2.03481304248048
283.15,-1.89440297412374
333.15,-1.97047989663199
333.15,-2.01041462767027
298.15,-1.95644762292296
303.15,-1.90207579967036
288.15,-1.82137798518935
308.15,-1.8210805016959
303.15,-1.87626100191539
293.15,-1.72180874477574
313.15,-1.75436676575487
298.15,-1.65466509262094
308.15,-1.77584484951178
318.15,-1.6924035428917
313.15,-1.72220074640176
323.15,-1.63407148786963
303.15,-1.55804758032557
318.15,-1.64746468886611
308.15,-1.5029616700291
328.15,-1.56947111792098
323.15,-1.58903404167632
333.15,-1.51184402137626
313.15,-1.43371565539111
328.15,-1.51286034877748
318.15,-1.37445905910059
333.15,-1.43479288330314
323.15,-1.29936901743279
328.15,-1.24109927960533
283.15,0.425009079338141
288.15,0.44296362466558
293.15,0.458219950963018
298.15,0.474663759767583
303.15,0.49077778501906
308.15,0.509332657268577
313.15,0.523416109075722
318.15,0.535786096380729
323.15,0.553065746367969
328.15,0.564313584003569
333.15,0.593893334461884
278.2,-2.11504203289932
283.2,-2.07531386516824
288.2,-2.06742171179632
293.2,-2.05907702455514
298.2,-1.99288396431983
303.2,-1.99420140963165
308.2,-1.9285353144117
278.2,-1.76869343982094
278.2,-1.84262727913247
283.2,-1.73167838833896
313.2,-1.87707012362016
278.2,-1.85154410307053
283.2,-1.82678472628859
318.2,-1.84322824249233
278.2,-1.68439643190812
283.2,-1.79075007161494
288.2,-1.74958079793063
288.2,-1.76757407345707
293.2,-1.76830570809784
283.2,-1.61401840856931
288.2,-1.61153983067474
288.2,-1.60396634739877
298.2,-1.73633147638894
293.2,-1.67800415255564
293.2,-1.56404930942223
303.2,-1.68151474380511
298.2,-1.53891900536903
293.2,-1.53545673397365
298.2,-1.61489278153156
303.2,-1.6009567963458
308.2,-1.60497971833175
313.2,-1.61125024788132
308.2,-1.59782926456075
298.2,-1.43571559392005
318.2,-1.59221007017633
313.2,-1.55017097376662
278.2,-1.50918830337403
303.2,-1.39578325557803
303.2,-1.3766507633053
283.2,-1.47983107589025
308.2,-1.37156958075532
288.2,-1.45943536496507
308.2,-1.3521527501767
293.2,-1.45452176695408
298.2,-1.44812679329909
303.2,-1.45948869922258
318.2,-1.47740931696145
313.2,-1.29996475213246
308.2,-1.41959210077718
318.2,-1.26763984696064
313.2,-1.25867581280592
318.2,-1.2283174822762
313.2,-1.34938073494746
318.2,-1.32179107193798
288.15,-0.441320163149635
293.15,-0.33848767228481
298.15,-0.233066209765722
288.15,-0.028094075020083
303.15,-3.13849283421731
293.15,0.025548965415276
308.15,-0.071400043732367
288.15,0.20272718218598
298.15,0.074538557616055
303.15,0.11362257349446
293.15,0.258756436557423
313.15,-0.004700637572574
298.15,0.291664044784231
308.15,0.177160920745374
318.15,0.078527374382836
303.15,0.348692754457901
313.15,0.232157113449581
323.15,0.15199986355614
308.15,0.416666715317457
318.15,0.305435479840567
313.15,0.46434394970005
328.15,0.234951819111746
323.15,0.362996675301431
318.15,0.531720607739493
323.15,0.583715320316793
328.15,0.450844434757871
328.15,0.630983738866527
278.15,-3.32885894885814
278.15,-3.24771397595765
283.15,-3.15594775422273
283.15,-3.0741110261559
288.15,-2.88473624817715
288.15,-2.93692309616013
293.15,-2.69097090756801
293.15,-2.75400878679677
278.15,-2.75900663261804
298.15,-2.61338845836934
298.15,-2.52793806362027
283.15,-2.60337635750124
288.15,-2.47224944166426
303.15,-2.41387879239967
303.15,-2.33092785172081
293.15,-2.33275281198479
308.15,-2.23832981457772
308.15,-2.14343372944437
298.15,-2.18279894110344
313.15,-2.07781158876462
313.15,-1.95013895917298
303.15,-2.05340546562657
318.15,-1.92922612465867
318.15,-1.81565845636958
308.15,-1.91817388847519
323.15,-1.807248528766
323.15,-1.68502318019022
313.15,-1.79768423317878
318.15,-1.69583739693673
323.15,-1.57814152000087
278.15,-0.850454397800249
283.15,-0.724115858156409
288.15,-0.592375608201952
293.15,-0.478432786730053
298.15,-0.347974945440083
278.15,-0.235588914892274
278.15,-0.177064896607822
278.15,-0.125901366692142
303.15,-0.23182684318837
278.15,0.060377754827651
283.15,-0.093787802818941
283.15,-0.066872294706206
283.15,-0.059591462523545
278.15,-0.080611643577923
283.15,0.116401374646085
278.15,-0.01900113670251
308.15,-0.114863029405791
288.15,0.180577893645487
283.15,0.004294634292636
288.15,0.039683252831998
288.15,0.030134644596855
283.15,0.067527147951703
288.15,0.055878932444671
283.15,0.03745102070295
293.15,0.242488186854913
288.15,0.079861218620916
288.15,0.101650537664627
313.15,0.007474466350065
293.15,0.138939217736145
298.15,0.304139314501432
288.15,0.161890988812357
293.15,0.147729599773029
293.15,0.16024302043088
303.15,0.347420573788668
293.15,0.170138526953765
298.15,0.222470041477904
293.15,0.239813841376263
308.15,0.38969324094732
318.15,0.135252924630196
298.15,0.259447412864609
298.15,0.271801291634649
313.15,0.431271908454545
298.15,0.263376643763792
303.15,0.29615510149737
298.15,0.316294249408862
298.15,0.289392307431307
318.15,0.468291879181594
323.15,0.501354705962712
303.15,0.367856859419968
303.15,0.389908079170948
323.15,0.25350646100353
303.15,0.351458610605225
303.15,0.375778106599138
308.15,0.399426082218827
308.15,0.456788744695542
308.15,0.449018419145755
308.15,0.478120330561152
308.15,0.48939116540448
313.15,0.519145047420877
313.15,0.527664854633351
313.15,0.543677866326788
313.15,0.539788272905302
318.15,0.580821623872014
313.15,0.549941235847776
318.15,0.589920271621747
313.15,0.581000365556703
313.15,0.599276684089445
323.15,0.642737440773419
318.15,0.659172798143046
318.15,0.693307825517804
318.15,0.682047993019167
318.15,0.709381976673135
323.15,0.801243433477627
323.15,0.825433297901527
323.15,0.841451346995606
323.15,0.82838287186831
283.15,-2.36935282980879
288.15,-2.31748826558151
293.15,-2.2415139817239
298.15,-2.1847399435844
303.15,-2.11359172411132
308.15,-2.00475405042999
313.15,-1.93243696047442
283.15,-2.00613520713573
318.15,-1.87547408003006
288.15,-1.97846364505281
293.15,-1.9382037913762
298.15,-1.90903419902332
323.15,-1.75648492075704
303.15,-1.86764245610391
308.15,-1.82111121134842
328.15,-1.67974333128632
288.15,-1.83618207398558
283.15,-1.91241336556013
313.15,-1.76003090202136
293.15,-1.81135573910752
333.15,-1.60735847989028
298.15,-1.76026819914512
283.15,-1.7682477238014
318.15,-1.68649882828674
303.15,-1.73554394964377
288.15,-1.80798151273244
308.15,-1.69854175489834
288.15,-1.72295425534214
283.15,-1.595841240145
323.15,-1.60810038994349
313.15,-1.65859957504645
283.15,-1.66053249727803
318.15,-1.6374674603558
293.15,-1.65629465310846
288.15,-1.63984274123947
283.15,-1.55603985130046
328.15,-1.55387275367447
323.15,-1.606623080205
288.15,-1.52463069934863
293.15,-1.68573228197606
293.15,-1.59725927517617
298.15,-1.59562545679964
283.15,-1.58034459842991
328.15,-1.5597201591256
288.15,-1.48277675578806
288.15,-1.5553662144172
298.15,-1.62579766832373
333.15,-1.53369483659511
298.15,-1.54340038461915
293.15,-1.45480613378321
283.15,-1.3183612502761
293.15,-1.51335973795673
293.15,-1.42966613460849
303.15,-1.50445210366452
298.15,-1.47984724143968
303.15,-1.54881078733756
298.15,-1.37303050799466
303.15,-1.45067024296395
308.15,-1.44974002983667
288.15,-1.23128925734195
298.15,-1.34181099282334
303.15,-1.33181457944463
303.15,-1.39957511068427
308.15,-1.46976040948349
283.15,-0.663102237990897
308.15,-1.36287203104597
313.15,-1.35534982099482
303.15,-1.2688179120653
293.15,-1.14632188095236
313.15,-1.42177367340828
308.15,-1.33181487746143
308.15,-1.23813679430676
283.15,-0.952635592345021
288.15,-0.585353470803218
318.15,-1.30380152813814
313.15,-1.28838254936811
318.15,-1.3575251978257
298.15,-1.0700819005041
308.15,-1.18283107309177
318.15,-1.24913263469394
313.15,-1.24771166500595
288.15,-0.878566095835668
313.15,-1.15054227099267
323.15,-1.30975546400041
293.15,-0.519140938691238
323.15,-1.21998638091455
313.15,-1.11712659135104
323.15,-1.19036270825229
318.15,-1.09285182525437
303.15,-0.974575662717723
293.15,-0.805890822691504
298.15,-0.449711636799244
318.15,-1.16722543375381
328.15,-1.22401023607697
328.15,-1.14168577722684
318.15,-1.05726436826495
308.15,-0.92667149447488
328.15,-1.1242012103709
323.15,-1.02345762981304
323.15,-1.1089132146853
298.15,-0.730086334020374
303.15,-0.364622737623326
333.15,-1.12885380353218
323.15,-0.986200357369597
333.15,-1.0671565208128
328.15,-1.05896449586927
313.15,-0.849941546363224
308.15,-0.315675390085623
333.15,-1.03580822832489
328.15,-0.945079824580529
328.15,-0.929021003490841
303.15,-0.628838320273599
318.15,-0.796690236038102
333.15,-0.881828847916807
333.15,-0.971223545420376
313.15,-0.245269182806997
308.15,-0.573563974281875
323.15,-0.74014264039288
333.15,-0.857669129977967
318.15,-0.183892474037377
313.15,-0.519820193015531
328.15,-0.67576388408839
323.15,-0.10967167164129
333.15,-0.634721313087864
318.15,-0.454134970668163
328.15,-0.04512019362085
323.15,-0.38514976785951
333.15,0.022903871601725
328.15,-0.316280375185295
333.15,-0.263325798466875
283.15,-4.39564024661193
288.15,-4.15318525806065
293.15,-3.91069893030908
298.15,-3.74005184893097
303.15,-3.64751889196869
283.15,-3.62261314540665
288.15,-3.58987235712125
283.15,-3.27613142020476
293.15,-3.54408159503323
308.15,-3.48091929146818
298.15,-3.46176291950076
288.15,-3.15114756154478
303.15,-3.4095667706784
313.15,-3.38259116708889
308.15,-3.38120094263688
313.15,-3.35061451278604
293.15,-3.04216195183042
318.15,-3.29917089522224
318.15,-3.30229182090852
283.15,-3.14592230608011
288.15,-3.14251545355904
298.15,-2.96124071435421
293.15,-3.10698118181466
323.15,-3.23197469429116
298.15,-3.07608735963947
303.15,-2.91630601827288
303.15,-3.01383532238087
308.15,-2.8535706195251
308.15,-2.99279591035384
313.15,-2.8061693297108
313.15,-2.96253776618305
318.15,-2.77259823596828
318.15,-2.92186150982474
323.15,-2.74339100628772
323.15,-2.89435178006941
283.15,-0.155067799653719
288.15,-0.10653209722539
293.15,-0.064475654879209
298.15,-0.019154344295608
303.15,0.02698221049361
308.15,0.074009646171115
313.15,0.120678779418488
318.15,0.167097082144544
323.15,0.217731607390376
283.15,-3.3132745103354
283.15,-3.25745713594194
283.15,-3.33346962832752
293.15,-3.05727682421665
283.15,-2.971931218753
293.15,-2.92238302117093
293.15,-2.80091926399008
303.15,-2.80858477043704
293.15,-2.78346311398779
303.15,-2.70214177687383
313.15,-2.62850349572144
303.15,-2.66355695586124
313.15,-2.56572801717912
323.15,-2.48151454431718
313.15,-2.48895104570793
323.15,-2.47017320523664
303.15,-2.32981057310526
283.15,-2.10300370178612
323.15,-2.33152386413023
288.15,-2.24951443636809
293.15,-2.15654743623793
283.15,-2.07449093590308
313.15,-1.94350511330873
303.15,-1.99426762756528
293.15,-1.94831831161447
293.15,-1.62235718769093
283.15,-1.80827287236262
283.15,-1.77500025673156
313.15,-1.74648366220214
303.15,-1.70591649813866
323.15,-1.61204017385983
303.15,-1.32351498213366
293.15,-1.55380199852123
323.15,-1.51935336132677
283.15,-1.44318413295276
293.15,-1.3721327582333
313.15,-1.40800169207877
293.15,-1.3291258179435
313.15,-1.07551151557543
283.15,-1.17793397998704
303.15,-1.19403923345688
303.15,-1.27276227324652
283.15,-0.988553707216395
323.15,-0.912817114016817
293.15,-0.978254478037771
313.15,-0.982813628073121
313.15,-1.06122696721712
303.15,-1.04361469912973
323.15,-1.00233802370692
283.15,-0.785617949439924
288.15,-0.794731999591522
323.15,-0.903049473681936
303.15,-0.79506530700917
313.15,-0.872171661249231
293.15,-0.663276382392647
293.15,-0.687458838883105
323.15,-0.774622553776979
298.15,-0.596824469264885
323.15,-0.736355641367774
313.15,-0.603257423671513
303.15,-0.528649485597847
303.15,-0.477598972920351
323.15,-0.398727372971439
313.15,-0.276964226536326
283.15,0.086211440318241
323.15,-0.087563199957969
293.15,0.212745830079925
283.15,0.698213352430064
303.15,0.347650710997402
293.15,0.807967650632838
313.15,0.483588187495582
303.15,0.893173368560028
323.15,0.594967889317892
313.15,0.982446318977052
323.15,1.10441905931409
283.2,-1.23528625244654
288.25,-1.12922726123967
293.15,-1.03826211710113
298.15,-0.948162575811474
283.17,-1.03762245997069
303.15,-0.848622952604788
288.15,-0.932909445145204
308.75,-0.744044325728816
293.16,-0.824747873532118
283.15,-0.680512811267417
313.15,-0.643651943783844
283.15,-0.750179915454698
288.45,-0.579615034328969
298.15,-0.696613444956353
283.14,-0.408824359597585
288.13,-0.669332799030773
318.15,-0.535504610557729
283.15,-0.732846514276557
283.16,-0.604565770239923
293.44,-0.489139841007731
293.15,-0.583970044055743
288.15,-0.303472515089568
323.19,-0.417051680690693
303.15,-0.566964554856312
288.15,-0.660160102257393
283.11,-0.552611472345057
283.15,-0.619240153531577
283.12,-0.668496340159348
298.15,-0.499334773983309
298.15,-0.392847924626149
288.12,-0.483004778828216
293.15,-0.587702481753574
293.15,-0.189841937291504
288.15,-0.456792710805651
288.13,-0.51795506897328
308.15,-0.441493551713067
303.15,-0.411570740643502
288.15,-0.563758873969833
303.15,-0.292931117444203
298.15,-0.509294350084111
293.15,-0.367388386810574
293.15,-0.378449975164114
293.15,-0.424562339714068
298.14,-0.06173543842919
308.15,-0.316685524337876
303.12,-0.428502004719394
293.13,-0.464811980551371
313.14,-0.32122536772183
308.15,-0.180875236565843
298.17,-0.269017076804564
298.15,-0.281832249754411
298.17,-0.32362935678132
308.15,-0.34625908469792
313.15,-0.217049832443583
298.15,-0.365288316572859
303.15,0.066313759683224
303.15,-0.194391928571437
303.15,-0.180882717291853
318.2,-0.19084058024754
313.54,-0.066050115834671
313.15,-0.26000322278081
303.15,-0.221993099125892
318.17,-0.115549631242769
303.15,-0.265188326172874
308.19,-0.114479119997126
308.16,-0.092441453287977
308.15,0.189091691660021
318.15,-0.174444162857339
318.37,0.051555136418294
308.15,-0.123235952397013
323.15,-0.043036410598309
308.13,-0.17643652502676
313.15,-0.029327081063446
323.15,-0.01517134349444
313.13,0.010583621385447
323.2,-0.086577843300237
313.15,0.305706522852138
313.15,-0.032039429747814
323.15,0.167445677376718
318.17,0.056570974033211
313.15,-0.086939381006255
318.15,0.116712893217708
318.12,0.054626664682346
318.75,0.417223991195881
323.15,0.145474198125931
318.17,0.012147214857125
323.17,0.213966153040008
323.15,0.141347318985044
323.2,0.502972668719509
323.15,0.097520528969613
283.15,-1.48085259101085
288.15,-1.39926258550457
283.15,-1.47683590514352
283.13,-1.1618295798931
293.05,-1.27603629689192
283.14,-1.34473743075105
283.15,-1.41289933316623
283.12,-0.976562847589922
288.05,-1.40569835756947
288.1,-1.08758736064013
288.03,-0.887652799015495
288.15,-1.29800859015161
288.15,-1.22367543335084
298.15,-1.13234442190133
293.2,-0.98159700459789
293.05,-1.29202524695448
293.13,-0.788287269968807
293.12,-1.19026564290503
293.15,-1.11129074715741
298.15,-0.876788943559573
303.9,-0.971693541369686
298.16,-0.683555339977833
298.15,-1.1676808776696
298.11,-1.08434696764626
298.15,-0.99624198337198
303.15,-0.766359552991484
303.14,-0.576431234695985
308.15,-0.847026004507916
303.15,-0.949557866590823
303.15,-0.872802558731289
303.15,-0.996329049554189
308.15,-0.646056262124661
308.15,-0.457986758635871
313.13,-0.669557024139785
308.15,-0.814264196265377
308.15,-0.739320642272287
308.15,-0.848211703295042
313.2,-0.51798613163721
313.15,-0.332420305178098
313.15,-0.68795015476885
313.15,-0.586321615947743
313.15,-0.714963277884742
318.15,-0.369418638950606
318.65,-0.48035558612075
318.15,-0.191454104926718
318.13,-0.524858584254373
318.15,-0.434685688435753
283.12,-0.171652241281112
318.15,-0.555702009798016
323.15,-0.197623531686446
323.15,-0.029306909610473
323.15,-0.280804211197779
288.15,-0.03550479178575
323.15,-0.411597720989395
323.16,-0.342240643584575
323.15,-0.269278762497345
293.15,0.110084542909532
283.15,-0.151361136163946
283.15,0.02060400760173
288.15,-0.069525130349727
288.13,0.09317693345427
298.17,0.27500722093514
293.15,0.003089397521057
293.15,0.163868430511174
298.13,0.075656387169715
303.15,0.375268693295007
298.17,0.23663870866145
283.13,0.228693331957618
303.15,0.145843238552708
288.15,0.292333522329544
303.15,0.312707605441948
308.13,0.470263519521458
308.15,0.224496913168585
293.15,0.351381716164358
308.13,0.382975806469644
313.1,0.561480688681289
298.13,0.411718787489474
313.37,0.306266314385486
313.15,0.452641655545514
303.15,0.470408541960434
318.17,0.647513248744392
318.3,0.378819784708034
318.15,0.519971709897488
308.15,0.527672184060648
323.17,0.44975167358821
323.16,0.726063741705906
323.15,0.581302689614106
313.15,0.586288215889426
318.6,0.64757041897985
323.17,0.704679390059695
283.15,-2.11177629980895
288.15,-1.96316325100599
293.15,-1.80232161770082
298.15,-1.66364993659769
303.15,-1.53790080547851
308.15,-1.42092725400101
313.15,-1.30332956913729
318.15,-1.18211186843963
323.15,-1.09214083251095
283.15,-1.99380610735837
288.15,-1.82555497880077
293.15,-1.69683828658548
298.15,-1.56868904450053
303.15,-1.4231007986746
308.15,-1.31753560379578
313.15,-1.199620357846
318.15,-1.06901574018461
323.15,-0.94771413731857
283.15,-0.914210648346804
288.15,-0.816261049068878
293.15,-0.747497018727812
298.15,-0.660512636728959
303.15,-0.590083387591733
308.15,-0.496895152706781
313.15,-0.411883298918031
318.15,-0.314577251979036
323.15,-0.215618170795869
283.15,-1.70385864390029
288.15,-1.59564975691789
293.15,-1.4640663743824
298.15,-1.36931147194261
303.15,-1.26146780215207
308.15,-1.18367243335136
313.15,-1.08137224760871
318.15,-0.959881637352776
323.15,-0.87946110084553
273.15,-1.2602413362144
278.15,-1.18133693769425
283.15,-1.17041478629823
283.15,-1.090104129289
288.15,-1.08871562623721
288.15,-1.00726810000875
293.15,-0.977306194773719
293.15,-0.926552070827334
298.15,-0.875014827938365
298.15,-0.858216660271285
303.15,-0.810503989285362
303.15,-0.782762543218592
308.15,-0.721359738659063
308.15,-0.712641586697113
313.15,-0.629789596766051
313.15,-0.642915119941813
318.15,-0.548602560269243
323.15,-0.449116048610222
283.15,-1.54425604387132
288.15,-1.45758880990686
288.15,-1.39950987354843
293.15,-1.21649418673887
293.15,-1.23463594276133
298.15,-1.107099689257
298.15,-1.12115396819799
303.15,-1.04664814462855
308.15,-0.944206462905541
313.15,-1.09948263132625
313.15,-0.861116317486942
318.15,-0.987336674350896
318.15,-0.75435802845854
323.15,-0.665383216654059
273.15,-2.232688661421
273.15,-2.19764463250126
278.15,-2.11219707370501
283.15,-2.25325215863943
273.15,-2.09722350014552
278.15,-2.09871203400991
273.15,-1.99101405495228
273.15,-1.86920803350828
283.15,-1.98514432955222
288.15,-2.12737888073399
273.15,-1.68721871771152
278.15,-1.99908427093614
283.15,-1.98735528297722
278.15,-1.89010379160587
288.15,-1.89231561867833
278.15,-1.76484959051616
278.15,-1.59785430912143
293.15,-2.00201817939698
283.15,-1.89409456815452
283.15,-1.79276389934318
283.15,-1.67651263283509
288.15,-1.87165768921148
293.15,-1.79023755704491
283.15,-1.50594588841137
298.15,-1.89973709574606
288.15,-1.7895007604271
288.15,-1.69781844805172
288.15,-1.58110175648508
293.15,-1.77340342323742
288.15,-1.40746628570471
298.15,-1.68326165715194
303.15,-1.7954183351825
293.15,-1.69192517317625
293.15,-1.49587833417889
293.15,-1.60279238966891
298.15,-1.68044507780936
293.15,-1.31539721350859
303.15,-1.58191680719019
273.15,-1.40026596543644
308.15,-1.69096008000132
303.15,-1.60236413327093
298.15,-1.5920602025671
298.15,-1.50487134958976
298.15,-1.38672114298
308.15,-1.50577319702332
298.15,-1.21975936863244
278.15,-1.2969445559828
273.15,-1.59352266334634
303.15,-1.5271080928237
303.15,-1.43428441006501
313.15,-1.59790675855053
303.15,-1.32219308388796
308.15,-1.52080829143471
313.15,-1.42969707396049
303.15,-1.14387711184682
278.15,-1.52607444464645
308.15,-1.45232451815988
308.15,-1.36106418128769
283.15,-1.19323190895348
313.15,-1.434157752803
308.15,-1.23198248754529
308.15,-1.06940390024951
283.15,-1.46886345365773
313.15,-1.37023403362185
313.15,-1.28064529242359
288.15,-1.41945055075424
313.15,-1.16961240030327
288.15,-1.10599648546736
313.15,-0.992507220557517
273.15,-1.45670260886343
273.15,-1.18425083034958
293.15,-1.35504984629229
293.15,-1.01232566186722
298.15,-1.28329058876151
278.15,-1.36101427701783
278.15,-1.09425252746236
303.15,-1.22547990702406
283.15,-1.30512037296117
298.15,-0.890282538145683
283.15,-1.01729828339436
308.15,-1.15520966685408
303.15,-0.825919712250457
288.15,-1.21727269379329
288.15,-0.924360744644253
313.15,-1.09621622759359
293.15,-1.14769743967519
308.15,-0.749394764046381
298.15,-1.0838591124374
293.15,-0.828101761770262
313.15,-0.675294837155557
298.15,-0.761111012999244
303.15,-1.01353446162914
303.15,-0.699895987573542
308.15,-0.945630669392119
308.15,-0.633677422715117
313.15,-0.87735432335986
313.15,-0.580421634780436
283.25,-2.893876372116
287.95,-2.80609169651804
292.95,-2.71210036479904
298.15,-2.63356463997726
282.94,-3.38601748604048
303.15,-2.54139034192578
288.39,-3.2611889647949
308.15,-2.44584647586339
282.85,-3.14179634511495
293.37,-3.14767083662834
312.85,-2.36685653360391
288.0,-3.02890861536052
318.15,-2.27924940393181
297.82,-3.04360432064728
323.05,-2.21540359241605
293.57,-2.897466515545
283.3,-2.86563565614188
302.63,-2.93498556006505
298.4,-2.78114039600332
288.24,-2.7597043381023
307.76,-2.82121651639192
302.64,-2.68601842155368
293.17,-2.65784903739748
312.95,-2.70959761765075
283.33,-2.53373381734889
308.22,-2.55996133652438
298.2,-2.54562799975528
317.7,-2.60826148798419
288.3,-2.42114240679444
283.25,-2.39929122098856
312.94,-2.45367025524647
322.05,-2.52711776825615
303.04,-2.44379367677898
288.75,-2.3188005808249
293.38,-2.32800494476784
307.85,-2.34444857370852
317.83,-2.34607714238172
293.95,-2.23124527319806
298.49,-2.22250051271073
298.65,-2.17224900151093
322.6,-2.25975812982528
312.91,-2.24215621470468
302.85,-2.1380205815985
303.65,-2.09954256608248
318.03,-2.14273714647675
308.65,-2.0252326758852
307.9,-2.02586787899321
313.35,-1.95973626603723
283.15,-2.06016893136205
323.13,-2.04720018711816
288.25,-2.0329891823277
312.9,-1.92466804024716
293.05,-2.00266472224558
317.85,-1.89430906545511
299.25,-1.96644707456163
303.25,-1.9429629217796
318.16,-1.82980606818378
325.15,-1.80865523720332
308.65,-1.91065357512506
313.25,-1.89126057980069
318.15,-1.86678516626287
323.35,-1.74710297556304
323.05,-1.85487020585802
279.95,-1.57218847623144
285.86,-1.53858791756111
291.46,-1.49764137352615
296.34,-1.4637899214271
301.7,-1.43599384750007
307.17,-1.42102089980362
311.9,-1.39311859571533
316.15,-1.38045530418061
323.7,-1.34278170473286
283.15,-1.2387674355606
288.15,-1.21076849120533
293.25,-1.18405558899127
283.05,-1.04701997411753
298.15,-1.1619584250763
288.15,-1.02472766869414
303.15,-1.14142490728265
293.15,-1.00554902564285
308.05,-1.12042535709187
297.65,-0.977077165698692
313.65,-1.10179541536852
303.45,-0.958065089543456
318.25,-1.07165872729977
308.05,-0.937155927345352
323.45,-1.05213379206513
313.15,-0.915062710369433
318.65,-0.888365604217024
323.35,-0.861811965396323
283.15,-3.29885645340751
293.15,-3.24163126058574
303.15,-2.83336421591501
283.15,-2.86385630751696
313.15,-2.68598967494739
323.15,-2.47291493680727
293.15,-2.55784342565639
303.15,-2.42116938120013
313.15,-2.29792283653662
323.15,-2.212159906777
283.15,-1.26981538508755
293.15,-1.11753544382492
303.15,-1.05413910645119
313.15,-0.923969528183863
323.15,-0.813780961663324
283.15,0.090047652966372
293.15,0.170564651045101
303.15,0.261922695378652
313.15,0.355930168375502
323.15,0.442809603409461
283.15,1.10776851440807
293.15,1.15258016009736
303.15,1.20377662078876
313.15,1.24188466178551
323.15,1.28576284598346
299.15,-0.930628624652743
298.0,-1.37170851566089
283.0,-0.938802091587771
293.0,-1.67366518073549
288.0,-0.173858032269388
283.0,-1.62497252802307
298.0,0.001723590891214
293.0,-1.45477322049538
293.0,-0.082837743972639
293.0,-1.08092415005982
323.0,-0.97210840397782
283.0,-0.260929256641699
278.0,-1.66556228543119
303.0,0.075800036029141
278.0,-1.0414500823448
283.0,-1.29297023341732
293.0,-0.744700680007495
323.0,-0.45998877915932
288.0,-1.54356855044448
308.0,-0.770546558616454
323.0,-1.13380744187536
323.0,0.412101463737777
308.0,-1.19890133502378
308.0,-0.462333298403846
298.0,-1.60230193693933
308.0,-1.42429402181812
298.0,-0.979722701760375
313.0,-1.11733032020252
313.0,-1.31904411586422
298.0,-0.647040811344632
313.0,-0.665020584990609
308.0,0.157786925284914
278.0,-1.38628163983832
283.0,-0.258256666780373
318.0,0.328214932363293
318.0,0.329096077949666
288.0,-1.72678706324504
318.0,-0.560010028330359
288.0,-1.17527838064175
278.0,-0.345601395208862
303.0,-1.51650737210536
313.0,-0.366049076547622
323.0,-0.176350858788207
318.0,-1.22810839499314
303.0,-1.28709801520762
318.0,-0.277469651845685
288.0,-0.837929351617366
303.0,-0.551582410480864
278.0,-0.344511571595802
303.0,-0.872855544547795
318.0,-1.0497005738536
313.0,0.244940062731151
278.15,0.4077149476603
283.15,0.446752775435097
293.15,0.532976208643306
303.15,0.61627566421409
313.15,0.709507734892822
323.15,0.797875847811446
303.15,0.054664565410516
293.15,-0.266747417664171
298.15,-0.104312448394917
308.15,0.215731876084718
313.15,0.42339095658858
278.15,-8.55369424488663
288.15,-8.32324532350835
298.15,-8.10653621354441
278.15,-7.71409368557606
308.15,-7.92022578930704
298.15,-7.2691571142278
288.15,-7.45368154082034
318.15,-7.74751427090274
278.15,-7.02413427758722
308.15,-7.00743685257375
288.15,-6.57438998902096
288.15,-6.80727747352836
318.15,-6.07684062810322
278.15,-5.35937675737823
298.15,-6.59047871664865
318.15,-6.71409368557606
278.15,-6.79222431202103
288.15,-5.24486479723307
308.15,-6.32104770705637
298.15,-6.38286849841266
288.15,-5.98935886605505
278.15,-6.23282458044001
308.15,-6.10067832576422
318.15,-5.88966042379955
278.15,-5.09974371296742
308.15,-5.60320410758617
298.15,-5.77197855970869
288.15,-4.94458636074738
318.15,-5.46171881799784
308.15,-4.93778884106975
298.15,-5.13752800776188
278.15,-4.9435160037527
288.15,-4.74201328909499
278.15,-4.37087489030338
318.15,-4.79137499130953
298.15,-4.79363419177416
308.15,-4.62432892206177
278.15,-4.59046168437986
298.15,-4.54876432756866
318.15,-4.48323730932587
308.15,-4.34693614169232
298.15,-3.96932138615659
298.15,-4.32773329689696
288.15,-4.45645301449072
318.15,-4.15727207544737
308.15,-4.20821846909828
318.15,-4.06337326657313
303.0,-2.71433965913913
298.0,-2.67411195707872
293.0,-2.67292320093328
303.0,-0.940656818003192
273.0,-2.88951837728761
298.0,-1.00727762298329
268.0,-0.462595562823597
293.0,-1.29425502947304
293.0,-1.07331492382429
283.0,-0.335804365373481
283.0,-1.41161489754222
273.0,-1.31499741961103
283.0,-1.2040524449833
293.0,-0.921197771579794
288.0,-1.13666105964762
303.0,-1.19981880837459
273.0,-1.22518040122497
283.0,-1.07600797874868
278.0,-1.26201505824997
273.0,-0.546946476991171
303.0,-0.775180866749187
273.0,-0.421462401868586
273.0,-1.49195856427955
303.0,-0.155173307374929
278.0,-0.477362183572895
303.0,-0.441121510084068
303.0,-0.694616453495573
273.0,-0.406540693543636
303.0,-0.827138468696219
293.0,-0.247110100825756
303.0,-0.303544937511314
303.0,-0.158299437836526
303.0,0.080242632848397
273.0,-0.524001087456426
293.0,-0.335830906152151
303.0,-0.239010887589267
303.0,-0.433848805470452
283.0,-0.432069169434797
293.0,-0.001743755049292
293.0,-0.383863741574041
303.0,-0.937003619316827
293.0,-0.24007427288503
288.0,-0.383023478359929
303.0,-1.02929862211322
283.0,-0.083685523804263
283.0,-0.324148299088403
298.0,-0.28558191590968
303.0,0.284789931002831
268.0,-0.564024224705742
283.0,0.104247545959894
303.0,-0.572715562354238
293.0,0.193609582793823
273.0,-0.159879096407711
268.0,-0.026431673307025
303.0,-0.244682253128377
303.0,-0.04515394053787
303.0,0.024027299003738
273.0,0.01162092722793
303.0,0.783738667972405
303.0,0.798778881232803
303.0,0.916294854505561
278.0,-2.80284895552015
283.0,-2.73135130372007
303.0,-2.55767367690222
288.0,-2.68249946737928
303.0,-2.03232858371066
303.0,-1.82421760298249
268.0,-1.56179912738234
278.0,-1.45451155030187
288.0,-1.35443395794493
268.0,-1.29549298210383
298.0,-1.24852070365601
278.0,-1.14834347268038
288.0,-0.995124968074842
298.0,-0.843772567746906
268.0,-0.583501149421786
278.0,-0.507132403423917
283.0,-0.46514585339511
268.0,-0.445723885294559
288.0,-0.427992149878195
278.0,-0.378511220802758
278.0,-0.366462684707685
298.0,-0.350185466170272
288.0,-0.286146718596002
288.0,-0.292633602668906
268.0,-0.196457123314363
298.0,-0.198797023526617
298.0,-0.201796630429085
278.0,-0.123182223527537
288.0,-0.045535628190411
298.0,0.037688408007885
278.0,0.059462010429703
288.0,0.14608032332406
298.0,0.240848084503949
303.15,-0.940748407727211
298.15,-1.00727762298329
293.15,-1.07340627960031
273.15,-1.32089818621065
283.15,-1.20429998665614
289.15,-1.12370437179156
288.15,-1.13675179104685
278.15,-1.26192445214359
296.15,-1.03376915364055
278.0,-1.27851567835896
283.0,-0.669826390266992
288.0,-0.613862090986715
293.0,-0.553091315130809
293.0,-1.06251734428545
283.0,-1.20630954778659
288.0,-1.13701438389225
303.0,-0.920668103732063
308.0,-0.846446179447214
298.0,-0.991134017109925
278.0,-0.727513536649038
298.0,-0.487589805814674
303.0,-0.427686742759062
308.0,-0.356923385040616
298.15,-1.37386124278824
298.15,-1.0555767451253
298.15,-0.732700299125533
298.15,-0.571095195852956
298.15,-0.698503217805257
298.15,-0.784952105720752
298.15,-0.417963505310075
298.15,-0.4481789254443
298.15,-0.572089577356507
298.15,-0.581605740224662
298.15,-0.651332959832661
298.15,-0.48147928230875
298.15,-0.453316493391069
298.15,-0.629313474674475
298.15,-0.702371430272323
298.15,-0.438403751637515
298.15,-0.548046436889141
298.15,-0.544316331882633
298.15,-0.486418208074812
298.15,-0.4897135998478
298.15,-0.421051126610084
298.15,-0.4192231616069
298.15,-0.481497763882351
298.15,-0.454432306652929
298.15,-0.235198460790315
298.15,-0.378082633788677
298.15,-0.318351105537151
298.15,-0.284944602914897
298.15,-0.308010706316809
298.15,-0.276385613161628
298.15,-0.155871512293408
298.15,-0.19668891546567
298.15,-0.142522336709849
298.15,-0.154314313235711
298.15,-0.210953033064848
298.15,-0.110910698706155
298.15,-0.08417848364387
298.15,0.227693943056838
298.15,0.462618925452895
298.15,-0.298886098096855
298.15,-0.212416483030195
298.15,-0.035806244991191
298.15,0.181016238920735
298.15,0.27560951039371
298.15,0.170973638835397
298.15,0.443651610080941
298.15,0.354483311463578
298.15,0.200970734966379
298.15,0.072492036464097
298.15,0.260195593144759
298.15,0.130645310569763
298.15,0.302630605339172
298.15,0.399178258946574
298.15,0.259384506908317
298.15,0.347327737864456
298.15,0.215298887983836
298.15,0.300316561939254
298.15,0.220423247625093
298.15,0.176356837053037
298.15,0.129831087791437
298.15,0.07581820783682
298.15,0.322375468359734
298.15,0.457464794024513
298.15,0.598371553170406
298.15,0.643486655806782
298.15,0.043660649228208
298.15,0.10894319399909
298.15,-0.110208426067286
298.15,-0.323780444116908
298.15,0.091961264764541
298.15,0.084596635614291
298.15,0.080729369923617
298.15,0.277869277145611
298.15,0.275779029490514
298.15,0.267273214736891
298.15,-1.03390421317078
298.15,-0.714528525598765
298.15,-0.729075786065201
298.15,-0.8702606002042
298.15,-0.784363384072687
298.15,-0.658725201201275
298.15,-0.603620274555377
298.15,-0.660962242295035
298.15,-0.503276506733404
298.15,-0.450533515084228
298.15,-0.362736909526852
298.15,-0.339658663856661
298.15,-0.041456513899678
298.15,-0.055865421759631
298.15,-1.28403821813765
298.15,-1.0328193620312
298.15,-0.793799942941405
298.15,-1.00858101187653
298.15,-0.715539447719604
298.15,-0.709534962976711
298.15,-0.803175688071764
298.15,-0.664333889216095
298.15,-0.777678630433095
298.15,-0.615000046359339
298.15,-0.60899354031744
298.15,-0.718705017246949
298.15,-0.413515904709069
298.15,-0.490024621851028
298.15,-0.627999484960021
298.15,-0.479399873884496
298.15,-0.576513023904933
298.15,-0.544652114594445
298.15,-0.626120138065748
298.15,-0.388837112397429
298.15,-0.503640223870039
298.15,-0.562421525780153
298.15,-0.228763972158778
298.15,-0.594638414169011
298.15,-0.720619538264399
298.15,-0.416313306455079
298.15,-0.339008662008472
298.15,-0.425642531288206
298.15,-0.628308301924447
298.15,-0.223078152604586
298.15,-0.164561247217017
298.15,-0.257661736310862
298.15,-0.296128153137456
298.15,-0.018134836897419
298.15,-0.387325467023589
298.15,-0.061733966933548
298.15,-0.295964352559057
298.15,-0.128581545358539
298.15,0.037121460090772
298.15,-0.076810806346531
298.15,-0.237578466655766
298.15,-0.160102305326624
298.15,-0.0894565303641
298.15,-0.075867485368656
298.15,0.014184608194877
298.15,0.114634967252209
298.15,0.234234886999361
298.15,0.140148181457386
298.15,0.256865466624895
298.15,0.405664060742043
298.15,0.668909313882838
298.15,-2.23192914384238
298.15,-2.75308232988848
298.15,-2.63710319349365
298.15,-2.36851204106077
298.15,-2.20707908063727
298.15,-2.45213656501246
298.15,-2.35892967742457
298.15,-2.55785634898967
298.15,-2.32071488537701
298.15,-2.43570081708437
298.15,-2.52903603078785
298.15,-2.19346882726958
298.15,-2.25625136835483
298.15,-2.25585647819177
298.15,-2.17772349449698
298.15,-2.46507606813678
298.15,-2.21094913354505
298.15,-2.26185512500167
298.15,-2.19851818284382
298.15,-2.13414543956481
298.15,-2.09028583348705
298.15,-2.14008977208392
298.15,-2.41414076244455
298.15,-2.1100812761882
298.15,-2.01062072945825
298.15,-1.99093288651412
298.15,-1.99877013755993
298.15,-1.96796732249257
298.15,-1.47508850509595
298.15,-1.7112044222107
298.15,-1.74130485904702
298.15,-1.94065808219963
298.15,-1.29451603215139
298.15,-1.43009558562425
298.15,-1.38136092766832
298.15,-1.22209214569923
298.15,-1.13630020683014
298.15,-1.36078091574448
298.15,-1.12192391531751
298.15,-1.22925600451288
298.15,-1.06647857682713
298.15,-1.14920241498529
298.15,-1.27406812175083
298.15,-0.857696395915313
298.15,-0.872190977646737
298.15,-0.849607895950756
298.15,-0.615675124902892
298.15,-0.705986015256344
298.15,-2.49244927540496
298.15,-2.35126743046777
298.15,-2.3225756832883
298.15,-2.27662570709984
298.15,-2.04201896405533
298.15,-2.09320386732709
298.15,-2.26536889763216
298.15,-1.93002006573307
298.15,-2.24700323706279
298.15,-1.46546260214879
298.15,-0.895281169230831
298.15,-1.23561992917905
298.15,-1.20880196636787
298.15,-1.10376349074286
298.15,-1.16966205938431
298.15,-1.23632876583558
298.15,-1.09634128210782
298.15,-1.15076942509613
298.15,-1.09154730861895
298.15,-0.924114690650652
298.15,-0.815066045748239
298.15,-1.08021892290752
298.15,-1.18545621390654
298.15,-0.915378872762868
298.15,-1.16448295410248
298.15,-0.644721120790725
298.15,-1.06981125243177
298.15,-0.902515789061327
298.15,-0.897704719611612
298.15,-0.900014912225497
298.15,-0.922679438160726
298.15,-0.974814802479754
298.15,-0.622169000945763
298.15,-0.696379993161539
298.15,-0.593427034098421
298.15,-0.236885153833381
298.15,-0.154181200780503
298.15,0.125814223792011
298.15,-1.62837744608476
298.15,-0.953441304313984
298.15,-0.594620632154357
298.15,-0.801324636832033
298.15,-0.78596352146762
298.15,-0.616758988645275
298.15,-0.495855042742751
298.15,-0.657516009913172
298.15,-0.465337134388164
298.15,-0.519394629068958
298.15,-0.569236402861635
298.15,-0.340879416004541
298.15,-0.350217641395462
298.15,-0.497403459041335
298.15,-0.400278226435679
298.15,-0.166179228842011
298.15,0.022303363222801
298.15,-0.310012458628767
298.15,-0.216382129800918
298.15,-0.083880945842179
298.15,0.059969977031133
298.15,0.269463667412144
298.15,0.42200472374997
298.15,-1.48893983544436
298.15,-1.38347094387272
298.15,-1.81609566967522
298.15,-1.47517517201409
298.15,-1.45052029411349
298.15,-1.49143830979372
298.15,-1.59217529722174
298.15,-1.56827657522502
298.15,-1.42725160289395
298.15,-1.34209224169271
298.15,-1.40928669725888
298.15,-1.30892271112636
298.15,-1.44140987440922
298.15,-1.53820265737519
298.15,-1.28865470750372
298.15,-1.51606973527749
298.15,-1.2543859870525
298.15,-1.2181453794955
298.15,-1.20690587948129
298.15,-1.24393911374256
298.15,-1.16253681798454
298.15,-1.16798064564326
298.15,-1.10794140083049
298.15,-0.670686381264385
298.15,-0.506411747102187
298.15,-0.421813997910997
298.15,-0.38386632142224
298.15,-0.241954762145768
298.15,-0.459333968832021
298.15,-0.487737627045969
298.15,-1.67083238940824
298.15,-1.73225625743116
298.15,-1.97891756629924
298.15,-1.66960491428057
298.15,-1.73608412170285
298.15,-1.67467546517775
298.15,-1.7126821932053
298.15,-1.73928419205084
298.15,-1.50449928707606
298.15,-1.58705331365527
298.15,-1.38744670864124
298.15,-1.68989146786484
298.15,-1.60813133273745
298.15,-1.71151781134593
298.15,-1.73444580832924
298.15,-1.75860842202928
298.15,-1.51360309621642
298.15,-1.43781152146229
298.15,-1.42643245965911
298.15,-1.29023425804041
298.15,-1.31312995429749
298.15,-0.971375813446523
298.15,-1.15607947353356
298.15,-1.04436144111829
298.15,-1.08836590086329
298.15,-1.08272022422775
298.15,-1.00792999922837
298.15,-1.00961578656106
298.15,-0.996117632984029
298.15,-0.875014827938365
298.15,-0.844598914796047
298.15,-0.734924845874771
298.15,-0.562953375714089
298.15,-0.280212888822169
298.15,-1.23735333235254
298.15,-0.819629883995402
298.15,-1.04422780438074
298.15,-0.816709650161333
298.15,-0.895354332878848
298.15,-0.767240329384474
298.15,-0.522202805735721
298.15,-0.808284813129261
298.15,-0.629549214666844
298.15,-0.762324922722767
298.15,-0.600594882143458
298.15,-0.677424744454041
298.15,-0.645647280758945
298.15,-0.798732263325333
298.15,-0.829018625081489
298.15,-0.693115364084697
298.15,-0.687122017919491
298.15,-0.711933129702946
298.15,-0.703533575838102
298.15,-0.804884568799873
298.15,-0.630545784516008
298.15,-0.741726446172036
298.15,-0.683002029066531
298.15,-0.514870723274581
298.15,-0.424073449219219
298.15,-0.505595854226284
298.15,-0.499235325521593
298.15,-0.318991996144844
298.15,-0.366142400409737
298.15,-0.356153564004559
298.15,-0.217450994986678
298.15,-0.325580658148253
298.15,0.140347358040321
298.15,-1.15584597408156
298.15,-1.23672265750747
298.15,-0.372210860541871
298.15,-0.592065694396748
298.15,-0.487712183615004
298.15,-0.251359166057673
298.15,-0.300431289792996
298.15,-0.487251833169275
298.15,-0.337150581027383
298.15,-0.058190595863788
298.15,-0.499403102112401
298.15,-0.125265193005221
298.15,-0.509747129498175
298.15,-0.224368448199081
298.15,-0.531257713630882
298.15,-0.204440038269124
298.15,-0.12554730012025
298.15,-0.260268588909729
298.15,-0.127484879272952
298.15,-0.139805197691874
298.15,-0.160253501455565
298.15,-0.171054361103242
298.15,-0.210308561329249
298.15,1.00854030240815
298.15,1.03099812951238
298.15,0.862775773356953
298.15,-0.552670864918123
298.15,0.85360586723241
298.15,-1.5860494258508
298.15,-1.8673064344389
298.15,-1.75218152570845
298.15,-1.56978290246101
298.15,-1.68284498965693
298.15,-1.61402711805051
298.15,-1.53340041683684
298.15,-1.5234103297418
298.15,-1.43233862698224
298.15,-1.31729200762447
298.15,-1.3994462138934
298.15,-1.02134634039852
298.15,-1.26331020415192
298.15,-1.09689536686698
298.15,-1.19992169565042
298.15,-0.820833057581258
298.15,-0.710125759448791
298.15,-1.73765603095026
298.15,-0.981372030281999
298.15,-1.19085202220213
298.15,-1.00151275729439
298.15,-1.27232944564115
298.15,-1.00382919979502
298.15,-1.00650178965634
298.15,-0.88960840267916
298.15,-1.13343400605383
298.15,-1.1026079301404
298.15,-0.884138724610099
298.15,-0.977335934611968
298.15,-0.947078468153952
298.15,-1.03270515227881
298.15,-0.783227767194005
298.15,-1.00037387819932
298.15,-1.05288901986593
298.15,-0.995850059039018
298.15,-0.954572705079889
298.15,-0.995755951360282
298.15,-0.77172353377049
298.15,-0.892653204497632
298.15,-0.814949249684935
298.15,-0.609839045691512
298.15,-0.430043117615672
298.15,-0.778409921525418
298.15,-0.676404450731977
298.15,-0.641367967115176
298.15,-0.46628153879048
298.15,-0.431835678542462
298.15,-0.422100131546551
298.15,-0.267300512222066
298.15,-0.158310196620332
298.15,-0.001111545333958
298.15,-1.651
298.15,-1.523
298.15,-1.097
283.15,-1.27645648855857
288.15,-1.21516136741451
293.15,-1.15125293812426
298.15,-1.09014447695006
303.15,-1.02913886594927
308.15,-0.966683058702492
313.15,-0.901765051342214
318.15,-0.840811000155987
298.15,-0.685230805950664
298.15,-0.579301241218833
298.15,-0.290864678925455
298.15,-0.201318899751713
298.15,-0.395071108227344
298.15,-0.249129724567025
298.15,-0.163661620566611
298.15,-0.099645529082059
298.15,0.053490464197867
298.15,-0.225119180700932
298.15,-0.133908691088177
298.15,-0.019281524443736
298.15,-0.25878216086261
298.15,-0.116467886088194
298.15,-0.065896328904324
298.15,-0.134117049376016
298.15,-0.182834029741404
298.15,-0.192118870736501
298.15,-0.034045314309809
298.15,0.069083914679589
298.15,0.18985628658588
298.15,0.31056703544993
298.15,-1.61621904124215
298.15,-1.5216610378784
298.15,-0.851705115933243
298.15,-0.916107932752751
298.15,-1.01111548399821
298.15,-1.0313511943527
298.15,-0.931257027306541
298.15,-0.973883148770927
298.15,-0.844046180125491
298.15,-0.830751022459268
298.15,-0.885938503850555
298.15,-0.984322273734255
298.15,-0.862302444999702
298.15,-0.741580177781321
298.15,-0.493057151788875
298.15,-0.587135513756255
298.15,-0.457422426523346
298.15,-0.331320964119685
298.15,-0.233130355305181
298.15,-0.224585420623746
298.15,-0.044949050241465
298.15,0.097206503508948
298.15,0.272210532709764
298.15,-1.59139806489716
298.15,-1.37245754027414
298.15,-1.45279758359252
298.15,-1.38347508776543
298.15,-1.5895081637096
298.15,-1.39993689066024
298.15,-1.38604056208851
298.15,-1.32451926109796
298.15,-1.38653111216712
298.15,-1.37118991783018
298.15,-1.42517465604883
298.15,-1.30799082708087
298.15,-1.41936818408204
298.15,-1.28368968087251
298.15,-1.11677358992137
298.15,-1.24362167362201
298.15,-1.24519388437978
298.15,-0.850152836861908
298.15,-0.906210786810424
298.15,-0.962919632169624
298.15,-1.00352696488784
298.15,-0.954980321977598
293.15,-1.99262280589619
298.15,-1.93778442698851
303.15,-1.90172912924127
308.15,-1.83880111381297
313.15,-1.7939689283368
293.15,-0.251086150231694
298.15,-0.218368484765975
303.15,-0.184358540083413
308.15,-0.134897625566599
313.15,-0.10302672318145
278.15,-0.450989561246887
293.15,-0.058047610126409
283.15,-0.308483104965763
313.15,0.476287793409345
288.15,-0.169035070821225
298.15,0.125886449760661
303.15,0.254648158626138
308.15,0.3773648628962
318.15,0.625681379049249
298.15,-0.799559030834718
298.15,-1.10853914494426
298.15,-0.776537813625264
298.15,-0.674227243130083
298.15,-0.686374892959067
298.15,-0.629533217653601
298.15,-0.803546801300666
298.15,-0.541847328786746
298.15,-0.462248454751865
298.15,-0.437657850589683
298.15,-0.166847736073556
298.15,-0.731534920868598
298.15,-0.588933891230917
298.15,-0.651677625643037
298.15,-0.511302711801908
298.15,-0.644862382398852
298.15,-0.302822630954864
298.15,-0.566866009507548
298.15,-0.678095735133956
298.15,-0.725057276451329
298.15,-0.640537081497804
298.15,-0.40586557983863
298.15,-0.781841084076596
298.15,-0.489292683784961
298.15,0.123450698740325
298.15,0.325509151206122
298.15,-2.98799507536885
303.15,-2.94526918535336
308.15,-2.88880534075873
313.15,-2.85375661229779
293.15,-3.04578372429422
298.15,-1.34273973923007
298.15,-1.30234431142496
298.15,-1.2362117503149
298.15,-1.19042858248418
298.15,-1.17163292444861
298.15,-0.987829119740499
298.15,-0.953442664646524
298.15,-0.719073072956045
298.15,-0.579519291556731
298.15,-0.547307735442869
298.15,-0.505904585088542
298.15,-0.49127694681542
298.15,-0.408890528873998
298.15,-0.061529248687056
298.15,-0.039285325316077
298.15,0.004439616492456
298.15,0.017695879480288
298.15,0.102723366079583
298.15,0.401877910366246
298.15,0.808628617523746
298.15,-1.42685493410834
298.15,-1.23170363561459
298.15,-1.12543091850565
298.15,-1.0204078254963
298.15,-0.968110627639747
298.15,-0.838759562951529
298.15,-0.772131736299153
298.15,-0.535364013503575
298.15,-0.52671120493536
298.15,-0.392060293963925
298.15,-0.302066727754537
298.15,-0.161503326945604
298.15,-0.103033764352537
298.15,-0.036007707217121
298.15,-0.027038674938732
298.15,-0.024423068030494
298.15,0.105179121993246
298.15,0.254763895900926
298.15,0.693693716377895
293.15,-1.80725384127953
298.15,-1.69599689440258
303.15,-1.58817673636338
308.15,-1.50499717582486
313.15,-1.43164267960118
293.15,-3.73064847836108
298.15,-3.62072700052806
303.15,-3.5436425056252
308.15,-3.45427351095755
313.15,-3.37916857325007
313.15,-1.34172529668004
278.15,-1.32303978811957
303.15,-1.32428951902065
298.15,-1.29451473621234
283.15,-1.31354488389273
293.15,-1.31564859291288
288.15,-1.30433377243896
308.15,-1.30739890171588
293.15,-0.156467264746628
298.15,-0.05912711178798
303.15,-0.020209526484739
308.15,0.073303630984497
303.15,-0.343227870431524
293.15,-0.491134439039942
298.15,-0.397207839900212
308.15,-0.279101861054279
313.15,-0.218429122330235
320.3,-0.29631181218963
334.8,-0.163197548110162
346.9,-0.058409001437046
351.6,0.01198712155371
352.7,0.023780855894372
355.9,0.064219781889647
358.2,0.09907461865686
360.8,0.143794793456717
363.2,0.199126483075079
363.7,0.212435213491903
278.2,-1.03685251251114
283.9,-0.920644220917544
291.0,-0.794070352868649
298.3,-0.673192024603113
316.1,-0.398367526969151
337.2,-0.025646200113905
346.7,0.195269441699595
352.6,0.383635556086342
356.2,0.55238026929189
291.1,-1.67734175821615
290.9,-1.19237278416729
290.8,-0.967464812265226
290.6,-0.815758594187814
290.6,-0.803177208250939
290.7,-0.7909589739408
291.0,-0.779120468402598
292.2,-0.767920776682425
293.0,-0.756840949313734
293.7,-0.741443338413618
304.4,-0.576749447743569
315.0,-0.424933631204844
319.9,-0.341355724597588
331.5,-0.144790978791607
334.7,-0.084406542491216
341.5,0.052717926901623
350.9,0.286817348676942
303.7,-0.418399759574827
323.1,0.003129545037776
332.0,0.311641595514413
338.1,0.645742090638741
341.8,0.900662872236144
344.8,1.06301311462362
347.1,1.17731084637514
281.3,-0.073515095615807
289.7,0.035834606869223
300.1,0.18339130559034
307.9,0.306171743254238
314.6,0.412511878602742
320.2,0.509204577520921
325.2,0.599423501731165
329.4,0.682908021325358
337.6,0.856800885411315
344.6,1.03470862370714
309.3,-0.324499674585984
321.1,-0.068951707566094
328.8,0.118052324305385
335.6,0.338181065645314
349.6,0.921674513658384
311.23,-0.676948454999274
319.3,-0.669559907412485
326.3,-0.66246407395117
339.65,-0.640822558884949
341.75,-0.635703526953046
346.53,-0.620022034402393
347.15,-0.61795557925974
347.7,-0.616835296525719
350.97,-0.609252385922229
351.44,-0.597926373177034
353.4,-0.592737854443729
303.25,-2.07780307070093
320.6,-1.89199874673166
324.86,-1.85553626537374
325.25,-1.85256914494985
332.4,-1.79278684575801
335.25,-1.76716401165405
338.13,-1.74159776811831
340.85,-1.7167688107666
351.55,-1.61740051244273
351.63,-1.61547257770784
354.75,-1.58871651121146
356.8,-1.56918619210764
363.35,-1.50819255685094
322.75,-2.31023653915319
325.25,-2.25626064017703
329.45,-2.16472348274143
333.77,-2.08012022153167
337.45,-2.00815194380279
340.55,-1.94780310626012
342.39,-1.91246524194143
343.8,-1.88513953552511
344.95,-1.86292374133398
348.4,-1.79618868041757
350.76,-1.75080809872329
353.63,-1.69582231232091
355.03,-1.66896042042322
357.05,-1.63040392866972
361.55,-1.54470457913079
278.15,-3.48987447415096
283.23,-3.31104342638173
293.37,-3.1270208517962
298.63,-2.91115923161463
303.27,-2.72184213375823
308.25,-2.5983432045804
313.23,-2.39062271545371
317.84,-2.21469994010044
322.77,-3.06914643246502
328.2,-2.96909126584475
332.96,-2.80125116291079
337.55,-2.59451250253727
342.04,-2.46578844154672
347.2,-2.27008257905929
306.25,-3.74323416205835
320.85,-3.44591394569082
334.25,-3.13740628359047
341.75,-2.88450135436038
343.85,-2.80135594207547
351.15,-2.63624564749875
355.05,-2.50476744237566
278.15,-3.34627705598813
283.16,-3.12364202098448
288.6,-2.8846693839521
295.4,-2.54717679312942
298.15,-2.44085399617247
303.55,-2.1719387545948
308.35,-2.01381099615918
313.15,-1.79294611179378
317.98,-1.58900820226439
323.05,-1.44874448506192
328.05,-1.22461044526599
294.13,-3.14669714690829
298.63,-2.94703393802709
303.45,-2.69786647551967
308.95,-2.36111712719786
313.15,-2.21417208000413
318.15,-1.99493135418877
323.15,-1.76057538199257
327.71,-1.54924629449839
332.15,-1.42382086891618
293.73,0.670365364121239
298.15,0.135238262770458
303.15,0.244173649880239
308.24,0.276589295696801
313.04,0.317915988094501
317.87,0.355960558883181
321.76,0.386813027906111
327.96,0.435637577941814
333.06,0.492487259005809
338.13,0.545503773926868
278.15,-3.47739992577688
283.25,-3.34909850605407
288.26,-3.19014845001577
296.15,-3.01322099024281
299.43,-2.94936880473213
303.6,-2.86739996467688
308.44,-2.78117421580272
313.15,-2.62410066194882
317.97,-2.55797451784592
323.15,-2.46968855260426
332.99,-2.36257592396401
333.15,-2.36370231211511
298.3,0.331377982861062
308.4,0.414712916113797
318.3,0.50350175473713
328.2,0.568438012609714
338.0,0.638938694492795
348.3,0.685433695168223
358.6,0.746329651363465
293.15,-1.98645627393957
298.15,-1.93111473732339
303.15,-1.87851122960137
308.15,-1.8184676544971
313.15,-1.75193582792273
318.15,-1.69089092707636
323.15,-1.62741568361302
328.15,-1.55618679840732
332.15,-1.49524836004251
303.2,-0.760148143577537
313.2,-0.641824160436407
323.2,-0.538290035802324
333.2,-0.449254238713742
343.2,-0.386031105380317
353.2,-0.318113662885755
363.2,-0.254937543421534
303.2,-2.16840641666868
313.2,-2.10082501618122
323.2,-2.04255669790294
333.2,-1.96216285119521
343.2,-1.94859260595443
353.2,-1.83860439360575
363.2,-1.76681363152372
296.35,0.008095542896202
298.85,0.033517629956905
303.55,0.077146898963655
307.05,0.111103533073495
310.25,0.138912974126555
313.65,0.171864072865356
316.95,0.200609747754666
320.45,0.232132047645396
323.55,0.258879018338041
326.55,0.287361749259967
331.25,0.331503523055346
336.25,0.378464032942258
340.75,0.422710070062835
343.55,0.451953578810355
345.25,0.467501270429729
346.55,0.48216171369394
313.2,-1.54018705337602
323.2,-1.27692557858725
333.2,-1.09263441200525
343.2,-0.948134526566464
353.2,-0.842909487657474
363.2,-0.761634289002018
313.2,-1.68661629860265
323.2,-1.6433522566982
333.2,-1.54693295690208
343.2,-1.47913423905282
353.2,-1.38910877109082
363.2,-1.28871015989784
304.15,0.481001756250564
308.15,0.542940377294598
312.94,0.611690806110736
318.25,0.690891915328332
323.05,0.766454574369986
332.65,0.912788274360049
337.55,0.996309715903032
300.75,0.703165141099712
305.05,0.724789175739963
308.67,0.750715772320233
311.23,0.781591984492417
316.0,0.817401651325154
321.3,0.8519572726664
325.7,0.884964706644104
329.95,0.920227096363392
335.05,0.960621957561959
342.1,1.03273620485966
312.15,-0.054670964081355
318.53,0.074238342400401
322.57,0.160659321126835
328.25,0.251760312011292
332.26,0.335421170195004
336.95,0.420275946143807
341.0,0.497188752074546
345.35,0.588522566882857
349.54,0.678178949575314
353.05,0.74935991172622
312.32,-0.728367916143088
316.94,-0.585605402931654
322.18,-0.441907357158483
327.8,-0.296779579877027
332.0,-0.189318250206962
336.15,-0.095173344340646
340.95,0.036612568321735
345.65,0.143021029836181
349.65,0.253934028995812
354.51,0.39348355867751
305.35,0.199782181762762
316.55,0.326923670679683
321.49,0.381380267823716
326.85,0.433593188896268
332.29,0.485060029735157
337.75,0.546751915208817
341.76,0.591632795616912
345.6,0.64129338257532
349.84,0.695579535688386
354.55,0.756201877369725
314.7,-0.679785422124319
319.15,-0.620254284259086
324.7,-0.520290552393521
328.95,-0.456673157365271
333.55,-0.369658977491604
338.45,-0.28791063929369
342.5,-0.227519346920044
347.6,-0.162923732054708
350.96,-0.114054176197732
354.85,-0.060625193282124
302.46,0.979023083621877
307.64,1.02039448545182
309.7,1.03879304885562
313.75,1.07302352666757
317.39,1.09951401348804
320.18,1.12713046988823
326.75,1.18263407480005
330.93,1.21547739341739
335.8,1.26125357593122
340.75,1.3071335985478
298.0,-3.00155184865212
313.2,-4.296575881517
323.2,-4.10547328938409
333.2,-3.91073730294631
343.2,-3.64938763732628
353.2,-3.42047304659038
313.2,-4.81490069878328
318.2,-4.67384239080919
323.2,-4.51262167767953
328.2,-4.3889580077443
313.2,-4.94507830560142
323.2,-4.72173369883201
333.2,-4.47122988037287
343.2,-4.23595524024204
353.2,-3.98024619071407
363.2,-3.7280785740467
313.0,-4.85755371982483
323.0,-4.58776246044847
333.0,-4.33969465280052
343.0,-4.10410858017614
353.0,-3.85811005374817
363.0,-3.64513970663103
313.2,-3.46029223826909
333.2,-3.08393729303199
353.2,-2.6814446944141
363.2,-2.49855809897897
295.65,0.241145152451247
298.75,0.289039587085285
303.05,0.352683557933643
307.55,0.415425287016077
311.05,0.467314492749841
315.55,0.529680233670712
320.45,0.602888858325366
324.55,0.662086311875136
326.85,0.700856645755975
328.95,0.731970976988849
331.65,0.777211911693911
333.05,0.801684511508211
335.05,0.838156237866772
335.55,0.851342900621617
293.15,-3.67663
298.15,-3.56901
303.15,-3.40615
308.15,-3.29927
313.15,-3.20201
298.0,-2.62305
343.0,-2.50958
353.0,-2.28123
363.0,-2.0796
373.0,-1.90117
383.0,-1.75599
393.0,-1.61565
403.0,-1.49026
321.95,-2.70199
327.45,-2.46007
329.44,-2.32129
331.61,-2.2931
334.01,-2.17996
336.96,-2.08265
339.68,-2.03314
341.72,-1.94566
343.83,-1.89082
347.4,-1.85393
350.2,-1.76847
298.0,-2.9092
313.0,-1.4708
373.0,-0.05028
423.15,0.32624
413.15,0.19169
403.15,0.04571
393.15,-0.08904
383.15,-0.25885
373.15,-0.31041
363.15,-0.52366
353.15,-0.67632
343.15,-0.86628
333.15,-1.05019
323.15,-1.0754
313.15,-1.35549
303.15,-1.55823
313.2,-3.40342
333.2,-3.06701
353.2,-2.74299
373.2,-2.4099
393.2,-2.06862
412.2,-1.72161
433.2,-1.38435
313.2,-6.08285
333.2,-5.53053
353.2,-4.96702
373.2,-4.40875
393.2,-3.8865
413.2,-3.35786
423.2,-3.09112
298.0,-5.21515
323.0,-4.60757
373.0,-3.27854
423.0,-2.08828
473.0,-1.04168
313.2,-4.82438
333.2,-4.39604
353.2,-3.83348
373.2,-3.38795
393.2,-2.93592
413.2,-2.5121
433.2,-2.07683
298.2,-5.06342
308.2,-4.96214
318.2,-4.86015
328.2,-4.71072
338.2,-4.57554
313.2,-4.79356
333.2,-4.34019
353.2,-3.90256
373.2,-3.44642
393.2,-2.96395
413.2,-2.53951
433.2,-2.08204
453.2,-1.67665
298.0,-2.35342
323.0,-1.52816
348.0,-1.16633
373.0,-1.04814
398.0,-0.73743
313.0,-4.40831
333.0,-3.98048
353.0,-3.53244
373.0,-3.16359
393.0,-2.71788
413.0,-2.33329
433.0,-1.86904
298.2,-2.06483
308.2,-1.94998
318.2,-1.8879
393.0,-0.61019
413.0,-0.39194
423.0,-0.34028
433.0,-0.21126
443.0,-0.0171
298.0,-6.34806
313.0,-6.18341
333.0,-5.64072
353.0,-5.13132
373.0,-4.61427
393.0,-4.09858
433.0,-3.10073
453.0,-2.62636
473.0,-2.20726
483.0,-1.98415
298.0,-6.38731
298.0,-6.34806
323.0,-6.03033
373.0,-4.76903
423.0,-3.33408
473.0,-1.99895
313.0,-4.72114
333.0,-4.24073
353.0,-3.76562
373.0,-3.29691
393.0,-2.84049
413.0,-2.29856
423.0,-2.19744
313.2,-7.29895
333.2,-6.86325
353.2,-6.21883
373.2,-5.58248
393.2,-5.04813
413.2,-4.56068
433.2,-4.0327
453.2,-3.5639
473.2,-3.157
493.2,-2.75618
298.15,-5.18784
298.15,-4.72489
313.0,-5.39862
333.0,-4.95428
353.0,-4.49572
373.0,-4.08106
393.0,-3.67332
413.0,-3.26849
433.0,-2.83083
273.45,-7.52993
278.15,-7.41546
283.15,-7.25821
288.15,-7.13123
293.15,-7.00021
298.15,-6.86521
303.15,-6.73697
308.15,-6.60227
313.15,-6.45485
318.15,-6.309
323.15,-6.1866
313.2,-6.54044
333.2,-5.99341
353.2,-5.45984
373.2,-4.8662
393.2,-4.36553
413.2,-3.90471
433.2,-3.41403
453.2,-2.82558
373.0,-3.92394
393.0,-3.09576
413.0,-2.71975
423.0,-2.4478
433.0,-2.30909
308.15,-0.41881
313.15,-0.35701
318.15,-0.2702
323.15,-0.23873
333.15,-0.13454
343.15,-0.05302
353.15,0.00437
363.15,0.07033
373.15,0.12063
383.15,0.19062
393.15,0.2483
403.15,0.31984
323.14,-1.64627
333.14,-1.55676
343.14,-1.48732
353.14,-1.42725
363.14,-1.35488
373.14,-1.32033
383.14,-1.24713
393.14,-1.18495
403.14,-1.12833
353.15,-3.42286
363.15,-3.19197
373.15,-2.97334
383.15,-2.70272
393.15,-2.49374
398.15,-2.37951
403.15,-2.24456
277.6,-1.90261
282.7,-2.08899
297.7,-1.80549
308.4,-1.42414
324.9,-0.94825
331.2,-0.79974
298.75,-2.13457
314.65,-1.78711
334.95,-0.84129
355.25,-0.38147
375.35,-0.06872
395.65,0.13766
415.85,0.27175
298.0,-6.17736
298.0,-6.22716
323.0,-5.681
373.0,-4.31994
373.0,-4.38209
373.0,-5.27418
413.0,-2.08961
423.0,-1.94366
428.0,-1.83151
433.0,-1.72447
443.0,-1.58371
298.0,-4.47121
298.15,-6.72465
313.0,-6.99888
333.0,-6.48285
353.0,-5.90632
373.0,-5.32042
393.0,-4.73833
413.0,-4.19343
433.0,-3.72579
453.0,-3.22131
463.0,-2.95438
468.0,-2.86684
393.0,-1.01312
413.0,-0.66425
423.0,-0.45062
433.0,-0.21126
443.0,0.14153
333.0,-7.33713
353.0,-6.68258
373.0,-5.93374
393.0,-5.33186
413.0,-4.72325
433.0,-4.11461
453.0,-3.51465
473.0,-2.93923
483.0,-2.73226
383.15,-3.38489
393.15,-2.97652
403.15,-2.78886
413.15,-2.41016
423.15,-1.95129
433.15,-1.73678
443.15,-1.51154
298.0,-8.77942
323.0,-7.79839
373.0,-6.95197
423.0,-5.21869
473.0,-3.62228
453.4,-5.0265
462.9,-4.85914
473.9,-4.73579
498.6,-4.3874
508.2,-4.11691
522.5,-3.71518
549.0,-3.38905
563.5,-3.08336
573.0,-2.86333
583.5,-2.67221
592.9,-2.39866
313.2,-7.37985
333.2,-6.72636
353.2,-6.20359
373.2,-5.66485
393.2,-5.05318
413.2,-4.46716
423.2,-4.21877
298.0,-1.22265
323.0,-0.75835
348.0,-0.36411
373.0,-0.06223
398.0,0.06673
383.15,-3.85116
393.15,-3.71795
403.15,-3.24071
413.15,-3.00604
423.15,-2.74892
433.15,-2.50214
443.15,-2.31097
293.2,-4.44129
298.2,-4.38722
303.2,-4.284
308.2,-4.22695
313.2,-4.17198
298.0,-4.18709
373.0,-3.52221
403.0,-3.09759
413.0,-2.96549
423.0,-2.82892
433.0,-2.56553
443.0,-2.52084
453.0,-2.48133
473.0,-2.32469
383.15,-3.98149
393.15,-3.92443
403.15,-3.78478
413.15,-3.64064
423.15,-3.37365
433.15,-3.15918
443.15,-2.97826
383.15,-1.73043
393.15,-1.6378
403.15,-1.58919
413.15,-1.49638
423.15,-6.32218
433.15,-1.12406
443.15,-0.94759
298.15,-6.22151
363.15,-4.8999
373.15,-4.68032
383.15,-4.48873
393.15,-4.25799
403.15,-4.20895
433.2,-6.65581
453.2,-6.08601
473.2,-5.45567
493.2,-4.67262
513.2,-3.94202
298.0,-1.02792
323.0,-0.79863
373.0,-0.4798
423.0,-0.19903
448.0,-0.10052
473.0,-0.00485
297.93,-0.45625
302.7,-0.35955
306.65,-0.30365
311.67,-0.22298
315.2,-0.16349
319.33,-0.1041
323.49,-0.03908
326.57,0.00706
329.3,0.04765
332.85,0.09681
335.77,0.16204
339.55,0.2171
344.53,0.27171
347.65,0.31705
303.0,-0.33502
313.0,-0.18156
323.0,0.02632
333.0,0.19213
343.0,0.33708
353.0,0.45025
363.0,0.62524
373.0,0.75553
383.0,0.874
292.75,-0.99296
294.55,-0.97006
297.23,-0.86451
298.75,-0.84072
302.35,-0.79998
304.09,-0.77672
312.55,-0.6306
318.4,-0.47607
327.55,-0.35414
339.05,-0.17248
349.85,0.0163
355.15,0.12637
303.0,-0.89967
313.0,-0.73391
323.0,-0.50811
333.0,-0.31951
343.0,-0.13334
353.0,0.00527
363.0,0.15186
373.0,0.28565
383.0,0.38031
393.0,0.46798
298.8,-1.79332
301.35,-0.99138
306.43,-0.75682
308.75,-0.58822
311.95,-0.42448
317.65,-0.27408
322.9,-0.176
329.45,-0.07101
334.75,-0.00105
340.1,0.06519
344.9,0.12732
352.47,0.21582
303.0,-0.84338
313.0,-0.48322
323.0,-0.20225
333.0,-0.0618
343.0,0.11043
353.0,0.21196
363.0,0.32665
373.0,0.43627
383.0,0.54482
393.0,0.63033
278.15,-1.1622
283.15,-1.09968
288.15,-0.96468
293.15,-0.87687
298.15,-0.76807
303.15,-0.67483
308.15,-0.57911
313.15,-0.46454
318.15,-0.33206
323.15,-0.22262
328.15,-0.07667
333.15,0.07569
338.15,0.13099
303.0,-0.65352
313.0,-0.47819
323.0,-0.30261
333.0,-0.08338
343.0,0.08661
353.0,0.23699
363.0,0.34422
373.0,0.42842
383.0,0.5069
393.0,0.57699
403.0,0.66109
323.0,-4.07292
348.0,-3.58736
373.0,-2.92315
294.75,1.051
298.75,1.0637
301.05,1.07125
302.15,1.07726
306.35,1.08732
310.05,1.09884
312.15,1.10602
316.55,1.1214
319.35,1.13267
323.35,1.14893
325.65,1.15792
329.05,1.17216
331.85,1.18698
336.45,1.21012
340.05,1.22795
343.35,1.24903
346.05,1.26855
348.75,1.28917
351.25,1.30759
355.55,1.34878
358.05,1.3731
362.85,1.42314
366.85,1.47426
369.65,1.51825
281.15,-1.75875
295.65,-1.52701
300.15,-1.47002
305.15,-1.40256
309.65,-1.39408
318.15,-1.23225
333.15,-1.01811
337.15,-0.92753
297.75,-1.56171
315.55,-1.29052
330.95,-1.05244
347.25,-0.77629
356.25,-0.59496
361.45,-0.48058
366.35,-0.3308
298.0,-0.90922
323.0,-0.57113
348.0,-0.22449
373.0,0.35011
393.15,-0.08904
383.15,-0.25885
373.15,-0.30993
363.15,-0.46907
353.15,-0.64393
343.15,-0.83601
333.15,-1.00462
323.15,-1.1048
313.15,-1.30915
303.15,-1.46476
299.35,-1.45919
304.75,-1.41783
310.05,-1.37029
316.95,-1.29456
321.25,-1.25502
326.85,-1.16953
332.45,-1.06242
337.75,-0.95684
343.25,-0.85013
349.15,-0.73368
355.35,-0.60086
360.65,-0.47949
283.15,-2.06245
288.15,-2.00283
293.15,-1.93815
298.15,-1.86374
303.15,-1.77441
308.15,-1.69278
313.15,-1.60359
318.15,-1.5186
323.15,-1.42668
298.0,-1.58516
323.0,-0.45045
348.0,-0.14102
373.0,0.02213
398.0,0.6693
423.0,0.75746
293.15,-0.92843
298.15,-0.90785
303.15,-0.89733
308.15,-0.88065
313.15,-0.87012
318.15,-0.85279
298.75,-0.71925
314.65,-0.54119
334.95,-0.2085
355.25,0.05544
375.35,0.2967
395.65,0.70058
415.85,0.88429
298.75,-1.16029
314.65,-0.87629
334.95,-0.35151
355.25,0.05005
375.35,0.45168
395.65,0.72577
415.85,1.18365
298.0,-8.00127
323.0,-7.35769
373.0,-5.82703
423.0,-4.32014
473.0,-2.95203
323.0,-4.48753
348.0,-3.01041
373.0,-2.63366
398.0,-2.08221
398.0,-2.08465
293.15,-1.76439
298.15,-1.71163
303.15,-1.6597
308.15,-1.60542
313.15,-1.53569
318.15,-1.45805
323.15,-1.38002
328.15,-1.28825
333.15,-1.20721
338.15,-1.12557
343.15,-1.04343
348.15,-0.95409
353.15,-0.87552
358.15,-0.79526
363.15,-0.71477
368.15,-0.62855
370.65,-0.57496
303.2,-1.36353
323.2,-1.14814
333.2,-1.06799
343.2,-0.97724
353.2,-0.89922
363.2,-0.80833
373.2,-0.67355
403.2,-0.59784
423.2,-0.5035
433.2,-0.45536
443.2,-0.42708
453.2,-0.34537
463.2,-0.28369
473.2,-0.19594
313.45,0.56485
316.55,0.57068
319.35,0.57658
322.55,0.58286
327.55,0.59581
330.85,0.60353
334.05,0.61095
336.35,0.61631
338.95,0.62216
344.55,0.63459
349.45,0.64781
351.25,0.65022
354.75,0.65834
358.25,0.66666
359.85,0.67109
364.35,0.68078
367.75,0.68934
370.35,0.69586
298.15,0.53497
303.15,0.54256
308.15,0.5543
313.15,0.56432
318.15,0.57352
323.15,0.58475
328.15,0.59777
333.15,0.60835
338.15,0.62054
343.15,0.63078
348.15,0.64426
353.15,0.65455
358.15,0.66659
363.15,0.67663
368.15,0.68945
370.35,0.69595
296.25,0.10465
300.15,0.15761
306.35,0.23334
308.85,0.27234
312.65,0.31525
317.85,0.38338
321.65,0.42775
322.45,0.43578
326.05,0.48331
329.15,0.52016
331.95,0.55331
335.05,0.59233
337.45,0.62107
338.65,0.63689
340.95,0.66699
341.75,0.67624
353.2,0.62881
357.2,0.65279
361.2,0.68104
365.2,0.70302
369.2,0.73201
373.2,0.75864
377.2,0.78313
381.2,0.8167
385.2,0.84352
389.2,0.86793
393.2,0.89638
397.2,0.91792
401.2,0.95007
405.2,0.977
409.2,1.00273
413.2,1.03168
417.2,1.05952
421.2,1.08671
293.15,0.06492
298.15,0.13014
303.15,0.19434
308.15,0.2628
313.15,0.3245
318.15,0.38432
323.15,0.44479
328.15,0.50877
333.15,0.56778
338.15,0.63149
341.75,0.67628
473.15,-0.79483
463.15,-0.85858
453.15,-0.92642
443.15,-0.99827
433.15,-1.07358
423.15,-1.12998
413.15,-1.21415
403.15,-1.28089
393.15,-1.45979
383.15,-1.5663
373.15,-1.61142
363.15,-1.7147
353.15,-1.74931
343.15,-1.86726
333.15,-1.90126
323.15,-2.03023
313.15,-2.21748
303.15,-2.35429
293.15,-2.63289
298.15,-2.56441
303.15,-2.4538
308.15,-2.36653
313.15,-2.28748
318.15,-2.19099
323.15,-2.09863
328.15,-2.01792
333.15,-1.92129
338.15,-1.8274
343.15,-1.72808
348.15,-1.64596
353.15,-1.54814
358.15,-1.45983
363.15,-1.35486
368.15,-1.25941
371.15,-1.19537
303.2,-2.41466
323.2,-2.01711
333.2,-1.84115
343.2,-1.76604
353.2,-1.71014
403.2,-1.20586
423.2,-1.07936
433.2,-1.03733
443.2,-0.99995
453.2,-0.96857
463.2,-0.90383
473.2,-0.84915
298.0,-3.08728
423.0,-1.68938
473.0,-1.13011
523.0,-0.59973
296.05,-0.43127
298.85,-0.4246
301.25,-0.41628
304.65,-0.40703
307.35,-0.39766
311.85,-0.3809
314.45,-0.37646
318.05,-0.36561
320.25,-0.36117
325.75,-0.34396
328.25,-0.33481
331.55,-0.3251
336.95,-0.31069
340.25,-0.30053
343.15,-0.29301
345.55,-0.28574
351.65,-0.27027
353.75,-0.26285
356.65,-0.25433
359.95,-0.24667
365.65,-0.23049
370.45,-0.2164
303.2,-0.8541
313.2,-0.79232
323.2,-0.70925
333.2,-0.65271
343.2,-0.5822
353.2,-0.53482
363.2,-0.47823
296.35,-0.49154
299.55,-0.43679
303.75,-0.36531
307.05,-0.3133
309.75,-0.27723
312.75,-0.234
316.25,-0.18221
319.65,-0.13759
324.05,-0.08081
328.45,-0.02734
331.55,0.00974
332.65,0.02126
343.2,-0.18834
348.2,-0.13439
353.2,-0.10558
358.2,-0.05441
363.2,-0.03088
368.2,-0.00286
373.2,0.01276
378.2,0.05175
383.2,0.09008
388.2,0.12126
393.2,0.16872
398.2,0.18805
403.2,0.23141
408.2,0.27689
413.2,0.29491
418.2,0.34159
423.2,0.37326
428.2,0.41093
433.2,0.42981
438.2,0.48126
443.2,0.52212
448.2,0.55123
453.2,0.59333
458.2,0.64406
463.2,0.6895
468.2,0.73476
298.0,-2.32145
423.0,-0.92
298.0,-3.99074
423.0,-1.88231
473.0,-1.05546
523.0,-0.21629
348.8,-3.17335
373.4,-2.78473
398.8,-2.33544
422.8,-1.92111
447.1,-1.52286
473.2,-1.07262
497.9,-0.6612
523.7,-0.25015
547.4,0.11733
423.8,-1.8967
472.9,-1.08492
523.2,-0.26773
473.15,-3.10914
463.15,-3.20898
453.15,-3.33816
443.15,-3.40901
433.15,-3.46335
423.15,-3.70687
413.15,-3.7887
403.15,-3.87496
393.15,-4.0074
383.15,-4.16858
373.15,-4.37129
363.15,-4.42606
353.15,-4.48981
343.15,-4.56634
333.15,-4.66102
323.15,-4.78364
313.15,-4.95789
303.15,-4.95639
301.45,-3.55438
308.15,-3.51176
318.35,-3.41482
328.15,-3.31876
338.15,-3.19802
348.15,-3.09077
358.15,-2.99293
368.15,-2.8558
383.15,-2.7481
408.15,-2.51901
420.15,-2.39761
436.15,-2.13407
449.15,-1.99651
453.15,-1.89905
463.15,-1.78176
483.15,-1.68281
298.0,-1.8395
423.0,-0.6357
473.0,-0.16633
523.0,0.29276
292.55,-1.97508
301.85,-1.87183
311.55,-1.75513
321.55,-1.6481
331.35,-1.5315
342.5,-1.39707
352.5,-1.28798
362.05,-1.17947
372.1,-1.07895
300.55,-1.85654
316.55,-1.68812
330.25,-1.53873
338.0,-1.454
347.85,-1.33087
355.35,-1.20696
364.03,-1.11399
370.13,-1.06878
373.2,-0.98852
383.2,-0.90616
393.2,-0.80486
403.2,-0.68598
413.2,-0.58609
423.2,-0.48468
433.2,-0.39411
443.2,-0.29545
453.2,-0.19324
463.2,-0.1124
473.2,-0.02785
373.2,-1.00374
383.2,-0.96592
393.2,-0.94036
403.2,-0.76105
413.2,-0.74965
423.2,-0.62592
433.2,-0.5264
443.2,-0.45557
453.2,-0.38641
313.2,-1.69329
323.2,-1.61325
333.2,-1.50806
343.2,-1.3733
353.2,-1.28718
363.2,-1.16385
295.85,0.36532
299.65,0.36538
303.55,0.3654
309.65,0.36631
313.35,0.3669
317.25,0.36782
322.55,0.3693
329.15,0.37125
332.55,0.3726
337.15,0.37462
341.35,0.37696
345.75,0.37998
349.75,0.38257
351.95,0.38362
354.55,0.3857
357.95,0.38868
362.75,0.39264
365.05,0.39476
370.25,0.40001
298.15,-1.02135
298.0,-1.29615
423.0,-0.50287
298.0,-3.14201
423.0,-0.81536
473.0,0.11549
301.45,-2.96423
314.15,-2.78495
325.15,-2.60387
338.15,-2.40664
349.65,-2.21746
356.65,-2.09848
359.63,-2.04342
366.58,-1.90863
300.15,-2.96787
308.55,-2.89265
318.15,-2.75302
328.25,-2.5728
338.15,-2.4067
348.25,-2.24767
358.05,-2.05533
368.15,-1.87737
381.15,-1.515
393.15,-1.31485
408.15,-1.09668
423.15,-0.86379
438.15,-0.66321
453.15,-0.51157
373.2,-1.52309
383.2,-1.38387
393.2,-1.24651
403.2,-1.08142
413.2,-0.98207
423.2,-0.79871
433.2,-0.6758
443.2,-0.51392
453.2,-0.37017
463.2,-0.2301
473.2,-0.11312
373.2,-1.72651
383.2,-1.56381
393.2,-1.37042
403.2,-1.19042
413.2,-1.06269
423.2,-0.84401
433.2,-0.74739
443.2,-0.57951
453.2,-0.43089
463.2,-0.32585
298.15,-1.37988
308.15,-1.22975
318.15,-1.07877
328.15,-0.9047
338.15,-0.72274
348.15,-0.54452
358.15,-0.35344
368.15,-0.17375
378.15,0.12245
403.15,0.77804
428.15,1.08833
443.15,0.40472
433.15,0.31555
423.15,-0.16235
413.15,-0.23857
403.15,-0.43313
393.15,-0.62617
383.15,-0.83884
373.15,-1.01113
363.15,-1.41959
353.15,-1.56017
343.15,-1.70885
333.15,-1.98425
323.15,-2.11457
313.15,-2.25888
303.15,-2.47924
298.15,-2.55755
313.2,0.66937
323.2,0.77426
333.2,0.95287
343.2,1.0722
353.2,1.27138
363.2,1.60544
373.2,1.82578
383.2,2.01435
313.2,-1.92844
321.2,-1.6244
333.2,-1.43012
343.2,-1.14091
353.2,-0.89744
363.2,-0.77567
373.2,-0.56133
383.2,-0.55893
278.15,-2.28458
283.15,-2.15763
288.15,-2.03054
293.15,-1.88366
298.15,-1.80157
298.0,-1.85849
373.0,-1.12745
303.0,-0.94066
298.0,-1.00698
293.0,-1.07332
273.0,-1.315
283.0,-1.20405
288.0,-1.13666
278.0,-1.26202
303.15,-0.94075
298.15,-1.00698
293.15,-1.07341
273.15,-1.3209
283.15,-1.2043
289.15,-1.1237
288.15,-1.13675
278.15,-1.26192
296.15,-1.03356
293.0,-1.07371
298.0,-1.0078
303.0,-0.94256
373.0,-0.25856
383.0,-0.23948
393.0,-0.22538
403.0,-0.11673
278.15,-2.83432
283.15,-2.69452
288.15,-2.53314
293.15,-2.38005
298.15,-2.26973
303.15,-2.18036
308.15,-2.09586
313.15,-2.02994
318.15,-1.97818
298.0,-2.38728
373.0,-1.40463
283.15,-3.32358
293.15,-3.22581
303.15,-3.1058
323.0,-2.91797
348.0,-2.40265
373.0,-1.94262
298.0,-7.82518
323.0,-7.21939
373.0,-5.79706
453.15,-0.1538
443.15,-0.27798
433.15,-0.39309
423.15,-0.51038
413.15,-0.62483
403.15,-0.73474
393.15,-0.8461
383.15,-0.96106
373.15,-1.07762
363.15,-1.18908
353.15,-1.29992
343.15,-1.41781
333.15,-1.52988
323.15,-1.6487
313.15,-1.76408
303.15,-1.88025
453.15,-0.1317
443.15,-0.25839
433.15,-0.38088
423.15,-0.49675
413.15,-0.61704
403.15,-0.73466
393.15,-0.84603
383.15,-0.96518
373.15,-1.0774
363.15,-1.19947
353.15,-1.31244
343.15,-1.43551
333.15,-1.55511
323.15,-1.66783
313.15,-1.78626
303.15,-1.89897
453.15,-0.0566
443.15,-0.14519
433.15,-0.23807
423.15,-0.33005
413.15,-0.42047
403.15,-0.51546
393.15,-0.60663
383.15,-0.69931
373.15,-0.79048
363.15,-0.88129
353.15,-0.97476
343.15,-1.06685
333.15,-1.1552
323.15,-1.24867
313.15,-1.33458
303.15,-1.42238
473.15,-0.28696
463.15,-0.39236
453.15,-0.49237
443.15,-0.60058
433.15,-0.70292
423.15,-0.80731
413.15,-0.91573
403.15,-1.03667
393.15,-1.14141
383.15,-1.24403
373.15,-1.36319
363.15,-1.46729
353.15,-1.58933
343.15,-1.70191
333.15,-1.82379
323.15,-1.92843
313.15,-2.05365
303.15,-2.16887
473.15,-0.29976
463.15,-0.39297
453.15,-0.50921
443.15,-0.64283
433.15,-0.69298
423.15,-0.80804
413.15,-0.91624
403.15,-1.03874
393.15,-1.15203
383.15,-1.26504
373.15,-1.37094
363.15,-1.48556
353.15,-1.60501
343.15,-1.72109
333.15,-1.8316
323.15,-1.95964
313.15,-2.05473
303.15,-2.17818
330.2,-0.64708
338.3,-0.56009
342.6,-0.50542
348.8,-0.43255
352.5,-0.39369
357.3,-0.34158
361.4,-0.29828
366.1,-0.25256
368.5,-0.22959
319.5,-0.12806
329.7,-0.05137
338.8,0.01686
346.2,0.07145
352.0,0.13853
357.3,0.18655
361.5,0.23085
363.8,0.25628
366.7,0.29197
369.4,0.32602
344.0,-1.30479
349.0,-1.21684
353.0,-1.15164
356.6,-1.09522
361.2,-1.02258
363.6,-0.98542
364.9,-0.96558
366.7,-0.93742
367.0,-0.93291
323.4,-0.96959
332.1,-0.89416
340.5,-0.79912
343.8,-0.77118
350.3,-0.70244
353.8,-0.6721
355.5,-0.65673
357.4,-0.64009
361.9,-0.60202
368.3,-0.55229
296.35,1.04477
301.15,1.05562
305.05,1.06586
307.95,1.07357
311.05,1.08215
314.25,1.09156
318.35,1.10135
321.95,1.11267
327.35,1.13484
333.55,1.1626
338.85,1.19115
343.25,1.21623
347.75,1.24601
351.15,1.27093
355.05,1.29966
359.85,1.3462
364.55,1.39752
369.05,1.45297
371.35,1.4858
298.3,-0.73
308.4,-0.58052
318.3,-0.41189
328.2,-0.27187
338.0,-0.13962
348.3,-0.01255
358.6,0.10208
367.9,0.20364
295.65,-0.1207
298.65,-0.07796
303.35,-0.00933
308.55,0.06479
313.75,0.13415
319.55,0.21494
323.45,0.26696
328.75,0.33059
334.85,0.4099
340.25,0.4751
343.35,0.51525
346.65,0.55699
351.45,0.62024
355.75,0.6819
360.65,0.76147
364.05,0.83356
366.55,0.89523
369.25,0.96207
370.05,0.98851
298.15,0.410287511690034
298.15,0.450111020228878
298.15,-0.261831359938447
298.15,-0.093697263910609
298.15,0.013377696055468
298.15,0.038607560353621
298.15,0.144180707573244
298.15,0.056802858651285
278.15,-3.90525693299735
283.15,-3.7662145357747
288.15,-3.62584504677965
293.15,-3.49462556064602
298.15,-3.39375073792751
303.15,-3.29042708090659
308.15,-3.20065176899168
278.15,-2.99488056177507
313.15,-3.10104916683403
278.15,-2.92243614791669
283.15,-2.84870443025917
318.15,-3.00453778594461
283.15,-2.76192765091833
288.15,-2.73750791088019
278.15,-2.44419291208861
278.15,-2.560252826151
288.15,-2.63323904963369
293.15,-2.63264749788681
278.15,-2.70223358968668
283.15,-2.34150583656194
283.15,-2.43894836721269
293.15,-2.54307475412022
298.15,-2.54797437075136
288.15,-2.24629140643378
283.15,-2.58600851894355
303.15,-2.46973124735042
298.15,-2.45319998029321
288.15,-2.34024499702193
293.15,-2.16256005157407
288.15,-2.48197704749581
308.15,-2.38147786610762
293.15,-2.25260662560741
303.15,-2.36296449961586
298.15,-2.07900414706509
293.15,-2.38711578585686
278.15,-2.38864579361402
313.15,-2.29753876993292
308.15,-2.27582002890649
303.15,-2.0062415616679
298.15,-2.1628584741624
298.15,-2.29916380989557
308.15,-1.92866849954369
303.15,-2.0838769707075
318.15,-2.203198087657
313.15,-2.18634400005166
283.15,-2.26942036289788
303.15,-2.21947601929685
308.15,-2.00269620902336
313.15,-1.83803327218665
318.15,-2.07357586524412
288.15,-2.17370140654401
278.15,-1.87725464951021
308.15,-2.13304399749509
313.15,-1.91005692366049
318.15,-1.74778321731823
293.15,-2.09293912025499
313.15,-2.03917286301953
283.15,-1.78150349784085
318.15,-1.82230836515608
298.15,-1.99655416647756
318.15,-1.95601340791065
288.15,-1.69223826278555
303.15,-1.92039026114269
293.15,-1.592053096839
308.15,-1.84950328369406
298.15,-1.5010260613831
313.15,-1.77390309200072
293.15,-1.70046690085154
318.15,-1.70730673335046
303.15,-1.42490069318903
298.15,-1.62225689682603
308.15,-1.35450137575737
278.15,-1.54450478621108
303.15,-1.53613587818415
283.15,-1.51843585095865
313.15,-1.27788218621131
288.15,-1.49035883763519
308.15,-1.46149454700093
293.15,-1.46220583543875
298.15,-1.42989218286966
318.15,-1.20252196648986
313.15,-1.39429212726109
303.15,-1.39901873250589
308.15,-1.36516791678444
318.15,-1.30992382663927
313.15,-1.3285658328674
318.15,-1.29638430471174
278.15,-0.635429283455845
283.15,-0.613197817215061
288.15,-0.592633279864539
293.15,-0.569094866414265
278.15,-0.646759548816977
298.15,-0.546580638390894
303.15,-0.522824787936481
283.15,-0.588021155698553
308.15,-0.498370488398153
313.15,-0.47218212219344
288.15,-0.533673935851723
318.15,-0.445614500376329
293.15,-0.485902975862575
298.15,-0.435178111783765
303.15,-0.391105150233589
308.15,-0.349687080706524
313.15,-0.302639204581486
318.15,-0.260062110651911
279.4,-2.53777389143607
279.9,-2.49973007006423
290.4,-2.33503154453745
283.2,-2.39543377887946
279.2,-2.15078546611119
279.3,-1.98833238718399
281.5,-2.12867215918272
294.2,-2.21411710503905
281.9,-1.93060059648557
285.8,-2.03883816566976
283.0,-2.12380733389045
298.4,-2.12657018155713
280.1,-2.18853768703074
288.2,-1.83251922897824
291.7,-2.1900793423225
288.8,-1.98694613211901
285.1,-2.04367356996637
283.7,-2.12205369076283
300.9,-2.05119745134559
291.9,-1.92937275824994
294.6,-2.09965890806061
288.8,-1.98256815641674
304.6,-1.98875848848286
297.2,-1.83961157492335
288.6,-2.03065117866211
298.4,-2.01484243139394
307.7,-1.9297226999638
300.7,-1.63276380978207
292.7,-1.91531695566268
297.1,-1.82943868656372
311.0,-1.83860869388258
306.1,-1.54830420479197
307.8,-1.63878083253188
298.2,-1.82069705566051
306.7,-1.79556919304539
314.8,-1.39984473385915
313.0,-1.54422400969329
307.0,-1.63096794279269
319.5,-1.63854046299773
281.7,-1.43688230721935
307.4,-1.62207636735401
318.9,-1.43343542798963
320.7,-1.2738736255394
312.2,-1.53271160882568
324.1,-1.54393889445589
315.7,-1.59249207378097
287.8,-1.31813931618827
323.2,-1.34438114098806
312.6,-1.5276270948484
325.0,-1.17680716032434
319.1,-1.50433948232459
319.4,-1.38703180570126
330.2,-1.38381484746802
295.4,-1.19326169770508
321.3,-1.44360720093803
329.0,-1.21003034973914
320.4,-1.3683830947907
278.9,-1.37544584780029
325.2,-1.26502236471894
282.5,-1.34107562163259
304.8,-1.03911041930809
329.5,-1.25428008212573
288.6,-1.26040775161613
330.2,-1.14435868358721
293.8,-1.19563299423348
312.3,-0.908143438781434
296.6,-1.15522450881543
331.5,-1.13788810207776
301.9,-1.09263022571859
306.3,-1.03830334624506
319.4,-0.761585521573746
310.5,-0.983940793918907
325.0,-0.63747148144375
318.0,-0.887707028750611
322.8,-0.814525308446467
326.9,-0.742943563824629
283.15,-1.41736420779749
283.15,-1.11085576518811
293.15,-1.18550746673166
303.15,-1.009628197766
293.15,-0.899358462434054
283.15,-0.887092737835906
283.15,-0.144902374104565
313.15,-0.87102093512681
303.15,-0.736462183188093
283.15,-0.654799404558799
283.15,-0.506316637371883
293.15,-0.737390365842879
293.15,0.027035650756057
323.15,-0.696569070919692
313.15,-0.573325539988021
303.15,-0.571764667795269
288.15,-0.541412943320982
293.15,-0.462229608926821
303.15,0.184841701734335
293.15,-0.453141254721411
323.15,-0.401031035290714
293.15,-0.179325170561705
283.15,-0.254567247574259
313.15,-0.4178539965855
303.15,-0.314967098763986
283.15,-0.436798156320351
283.15,-0.324229194523106
303.15,-0.297834365359175
313.15,0.382744128897915
283.15,-0.307129627903623
283.15,-0.290308635371409
283.15,-0.206748048163241
288.15,-0.127433232529984
313.15,-0.171574871487592
293.15,-0.283945380809162
323.15,-0.201687778055198
303.15,0.045830154911324
293.15,-0.164360553720079
293.15,0.010443146014356
293.15,-0.143024620193416
293.15,-0.128527701339887
313.15,-0.08152676393552
323.15,-0.025912170154237
293.15,0.01463624324927
323.15,0.640721444316659
303.15,-0.129199107165592
283.15,0.14990933929717
298.15,0.130187899577092
303.15,0.017288734610507
303.15,0.03515293584603
283.15,0.157409787457599
303.15,0.225472138417511
303.15,0.152666679593114
303.15,0.105822197137916
293.15,0.328868745689332
313.15,0.054153137947806
283.15,0.542504997018237
323.15,0.228196845505268
313.15,0.447195776084943
313.15,0.210370336343672
313.15,0.216264055852605
293.15,0.336712002898532
313.15,0.327942995567479
313.15,0.258397892510601
303.15,0.497375819262446
323.15,0.227345248374393
293.15,0.69130608111313
323.15,0.435350040899068
323.15,0.389079800846966
303.15,0.505892443056741
323.15,0.419511212425812
323.15,0.420436133028338
303.15,0.811953745349755
313.15,0.671144832833896
323.15,0.797530856656402
313.15,0.680053801681716
323.15,0.801390368344663
313.15,0.997066783810717
323.15,0.813682334950104
323.15,1.21126186544053
278.15,-6.01212929938293
288.15,-5.82233676264986
298.15,-5.60755871181188
308.15,-5.46154819595087
318.15,-5.27826871829959
278.15,-3.47762437984727
298.15,-3.25363624422036
308.15,-3.14514435866249
288.15,-3.36492009965598
318.15,-3.05031729680272
298.15,-1.04703006158125
298.15,-1.33124694025684
298.15,-0.952011447432955
298.15,-1.09678226404819
298.15,-0.96198628884178
298.15,-0.952539532141525
298.15,-0.812348070089276
298.15,-0.852709709972356
298.15,-0.698943546885025
298.15,-0.772680334341314
298.15,-0.77265559823962
298.15,-0.813125525057814
298.15,-0.647540691957312
298.15,-0.919062211920803
298.15,-0.759648162368421
298.15,-0.68924695868024
298.15,-0.581977645341977
298.15,-0.474485475385511
298.15,-0.315321307781272
298.15,-0.503434733995297
298.15,-1.08245892276044
308.25,-2.14793843350462
318.05,-2.0400242764449
324.45,-1.97053737800371
329.05,-1.92193968392698
331.15,-1.90079685112403
336.15,-1.84977291366707
338.85,-1.82247395543728
345.55,-1.7577978354459
348.24,-1.73259750444467
351.45,-1.70139465656746
307.07,-0.243165685625515
310.61,-0.231777799143442
314.84,-0.215475797761772
319.71,-0.197950626026117
324.55,-0.180740272475717
329.55,-0.162793626028408
334.45,-0.141435098431569
338.54,-0.126436528108872
344.14,-0.105329422047805
348.74,-0.079862511430664
305.15,-2.16863997814774
309.35,-2.08151696040491
313.93,-1.9920618465042
314.93,-1.97233551268001
316.33,-1.9463061394836
318.05,-1.91464695950693
319.7,-1.88478801876489
321.15,-1.85922936528343
325.1,-1.79119524157181
328.97,-1.72762553941555
334.3,-1.64514841785237
337.46,-1.59815262891065
316.84,-1.68383374471318
319.99,-1.64482288795532
324.55,-1.5820024455575
329.73,-1.5141698395209
336.34,-1.43723674119953
340.84,-1.37695677673324
346.14,-1.32635721856139
350.04,-1.27809742411915
355.26,-1.23123758273518
360.96,-1.17405898321703
314.35,-0.647287129957808
318.85,-0.628858280637151
323.5,-0.60934602603459
332.8,-0.567490493356066
335.65,-0.548060811010309
339.2,-0.527484336947889
344.82,-0.497859372566758
349.61,-0.470820013663786
353.9,-0.445028663666058
358.95,-0.419149489514296
301.07,-1.75907936151625
304.98,-1.71897859971335
308.2,-1.67821288721151
311.0,-1.64433107077891
314.13,-1.60820486079465
317.3,-1.57307648491247
321.95,-1.52421298315693
327.37,-1.47080187054093
330.94,-1.43787522234311
337.75,-1.37978303637956
343.45,-1.33591342794818
312.45,-2.65507516719304
316.75,-2.57581222849412
320.25,-2.50623343645874
325.8,-2.4120108179233
330.85,-2.29752393358383
337.15,-2.17527826722345
344.25,-2.07471530658745
351.5,-1.96918719428644
355.15,-1.92637084603159
358.65,-1.88215084017553
312.37,-1.23628963973188
322.17,-1.1152710338789
326.16,-1.07026530500477
328.9,-1.04094170121047
333.48,-0.995494673896081
335.5,-0.966514584714827
337.9,-0.938339206150729
342.14,-0.886737009645239
344.46,-0.860485571957518
346.7,-0.836942732568086
283.15,-2.65688672945198
293.15,-2.58837314212737
303.15,-2.55224171178483
313.15,-2.45712135879511
323.15,-2.37222392445388
283.15,-2.20843558644132
293.15,-2.12529456361952
303.15,-2.03648962043325
313.15,-1.92025526435282
323.15,-1.81347380450893
293.15,-1.77471542392984
303.15,-1.67114627592496
313.15,-1.49884460289522
323.15,-1.38025196993589
283.15,-3.83280688045807
293.15,-3.54467885016688
303.15,-3.4052595523712
313.15,-3.2390100085015
323.15,-3.06070726291455
283.15,-1.88848416863746
293.15,-1.84016236594666
303.15,-1.77456780703854
313.15,-1.74654028519307
323.15,-3.69122726075973
283.15,-1.7024114769052
293.15,-1.60352612869563
303.15,-1.47144116572423
313.15,-1.2955458400404
323.15,-1.27011736863555
283.15,-2.13263468416274
293.15,-2.09960032028111
303.15,-2.03142899940848
313.15,-1.92230653043184
323.15,-1.76683657887835
283.15,-5.71452531402377
293.15,-5.46061737906105
303.15,-5.26420235036988
313.15,-4.99102056941818
323.15,-4.77317691585189
283.15,-4.52251670618262
293.15,-4.35390617338416
303.15,-4.14302943229496
313.15,-3.96315709731742
323.15,-3.78814345542933
293.15,-1.1500544155056
303.15,-1.0728385293271
313.15,-1.03194089081907
323.15,-0.962150186763702
283.15,-2.2286417647724
293.15,-2.1933133372222
303.15,-2.14919770219704
313.15,-2.12989710928502
323.15,-2.06491312363266
283.15,-1.00839563824674
293.15,-0.971452320284954
303.15,-0.936426938731638
313.15,-0.905405882317721
323.15,-0.857482497612422
313.2,-6.75789
333.2,-6.1695
353.2,-5.61387
373.2,-4.97778
393.2,-4.4337
413.2,-3.84983
423.2,-3.58614
273.45,-7.83553
278.15,-7.73203
283.15,-7.58656
288.15,-7.47024
293.15,-7.34468
298.15,-7.20351
303.15,-7.04459
308.15,-6.9127
313.15,-6.76879
318.15,-6.61426
323.15,-6.45197
313.2,-6.7444
333.2,-6.23354
353.2,-5.65526
373.2,-5.13456
393.2,-4.58117
413.2,-4.06088
433.2,-3.57958
448.2,-3.21554
298.15,-7.21199
313.0,-6.73132
333.0,-6.33867
353.0,-5.79822
373.0,-5.22111
393.0,-4.66493
413.0,-4.08968
423.0,-3.82657
298.15,-3.2241
298.2,-3.12148
383.15,-2.07
393.15,-1.92546
403.15,-1.69207
413.15,-1.45553
423.15,-1.14195
433.15,-0.85836
443.15,-0.53545
433.2,-4.35137
453.2,-3.97486
473.2,-3.64193
493.2,-3.23562
513.2,-2.89029
533.2,-2.58514
298.0,-6.4572
323.0,-6.12406
373.0,-5.24888
423.0,-3.88963
473.0,-2.89311
305.11,-1.27071
310.75,-1.22029
316.8,-1.17427
326.83,-1.10071
333.85,-1.04296
340.55,-1.00972
346.05,-0.96627
351.6,-0.93841
358.14,-0.9018
369.45,-0.84511
298.15,-1.1350747656091
298.15,-0.939596159355037
298.15,-0.653353339293784
298.15,-0.70906971409327
298.15,-0.621708728148482
298.15,-0.600610357778858
298.15,-0.495792203491257
298.15,-0.654591643752229
313.15,-1.15552011110427
288.15,-1.7630821410807
298.15,-1.38943496500197
323.15,-1.24558471265391
313.15,-1.40105205530663
298.15,-1.46448526429402
293.15,-1.08876121844517
293.15,-1.49633564398116
303.15,-1.31753677191653
303.15,-1.57532061000845
298.15,-1.62463328424958
303.15,-1.29507149198404
288.15,-1.30468960057971
323.15,-0.949755828093003
278.15,-1.72333815013963
293.15,-1.7094701112567
283.15,-1.2389284095371
303.15,-1.375194289498
298.15,-1.4193367850072
298.15,-1.72893366471679
303.15,-0.922072521578624
323.15,-1.17724649805903
303.15,-1.53014471509665
313.15,-0.727321099821243
298.15,-1.00736202353699
318.15,-0.984413950581014
283.15,-1.72736582637489
278.15,-2.31926828676098
283.15,-1.67818783696473
278.15,-1.77629018106174
313.15,-1.08990504614938
293.15,-1.58060941854504
313.15,-1.35007053256078
283.15,-1.39849942085009
308.15,-0.823066648344419
298.15,-1.87124357817784
308.15,-1.58244213644961
293.15,-1.80303075200281
303.15,-1.75401638786722
298.15,-1.65414196393473
288.15,-1.16857348937973
323.15,-0.875341730262789
293.15,-2.03774265889098
278.15,-1.92686437924842
283.15,-1.97206544804948
323.15,-1.24218792299811
283.15,-2.21517702683453
288.15,-1.82531336684249
308.15,-1.57441391323889
318.15,-0.957340162361221
313.15,-0.961162568981992
303.15,-1.65765141307765
318.15,-0.620307025951653
308.15,-1.42012719395923
278.15,-1.91714007420241
313.15,-1.06562365154124
283.15,-1.88139811825037
288.15,-1.75810181714835
308.15,-1.16447903371897
318.15,-1.07051899082298
288.15,-1.6457653798491
323.15,-0.508742426499779
313.15,-1.4683994709488
313.15,-1.48898545900066
323.15,-0.810949530133915
288.15,-1.57603766208152
278.15,-1.77266014857406
293.15,-1.72238299976166
323.15,-0.844689467732754
293.15,-1.54021049695766
318.15,-1.41149879411904
298.15,-1.20020558664491
308.15,-1.25311789700589
308.15,-1.47775873637146
283.15,-1.87704695543106
318.15,-1.2591862901735
318.15,-1.31719920828777
283.15,-1.71838036917938
278.15,-2.05090590756942
293.15,-1.27627291907916
278.15,-1.29336152656276
308.15,-1.19212369972535
308.15,-1.02970364157427
318.15,-1.38971721790377
323.15,-1.33574248957129
288.15,-2.10217117698609
303.15,-1.12423534241647
318.15,-0.885757327031568
288.15,-1.61584942888816
278.15,-1.4377688719487
283.15,-2.66535073279379
288.15,-2.63630349693536
293.15,-2.55823416625764
298.15,-2.54439145913963
303.15,-2.40608778752658
308.15,-2.32452285031939
313.15,-2.24112759685841
318.15,-2.20436263436363
283.15,-2.31484431504174
323.15,-2.13222477980176
283.15,-2.34583542138999
283.15,-2.46895309912621
288.15,-2.18718882807792
288.15,-2.26891941907879
288.15,-2.38115992152365
283.15,-2.07751629706921
293.15,-2.11823755528691
298.15,-2.09710738672466
293.15,-2.18526107003379
293.15,-2.30949554878074
283.15,-2.0336025944872
298.15,-2.14147113599007
288.15,-2.01040121721616
298.15,-2.26042438696864
303.15,-2.02878222188207
288.15,-1.99841114231882
293.15,-1.96433257056148
308.15,-1.99718159733413
303.15,-2.07917105207304
303.15,-2.18014572530666
293.15,-1.93317279210182
313.15,-1.95773781889513
283.15,-2.00445054191654
298.15,-1.89778920083824
318.15,-1.93964077655955
298.15,-1.90474777352598
308.15,-2.01806241882033
308.15,-2.13868666290379
288.15,-1.94686071392323
303.15,-1.85113935162861
313.15,-1.96291413737781
313.15,-2.07382146044263
318.15,-1.94121627097326
323.15,-1.85310660488576
303.15,-1.81575156134423
308.15,-1.7975218187929
283.15,-1.86838409395706
318.15,-2.04797233814148
293.15,-1.87332621351126
323.15,-1.90550190194886
283.15,-1.65349265070271
283.15,-1.47853649264198
308.15,-1.75605166837108
323.15,-2.00020802510533
288.15,-1.81171748263004
283.15,-1.73092598053188
313.15,-1.73331498602845
288.15,-1.61593856022703
288.15,-1.45203278640725
298.15,-1.80649820609887
288.15,-1.69957460442034
293.15,-1.771316757689
318.15,-1.69663442804369
293.15,-1.58032522370419
293.15,-1.40738178324935
313.15,-1.68920709867159
283.15,-1.7523630420948
298.15,-1.74600591198983
298.15,-1.55597656813717
298.15,-1.38464248903881
293.15,-1.63553846390216
323.15,-1.64566384786908
303.15,-1.72283892608146
288.15,-1.70220790211741
298.15,-1.61621290537906
318.15,-1.6351576499176
303.15,-1.68646976189899
303.15,-1.48636191147914
293.15,-1.6746882374013
323.15,-1.60057991543986
308.15,-1.66479028996225
308.15,-1.63891098209461
303.15,-1.28672818975433
308.15,-1.44396611858284
303.15,-1.53944956605453
308.15,-1.2724304099335
298.15,-1.61799458785702
313.15,-1.61480377173126
313.15,-1.61024607424162
313.15,-1.40543212643125
318.15,-1.58389481359588
313.15,-1.22836132986453
308.15,-1.48839292942769
323.15,-1.57017501404746
318.15,-1.5628944905161
303.15,-1.53937111138838
318.15,-1.34120866490877
313.15,-1.44278121849534
318.15,-1.17360170622997
308.15,-1.50365179940009
323.15,-1.50885076826891
323.15,-1.31248499785744
323.15,-1.14284618429425
318.15,-1.40214447773942
313.15,-1.44114537902187
323.15,-1.34488491508698
318.15,-1.40172486123565
323.15,-1.35342344654106
283.15,-3.61991924985438
283.15,-3.37140885777574
283.15,-3.62307535318814
293.15,-3.24163126058574
283.15,-3.30991688668013
303.15,-3.04423061088523
288.15,-3.09132897204542
283.15,-2.86126969698873
293.15,-3.05060636575925
313.15,-2.89882241736206
293.15,-3.13299515030079
293.15,-2.73746173943144
283.15,-2.80697727566365
323.15,-2.77873176243687
303.15,-2.89687770009555
303.15,-2.56245499738511
293.15,-2.66900152554751
313.15,-2.78934725764447
293.15,-2.674678849193
303.15,-2.79736308822553
303.15,-2.51537367324747
283.15,-2.60418381425016
323.15,-2.61948945689392
298.15,-2.48203274000211
313.15,-2.29693177049395
313.15,-2.37053531145453
303.15,-2.34227937053439
313.15,-2.52912378886368
293.15,-2.39108193117982
323.15,-2.12412975604958
323.15,-2.24156426332684
288.15,-2.38310808845225
293.15,-2.34536171714333
323.15,-2.33491664974091
303.15,-2.25643739556641
303.15,-2.14133341335775
313.15,-2.16963620121021
323.15,-2.09488717862227
313.15,-1.74824148239746
283.15,-0.782913999725349
323.15,-1.34754858661108
293.15,-0.670871323708548
303.15,-0.554613861384851
313.15,-0.463831032585177
323.15,-0.36926418957292
288.15,-1.86477316454634
288.15,-1.80564922053623
293.15,-1.79911550751695
293.15,-1.74980627503369
288.15,-1.63527024379601
298.15,-1.72644705859212
288.15,-1.42932536526692
293.15,-1.58922263891005
298.15,-1.69155673801993
293.15,-1.36868258561096
298.15,-1.52404292317765
303.15,-1.64186863920502
303.15,-1.6187084410226
288.15,-1.79830192955486
303.15,-1.46557332168295
298.15,-1.29669025488286
293.15,-1.7518888946113
308.15,-1.56146237604902
308.15,-1.55502503746433
288.15,-1.69736476541123
298.15,-1.6992433538915
308.15,-1.39326612647736
303.15,-1.22487964966064
313.15,-1.48336248112992
293.15,-1.65384639153779
303.15,-1.66335401071544
313.15,-1.46815106918377
313.15,-1.33148059099527
298.15,-1.60628757605299
318.15,-1.41930334427381
308.15,-1.61066164057986
308.15,-1.14322063558372
288.15,-1.23696558873329
318.15,-1.39464640590749
303.15,-1.56309136738387
288.15,-1.48156821431148
313.15,-1.56740201569939
318.15,-1.26261071897453
293.15,-1.19868404253331
323.15,-1.35261845366692
308.15,-1.52229979112829
293.15,-1.44228484013438
313.15,-1.06601028481953
318.15,-1.52533528450534
298.15,-1.14337671073152
323.15,-1.3174625185532
323.15,-1.20025441338477
298.15,-1.39766840219712
328.15,-1.29224967531649
313.15,-1.47414095897526
323.15,-1.48618551605135
288.15,-1.27892291363537
318.15,-0.990435229877908
303.15,-1.08994992363219
328.15,-1.45025890412914
303.15,-1.35691118380285
318.15,-1.43583674329124
328.15,-1.14235146002648
328.15,-1.24008419908209
293.15,-1.23386746935242
323.15,-1.39642544043195
308.15,-1.31406234584077
308.15,-1.04103647303847
323.15,-0.915103488600131
298.15,-1.18554127214449
313.15,-1.27263350444507
328.15,-1.350929755037
313.15,-0.985911647824319
303.15,-1.1479787695701
318.15,-1.23751938558035
328.15,-0.840290029751034
318.15,-0.936772190654432
308.15,-1.10750622085509
323.15,-1.20170798945243
328.15,-1.16709965753734
313.15,-1.06417689870762
323.15,-0.882168016782384
288.15,-1.075867050959
318.15,-1.03062066913134
288.15,-0.959064623531647
328.15,-0.836707964962664
293.15,-1.04239841075632
288.15,-1.00001151443012
323.15,-0.992623861943429
293.15,-0.920404657032467
298.15,-1.00643614299152
328.15,-0.950031322147334
293.15,-0.950582797145207
303.15,-0.969254011427695
298.15,-0.880504951965282
308.15,-0.927558917214606
298.15,-0.899112607916717
303.15,-0.829757690724482
313.15,-0.889624254738671
303.15,-0.855156231554414
308.15,-0.784072318225342
318.15,-0.850690696369837
308.15,-0.806602930251915
313.15,-0.742287498474035
323.15,-0.817895840814772
313.15,-0.767760267042997
318.15,-0.700839818195458
328.15,-0.781394381679741
318.15,-0.72628288097334
323.15,-0.658416217656374
323.15,-0.685025066398227
328.15,-0.61521007234211
328.15,-0.642911235315117
288.15,-7.90589315772544
278.15,-8.10753852125351
298.15,-7.71436230237753
308.15,-7.51901217090819
318.15,-7.30383316639748
298.15,-1.77859793493947
298.15,-1.58830276861352
298.15,-1.2398948592157
298.15,-1.26056341566539
298.15,-1.17800110414326
298.15,-1.2790175255819
298.15,-1.17083077693906
298.15,-1.29561480328729
298.15,-0.706762869193395
298.15,-1.05607761077792
298.15,-0.968887846829912
298.15,-1.16783776447674
298.15,-0.832950781909257
298.15,-0.948833059108518
298.15,-1.01086904225095
298.15,-1.07880568489075
298.15,-1.06180946816581
298.15,-1.2055357014793
298.15,-1.01834657960557
298.15,-1.11335255243131
298.15,-1.26714727336051
298.15,-1.07203166121094
298.15,-1.1172637720747
298.15,-0.828568771907765
298.15,-0.891759379600879
298.15,-0.815418586453576
298.15,-0.767175443970284
298.15,-0.290139590610922
298.15,-0.074381141477812
298.15,0.199012392557808
298.15,0.435433116480826
298.15,0.444674008550486
298.15,0.599003680061826
298.15,0.20230732769256
298.15,0.190079193800839
298.15,0.193593497268933
298.15,0.342812161679311
298.15,0.204671267589425
298.15,0.325095113549528
298.15,0.315949056334882
298.15,0.193335649219621
298.15,0.19688229743557
298.15,0.16061538990602
298.15,0.737614243265202
298.15,-1.57250161353802
298.15,-1.47821978280656
298.15,-1.29226601812252
298.15,-1.52096309302223
298.15,-1.29313412983873
298.15,-1.23375241046574
313.0,-3.41884527026362
318.0,-3.32708656815123
323.0,-3.20387376980832
328.0,-3.07419776103966
333.0,-2.95005813052513
338.0,-2.84485832678166
343.0,-2.72388285448104
348.0,-2.63218144607935
298.0,-3.55111981497299
298.0,-3.51635770871378
308.0,-3.29450895909742
323.0,-3.02824106969265
338.0,-2.78520302100636
313.2,-3.29990027101638
333.2,-2.97511064289645
353.2,-2.65418909143032
363.2,-2.48626177472406
313.2,-4.9224857873448
333.2,-4.4473427658684
343.2,-4.22001602176879
353.2,-3.98024619071407
363.2,-3.75635634389071
298.0,-2.95579348948598
323.0,-1.35734601050425
348.0,-0.798110466209489
313.2,-5.8041
333.2,-5.50552
353.2,-5.11271
373.2,-4.66485
393.2,-4.24875
413.2,-3.79145
433.2,-3.28102
453.2,-2.91337
473.2,-2.50377
493.2,-2.10201
313.0,-5.18707
333.0,-4.77049
353.0,-4.32406
373.0,-3.92783
393.0,-3.47721
413.0,-2.99712
433.0,-2.56174
453.0,-2.18083
323.0,-6.1816
373.0,-4.85921
423.0,-3.28083
473.0,-1.9847
298.15,-4.44311
298.15,-3.98171
313.0,-4.51859
333.0,-4.05385
353.0,-3.64687
373.0,-3.24887
393.0,-2.69059
413.0,-2.36639
433.0,-1.89548
453.0,-1.38554
473.0,-1.05801
298.0,-8.05242
298.0,-7.58444
298.0,-7.4572
323.0,-7.26078
373.0,-6.16024
423.0,-4.51972
473.0,-3.12259
498.0,-2.4557
313.2,-6.37985
333.2,-5.95542
353.2,-5.48845
373.2,-5.02159
393.2,-4.56519
413.2,-4.0459
433.2,-3.54029
453.2,-3.05363
473.2,-2.54975
493.2,-2.09191
513.2,-1.61332
